:020000040000fa
:0200000400807a
:045f8800ffff000017
:020000040000fa
:0200000400807a
:045f8c0000400e843f
:020000040000fa
:0200000400807a
:045f900038fc745f06
:020000040000fa
:0200000400807a
:045f94003b44101466
:020000040000fa
:0200000400807a
:045f98000b00007189
:020000040000fa
:0200000400807a
:045f9c000000000001
:020000040000fa
:0200000400807a
:045fbc0000000010d1
:020000040000fa
:020000040100f9
:10020000f07f012085c60201353204013932040134
:10021000413204014532040149320401000000006a
:1002200000000000000000000000000061f0030179
:100230003d3204010000000011220301d1d6030168
:1002400079e303012f4901012f490101291e04010e
:100250002f4901012f4901012f4901012f490101b6
:100260002f4901012f4901012f4901012f490101a6
:10027000015e03012f4901012f4901012f490101ad
:100280002f490101a1e303012f4901012f49010178
:100290002f4901012f4901012f4901012f49010176
:1002a0002f4901012f4901012f4901012f49010166
:1002b0002f4901012f490101196401012f49010151
:1002c0002f490101e91504012f4901012f490101bd
:1002d0002f4901012f4901012f4901012f49010136
:0c02e0002f490101000000002f4901011e
:020000040000fa
:020000040100f9
:1002ec0000080001140800200000000000000000bd
:1002fc000b080e00250b0020000000000000000081
:10030c000a080a001b0b002000000000000000007f
:10031c0004081300480a0020000000000000000040
:10032c00060804007f0a0020000000000000000006
:10033c0002082800140a0020000000000000000041
:10034c0003080c003c0a0020000000000000000024
:10035c00010800011409002000000000000000004a
:10036c00050824005b0a00200000000000000000cb
:10037c0008081400030b002000000000000000001f
:10038c0007088000830a0020000000000000000025
:10039c0009080400170b00200000000000000000fa
:1003ac0008b10181b0b000840000000008b10181e7
:1003bc00b0b000840000000008b10181b0b000842e
:1003cc000000000008b10181b0b000840000000002
:1003dc0084010181b00eb100000000008402018193
:1003ec00b00cb10000000000850d0100b0b0a800f9
:1003fc00ffff010008b10181b0b0008400000000d3
:10040c0008b10181b0b000840000000008b1018186
:10041c00b0b000840000000008b10181b0b00084cd
:10042c0000000000490d0100b0b0a800ffff010062
:10043c0008b10181b0b0008400000000310d010052
:10044c00b0b0a800ffff010008b10181b0b000847a
:10045c000000000008b10181b0b000840000000071
:10046c0008b10181b0b0008400000000010d010052
:10047c00b0b0a800ffff010008b10181b0b000844a
:10048c000000000008b10181b0b000840000000041
:10049c0008b10181b0b000840000000008b10181f6
:1004ac00b0b0008400000000c50c0100a908b10028
:1004bc00ffff010f120a000022c603f20300f8032b
:1004cc0004000000a90c0100ac3f2100ffff010f4c
:1004dc00100400004c9e01fe010084020400000088
:1004ec008d0c0100ac3f2500ffff010f1204000032
:1004fc00468c01fe010084020400000008b1018159
:10050c00b0b000840000000008b10181b0b00084dc
:10051c0000000000ddb20181b0b0aa0100000000b3
:10052c004d0c0100ae3f0300ffff010e180400004c
:10053c007024a00100a601040000000008b1018194
:10054c00b0b0008400000000250c0100b0ad0c0020
:10055c00ffff01106c04ac0100960114ac0100b457
:10056c0001040000090c0100b0ad0400ffff0110f4
:10057c003630fe01009c0158fe010086020400008a
:10058c00ed0b0100b0ae0f00ffff012b168a01002e
:10059c0000cc0128c80500820204b40500b802781a
:1005ac000000d00304ca0500f0033c0000d404365c
:1005bc000000c40504000000b50b0100b0aa010046
:1005cc00ffff01100c100000240442003404000052
:1005dc004a040000990b0100b0ab3e00ffff010f75
:1005ec000a04000030c601f80100fe0104000000fe
:1005fc007d0b0100b0ab2e00ffff011114c801ca26
:10060c000200f40154ca0200d202040000000000ef
:10061c0008b10181b0b000840000000008b1018174
:10062c00b0b0008400000000450b0100af3f240077
:10063c00ffff010f1604000040ba018c0200920269
:10064c0004000000290b0100b0aa0900ffff010cf7
:10065c000c0400001c244a005004000008b1018165
:10066c00b0b000840000000008b10181b0b000847b
:10067c0000000000f90a0100b0a80100ffff01080a
:10068c002404380040040000e50a0100b0ab30003f
:10069c00ffff010e120400001a569201009801048b
:1006ac000000000008b10181b0b00084000000001f
:1006bc00bd0a0100b0af1000ff101901111ecc04cf
:1006cc000000fe04048205019e058001000001006b
:1006dc0000000000990a0100a908b100ffff010009
:1006ec008d0a01008408b101b0b0b000ff101901ef
:1006fc000c020608010c0410051c0a000001007f06
:10070c0000007d00000000000000000008b1018125
:10071c00b0b000840000000008b10181b0b00084ca
:10072c0000000000490a0100b0af0200ff101d01db
:10073c0014222226017a0a8401008c01040000a2f2
:10074c0001248401000100000000000008b10181b7
:10075c00b0b000840000000008b10181b0b000848a
:10076c0000000000f8b500bff8bc08bc9e467047fe
:10077c005586030159e50301f8b500bff8bc08bc68
:08078c009e467047318603010f
:020000040000fa
:020000040100f9
:1007940060670000010000006067000001000000c5
:1007a4005c670000010000006667000001000000b3
:1007b400be67000001000000dc670000b0a90280f1
:1007c40068680000b0b0a880ae68000001000000b6
:1007d400a8680000b0b0aa80da680000ae71b280e8
:1007e4007a6900000100000076690000aa3f3780a2
:1007f400ba69000001000000c6690000b0b0aa8018
:10080400fe69000001000000046a0000010000000d
:10081400fe69000001000000026a000001000000ff
:10082400246a000001000000346a00000100000096
:10083400566a000001000000666a0000aa0db2803a
:10084400be6a0000b0af0680186d00000100000011
:10085400146d000001000000106d00000100000094
:100864000c6d0000ac3f0180c8ef0000b0ae0b80ff
:1008740054f70000b0af1a80c0050100b0ab088087
:10088400f408010034feff7f20150100fcfcff7f0b
:1008940008180100010000002e18010000840480e3
:1008a4003e180100010000003a180100b0ad0480b8
:1008b400761a0100b0a80380981a010098feff7f01
:1008c4009a1a01009cfeff7fa41a01000100000097
:1008d400a21a0100010000002c200100b0af0a8020
:1008e400e02201000100000094250100b0ab188053
:1008f400c02a0100b0ac0180402d0100b0af1880c7
:10090400bc2f0100af16b28034320100af0cb280ac
:100914009c340100b0af0680f0360100b0ac0d800d
:100924000c400100b0ae0f806c440100b0af1880e1
:1009340094480100b0ac0d80f054010074fbff7fbb
:10094400e0580100b0aa0180a85e0100b0ab0a80a3
:1009540088600100b0ad0280986b0100b0af1080d8
:10096400186f0100b0ac0380907201000100000018
:1009740044740100b0ad0480f8750100b0aa07808a
:10098400247b0100b0af0880d0810100b0b0ae80fc
:1009940068830100b0a9128000850100b0ab128009
:1009a40098860100b0ac01802c880100b0aa1580a3
:1009b400e88c0100b0af1080708e0100b0ae0980e9
:1009c400f88f0100b0ae078010930100b0af028031
:1009d40094940100b0b0ae8018960100ad3f14802d
:1009e40094970100b0af0a8008990100b0ab06806b
:1009f400ec9e0100b0af02803ca30100b0ac0180ca
:100a0400a0a40100ab08b18004a60100ecfbff7fa9
:100a140068a70100b0ab0680cca80100b0ab108081
:100a240094ab0100b0ae1780b4af0100b0aa078048
:100a340008b10100b0aa0f80b8b30100af06b280bc
:100a440050ba0100aa61b28024be0100b0aa0d8090
:100a540060bf0100b0ad0880acc50100b0ad0a8034
:100a64001cc80100b0b0aa806cd00100af06b280ef
:100a74008cd10100ad08b180fcd40100b0ae078078
:100a840018d60100b0ab1a80c2db010001000000df
:100a9400bcdb0100ad04b280d4dc0100b0b0ae8098
:100aa400ecdd0100b0ac038004df0100b0af0480d2
:100ab4001ce00100b0a9048034e10100b0ae038061
:100ac4004ce20100b0ad028084e40100b0ae0580c8
:100ad40098e501005cfbff7face60100ab08b18048
:100ae40014eb01000100000084f00100b0ac0580ab
:100af40090f1010078faff7f9cf20100b0ab048012
:100b0400d8f60100b0ac1d80dcf70100b0aa038068
:100b1400e0f80100b0a90280f0fa0100b0f9ff7f0b
:100b2400f0fb0100c4f9ff7ff0fc0100b0faff7f85
:100b340004010200b0ad0c80fc010200b0ad0480e1
:100b4400f4020200ab3f0280ec090200a908b18064
:100b5400e00a0200b0ab0480d40b0200b0af1080f6
:100b6400c80c02005f840e80a0110200b0ac0180aa
:100b74008c120200ac3f358078130200b0b0ac8018
:100b840058150200b0ac2d8040160200b0ad0680ae
:100b940028170200b0ab0680e01a0200a908b18051
:100ba400c41b0200a908b180a81c0200b0ab0480d9
:100bb40028210200b0ac018004220200b0ad028002
:100bc400e0220200b0aa0b8068260200b0ab0c80c1
:100bd40040270200b0ab1e8018280200b0ab04808e
:100be400f0280200b0aa0780c8290200b0ac018036
:100bf4009c2a0200b0aa0380702b0200b0a90480d2
:100c0400442c0200b0ad0c80d02e0200b0aa0980a2
:100c14007830020018fbff7f48310200b0ab02803d
:100c240014320200b0b0aa8030360200b0aa0580a7
:100c3400f8360200b0b0ac80303a0200b0ac0b80a1
:100c4400f43a0200b0ac058050410200b0b0aa8072
:100c540010420200b0ad1080d0420200b0ab0c8054
:100c640090430200b0ac078050440200b0ab028055
:100c7400d8450200b0b0ac8094460200b0aa1b80f4
:100c8400604a0200b0ad0280184b0200b0ac0b8089
:100c9400d04b0200b0ad0a80884c0200b0ac0b808f
:100ca400404d0200b0b0aa80f84d0200b0ab0880fd
:100cb40070520200a93f0c8024530200010000007e
:100cc400745a0200b0ac0180285b020084f8ff7ff4
:100cd400d85b0200b0ae0580885c0200ac01b28033
:100ce400605f0200b0aa03800c6002003cf8ff7f42
:100cf400b8600200b0aa018064610200b0ab028057
:100d040010620200b0aa1d80bc6202000100000053
:100d140054680200b0ab0280fc680200a908b180ec
:100d2400a4690200b0b0a8804c6a0200b0a9068091
:100d3400046d020001000000a86d0200b0ab048045
:100d44004c6e0200b0ac0d80f06e0200b0b0aa8010
:100d540040700200b0aa0780e0700200b0aa1380bd
:100d640080710200b0ab088020720200b0ac018038
:100d7400c072020001000000607302000100000064
:100d840000740200b0ac0980a0740200b0af068009
:100d940040750200b0ab0a80787a0200a93f028055
:100da400a47d0200b0a902803c7e0200b0ac0180a8
:100db400d47e0200010000006c7f0200b0aa09800a
:100dc40004800200ab08b1809c800200b0ad0c80ae
:100dd40034810200b0b0aa806c820200b0ad0480fd
:100de40004830200010000009c830200b0a801807b
:100df400348402009cf8ff7f2c890200b0ad04808b
:100e0400c0890200b0aa0180548a0200b0ac0180fb
:100e1400e88a0200b0ab0280188c0200b0ab0280fa
:100e2400ac8c0200b0ab0a80408d0200a908b180ee
:100e3400d48d0200b0ab0c8074910200b0ab04807e
:100e440004920200ab08b1802c930200b0ac058080
:100e5400bc930200b0ab06804c940200b0b0aa80f0
:100e6400dc940200a908b1806c950200b0ab0c8040
:100e7400fc950200b0a902804c9b0200ac03b28036
:100e8400d89b0200b0aa0380649c0200b0ab02802d
:100e9400f09c0200b0b0ac807c9d0200b0ab088036
:100ea400089e0200ad08b180949e0200b0a90280a1
:100eb400209f0200b0ab028068a10200b0a80180ac
:100ec400f0a10200b0ac0f8078a20200b0b0aa80fa
:100ed40000a30200b0b0aa8088a30200b0ac0580d1
:100ee40010a40200b0b0a88088a80200b0b0ac8002
:100ef4000ca90200b0aa0b8090a902000100000016
:100f040014aa0200b0ab048098aa0200b0ab168009
:100f14001cab0200b0a9048070af0200b0b0aa807c
:100f2400f0af0200b0b0aa8070b00200b0b0aa80e6
:100f3400f0b00200b0b0aa8070b10200b0b0ac80d2
:100f4400f0b10200b0ac0f8070b20200b0ab1280fe
:100f5400f0b20200ab08b18070b30200b0aa058001
:100f6400f0b30200b0b0ac8070b40200b0aa01804b
:100f7400f0b40200b0a90680a0b80200b0ab0280b1
:100f8400a4b90200b0ac058020ba0200b0ab048062
:100f94009cba0200ad08b18018bb0200b0b0aa80b0
:100fa40094bb02000100000010bc0200b0b0aa8093
:100fb4008cbc0200b0ab068008bd0200b0af068056
:100fc40084bd0200b0b0ac8000be0200b0ac0380af
:100fd4007cbe0200b0b0ac80f8be0200b0ae0180ae
:100fe40074bf0200b0b0a88094c4020001000000e5
:100ff4000cc50200b0a9028084c50200b0a801801b
:10100400fcc50200b0ab028074c60200b0ac018023
:101014006cca0200b0aa0780e0ca0200b0b0ac807b
:1010240054cb0200ab08b180c8cb0200b0aa038045
:101034003ccc0200b0ac0780b0cc0200b0ab148052
:1010440024cd0200b0ac0b8098cd0200b0aa0f8072
:101054000cce02000100000080ce0200b0ab06807e
:10106400f4ce0200b0ad068068cf0200ab08b180b8
:1010740044d20200b0b0ac80b4d20200b0a9028065
:1010840024d30200b0ab028094d30200ab08b18039
:1010940004d40200b0ab048074d40200b0ac01806c
:1010a400e4d40200b0b0ac8054d50200b0a90680ec
:1010b400c4d50200b0aa018034d60200b0b0aa8020
:1010c400a4d60200b0aa038014d70200a908b180f4
:1010d40084d70200a908b180f4d70200b0b0a88078
:1010e4009cdc0200b0ab048008dd0200b0b0aa8032
:1010f40074dd0200b0a90280e0dd0200b0aa07801e
:101104004cde0200b0b0ac80b8de0200a908b180a9
:1011140024df0200b0b0a88090df0200ab3f028061
:10112400fcdf0200b0ac038068e00200ad12b280c4
:10113400d4e00200b0ac01803ce6020001000000f3
:101144001ae702000100000014e70200ad08b180b4
:101154007ce70200b0aa0b80e4e70200b0ac0d808b
:101164004ce80200b0a91080b4e8020001000000bd
:101174001ce90200b0b0a88084e90200b0ac03808e
:10118400ece90200aa3f038054ea0200ad08b180f2
:10119400bcea0200ab08b18024eb0200b0ac0180d1
:1011a4008ceb0200b0ac038064ec0200b0b0aa8007
:1011b400ccec0200a908b18034ed0200ab08b18088
:1011c4009ced0200a908b18004ee0200ad08b180d4
:1011d4008cf40200b0b0a880f4f40200b0a902803c
:1011e40058f5020001000000bcf50200b0b0a88070
:1011f40020f60200b0b0ac8084f60200a908b180e9
:10120400e8f60200010000004cf7020001000000b3
:10121400b0f70200ab08b18014f80200b0ab048050
:1012240078f80200b0ad0480dcf80200ab08b180ad
:1012340040f90200b0aa158010fa0200b0b0aa80ea
:10124400fcfc0200b0a902805cfd02000100000069
:10125400bcfd0200010000001cfe0200b0b0aa8028
:101264007cfe0200a908b180dcfe0200010000003f
:101274003cff0200b0a906809cff0200b0a90680d2
:10128400fcff0200010000005c000300b0aa09801a
:10129400bc000300b0ab08801c010300b0a914809b
:1012a4007c010300b0b0a880dc010300b0aa09806f
:1012b4003c020300b0b0ac809c020300b0a80380e1
:1012c400fc020300b0b0a8805c030300010000002e
:1012d400bc030300a908b1801c040300b0ac058062
:1012e4005407030001000000b4070300b0b0aa8053
:1012f40010080300b0b0aa806c080300b0b0ac8042
:101304002c090300b0aa058088090300b0b0aa80a4
:10131400e409030001000000400a0300b0aa0180b0
:101324009c0a0300b0aa0180f80a0300b0a90a804d
:10133400540b0300ac01b280b00b0300b0b0aa8020
:10134400940f0300b0ac1180ec0f0300b0b0aa807e
:1013540044100300b0ac03809c100300b0aa0780c3
:10136400f4100300a908b1804c110300b0b0a880a8
:10137400a4110300b0b0aa80fc110300a908b18035
:1013840054120300a908b180ac1203000084028047
:101394000413030088f1ff7f5c13030001000000c5
:1013a400b4130300b0aa03800c1403000084048067
:1013b40064140300b0aa0380bc140300a908b1801c
:1013c40014150300b0a801806c150300b0b0aa8006
:1013d400c4150300b0a902807c1c0300b0aa0180dc
:1013e400d41c0300a908b180281d0300a908b180fa
:1013f4007c1d0300b0b0aa80d01d0300b0a90280f8
:10140400241e0300b0b0aa80781e0300a908b1808e
:10141400cc1e0300b0ab02805c220300b0aa118092
:10142400ac220300b0ab0280fc220300b0a902800e
:101434004c230300010000009c230300b0a9068094
:10144400ec230300b0ab06803c240300ab08b1805e
:101454008c240300b0a90280dc240300b0b0a8806f
:101464002c250300010000007c250300b0aa0180a4
:10147400cc250300b0aa01801c260300a908b18072
:101484006c260300b0ac0180bc260300b0a9068022
:101494000c270300b0aa11805c27030001000000a0
:1014a400ac270300a908b180fc270300b0b0a880d2
:1014b4004c280300b0a90a809c280300b0b0a8807f
:1014c400ec280300010000003c29030080f1ff7fa9
:1014d4008c29030001000000dc290300a908b18065
:1014e4002c2a0300b0b0a8807c2a0300b0b0aa80e4
:1014f400cc2a0300b0aa01801c2b0300b0ab0280ed
:101504006c2b0300b0b0a880bc2b0300a908b180e9
:10151400dc30030001000000303203000100000051
:101524007c32030001000000c83203000100000007
:10153400143303000100000060330300b0b0ac803a
:10154400ac330300b0b0ac80f833030001000000fa
:1015540044340300b0ab0280e4340300b0b0ac8088
:1015640030350300010000007c350300b0b0aa80d0
:10157400c8350300ab08b18014360300b0aa038059
:10158400483c030058f1ff7fe43c030001000000e5
:101594002c3d0300b0b0a880743d0300010000009e
:1015a400bc3d030001000000043e030001000000f4
:1015b4004c3e0300a908b180943e030001000000e2
:1015c400dc3e030001000000243f0300b0a90a80b0
:1015d4006c3f0300a93f0280b43f030001000000f8
:1015e400fc3f03000100000044400300d4efff7ff0
:1015f4008c400300b0a922802441030001000000b4
:101604006c410300b0b0a880b441030001000000a5
:10161400fc410300b0a80180644a0300b0b0aa8072
:10162400a84a0300b0b0aa80ec4a0300b0ab028021
:10163400304b0300b0a90280744b0300010000008a
:10164400b84b030000840280fc4b0300b0b0aa80b6
:10165400404c030001000000844c0300b0aa0f803a
:10166400c84c0300a908b1800c4d0300b0aa018046
:10167400504d0300a908b180944d0300b0b0aa8076
:10168400d84d0300b0b0a8801c4e0300a908b18057
:10169400604e0300ab08b180a44e0300b0a90280e1
:1016a400e84e0300b0b0aa802c4f0300b0b0aa806b
:1016b4002c540300a908b180b454030001000000b5
:1016c400f4540300af08b180345503000100000056
:1016d40074550300b0a90480b45503000100000050
:1016e400f4550300a908b18034560300b0b0a880b3
:1016f40074560300b0b0a880b4560300a908b180a2
:101704008457030001000000c4570300b0a80380fd
:1017140004580300b0aa038044580300b0ab1880f7
:1017240084580300b0aa07800c590300b0b0aa8003
:101734004c590300a908b1808c590300b0aa018058
:10174400cc590300010000000c5a0300b0ab028026
:101754004c5a0300b0aa03808c5a0300a908b18034
:10176400cc5a0300010000000c5b0300b0ab028004
:101774004c5b030008efff7f8c5b0300b0a9028081
:10178400cc5b0300b0b0a8800c5c0300b0a803805d
:101794003c600300010000007c60030010efff7f49
:1017a40044610300a908b18080610300b0b0aa803d
:1017b400bc610300b0b0aa80f8610300b0ab048040
:1017c40034620300b0b0a88070620300010000001e
:1017d400ac620300b0a90680e8620300a908b180e6
:1017e40024630300010000006063030001000000a3
:1017f4009c630300a908b180d8630300b0b0aa8039
:10180400146403000100000050640300a908b180bf
:101814008c640300b0b0aa80c8640300a908b18036
:1018240004650300a908b18040650300b0b0a88036
:101834007c650300ab08b180b8650300b0ae0380db
:10184400f4650300b0ab0c8030660300b0ab0c80d1
:101854006c660300a908b180a8660300b0b0aa8032
:10186400e4660300b0b0aa8020670300b0b0a8808b
:101874005c670300b0a80980e86c0300b0b0a880de
:101884002c6e0300b0b0aa80646e0300b0b0aa80ce
:101894009c6e030001000000d46e0300ab08b1800d
:1018a4000c6f0300a908b180446f0300010000001d
:1018b4007c6f030001000000b46f0300b0b0a88087
:1018c400ec6f0300a908b18024700300b0b0a880b5
:1018d4005c700300b0a8098094700300b0b0a880c5
:1018e400cc700300b0b0a88004710300b0b0aa802b
:1018f4003c710300b0b0a88074710300b0b0a8803c
:10190400ac71030001000000e4710300ab08b18076
:101914001c720300b0ab108054720300b0a9128093
:101924008c720300a908b180c4720300b0b0aa800d
:10193400fc720300b0b0a8803473030001000000ff
:101944006c730300ab08b180a4730300ab06b280d0
:10195400dc730300b0ab028014740300a908b180e7
:101964004c740300b0a9028084740300a908b180f8
:10197400b87b0300ab08b180ec7b0300b0a8018006
:10198400207c030001000000547c0300b0ab048001
:10199400887c0300b0ab0480bc7c03000100000021
:1019a400f07c030001000000247d0300010000001e
:1019b400587d0300010000008c7d0300010000003d
:1019c400c07d030001000000f47d0300a93f0280f4
:1019d400647e0300b0a80180987e0300a908b1804a
:1019e400cc7e0300b0b0aa80007f0300b0b0aa8010
:1019f400347f0300a908b180687f0300b0a9028086
:101a04009c7f0300b0b0aa80d07f0300b0a91080ef
:101a1400048003000100000038800300b0b0aa80f5
:101a24006c800300b0a90280a0800300a908b180e3
:101a3400d4800300b0a9068008810300a908b180fe
:101a44003c810300b0a801807081030000840680fb
:101a5400a481030001000000d8810300b0a9028022
:101a64000c8203000100000040820300b0b0a88093
:101a740074820300b0b0a880a8820300a908b180d2
:101a8400dc820300b0a9028010830300b0aa0180a5
:101a940044830300b0b0aa8078830300a908b1800e
:101aa400ac83030001000000e0830300b0b0a88011
:101ab400f089030001000000228a030001000000f5
:101ac400548a030001000000868a0300010000001c
:101ad400b88a030001000000ec8a03000100000042
:101ae4001c8b0300b0aa01804c8b03000100000092
:101af4007c8b0300b0b0aa80ac8b0300b0b0aa808a
:101b0400dc8b0300010000000c8c030001000000ca
:101b14003c8c0300010000006c8c030001000000f9
:101b24009c8c0300b0b0a880cc8c030001000000a2
:101b3400fc8c0300b0b0aa802c8d030001000000cf
:101b44005c8d0300b0aa0f808c8d0300010000009f
:101b5400bc8d030001000000ec8d0300b0b0aa802e
:101b64001c8e0300b0a902804c8e03000084028006
:101b74007c8e0300b0b0aa80ac8e0300b0b0a88005
:101b8400dc8e0300b0b0aa800c8f0300b0a80180e3
:101b94003c8f0300b0b0aa806c8f0300b0a904800e
:101ba4009c8f0300b0b0a880cc8f0300010000001c
:101bb400fc8f0300b0ab02802c900300a908b18015
:101bc4005c900300a908b1808c900300ab08b1803d
:101bd400cc93030001000000fc930300010000000b
:101be40008950300a908b1803495030001000000a2
:101bf40060950300010000008c950300ab08b180e0
:101c0400b895030001000000e4950300ab08b1801f
:101c140010960300010000003c960300b0b0a880b9
:101c240068960300b0b0aa8094960300b0b0a88070
:101c3400c0960300a908b180ec96030001000000df
:101c440018970300b0b0a880449703000100000077
:101c540070970300b0a904809c970300b0a8038088
:101c6400c8970300a908b180f4970300010000009d
:101c740020980300010000004c98030001000000bc
:101c840078980300b0a80380a4980300b0a8038048
:101c9400d0980300b0aa0f80fc9803000100000054
:101ca400289903000100000054990300a908b18099
:101cb4008099030001000000ac990300b0a80380e0
:101cc400d8990300b0b0aa80049a0300b0a9068092
:101cd400309a0300b0a906805c9a0300ab08b18077
:101ce400889a0300b0a80380b49a0300b0aa0180c4
:101cf400e09a0300a908b1800c9b0300b0b0a8804f
:101d0400389b0300b0a90480649b0300b0b0a88092
:101d1400909b030001000000bc9b0300b0b0a880ae
:101d2400e89b0300a908b18028a10300010000007a
:101d340054a10300b0b0aa8080a10300b0aa03801c
:101d4400aca103000100000004a303000100000093
:101d540060a30300b0b0aa8088a30300a908b180df
:101d6400b0a3030001000000d8a30300a908b180b8
:101d740000a40300b0b0aa8028a40300010000005e
:101d840050a403000100000078a40300ab08b18054
:101d9400a0a40300a908b180c8a40300a908b180c5
:101da400f0a40300b0b0a88018a50300010000004f
:101db40040a503000100000068a50300b0b0a8809e
:101dc40090a50300a83f0180b8a50300a908b1802d
:101dd400e0a50300a908b18008a60300b0b0a8805c
:101de40030a60300b0b0a88058a60300a908b180ab
:101df40080a60300b0b0a880a8a6030001000000dc
:101e0400d0a60300b0b0aa80f8a60300a908b18048
:101e140020a703000100000048a70300b0b0a88079
:101e240070a70300b0b0a88098a70300b0b0aa8040
:101e3400f0a703000100000018a80300b0a8018067
:101e440040a80300b0a8018068a80300b0b0aa802d
:101e540090a80300b0a90280b8a80300b0a902802a
:101e6400e0a803000100000008a90300b0b0a880a6
:101e740030a90300b0a8018058a90300a908b180c3
:101e840080a90300b0aa0180a8a90300a908b18011
:101e9400d0a90300b0b0a880f8a903000100000095
:101ea40008ae0300008402802cae0300b0b0a8800a
:101eb40050ae0300b0b0a88074ae0300b0b0aa80e6
:101ec40098ae0300b0a90280bcae0300b0b0aa80f3
:101ed400e0ae0300b0aa038004af0300a908b180f8
:101ee40028af0300a908b1804caf03000100000033
:101ef40070af03000100000094af03000100000074
:101f0400b8af0300b0b0ac80dcaf0300a908b18067
:101f140000b003000100000024b00300a908b18050
:101f240048b00300b0b0a8806cb00300010000000a
:101f340090b00300b0a91080b4b00300a908b18028
:101f4400d8b0030001000000fcb003000100000051
:101f540020b10300b0b0a88044b10300b0b0a880a1
:101f640068b10300008402808cb103000084028005
:101f7400b0b10300b0b0aa80d4b10300b0a801800e
:101f8400f8b10300b0b0aa801cb20300b0b0aa80bc
:101f940040b203000100000064b20300010000002d
:101fa40088b20300b0a90480acb20300b0b0aa8028
:101fb400d0b20300b0a90680f4b20300b0b0a88088
:101fc40018b30300a908b1803cb30300010000006a
:101fd40060b30300b0a80580d0b70300010000007f
:101fe4004cb80300b0b0ac806eb803000100000030
:101ff4000cb90300010000002cb90300010000002b
:102004004cb90300a908b1806cb9030001000000b9
:102014008cb9030001000000acb90300010000000a
:10202400ccb9030001000000ecb90300010000007a
:102034000cba0300010000002cba0300a908b18007
:102044004cba0300010000006cba03000100000058
:102054008cba0300b0b0a880acba03000100000041
:10206400ccba030001000000ecba03000100000038
:102074000cbb0300010000002cbb030001000000a6
:102084004cbb0300b0a801806cbb0300010000003e
:102094008cbb030001000000acbb03000100000086
:1020a400ccbb030001000000ecbb0300b0a801801e
:1020b4000cbc0300b0a805802cbc03000100000088
:1020c4004cbc0300010000006cbc030001000000d4
:1020d4008cbc030001000000acbc03000100000044
:1020e400ccbc030001000000ecbc0300b0b0a8802d
:1020f4000cbd0300010000002cbd03000100000022
:102104004cbd0300010000006cbd0300b0b0a8800a
:102114008cbd030001000000acbd03000100000001
:10212400ccbd030001000000ecbd0300b0aa018097
:102134000cbe0300a908b1802cbe0300b0a9028024
:102144004cbe0300b0a801806cbe0300b0a902809d
:102154008cbe030001000000acbe030001000000bf
:10216400ccbe0300a908b180ecbe0300b0b0a880c7
:102174000cbf0300b0b0a8802cbf0300b0b0a8808f
:102184004cbf0300b0b0a8806cbf0300a908b180a5
:102194008cbf0300b0a90280acbf030001000000a3
:1021a400b4c3030001000000fcc303003ce5ff7f4f
:1021b40040c40300b0a904805cc40300b0b0a8808c
:1021c40078c40300b0b0aa8094c40300b0b0a8805f
:1021d400b0c40300f8e1ff7fccc403000100000099
:1021e400e8c40300b0a9048004c50300b0a90480b6
:1021f40020c50300b0a904803cc50300b0b0aa8088
:1022040058c503000100000074c50300010000006c
:1022140090c5030001000000acc5030001000000ec
:10222400c8c50300cce1ff7fe4c50300008404803b
:1022340000c60300b0b0a8801cc603000100000063
:1022440038c603000100000054c60300010000006a
:1022540070c60300010000008cc6030001000000ea
:10226400a8c60300a0e2ff7fc4c60300010000006b
:10227400e0c60300a93f0280fcc60300a83f01801a
:1022840018c70300a93f028034c7030001000000ff
:1022940050c70300010000006cc7030001000000e8
:1022a40088c7030001000000a4c70300b0a8018090
:1022b400c0c7030001000000dcc7030001000000e8
:1022c400f8c703000100000014c80300a908b18086
:1022d40030c80300b0b0a8804cc80300010000005f
:1022e40068c803000100000084c80300b0b0a880df
:1022f400a0c8030001000000bcc8030001000000e6
:10230400d8c80300b0b0a880f4c80300b0b0a88057
:1023140010c90300b0b0a8802cc90300b0b0a880d5
:1023240048c90300b0b0a88064c90300b0b0a88055
:1023340080c90300b0b0a8809cc90300b0b0a880d5
:10234400b8c90300b0b0a880d4c90300b0b0a88055
:10235400e4cd03000100000084ce0300010000006e
:102364009cce0300b0b0a880b4ce0300b0b0aa8065
:10237400ccce0300a908b180e4ce0300b0a803804a
:10238400fcce03000084048014cf0300010000008d
:102394002ccf030044e0ff7f44cf0300b0a90280a8
:1023a4005ccf03000100000074cf030001000000b3
:1023b4008ccf030001000000a4cf03000100000043
:1023c400bccf030001000000d4cf030001000000d3
:1023d400eccf030028e0ff7f04d003002ce0ff7f54
:1023e4001cd00300a908b18034d003000100000010
:1023f4004cd00300b0b0a88064d00300b0b0a88073
:102404007cd00300a908b18094d00300010000002f
:10241400acd0030001000000c4d0030001000000a0
:10242400dcd00300b0b0a880f4d00300e4e0ff7f68
:102434000cd10300b0a8018024d10300b0b0a8805f
:102444003cd10300b0b0a88054d10300b0b0aa803e
:102454006cd10300b0b0a88084d103000100000057
:102464009cd1030001000000b4d10300010000006e
:10247400ccd1030001000000e4d1030001000000fe
:10248400fcd10300b0a9048014d2030001000000b1
:102494002cd203000100000044d20300b0b0a88095
:1024a4005cd203000084028074d20300b0b0aa801e
:1024b4008cd2030001000000a4d20300b0b0a880b5
:1024c400bcd20300b0b0a880d4d203000100000045
:1024d400ecd20300b0a8038004d30300b0aa0380a5
:1024e4001cd30300b0a9028034d303000100000010
:1024f4004cd30300b0b0a88064d3030001000000f3
:102504007cd303000100000094d30300b0a807802b
:10251400acd30300a908b180c4d3030001000000b8
:10252400dcd3030000840280f4d3030038e1ff7f8e
:102534000cd40300a908b18024d40300b0b0a8804f
:102544003cd403000100000054d403000100000047
:102554006cd4030001000000c4d903000100000092
:10256400dcd90300b0b0aa8034da03000100000013
:10257400a0da030000840280b4da0300b0b0a880bb
:10258400c8da030001000000dcda0300b0b0a88060
:10259400f0da03000100000004db0300b0b0a880ff
:1025a40018db0300b0b0a8802cdb0300b0a80180c6
:1025b40040db0300b0b0aa8054db030028deff7fb9
:1025c40068db0300b0a803807cdb0300010000008b
:1025d40090db030001000000a4db03000100000005
:1025e400b8db030001000000ccdb030001000000a5
:1025f400e0db030001000000f4db03000100000045
:1026040008dc0300010000001cdc030001000000e2
:1026140030dc03000100000044dc0300b0b0a880fb
:1026240058dc0300b0b0a8806cdc0300b0b0a88014
:1026340080dc0300b0a8038094dc030001000000e8
:10264400a8dc0300b0b0a880bcdc030001000000db
:10265400d0dc030001000000e4dc03000100000002
:10266400f8dc0300010000000cdd030001000000a1
:102674003cdd0300b0b0a88050dd03000100000081
:1026840064dd03000100000078dd030001000000a8
:102694008cdd030001000000bcdd0300b0b0a880a5
:1026a400d0dd030001000000e4dd030001000000b0
:1026b400f8dd0300010000000cde0300010000004f
:1026c40020de03000100000034de030001000000ee
:1026d40048de0300010000005cde0300b0a80180b6
:1026e40070de0300a908b18084de0300a908b1806c
:1026f40098de030000840280acde0300b0b0a88042
:10270400c0de0300b0b0a880d4de030001000000e6
:10271400e8de030001000000fcde0300010000000d
:1027240010df03000100000024df0300b0b0a88024
:1027340038df0300010000004cdf0300010000004b
:1027440060df0300b0a8038074df0300b0a8038037
:1027540088df0300010000009cdf030014dfff7f1b
:10276400b0df030001000000c4df0300010000002b
:10277400d8df0300010000004ce403000100000066
:102784005ce40300008402806ce403001cdcff7f33
:102794007ce40300b0b0a8808ce40300b0b0a8804f
:1027a4009ce40300a908b180ace40300b0b0a880a5
:1027b400bce4030001000000e4e4030000840280a0
:1027c400f4e40300b0a8018004e50300b0a801808c
:1027d40014e503000100000024e5030001000000eb
:1027e40034e503000100000044e50300010000009b
:1027f40054e503000100000064e50300010000004b
:1028040074e503000100000084e5030001000000fa
:10281400ace50300b0b0a880bce5030001000000f3
:10282400cce5030001000000f4e503000100000012
:1028340004e60300b0b0a88014e603000100000021
:1028440024e6030060dcff7f34e60300010000009f
:1028540044e60300a908b18054e603000100000027
:1028640064e603000100000074e6030001000000b8
:1028740084e603000100000094e60300a908b18087
:10288400a4e60300b0b0a880b4e603000100000091
:10289400c4e6030001000000d4e6030001000000c8
:1028a400e4e6030001000000f4e603000100000078
:1028b4001ce70300008402802ce70300a908b18010
:1028c4003ce70300010000004ce70300b0b0a8801f
:1028d4005ce70300010000006ce703000100000056
:1028e4007ce70300010000008ce703000100000006
:1028f400b4e70300b0b0a880c4e7030001000000ff
:10290400d4e7030001000000e4e70300b0b0a880ae
:10291400f4e703000100000004e8030008ddff7f82
:1029240014e80300b0b0a88024e80300010000000c
:1029340034e803000100000044e803000100000043
:1029440054e80300b0b0a88064e80300010000006c
:1029540074e803000100000084e8030001000000a3
:1029640094e8030001000000a4e80300b0a8038079
:10297400b4e8030000840280c4e80300b0b0a88077
:10298400d4e8030001000000e4e8030001000000b3
:102994006cec0300008404807cec03000100000064
:1029a40018ed03000100000024ed0300b0b0a8807e
:1029b40030ed03000cdaff7f3ced0300b0b0a880db
:1029c40048ed03000100000054ed03000100000085
:1029d40060ed0300010000006ced0300b0a803806b
:1029e40078ed0300b0b0a88084ed0300b0b0a880f7
:1029f40090ed0300010000009ced030001000000c5
:102a0400a8ed030001000000b4ed03000100000084
:102a1400c0ed030001000000cced03000100000044
:102a2400d8ed030001000000e4ed03000100000004
:102a3400f0ed03000100000010ee030001000000af
:102a44001cee03000100000028ee0300010000005a
:102a540034ee03000100000040ee0300010000001a
:102a64004cee03000100000058ee0300b0b0a88053
:102a740064ee03000100000070ee0300b0b0a88013
:102a84007cee03000100000088ee0300010000005a
:102a940094ee030001000000a0ee0300010000001a
:102aa400acee0300b0b0a880b8ee03000100000053
:102ab400c4ee030001000000d0ee0300010000009a
:102ac400dcee030001000000e8ee0300010000005a
:102ad400f4ee03000100000000ef03000100000019
:102ae4000cef03000100000018ef0300b0b0a88051
:102af40024ef03000100000030ef03000100000098
:102b04003cef03000100000048ef03000100000057
:102b140054ef03000100000060ef0300b0b0a88090
:102b24006cef03000100000078ef0300b0b0a88050
:102b340084ef03000100000090ef03000100000097
:102b44009cef030001000000a8ef03000100000057
:102b5400b4ef030001000000c0ef03000100000017
:102b6400b4f3030001000000c0f3030001000000ff
:102b7400ccf3030001000000d8f3030001000000bf
:102b840080f4030030d8ff7f88f4030001000000c4
:102b940090f403000100000098f403000100000019
:102ba400a0f4030001000000a8f4030001000000e9
:102bb400b0f4030001000000b8f4030001000000b9
:102bc400c0f4030001000000c8f403000100000089
:102bd400d0f4030001000000d8f403000100000059
:102be400e0f4030001000000e8f403000100000029
:102bf400f0f4030001000000f8f4030030d8ff7f74
:102c040000f5030034d8ff7f08f5030038d8ff7fb0
:102c140010f5030054d8ff7f18f5030058d8ff7f40
:102c240020f5030074d8ff7f28f50300010000009d
:102c340030f503000100000038f503000100000036
:102c440040f503000100000048f503000100000006
:102c540050f503000100000058f5030001000000d6
:102c640060f503000100000068f5030001000000a6
:102c740070f503000100000078f503000100000076
:102c840080f50300c0d8ff7f88f503000100000031
:102c9400a0f5030001000000a8f5030001000000f6
:102ca400b0f5030001000000b8f5030001000000c6
:102cb400c0f5030001000000c8f503000100000096
:102cc400d0f5030001000000d8f503000100000066
:102cd400e0f5030001000000e8f503000100000036
:102ce400f0f5030001000000f8f503000100000006
:102cf40000f603000100000008f6030001000000d4
:102d040010f603000100000028f603000100000093
:102d140030f603000100000048f803000100000041
:102d240050f803000100000086f8030001000000d1
:102d3400dcf8030001000000e0f8030001000000db
:102d4400e4f8030001000000e8f8030001000000bb
:102d5400ecf8030001000000f0f80300010000009b
:102d6400f4f8030001000000f8f80300010000007b
:102d7400fcf803000100000000f90300010000005a
:102d840004f903000100000008f903000100000039
:102d94000cf903000100000010f903000100000019
:102da40014f903000100000018f9030001000000f9
:102db4001cf903000100000020f9030001000000d9
:102dc40024f9030050d6ff7f28f9030054d6ff7f6f
:102dd4002cf903007cd6ff7f30f9030080d6ff7ff7
:102de40034f903009cd6ff7f38f90300a0d6ff7f97
:102df4003cf903000100000040f903000100000059
:102e040044f903000100000048f903000100000038
:102e14004cf903000100000050f903000100000018
:102e240054f903000100000058f9030001000000f8
:102e34005cf903000100000060f9030001000000d8
:102e440064f903000100000068f9030001000000b8
:102e54006cf903000100000070f903000100000098
:102e640074f903000100000078f903000100000078
:102e74007cf903000100000080f903000100000058
:102e840084f903000100000088f903000100000038
:102e94008cf903000100000090f903000100000018
:102ea40094f903000100000098f9030001000000f8
:102eb4009cf9030001000000a0f9030001000000d8
:102ec400a4f9030001000000a8f9030001000000b8
:102ed400acf9030001000000b0f903000100000098
:102ee400b4f9030001000000b8f903000100000078
:102ef400bcf9030001000000c0f903000100000058
:102f0400c4f9030001000000c8f903000100000037
:102f1400ccf9030001000000d0f903000100000017
:102f2400d4f9030001000000d8f9030001000000f7
:102f3400dcf9030001000000e0f9030001000000d7
:102f4400e4f90300d4d6ff7fe8f903000100000090
:102f5400ecf9030001000000f0f903000100000097
:102f6400f4f9030001000000f8f903000100000077
:102f7400fcf903000100000000fa03000100000056
:102f840004fa03000100000008fa03000100000035
:102f94000cfa03000100000010fa03000100000015
:102fa40014fa03000100000018fa030001000000f5
:102fb4001cfa03000100000020fa030001000000d5
:102fc40024fa03000100000028fa030001000000b5
:102fd4002cfa03000100000030fa03000100000095
:102fe400bcfc030001000000eefc03000100000033
:102ff400f0fc03002cd7ff7ffcfc03000100000061
:10300400fcfc030001000000fcfc030001000000c4
:10301400fcfc030001000000fcfc030001000000b4
:10302400fcfc030001000000fcfc030001000000a4
:10303400fcfc030001000000fcfc03000100000094
:10304400fcfc030001000000fcfc03000100000084
:10305400fcfc03000100000004fd0300010000006b
:1030640004fd0300010000000cfd0300010000004a
:103074000cfd0300010000000cfd03000100000032
:103084000cfd0300010000000cfd03000100000022
:103094000cfd0300010000000cfd03000100000012
:1030a4000cfd0300010000000cfd03000100000002
:1030b40014fd03000100000014fd030001000000e2
:1030c40014fd03000100000014fd030001000000d2
:1030d40014fd03000100000014fd030001000000c2
:1030e40014fd03000100000014fd030001000000b2
:1030f40014fd03000100000014fd030001000000a2
:1031040014fd03000100000014fd03000100000091
:1031140014fd03000100000014fd03000100000081
:103124001cfd0300010000001cfd03000100000061
:103134001cfd0300010000001cfd03000100000051
:103144001cfd030001000000fcfe0300c8d5ff7f46
:10315400fcfe030001000000fcfe0300010000006f
:10316400fcfe0300010000005cff030001000000fe
:1031740058ff03000100000054ff03000100000099
:1031840050ff0300010000004cff03000100000099
:1031940048ff03000100000044ff03000100000099
:1031a40040ff0300010000003cff03000100000099
:1031b40038ff03000100000034ff03000100000099
:1031c40030ff0300010000002cff03000100000099
:1031d40028ff03000100000024ff03000100000099
:1031e40020ff03000100000020ff03000100000095
:1031f4001cff03000100000018ff03000100000091
:1032040014ff03000100000010ff03000100000090
:103214000cff03000100000008ff03000100000090
:1032240004ff03000100000000ff03000100000090
:10323400fcfe030001000000f8fe03000100000092
:10324400f4fe030001000000f0fe03000100000092
:10325400ecfe030001000000e8fe03000100000092
:10326400e4fe030001000000e0fe03000100000092
:10327400dcfe030001000000d8fe03000100000092
:10328400d8fe030001000000d4fe0300010000008a
:10329400d0fe030001000000ccfe0300010000008a
:1032a400c8fe030001000000c4fe0300010000008a
:1032b400c0fe030001000000bcfe0300010000008a
:1032c400b8fe030001000000b4fe0300010000008a
:1032d400b0fe030001000000acfe0300010000008a
:1032e400a8fe03000100000090ff0300010000009d
:1032f4008cff03000100000088ff030001000000b0
:0833040084ff0300010000003a
:020000040000fa
:020000040100f9
:10330c002de9f04f4568adb00446112d00f226832f
:10331c00dfe815f0f0003d00f60009020d025e0238
:10332c00aa02cc02d0025600e400e800ec004e00e9
:10333c0052004700240342000521204617f084fb6d
:10334c00002840f02f83236e1b78162b204640f06c
:10335c00b48423685b79012b40f04983e36d1978c1
:10336c001a46002940f014835e78002e40f010833a
:10337c0052f8023fc4f8d6309388a4f8da3029f01a
:10338c0027fe002800f03083c4f88460e667d4f888
:10339c00a030002bd7d1cfe7584d28462db0bde833
:1033ac00f08f2ff073fc002528462db0bde8f08f70
:1033bc001ff032fb0546f0e70f2343600025ece7d6
:1033cc00836bdb689b7a013bdbb2092b00f2c88272
:1033dc00012202fa03f340f20f32134200f0c082d2
:1033ec00436b1b6e002b00f0bb8200213ef0a4fb54
:1033fc0005460028d1d16368626f0133162a6360d9
:10340c0040f05b84e36e1a780f2a40f056842268f1
:10341c00a76b5179d4f89820012915bf06250e25e4
:10342c004ff0040a4ff00c0aaa4207f50377c0f0dc
:10343c00d98213f80a003ef079fc8046002800f08f
:10344c00a782e36e204613f80a103df077ff0028a0
:10345c0040f09e82e36e5344b8f1050f58780cbfd0
:10346c000df150090df140093ff054fb01460028c5
:10347c0000f08e8238463ef0b7ff002800f08882bc
:10348c00d4f898300af1040a9a4500f2ab82e26e45
:10349c00565b76bab6b20aeb0602934240f0a282b1
:1034ac00a36b0faa5b6910a9204698470546002814
:1034bc007ff473afe36e019603eb0a064a460346ac
:1034cc004146384600963df05dff054600287ff4e6
:1034dc0064af20462cf0aefd05465ee724f048ffb5
:1034ec0005465ae720f0ecff054656e73cf082fa19
:1034fc00054652e7012343604fe700bf8095ffff6d
:10350c000368d0f8c4605f790289012f06f10403c7
:10351c0005d1816b91f85d12002940f08584394604
:10352c00184639f0c9f92368b71dd3e90650394656
:10353c000422a847054600287ff42faf23681422e5
:10354c00d3e9065006f10a01a847054600287ff486
:10355c0024af23680822d3e9065006f11e01a847c0
:10356c00054600287ff419afa36bd6f80600d6f8f1
:10357c000a10d6f80e20d6f81250c3f8e452c3f84d
:10358c00d802c3f8dc12c3f8e022d6f81600d6f83d
:10359c001a10d6f81e20d6f82250c3f8f452c3f8ed
:1035ac00e802c3f8ec12c3f8f022a36b1b78012bd2
:1035bc0000f06485656bea68dab12268126ac2b100
:1035cc000df1400840463ff0d9fc2368ea681f6ab9
:1035dc00986a05f110014346b847074620b9aa6816
:1035ec00129b9a4200f0dc8640463af097fea36ba1
:1035fc001b78002b40f042856368616b20682025a6
:10360c00013363602a46cd60d0e90630103198470b
:10361c00054600287ff4c1ae636bdb6886f8263064
:10362c00616b06f12703ca68184610313df08efa1b
:10363c00616b0a89c96852ba471842520025bd709d
:10364c00d4f8ec30012b07f1030800f0228502229c
:10365c00636b197808eb020961b14ff0012348f84c
:10366c000230636b1b7889f80430636b05f1070932
:10367c00c1440535986839f0affe98b13cf02afa90
:10368c0080b1a36b5b7813f0010307d0c14bc9f871
:10369c0000304ff00103a9f8043006231d4405f156
:1036ac000209c144a36bdb689b7a0b2b25d1d4f8a0
:1036bc00c43003f56173a3eb0902032a1ddd4a46ee
:1036cc004ff0010122f8021b2168d4f838c0c869f8
:1036dc0001909a1a8b690093023a0cf1f40010ab2a
:1036ec0009f104011af0c6f838b9109abdf8403047
:1036fc0004325bba1544a9f8023025b16bba023515
:10370c00a7f80330a844d4f8c430162002210122b3
:10371c00a8eb0606c4e9320619702046114612f0d1
:10372c006dff054639e61af08dfb054635e6806bd4
:10373c00c668b37a5a1ed2b20025092a0e9540f2f9
:10374c001381d4f8c420d4f8b070d71bc7f56c77ac
:10375c0004210b2b07f10107c4f8cc1000f0d48224
:10376c00082b00f2238101229a4012f48c7f00f086
:10377c001d81a36b996cd3f8f851002900f0918549
:10378c0000231093002d00f093850888b5f800c035
:10379c00002800f00981bcf1000f00f01986844567
:1037ac0000f0a1842a4602e0834200f09c8432f8a7
:1037bc00023f002bf8d131f8020f0028ebd1108812
:1037cc00002840f09084744d0023c4f8cc30e4e51c
:1037dc00836bd0f8c450db68062242609b7a013bb5
:1037ec00dbb2092b3ff6dfad012202fa03f340f204
:1037fc000f3213423ff4d7ad03689b79002b3ff493
:10380c00d2ad44f20103ab80836b0268ae1d1bb1d9
:10381c00197a012900f06685d76d002f00f01f86fc
:10382c0039884ff0000931b900f09cbd37f8021f00
:10383c00002900f08282090a20463df07ffd40f20b
:10384c0003330028f2d122899a42efd13a88130a25
:10385c00033b012bd1b2e9d80329e7d109f10209c5
:10386c0052ba26f80920e1e7d0f8c4300e22042021
:10387c001621c4e932101a70d4e9002301336360b5
:10388c005379012b7bd001221146204612f0b6fe53
:10389c00054600287ff481ad23685b79012b7ff40a
:1038ac0082ad204613f068fb054676e50bf0e6fb8f
:1038bc00054672e5836b0121df683ef03df9054654
:1038cc0000287ff46aad2368e06e5a79636fd4f8f0
:1038dc009850012a14bf04220c228118162b109127
:1038ec0040f0eb810378102b40f0e781bb7ade1eb1
:1038fc00012e61d9a3f10906012e5dd9052b00eb30
:10390c00050600f0d884082b00f001850b2b40f045
:10391c008885a06baa1af43023f0aafb002840f08b
:10392c0080852368a06bda6901929b69009300f58e
:10393c003e7100f54f732022f4302cf0ebfb054662
:10394c0000287ff42aad20460ef076fe05460028ae
:10395c007ff423ad6368013363601ee50f4d1ce5f6
:10396c000a236360002518e5012101fa02f240f2f6
:10397c0051310a4200f08181052363600de5204638
:10398c0037f0f2ff7fe748462f22022135f08afa02
:10399c00034d02e5000b00020092ffff008fffffba
:1039ac00009affff0546f8e4604609e7023b022b4c
:1039bc0000f23781c24d07e7a06baa1a503037f0de
:1039cc00b5f978b92368a06bda6901929b69009309
:1039dc0000f53e7200f54f712023503027f014fd96
:1039ec000028b0d0b74dd8e4204620f089fa626e9a
:1039fc00d4f8a03017887fbabfb2002b00f06681d4
:103a0c000023c4f8a030e66ea36b31461b693a461e
:103a1c00204698470028c5d123685979012914bf3d
:103a2c0004220c229742ddd33378012b40f04581e0
:103a3c00707896f802e096f803c0030443ea0e236c
:103a4c0043ea0c030028cdd113449f42cad101296b
:103a5c0000f0e182bf1ab318252f0793c2d907983b
:103a6c003bf0a0f9636b22682081988012799a70e0
:103a7c0040f20333984240f0dc84ddf81c80d4f82b
:103a8c0038e0434653f8026f58689968d3f80cc075
:103a9c00cef8c4c2cef8b862cef8bc02cef8c012d2
:103aac001e6958699969d3f81cc0cef8d4c2cef8f7
:103abc00c862cef8cc02cef8d01298f82260202e34
:103acc0000f2ac8106f124084745c0f0a781606b79
:103adc002022c660002110303ef04afa606b079b32
:103aec00c26803f1230110303df030f82368079ac7
:103afc0093f8059006f12301b9f1010f0a910a44dc
:103b0c0000f0cf8213885bba99b201290d9140f273
:103b1c0085810a9b0b44da1c9742c0f07f81c90750
:103b2c0000f17c810233079ad25c511e0f2900f2fe
:103b3c00758113445a1c9742c0f0708100f22281a7
:103b4c00a26b40f20323109313620a9b0d9803f1ae
:103b5c000208079b434498466ff001010233a1eb26
:103b6c00080100bf13f8022c22b913f8012cff2a0c
:103b7c0000f028840233ca188242f3d3d4f8ec2024
:103b8c002368012a03d0da79022a00f0b883d3f82b
:103b9c008c2032b120469047054600287ff4fdabbf
:103bac002368d3f80c9000221092db7a012b00f0e2
:103bbc001284d9f80010002900f0a1830d9b013b61
:103bcc0023f0010308eb03079246cb46464605e07b
:103bdc00be4200f08d83dbf80010023633885bbaee
:103bec009bb28b42f4d110aa20461bf017fe002882
:103bfc007ff4d8ae109b002bead06268616b59f849
:103c0c002a50a06b8d6001322168c36062604b79d1
:103c1c00012b7ff4c8ab204631f044fe0025fff7a2
:103c2c00bcbbd4f8c4200e9bbbb1d4f8cc101b0a7f
:103c3c00481cc4f8cc005354d4f8cc30d4f8c4206d
:103c4c000e99581cc4f8cc00d1540e99d4f8cc3031
:103c5c00d4f8c4200b44c4f8cc3016210c23c4f87f
:103c6c00c810137063680122134463602046114628
:103c7c0012f0c4fc0546fff790bbd4f8c420d4f86e
:103c8c00b010521ac2f56c7704220137c4f8cc205c
:103c9c00062b36d1d4f8cc30d4f8c410581c0022e2
:103cac00c4f8cc00ca54d4f8cc30d4f8c410581c86
:103cbc00c4f8cc00ca54b37a52e5034dfff76dbb80
:103ccc000094ffff008dffff0089ffffb7f5617fb8
:103cdc003ff65eae23685b79012b0cbf0d210521ed
:103cec003944204616f0b0fe00287ff45bae236802
:103cfc005b79012b06bf07f10d03c4f88430e06734
:103d0c0081e6082bc6d02be523681095d969019163
:103d1c009b690093111df43010ab4ff4607219f0d5
:103d2c0043fb0546002840f07382d4f8cc30109a3f
:103d3c001344c4f8cc30b37aaae799fa99f109f193
:103d4c00040389b209f10809e9802268917a0129f2
:103d5c00334400f063820027d4f8c4205b1bc4f802
:103d6c00cc3016210d23c4f8c8101370d4f8c4300d
:103d7c00012223f809702046114612f03ffc05463b
:103d8c00fff70bbb03339f4248d3079931f802b0be
:103d9c009bfa9bfb1ffa8bfb03eb0b0297423dd16b
:103dac00ce18bbf1000f3ff4cbaebbf1030f35d9ee
:103dbc007188328849ba89b20b1d52ba9b458a4622
:103dcc0092b22bd30020cde90b05a1460b2a00f0b3
:103ddc00fc8076d9b2f5807f00f0ce804ff6017072
:103dec00824200f0e7800d2a5fd01e44abeb0a0b39
:103dfc00bbf1040b00f0a782bbf1030f0dd9b6f891
:103e0c0002a032889afa9afa1ffa8afa0af1040383
:103e1c0052ba5b45514692b2d8d94c462046322212
:103e2c00022135f03ff8dde518463946109338f09d
:103e3c0043fd2368109edd6bb21c1092002d00f028
:103e4c00f08206f10308cdf84080586cd4f8b0200d
:103e5c00d4f8e830009302f2b132d4f8e43010a96f
:103e6c00a847054600287ff498aa109ba3eb0803eb
:103e7c00b370d4f8c420109b9b1ac4f8cc30162015
:103e8c0003211123c4f8c800117020463a46636020
:103e9c00394612f0b3fb054600287ff47eaa23684e
:103eac005b79012b7ff479aafbe4311d1e44324669
:103ebc0048461ef065fb00287ff474ad0c9b0b93f9
:103ecc0094e7012a4cd00a2a8fd10129a5d9b788a9
:103edc007fbabfb2ba1c52459fd1fa079dd4d9f80c
:103eec003820d2f8f821002a7ff44dad7a08551c01
:103efc000e2d28bf0e2528460221099308923ef06c
:103f0c0091fddde908230446002800f0a082d9f8d1
:103f1c003810f318b01d08930646c1f8f841efb1fc
:103f2c00e2b1cdf82490a946054602e0b9f1010fa3
:103f3c0012d0b6f8008098fa98f81ffa88f03ef084
:103f4c00effd0236e919234620b123f8028b09f163
:103f5c00ff391c468e42e9d1ddf82490089e45e7d6
:103f6c0001297ff410ad3279042a3ff60cadd9f853
:103f7c0034101e440a7039e7d9f838000893f4302d
:103f8c003bf098fd089b00287ff42fafd9f8380040
:103f9c0008935246f430311d29f05cf8089b002838
:103fac0040f0c881d9f838104a7842f002021e4419
:103fbc004a701be7012940f037823279002a40f021
:103fcc003382c9f8ec101e4410e7d9f83800427857
:103fdc0042f00102427000293ff41faf3279541ca9
:103fec008c427ff41aaff51862b1717901290bd9a3
:103ffc00341d1444721d03e012f8011f012903d96a
:10400c00a242f9d12e46f1e680f85010f4303ef081
:10401c00bbf92e46eae6e36ed4f838c0988840ba6d
:10402c0080b200f1010ecce9980ed87993f8068095
:10403c0093f80ae093f802c093f8099093f801a062
:10404c00000240ea08404fea0e2e93f808804fea2f
:10405c000c2c4eea094e4cea0a4c93f80b9093f850
:10406c0003a050ea08004eea090e4cea0a0302d1fa
:10407c009e453ff4efacc54dfff78fb90c23636041
:10408c0020460ef0d9fa054600283ff4c5aafff7e2
:10409c0084b9bf4b7d720525c7f80530aa1cfff704
:1040ac00d7ba079a525c5618f11c8f42fff4b6ae81
:1040bc00d3f840a0baf1000f00f04f81586cd4f83f
:1040cc00e8300093079b03eb0801d4f8e430d047a9
:1040dc00a36b002800f03e8183f85d92079a731c55
:1040ec000a931a440ee53ef01bfda36b014603f147
:1040fc00500031f077fc0546002840f08980236899
:10410c00d4f8cc20d9690191d4f8c410a06b9b6968
:10411c0000930df14008c2f5617350300a444146da
:10412c0029f068fb0546002872d1d4f8cc30ddf8b4
:10413c004090d4f8c42003eb0901c4f8cc10b17a38
:10414c00023902293ff66fad12eb030a3ff432ac91
:10415c0030460f9539f056f906463df0e3f8014626
:10416c00204636f053fec0b23df0e0fd8346002ef3
:10417c003ff420ac00283ff41daccde90090534631
:10418c000faa4146204626f035fb054600283fd1b4
:10419c00d4f8cc50d4f8c4906b1cc4f8cc3058462e
:1041ac003df0cefd09f80500d4f8cc50d4f8c490fd
:1041bc006b1c3046c4f8cc303df0b4f809f805005f
:1041cc00a26b2168002a00f0d680d2f808020028e1
:1041dc0000f0d1804368002b00f02881d4f8cc305b
:1041ec00ca69d4f8c45040680492fa1a02332b44ba
:1041fc00961e0ead8a690392cde9003602954246b1
:10420c0059460f9b3af0a6fe054600283ff409ad2f
:10421c0015f5ca4f3ff4c1a8fff7d6bad2f8907083
:10422c00002f00f0a380fa69002a3ff494adba6c19
:10423c0005f5617b9b451ffa82fafff48cad0af100
:10424c000200abeb03018842d0463ff684ad00265a
:10425c0011460be0fa690ab3b96c9b451ffa81f859
:10426c0008f10202c24619d3904217d3494a02ea16
:10427c00012242ea1a2223f8022bf96c1846424614
:10428c003cf064fc0af1020a0346d7f890715644dc
:10429c004344abeb0300b6b2002fdbd177babfb20d
:1042ac005ae52368596e0023109300297ff46aaafb
:1042bc00394dfff789ba324610a9204628f00cff79
:1042cc00054600287ff469a8109b9e427ff48aabb8
:1042dc00b97a204621f060fd054600283ff433ab47
:1042ec00fff75bb8df6c002f7ff49aaafff794ba44
:1042fc005bf8041f0af1010a00297ff467ac204621
:10430c002822022134f0cefd244dfff746b8324668
:10431c0010a9204628f0e0fe054600287ff43da8b1
:10432c001099a06b721a503036f000fd0028cfd0d7
:10433c00fff758bb07462f22484602213d4634f072
:10434c00b1fdfff72ab80b9b4c46002b7ff4fdab5d
:10435c00fff7f6bb83f85d02c0e6002a3ff4beae61
:10436c00fff740bb4ff008090423ede4176d002f55
:10437c007ff459aff0e4cb6c002b57d05868002871
:10438c0054d0002a5dd1184628e700bf808fffff6c
:10439c00ff01000100ffff0080a1ffff0092ffff63
:1043ac00284639f0bbff7022414628463cf0cefb34
:1043bc007022394640463df0dbfda36b01221a709a
:1043cc00fff712b90123c4f8ec302368fff7dfbb09
:1043dc002a46fff7f0b91746d9f8001008eb070585
:1043ec00d1b14e464ff0000a05e000bf56f8041f4d
:1043fc000af1010a81b12b885bba9bb28b42f5d1d1
:10440c0010aa20461bf00afa00287ff4cbaa109bb6
:10441c00002bebd0fff7f1bb0d9b0237bb42dbd877
:10442c006de7104dfef7b9bf4c4668e70e4dfff730
:10443c00cbb920464622022134f034fd0b4dfef759
:10444c00acbfd2f80802002808bf1846c6e648469a
:10445c005022022134f026fd054dfef79ebf054d7e
:10446c00fef79bbf0094ffff008affff8091ffffc8
:08447c000081ffff80a1ffff9a
:020000040000fa
:020000040100f9
:1044840008b5044b186818b1804780f00100c0b229
:1044940008bd00bfa0ec002009b91046704780b1e8
:1044a400037883ea122383ea131343ea022282ea9b
:1044b400033282ea431292b200b10130013989b267
:1044c400eae7ff23ede72de9f04f85b081460e9e24
:1044d4008a46904606b11e4443449cb2474655461c
:1044e400a74203d1012005b0bde8f08f95b36a4619
:1044f4001023294648460df0fffabdf804209442e3
:1045040008d9bdf8063013449bb29f4202d29c42a4
:1045140003d91f46bdf80a50e8e79742a4eb02010d
:1045240028bfe31b89b234bf0b469bb2a4eb030440
:1045340032bfbdf80ab04746d346a4b246b11035df
:104544002944f61ac91a324689b248460df0d4fafb
:104554005d46c5e72846c6e72de9f74fd488968817
:10456400dff8588082468b4644f307254ff6ff77e1
:10457400002d03da384603b0bde8f08f1ad0a4f555
:1045840080741ffa84f94ff48074cdf800802346b8
:10459400324659465046fff796ff38b13a4621460f
:1045a4004046fff779ff2644b6b20746013d6db297
:1045b4004c46dde7002cddd0a146e6e7a4ec002064
:1045c40010b5094c94f804010df034fb4ff400527b
:1045d400002194f804010df057fb18b14ff48073d7
:1045e400a4f8063110bd00bfa0ec00202de9f04175
:1045f400094c05460e46174613460a46014694f8ea
:1046040004010df0affa3b463246294694f8040102
:10461400bde8f0410df086bba0ec002003292cd8a6
:10462400dfe801f002091b23184bb3f806211044fc
:10463400a3f806017047154ab2f80631184480b24f
:10464400c11c4ff6fc730b40984203d90430a2f806
:1046540006017047a2f8063170470c4ab2f80631d9
:104664000f33184420f00f00f1e7084ab2f806317e
:104674003f33184420f03f00e9e74ff0200383f371
:104684001188bff36f8fbff34f8ffee7a0ec0020bc
:104694004ff0200383f31188bff36f8fbff34f8f65
:1046a400fee770b50c4a92f808410023d9b28c4257
:1046b40001d800200be05d1c9b00d118b1f8096102
:1046c400864207d1b1f80b2112b10448184470bdd9
:1046d400fff7deff2b46e9e7a0ec0020a9ed002060
:1046e40008b5fff7deff00b1408808bd10b50446e9
:1046f400fff7d7ff40b14ff0200383f31188bff3d6
:104704006f8fbff34f8ffee7094b93f80801020642
:1047140001d5fff7bdff421c83f8082103eb80029b
:1047240003f20913a2f8094103eb800010bd00bf96
:10473400a0ec002008b5fff7b4ff08b9fff7a8ff05
:10474400064a92f80831013bdbb282f8083102ebe9
:104754008303d3f80931036008bd00bfa0ec002037
:104764002de9f041244cb4f80a33b4f80c63034443
:104774009bb204f20e37ff2b0546a4f80a3307eb6d
:10478400060004f104080ad82a46414635443cf0a0
:10479400e1f90126a4f80c533046bde8f081c6f5d2
:1047a400807241463cf0d6f94ff480723946b4f831
:1047b4000601fff71bff06460028edd000214ff449
:1047c4008070fff72bffb4f80a53b4f80c13a5f567
:1047d40080750023adb2a4f80c33a4f80a53002d5d
:1047e400dad0c1f580712a4618fa81f138463cf0d6
:1047f400b1f9a4f80c53cfe7a0ec00207fb545f243
:104804004143adf806300d4bcde902300c4bc043ab
:10481400b3f80e3404904ff6ff7210210df1060028
:10482400adf81430fff738fe1222adf8040001a9e8
:104834000020fff7dbfe07b05df804fb534e763231
:10484400a0ec00202de9f04f724c94f8047100257f
:104854008fb0122309aa29463846a4f81054a4f8a4
:104864001254a4f80c53a4f80a530df045f90b9b09
:10487400039394f804310133dbb2012b94bf84f821
:10488400043184f8045194f80431bb4208d14ff048
:10489400200383f31188bff36f8fbff34f8ffee7bd
:1048a400fff78efe0028e4d04ff0000adff8708195
:1048b40080e004eb8a091023b9f80bb105aa594624
:1048c40038460df019f90026bdf81c50adf81a5001
:1048d40005aa59463846adf81860adf81e60adf823
:1048e4002060fff739fe4ff6ff72adf814000e2179
:1048f40005a8fff7d1fdf022adf82200ff214648bc
:104904003df03afb05ab03cb1035c8f80000c8f8fe
:104914000410b4f80c2303cbb4f80631c8f808002b
:10492400adb21344b5f5807fc8f80c10a9f80b316b
:1049340019d8394b00933246bdf81c3059463846d5
:10494400fff7c1fd50b1b4f80631b4f80c23134499
:10495400a9f80b312846fff703ff38bb0024204693
:104964000fb0bde8f08f1023b5f5807f2a4628bf2d
:104974004ff48072a2eb03091ffa89f943440292af
:10498400009332464b4659463846fff79cfd0028b3
:10499400e4d00298fff7e4fe0028dfd0029bed1a72
:1049a4004e44adb2b6b20023002dddd10af10103ad
:1049b4005ffa83fa94f8083153453ff67aafb4f8b6
:1049c4000a23fab9b4f80a030021fff727feb4f862
:1049d4000631a4f80e34039b581efff70fff04465c
:1049e4000028bbd002210020fff718fe1222ff216d
:1049f40009a83df0c1fa122309aa002138460df096
:104a0400b1f8ace70549b4f80601fff7effd00285b
:104a1400d8d1a3e7a0ec0020b4ec0020aeef002036
:104a2400a4ec002008b50a4bb3f80631c3f50053d3
:104a34009bb283420bd2fff705ff40b94ff020032e
:104a440083f31188bff36f8fbff34f8ffee708bd69
:104a5400a0ec00202de9f84f344e0446351d89465c
:104a64004ff48072ff2128463df086fae1884ff624
:104a7400ff724846fff710fd4ff6ff7220800e21ab
:104a84002046fff709fd2346e08103cb706069608f
:104a940003cba860e960e28802f11007bfb2b9f164
:104aa400000f07d0b7f5807f17d8494606f11400e8
:104ab4003cf050f8e2881e49b6f80601f02a28bff7
:104ac400f022103292b2fff791fd8046e088103058
:104ad400022180b2fff7a2fd25e04ff0000b102069
:104ae400b7f5807f3c4628bf4ff48074a4eb000ade
:104af400524609eb0b0128443cf02cf822460c49a1
:104b0400b6f80601fff772fd804660b12046022127
:104b14003f1bfff783fdbfb20beb0a031ffa83fbb6
:104b24000020002fdcd14046bde8f88fa0ec002027
:104b3400a4ec00202de9f041674c00258eb084f8e8
:104b440008514ff0ff38ff27122304aa00212846fa
:104b54000cf0d2ffdde906637340013326d19df8e2
:104b64001230412b22d19df81330542b1ed19df8c5
:104b74001430532b1ad19df815304e2b16d19df8b5
:104b84001630762b12d19df81730322b0ed14ff6fa
:104b9400ff7210210df11200fff77efcbdf81030fa
:104ba400834203d146453cbfb0462f46e5b1ff2fb3
:104bb4002cd1002384f804314ff6ff766ff0010501
:104bc400fff7fefc90b994f804310133dbb2012bfa
:104bd40084f80431f4d94ff0200383f31188bff330
:104be4006f8fbff34f8ffee70125ade72846a4f88a
:104bf4000e64fff703fe0028e5d0002384f8083193
:104c0400012384f814340eb0bde8f0814ff48073ae
:104c1400a4f806313846122309aa002184f8047145
:104c24000cf06aff4ff6ff77b4f80631b3f5005f76
:104c3400e6d2bdf83420ba4201d09a4217d80221f4
:104c44000020fff7ebfc022510236a46b4f8061196
:104c540094f804010cf050ff6a46102312f8011b6b
:104c6400ff291ed1013b9bb2002bf7d1c8e70025d9
:104c7400eae729461020fff7d1fcd5e7bdf802602a
:104c84003046fff70efd10b93046fff72ffdb4f89c
:104c940006314380bdf80830bbb93046fff74afd02
:104ca40013e03a460e216846fff7f6fbbdf80e60a6
:104cb4008642ded16a46b4f8061194f80401fff77f
:104cc4004bfcbdf800308342d8d0bdf8060010304c
:104cd400294680b2cfe700bfa0ec0020034b93f835
:104ce40014340bb9fff726bf704700bfa0ec0020b7
:104cf4002de9ff478a4616469846054630b12bb142
:104d0400fff7befb044650b1052045e04ff02003f9
:104d140083f31188bff36f8fbff34f8ffee706f164
:104d2400100080b2fff77efe2846fff7bafc074664
:104d3400a8b3b0f802901d4d10236a46494695f871
:104d440004010cf0d9febdf808300aeb06029a42c1
:104d540027d8b34218bfbdf80c40adf804a01cbf5f
:104d64000134a4b241466846adf80c40adf8066083
:104d7400adf80a90b5f80641fff76cfe98b1bdf89e
:104d84000c307c80642b4ff0000005d9bdf8023054
:104d9400a5f81034a5f8120404b0bde8f087032088
:104da400fae70420f8e70120f6e700bfa0ec0020b2
:104db40073b50c4615461e46c0b1bbb1fff790fc57
:104dc40080b16319b3f5803f09d201460c480096bf
:104dd4002b46224690f80401fff775fb20b9042006
:104de40002b070bd0320fbe70020f9e74ff0200379
:104df40083f31188bff36f8fbff34f8ffee700bfbc
:104e0400a0ec00201fb540b94ff0200383f31188b4
:104e1400bff36f8fbff34f8ffee7fff761fc48b11d
:104e240001460648102390f804016a460cf064fe1b
:104e3400bdf8080005b05df804fb00bfa0ec00203d
:104e44002de9f04f431e14469bb24ff6fd72934278
:104e54008bb080460e461dd8b1f5006f1ad8fff707
:104e64003ffc00bbfff70cfb054648bb06f11000f6
:104e740080b2fff7d7fd8d4b93f90821002a80f209
:104e8400f7804ff0200383f31188bff36f8fbff3d4
:104e94004f8ffee74ff0200383f31188bff36f8f2a
:104ea400bff34f8ffee74046fff7acff86420fd0bb
:104eb4007e4da5f81084a5f81264fff7e1fa08b155
:104ec40005200ee0b5f8120470b9b5f810347bb9ba
:104ed400002c00f0e6802346324600214046fff7ce
:104ee40067ff0bb0bde8f08f103080b2fff79afd7a
:104ef400b5f81004fff7d5fb81460028e8d0b0f8d8
:104f040002b095f80401102306aa59460cf0f4fdea
:104f1400b5f81234ebb9bdf82000103080b2fff7b9
:104f240081fdb5f81004fff7bcfb814640b94ff092
:104f3400200383f31188bff36f8fbff34f8ffee716
:104f4400b0f802b095f80401102306aa59460cf0f3
:104f5400d3fdb5f81224b5f806310493bdf820301a
:104f640022b19342adf8202028bf13460022bdf899
:104f74002010adf81c20adf81e10adf82220adf8bd
:104f840024200df1180cbce80300dff824a16860ac
:104f940003f11007caf80410bce80300bfb2b7f568
:104fa400807fcaf80800caf80c1030d80af1100142
:104fb400009195f804015946fff785fa002872d04c
:104fc40006ab03cbbdf81e206860caf8041003cbff
:104fd4001032caf80800caf80c1092b25146b5f85b
:104fe4000601fff703fb00283ff472afbdf81e0073
:104ff4001030022180b2fff711fb2c4b0022a3f8e2
:105004001024a3f81224049ba9f8023060e7154683
:105014001023cdf814a0b7f5807fba4628bf4ff40b
:10502400807aaaeb030292b20392059a1f481344b2
:1050340000932a46039b90f804015946fff743fa6c
:1050440088b31b495246b1f80201fff7cffa002892
:105054003ff43eaf02215046fff7e0fa039ba7eb73
:105064000a072b44bfb29db20023002fd3d1c4e75b
:10507400214606a8b3f80671adf81a80adf81c50a5
:10508400adf81e60adf82060adf82250adf82450a4
:10509400fff7e0fc38b14046fff728fb47800220c9
:1050a4001fe720461de701201be700bfa0ec0020fe
:1050b400a4ec0020f0b5074685b040b94ff02003ba
:1050c40083f31188bff36f8fbff34f8ffee7fff7b2
:1050d40007fb00283fd0fff7d3f9044600283cd152
:1050e4001020fff79ffc4ff6ff720e216846adf8c3
:1050f4000020adf80270cde90144adf80c40fff793
:10510400cbf96b46adf80e0003cb154d6860a96072
:1051140003cb2e1de860296110223146b5f8060143
:10512400fff764fa68b91022b5f8061195f804017e
:105134000cf0aafd18b902211020fff76ffa012024
:1051440007e002211020fff769fa3846fff7f2fa68
:10515400204605b0f0bd0320fbe70520f9e700bfba
:10516400a0ec0020f8b50446fff78af9054668bbb1
:1051740064b10cf05ffd01200cf05cfd4ff4007293
:10518400294613483cf0f8fe002020e0114d95f824
:105194000871e3b29f420cd8fff754fb0028f3d107
:1051a4004ff0200383f31188bff36f8fbff34f8f4a
:1051b400fee705eb8403b3f80961304604f0cefb47
:1051c40010b93046fff7b6fa0134e2e70520f8bd1e
:1051d400a9ed0020a0ec0020014b1860704700bf2f
:1051e400a0ec002008b5fff77bfa003018bf0120bf
:1051f40008bd08b5fff726fb40b94ff0200383f341
:105204001188bff36f8fbff34f8ffee708bd00bf58
:020000040000fa
:020000040100f9
:105214002de9f04f446899b005460f2c00f27085d3
:10522400dfe814f017001a001e00da00de00fe00aa
:10523400530177017b01c90154025e0262026602d6
:105244006a0210002df026fd0024204619b0bde8a6
:10525400f08f01234360f8e709f026fd0446f4e7e4
:1052640001213cf06dfc04460028eed16b6fd5f8ab
:105274006c80162b40f0cd802b685e79012e00f0f7
:10528400ab83d5f898202a2304279a42c0f01681cc
:1052940098f80030022b40f01181474431463846db
:1052a40039f084fd6a6b2b6828819080197991709c
:1052b4005a88824200f262841b888342c0f05e8472
:1052c4003b46d5f838c053f8024f58689968de68f1
:1052d400ccf8e462ccf8d842ccf8dc02ccf8e0128a
:1052e4001c6958699969de69ccf8f462ccf8e84223
:1052f400ccf8ec02ccf8f01297f82240202c00f203
:10530400dd802b68d5f898105b79012b14bf04233a
:105314000c23234403f12702914240f2c2823a193a
:10532400b2f8268098fa98f81ffa88f808f1ff3046
:10533400022840f2c38008f128000344994240f057
:10534400bd80b2f8236092f8253076bab6b2002b4d
:1053540040f09c843046d5f8389038f041f8ab6b77
:10536400c9f80c00d9682846002900f097843cf05d
:10537400b9fcd5f8389099f8003007f1230a002bce
:1053840000f077836b6b03f1100b1cb19a689642a3
:1053940000f0d1836a684ff0000c01326a60514614
:1053a40089f800c058462246c3e902643bf0d2fba8
:1053b4002b68db68043b04e06a6b9268904200f05f
:1053c400788253f8040f0028f6d128462f220221b0
:1053d40033f06cfdbf4c38e709f054fe044634e763
:1053e400826b00230121d7680a933cf0a9fb044691
:1053f40000287ff42aaf6b6f162b0ad1ee6ebb7aae
:1054040032780c2a00f0a58103f0fd03052b00f08f
:10541400448228460a22022133f048fdae4c14e7a8
:10542400836bdb689b7a013bdbb2092b00f268815a
:10543400012606fa03f340f20f32134200f06081b2
:1054440031463cf07dfb044600287ff4feae6b6fd2
:10545400162bded16b68ea6ea96b01336b6013788f
:105464000d2b0cbf0123002381f8983240f0748384
:105474002b68d5f898405b79012b14bf04230c23c7
:105484009c421bd9d15c5818861cb44216d91618f4
:105494000330b6f8016076bab6b2304484420dd90e
:1054a400023131441a440a440333b2f801200b4454
:1054b40052ba13fa82f39c423ff4c6ae2846322213
:1054c400022133f0f3fc854cbfe601213cf038fbac
:1054d400044600287ff4b9ae6b6f162b40f0c983e5
:1054e4002b68d5f898105a79012a14bf04230c2389
:1054f4009942e3d1eb6e1b780e2bdfd16b68012a46
:1055040003f101036b607ff49fae284630f0cef9bf
:105514009be618f09bfc044697e6806bc668b37a5a
:10552400da1e012a40f2f080093b012b40f2ec80a4
:1055340030463cf03dff002840f0a782b37a0b2ba5
:1055440040f09a832b68d5f8c410da690192a86bed
:105554009b6900930431f4300cab4ff4607217f084
:1055640027ff044600287ff470ae2b68a86bda6925
:1055740001929b69009300f53e7100f54f73202260
:10558400f4302af0cbfd044600287ff45eae0427f5
:105594000c9bd5f8c4203b4416201021c5e93203e6
:1055a40011706b68012213446b602846114611f098
:1055b40029f8044649e6836bd0f8c460d3f80c801c
:1055c400d0f8b07000230a930df03af8044600288e
:1055d4007ff43bae98f80a30013bdbb2092b00f2b2
:1055e4005881012202fa03f340f20f32134200f011
:1055f4005081ab6b93f89822002a00f04a81d3f8cb
:105604000822002a00f0ed821168002900f041818f
:105614005268002a00f071835b690ca90baa284622
:105624009847044600287ff410aeaa6bd5f8c4301e
:10563400d26892f80980b8f10a0f00f0208304229e
:105644001a714ff00908ab6b002b00f0d882d3f825
:105654000802002800f0d3824068d5f8c4403cf02a
:105664005ffb6071ab6b296800220b92002b00f08a
:10567400c182d3f80802002800f0bc824068d5f843
:10568400c42000230593f41bce690496c4f56a7400
:1056940089690391013402f108060aafcde9006477
:1056a4000caa414602972af0e1fd044600287ff443
:1056b400ccadbdf82820d5f8c4100a9b52baca80d4
:1056c400d5f8c420083316200f2167e73af096f97d
:1056d4000446bae5009affff0089ffff008dffff33
:1056e4001df09ef90446b0e522f046fe0446ace502
:1056f4001ef0eafe0446a8e50f2343600024a4e557
:1057040006236b600024a0e52b68d5f8c420d96972
:1057140001919b690093503004324ff47a730ca9c1
:105724002cf078fc044600287ff48fad2b68a86b1e
:10573400da6901929b69009300f53e7200f54f719e
:105744002023503025f064fe044600283ff41fafa8
:105754007be52a68d5f898105279012a14bf4ff0d6
:10576400040c4ff00c0c581f06eb0c0203280a9291
:105774000e4440f24b81da1e012a40f260810b2b69
:1057840040f07a820a99a86b721af43021f074fc02
:10579400002840f01381bb7a023b022b79d82b6896
:1057a4000a9f5b79012b14bf04230c23be4206938a
:1057b400c0f06381f21b012a40f25f81b7f80080d8
:1057c400eb6e079398fa98f81ffa88f85ffa88f254
:1057d400ab6b0893104609923df0a0f94fea1829e3
:1057e400834648463cf0a6fa099a069b8246bbf1da
:1057f400000f00f01782002800f014820693089b23
:105804000a9a03f503780232404659460a923cf05c
:10581400effd00283ff4d9ad0a9a069bb11e8a42d7
:105824003ff64cae32f8029b0a9299fa99f91ffaa4
:1058340089f9a6eb0906b2427ff440aebaf1000f33
:1058440000f01a82079a1a44bf1a1346cde9007a67
:105854000ca90baa284624f0d1ff064600287ff4a1
:10586400a8ae594640463cf0c3fd002800f028820b
:105874000a9b0093cde901960b9b0caa5146404626
:105884002ef080fd0346002840f0128240463af094
:1058940015fa6b6801336b60d7e40123c5f8a030b7
:1058a400f7e7263399427ff409ae4ff000083a191e
:1058b40047e537f095fd2b8901461a4628462ff017
:1058c4008bfa00287ad128342744b8f1000f00f06d
:1058d40020817a883b8852ba92b202f104095bbaf9
:1058e400c84516469bb228bf444622d2e6e54ff689
:1058f40001718b4206d1012a60d13b79002b5dd125
:10590400c5f8ec20a41b631f022b4f44a4f104042c
:1059140040f20e81002c00f0fc807e883b8876ba31
:10592400b6b206f104095bbaa14532469bb23ff612
:10593400c5ad0b2b2cd01dd9b3f5807fd7d1ab6b64
:10594400da68927a0b2addd1d3f8f0013df074f8cd
:10595400a86b0023c0e97c333246f430391d27f0ac
:105964007dfb0028ced0044628222846022133f0ad
:105974009dfa6ae4012bc5d12b681b7a002b3ff4f6
:1059840024ad012a7ff421ad3a799a42bad01ce5bc
:10599400002a3ff493ad3b79591c91427ff48eadbc
:1059a40063b17979012910d93a1d1a447b1d03e0aa
:1059b40013f8011f012908d99a42f9d1284628224f
:1059c400022133f073fac24c3fe4a86b80f8501004
:1059d400f4303cf0ddfc95e798f80030032b00f040
:1059e400bf80ab6bd3f858023df026f8ab6b83f85d
:1059f4005c422a68c3f858425679d5f89820012e9b
:105a040015bf2a23322304270c273ee4a1eb0c0103
:105a140001297ff753ad32f8021b49ba89b2b01a93
:105a24008842b8bf0a92fff649ad0a4403f0fd016b
:105a340005290a923ff42daf082b7ff4a0aea86b82
:105a4400324650300aa930f083fe00287ff4bdac02
:105a5400ab6b93f8518040463df06cf800283ff45e
:105a6400b4ac4146284636f0bbf800283ff493ae68
:105a7400abe46b6b03f1100b8ce4964a284632219d
:105a840014463cf07dfcfff7e0bb28683af04aff7f
:105a9400002800f0f1802b685b6f0c939a1db2f51f
:105aa400617f00f20281d5f8c420190a1171d5f87a
:105ab400c42053712b68d5f8c400d3e91c120630f6
:105ac4003bf048f82c68b17a636f052903f10607a7
:105ad40000f08d80082940f0cf80e3690193d5f868
:105ae400c420a86ba36900933a445030c7f561738e
:105af4000ca92cf08ffa044600287ff4a6abb17ae7
:105b0400284620f04df9044600283ff441adfff744
:105b14009cbbab6b1b78002b77d1d5f8ec30002bfa
:105b24007ff492ab2b68db79022b7ff48dab45e7d6
:105b3400684cfff78abbda6894427ff42bac2246a8
:105b44005146584606933af0f7ff069b00287ff427
:105b540021ac0c236b602be4c5f8a060fff775bb88
:105b6400aa6f0e2a7ff6aaacb8f80c305bba23f001
:105b740002039bb24ff6fd618b4207d028464622b2
:105b8400022133f093f9544cfff75fbb98f80e40b1
:105b94000f3aa24208f10f07fff690acab6bd3f8b3
:105ba40058023cf049ff21463046d5f838803cf095
:105bb4003dffab6bc8f85802d3f85802002800f038
:105bc4009980224639463af0c5ffab6b284683f8e4
:105bd4005c426e6033f0cafa044600287ff435aba9
:105be40093e42a68d26c002a7ff40ead51e60023b8
:105bf4000c9385e7c86c00287ff440ad3fe52b6823
:105c0400d86c00287ff428ad27e528460cf018fd51
:105c14000446002881d028465022022133f046f958
:105c2400fff713bba86b296820b190f808e0bef118
:105c3400010f27d0c86d58b1018849b1884503d1f7
:105c4400dce541453ff4daad30f8021f0029f8d114
:105c5400b5f808c040f2033084457ff4b6aba9f12f
:105c64000309b9f1010f3ff6b0ab032a7ff4adabe2
:105c7400c4e51a4cfff7e9ba194cfff7e6ba052256
:105c84001a71e0e4c06c0028d6d1d3e728462f224d
:105c9400022133f00bf9134cfff7d7ba502202213b
:105ca40033f004f9104cfff7d0ba104cfff7cdba1b
:105cb4002846332202211c4633f0f8f8fff7c5ba10
:105cc40028462822022133f0f1f8094cfff7bdba27
:105cd4000092ffff008dffff8091ffff0089ffff0f
:105ce4000094ffff808fffff008fffff0096fffff0
:105cf4000093ffff044cfff7a8ba044cfff7a5bac2
:105d0400034cfff7a2ba00bf0081ffff008affff28
:045d1400008ffffffe
:020000040000fa
:020000040100f9
:105d18002de9f04f1e46c36883b080468a4606f1d7
:105d280008049146002b00f085801146204615f0a6
:105d3800a3fd10b103b0bde8f08fd8f84830002bb0
:105d480000f0af80b6f90c30002bc0f2e580204699
:105d58003df0daf8d8f83c30b0eb430f00f2278278
:105d6800d8f84830204698470028e3d108f10405c0
:105d780009e036f093fe2a46214678b120463df0e8
:105d8800c7f80028d6d1b6f90c3000218b4220463e
:105d9800efdb03e01df00aff0028cbd1294620469f
:105da8001cf0c8fd00282a4621462046f2da0322c4
:105db8002146304625f07efe20b1bbe71df0f6fef9
:105dc8000028b7d1294630461cf0b4fd00282a46e1
:105dd80031463046f2da08f10c0b5846002136f00d
:105de8005dfe002840f05c8106f1100709f1080b00
:105df8005a465946384615f03ffd00289ad1d8f83a
:105e08004830002b00f07d83b6f91430002bc0f227
:105e1800c78138463df078f8d8f83c30b0eb430fee
:105e280000f2c581d8f8483038469847002800f075
:105e380086807fe710321146204615f01dfd0028a8
:105e48007ff478afd8f84830002b00f01e81b6f9ff
:105e58000c30002bc0f2578120463df055f8d8f899
:105e68003c30b0eb430f00f2a281d8f8483020460e
:105e7800984700287ff45eaf08f104050ae036f081
:105e88000dfe2a462146e0b120463df041f80028a3
:105e98007ff450afb6f90c3000218b422046eedb80
:105ea8000fe008f104052a462146204624f0c0fbed
:105eb80000283ff47caf3de71df078fe00287ff412
:105ec80039af294620461cf035fd00282a462146d0
:105ed8002046f1da06f110073846224649463df0d9
:105ee80017f830b126e700bf1df060fe00287ff4e8
:105ef80021af294638461cf01dfd00282a463946a0
:105f08003846f1da06f1180b5846224649463df064
:105f180003f800283ad00de70146204636f0befdca
:105f280000283ff414af42e136f0b8fd2a4639465e
:105f380088b138463cf0ecff00287ff4fbaeb6f998
:105f4800143000218b423846eedb04e01df02efeb3
:105f580000287ff4efae294638461cf0ebfc0028f9
:105f68002a4639463846f1da012138462df06cface
:105f780000284cd0dee636f091fd2a46594658b145
:105f880058463cf0c5ff00287ff4d4aeb6f91c3063
:105f980000218b425846eedb5a463946204615f01a
:105fa8006bfc00287ff4c6aed8f84830002b00f010
:105fb800ba82b6f90c30002bc0f2db8220463cf0e6
:105fc800a3ffd8f83c30b0eb430f00f2f080d8f8cc
:105fd80048302046984768b1ace636f05ffd2a465f
:105fe8002146002800f0438120463cf091ff00281c
:105ff8007ff4a0aeb6f90c3000218b422046ecdbd2
:1060080035e100bf1df0d2fd00287ff493ae29468c
:1060180038461cf08ffc00282a4639463846f1da03
:106028003a464946204615f027fc00287ff482ae00
:10603800d8f84830002b00f08082b6f90c30002bdd
:10604800c0f29f8220463cf05fffd8f83c30b0ebae
:10605800430f00f2ac80d8f848302046984768b122
:1060680068e636f01bfd2a462146002800f0a78086
:1060780020463cf04dff00287ff45caeb6f90c30aa
:1060880000218b422046ecdb99e008f104052a4602
:106098002146204624f0ccfa00283ff41baf49e6fd
:1060a80009f110021146204615f0e6fb00287ff49e
:1060b80041aed8f84830002b00f02c82b6f90c30ed
:1060c800002bc0f24e8220463cf01effd8f83c3030
:1060d800b0eb430f6bd8d8f848302046984758b1f2
:1060e80028e636f0dbfc2a462146d0b120463cf0b3
:1060f8000fff00287ff41eaeb6f90c3000218b424a
:106108002046eedb0de00146204636f0c7fc0028ad
:106118003ff4a2ae4be000bf1df048fd00287ff41d
:1061280009ae294620461cf005fc00282a462146cf
:106138002046f1da06f1100738462246214615f0c6
:106148009bfb00287ff4f6add8f84830002b00f010
:10615800fe81b6f91430002bc0f2258238463cf097
:10616800d3fed8f83c30b0eb430f20d8d8f84830ed
:106178003846984768b1dde536f090fc2a4639463e
:10618800002800f09a8038463cf0c2fe00287ff4d0
:10619800d1adb6f9143000218b423846ecdb8ce0e7
:1061a8000146384636f07afc00283ff432aea14862
:1061b800c0e500bf1df0fafc00287ff4bbad2946fe
:1061c80020461cf0b7fb00282a4621462046f1da73
:1061d800012120462df038f928b1abe51df0e6fc89
:1061e80000287ff4a7ad294620461cf0a3fb002811
:1061f8002a4621462046f1da06f1180318463a469f
:106208003946019315f038fb00287ff493add8f890
:106218004830002b00f0cf81b6f91c30002bc0f2bb
:10622800dc8101983cf070fed8f83c30b0eb430fad
:10623800bdd8d8f848300198984760b17ae536f06b
:106248002dfc2a460199002879d001983cf060fe7f
:1062580000287ff46fadb6f91c30019800218b42fd
:10626800eddb6ce01df0a2fc00287ff463ad29464d
:1062780020461cf05ffb00282a4621462046f1da1a
:1062880003222146304625f015fc00287ff452ad44
:10629800294630461cf04efb00282a463146304637
:1062a800fff6a4ad1df082fc0028f1d042e500bf46
:1062b8001df07cfc00287ff43dad294638461cf0d3
:1062c80039fb00282a4639463846f1da5a46394613
:1062d800204615f0d1fa00287ff42cadd8f84830c4
:1062e800002b00f05681b6f90c30002bc0f26d81fe
:1062f80020463cf009fed8f83c30b0eb430f3ff69f
:1063080056afd8f848302046984760b112e536f0c5
:10631800c5fb2a46214600286bd020463cf0f8fdf4
:1063280000287ff407adb6f90c3000218b422046d7
:10633800eddb5ee01df03afc00287ff4fbac29465b
:1063480001981cf0f7fa019b00282a4619461846be
:10635800f0da012101982df077f830b1eae400bfb6
:106368001df024fc00287ff4e5ac294601981cf0b8
:10637800e1fa019b00282a4619461846f0da324607
:106388003146384615f078fa00287ff4d3acd8f8af
:106398004830002b00f02981b6f91430002bc0f2e8
:1063a8002e8138463cf0b0fdd8f83c30b0eb430fb6
:1063b8003ff6fdaed8f848303846984760b1b9e4a2
:1063c80036f06cfb2a46394600283ad038463cf06d
:1063d8009ffd00287ff4aeacb6f9143000218b4243
:1063e8003846eddb2de000bf1df0e0fb00287ff410
:1063f800a1ac294620461cf09dfa00282a462146d1
:106408002046f1da2246314630463cf081fd00282c
:106418007ff490ac294630461cf08cfa00282a46b6
:1064280031463046fff6e2ac1df0c0fb0028f1d043
:1064380080e400bf80b0ffff1df0b8fb00287ff4a8
:1064480079ac294638461cf075fa00282a463946a0
:106458003846f1da23463a463946404632f044fe99
:1064680000287ff467ac23463a463946404632f066
:106478003bfe00287ff45eac3b4622462146404660
:1064880032f032fe00287ff455ac334622462146ce
:10649800404622f05ffa00287ff44cac019d22466a
:1064a8002b462146404632f01ffe00287ff442acbe
:1064b80009f110035a462946404622f04bfa0028b3
:1064c8007ff438ac40460122294633f053fd0028ba
:1064d8007ff430ac3946504623f02efc00287ff478
:1064e80029ac21460af1080023f026fc00287ff495
:1064f80021ac29460af1100003b0bde8f04f23f0a3
:106508001bbc2a463946384624f092f800283ff446
:106518002bad0fe42a462146204624f089f80028ae
:106528003ff408ae06e42a462146204624f080f8c7
:1065380000283ff4a5aefff7fdbb2a4621462046ba
:1065480024f076f800283ff443aefff7f3bb2a4661
:106558003946384624f06cf800283ff4b7aefff708
:10656800e9bb0146204636f099fa00283ff4abad66
:106578001de60146204636f091fa00283ff41ead8c
:1065880015e60146204636f089fa00283ff45aad50
:106598000de62a462146204624f04af800283ff412
:1065a80031affff7c7bb0146384636f077fa002807
:1065b8003ff4d4adfbe501982a46014624f038f8ab
:1065c80000283ff4c6aefff7b5bb0146204636f0bb
:1065d80065fa00283ff48caee9e50146019836f0eb
:1065e8005dfa00283ff41daee1e52a4639463846f3
:1065f80024f01ef800283ff42daffff79bbb01469f
:10660800384636f04bfa00283ff4cbaecfe500bf52
:020000040000fa
:020000040100f9
:106618002de9f04f9fb00e460390914698460446e8
:10662800002506e0d4f890312546002b00f03f8184
:106638001c46e369002bf5d112af0df1540b0df197
:10664800600a129315931893c7e90133cbe9013314
:10665800cae90133002e00f02f8206eb09010caacb
:106668000da83023cde90c9637f0cefd002840f078
:106678002782dde90c2303eb0209a9eb0601a160df
:10668800b8f1000f40f0f381e660c4f80080a36120
:1066980030230deb030249460da837f0b5fd064639
:1066a800002840f0d881dde90c21a36901eb02083c
:1066b800a8eb0303636141461baaa0230da837f08a
:1066c800a3fd002800f01c8110f1620f00f0ea81a0
:1066d800a0f50656002e40f0ba8104f1200241468a
:1066e8000da830f00df80646002840f0b08104f1fe
:1066f8002c0304931a4641463b460da83bf05efe28
:106708000646002840f0a381e369022b00f2df81ee
:10671800013304f5c672e36139460092049804f225
:10672800891304f5c47232f09ffc0646002840f035
:106738008e810d9b236430230deb030241460da887
:1067480037f062fd0646002840f08581dde90c310e
:1067580004f1500219440da818f0d6ff0646002887
:1067680040f07581226c0d9b9b1ae3631baa3023b2
:1067780041460da837f048fd002840f098810d9f4c
:106788001b9b1f44394604f190020da80ff03cf8fa
:106798000646002840f05b8104f1a80239460da89e
:1067a8000ff032f80646002840f051810d9b9f42b9
:1067b80040f08d82e3640caa302341460da837f0df
:1067c80023fd0646002840f04681dde90c1351b14f
:1067d800194404f170020da818f096ff0646002827
:1067e80040f035810d9be26cc4f8c8309b1aa36455
:1067f80004f1cc0241460da81ff010fa0646002805
:1068080040f025810d9bd4f8c8201946e369023b66
:106818008a1a012bc4f8c42040f28780884534d1f5
:106828005b46524649460da83bf0c8fd064600287f
:1068380040f00d81226b199b9a4240f0a9811a9968
:10684800606b3af077f9002840f0a281129a159b04
:106858009a4240f09d81139a169b9a4240f0988183
:1068680032b1179914983af065f9002840f09081f0
:106878000da804f5be72494632f0d6fb064600283c
:1068880040f0e5800d9b99450dd0204629f024fd68
:10689800b94e15b10023c5f89031039ba34202d02d
:1068a80020463cf0c7f830461fb0bde8f08f4ff4e3
:1068b800ca71012004933cf0b7f8049bc4f8900116
:1068c800002800f0fb804ff4ca72194604933bf08d
:1068d80051fb049bd4f89021129312af0df1540b85
:1068e8000df1600a15931893c7e90133cbe9013319
:1068f800cae901332546002a00f0d6801446a9e6e5
:106908000d9a1b9bd618314604f11c020da83cf0c9
:10691800effa002840f0c0800d9b9e423ff4ddaea8
:10692800204629f0d9fc954eb3e7012304f1d4029f
:1069380041460da834f088fa0646002840f08780c2
:10694800e369023b012b00f21481022304f1e00207
:1069580041460da834f078fa0646002877d1e36955
:106968000d9a032b11467ff459af90453ff458af69
:1069780004f1ec0241460da82ef0e6ff0646002879
:1069880065d1d4e93c32cde90698cde908bad318e7
:106998000d9f0a9304950a9bbb4240f28b82002507
:1069a8000eaa30230a991d950da8cde91b55cde9ee
:1069b8000f5537f029fc002840f0d180dde90d6340
:1069c8001e44314606231caa0da837f01dfc0028da
:1069d80040f0c5800d9b1c9a1d9306251344314633
:1069e8000faa0da80d931b952ff04ef818b110f1b2
:1069f800620f40f0b4800eaa042331460da837f088
:106a080003fc002840f0ab800d9b0e9f0b931f44a6
:106a1800be4240f0008110a91ba831f0a1fb00285c
:106a28005ad0289a0f9b002a00f0b7800d9a214669
:106a3800cde90027dde928501baaa847064600280b
:106a480000f08b800f9b002b00f08780049d204670
:106a580029f042fc1de7a6f50656204629f03cfc25
:106a6800002e7ff416af30461fb0bde8f08f01202e
:106a78003bf0daff0d90e06038b33146a2683af097
:106a880067f8dde90c31a268d31a0b4401202060b5
:106a980001eb02090d93fae5a0f50856002e3ff424
:106aa8001caed4e7e66118e6354e1446f2e6b0f5ba
:106ab8001056ccd10d9b7de6314eeae6314ef2e61a
:106ac800204629f009fc304ee3e62e4ee1e620464a
:106ad80029f002fc2d4edce6d4f85821109b12ea6e
:106ae800030540f08d811a43082bc4f8582100f0a3
:106af800128122ddb3f5807f00f0968111ddb3f5b8
:106b0800006f51d0b3f5803f1fd1394604f5bc72f0
:106b18000da832f0c9fa0646002897d10d9d2f46d8
:106b280039e7202b11d1314604f1f8020da833f0d2
:106b380003fa06460028f1d088e7022b00f0af8060
:106b4800042b00f0a180012b3ed00f9b002b40f0be
:106b5800df803d460d972f461de70d971be7a0f5f3
:106b68001456049ddde90698dde908ba002e7ff485
:106b78006eaf0d9b194651e61adeffff9addffff47
:106b880000d8ffff80d7ffff80deffff80daffff1e
:106b9800204629f0a1fb9c4e7be60d96002b3ff486
:106ba800faae049d994e52e73146062304f5b472b5
:106bb8000da834f0abff002861d1d4f87031002b58
:106bc800acd1049d924e42e70df144084246302371
:106bd80039460da8119537f017fb002849d10d9bb0
:106be800119a13449f4216d18023424639460da874
:106bf80037f00afb002837d1119b0d9dc4f81c51b2
:106c080004221d44c4f818310d95c4f81421af426c
:106c180004d8af4283d0049d7e4e18e7a123424694
:106c280039460da837f0f0fa18bb0d99119b04f5f9
:106c3800907219440da81af0fbf9064600287ff453
:106c480005af4246822339460da837f0ddfa80b9f0
:106c5800119b0d9dc4f8385102221d44c4f83431eb
:106c68000d95c4f83021d4e710f1620f01d10d9dc4
:106c7800cde7a0f51456002e3ff450afe6e6b0f588
:106c880014563ff44bafe1e6314604f5b2720da855
:106c98002ef082fe064600283ff440afd6e60423d5
:106ca80011aa31460da8119537f0aefa0028e6d1a1
:106cb800119b0d9dc4f810511d440422ae42c4f826
:106cc8000c310d95c4f80821a5d12f4663e620465e
:106cd80029f002fb504edce5059ca0f51456002e69
:106ce8003ff41caf16f5025f7ff4b0ae289b5bb192
:106cf8000b9b009301970f9b1baa2146dde92850a7
:106d0800a84700283ff40aaf0f9b002b3ff406afbb
:106d1800049d424e9be60df1440842463023394615
:106d28000da837f071fa06460028d6d10d9d119ba3
:106d3800ea1897427ff46faf002b3ff46caf04f56d
:106d4800a47905941fe0354ed9f808207ab1d9f80e
:106d58000c20002a40f0bf80102101203bf064fe87
:106d6800c9f80c00002800f0b2800d9d814606226b
:106d7800c9e90024119bc9f808b01d44aa450d951e
:106d880028d8aa4524d1af4232d9302342463946c1
:106d98000da837f039fa00289ed10d9a119b02eb05
:106da800030a5146062342460da837f02dfa00285b
:106db80092d1119c0d9d042cab46c4d12246294684
:106dc800174839f0b7fe154a002818bf1646bbe722
:106dd800059c20e73023424651460da837f014faa7
:106de80000287ff479af0d9d119b1d440d95c8e7d0
:106df8004ff00003059cc9f80c303ff470af0ae768
:106e0800049d084e23e600bf80d9ffff9edaffffee
:106e18009cdaffff9adaffff9adbffff80dfffffb4
:106e28000c24040100dbffffc4e957553146302329
:106e380011aa0da837f0e8f900287ff41aaf0d9dc4
:106e4800af423ff46cae04f5ae752a4639460da83c
:106e58002ef01afe88b110f1620f7ff40aaf2a46ad
:106e680039460da83cf044f800287ff402afd4f866
:106e78005c3113b10123c4f85c310d9daf423ff47e
:106e88004eae04f5b07239460da83cf031f8002832
:106e98007ff4efae0d9daf427ff4bdaed4f8603104
:106ea8006ff0004293423ff48cae0133c4f8603176
:106eb8002f4670e5049ddde906983946dde908baf4
:106ec8003ff4acac204629f007fa054ee1e4dde9d1
:106ed8000454044ebbe5dde90454034eb7e500bf96
:0c6ee8009adaffff96daffff00dbffffe5
:020000040000fa
:020000040100f9
:106ef400086800b1084470470920704703685a00c5
:106f04004cbf43f0004323f00043184470472de97d
:106f1400f0470746164621b301f1ff38c1464ff04a
:106f2400000a00bf0aeb090404ebd4746410e50002
:106f340079190846fff7e2ffa04515d0b04204d9fd
:106f4400a2450dd004f1ff39ece705f108003844ff
:106f5400fff7d4ff0138b04203d204f1010ae1e79c
:106f640000210846bde8f087b042e9d8f9e70128d6
:106f740006d0022806d00028034818bf0020704716
:106f84000248704702487047657500016975000141
:106f94006d750001214b37b504468d1e4bb101a917
:106fa4002846aff3008048b900232361092003b0c9
:106fb40030bd1b481b4b1b1adb10019301992a4659
:106fc400fff7a5ff01460028eed0fff797ff4b68b7
:106fd400a064012b03d1002323610520e7e7002be4
:106fe40001f1040010dae0640123e06c2365036816
:106ff400002b0edac3f30360fff7b9ff002820610a
:1070040014bf00200920d2e7fff778ff0023e064d3
:10701400ebe7fff773ff20610020c8e700000000e2
:107024009407000100c007010368da0710b504469d
:1070340006d413f0020f00f1480018d011f0f8fb49
:107044002368590703d404f1d00011f0f9fb236835
:107054001a0703d404f5a87011f0fafb2368db06c1
:1070640008d404f5e870bde8104011f035bc11f007
:10707400d7fbe5e710bd704770b505460c46216c9b
:107084002846fff787ff064608b13bf0ffff236c55
:107094006b6122462b692946012098470828eed0c7
:1070a4000728f2d13046216cfff7e5ff201d11f0cf
:1070b400abfb2de9f047adf5727d02acd0f80c9036
:1070c400d0f818a0054690460431402203a80027b2
:1070d40039f040fd2760216c2846fff75bffb8f1cb
:1070e400000f14bf4ff00a084ff00908064650bbc2
:1070f400236c6b614ff4f07221467aa839f02afdb3
:107104002b697aaa294640469847889b07466364b8
:107114002a46cde9004a2b4641460120c847b0b96a
:10712400b6b94ff4f0727aa9204639f013fd082f4e
:10713400b046d0d0072f0ad13046216cfff79bff11
:1071440003a811f061fb48f01008a36bdfe70926e0
:1071540030460df5727dbde8f087406c704770b520
:10716400cb6b0b64f8b004460d464022043101a8f1
:1071740039f0f0fc4ff0ff33009310992046fff7ed
:1071840009ff78b923696a462146984708280646c4
:10719400f3d06846fff748ff062e03d12946204660
:1071a400fff76aff092078b070bd10b48261da6b12
:1071b400c1605df8044b1a641946002279e770b582
:1071c400c66843690b6404460d4626b10122fff7e5
:1071d40070ff3bf05bff03690a46014602209847b3
:1071e400072805d00828f4d129462046fff744ff94
:1071f4003046296cfff73fff281d11f005fbc268dc
:1072040002b9ace7ca6b0a64002252e7704783688c
:1072140001460bb1012018477047042910d8dfe854
:1072240001f0030d0f0d0d0053b90f2a08d800eb20
:107234008200009a41681160184670470123fbe7f9
:107244000223f9e71fb503ab009300230a4619464e
:10725400fff7e3ff039805b05df804fb042910d899
:10726400dfe801f0030d0f0d0d0053b90f2a08d804
:10727400009900eb820009684160184670470123b9
:10728400fbe70223f9e71fb503ab00930023039246
:107294000a461946fff7e2ff05b05df804fb70b536
:1072a400d36b1364adf50e7d0e46114605464022a0
:1072b400043117a839f04efc4ff0ff33169326998a
:1072c4006846fff767fe90b90c2116a86a46fff7d7
:1072d400daff314616a8a84748b9049b16aa69469e
:1072e400082098470528044602d00928e7d1092434
:1072f40016a8fff799fe20460df50e7d70bd2de909
:10730400f04fce6c87b0174656f8042b00900d460c
:1073140000f00309cde903269a4613bb12020323a6
:107324000392adf814302b6db9f1020f08bfae6ba8
:1073340013f0010838d04ff00008baf1020f40f3ff
:10734400fc80aaf104035a425a4103993846fff7d4
:10735400d3fd00285ad1b8f1000f40f0f380082083
:1073640055e0022bdfdc130c12048df81530039268
:10737400dbb202228df8142006eb8306d3e7002348
:1073840037e0341db9f1000f0dd063b13046fff77b
:10739400b5fdac630646284633f0bcf8002835d06a
:1073a40032460f2176e02646d6f800b0bbf1000f36
:1073b400c3d0baf1020f0cbf74687488a96c18bfeb
:1073c400b6f800b024f0010303eb010238464ff095
:1073d4000f010cbf083604360192fff733ff019a00
:1073e4008242ccd82bf001031344834294bf002380
:1073f4000123600000f002000bf0010b40ea0b04d3
:10740400012c07d0002cbcd0022c4ad0092007b094
:10741400bde8f08fb9f1000f28d1002b3fd073687d
:107424003268981c4fead272f0d005f1580101334a
:1074340002910ad0311d4846fff75afd02ab0146be
:1074440028461ff077f9044648b30d213846fff764
:10745400f9fe022c2862029a04d12b4643f82c2f01
:107464006b6200e06a62ae620620d0e70d21384606
:107474002c6afff7e7fe844211d1ab6a9e420ed11b
:107484003046fff73bfd0f2102463846fff7fbfe6f
:107494002a4600213846fff7f6fe0720b7e70836ec
:1074a40082e7346824f00044b9f1000f28d1fbb11d
:1074b400009b190707d5dcb90d213846fff7c2fe3a
:1074c400029b2862cce7cb46a345f5d00bf1010b18
:1074d40005f1580306eb8b0100200293fff708fd2a
:1074e40002ab0146002228461ff024f90028ebd005
:1074f4003368002bb8bf0436013406eb840653e727
:107504000d213846d5f820b0fff79cfe8345efd116
:10751400ab6a9e42ecd14ff000080423c5e90b830b
:10752400f318ac626b633368434503da601c06eb03
:107534008000a6e74ff00108dae703a938460af00d
:10754400d0fd06e70f213846fff77cfe0e210246e8
:107554003846fff798fe014a23e700bf8d3c02013d
:107564000023cce60123cae60223c8e62de9f04154
:107574000546c2b014469846042900f2bc80dfe8f0
:1075840011f005002100ba00b200df00b8f1000fcd
:1075940040f0b18091b2836b424601202e1d00bfa2
:1075a40000fa02f70f421cbf53f8047b46f822701e
:1075b4000132102af4d1a10400d4ab63404642b096
:1075c400bde8f08108f0fb03012b4fea124694b2a8
:1075d40040f09180b8f1010f06eb040740f0d6802b
:1075e400102f00f288800f2e00f28580002705e01e
:1075f400102ffbd9b8f1050f7dd1103f2b68da07a6
:107604000cd5284623f00102b8f1050f40f8482ba9
:1076140018d142f002022a6011f00ef94fb12b6822
:10762400580706d5284623f0040340f8d03b11f050
:107634000bf9b8f1010f0bd120a811f0f5f88fb9af
:10764400002711e023f003032b6011f0edf8e5e7c8
:107654000f2e02d820a811f0eff8002ff0d06846c2
:1076640011f0f2f8c6f11004ab6b002c19460bddd7
:1076740020aa02ebc602e1005018a3eb020c8242de
:1076840002eb0c0420d1194487b1102e324642abd0
:1076940038bf102203ebc202a2f5c472fc0000231f
:1076a400c858d05004339c42fad12144b8f1010f98
:1076b40008bf0431b8f1010fa96309d120a811f062
:1076c400aff84ff0000879e7246842f8044bd6e796
:1076d4000f2e02d820a811f0abf8002ff1d0684685
:1076e40011f0aef8ede7b8f1030f04d1160c94b223
:1076f4003319102b02d94ff002085fe7036819070a
:1077040006d523f00803036000f5a87011f0c2f851
:1077140020a811f0bff8aa6b20ab03ebc603e4006a
:107724001919d61a8b4203eb060005d11444ac6335
:1077340020a811f08df8c4e7006843f8040bf1e7c2
:10774400b8f1000fd7d1102ad5d80368da0606d5c8
:1077540023f01003036000f5e87011f0c7f820aec1
:10776400304611f0c3f8ab6b0022012101fa02f09c
:1077740020421cbf53f8040b46f822000132042aad
:10778400f4d1ab63304611f0a7f817e7202fb2d835
:107794000f2e7ff62daf2746002c3ff451afb8f1e2
:0877a400050fa8d13be700bf6f
:020000040000fa
:020000040100f9
:1077ac00686d61635348413232340000484d4143a7
:1077bc002d5348412d323234000000002a86488671
:1077cc00f70d020900000000686d616353484132f7
:1077dc0035360000484d41432d5348412d32353646
:1077ec000000000069642d736861323234000000bf
:1077fc005348412d3232340069642d73686132353f
:10780c00360000005348412d323536006465734311
:10781c00424300004445532d434243002a86488688
:10782c00f70d0307000000006465732d6564653374
:10783c002d636263000000004445532d45444533dd
:10784c002d4342430000000060864801650304019b
:10785c00020000006165733132382d6362630000f1
:10786c004145533132382d43424300006086480174
:10787c0065030401160000006165733139322d6314
:10788c00626300004145533139322d4342430000bd
:10789c0060864801650304012a00000061657332ab
:1078ac0035362d63626300004145533235362d4326
:1078bc00424300007365637032353672310000004c
:1078cc00727361456e6372797074696f6e0000003b
:1078dc005253410069642d65635075626c69634b4a
:1078ec006579000047656e65726963204543206bbe
:1078fc00657900002b8104010c00000069642d6582
:10790c00634448004543206b657920666f722045bf
:10791c004344480065636473612d776974682d5323
:10792c0048413232340000004543445341207769ca
:10793c007468205348413232340000002a8648ce05
:10794c003d0403020000000065636473612d7769d8
:10795c0074682d534841323536000000454344537a
:10796c004120776974682053484132353600000055
:10797c00616e79506f6c696379000000416e7920fb
:10798c00506f6c696379000069642d6b702d7365a1
:10799c00727665724175746800000000544c532077
:1079ac0057656220536572766572204175746865ff
:1079bc006e7469636174696f6e0000002b060105bb
:1079cc00050703020000000069642d6b702d636cc9
:1079dc0069656e744175746800000000544c532046
:1079ec0057656220436c69656e74204175746865d7
:1079fc006e7469636174696f6e0000002b0601057b
:107a0c00050703030000000069642d6b702d636f84
:107a1c0064655369676e696e67000000436f646547
:107a2c00205369676e696e67000000002b06010524
:107a3c00050703040000000069642d6b702d656d53
:107a4c0061696c50726f74656374696f6e000000cd
:107a5c00452d6d61696c2050726f74656374696f2c
:107a6c006e0000002b06010505070308000000004e
:107a7c0069642d6b702d74696d655374616d7069db
:107a8c006e67000054696d65205374616d70696e8a
:107a9c00670000002b060105050703090000000024
:107aac0069642d6b702d4f4353505369676e696e2b
:107abc00670000004f435350205369676e696e672f
:107acc00000000002b0601040182e42501000000e7
:107adc0069642d6b702d776973756e2d66616e2dd3
:107aec00646576696365000057692d53554e2041d6
:107afc006c6c69616e6365204669656c64204172cb
:107b0c006561204e6574776f726b202846414e2953
:107b1c000000000069642d63652d62617369634325
:107b2c006f6e73747261696e747300004261736975
:107b3c006320436f6e73747261696e74730000001e
:107b4c00551d0f0069642d63652d6b657955736147
:107b5c00676500004b65792055736167650000000f
:107b6c00551d250069642d63652d6578744b657909
:107b7c005573616765000000457874656e646564d3
:107b8c00204b65792055736167650000551d110008
:107b9c0069642d63652d7375626a656374416c74d9
:107bac004e616d65000000005375626a6563742058
:107bbc00416c74204e616d650000000060864801c8
:107bcc0086f842010100000069642d6e65747363d0
:107bdc006170652d636572747479706500000000c6
:107bec004e65747363617065204365727469666970
:107bfc00636174652054797065000000551d200088
:107c0c0069642d63652d636572746966696361745b
:107c1c0065506f6c6963696573000000436572742d
:107c2c006966696361746520506f6c69636965731b
:107c3c0000000000551d0e0069642d63652d7375e1
:107c4c00626a6563744b65794964656e74696669cb
:107c5c00657200005375626a656374204b65792008
:107c6c004964656e7469666965720000551d230070
:107c7c0069642d63652d617574686f726974794bd5
:107c8c0065794964656e7469666965720000000007
:107c9c00417574686f72697479204b6579204964f9
:107cac00656e7469666965720000000069642d6117
:107cbc00742d636f6d6d6f6e4e616d65000000000d
:107ccc00436f6d6d6f6e204e616d6500434e00000d
:107cdc005504060069642d61742d636f756e7472a2
:107cec00794e616d65000000436f756e747279009a
:107cfc00430000005504070069642d61742d6c6ffe
:107d0c0063616c69747900004c6f63616c697479a0
:107d1c00000000004c0000005504080069642d614f
:107d2c00742d737461746500537461746500000084
:107d3c005354000055040a0069642d61742d6f7250
:107d4c0067616e697a6174696f6e4e616d65000072
:107d5c004f7267616e697a6174696f6e0000000022
:107d6c004f00000055040b0069642d61742d6f7277
:107d7c0067616e697a6174696f6e616c556e697456
:107d8c004e616d65000000004f726720556e69747e
:107d9c00000000004f5500002a864886f70d0109a7
:107dac0001000000656d61696c41646472657373f8
:107dbc0000000000452d6d61696c20616464726582
:107dcc00737300005504050069642d61742d73658f
:107ddc007269616c4e756d626572000053657269f3
:107dec00616c206e756d626572000000736572695e
:107dfc00616c4e756d6265720000000055041000d8
:107e0c0069642d61742d706f7374616c416464725c
:107e1c0065737300506f7374616c20616464726578
:107e2c0073730000706f7374616c4164647265737a
:107e3c00730000005504110069642d61742d706f7e
:107e4c007374616c436f646500000000506f737451
:107e5c00616c20636f646500706f7374616c436f49
:107e6c00646500005504040069642d61742d7375fc
:107e7c00724e616d650000005375726e616d650028
:107e8c00534e000055042a0069642d61742d6769f6
:107e9c0076656e4e616d6500476976656e206e6124
:107eac006d650000474e000055042b0069642d6180
:107ebc00742d696e697469616c730000496e697424
:107ecc0069616c7300000000696e697469616c73a0
:107edc000000000055042c0069642d61742d676549
:107eec006e65726174696f6e5175616c69666965f6
:107efc007200000047656e65726174696f6e207167
:107f0c0075616c69666965720000000067656e6575
:107f1c00726174696f6e5175616c69666965720026
:107f2c0055040c0069642d61742d7469746c6500c2
:107f3c005469746c650000007469746c6500000011
:107f4c0055042e0069642d61742d646e5175616c3d
:107f5c00696669657200000044697374696e6775bf
:107f6c006973686564204e616d65207175616c691b
:107f7c006669657200000000646e5175616c69661b
:107f8c00696572005504410069642d61742d70732c
:107f9c006575646f6e796d0050736575646f6e797d
:107fac006d00000070736575646f6e796d00000074
:107fbc000992268993f22c640101000069642d75e5
:107fcc00696400005573657220496400756964002a
:107fdc000992268993f22c640119000069642d64be
:107fec006f6d61696e436f6d706f6e656e740000be
:107ffc00446f6d61696e20636f6d706f6e656e742a
:10800c00000000004443000055042d0069642d61fc
:10801c00742d756e697175654964656e74696669f0
:10802c0065720000556e69717565204964656e74e2
:10803c006966696572000000756e697175654964e1
:0c804c00656e746966696572000000bf13
:020000040000fa
:020000040100f9
:10805800044b5a6842f480025a605a6822f400625b
:108068005a607047004001414ff0824310b59a6949
:10807800120f31d103f5b033324919603249196111
:108088003249596132499961324959624ff41401b0
:1080980099623149d96201f5172101f24e612f48e1
:1080a800196358632e4898632e48d8632e4818647d
:1080b8002e482f4b036043f642444460c2602d4a69
:1080c8002d48106053602d4b2d4a1a602d4a596077
:1080d8009a602d4ada6010bd9b691b0f012bfad1fb
:1080e8002a4b184a1a60184a1a61294a5a61294ab9
:1080f8009a61294a1a4b1749136091604ff4140189
:10810800d160264911612649264a27480a604860f5
:108118008b60264b26491960264959601449996095
:1081280043f64241d960002159612349d961234965
:108138001962234959629a62224ada62124a1a6318
:10814800c9e700bf212200800a14260610320d124a
:108158001c28402006421e3e0600030e1a2700383f
:10816800f7ff4c463832d44e32400030446001416b
:10817800544e4c4658600141514b383260600141c1
:10818800383256ce1a27544e4c46383200600141d8
:1081980010320c101a2740201c6001410600060e00
:1081a8003060014154760c0e1a2600383c600141bb
:1081b8003832544e324000204e483832514b4640f7
:1081c800322c50c81926544ec82300bf00bf00bf28
:1081d80000bf00bf00bf00bf00bf00bf00bf00bf9f
:1081e80000bf00bf00bf00bf00bf00bf00bf00bf8f
:1081f80000bf00bf00bf013b13f0ff03e5d170478c
:1082080008b54ff082439b691b0f5bd141f24401d3
:10821800032014f053fe43f6ff41522014f04efea3
:1082280047f20801542014f049fe48f24e515e20ee
:1082380014f044fe47f28241602014f03ffe4cf6f1
:108248001701612014f03afe4cf61701632014f070
:1082580035fe41f20731652014f030fe49f207215e
:10826800672014f02bfe47f28241682014f026fea6
:108278004bf21561692014f021fe4bf215616b2059
:1082880014f01cfe41f205316d2014f017fe49f27e
:1082980005216f2014f012fe48f20701772014f030
:1082a8000dfe49f61e61e92014f008fe4ff6017133
:1082b800ef2014f003fe40f68321f920bde80840c2
:1082c80014f0fcbd08bd70472de9f74302221146a2
:1082d8000123332014f020fe0c221146012319201b
:1082e80014f01afe002211460123152014f014fe82
:1082f8000822104600230a2114f00efe0722114618
:108308000123092014f008fe01231a461946092002
:1083180014f002fe00231a461946092014f0fcfd49
:108328000f2211460123002030f0f6f800230d2219
:108338001146184630f0f0f80122114600234c206f
:1083480030f0eaf80322114600234c2030f0e4f81c
:108358000422114601234c2030f0def84ff400735c
:1083680000220c21262014f0d7fd142014f010fe52
:10837800042400250022012311464c2030f0ccf8bb
:10838800002211464c2030f0daf802460028f7d1d6
:108398000f214e2030f0d3f8013c14f0ff040544bf
:1083a800e8d1284638f0e2fb0022534b15f0ccf90f
:1083b8000022524b04460d4632f042fe00220028ad
:1083c80000f089804e4b204629463af059fe4d4b25
:1083d800002215f0b9f942a3d3e9002315f0b4f946
:1083e8000022494b494c0df003f9d4e90423064611
:1083f8000f463da1d1e900010df0faf8d4e90223b6
:1084080080468946304639463af03afe02460b46df
:108418004046494615f098f9d4e900233af030fe71
:1084280033a3d3e900230df0e3f82ef0bffa0023bd
:1084380001901a460c21262014f06efd02221146e6
:108448000023332014f068fd0c2211460023192064
:1084580014f062fd00231a461946152014f05cfd3d
:108468000822104605230a2114f056fd072211465a
:108478000023092014f050fd012211460023092091
:1084880014f04afd00231a461946092014f044fd49
:1084980000230f221146184630f03ef80d221146ef
:1084a8000123002030f038f80122114600234c2027
:1084b80030f032f80322114600234c2030f02cf81b
:1084c8000422002311464c2030f026f89ded010ac5
:1084d80003b0bde8f0830b4b2046294679e700bf7f
:1084e800666666666666e63f3d0ad7a3703dda3f74
:1084f800bc5983f755b9603f0000d03f0000e04009
:108508000000f0400000503f0000f83fe01100205c
:1085180070b5a4b0044674220e4607a8002139f0ad
:1085280029fd5f4b06930a935e4b0c935e4b5f4aa3
:108538005f486049604d0e93129303f14643cde9bd
:108548000420cde9081003f60d730138cde9105069
:108558000d90149359485a4b20925a4a5a4d1c91df
:10856800cde9150359495a481a93cde92123594aa7
:10857800cde91d13cde91850516810686b4603c347
:108588009068d168272c03c36bdc0a2c75da14f1c8
:108598000b0f74dc1934b4bf002001204e4b1a783d
:1085a80082427ad01870050124ab002e69d15c197b
:1085b8000b2214f8803c0f21e52014f0adfc14f8d0
:1085c8007f3c0b220f21e72014f0a6fc24ab1d44ae
:1085d800072215f87e3c0821fc2014f09dfc15f8b4
:1085e8007d3c04220521e12014f096fc15f87c3c22
:1085f80006220721e12014f08ffc15f87b3c0222ab
:108608000321e52014f088fc15f87a3c00220321a8
:10861800e72014f081fc15f8793c04220721e720b3
:1086280014f07afc15f8783c01220321e22014f0ba
:1086380073fc15f8773c032204210a2014f06cfc23
:1086480015f8763c0e220f21512014f065fc15f820
:10865800753c08220e21522024b0bde8704014f069
:108668005bbc4f2c04dc3b2cccbf0520042095e7d9
:10867800632cccbf0720062090e703208ee702205a
:108688008ce703eb40040b2214f8903c0f21e52003
:1086980014f042fc14f88f3c93e724b070bd00bf7f
:1086a8000603033c121202020502023c14140303df
:1086b8000301010a13130303111102020201030b40
:1086c800050202460301070e131203030301060df8
:1086d8000301050c54250401a501012047f6ff7389
:1086e800984207d000f307039bb2002207215a20c3
:1086f80014f012bc70477047094a41f62863d358f2
:10870800084a12689b1a084a23f07043934205d816
:10871800064b1878003018bf0120704700207047ba
:1087280000200141f8110020feffff07d8110020aa
:1087380010b5fff7c9fdbdeec00a10ee103a1cb225
:108748002046fff7cbff094b1978204601f00101bd
:10875800fff7defe064a41f62863d358054a03f5bb
:10876800403323f07043136010bd00bfd9110020bf
:1087780000200141f811002037b5244a1178002360
:1087880063f300011170224a8df807301370044614
:1087980028b1fff735fdfff75bfcfff765fc2246c4
:1087a8000df10701072002f0e9f91cb3194d28461d
:1087b8000ef096fad5e900010022002333f05dfca3
:1087c800154bb0fa80f040091870144b4ff4403242
:1087d8001a604ff08843124a1a65124b40f27142f0
:1087e800012c9a600cbfff227f229a6113221a6023
:1087f8004022da600ef08afa4ff082439b691b0f21
:1088080001d00ef0abfa03b030bd00bfd911002083
:10881800d1110020e0110020d8110020f81100200b
:108828004c0040e00010014142f27801272014f08a
:0c88380045bb0021122014f041bb00bf22
:020000040000fa
:020000040100f9
:1088440040fe00201c00000000000000b5f00020e5
:10885400020000000000000080fc00205000000026
:108864000000000020fc0020600000000000000068
:1088740030e70020700500000000000080ff0020a9
:10888400180000000000000092fe0020020000001a
:1088940000000000a0fd00205000000000000000c7
:1088a40008000120060000000000000038f6002047
:1088b40068010000000000004d01012002000000da
:1088c400010000000101000000c60020302100006a
:1088d40000000000640101200c0000000100000001
:1088e4007d1f0401c1130401e53104015c01012071
:1088f4000800000001000000001304011813040123
:10890400dc000120020000000000000070010120d2
:10891400080000000100000003040000030400003c
:10892400000400200804000000000000b7f000204c
:108934000100000000000000080800200c000000f6
:1089440000000000150001200100000000000000ec
:1089540078fe00201a000000000000001408002027
:108964000008000000000000fcc500200400000016
:1089740000000000180001200400000000000000b6
:108984004f0101200100000001000000010000006f
:10899400780101200400000001000000ffffffff38
:1089a4009c01012001000000010000000100000002
:1089b4007c0101200400000001000000ffffffff14
:1089c400141000200400000000000000a0f70020a4
:1089d4005801000000000000160001200200000001
:1089e4000000000098ff00200c00000000000000c0
:1089f400e0ff002008000000000000001c0001202f
:108a04000400000000000000de000120020000005d
:108a14000000000020000120080000000000000009
:108a2400e0000120010000000000000020ff002001
:108a34001000000000000000e8ff00200800000013
:108a440000000000e100012001000000000000001f
:108a540028000120040000000000000030ff002076
:108a64002000000000000000e200012001000000de
:108a740000000000b8f400208001000000000000a5
:108a840098f900208c00000000000000e3000120a1
:108a940001000000000000000e00012002000000a0
:108aa40000000000e40001200100000000000000bc
:108ab4002c0001200400000000000000e50001205b
:108ac4000300000000000000f0fd0020280000006a
:108ad4000000000050ff0020100000000000000013
:108ae40024fa00208c0000000000000018fe002082
:108af4002800000000000000e80001200100000040
:108b040000000000b0fa00208c000000000000000b
:108b1400e900012001000000000000009d01012087
:108b2400030000000100000001ff8000f0ff0020ae
:108b34000800000000000000a4ff00200c0000005a
:108b4400000000003cfb002080000000000000004a
:108b5400b8f00020000400000000000020fd002008
:108b64004000000000000000f8ff002008000000a2
:108b740000000000b0ff002018000000000000000a
:108b8400300001200400000000000000ea00012081
:108b9400010000000000000060fd00204000000013
:108ba40000000000f8f80020a00000000000000011
:108bb40098010120020000000100000001000000f3
:108bc400181000205c0000000000000034000120a8
:108bd40004000000000000008001012004000000e7
:108be40001000000aaaaaaaa3c0001200400000077
:108bf40000000000fc11002000b400000000000090
:108c040040000120100000000000000000000120ce
:108c140008000000000000005000012008000000cf
:108c24000000000094fe0020280000000000000066
:108c3400580001201800000000000000bcfb0020c8
:108c44006400000000000000700001201400000017
:108c540000000000bcfe002028000000000000000e
:108c6400840001201000000000000000e4fe002049
:108c74001400000000000000940001200400000023
:108c840000000000f8fe00202800000000000000a2
:108c94009800012008000000000000008401012069
:108ca4000400000001000000040000007410002013
:108cb4000800000000000000ec0001200200000099
:108cc40000000000a00001200400000000000000db
:108cd400ee0001200100000000000000500101200e
:108ce4000c000000010000004d4348505f544852fe
:108cf40045414400801000208c000000000000006a
:108d0400a4000120080000000000000088010120e8
:108d14000400000001000000442504010c1100209f
:108d24003800000000000000ac0001200400000036
:108d340000000000441100206e000000000000004c
:108d4400ef000120010000000000000060ff00208f
:108d54001000000000000000f000012001000000ed
:108d640000000000a0010120030000000100000039
:108d740020203000b4110020140000000000000086
:108d8400f10001200200000000000000b0000120fa
:108d94000800000000000000f300012002000000b1
:108da40000000000b80001200400000000000000e2
:108db400f50001200100000000000000bc000120bb
:108dc4000400000000000000f6000120060000007e
:108dd40000000000a30101200100000001000000c8
:108de40020000000fc000120010000000000000041
:108df400a4010120010000000100000001000000a6
:108e0400fd0001205000000001000000736a625b55
:108e140037332f2b28261d1915110f0b7f736a6208
:108e24005b332b28231b15110d090705141312118d
:108e3400100f0e0d0c0a0806040200fefcfbfaf9e2
:108e4400f8f7f6f5f4f2f0eeeceae8e60c0b0a09b2
:108e540008070605040201fefcf9f6f2c811002019
:108e640009000000000000001000012005000000bf
:108e740000000000d11100200100000000000000eb
:108e8400a50101200100000001000000ff00000016
:108e9400d811002024000000000000009a010120e5
:108ea4000200000001000000f80e00005cfe00203b
:108eb4001c00000000000000c000012008000000a9
:108ec40000000000a0ec00201504000000000000d9
:108ed400c8ff00200c000000000000008c010120ed
:108ee400080000000100000091300401db2c0401a3
:108ef40070ff00201000000000000000c8000120e6
:108f0400080000000000000094010120040000009b
:108f14000100000001000000d00001200400000056
:108f240000000000d0fc0020500000000000000001
:108f3400d40001200800000000000000d4ff00203d
:108f44000c00000000000000000000000000000011
:020000040000fa
:020000040100f9
:108f54002de9f04f04468db08b46d0f898504ff071
:108f640001084be0002e40f0c181a26faa4200f23a
:108f74000881a667c4f8986023685b79012b40f0e8
:108f8400bf80e16fd4f88420a36b914200f2f78094
:108f9400002b00f0f48062680a2a00f0ff800c2a9b
:108fa40000f0fc8093f81c2202f00502052a40f030
:108fb4006e82d3f820128a784d78c878120242ea79
:108fc400054202430c32b2f5617f00f2608216233f
:108fd400c4f89820c4e91d32e06e37f0bbfd20468a
:108fe4001bf00efc10f5c94f17d010f5cd4f03d070
:108ff40010f5cb4f40f05081d4f89850266f002dd7
:10900400b0d1002e00f0b980a36f002bb4d020465d
:109014001bf0f6fb10f5c94fe7d1a66bd4f89850b6
:10902400002eebd0636f142b00f0cb80162be5d110
:10903400e26ed6f8643297887fbabfb29f42c0f01e
:109044005581ff1a032fd9d84fea470909eb0701c5
:1090540006eb8101a5f10c00019091f81ca201f529
:1090640006731af0010f009340f0258120462cf07e
:10907400f5fba0f10102b2fa82f25209009b62f3fd
:10908400410ab5f5617f83f804a0b7d8d6f8143245
:10909400b3f5004f00f22a81012840f02982019a99
:1090a40012f0070a18bf4ff0010a05ebd2029244ee
:1090b400c3f50043534580f06b81002f9ed13046a9
:1090c40034f04cf9d6f81432c3f500439a4540f213
:1090d4005f810323009535461e46f1b2a06b2df047
:1090e4009ffad5f81422c2f50042924506f1ff36e4
:1090f40040f24c81731cf0d1a0480db0bde8f08f54
:109104000521204611f0a4fc002831d105abe26f03
:10911400216e20461af004fc236898b15b79012b78
:1091240026d110f5c94f40f05182a66b099926b19a
:109134009df81c20162a00f08780d4f89850c4f8b3
:1091440084105be75b790999012b3dd1e36bc4f88b
:109154008410002b00f0878105aa1946204618f0d8
:109164005ffc226800285ad05379012b00f0e38079
:1091740010f5cb4f3ff440afbfe7a567fce60d21e8
:10918400bfe7e06e521ba26741192ff00bfaa36fe1
:10919400c4f89860002b7ff43aafede693f81822f8
:1091a400002a00f07481e16ec4f878800022142053
:1091b400606781f80080e267c4f8842083f818228d
:1091c4000de786f8188219e7204611f041fc0028c3
:1091d400ced1e36be067002bbed123685b79012b12
:1091e40000f041810b9bb3f5617f00f2c480226ed5
:1091f400d31ca2f108016366e1659df81c10616748
:109204000233a3661170089a0a98bdf82c30616e77
:109214000244e2665bba0b9aa2670b80dfe60b9905
:109224005379002966d1208940f20331884200f045
:109234009d80d4f89c1001310329c4f89c105bdd97
:10924400012b7cd04e4858e7d6f84c22002a7ff4f4
:1092540074afd6f81422c2f5004291423ff66dafc6
:10926400b4f88020c6f8501201321846c6f85422c9
:1092740039f0dcfbc6f84c02002800f03b81dde944
:10928400081237f067fcd6f814320999d4f89850cc
:109294000b44c6f8143252e700287ff42eaf636ff4
:1092a400162b7ff42aafbbf1010f7ff426af2046c3
:1092b40026f0c4fe21e7d1f82032117818788842cc
:1092c4007ff49cae13f8010f12f8011f88427ff45b
:1092d40095ae13f8010f12f8011f88427ff48eae89
:1092e4005978537899427ff489ae81e025480db0ce
:1092f400bde8f08fc4f89c00012b00f0b480082175
:109304000ae0e06d835c0133dbb28354002b40f050
:10931400e68023685b791146012b0cbf02200020f4
:10932400814201f1ff32ecd8012b00f0dd800029ed
:109334007ff458afdae010f5e34f7ff419af6368b8
:109344000b2b3ff47faf0d2b3ff47cafd2f884207e
:109354002ab1e36801339a42e3607ff673af0023d6
:10936400c4f88430e367d4f8985047e69df81c109d
:1093740017293ff45eaf0448bfe600bf0096ffff25
:10938400808effff0094ffff008effff2e46009d9e
:109394005146012039f04afb09eb070306eb83032e
:1093a400c3f82002002800f03181e16ec3f824a242
:1093b40002460868106089889180d3f82012002240
:1093c400ca800a72d3f820120a4632f8010f927842
:1093d400ca72a1f8090093f81c2242f0010283f832
:1093e4001c22d6f814225244c6f8142293f81ca264
:1093f4001af0040f7ff400aee16e8a7acb79029200
:1094040091f806c04a7a087a039209eb070e06eb34
:109414008e021b02009243ea0c4303430098029a13
:10942400d0f820020290039891f80ba00393120243
:1094340042ea004203f10c00029b42ea0a0a524645
:1094440018440c3137f086fb0098039b90f81c12eb
:1094540000f5067211f0020f4ed141f004011171b2
:10946400d4f89850cae520461af04efd0b9bb3f58c
:10947400617f80d82368226e5979012902f10303a0
:109484007ff4b7aee36502f10b036366b5e6d3f888
:109494004c1200293ff473aeb4f88020d3f8540280
:1094a40090427ff46cae206ea26dd3f85052831ab2
:1094b400c3f56c7301339d423ff618af2a4637f06b
:1094c40049fb0023c4f88430e567a06b33f046ff02
:1094d40023685b79012b0cbf0d21052111e623685c
:1094e4005b79012b7ff47eae0229bcd1484804e6a7
:1094f400aa46dde5099920e6029a03f0070c2a44fe
:109504001546ccf10800d908bcf1000f12d08245f1
:109514006ad9aaf1080a525ce244034405eb010c3f
:10952400013808fa00f10a43d2b20028f8d18cf8c5
:109534000020d9081af007000fd05344da08aaeb28
:10954400000aab5cc0f1080008fa00fc01304ceae8
:1095540003030828dbb2f7d1ab5468184feada02e8
:10956400ff2138f009fd019bd8080dd02b78ff2b83
:1095740036d1411e29442b4604e000bf13f8012fc5
:10958400ff2a2dd18b42f9d1019b13f007030fd091
:10959400285cc2110dd0c3f10703062102e012f0ca
:1095a400010206d0994240fa01f201f1ff31f6d1ed
:1095b400012209eb070306eb8303d4f8985093f8d0
:1095c4001c1262f3820183f81c1217e510f5ce4fca
:1095d400d4f8985006d00023c4f88430e3670de52e
:1095e4000022e6e70999aae5baf1000fbbd0535c63
:1095f400a0eb0a0a114400bf08fa0af20af1010ab0
:1096040013435045dbb2f7d10b70ace7014874e566
:089614008094ffff0081ffffbd
:020000040000fa
:020000040100f9
:10961c0080b588b000afb96011461a460346fb818d
:10962c000b46bb811346fb80fb893b82bb687b618d
:10963c00bb893b83fb887b830e4b1b68fb6110e073
:10964c00fb691b6807f1100210469847034683f02c
:10965c000103dbb2002b01d0002306e0fb695b6841
:10966c00fb61fb69002bebd1012318462037bd466b
:10967c0080bd00bf5cfe00201fb504466946008813
:10968c0000f0acf968b3bdf80230abb1019b9bb1f3
:10969c00029bd3b9a2882088cab1a368bbb16188e8
:1096ac00fbf722fbd0b14ff0200383f31188bff3fb
:1096bc006f8fbff34f8ffee74ff0200383f31188ba
:1096cc00bff36f8fbff34f8ffee79847e2e7019b25
:1096dc00bdf802200021fbf707fbe3e7208800f030
:1096ec00c4f904b010bd7fb56946054600f076f9a3
:1096fc0010b9002004b070bdbdf80230a3b1019bbd
:10970c0093b1029bcbb92846fbf778fb019abdf8c5
:10971c00021006462846fbf78ffb022804460ed1a2
:10972c00b4fa84f04009e5e74ff0200383f3118885
:10973c00bff36f8fbff34f8ffee79847e3e740b15e
:10974c004ff0200383f31188bff36f8fbff34f8f5c
:10975c00fee73346bdf8022001992846fff758ff73
:10976c000028ddd1c5e71fb504466946008800f026
:10977c0035f910b9002004b010bdbdf8023093b11a
:10978c00019b83b1029b83b96188a288bdf802302a
:10979c0088189842eedca3682088fbf705fbb0fa2a
:1097ac0080f04009e7e700f029f89847ece773b53b
:1097bc00104adff844c005460e4600236c46bcf840
:1097cc000210994201d800200de092e8030084e8d1
:1097dc000300d1888d4208d1adf8065094e80300ff
:1097ec0086e80300012002b070bd013308329bb241
:1097fc00e5e700bfac03000160fe00204ff0200342
:10980c0083f31188bff36f8fbff34f8ffee72de902
:10981c007f431b4d8046286838f03cfb0024814672
:10982c002646a14509d836bb32464146144837f086
:10983c0015fe01281fd0fff7e1ff002201a92846e1
:10984c0038f0b0fa01280dd1019ad8f8003001a9ee
:10985c009a4208bf012628460022013437f0fefd4b
:10986c00e4b2dee74ff0200383f31188bff36f8f70
:10987c00bff34f8ffee7012004b0bde8708300bf3b
:10988c00c000012010b5044688b1082015f092fde7
:10989c0040b94ff0200383f31188bff36f8fbff3f0
:1098ac004f8ffee7024b04601a694260186110bdcd
:1098bc0060fe002010b5044688b1082015f07afd32
:1098cc0040b94ff0200383f31188bff36f8fbff3c0
:1098dc004f8ffee7024b04601a684260186010bd9f
:1098ec005cfe002010b50446082015f063fd28b17d
:1098fc00034b04805a6942605861012010bd00bfbf
:10990c0060fe002000f44063b3f5406f13b514d132
:10991c006946fff74cff70b9002002b010bd009be8
:10992c0033f81400fbf7c2fb0134e4b2bdf8043089
:10993c00a342f4d8f0e70024f8e7fbf7b7fbebe71a
:10994c00034b00229880181dda801a81da605ee7da
:10995c0060fe0020054b5b690bb9184670471a88ee
:10996c00824201d05b68f7e70120704760fe00205f
:10997c007fb5184b184d5e6904464eb90120fbf7b4
:10998c00edfb3146286822f065f9002004b070bd6b
:10999c00fbf7e4fb24b10021286822f05bf9f4e723
:1099ac00286838f077fa0646a642eed9002201a9bb
:1099bc00284638f0f7f9012809d1bdf80400fff763
:1099cc00c9ff20b1002201a9284637f047fd013418
:1099dc00e4b2e9e760fe0020c00001202de97041ef
:1099ec00dff848c0dff8488085b086460e46002573
:1099fc006c46bcf80030ab4201d8002010e008ebfc
:109a0c0005130fcb84e80f00bdf8003073450ad165
:109a1c00234603cb3060716003cbb060f160012052
:109a2c0005b0bde870810135e3e700bf60fe0020a2
:109a3c00ec0200011fb50446008800f44063b3f546
:109a4c00406f02d1002004b010bd6946fff7c6ff7d
:109a5c000028f7d0a28863881344bdf802209342f3
:109a6c00f0dc2046fff7d3feede738b5044b1c695c
:109a7c00054604b938bd2368284698476468f8e75a
:109a8c0060fe002030b585b0044669460088fff7bb
:109a9c00a5ff002845d0bdf80230d3b1019bc3b15e
:109aac00029bfbb92088fbf799fb2588e0b9019a4a
:109abc00bdf802102846fbf7bff910f0fd0f2dd0b2
:109acc004ff0200383f31188bff36f8fbff34f8fd9
:109adc00fee74ff0200383f31188bff36f8fbff3c2
:109aec004f8ffee79847dde7a2887ab1a3686bb188
:109afc0061882846fbf7f8f880b14ff0200383f318
:109b0c001188bff36f8fbff34f8ffee7019bbdf83a
:109b1c00022000212846fbf7e7f8ede72088fff745
:109b2c00a4ff05b030bd08b5024b186838f0b2f987
:109b3c00c0b208bdc000012030b5184d89b000225c
:109b4c0002a9284638f02ef9012801d009b030bd01
:109b5c00bdf8080000f44063b3f5406f19d16946b5
:109b6c00fff725fe0028ead00024adf81640adf82a
:109b7c0018400794bdf80430a342e0d9009b05a817
:109b8c0033f81430adf814300134fff77bffe4b236
:109b9c00f0e702a8fff776ffd1e700bfc000012075
:109bac0030b50446008800f44063b3f5406f85b0cf
:109bbc0003d10025284605b030bd6946fff70effde
:109bcc0005460028f5d0a28863881344bdf802200e
:109bdc009342eedc2046fff755ffebe700f44063c1
:109bec00b3f5406f37b518d16946fff7e0fd054670
:109bfc0088b900250ce0009b33f81400fbf7eefa53
:109c0c000028f6d00134e4b2bdf80430a342f2d8f7
:109c1c00284603b030bd0024f6e7fbf7dffa054613
:109c2c00f6e700f44063b3f5406f13b516d16946ff
:109c3c00fff7bdfd80b9012002b010bd009b33f8c9
:109c4c001400fff750fd0028f6d00134e4b2bdf843
:109c5c000430a342f2d8eee70024f8e7fff743fd07
:109c6c00eae7038803f44063b3f5406f00d07ae56c
:049c7c00002070470d
:020000040000fa
:020000040100f9
:109c80002de9f04f85b0012a019140f2ba800646d5
:109c900008211046924638f0cbfe8346002800f09b
:109ca000f38202a80af1ff3738f010ff3c4658460d
:109cb000013c00f1080538f009ff621c2846f7d185
:109cc000019c21685846103120f03af801460028de
:109cd00057d1a1464ff001080bf1080459f8042fa1
:109ce000a4f108011032204611f0cafd01460028f7
:109cf00047d1b36c002b73d0b4f90430002b79db5f
:109d0000204639f005f9f36bb0eb430f77d8b36c0d
:109d1000204698470146a0bb351d0ae032f0c2fe3e
:109d20002a46214600284ad0204639f0f5f8014657
:109d300038bbb4f9043000218b422046eedb3ee014
:109d40004feac8090beb090108462a4606f01afb40
:109d50000146b0b9019b019703eb8808019ba9f16b
:109d60000809d944ba46002b00f0108209f1080412
:109d700021464a4602a811f083fd0146002848d03a
:109d8000574602a8019135f04bff01995846013f13
:109d9000019100f1080435f043ff7b1c2046019936
:109da000f5d1584638f04afe0199084605b0bde89d
:109db000f08f00bf19f0fefe01460028e1d12946d0
:109dc000204618f0bbfd00282a4621462046f1da3d
:109dd00008f101039a4504f10804b1d098467de7e3
:109de000351d21462a46204620f026fc0146002843
:109df000eed0c6e7204632f055fe002880d0bb49a1
:109e0000bfe7096807f0d8fc0146084605b0bde881
:109e1000f08fb36c002b00f0f381bdf90c30002bf8
:109e2000c0f2228202a839f073f8f36bb0eb430f53
:109e300000f23682b36c02a89847014658b19fe7fa
:109e400032f030fe2a4602a988b102a839f064f83f
:109e50000146002894d1bdf90c3000218b4202a8a4
:109e6000eedb04e019f0a6fe0146002888d1294661
:109e700002a818f063fd02a900282a460846f1da74
:109e8000d8f8002021461032484611f0f9fc01466e
:109e900000287ff475afb36c002b00f0bb81b9f9db
:109ea0000430002bc0f2e881484639f031f8f36bfa
:109eb000b0eb430f00f2f281b36c4846984701467d
:109ec00060b15de732f0eefd2a464946a0b1484652
:109ed00039f022f8014600287ff452afb9f9043076
:109ee00000218b424846eddb06e000bf19f062fe20
:109ef000014600287ff444af2946484618f01efd6d
:109f000000282a4649464846f0dad8f8007007f19a
:109f100008042146204602aa11f0b2fc014600289e
:109f20007ff42eafb36c002b00f03981b7f90c3001
:109f3000002bc0f27981204638f0eafff36bb0ebda
:109f4000430f00f2a981b36c20469847014660b1e7
:109f500016e732f0a7fd2a46214698b1204638f090
:109f6000dbff014600287ff40bafb7f90c3000216e
:109f70008b422046eddb05e019f01cfe014600286f
:109f80007ff4feae2946204618f0d8fc00282a4669
:109f900021462046f0da02aa1146104611f070fc64
:109fa000014600287ff4ecaeb36c002b00f00a8170
:109fb000bdf90c30002bc0f23f8102a838f0a8ff99
:109fc000f36bb0eb430f00f26581b36c02a89847c6
:109fd000014660b1d4e632f065fd2a4602a998b187
:109fe00002a838f099ff014600287ff4c9aebdf9f8
:109ff0000c3000218b4202a8eddb05e019f0dafd00
:10a00000014600287ff4bcae294602a818f096fc51
:10a0100002a900282a460846f0dad8f8004002aa29
:10a020002146204611f02cfc014600287ff4a8ae02
:10a03000b36c002b00f0d080b4f90430002bc0f2d8
:10a040000381204638f064fff36bb0eb430f00f25e
:10a050001f81b36c20469847014660b190e632f00c
:10a0600021fd2a46214698b1204638f055ff014689
:10a0700000287ff485aeb4f9043000218b422046dd
:10a08000eddb05e019f096fd014600287ff478ae7f
:10a090002946204618f052fc00282a462146204630
:10a0a000f0dad8f8007007f108042146204602aa29
:10a0b00011f0e6fb014600287ff462aeb36c002b82
:10a0c00000f09480b7f90c30002bc0f2c580204618
:10a0d00038f01efff36bb0eb430f00f2d780b36c88
:10a0e00020469847014678b14ae600bf80b0ffff9e
:10a0f00032f0d8fc2a462146a0b1204638f00cffa9
:10a10000014600287ff43caeb7f90c3000218b42a9
:10a110002046eddb06e000bf19f04cfd01460028ab
:10a120007ff42eae2946204618f008fc00282a4667
:10a1300021462046f0da7189d8f8000024f07cfc32
:10a14000014600287ff41caed8f800007189083061
:10a1500024f072fc014600287ff412aed8f800000b
:10a16000012110302ff082ff014600287ff408ae55
:10a17000019ba8f10408a9f10809002b3ff400aee7
:10a18000013b0193019b002b7ff4f0ad594602a8df
:10a190001ff0d6fd014600283ff4b7aef0e521469a
:10a1a0002a46204620f048fa014600287ff4e8ad10
:10a1b00002aa1146104611f063fb014600287ff405
:10a1c000dfadf1e602a908462a4620f035fa01463d
:10a1d00000283ff422afd3e521462a46204620f04e
:10a1e0002bfa014600283ff45cafc9e521462a4618
:10a1f000204620f021fa014600289cd05746c0e5b1
:10a2000002a908462a4620f017fa014600283ff422
:10a2100037aeb5e549462a46484620f00dfa0146d4
:10a2200000283ff472aeabe5204632f03bfc00283c
:10a230003ff481ae5746e2e502a832f033fc002835
:10a240003ff4bbae5746dae5204632f02bfc00283f
:10a250003ff4f7ae5746d2e5204632f023fc002803
:10a260003ff435af5746cae502a832f01bfc002880
:10a270003ff4d8ad5746c2e5484632f013fc0028fb
:10a280003ff412ae5746bae506498ee55746b6e5a5
:10a290005746b4e55746b2e55746b0e55746aee5f2
:08a2a0005746ace580b2ffff58
:020000040000fa
:020000040100f9
:10a2a8002de9f04f1d6983b00c9c002d52d002f1ae
:10a2b800100a894607460021504690469b4632f0d0
:10a2c800edfb00284ad00bf110052846002132f09a
:10a2d800e5fb88b32846012132f0e0fb002839d19c
:10a2e80052465146204611f0c7faa0bbbb6c002b62
:10a2f80000f0b280b4f90430002bc0f2be802046d2
:10a3080038f002fefb6bb0eb430f23d8bb6c204642
:10a31800984700bb3d1d08e032f0c0fb2a462146a5
:10a3280040b3204638f0f4fda8b9b4f90430002150
:10a338008b422046f0db1de04146484603b0bde8ad
:10a34800f04f32f01bbb0146304632f0a7fb002825
:10a3580000f0bc80b94803b0bde8f08f59464846c4
:10a3680003b0bde8f04f32f009bb00bf19f01efc86
:10a378000028f0d12946204618f0dcfa00282a46a1
:10a3880021462046f2da04f10806304652462146b4
:10a3980011f072fa0028ded1bb6c002b65d0b4f93d
:10a3a8000c30002bc0f21181304638f0adfdfb6b4c
:10a3b800b0eb430fced8bb6c3046984750b1cae7d4
:10a3c80032f06cfb2a46314680b1304638f0a0fda9
:10a3d8000028c0d1b4f90c3000218b423046efdba5
:10a3e80004e000bf19f0e2fb0028b4d1294630464a
:10a3f80018f0a0fa00282a4631463046f2da5a46c2
:10a408002146204611f038fa0028a4d1bb6c002b55
:10a4180000f0d280b4f90430002bc0f2e680204668
:10a4280038f072fdfb6bb0eb430f93d8bb6c204642
:10a43800984750b18fe732f031fb2a46214650b396
:10a44800204638f065fd002885d1b4f90430002194
:10a458008b422046efdb1ee03d1d2a462146204662
:10a4680020f0e6f800288ed075e72a4631463046b7
:10a4780020f0def80028c2d06de70146204632f011
:10a488000dfb00283ff43baf64e700bf19f08efbdb
:10a4980000287ff460af2946204618f04bfa0028c0
:10a4a8002a4621462046f1da0bf1080231463046a9
:10a4b80011f0e2f900287ff44eafbb6c002b00f0de
:10a4c8008c80b4f90c30002bfff63daf304638f0e5
:10a4d8001bfdfb6bb0eb430f3ff63cafbb6c30464c
:10a4e800984758b137e732f0d9fa2a46314690b141
:10a4f800304638f00dfd00287ff42dafb4f90c304c
:10a5080000218b423046eedb05e000bf19f04efb20
:10a5180000287ff420af2946304618f00bfa0028af
:10a528002a4631463046f1da42462146204638f07e
:10a53800f3fc58b10fe732f0b1fa2a46214658b178
:10a54800204638f0e5fc00287ff405afb4f9043064
:10a5580000218b422046eedb08f108031a463146fb
:10a568003046019338f0d8fc58b1f4e632f096fa48
:10a578002a46314658b1304638f0cafc00287ff4e4
:10a58800eaaeb4f90c3000218b423046eedb0021f4
:10a59800204632f083fa80bb0146304632f07efa1c
:10a5a800002840f01081234642464946384603b009
:10a5b800bde8f04ffbf7acbb2a462146204620f009
:10a5c80037f800283ff470afc5e60146304632f050
:10a5d80065fa00283ff4e8aebce62a463146304624
:10a5e80020f026f800289fd0b5e60146204632f034
:10a5f80055fa00283ff413aface609f1100b5146a9
:10a608005846224611f038f900287ff4a4aebb6cf6
:10a61800002b00f0de80b9f91430002bc0f2ea807c
:10a62800584638f071fcfb6bb0eb430f3ff692ae27
:10a63800bb6c5846984770b18de600bf80b0ffffed
:10a6480032f02cfa2a46594688b1584638f060fc50
:10a6580000287ff480aeb9f9143000218b425846a7
:10a66800eedb04e019f0a2fa00287ff474ae294664
:10a67800584618f05ff900282a4659465846f1da34
:10a6880004f1100a50462246214611f0f5f8002838
:10a698007ff461aebb6c002b00f0a480b4f91430d9
:10a6a800002bc0f2af80504638f02efcfb6bb0ebad
:10a6b800430f3ff64faebb6c5046984758b14ae639
:10a6c80032f0ecf92a46514688b1504638f020fc61
:10a6d80000287ff440aeb4f9143000218b42504674
:10a6e800eedb04e019f062fa00287ff434ae294664
:10a6f800504618f01ff900282a4651465046f1da0c
:10a7080004f1180529462346524638461ef022f918
:10a7180000287ff420ae43465246514638461ef084
:10a7280019f900287ff417ae514620461ff004fba4
:10a7380000287ff410ae0122214638462ff01afc7b
:10a7480000287ff408ae33463246494638461ef0a4
:10a7580001f900287ff4ffad23464a4649463846aa
:10a768002ef0c2fc00287ff4f6ad2b464a46494637
:10a7780038462ef0b9fc00287ff4edad4b46524622
:10a78800514638462ef0b0fc00287ff4e4ad33463d
:10a798005246514638461ef0ddf800287ff4dbadfe
:10a7a800019b2a46294638461ef0d4f800287ff433
:10a7b800d2ad2b46524609f10801384603b0bde830
:10a7c800f04f2ef091bc484603b0bde8f04f32f090
:10a7d80031be2a46594658461ff02aff00283ff442
:10a7e8004fafb8e52a46514650461ff021ff0028d2
:10a7f80086d0b0e50146584632f050f900283ff4bb
:10a808000fafa7e50146504632f048f900283ff45b
:04a818004aaf9fe5bf
:020000040000fa
:020000040100f9
:10a81c00704770b5e9b101444ff6ff7348f2084533
:10a82c0089b210f8014b082284ea030616f0010fd6
:10a83c004fea530302f1ff3214bf6b409bb212f08c
:10a84c00ff024fea5404efd182b28a42e9d1db43d2
:10a85c0099b2084670bd10b51378ed2b144611d182
:10a86c005378032b0ed1937853b1012b0ad1fff7f8
:10a87c00d0ff2279e37803eb02231b1a18bf0123c4
:10a88c00184610bd0123fbe7f0b5034640780622bd
:10a89c00b0fbf2f102fb110212f0ff001fd1114ebe
:10a8ac00114fdff848c0cdb20146a94200d1f0bd2e
:10a8bc00dc789a7893f804e002eb042202f18244eb
:10a8cc0004f59034013184f800e05c7994559c795e
:10a8dc00d455dc7902f80c40c9b20633e5e7012007
:10a8ec00e5e700bf012001410220014103200141a5
:10a8fc002de9f04343780622b3fbf2f602fb163245
:10a90c0012f0ff0237d102391c4fdff874c0dff8a8
:10a91c0074e0f6b203461546c9b2b54202d11046f0
:10a92c00bde8f083dc789878012900eb042080b234
:10a93c0012d800f1824404f5803893f8049088f81a
:10a94c00009004f1011493f8058084f800809c7940
:10a95c00c455dc7900f80c40a42808d1187900f013
:10a96c001f00c40648bf60f01f008ef800000135c0
:10a97c00edb20633d1e70122d1e700bf020001415d
:10a98c0003000141d11100204078023818bf01208a
:10a99c0070474378042b05d1034bd0f802201a6082
:10a9ac0001221a710020704710000120f8b50f46e3
:10a9bc0004460026a1f10805a54202d84ff0ff3449
:10a9cc0006e02378ff2b13d1230703d144f07f44f7
:10a9dc002046f8bd24f003031c1da742eed95a688b
:10a9ec00013205d15b69013302d114f00c0fedd0ab
:10a9fc002378012b0ad16378012b07d1a178621d32
:10aa0c000a44e01cfff727ff0028e1d00eb1d3e782
:10aa1c000434a542d0d923680133cdd0234613f892
:10aa2c00012bef2a0bd16378002bf1d1a378ed2bfe
:10aa3c00eed1e378032bebd107340126bce71c469f
:10aa4c00e7e72de9f04785789df8206004460f462e
:10aa5c009046994603354ff0010a2378434508bfc9
:10aa6c0089f800a02378092b47d010d8072b2ed0bb
:10aa7c0033d8022b24d00020a74226d96378023d7c
:10aa8c00ed1a2db20233002d1c44e6dc1de00d2b1b
:10aa9c0027d006d80a2beed131462046fff728ffe7
:10aaac0011e01a2b23d0552be5d1a4f50003a3f507
:10aabc00c043b3f5776fded22046fff76aff02e0a2
:10aacc002046fff761ff0128d6d1bde8f087002ea4
:10aadc00d1d020460cf0c5f8f5e720460cf06af80a
:10aaec00f1e7002ec7d020460cf0a2f8ebe7002ec1
:10aafc00c1d020460cf0e8f8e5e7002ebbd020468c
:10ab0c00fff7c2fedfe72de9f7430f469046994663
:10ab1c0030b3164b1a7932b3186800f577660025f6
:10ab2c000be04346cdf800903a463146fff789ffdb
:10ab3c000546a07804f10a031844b0420cd2314601
:10ab4c00fff734ff10f07f4f0446ead0084b20f09b
:10ab5c007f449c4208bf0125284603b0bde8f08322
:10ab6c00044e0348dbe78525f6e700bf1000012003
:10ab7c0000608000706f800013b5134614460a46bf
:10ab8c0001460020fff7bfff054b1b7933b123466d
:10ab9c000df1070200210120fff7b5ff02b010bd37
:10abac00100001202de9f0478678089d9df824a01f
:10abbc008946044617469846033600212378627866
:10abcc00ff2fdbb208d1013bdbb2fd2b2ed828883e
:10abdc000232214640440ae0bb4227d1baf1000fb1
:10abec00f5d0062f0cd1072a1cd1a11c404635f0fc
:10abfc00adff2b889a1c637813442b80012115e040
:10ac0c000b2f01d1042aefe70c2f01d1012aebe71e
:10ac1c00102f01d1182ae7e7152f01d1082ae3e7f5
:10ac2c00182fefd02b8802331a442a806378023e07
:10ac3c00f61a36b20233002e1c4401dd4c45bdd34e
:10ac4c00012914bf80200020bde8f0872de9ff47c3
:10ac5c00074600241448154d154eadf80e40884695
:10ac6c004ff001092946fff7a1fe10f07f4f8246f5
:10ac7c0013d10df10e030093cdf8049043463a46e0
:10ac8c002946fff78fff00289af802000af10a0301
:10ac9c00184408bf0124b042e4d9012c14bf802011
:10acac00002004b0bde8f08700608000706f800069
:10acbc006f6f8000014608b50620fff7c7ffb0fa9a
:10accc0080f0400908bd014608b51520fff7beff0e
:10acdc00b0fa80f0400908bd024b93f900300370c4
:10acec0001207047d111002013b5044601a90b2097
:10acfc00fff7acff28b9bdf804302380012002b067
:10ad0c0010bd0020fbe713b5044601a90b20fff78b
:10ad1c009dff28b9bdf806302380012002b010bd7c
:10ad2c000020fbe713b504460df107010c20fff7db
:10ad3c008dff28b99df807302370012002b010bd9b
:10ad4c000020fbe7014b1879704700bf1000012071
:10ad5c00014b1871704700bf10000120014b18689f
:08ad6c00704700bf1000012038
:020000040000fa
:020000040100f9
:04ad7400704700bf65
:020000040000fa
:020000040100f9
:10ad78002de9f04f2ded028bd2e9008997b0cde98e
:10ad88000c138b6808930b690f90d1e900b61493e4
:10ad9800cd68002200234046494630f06df940b99d
:10ada8001bf0040f32d11bf00803059330d0202389
:10adb80003e089f0004399462d232b70089b03f18b
:10adc800ff3a012305934c4929f0004300208b42a8
:10add80008bf80451fd10d9b413b192b059b94bf94
:10ade800464947492b44184637f068ff284636f04d
:10adf8001bfccdf800b00246089b0f98294622f0ac
:10ae0800f9fa17b0bdec028bbde8f08f2b23d4e71d
:10ae1800ddf820a0d7e7994208bf404509d20d9b2d
:10ae2800413b192b059b94bf364937492b4418469b
:10ae3800dae7002200234046494631f01ef99fed2b
:10ae48002c7b8ded027b48b300240d9837f0b4fbc2
:10ae5800002ec3b20993c0f2d781672b5ad1002eb6
:10ae680008bf0126231d02dbb442c0f2c681652754
:10ae780061e09ded067b8ded027b01340022234bc2
:10ae8800dde9020112f060fc42464b46cde90601bd
:10ae980030f0d6f80028ecd000271fe00446ede794
:10aea80014f5967f11da87b90022194b40464946b6
:10aeb80012f04afc002280468946154bdde9020162
:10aec80012f042fccde902010127dde9020100226e
:10aed8000e4b0af08dfbcde90201013cdde90223ae
:10aee8004046494630f0c8f80028d9d1ade700bf40
:10aef800000000000000f03f0000f07f94250401ee
:10af0800982504019c250401a02504010000244083
:10af180000005043099f662f06f101060bd1002c53
:10af280004da9fedbd7b8ded027b0024099b672b26
:10af380018bf361966279ded027bcde906898ded90
:10af48000a7b00230e93dde90a23dde906010af0f6
:10af58004ffb41ec100b19f0b7fe51ec100bb0eea3
:10af6800408af0ee608a2bf06dfdb0ee480af0eef4
:10af7800680a069b1093079b159083f00043119372
:10af88009ded0a1b9ded102b32f038fc53ec102b75
:10af980083f000430793dde90a01a34b8ded060a10
:10afa80000220af025fb0e9b01339e42cde90a01df
:10afb8000e93c8d100229d4b12f0c6fbcde90a01c1
:10afc80002460b46dde9060130f056f8002840f04d
:10afd8008180dde90a23dde9060131f04ef810b180
:10afe800159bda0776d5dde90a234046494609f07c
:10aff8007bfb0022cde906018b4bdde9020112f053
:10b00800a3fbdde90623cde90a012ff029fa002880
:10b0180065d0662f04f1010465d10136a146a9eb7c
:10b0280006034ff00008059e1093cdf80880109b8a
:10b03800994540f08180029b002b00f0c880a81938
:10b048000022652f027029d1149b1499013b944268
:10b05800ea54c1f1030ebcbf644201220a21002c4c
:10b0680040f0bc800eeb030cbcf1000f00f3b6807f
:10b07800002a03f1ff3114bf2d222b226a540d9aa6
:10b08800023b413a192a05eb030198bf45279e4226
:10b098000f70aaf1020a01da37f010fe0bf0030371
:10b0a800022b7ff4a3aebaf1000f7ff79fae2846bc
:10b0b80036f0bafa05eb0a03059a824240f3998002
:10b0c800059b2b4418465246302136f053ff002387
:10b0d80008938be69fed527b8ded0a7b83e79ded10
:10b0e800027b8ded0a7b652f14bfa1464ff0000946
:10b0f80095e7029a52b9b9f1000f07da0e992e2294
:10b108006a54012201360af1ff3a029205eb08015e
:10b11800aa193144302001e002f8010b9142fbd119
:10b1280008eb06023033aaeb080808f1ff3a561c70
:10b13800ab544ff0000828e00c9b0e961b69053baa
:10b14800b3427ff678afdde90a23dde906010af0ac
:10b158004ffa41ec100b19f0b7fd51ec100bb0eea3
:10b16800408af0ee608a2bf06dfc0bf01002092883
:10b178000346a8bf09230243bbd1099a672ab8d15d
:10b18800b9f1000fc2da08f10108069b1293079b78
:10b19800b0ee480af0ee680a83f0004313939ded81
:10b1a8000a1b9ded122b32f029fb53ec102b83f078
:10b1b80000430793dde90a0100221b4b8ded060ac7
:10b1c8000af016fa09f1ff39cde90a012fe71bf059
:10b1d800100f1ebf2e23ab55013630e7b4fbf1fc30
:10b1e800013b01fb1c443034ec540af1ff3a64463d
:10b1f80035e72a5c1a5401385ee7002cbff69aae90
:10b20800662788e606262de6099b672bfad01f4697
:10b21800062680e6aff30080000000000000f03f43
:10b22800000000000000000000002440000014405e
:020000040000fa
:020000040100f9
:10b238002de9f04f95b0cde912030b68089392ed14
:10b24800007b4b680a938b6809930b690d93cc6854
:10b258000022002351ec170b8ded047b2ff00cff1f
:10b2680040b9089b580734d4089b13f0080732d01c
:10b27800202306e0dde9042181f00043cde9042321
:10b288002d232370099b01275a1edde90403dff8eb
:10b29800f8b223f000414ff0000a594508bf504565
:10b2a8001bd1139b413b192b04eb070094bfb049fa
:10b2b800b04937f003fdaf4836f0b6f9089b009364
:10b2c8000246099b1298214622f094f815b0bde871
:10b2d800f08f2b23d5e7099ad7e7139b8b45a3f16a
:10b2e800410308bf82450b9309d2192b04eb0700d1
:10b2f80094bfa149a14937f0e1fca048dce730211f
:10b30800e1550b997b1c1a2934bf58217821e15447
:10b31800931e079300220023dde90401023730f071
:10b32800acfe002800f07b819fed8f7b8ded027bca
:10b3380000250a9bdde90289002bdde904abb8bfd3
:10b3480018230e93002642464b46504659460af0ab
:10b358004ff941ec100b19f0b7fc42464b4651ec43
:10b36800100b8ded100b12f0eff902460b4650460c
:10b37800594637f085fe824b82468b464046494601
:10b38800002212f0e1f9731c0c930a9b002b8046f3
:10b39800894606da002200235046594630f06dfef1
:10b3a80028b90e9bb34200f3408101330c9300226d
:10b3b800744b4046494612f0c7f980468946024612
:10b3c8000b46504659462ff057fe002840f02f8173
:10b3d80042464b465046594630f04ffe30b1dde903
:10b3e80010012bf02ffbc10740f1218142464b464b
:10b3f800dde9040109f078f9cde90401dde904216a
:10b4080021f00043604900208b4208bf82423ff48c
:10b4180048af4ff000083e46c246c1460d9b053b6b
:10b42800b342b34633d9dde90223dde904010af06a
:10b43800dff841ec100b19f047fc51ec100b8dedc7
:10b448000e0b2bf0fffa002840f0f680b9f1000f40
:10b4580000f0f28008f10108dde90223dde90e01c0
:10b4680012f072f902460b46dde9040137f008fed6
:10b47800434bcde904010022dde9020112f064f931
:10b488000c9b09f101094b45cde90201c6d1baf17e
:10b49800000f1ed1b8f1000f00f015810a9b002b98
:10b4a80040f31181089bda0700f10d81a3192e22c0
:10b4b8001a7008eb06022244302100bf03f8011f6e
:10b4c8009a42fbd1079b46446fea08084344013679
:10b4d80007930d9b0d990022a019013b954202701c
:10b4e800b8bf6d42e254c1f1020eb8bf01224ff05d
:10b4f8000a08002d40f0d7800eeb030cbcf1010fb9
:10b5080000f0d180002a03f1ff3114bf2d222b2235
:10b5180062540b9a023b1a2a04eb030134bf5022ef
:10b5280070229e420a7001da37f0c8fb089b03f0cc
:10b538000303022b14d1079ba3f10208b8f1000ff3
:10b548000edd204636f070f804eb0803b84280f2ae
:10b55800b68042463021e01936f00cfd00230993ed
:10b568002046a9e6aff30080000000000000f03f8d
:10b5780084250401882504018c25040190250401f3
:10b588000000b03f000020400000f07fcde90289b4
:10b598000135dde902231046194609f0a5f8804671
:10b5a800894602460b46dde904012ff065fd0028b7
:10b5b800ecd0dff82cb1dff82c914ff0000a4ff0f7
:10b5c8000008dde90223dde904012ff055fd00281c
:10b5d8003ff4afae52465b46dde9020112f0b4f823
:10b5e8000022002330f049fd78b142464b46dde9a0
:10b5f800020112f0a9f84246cde902014b46dde905
:10b60800040112f0a1f8cde90401dde90201524676
:10b618005b4612f099f8013dcde90201d1e79fedb3
:10b628002e7b05468ded027bb3e70c9e8be64ff033
:10b6380000084ff00009d9e6baf1000f0bd1b9f1b3
:10b64800000f08d02e2304f80b30079b013b01366e
:10b6580007934ff0010a04eb0803a2193344302181
:10b6680002e000bf02f8011b9a42fbd1079b06ebe0
:10b67800080ba3eb08080b9b0928d4bf30305730c0
:10b68800192b06d840f02003613b192b01d836f05e
:10b698009aff08f1ff330bf1010604f80b0007933a
:10b6a8004ff00008d8e60799b5fbf8fc013b08fb0a
:10b6b8001c5530350139e5540791654619e7225c78
:10b6c8001a54013842e7089bdb067ff502af2e23a8
:10b6d800a3550136fde600bf000000000000f03f62
:08b6e8000000e03f00005043a8
:020000040000fa
:020000040100f9
:10b6f0002de9f04f83b011210446019032f0c4fdd2
:10b700000090002840f0068222681368d2f820904a
:10b71000d2f824c0576813eb0903d2e90b652cbf9c
:10b720000124002413eb0c0e2cbf01230023d2e9cb
:10b730000d102344b64538bf013baeeb0604a4eb25
:10b740000508ac4238bf013b884538bf013ba8eb38
:10b750000104844238bf013ba4eb000efc182cbf4f
:10b760004ff001084ff00008002bc2f800e0c0f2d3
:10b77000de81976ad36bd2f808a01ceb04042cbfbf
:10b780004ff0010e4ff0000ee4192cbf4ff0010beb
:10b790004ff0000bde44a54288bfaef1010e641be2
:10b7a000a14288bfaef1010e641aa04288bfaef17b
:10b7b000010e241a9c4238bfaef1010ec6444ffa66
:10b7c0008ef8a4eb030e1aeb0804c2f804e02cbfb9
:10b7d0004ff0010e4ff0000eb8f1000fc0f29e8145
:10b7e000f2463c192cbf4ff0010e4ff0000e3419f9
:10b7f0002cbf4ff001084ff00008c644a14288bf9b
:10b80000aef1010e641aa04288bfaef1010e241af7
:10b81000a34288bfaef1010ef244d2f80ce04ffa19
:10b820008afa1eeb0a0ba4eb03042cbf4ff00108ad
:10b830004ff00008baf1000f946007dacaf100086f
:10b84000c64534bf4ff0ff084ff0000816eb0b045d
:10b850002cbf4ff0010a4ff0000a34192cbf4ff0f3
:10b86000010e4ff0000e2c19f2442cbf4ff0010ec8
:10b870004ff0000e2c19d6442cbf4ff0010a4ff0a8
:10b88000000a0c19d6442cbf4ff0010a4ff0000af1
:10b89000d644a34288bfaef1010ee41aa14588bf89
:10b8a000aef1010ea4eb0904a44588bfaef1010e70
:10b8b000c644d2f810a04ffa8efea4eb0c081aeb87
:10b8c0000e04c2f80c802cbf4ff001084ff00008a6
:10b8d000bef1000f07dacef10008c24534bf4ff0c9
:10b8e000ff084ff000082c192cbf4ff0010a4ff051
:10b8f000000a2c192cbf4ff0010e4ff0000e0c194e
:10b90000f2442cbf4ff0010e4ff0000e0c19d6443c
:10b910002cbf4ff0010a4ff0000a0419d6442cbf87
:10b920004ff0010a4ff0000af244a44588bfaaf183
:10b93000010aa4eb0c04a74288bfaaf1010ac24481
:10b94000d2f814e04ffa8afaa4eb07081eeb0a04b7
:10b95000c2f810802cbf4ff001084ff00008baf178
:10b96000000f07dacaf10008c64534bf4ff0ff08e0
:10b970004ff000080c192cbf4ff0010a4ff0000add
:10b980000c192cbf4ff0010e4ff0000e0419f244b9
:10b990002cbf4ff0010e4ff0000e0419d6442cbfff
:10b9a0004ff0010a4ff0000a1c19d6442cbf4ff08b
:10b9b000010a4ff0000af244a74288bfaaf1010a27
:10b9c000e41ba64288bfaaf1010ad044d2f818b0fd
:10b9d0004ffa88f8a4eb060e1beb0804c2f814e03b
:10b9e0002cbf4ff0010e4ff0000eb8f1000f07da38
:10b9f000c8f1000ef34534bf4ff0ff0e4ff0000ebc
:10ba000004192cbf4ff0010a4ff0000a04192cbf93
:10ba10004ff001084ff000081c19d0442cbf4ff024
:10ba2000010a4ff0000a1c192cbf4ff0010b4ff018
:10ba3000000bd0440019d8442cbf4ff0010b4ff03d
:10ba4000000b0818d8442cbf4ff0010b4ff0000b2f
:10ba5000d844814588bfa8f10108a0eb09008445be
:10ba600088bfa8f10108c644d4694ffa8efea0eb46
:10ba70000c0014eb0e0c90612cbf01200020bef1d5
:10ba8000000f05dacef10000844234bfff20002011
:10ba900013eb0c0c2cbf0124002413eb0c0c2cbf5b
:10baa0004ff0010e4ff0000e13eb0c0374442cbf4b
:10bab0004ff0010c4ff0000c19eb030904eb0c03e1
:10bac0002cbf0124002423444f4588bf013ba9eb30
:10bad0000707be4288bf013bbe1bb54288bf013b82
:10bae000751ba94288bf013b1844019bdc8840b20a
:10baf0006d1a20eae073092cc2e9075308d902eb5a
:10bb0000840102f12403002443f8044b9942fbd141
:10bb1000002815db009803b0bde8f08fc8f10008dd
:10bb2000c24534bf4ff0ff0a4ff0000a59e6c3f197
:10bb30000008474534bf4ff0ff084ff0000818e6f3
:10bb4000141f234602f1200553f8041fc943ab42da
:10bb50001960f9d154f8043f013323603bb9ac427a
:10bb600005d054f8043f01332360002bf7d0136a4b
:10bb70000199181a4ff6ff738b801062009803b07a
:04bb8000bde8f08f9d
:020000040000fa
:020000040100f9
:10bb84002de9f04f9db01d46804689461846002495
:10bb94004ff001130df15c0b19a916461794cde96a
:10bba40019b316f0c9fe002800f07c810127b34bbd
:10bbb4000d9419aa294630460f94119413941592a2
:10bbc4000e97109712971497169318f04bffa042f4
:10bbd4004adab8f1000f05d0214640462ef044fa67
:10bbe400044640b9b9f1000f39d0314648461ef039
:10bbf400a5f8044698b30d9820b1bdf83a10890011
:10bc040033f02cff0f9800220123cde90d2320b13e
:10bc1400bdf84210890033f021ff1198002201235e
:10bc2400cde90f2320b1bdf84a10890033f016ff87
:10bc3400139800220123cde9112320b1bdf852103d
:10bc4400890033f00bff0022012319a80c21cde950
:10bc5400132335f089ff20461db0bde8f08f002482
:10bc640020461db0bde8f08f0da831461ef066f8e1
:10bc740004460028bfd10fa829461ef05ff80446e9
:10bc84000028b8d1f188adf84070023142f2107347
:10bc94009942adf8387000f34881bdf84a309942b2
:10bca40011ab019300f2d880002101982ef0dcf949
:10bcb400044600289fd1f18842f210730231994260
:10bcc40000f33381bdf85230994200f2cf80bdf8c1
:10bcd40042100f9823f0d0fa00f01f001f2840f004
:10bce400a68000230593bdf83a30bdf842200393a3
:10bcf400a3eb020a4fea4a1319460fa804920293cf
:10bd040027f0a4fb044600287ff475af4fea8a0aa3
:10bd140006900ae0119c54f80a70013744f80a703e
:10bd240025f050fd002840f09f800fa90da816f0c3
:10bd340003fe0da900284ff0ff330faa0846e9dae5
:10bd4400bdf84210069c002940f0e780039b049a4a
:10bd5400013b013a93420293174640f20981039a48
:10bd64000498cdf824906ff040431a441146091a00
:10bd740000f18042db1b02980a969b00023a4feacc
:10bd8400810a0493b9003b469200800019afcde9c3
:10bd940007480b950397804691460e461d460d9f16
:10bda4000f9b57f808109a59049b119c03eb080049
:10bdb40091424744069063d34ff0ff332350029bd4
:10bdc400012b72d9039a57f8083c136057f8043cc6
:10bdd400039a53603b68936054f80a20013244f894
:10bde4000a20134616e052f80900139b11991860b3
:10bdf40092595a6051f80a2013a908461ff05cfeb4
:10be040015a988bb13a816f097fd119c002854f8b7
:10be14000a3052dd013b44f80a30002113a82ef009
:10be240023f908bb0f9a002dddd12846dde7c0f1c8
:10be34001f0319460da81f46059327f007fb044668
:10be440000287ff4d8ae39460fa827f0fffa04463d
:10be540000283ff448afcee618462ef0a3ff044670
:10be640000283ff421afc6e60446c4e613a82ef02a
:10be740099ff044600283ff42aafbce60100030002
:10be840057f8040c002a4dd0002330f0b1fe0023f3
:10be94004ff0ff328b4208bf824200d21046069b0d
:10bea400e0508ce76ff00b04d5e6039a002313608f
:10beb400029b002b8ad1029b8ae71a460fa913a87a
:10bec4001ff0fafd0028cfd14feaca04214613a877
:10bed40027f0bcfa0028c7d10da94ff0ff3313aaed
:10bee400084625f06ffc0028bed14ff001130c90da
:10bef400189359460cab0da8179316f01dfd002896
:10bf040016db029b013b9d420293a8f10408aaf1af
:10bf1400040a28d2159b039341e7029a0f981cf058
:10bf2400c9fc13e74ff0ff30b9e76ff00f0462e686
:10bf34000fa913a81df002ff002895d1214613a8cc
:10bf440027f084fa00288fd10da9012313aa0846eb
:10bf540025f038fc002887d1119a52f80a30013ba9
:10bf640042f80a30cde7dde90748dde909960b9d83
:10bf7400b8f1000f0cd0019940461df0dffe0028f7
:10bf84007ff472afaa88b38813fb02f3a8f80430d5
:10bf9400b9f1000f3ff42faebdf83a10d9b9b38808
:10bfa400adf838300da948461df0c8fe00287ff4ce
:10bfb4005baf4ff001130c90189359460cab4846f5
:10bfc400179316f0b9fc00287ff415ae012304463c
:10bfd400a9f804300fe6059a0d981cf06bfcdee717
:020000040000fa
:020000040100f9
:10bfe4002de9f04fd0e9007400f1080c95b05cf82d
:10bff4002430d1f80080d1f804e08e68cd680a922c
:10c004007f100b9788ea03030ceb840c05930b9bbe
:10c01400dcf80440dcf80800dcf80c10059adff8c2
:10c024005cb3013b002b0693d04b01938eea0407cb
:10c03400cf4b039381ea050180ea0600cde90c2782
:10c04400cc4b04910cf11002cde90e01099202933c
:10c05400c8bf0cf1300c40f3eb80059b04999df8ac
:10c0640010e05ffa83f94fea1168019951f829a0a9
:10c07400039951f828900199feb251f82ee00399e2
:10c08400040e1a0e019b51f8244053f82680039e97
:10c09400029956f822203d0e8eea040456f82550e3
:10c0a400c7f3072ec6b2c7f3074753f826605bf8f9
:10c0b40027300793059b51f82ee07540c3f30726fc
:10c0c400c3f3074388ea020251f826805cf8146c33
:10c0d4005bf823705cf8203c8aea09097440c0f3d9
:10c0e4000726c0f3074089ea0303059351f8269015
:10c0f4005bf820605cf81c0c0b4604994240c1f3c9
:10c104000720c1f3074153f820a05bf82100059be9
:10c114005cf8181c83ea0e035e4082ea0902079b5e
:10c12400049650405ffa86f984ea0804320e019eb0
:10c134005c404d4085ea0a05210e56f829a0039e6d
:10c14400c0f3072356f82110029e6f4056f823309f
:10c154000593b146c5b2019e56f82550039ec7f318
:10c16400074856f822205bf828300793c7f3072eb8
:10c174008aea010ac4f3074159f82e305bf821908a
:10c18400019908935540fab24fea106e51f82220f3
:10c194005cf8101c059b8aea010a3f0e56f82e1023
:10c1a40056f82770019e82ea010e5ffa84f85cf863
:10c1b4000c2cc4f3072485ea020156f82850029e89
:10c1c4005cf8082c56f82480049ec0f307407d4098
:10c1d4005bf82040029fc6f30720c6f3074657f8d2
:10c1e40020705bf826005cf8046c6e40089d694082
:10c1f400079d8aea03037e406b40059386ea0403a5
:10c204000493069b8eea020282ea0802013b81ea59
:10c21400090780ea02000cf1200c06937ff41daf9d
:10c224000b9b03f10062099b013a03eb4213099350
:10c23400ddf814800499019b9df810405ffa88f69c
:10c244000d0e039953f826c051f82560099d53f843
:10c2540024a02968039c0591020e8cea06065ffa65
:10c2640087fc54f8224053f82c90099a059b0299b4
:10c27400d2680692c7f3072e5e404fea186c039b00
:10c2840051f82e2053f82cc00999cdf81480c0f32e
:10c29400074e5640069a384d8aea040489ea0c0986
:10c2a4004fea176c5bf82ea06240c7f3074e029c5e
:10c2b40053f82c704b680393c8f307285ffa80fc8b
:10c2c40054f828405bf82e8009690691019986eaa2
:10c2d4000a0651f82ce002990196c0f30720039e48
:10c2e40051f82000059989ea0609099ec1f307431c
:10c2f4000499b66803966240029e5bf82330c1f34a
:10c304000744c1f3072189ea000956f8211003986c
:10c31400019e5bf8244010968eea070782ea080221
:10c324005ffa86fa474089ea04094fea12687940bd
:10c334004b4015f80a40069915f808001392c9f302
:10c344000727c3f3074c4c40e95d15f80cc0cdf842
:10c3540044904fea166884ea0064099e12935ffad7
:10c3640089f084ea012415f800a009e0accc0001ae
:10c37400acd80001acd0000138120201acd40001e9
:10c38400706984ea0c440c9402903046b6690396b2
:10c39400c66904960a9e15f808b03460019e029896
:10c3a400dfb2d1b24fea136c4fea196ec2f307241d
:10c3b400c6f30728c3f30723c6f30746c2f30742ad
:10c3c400c9f30749695c15f80cc015f80ee015f8b7
:10c3d4000990ef5deb5c2c5d15f80880aa5cad5dff
:10c3e400039e7740049e8aea000080ea0b604e4078
:10c3f40086ea0c6687ea0e6780ea032383ea024230
:10c4040087ea04240a9b86ea082884ea054588ea20
:10c4140009460ca85a609d60de602021cde90d25f7
:10c424000f9635f0a1fb002015b0bde8f08f00bfda
:020000040000fa
:020000040100f9
:10c434002de9f04f00f10806d0e90004d1f800809e
:10c4440056f82430d1f804e0d1f808c0cf68dff8fa
:10c4540064b306eb840688ea03057368b468f1687c
:10c4640095b040108eea030e431e0593002bcd4b6e
:10c474000193cd4b0a928cea040487ea010706f182
:10c4840010020293c94b0b900495cde90c5ecde9e3
:10c494000e470992039340f3f28030360096049bd2
:10c4a400019e5ffa83f94fea1e6256f829a0029ea4
:10c4b4005ffa8ef856f82220019efdb256f82890b5
:10c4c400029e4fea146c180e019b56f82cc053f8c8
:10c4d4002580029d039e55f82000390e89ea0c0937
:10c4e40055f82110c7f3072ce5b2c7f3074753f8f3
:10c4f40025505bf827300693049b56f82cc06940fe
:10c50400c3f30725c3f3074388ea00005bf82370ed
:10c51400009b56f8258053e9083589ea05050495fa
:10c52400c4f30725c4f307448aea02025bf82490a3
:10c53400009c56f825a054f8144ccef3072560400f
:10c54400cef3074456f825505bf82440009e5a4029
:10c5540056f8183c049e82ea0c0282ea0909594002
:10c56400069a694086ea08085ffa89f5019e88ea16
:10c57400020880ea0a0044404f4056f825a0029e73
:10c58400039d4fea1860c4f30723c7f3074e56f818
:10c594002000019e55f823505bf82e3006935ffa75
:10c5a40088f1c9f3072c56f82110039b029e0495c9
:10c5b4003a0e53f82c5056f82220009b07958aea2d
:10c5c400000cc4f3074081ea020e5bf820200892b5
:10c5d400019853f80c1cfab28eea010e50f822505e
:10c5e40053f8102c04998cea020c220e8cea0103f5
:10c5f40056f82220009985ea020ae4b24fea196249
:10c6040051f8085c50f8240056f82210039e484064
:10c61400c8f30721c7f3072756f82140009956f8b5
:10c62400277051f8041c079e48400699474083ea46
:10c634000100089b04908eea060e8eea030e009b0e
:10c64400c9f307492033c8f307480093059b5bf8f7
:10c6540029208aea050a5bf828508aea040a013b81
:10c664008aea020487ea050705937ff418af0b9b57
:10c6740003f10062099b013a03eb42130993019e03
:10c684009df81050029b56f82550099e3668009676
:10c694005ffa8ef1019e220e56f821a053f8221063
:10c6a400099a434e526805924fea1e60c7f3072c5d
:10c6b40053f82000039a019b52f82c206840c4f3dd
:10c6c400074cfdb28aea010853f825905bf82c1058
:10c6d400009d049b0091059968401d0e029b5040eb
:10c6e40088ea010253f825500292049a0399c2f38e
:10c6f400072c89ea05093d0ec7f3074751f82c10aa
:10c704005bf827c0099f53f825a05ffa84f8d7e99e
:10c714000352019b059253f82870009a039b87ea01
:10c724000a0a099f5040c4f30724029a0090b8688b
:10c7340053f824400190049b03984a40cef30741e8
:10c74400cef3072e89ea05055bf8217050f82e1008
:10c75400009810906540c3f30743019c5bf82330b5
:10c7640082ea0c025ffa80fe8aea040a85ea070973
:10c774004fea126c8aea01014b4016f80e5016f883
:10c784000c4011928046c9f307270598f15dcdf856
:10c794004c90c3f3074c454016f80cc0129385ea3d
:10c7a400046509e0acdc0001ace80001ace0000188
:10c7b40038130201ace40001d4b285ea012585ea0c
:10c7c4000c45190e4fea186c16f80480099c0c9558
:10c7d4006469705c09990190886902900a98c96932
:10c7e40005604fea196a009816f80ab016f80ca00a
:10c7f4005ffa89f75ffa83fec0f3072cc2f30725bb
:10c80400c3f30723c9f30749c2f30742c0f3074040
:10c81400f75d16f80cc016f80990305c16f80ee0b7
:10c82400f35c755db25c029e4f40019988ea040492
:10c834008eea060e87ea0a6a8eea0b6e8aea0323f8
:10c8440084ea016483ea024284ea0c240a9b0f927c
:10c854008eea052585ea004584ea09440ca85c6053
:10c864009d60da602021cde90d4535f07df9002089
:08c8740015b0bde8f08f00bf14
:020000040000fa
:020000040100f9
:10c87c002de9f04fabb01f46349b099100250df10b
:10c88c00540804461d609246434629a84ff0ff31d8
:10c89c00c3e9005108339842fad1baf1000f00f005
:10c8ac0099812fb3384634f0bdfed4f85831834605
:10c8bc00980600f1918104f1700503e0ad69002d3b
:10c8cc0000f085816b68032bf8d1ab681a78552a78
:10c8dc00f4d113f8012f042af0d15b78032bedd19e
:10c8ec005a46394605f10c0017f052fe0028e5d1e6
:10c8fc0000230b9304f1cc05284636f023f90028cd
:10c90c0000f0a58101380122daf8043002fa00f0b7
:10c91c00184200f09c810af10803294618460a9334
:10c92c0026f0befd18b10b9b43f480330b93002310
:10c93c00cde9154307934ff0010b00bf94f88831f4
:10c94c000bf1ff320892002b00f03c81013b0122dd
:10c95c00daf8001002fa03f30b4200f0338194f87a
:10c96c008931002b00f02781013b0122daf80410f9
:10c97c0002fa03f30b4200f01e81bbf1010f099d7b
:10c98c0000f09580002d00f0f88004f1500901268c
:10c99c0005f17001484618f0dbfd0746002840f011
:10c9ac00e680002e00f0d280eb69022b00f3ce80e3
:10c9bc00d5f86031002b05dd079aabeb02029342f0
:10c9cc00c0f0d58094f8880133f0c8fe069036f09c
:10c9dc004dfa069a05900dab1046d4e905212cf0c2
:10c9ec00c1fa002840f0d08005f1cc02104694f832
:10c9fc008911069235f0f8fc069a002800f0c480e4
:10ca0c00d4f8807194f88831d4f88c1194f8890199
:10ca1c000397d4f884710297059f01970daf009787
:10ca2c0022f09afcb0fa80f77f0916b1002840f08a
:10ca3c009e80bbf1010f0cd004f17001484618f038
:10ca4c0087fd10b9079b0133079316b9bbf1080f8b
:10ca5c0074d82fb9d8f8043043f00803c8f8043060
:10ca6c0005f1cc010a9826f01bfd28b1d8f804304a
:10ca7c0043f48033c8f804300023c8f80850c8f8d1
:10ca8c000c300bf1010b2c4608f10808002e3ff47a
:10ca9c0055af0bf1ff330893169b0b9a1343169368
:10caac00089b2aaa02ebc30353f8501c21e004f1a3
:10cabc005009484604f1700118f04afd00287ff433
:10cacc0061af002d59d0a66804e000bfd5f8905195
:10cadc00002d6dd0ab689e42f8d13246e968e06813
:10caec0034f026f80028f1d116990b9b0b4319460c
:10cafc00169315ab03ebcb0bdde93456089c02e027
:10cb0c005bf8041c013c22460dab36980d9126b106
:10cb1c005bf8081cb04770b90d992b680b43abf14f
:10cb2c00080b2b60002cebd15a48002b08bf0020bf
:10cb3c002bb0bde8f08f10f51c5f00d15648349a2d
:10cb4c004ff0ff3313602bb0bde8f08fd5f85c319c
:10cb5c006bb1d5f8583159077ff52aafd5f8643148
:10cb6c005a0704d548f2010213423ff421afd5f81d
:10cb7c009051002d7ff40caf7eb1d4f8905165b17b
:10cb8c0004f15009002603e7002e3ff452afd5f80c
:10cb9c009051002d7ff4fcaeeee7089b2aaa02eb25
:10cbac00c30252f8503c43f0080342f8503c73e780
:10cbbc00099d0126ece6d8f8043043f40043c8f88c
:10cbcc000430dae64ff48043c8f80430c7e6042397
:10cbdc000b938fe63148b2e7002304f1f806059376
:10cbec003546994603e0022a29d0ed685db12a68e2
:10cbfc0002f01f02062a1fd0072af4d1ed684ff06d
:10cc0c000109002df3d1b9f1000f25d1059b1bb9fa
:10cc1c00dde7f668002edad0336803f01f03062b2d
:10cc2c00f7d173689b45f4d15a463946b06833f056
:10cc3c007fff0028edd15be601230593d5e75a462b
:10cc4c003946284617f0a4fc0028ced150e60b9ba1
:10cc5c0043f400430b935ee60da938460ef058fde5
:10cc6c0081460028d2d0354602e0ed68002dcdd0ab
:10cc7c002b6803f01f03072bf7d16b689945f4d190
:10cc8c004a460da9a86833f053ff0028edd10b904c
:10cc9c0030e600bf00d9ffff00d0ffff00d8ffff38
:020000040000fa
:020000040100f9
:10ccac00c66363a5f87c7c84ee777799f67b7b8de5
:10ccbc00fff2f20dd66b6bbdde6f6fb191c5c55433
:10cccc006030305002010103ce6767a9562b2b7dd3
:10ccdc00e7fefe19b5d7d7624dababe6ec76769a8c
:10ccec008fcaca451f82829d89c9c940fa7d7d873a
:10ccfc00effafa15b25959eb8e4747c9fbf0f00b16
:10cd0c0041adadecb3d4d4675fa2a2fd45afafeaa1
:10cd1c00239c9cbf53a4a4f7e47272969bc0c05b87
:10cd2c0075b7b7c2e1fdfd1c3d9393ae4c26266a48
:10cd3c006c36365a7e3f3f41f5f7f70283cccc4f29
:10cd4c006834345c51a5a5f4d1e5e534f9f1f1086a
:10cd5c00e2717193abd8d873623131532a15153ff8
:10cd6c000804040c95c7c752462323659dc3c35eb4
:10cd7c0030181828379696a10a05050f2f9a9ab5e0
:10cd8c000e070709241212361b80809bdfe2e23d5e
:10cd9c00cdebeb264e2727697fb2b2cdea75759f96
:10cdac001209091b1d83839e582c2c74341a1a2ebd
:10cdbc00361b1b2ddc6e6eb2b45a5aee5ba0a0fb78
:10cdcc00a45252f6763b3b4db7d6d6617db3b3ce6b
:10cddc005229297bdde3e33e5e2f2f711384849768
:10cdec00a65353f5b9d1d16800000000c1eded2c6c
:10cdfc0040202060e3fcfc1f79b1b1c8b65b5bed51
:10ce0c00d46a6abe8dcbcb4667bebed97239394b5c
:10ce1c00944a4ade984c4cd4b05858e885cfcf4a47
:10ce2c00bbd0d06bc5efef2a4faaaae5edfbfb16e2
:10ce3c00864343c59a4d4dd766333355118585943a
:10ce4c008a4545cfe9f9f91004020206fe7f7f817d
:10ce5c00a05050f0783c3c44259f9fba4ba8a8e3c7
:10ce6c00a25151f35da3a3fe804040c0058f8f8a71
:10ce7c003f9292ad219d9dbc70383848f1f5f50478
:10ce8c0063bcbcdf77b6b6c1afdada754221216379
:10ce9c0020101030e5ffff1afdf3f30ebfd2d26d58
:10ceac0081cdcd4c180c0c1426131335c3ecec2f80
:10cebc00be5f5fe1359797a2884444cc2e17173993
:10cecc0093c4c45755a7a7f2fc7e7e827a3d3d479a
:10cedc00c86464acba5d5de73219192be6737395bf
:10ceec00c06060a0198181989e4f4fd1a3dcdc7f7c
:10cefc0044222266542a2a7e3b9090ab0b8888836e
:10cf0c008c4646cac7eeee296bb8b8d32814143c2d
:10cf1c00a7dede79bc5e5ee2160b0b1daddbdb76ad
:10cf2c00dbe0e03b64323256743a3a4e140a0a1e85
:10cf3c00924949db0c06060a4824246cb85c5ce474
:10cf4c009fc2c25dbdd3d36e43acacefc46262a6cc
:10cf5c00399191a8319595a4d3e4e437f279798b82
:10cf6c00d5e7e7328bc8c8436e373759da6d6db7e2
:10cf7c00018d8d8cb1d5d5649c4e4ed249a9a9e0ba
:10cf8c00d86c6cb4ac5656faf3f4f407cfeaea2535
:10cf9c00ca6565aff47a7a8e47aeaee91008081808
:10cfac006fbabad5f07878884a25256f5c2e2e7228
:10cfbc00381c1c2457a6a6f173b4b4c797c6c65127
:10cfcc00cbe8e823a1dddd7ce874749c3e1f1f21b7
:10cfdc00964b4bdd61bdbddc0d8b8b860f8a8a8534
:10cfec00e07070907c3e3e4271b5b5c4cc6666aaca
:10cffc00904848d806030305f7f6f6011c0e0e12ee
:10d00c00c26161a36a35355fae5757f969b9b9d0ba
:10d01c001786869199c1c1583a1d1d27279e9eb926
:10d02c00d9e1e138ebf8f8132b9898b322111133ae
:10d03c00d26969bba9d9d970078e8e89339494a70c
:10d04c002d9b9bb63c1e1e2215878792c9e9e920b1
:10d05c0087cece49aa5555ff50282878a5dfdf7a10
:10d06c00038c8c8f59a1a1f8098989801a0d0d1791
:10d07c0065bfbfdad7e6e631844242c6d06868b8ed
:10d08c00824141c3299999b05a2d2d771e0f0f114a
:10d09c007bb0b0cba85454fc6dbbbbd62c16163a47
:020000040000fa
:020000040100f9
:10d0ac00a5c6636384f87c7c99ee77778df67b7be1
:10d0bc000dfff2f2bdd66b6bb1de6f6f5491c5c52f
:10d0cc005060303003020101a9ce67677d562b2bcf
:10d0dc0019e7fefe62b5d7d7e64dabab9aec767688
:10d0ec00458fcaca9d1f82824089c9c987fa7d7d36
:10d0fc0015effafaebb25959c98e47470bfbf0f012
:10d10c00ec41adad67b3d4d4fd5fa2a2ea45afaf9d
:10d11c00bf239c9cf753a4a496e472725b9bc0c083
:10d12c00c275b7b71ce1fdfdae3d93936a4c262644
:10d13c005a6c3636417e3f3f02f5f7f74f83cccc25
:10d14c005c683434f451a5a534d1e5e508f9f1f166
:10d15c0093e2717173abd8d8536231313f2a1515f4
:10d16c000c0804045295c7c7654623235e9dc3c3b0
:10d17c0028301818a13796960f0a0505b52f9a9adc
:10d18c00090e0707362412129b1b80803ddfe2e25a
:10d19c0026cdebeb694e2727cd7fb2b29fea757592
:10d1ac001b1209099e1d838374582c2c2e341a1ab9
:10d1bc002d361b1bb2dc6e6eeeb45a5afb5ba0a074
:10d1cc00f6a452524d763b3b61b7d6d6ce7db3b367
:10d1dc007b5229293edde3e3715e2f2f9713848464
:10d1ec00f5a6535368b9d1d1000000002cc1eded68
:10d1fc00604020201fe3fcfcc879b1b1edb65b5b4d
:10d20c00bed46a6a468dcbcbd967bebe4b72393958
:10d21c00de944a4ad4984c4ce8b058584a85cfcf43
:10d22c006bbbd0d02ac5efefe54faaaa16edfbfbde
:10d23c00c5864343d79a4d4d556633339411858536
:10d24c00cf8a454510e9f9f90604020281fe7f7f79
:10d25c00f0a0505044783c3cba259f9fe34ba8a8c3
:10d26c00f3a25151fe5da3a3c08040408a058f8f6d
:10d27c00ad3f9292bc219d9d4870383804f1f5f574
:10d28c00df63bcbcc177b6b675afdada6342212175
:10d29c00302010101ae5ffff0efdf3f36dbfd2d254
:10d2ac004c81cdcd14180c0c352613132fc3ecec7c
:10d2bc00e1be5f5fa2359797cc884444392e17178f
:10d2cc005793c4c4f255a7a782fc7e7e477a3d3d96
:10d2dc00acc86464e7ba5d5d2b32191995e67373bb
:10d2ec00a0c0606098198181d19e4f4f7fa3dcdc78
:10d2fc00664422227e542a2aab3b9090830b88886a
:10d30c00ca8c464629c7eeeed36bb8b83c28141429
:10d31c0079a7dedee2bc5e5e1d160b0b76addbdba9
:10d32c003bdbe0e0566432324e743a3a1e140a0a81
:10d33c00db9249490a0c06066c482424e4b85c5c70
:10d34c005d9fc2c26ebdd3d3ef43acaca6c46262c8
:10d35c00a8399191a431959537d3e4e48bf279797e
:10d36c0032d5e7e7438bc8c8596e3737b7da6d6dde
:10d37c008c018d8d64b1d5d5d29c4e4ee049a9a9b6
:10d38c00b4d86c6cfaac565607f3f4f425cfeaea31
:10d39c00afca65658ef47a7ae947aeae1810080804
:10d3ac00d56fbaba88f078786f4a2525725c2e2e24
:10d3bc0024381c1cf157a6a6c773b4b45197c6c623
:10d3cc0023cbe8e87ca1dddd9ce87474213e1f1fb3
:10d3dc00dd964b4bdc61bdbd860d8b8b850f8a8a30
:10d3ec0090e07070427c3e3ec471b5b5aacc6666c6
:10d3fc00d89048480506030301f7f6f6121c0e0eea
:10d40c00a3c261615f6a3535f9ae5757d069b9b9b6
:10d41c00911786865899c1c1273a1d1db9279e9e22
:10d42c0038d9e1e113ebf8f8b32b989833221111aa
:10d43c00bbd2696970a9d9d989078e8ea733949408
:10d44c00b62d9b9b223c1e1e9215878720c9e9e9ad
:10d45c004987ceceffaa5555785028287aa5dfdf0c
:10d46c008f038c8cf859a1a180098989171a0d0d8d
:10d47c00da65bfbf31d7e6e6c6844242b8d06868e9
:10d48c00c3824141b0299999775a2d2d111e0f0f46
:10d49c00cb7bb0b0fca85454d66dbbbb3a2c161643
:020000040000fa
:020000040100f9
:10d4ac0063a5c6637c84f87c7799ee777b8df67bdd
:10d4bc00f20dfff26bbdd66b6fb1de6fc55491c52b
:10d4cc00305060300103020167a9ce672b7d562bcb
:10d4dc00fe19e7fed762b5d7abe64dab769aec7684
:10d4ec00ca458fca829d1f82c94089c97d87fa7d32
:10d4fc00fa15effa59ebb25947c98e47f00bfbf00e
:10d50c00adec41add467b3d4a2fd5fa2afea45af99
:10d51c009cbf239ca4f753a47296e472c05b9bc07f
:10d52c00b7c275b7fd1ce1fd93ae3d93266a4c2640
:10d53c00365a6c363f417e3ff702f5f7cc4f83cc21
:10d54c00345c6834a5f451a5e534d1e5f108f9f162
:10d55c007193e271d873abd831536231153f2a15f0
:10d56c00040c0804c75295c723654623c35e9dc3ac
:10d57c001828301896a13796050f0a059ab52f9ad8
:10d58c0007090e0712362412809b1b80e23ddfe256
:10d59c00eb26cdeb27694e27b2cd7fb2759fea758e
:10d5ac00091b1209839e1d832c74582c1a2e341ab5
:10d5bc001b2d361b6eb2dc6e5aeeb45aa0fb5ba070
:10d5cc0052f6a4523b4d763bd661b7d6b3ce7db363
:10d5dc00297b5229e33edde32f715e2f8497138460
:10d5ec0053f5a653d168b9d100000000ed2cc1ed64
:10d5fc0020604020fc1fe3fcb1c879b15bedb65b49
:10d60c006abed46acb468dcbbed967be394b723954
:10d61c004ade944a4cd4984c58e8b058cf4a85cf3f
:10d62c00d06bbbd0ef2ac5efaae54faafb16edfbda
:10d63c0043c586434dd79a4d335566338594118532
:10d64c0045cf8a45f910e9f9020604027f81fe7f75
:10d65c0050f0a0503c44783c9fba259fa8e34ba8bf
:10d66c0051f3a251a3fe5da340c080408f8a058f69
:10d67c0092ad3f929dbc219d38487038f504f1f570
:10d68c00bcdf63bcb6c177b6da75afda2163422171
:10d69c0010302010ff1ae5fff30efdf3d26dbfd250
:10d6ac00cd4c81cd0c14180c13352613ec2fc3ec78
:10d6bc005fe1be5f97a2359744cc884417392e178b
:10d6cc00c45793c4a7f255a77e82fc7e3d477a3d92
:10d6dc0064acc8645de7ba5d192b32197395e673b7
:10d6ec0060a0c060819819814fd19e4fdc7fa3dc74
:10d6fc00226644222a7e542a90ab3b9088830b8866
:10d70c0046ca8c46ee29c7eeb8d36bb8143c281425
:10d71c00de79a7de5ee2bc5e0b1d160bdb76addba5
:10d72c00e03bdbe0325664323a4e743a0a1e140a7d
:10d73c0049db9249060a0c06246c48245ce4b85c6c
:10d74c00c25d9fc2d36ebdd3acef43ac62a6c462c4
:10d75c0091a8399195a43195e437d3e4798bf2797a
:10d76c00e732d5e7c8438bc837596e376db7da6dda
:10d77c008d8c018dd564b1d54ed29c4ea9e049a9b2
:10d78c006cb4d86c56faac56f407f3f4ea25cfea2d
:10d79c0065afca657a8ef47aaee947ae0818100800
:10d7ac00bad56fba7888f078256f4a252e725c2e20
:10d7bc001c24381ca6f157a6b4c773b4c65197c61f
:10d7cc00e823cbe8dd7ca1dd749ce8741f213e1faf
:10d7dc004bdd964bbddc61bd8b860d8b8a850f8a2c
:10d7ec007090e0703e427c3eb5c471b566aacc66c2
:10d7fc0048d8904803050603f601f7f60e121c0ee6
:10d80c0061a3c261355f6a3557f9ae57b9d069b9b2
:10d81c0086911786c15899c11d273a1d9eb9279e1e
:10d82c00e138d9e1f813ebf898b32b9811332211a6
:10d83c0069bbd269d970a9d98e89078e94a7339404
:10d84c009bb62d9b1e223c1e87921587e920c9e9a9
:10d85c00ce4987ce55ffaa5528785028df7aa5df08
:10d86c008c8f038ca1f859a1898009890d171a0d89
:10d87c00bfda65bfe631d7e642c6844268b8d068e5
:10d88c0041c3824199b029992d775a2d0f111e0f42
:10d89c00b0cb7bb054fca854bbd66dbb163a2c163f
:020000040000fa
:020000040100f9
:10d8ac006363a5c67c7c84f8777799ee7b7b8df6d9
:10d8bc00f2f20dff6b6bbdd66f6fb1dec5c5549127
:10d8cc0030305060010103026767a9ce2b2b7d56c7
:10d8dc00fefe19e7d7d762b5ababe64d76769aec80
:10d8ec00caca458f82829d1fc9c940897d7d87fa2e
:10d8fc00fafa15ef5959ebb24747c98ef0f00bfb0a
:10d90c00adadec41d4d467b3a2a2fd5fafafea4595
:10d91c009c9cbf23a4a4f753727296e4c0c05b9b7b
:10d92c00b7b7c275fdfd1ce19393ae3d26266a4c3c
:10d93c0036365a6c3f3f417ef7f702f5cccc4f831d
:10d94c0034345c68a5a5f451e5e534d1f1f108f95e
:10d95c00717193e2d8d873ab3131536215153f2aec
:10d96c0004040c08c7c7529523236546c3c35e9da8
:10d97c00181828309696a13705050f0a9a9ab52fd4
:10d98c000707090e1212362480809b1be2e23ddf52
:10d99c00ebeb26cd2727694eb2b2cd7f75759fea8a
:10d9ac0009091b1283839e1d2c2c74581a1a2e34b1
:10d9bc001b1b2d366e6eb2dc5a5aeeb4a0a0fb5b6c
:10d9cc005252f6a43b3b4d76d6d661b7b3b3ce7d5f
:10d9dc0029297b52e3e33edd2f2f715e848497135c
:10d9ec005353f5a6d1d168b900000000eded2cc160
:10d9fc0020206040fcfc1fe3b1b1c8795b5bedb645
:10da0c006a6abed4cbcb468dbebed96739394b7250
:10da1c004a4ade944c4cd4985858e8b0cfcf4a853b
:10da2c00d0d06bbbefef2ac5aaaae54ffbfb16edd6
:10da3c004343c5864d4dd79a33335566858594112e
:10da4c004545cf8af9f910e9020206047f7f81fe71
:10da5c005050f0a03c3c44789f9fba25a8a8e34bbb
:10da6c005151f3a2a3a3fe5d4040c0808f8f8a0565
:10da7c009292ad3f9d9dbc2138384870f5f504f16c
:10da8c00bcbcdf63b6b6c177dada75af212163426d
:10da9c0010103020ffff1ae5f3f30efdd2d26dbf4c
:10daac00cdcd4c810c0c141813133526ecec2fc374
:10dabc005f5fe1be9797a2354444cc881717392e87
:10dacc00c4c45793a7a7f2557e7e82fc3d3d477a8e
:10dadc006464acc85d5de7ba19192b32737395e6b3
:10daec006060a0c0818198194f4fd19edcdc7fa370
:10dafc00222266442a2a7e549090ab3b8888830b62
:10db0c004646ca8ceeee29c7b8b8d36b14143c2821
:10db1c00dede79a75e5ee2bc0b0b1d16dbdb76ada1
:10db2c00e0e03bdb323256643a3a4e740a0a1e1479
:10db3c004949db9206060a0c24246c485c5ce4b868
:10db4c00c2c25d9fd3d36ebdacacef436262a6c4c0
:10db5c009191a8399595a431e4e437d379798bf276
:10db6c00e7e732d5c8c8438b3737596e6d6db7dad6
:10db7c008d8d8c01d5d564b14e4ed29ca9a9e049ae
:10db8c006c6cb4d85656faacf4f407f3eaea25cf29
:10db9c006565afca7a7a8ef4aeaee94708081810fc
:10dbac00babad56f787888f025256f4a2e2e725c1c
:10dbbc001c1c2438a6a6f157b4b4c773c6c651971b
:10dbcc00e8e823cbdddd7ca174749ce81f1f213eab
:10dbdc004b4bdd96bdbddc618b8b860d8a8a850f28
:10dbec00707090e03e3e427cb5b5c4716666aaccbe
:10dbfc004848d89003030506f6f601f70e0e121ce2
:10dc0c006161a3c235355f6a5757f9aeb9b9d069ae
:10dc1c0086869117c1c158991d1d273a9e9eb9271a
:10dc2c00e1e138d9f8f813eb9898b32b11113322a2
:10dc3c006969bbd2d9d970a98e8e89079494a73300
:10dc4c009b9bb62d1e1e223c87879215e9e920c9a5
:10dc5c00cece49875555ffaa28287850dfdf7aa504
:10dc6c008c8c8f03a1a1f859898980090d0d171a85
:10dc7c00bfbfda65e6e631d74242c6846868b8d0e1
:10dc8c004141c3829999b0292d2d775a0f0f111e3e
:10dc9c00b0b0cb7b5454fca8bbbbd66d16163a2c3b
:020000040000fa
:020000040100f9
:10dcac0051f4a7507e4165531a17a4c33a275e96c8
:10dcbc003bab6bcb1f9d45f1acfa58ab4be30393dd
:10dccc002030fa55ad766df688cc7691f5024c2560
:10dcdc004fe5d7fcc52acbd726354480b562a38f38
:10dcec00deb15a4925ba1b6745ea0e985dfec0e1c4
:10dcfc00c32f7502814cf0128d4697a36bd3f9c6d6
:10dd0c00038f5fe715929c95bf6d7aeb955259daac
:10dd1c00d4be832d587421d349e069298ec9c844d7
:10dd2c0075c2896af48e797899583e6b27b971dd82
:10dd3c00bee14fb6f088ad17c920ac667dce3ab4c3
:10dd4c0063df4a18e51a31829751336062537f457d
:10dd5c00b16477e0bb6bae84fe81a01cf9082b94f8
:10dd6c00704868588f45fd1994de6c87527bf8b764
:10dd7c00ab73d323724b02e2e31f8f576655ab2a6a
:10dd8c00b2eb28072fb5c20386c57b9ad33708a5fb
:10dd9c00302887f223bfa5b202036abaed16825c63
:10ddac008acf1c2ba779b492f307f2f04e69e2a14b
:10ddbc0065daf4cd0605bed5d134621fc4a6fe8a41
:10ddcc00342e539da2f355a0058ae132a4f6eb75cf
:10dddc000b83ec394060efaa5e719f06bd6e10514b
:10ddec003e218af996dd063ddd3e05ae4de6bd468b
:10ddfc0091548db571c45d050406d46f605015ff48
:10de0c001998fb24d6bde997894043cc67d99e77f6
:10de1c00b0e842bd07898b88e7195b3879c8eedb1f
:10de2c00a17c0a477c420fe9f8841ec9000000005f
:10de3c0009808683322bed481e1170ac6c5a724ee1
:10de4c00fd0efffb0f8538563daed51e362d3927fe
:10de5c000a0fd964685ca6219b5b54d124362e3af8
:10de6c000c0a67b19357e70fb4ee96d21b9b919ea9
:10de7c0080c0c54f61dc20a25a774b691c121a1660
:10de8c00e293ba0ac0a02ae53c22e043121b171dfc
:10de9c000e090d0bf28bc7ad2db6a8b9141ea9c86f
:10deac0057f11985af75074cee99ddbba37f60fd6b
:10debc00f701269f5c72f5bc44663bc55bfb7e3468
:10decc008b432976cb23c6dcb6edfc68b8e4f16352
:10dedc00d731dcca426385101397224084c61120c7
:10deec00854a247dd2bb3df8aef93211c729a16d0c
:10defc001d9e2f4bdcb230f30d8652ec77c1e3d074
:10df0c002bb3166ca970b999119448fa47e964229d
:10df1c00a8fc8cc4a0f03f1a567d2cd8223390ef6d
:10df2c0087494ec7d938d1c18ccaa2fe98d40b36ba
:10df3c00a6f581cfa57ade28dab78e263fadbfa431
:10df4c002c3a9de45078920d6a5fcc9b547e4662cd
:10df5c00f68d13c290d8b8e82e39f75e82c3aff5b0
:10df6c009f5d80be69d0937c6fd52da9cf2512b350
:10df7c00c8ac993b10187da7e89c636edb3bbb7b60
:10df8c00cd2678096e5918f4ec9ab701834f9aa8ec
:10df9c00e6956e65aaffe67e21bccf08ef15e8e694
:10dfac00bae79bd94a6f36ceea9f09d429b07cd602
:10dfbc0031a4b2af2a3f2331c6a5943035a266c036
:10dfcc00744ebc37fc82caa6e090d0b033a7d815eb
:10dfdc00f104984a41ecdaf77fcd500e1791f62fe9
:10dfec00764dd68d43efb04dccaa4d54e49604df5c
:10dffc009ed1b5e34c6a881bc12c1fb84665517f76
:10e00c009d5eea04018c355dfa877473fb0b412e1f
:10e01c00b3671d5a92dbd252e91056336dd64713b3
:10e02c009ad7618c37a10c7a59f8148eeb133c8972
:10e03c00cea927eeb761c935e11ce5ed7a47b13cb5
:10e04c009cd2df5955f2733f1814ce7973c737bf82
:10e05c0053f7cdea5ffdaa5bdf3d6f147844db8696
:10e06c00caaff381b968c43e3824342cc2a3405fd4
:10e07c00161dc372bce2250c283c498bff0d954143
:10e08c0039a80171080cb3ded8b4e49c6456c19075
:10e09c007bcb8461d532b670486c5c74d0b8574277
:020000040000fa
:020000040100f9
:10e0ac005051f4a7537e4165c31a17a4963a275ec4
:10e0bc00cb3bab6bf11f9d45abacfa58934be303d9
:10e0cc00552030faf6ad766d9188cc7625f5024c5c
:10e0dc00fc4fe5d7d7c52acb802635448fb562a334
:10e0ec0049deb15a6725ba1b9845ea0ee15dfec0c0
:10e0fc0002c32f7512814cf0a38d4697c66bd3f9d2
:10e10c00e7038f5f9515929cebbf6d7ada955259a8
:10e11c002dd4be83d35874212949e069448ec9c8d3
:10e12c006a75c28978f48e796b99583edd27b9717e
:10e13c00b6bee14f17f088ad66c920acb47dce3abf
:10e14c001863df4a82e51a31609751334562537f79
:10e15c00e0b1647784bb6bae1cfe81a094f9082bf4
:10e16c0058704868198f45fd8794de6cb7527bf860
:10e17c0023ab73d3e2724b0257e31f8f2a6655ab66
:10e18c0007b2eb28032fb5c29a86c57ba5d33708f7
:10e19c00f2302887b223bfa5ba02036a5ced16825f
:10e1ac002b8acf1c92a779b4f0f307f2a14e69e247
:10e1bc00cd65daf4d50605be1fd134628ac4a6fe3d
:10e1cc009d342e53a0a2f35532058ae175a4f6ebcb
:10e1dc00390b83ecaa4060ef065e719f51bd6e1047
:10e1ec00f93e218a3d96dd06aedd3e05464de6bd87
:10e1fc00b591548d0571c45d6f0406d4ff60501544
:10e20c00241998fb97d6bde9cc8940437767d99ef2
:10e21c00bdb0e8428807898b38e7195bdb79c8ee1b
:10e22c0047a17c0ae97c420fc9f8841e000000005b
:10e23c008309808648322bedac1e11704e6c5a72dd
:10e24c00fbfd0eff560f85381e3daed527362d39fa
:10e25c00640a0fd921685ca6d19b5b543a24362ef4
:10e26c00b10c0a670f9357e7d2b4ee969e1b9b91a5
:10e27c004f80c0c5a261dc20695a774b161c121a5c
:10e28c000ae293bae5c0a02a433c22e01d121b17f8
:10e29c000b0e090dadf28bc7b92db6a8c8141ea96b
:10e2ac008557f1194caf7507bbee99ddfda37f6067
:10e2bc009ff70126bc5c72f5c544663b345bfb7e64
:10e2cc00768b4329dccb23c668b6edfc63b8e4f14e
:10e2dc00cad731dc10426385401397222084c611c3
:10e2ec007d854a24f8d2bb3d11aef9326dc729a108
:10e2fc004b1d9e2ff3dcb230ec0d8652d077c1e370
:10e30c006c2bb31699a970b9fa1194482247e96499
:10e31c00c4a8fc8c1aa0f03fd8567d2cef22339069
:10e32c00c787494ec1d938d1fe8ccaa23698d40bb6
:10e33c00cfa6f58128a57ade26dab78ea43fadbf2d
:10e34c00e42c3a9d0d5078929b6a5fcc62547e46c9
:10e35c00c2f68d13e890d8b85e2e39f7f582c3afac
:10e36c00be9f5d807c69d093a96fd52db3cf25124c
:10e37c003bc8ac99a710187d6ee89c637bdb3bbb5c
:10e38c0009cd2678f46e591801ec9ab7a8834f9ae8
:10e39c0065e6956e7eaaffe60821bccfe6ef15e890
:10e3ac00d9bae79bce4a6f36d4ea9f09d629b07cfe
:10e3bc00af31a4b2312a3f2330c6a594c035a26632
:10e3cc0037744ebca6fc82cab0e090d01533a7d8e7
:10e3dc004af10498f741ecda0e7fcd502f1791f6e5
:10e3ec008d764dd64d43efb054ccaa4ddfe4960458
:10e3fc00e39ed1b51b4c6a88b8c12c1f7f46655172
:10e40c00049d5eea5d018c3573fa87742efb0b411b
:10e41c005ab3671d5292dbd233e91056136dd647af
:10e42c008c9ad7617a37a10c8e59f81489eb133c6e
:10e43c00eecea92735b761c9ede11ce53c7a47b1b1
:10e44c00599cd2df3f55f273791814cebf73c7377e
:10e45c00ea53f7cd5b5ffdaa14df3d6f867844db92
:10e46c0081caaff33eb968c42c3824345fc2a340d0
:10e47c0072161dc30cbce2258b283c4941ff0d953f
:10e48c007139a801de080cb39cd8b4e4906456c171
:10e49c00617bcb8470d532b674486c5c42d0b85773
:020000040000fa
:020000040100f9
:10e4ac00a75051f465537e41a4c31a175e963a27c0
:10e4bc006bcb3bab45f11f9d58abacfa03934be3d5
:10e4cc00fa5520306df6ad76769188cc4c25f50258
:10e4dc00d7fc4fe5cbd7c52a44802635a38fb56230
:10e4ec005a49deb11b6725ba0e9845eac0e15dfebc
:10e4fc007502c32ff012814c97a38d46f9c66bd3ce
:10e50c005fe7038f9c9515927aebbf6d59da9552a4
:10e51c00832dd4be21d35874692949e0c8448ec9cf
:10e52c00896a75c27978f48e3e6b995871dd27b97a
:10e53c004fb6bee1ad17f088ac66c9203ab47dcebb
:10e54c004a1863df3182e51a336097517f45625375
:10e55c0077e0b164ae84bb6ba01cfe812b94f908f0
:10e56c0068587048fd198f456c8794def8b7527b5c
:10e57c00d323ab7302e2724b8f57e31fab2a665562
:10e58c002807b2ebc2032fb57b9a86c508a5d337f3
:10e59c0087f23028a5b223bf6aba0203825ced165b
:10e5ac001c2b8acfb492a779f2f0f307e2a14e6943
:10e5bc00f4cd65dabed50605621fd134fe8ac4a639
:10e5cc00539d342e55a0a2f3e132058aeb75a4f6c7
:10e5dc00ec390b83efaa40609f065e711051bd6e43
:10e5ec008af93e21063d96dd05aedd3ebd464de683
:10e5fc008db591545d0571c4d46f040615ff605040
:10e60c00fb241998e997d6bd43cc89409e7767d9ee
:10e61c0042bdb0e88b8807895b38e719eedb79c817
:10e62c000a47a17c0fe97c421ec9f8840000000057
:10e63c0086830980ed48322b70ac1e11724e6c5ad9
:10e64c00fffbfd0e38560f85d51e3dae3927362df6
:10e65c00d9640a0fa621685c54d19b5b2e3a2436f0
:10e66c0067b10c0ae70f935796d2b4ee919e1b9ba1
:10e67c00c54f80c020a261dc4b695a771a161c1258
:10e68c00ba0ae2932ae5c0a0e0433c22171d121bf4
:10e69c000d0b0e09c7adf28ba8b92db6a9c8141e67
:10e6ac00198557f1074caf75ddbbee9960fda37f63
:10e6bc00269ff701f5bc5c723bc544667e345bfb60
:10e6cc0029768b43c6dccb23fc68b6edf163b8e44a
:10e6dc00dccad7318510426322401397112084c6bf
:10e6ec00247d854a3df8d2bb3211aef9a16dc72904
:10e6fc002f4b1d9e30f3dcb252ec0d86e3d077c16c
:10e70c00166c2bb3b999a97048fa1194642247e995
:10e71c008cc4a8fc3f1aa0f02cd8567d90ef223365
:10e72c004ec78749d1c1d938a2fe8cca0b3698d4b2
:10e73c0081cfa6f5de28a57a8e26dab7bfa43fad29
:10e74c009de42c3a920d5078cc9b6a5f4662547ec5
:10e75c0013c2f68db8e890d8f75e2e39aff582c3a8
:10e76c0080be9f5d937c69d02da96fd512b3cf2548
:10e77c00993bc8ac7da71018636ee89cbb7bdb3b58
:10e78c007809cd2618f46e59b701ec9a9aa8834fe4
:10e79c006e65e695e67eaaffcf0821bce8e6ef158c
:10e7ac009bd9bae736ce4a6f09d4ea9f7cd629b0fa
:10e7bc00b2af31a423312a3f9430c6a566c035a22e
:10e7cc00bc37744ecaa6fc82d0b0e090d81533a7e3
:10e7dc00984af104daf741ec500e7fcdf62f1791e1
:10e7ec00d68d764db04d43ef4d54ccaa04dfe49654
:10e7fc00b5e39ed1881b4c6a1fb8c12c517f46656e
:10e80c00ea049d5e355d018c7473fa87412efb0b17
:10e81c001d5ab367d25292db5633e91047136dd6ab
:10e82c00618c9ad70c7a37a1148e59f83c89eb136a
:10e83c0027eecea9c935b761e5ede11cb13c7a47ad
:10e84c00df599cd2733f55f2ce79181437bf73c77a
:10e85c00cdea53f7aa5b5ffd6f14df3ddb8678448e
:10e86c00f381caafc43eb968342c3824405fc2a3cc
:10e87c00c372161d250cbce2498b283c9541ff0d3b
:10e88c00017139a8b3de080ce49cd8b4c19064566d
:10e89c0084617bcbb670d5325c74486c5742d0b86f
:020000040000fa
:020000040100f9
:10e8ac00f4a750514165537e17a4c31a275e963abc
:10e8bc00ab6bcb3b9d45f11ffa58abace303934bd1
:10e8cc0030fa5520766df6adcc769188024c25f554
:10e8dc00e5d7fc4f2acbd7c53544802662a38fb52c
:10e8ec00b15a49deba1b6725ea0e9845fec0e15db8
:10e8fc002f7502c34cf012814697a38dd3f9c66bca
:10e90c008f5fe703929c95156d7aebbf5259da95a0
:10e91c00be832dd47421d358e0692949c9c8448ecb
:10e92c00c2896a758e7978f4583e6b99b971dd2776
:10e93c00e14fb6be88ad17f020ac66c9ce3ab47db7
:10e94c00df4a18631a3182e551336097537f456271
:10e95c006477e0b16bae84bb81a01cfe082b94f9ec
:10e96c004868587045fd198fde6c87947bf8b75258
:10e97c0073d323ab4b02e2721f8f57e355ab2a665e
:10e98c00eb2807b2b5c2032fc57b9a863708a5d3ef
:10e99c002887f230bfa5b223036aba0216825ced57
:10e9ac00cf1c2b8a79b492a707f2f0f369e2a14e3f
:10e9bc00daf4cd6505bed50634621fd1a6fe8ac435
:10e9cc002e539d34f355a0a28ae13205f6eb75a4c3
:10e9dc0083ec390b60efaa40719f065e6e1051bd3f
:10e9ec00218af93edd063d963e05aedde6bd464d7f
:10e9fc00548db591c45d057106d46f045015ff603c
:10ea0c0098fb2419bde997d64043cc89d99e7767ea
:10ea1c00e842bdb0898b8807195b38e7c8eedb7913
:10ea2c007c0a47a1420fe97c841ec9f80000000053
:10ea3c00808683092bed48321170ac1e5a724e6cd5
:10ea4c000efffbfd8538560faed51e3d2d392736f2
:10ea5c000fd9640a5ca621685b54d19b362e3a24ec
:10ea6c000a67b10c57e70f93ee96d2b49b919e1b9d
:10ea7c00c0c54f80dc20a261774b695a121a161c54
:10ea8c0093ba0ae2a02ae5c022e0433c1b171d12f0
:10ea9c00090d0b0e8bc7adf2b6a8b92d1ea9c81463
:10eaac00f119855775074caf99ddbbee7f60fda35f
:10eabc0001269ff772f5bc5c663bc544fb7e345b5c
:10eacc004329768b23c6dccbedfc68b6e4f163b846
:10eadc0031dccad76385104297224013c6112084bb
:10eaec004a247d85bb3df8d2f93211ae29a16dc700
:10eafc009e2f4b1db230f3dc8652ec0dc1e3d07768
:10eb0c00b3166c2b70b999a99448fa11e964224791
:10eb1c00fc8cc4a8f03f1aa07d2cd8563390ef2261
:10eb2c00494ec78738d1c1d9caa2fe8cd40b3698ae
:10eb3c00f581cfa67ade28a5b78e26daadbfa43f25
:10eb4c003a9de42c78920d505fcc9b6a7e466254c1
:10eb5c008d13c2f6d8b8e89039f75e2ec3aff582a4
:10eb6c005d80be9fd0937c69d52da96f2512b3cf44
:10eb7c00ac993bc8187da7109c636ee83bbb7bdb54
:10eb8c00267809cd5918f46e9ab701ec4f9aa883e0
:10eb9c00956e65e6ffe67eaabccf082115e8e6ef88
:10ebac00e79bd9ba6f36ce4a9f09d4eab07cd629f6
:10ebbc00a4b2af313f23312aa59430c6a266c0352a
:10ebcc004ebc377482caa6fc90d0b0e0a7d81533df
:10ebdc0004984af1ecdaf741cd500e7f91f62f17dd
:10ebec004dd68d76efb04d43aa4d54cc9604dfe450
:10ebfc00d1b5e39e6a881b4c2c1fb8c165517f466a
:10ec0c005eea049d8c355d01877473fa0b412efb13
:10ec1c00671d5ab3dbd25292105633e9d647136da7
:10ec2c00d7618c9aa10c7a37f8148e59133c89eb66
:10ec3c00a927eece61c935b71ce5ede147b13c7aa9
:10ec4c00d2df599cf2733f5514ce7918c737bf7376
:10ec5c00f7cdea53fdaa5b5f3d6f14df44db86788a
:10ec6c00aff381ca68c43eb924342c38a3405fc2c8
:10ec7c001dc37216e2250cbc3c498b280d9541ff37
:10ec8c00a80171390cb3de08b4e49cd856c1906469
:10ec9c00cb84617b32b670d56c5c7448b85742d06b
:020000040000fa
:020000040100f9
:10ecac002de9f04f456b8bb0002d00f07781816b17
:10ecbc0003680a78002a40f0d9805a888a805a79e9
:10eccc00012a044600f0da8001f52e71d3e90660c2
:10ecdc002022b047002840f04c81228940f20333b7
:10ecec009a4200f0d68008ab07aa0121204630f0ea
:10ecfc0035f8002840f03d81d4f83890079eb9f8db
:10ed0c000430ddf82080b3f5417f06eb0807c0f036
:10ed1c003781be42054600f23d81b8f1010f40f249
:10ed2c003981236840f20332597930462df0c4fd05
:10ed3c00b31c9f42c0f02e81a8f10208b8f11f0f3e
:10ed4c0040f22881d9f8b8c2d9f8bc02d9f8c0125f
:10ed5c00d9f8c4e2c6f80ee0c6f802c0c6f8060040
:10ed6c00c6f80a1006f12208d9f8c8c2d9f8cc02a4
:10ed7c00d9f8d012d9f8d4e2c6f81ee04745c6f847
:10ed8c0012c0c6f81600c6f81a10c0f00381636be7
:10ed9c00db68a7eb08085a1c424500f2fb8086f89a
:10edac002230616b06f12308ca684046103131f0fd
:10edbc00cdfe626b2368d1685a79012a884417d139
:10edcc00d9f85832002b00f0eb8099f85ca247453b
:10eddc00c0f0e0800af10103a7eb0802934200f2b5
:10edec00d98008f801abbaf1000f40f0db80236842
:10edfc00002247450992c0f0cd80a7eb08010129fc
:10ee0c0040f2c880db68d3f800a008f1020104913d
:10ee1c00baf1000f4ad0d346039392468946059522
:10ee2c0058462ef0d9faa26b2389928805460146e2
:10ee3c00204625f0cdff80b9284630f04bfe4f45db
:10ee4c00a7eb0903c0f0a680012b40f2a3809bfa2c
:10ee5c009bfb29f802bb4aea000a039b53f804bf48
:10ee6c000393bbf1000fdbd1059d21e0aa88028141
:10ee7c008a805a79012a04467ff426afd1f85822a9
:10ee8c00002a3ff421af228940f203339a427ff4e7
:10ee9c002aafeb68a3f11002102a6dd8a36b1b7874
:10eeac00002b7ff420af0023eb601ce7ddf8109003
:10eebc004f456fd3a7eb0903012b6bd94b464ff68c
:10eecc00007223f8022b049a9a1a52baa3eb080187
:10eedc009f42a8f8002009915cd3fb1a012b59d949
:10eeec0009f104084ff001034745a9f8023051d34a
:10eefc00a7eb0803012b4dd909f1060bb5b1baf1fb
:10ef0c00000f6bd109ad2b463a465946204618f0f6
:10ef1c00ddfc70bb099b00959b443a465346594611
:10ef2c0020460ff0d9f920bb099b9b44abeb08039f
:10ef3c00023b03d05bbaa9f80430d84623685d794c
:10ef4c00012da8eb060636d03246012120462ff0c3
:10ef5c00d1f970b9a36b07991b69324620469847c3
:10ef6c0038b932460899204633f0fef908b9022325
:10ef7c0063600bb0bde8f08f002b3ff4b4ae92e7aa
:10ef8c00258940f20230854294bf00250125be42fe
:10ef9c007ff6c3ae36480bb0bde8f08f3548e8e7d6
:10efac009a4614e74046d9f85812524631f0cefd35
:10efbc00d04423681ce704362046c4f8cc602cf0ff
:10efcc00d3fc022363602a462946204607f016fb31
:10efdc000028ced1204607f0cfffcae7a36b53b36e
:10efec009b6c43b300225f450992d3d3a7eb0b0272
:10effc00052acfd909f10c05002b36d02a46023b45
:10f00c00cdf80ca00494aa4614461d4635f8020f00
:10f01c00a0f1120190b10c29f8d833f081fd391b05
:10f02c000028f3d0a742b5d30129b3d9298849ba0e
:10f03c0024f8021beae723685b6ed3e755462246a9
:10f04c00531bdde903a4a9d09bb2a2eb0b00991cc6
:10f05c0049ba5bba09904ff420609346a9f808109e
:10f06c00a9f80a30a9f806004ce7034881e700bf6d
:0cf07c000096ffff0094ffff80a1ffff43
:020000040000fa
:020000040100f9
:10f088002de9f04f836bdb689a7a531edbb2092bac
:10f0980089b0044606d8012101fa03f340f24f3142
:10f0a8000b4207d16368013363600025284609b025
:10f0b800bde8f08f0368197993f80680012900f0fc
:10f0c8009a800121204632f039fd05460028edd10d
:10f0d8002368656b1a79c2b15b79d4f89810012b53
:10f0e80015bf07230f2304220c2299420dd1636f09
:10f0f800162b0ad1e36e19780b2906d1bb499e5c01
:10f1080008788642134400f08180286e30b133f0cd
:10f1180091fc00232b6685f868306b664ff4ca7142
:10f12800012033f081fc0746002800f07d8133f090
:10f1380017fd636f162b40f07081e36e1a780b2a67
:10f1480040f06b812268d4f898005279012a15bfe3
:10f158000a22122204260c269042c0f03f819919f7
:10f168009a5db1f801305bba9bb2002a40f0368153
:10f1780003363344984240f03181864259d2f31c19
:10f18800834200f22b81e16e8a5d002a40f03e81c5
:10f198000e44b6f8012052ba92b27f2a40f21e817c
:10f1a8009e18864200f21a811944384630f094fdc0
:10f1b8008f4b984205461bd005dd10f5165f15d01c
:10f1c800b0b12a2204e010f5225f0cbf50222a2297
:10f1d8002046022129f068fe384621f07df838469d
:10f1e80033f028fc284609b0bde8f08f2b22efe762
:10f1f800d4f89800c1e7072a3ff454afb8f1000fdc
:10f208007ff45faf436b8022da664be713f8010f98
:10f218004a7890427ff479af5a788b789a427ff493
:10f2280074af4023b8f1010feb663ff43baf714d6b
:10f238003ce7b8f1000f79d020692268002800f077
:10f24800b080d4f814e0616b166dd2f848c0a36b97
:10f25800d4f8e050d3f80c90526d02906c314ff016
:10f26800000a019100953146cdf80ce06346cdf8cf
:10f2780010a0384631f062fb07f1cc0b054602219d
:10f28800584633f0b3f8002800f090809be803005c
:10f2980006ab83e80300184633f056fc0238022810
:10f2a80000f2cf80079b1978002900f0c48020461f
:10f2b8002cf094fc636b002879d0da6e2168dff8b3
:10f2c80040c142f4803243f86c2f0a79b2fa82f2d4
:10f2d800494652093846554508bf65461cf0b6f9f7
:10f2e800b8f1010f1cd016b9b8f1020f5cd0edb11e
:10f2f800636bdb6ed90500f187805e073ff561af70
:10f3080013f4dc3f7ff472afd80700f196809907b9
:10f3180000f1958013f0080f14bf30222e2257e712
:10f3280015f51c5f02d015f5f44fe0d13846d7e942
:10f338000259d7e9316820f0cfff384633f07afb1d
:10f3480020210120676b33f06ffb636b38661b6eff
:10f35800002b69d0092031f003fa636b2a4649462d
:10f368001b6e29f001fe636b09212022054683f8f4
:10f3780068105a6600287ff499aea06bcdf8188003
:10f3880000f5037033f024fea26b08eb060102f5ca
:10f39800037206a816f042fc00283ff483ae164d0f
:10f3a80084e6d2e90b0e4ee7144da1e7636b2268a1
:10f3b8001279b2fa82f26c334946520938461cf087
:10f3c80045f900288cd0002d8ad1b8f1010fadd0b5
:10f3d80016b9b8f1020fe7d0094d89e72046322265
:10f3e800022129f061fd074df6e600bfc031040196
:10f3f800d2d9ffff808bffff0094ffff8089ffffba
:10f408000086ffff008dffff3122e1e620462b2218
:10f41800022129f049fd0c4ddee620460a22022190
:10f4280029f042fd094dd7e620465022022129f055
:10f438003bfd074d3ae6074dcee62d22c8e62c22c5
:10f44800c6e69af80030ffde0086ffff0089ffff5e
:08f458000081ffff0094ffff9b
:020000040000fa
:020000040100f9
:10f460002de9f04f00249fb005460e4614a8214612
:10f470002822cde90944adf82c4032f07ffdcde9da
:10f480001044cde91244ddb16b681a4612f8017bd5
:10f4900014923b44adf854709c7833f008fec04a97
:10f4a0006b68c0492044d2e900453b448df86500b3
:10f4b0005a780b788df86620cde916458df85630d0
:10f4c00009a914a82ff096f89df82c30022b33d000
:10f4d000bdf8240028f0e6f9c043c0f3c031b24fb4
:10f4e0009df86720b1483c68017061f300028df817
:10f4f0006720002c40f02281ad4d009510aa14a881
:10f50000234631f061fb3f68002f40f00f81a8488f
:10f5100033f084f8b8b9a748a749a84a0023036084
:10f520000b701370a64ba988a64a1970012173604d
:10f5300011701fb0bde8f08f09a825f071fec0431f
:10f54000c0f3c031cbe79a482df0b0fb0028e2d0e1
:10f55000974830f05ffd01460028e3d09a4b1b78b6
:10f56000984200f04f815a1e904200f0f080013323
:10f570009842d7d1dff86882944f8e483b688e4a14
:10f5800003608e4b11708a4801221a7033f0a0fd7f
:10f59000396887484b1c0df1300a3b6033f09afd07
:10f5a00000232a68c5f80880caf804300c93caf80a
:10f5b00008308af80c307e48b2f8008032f07ef8cd
:10f5c000002800f0e680824b08ea0303b3f5004f01
:10f5d00008f4406200f0d68040f20681b3f5404f57
:10f5e00000f0d08040f2c9804cf240018b4200f024
:10f5f000c9804cf640418b4200f0c4800527b2f52b
:10f60000006f00f00281b2f5406f40f0bd80083716
:10f61000ffb218f4404900f0f18018f0400f40f0bc
:10f62000f780634832f04af8002840f0f88002374b
:10f63000ffb2b9f5004f00f0ef80b9f5404f40f050
:10f64000a6800837ffb20637fbb22a68584895f8fb
:10f650000480604f1c44e4b202eb040931f0c0faac
:10f660005d49aa68034603c98ae803004ff2d00c3b
:10f670001bba05204ff086418df83c000e93022006
:10f680000df1100bdcf80030086058461021984747
:10f690009be80700a8f10608a8eb040887e8070024
:10f6a0005ffa88f8cde9014804224ff2080300927e
:10f6b000394652461f6849480d23b8474ff2100398
:10f6c000224647461b68296844489847102f28bfa0
:10f6d0001027b246002400bf4ff214023c444b46b0
:10f6e000d2f800b03d483a464946e4b23e46d847d3
:10f6f000a8eb0407ab88b8f1000f2bd01a1b102a17
:10f7000094bfffb21027a0454ff22402334821d9fd
:10f71000136898474ff2280330481b6898474ff208
:10f7200020032e481b68b1449847d5e727f054ffc3
:10f73000b9b20246284633f0c9fce8e610a82ff01b
:10f740004ffd9df86710044601f00101d4e6dff893
:10f75000948011e74ff2180229682048063b1944ab
:10f76000136898474ff228031c481b6898474ff0ce
:10f770008643002256461a60d4e648f240018b4286
:10f780007ff43caf03273ae7002a3ff442afff2360
:10f790005be718f440627ff431af032739e700bf1d
:10f7a000e0ff00209e010120200001209d0101209a
:10f7b00018fe00201c000120de000120df000120d7
:10f7c00024fa002016000120e10001202800012079
:10f7d00040ccffff98ff0020e8ff0020a0f70020aa
:10f7e00030ff002040ff0020b3f5046fcad0b3f50e
:10f7f000446fc7d0002b7ff401afc3e70b4831f053
:10f800005dff20e7dff82880b6e60237ffb200e7a9
:10f81000064831f053ff0ce70237ffb213e708f454
:10f820004c48b8f54c4f7ff402af02e718fe0020b9
:04f8300020ff002095
:020000040000fa
:020000040100f9
:10f834002de9f0478cb00746149e0c4630460df176
:10f844000601904699462ff089fd002840f09880e3
:10f85400bdf8063003f46042b2f5c04f40f090802a
:10f864001b06054600f191808246014602aa3846ed
:10f874002ff0e4ff5146384607aa2ff0dfff242279
:10f884000021201d32f078fbbdf8063003f4c0518e
:10f8940000226020b1f5c05f6270a270e270207037
:10f8a4000dd0b288002a6bd032681278921002f020
:10f8b40030021805627040f19080d90472d55a055f
:10f8c40040f1c780012288f8002003f44072b2f5a9
:10f8d400007f00f0d280b2f5407f00f0cb80b2f51b
:10f8e400807f00f0c48001a9304632f0b9fb0028c3
:10f8f40046d19df80420bdf80630e27103f03002d1
:10f90400102a00f0f6807ad9202a00f0fc80302af0
:10f9140040f0818004f1100202a948462bf058ff00
:10f92400bdf8063003f03002002a74d1190703f041
:10f93400030279d4022a00f04a81032a00f03c81b0
:10f94400012a00f02f815b071ad4102204f1180158
:10f95400304632f08dfb98b9bdf806305f0700f1f0
:10f964001481980700f0af806ff001016ff07f02ff
:10f9740021766276a7e09df81b30002b40f0d18001
:10f98400062528460cb0bde8f08701a9304632f0c0
:10f9940067fb0028f4d19df804a04fea1a110af07d
:10f9a4000f0a63e7b388022bead9336862781b78bd
:10f9b400a078e17803f00f031343637033685a7837
:10f9c4000243a27033689b780b43e37003213046f3
:10f9d40032f056fbbdf8063071e701a9304632f02b
:10f9e4003ffb9df8043020786278c3f3830142ea38
:10f9f40083120143bdf80630217062705de752b98d
:10fa04005f0693d4102204f10801304632f030fb33
:10fa1400002885d0b4e75806add46ff001016ff02b
:10fa24007f022172627281e7ff212176590727d470
:10fa3400022a00f09980032a00f08c80012a78d0f1
:10fa4400102204f11801304632f012fb002838d09d
:10fa540096e701a9304632f003fb002890d19df8c7
:10fa64000430a371bdf8063088f800002de70122a8
:10fa7400e27143e7ff22e27140e74022e2713de791
:10fa8400002a7ff47daf9df82f30002b3ff478af30
:10fa9400022204f11901304632f0eafa00287ff418
:10faa4006faf07ab03cb9df82c30e0612162e376a6
:10fab400042204f12401304632f0dafa00287ff4fb
:10fac4005fafbdf806305b057ff55bafb388002bf5
:10fad4003ff456af3368187800f0f003e02b00f0e1
:10fae400838000f0f800f0287ff44aaf1123a3715b
:10faf40047e7082204f11001304632f0b9fa002831
:10fb04003ff40eaf3ce74ff6ff63a4f81330022234
:10fb140004f11601304632f0abfa00283ff400af8e
:10fb24002ee702a904f1080033f050f9bdf80630bd
:10fb3400fce604f11901304632f092fa00287ff411
:10fb44001faf052204f12301304632f091fa002858
:10fb5400b7d015e70223637604f12701304632f06b
:10fb64007ffa0028add00be704f11901304632f0da
:10fb740077fa00287ff404af032204f1250130460c
:10fb840032f076fa00289cd0fae69df82f30002b4c
:10fb94003ff4f6ae07a904f1180033f017f9bdf8e5
:10fba400063090e7082204f12001304632f060fa72
:10fbb40000283ff4d1aee3e609f10a0004f1200283
:10fbc40007a92bf005fe00283ff4c6aed8e64ff691
:10fbd400ff63a4f8233004f12601304632f048fada
:10fbe40000283ff4b9aecbe60df1050127f01efb6a
:10fbf40000287ff4c5ae9df80530a371c1e600bfaf
:020000040000fa
:020000040100f9
:10fc04002de9f041804684b014461e4602a808f14e
:10fc140004050f4632f058ff234600962a4602a8f0
:10fc2400022129f083fa044658b102a82ff0f6ff06
:10fc3400be4b14f10e0f08bf1c46204604b0bde8ad
:10fc4400f08107f110063146304602aa0bf016fe89
:10fc540004460028e9d1d8f84830002b00f006818a
:10fc6400b7f91430002bc0f2a180304633f04ef9be
:10fc7400d8f83c30b0eb430f00f29881d8f8483004
:10fc84003046984704460028cfd1b7f914300021f4
:10fc94008b42304617da00bf2cf002ff2a46314669
:10fca40088b1304633f036f904460028bdd1b7f99f
:10fcb400143000218b423046eedb04e013f078ff71
:10fcc40004460028b1d12946304612f035fe0028fa
:10fcd4002a4631463046f1da07f108063146304605
:10fce40002aa0bf0cbfd044600289ed1d8f8483078
:10fcf400002b00f0c580b7f90c30002bc0f2348122
:10fd0400304633f003f9d8f83c30b0eb430f00f23f
:10fd14000881d8f8483030469847044660b184e7f3
:10fd24002cf0befe2a463146a0b1304633f0f2f83c
:10fd3400044600287ff479afb7f90c3000218b42d8
:10fd44003046eddb06e000bf13f032ff0446002826
:10fd54007ff46baf2946304612f0eefd00282a46a8
:10fd640031463046f0da02aa114610460bf086fd01
:10fd7400044600287ff459afd8f84830002b00f02f
:10fd8400e980bdf90c30002bc0f2c48002a833f026
:10fd9400bdf8d8f83c30b0eb430f00f2c280d8f87d
:10fda400483002a898470446a0b13ee701463046d1
:10fdb4002cf076fe00283ff458afb2e02cf070fe31
:10fdc4002a4602a9a0b102a833f0a4f804460028e8
:10fdd4007ff42bafbdf90c3000218b4202a8eddb80
:10fde40006e000bf13f0e4fe044600287ff41dafd4
:10fdf400294602a812f0a0fd02a900282a460846b6
:10fe0400f0da02aa394638460bf038fd04460028d9
:10fe14007ff40bafd8f84830002b00f0ad80b7f971
:10fe24000430002bc0f2b180384633f06ff8d8f8b4
:10fe34003c30b0eb430f74d8d8f848303846984774
:10fe4400044660b1f1e62cf02bfe2a46394638b35d
:10fe5400384633f05ff8044600287ff4e6aeb7f97d
:10fe6400043000218b423846eddb19e02a46314646
:10fe740030461af0dffb044600283ff42dafd4e6e9
:10fe84002a46314630461af0d5fb044600283ff492
:10fe94006aafcae613f08cfe044600287ff4c5aeb0
:10fea4002946384612f048fd00282a463946384685
:10feb400f0da02aa314630460bf0e0fc0446002892
:10fec4007ff4b3aed8f84830002b71d0b7f90c30ba
:10fed400002b64db304633f019f8d8f83c30b0eb33
:10fee400430f1ed8d8f8483030469847044650b1de
:10fef4009be62cf0d5fd2a463146f0b1304633f06e
:10ff040009f8002849d1b7f90c3000218b4230465a
:10ff1400efdb12e0014602a82cf0c2fd00283ff4fa
:10ff240035af02a82ff07afe014c86e600b3ffff3e
:10ff340080b0ffff13f03cfe78bb2946304612f038
:10ff4400fbfc00282a4631463046f3da02a82ff09b
:10ff540065fe72e602a92a4608461af06bfb0446bf
:10ff640000283ff44eaf60e6014630462cf098fd81
:10ff740000283ff4c5aed4e72a46394638461af07d
:10ff840059fb0446002894d04fe6014638462cf02d
:10ff940087fd00283ff448afc3e7044645e6014621
:10ffa40030462cf07dfd002894d0bae7044ccde710
:10ffb4002a46314630461af03dfb044635e600bf7a
:04ffc40080b0ffff0b
:020000040000fa
:020000040100f9
:10ffc8002de9f04f9bb00d46b1f80c80249981467d
:10ffd80091f800b092461e464ff4c0444146284668
:10ffe800282310aaadf8144030f0cefe58b10446cc
:10fff8000027249b1f702846414632f059fb2046b3
:020000040101f8
:100008001bb0bde8f08f06aa12a948462ef03cfea8
:100018000baa16a948462ef037feb388bdf814106f
:10002800029330462df0e0fc07460028dfd19df80a
:1000380029309df83d1053ea01020ed0bdf8142076
:1000480041ea0311c9b242f080033046adf81430da
:100058002df0b6fc04460028cbd19df840309df821
:1000680041109df843009df842209b0003f03c039b
:1000780043ea91138c00024301f00f010a43d8b2fe
:1000880004f0c00440f0858050ea0401bdf8143043
:1000980040f0da8043f4c053adf814309df84610b0
:1000a800112900f0b180292900f0ae80002900f064
:1000b800ab8030462df084fc0446002899d19df889
:1000c8004710402900f0b980ff2900f0a8800129d5
:1000d80000f0ac8030462df073fc0446002888d12f
:1000e80012a830f0d1f9002800f0bb80bdf8143018
:1000f80043f04003adf814309df85830ff2b00f062
:10010800cd8016a831f048fc002840f0dc809df82e
:100118003f30002b00f0cd80bdf81440019605a9b2
:1001280044f0040400910bab16aa0af10a014846f0
:10013800adf8144021f040fe044600287ff459af82
:100148002821284630f014fe9df846308df81330eb
:10015800bbf1010f40f20b810127112b00f0c28087
:10016800292b00f0dc80002b00f0c880249b1f7036
:10017800bdf814400299304664ba02230df1160204
:10018800adf8164032f07cfa002420461bb0bde8da
:10019800f08fcbb9bdf81430214343f400633046e7
:1001a800adf814302df00cfc044600287ff421af84
:1001b80002220df1420130462df03efc00283ff4aa
:1001c8006daf2746044614e740ea040130462df097
:1001d800f7fb044600287ff40caf9df84110304629
:1001e80001f00f012df0ecfb0028ead10390022268
:1001f8000df1420130462df01ffc039b04460028f8
:100208003ff44caf1f46f4e6bbf1010f7ff651af48
:10021800bdf8143043f48063adf814304fe7bdf8ef
:10022800143043f44073adf8143059e7bdf8143076
:1002380043f48073adf8143052e7bdf8143043f43a
:100248000073adf814304be743f480533046039203
:10025800adf814302df0b4fb044600283ff41eaf6f
:10026800c6e612a831f098fb002872d19df82b3011
:10027800002b64d0bdf81440019605a944f0400451
:10028800009106ab12aa51464846adf8144021f039
:1002980061fd044600283ff42fafaae616a93346ad
:1002a80005aa484611f08eff044600283ff448afdf
:1002b8009fe616a9102230462df0befb0446002802
:1002c8003ff43eaf95e605a9009101960bab16aa3f
:1002d8000af10a01484621f06ffd044600283ff460
:1002e8002faf86e64846324629460ef00dfd0446f5
:1002f800249b1f70002c3ff43baf7ce60df11303e9
:100308003246294648460ef06ffc7b1c00287ff4d5
:1003180059afdfb2bb452cd09df813301de7ee2155
:1003280030462df04dfb044600287ff462ae52465d
:1003380048463346294627f059fd0446d8e712a90e
:10034800102230462df078fb044600283ff4d4ae46
:100358004fe605a90091019606ab12aa51464846f8
:1003680021f0f8fc044600283ff4c6ae41e64ff001
:0c037800010b249b83f800b0fae600bfe4
:020000040000fa
:020000040101f8
:100384002de9f04796b082468846104614a9012408
:100394004ff001170df1480916461294cde9149750
:1003a40012f0cafa002840f32981002302a8324639
:1003b40041460594079409940b9403940d940f9467
:1003c400119413940493069308930a9302930c9341
:1003d4000e931093129304f0c7fb054658b901ab72
:1003e40002a814a901941597149312f0a5fa0028f1
:1003f40064d06ff00d05049820b1bdf81610890083
:100404002ff02cfb069800220123cde9042320b110
:10041400bdf81e1089002ff021fb0898002201234b
:10042400cde9062320b1bdf8261089002ff016fb74
:100434000a9800220123cde9082320b1bdf82e102b
:1004440089002ff00bfb029800220123cde90a2337
:1004540020b1bdf80e1089002ff000fb0c9800228b
:100464000123cde9022320b1bdf8361089002ff015
:10047400f5fa0e9800220123cde90c2320b1bdf832
:100484003e1089002ff0eafa109800220123cde9ea
:100494000e2320b1bdf8461089002ff0dffa129820
:1004a40000220123cde9102320b1bdf84e108900ac
:1004b4002ff0d4fa284616b0bde8f087414604a8c8
:1004c40032461af0b7f80546002894d106a804a9c4
:1004d40019f034fc054600288dd10ca8314619f0da
:1004e4002dfc0546002886d10ea8314619f026fcbd
:1004f400054600287ff47faf214608a829f0b4fd03
:10050400054600287ff477af01460aa829f0acfd20
:10051400054600287ff46faf014610a829f0a4fd1a
:10052400054600287ff467af2146484629f09cfd24
:10053400054600287ff45faf06980368dc0731d4d2
:10054400bdf81e10002965d1089b1b68df0703d482
:100554000a9b1b68dd0714d508a901230caa0846c9
:1005640021f030f9054600287ff445af0aa94ff081
:10057400ff3304aa084621f025f9054600287ff434
:100584003aafbdf82610002948d1bdf82e10002935
:10059400d2d001220a9818f08df9cde701221298e1
:1005a40018f088f90e980368db073cd4bdf83e10b8
:1005b40039bb109b1b68d90703d4129b1b68da074d
:1005c40014d510a901230caa084621f0fbf805460e
:1005d40000287ff410af4ff0ff3304aa4946484681
:1005e40021f0f0f8054600287ff405afbdf8461069
:1005f40059b9bdf84e100029d4d0cfe76ff00305e8
:1006040058e7012218f056f9d3e70122109818f0a0
:1006140051f9eee7012218f04df995e70122089807
:1006240018f048f9b1e70ea906a812f085f90028d8
:100634004ff0ff335ddb06a90eaa084621f0c2f88d
:10064400054600287ff4d7ae08a94ff0ff3310aa5f
:10065400084621f0b7f8054600287ff4ccae0aa975
:100664004ff0ff334a46084621f0acf8054600280f
:100674007ff4c1ae00234ff0011401aa14a906a807
:1006840014920193159412f057f900287ff454af93
:1006940006e000bf21f096f8054600287ff4abaed3
:1006a400002301aa14a910a814920193159412f01e
:1006b40043f910a900284ff0010332460846e9db4c
:1006c4004ff0ff3406e000bf21f07cf80546002817
:1006d4007ff491ae314610a812f02ef910a900282b
:1006e400234632460846efda504619f027fb054602
:1006f40081e60ea906aa084621f064f805460028fa
:100704007ff479ae10a94ff0ff3308aa084621f010
:1007140059f8054600287ff46eae4ff0ff330aaa5d
:100724004946484621f04ef805460028a2d062e624
:020000040000fa
:020000040101f8
:100734002de9f04fc469b7b0002c00f0a280446ae0
:10074400002c00f09e800291114605461e469046fc
:100754002cf0fef8044618b1204637b0bde8f08fff
:100764003146284609f0feff04460028f4d1eb691f
:10077400002b00f086806b6a002b00f08280182129
:1007840002202f6c32f052f901377f08814600288d
:1007940000f08c8100f1180303930df1540a30f03a
:1007a40051f8039830f04ef80df1740b0d94504647
:1007b40000f1080432f088f95c452046f8d131464e
:1007c40048462cf0ddf8044630bb002f00f03c8195
:1007d400064602e0b74200f03781b6fbf7f3012288
:1007e4009a40d2b2510802eb420201eb410107fbed
:1007f400136309ebc20409ebc1010136204613b9a6
:100804002cf0bef838b95346224621462846f5f75f
:1008140081fa0028ded00446504600bf00f10806e5
:100824002ff0fcf95e453046f8d17cbb07a832f0c6
:100834004bf905f134060da832f046f9304621464d
:100844002ff0fcf9012840f02981214640462ff081
:10085400f5f94146834607a819f070fa044638b3ff
:100864000da82ff0dbf907a82ff0d8f9ab6d4b4595
:100874000fd1029b002b3ff46faf18462ff0d4ff2b
:100884006ae78b4c204637b0bde8f08fab6d9945d5
:10089400efd048462ff0c8ff039b13b118462ff042
:1008a400c3ff484632f0c8f8002c3ff455afe0e7e8
:1008b400424631460da832f031fb04460028cfd120
:1008c400bbfa8bf35b091a460da907a804931cf025
:1008d400d5ff04460028c3d101467a1c504631f0a6
:1008e4004bfbb7b3d046d3460595214607a82ff056
:1008f400a5f93919064607a898f800502ff09ef973
:10090400013446ea40002843a74208f8010becd121
:10091400059d5b460aeb070eac46b84600215878a5
:100924001c7881ea0007fd4305f0010515fb04f678
:100934007ab276b244eac51482ea06055d7003f819
:10094400014b0840324002439e45d1b2e7d14746ad
:1009540065460da82ff062f907a82ff05ff907a8e4
:100964002ff070ff0da800bf00f1080432f0acf8be
:1009740054452046f8d1ddf808801af80730009372
:100984004a460223414628461ff000fc0aeb0706ac
:10099400044648bb409b33b1dde940234146284629
:1009a400fff72ef9f8b9ffb1029f11e016f8010d17
:1009b400009028461ff0eafb07ab3a46394690b947
:1009c4000da800902846f9f76dfc60b9b2450bd02c
:1009d4000dab3a4639462846f5f79cf902234a46b8
:1009e40007a90028e2d0044607a82ff01dff0da890
:1009f40000f108062ff012f956453046f8d1002cc4
:100a04007ff444af049a0299284623f037fc044645
:100a140000287ff43baf409b4bb1dde940230299b2
:100a24002846fff7edf8044600287ff42faf02991b
:100a3400284600f0bffeab6d994504467ff429af0c
:100a4400002c3ff489ae14e7039e0d960da90122f4
:100a54002846f9f713f9044600287ff4ddaecdf8f3
:100a640000a033464a4631462846f9f71bfc0446a3
:100a740000287ff4d1ae0da9012228460d96f9f77e
:100a8400fdf8044600287ff4c7ae09f110002ff0ea
:100a9400c5f809f128002ff0c1f8bde6ab6d994502
:100aa40002d0a4f59f44f4e6014ce2e6014ce0e6f2
:080ab40080b0ffff80b2ffffdc
:020000040000fa
:020000040101f8
:100abc00416464726573734572726f72000000005a
:100acc00416464726573734e6f74696679000000db
:100adc00416464726573735175657279000000002e
:100aec004164647265737352656c65617365000073
:100afc0041646472657373536f6c6963697400004d
:100b0c00536572766572446174610000416e79635d
:100b1c006173744c6f636174650000004261636bb8
:100b2c00626f6e65416e7377657200004261636b34
:100b3c00626f6e654d6c72004261636b626f6e65c5
:100b4c005175657279000000416e6e6f756e63654c
:100b5c00426567696e00000041637469766547659c
:100b6c00740000004163746976655265706c616352
:100b7c00650000004163746976655365740000007c
:100b8c00436f6d6d697373696f6e65724b656570dc
:100b9c00416c697665000000436f6d6d6973736914
:100bac006f6e657247657400436f6d6d6973736921
:100bbc006f6e65725065746974696f6e0000000029
:100bcc00436f6d6d697373696f6e657253657400f5
:100bdc00446174617365744368616e676564000099
:100bec00456e657267795265706f72740000000013
:100bfc00456e657267795363616e00004a6f696e6a
:100c0c006572456e74727573740000004a6f696e7c
:100c1c00657246696e616c697a6500004c65616449
:100c2c0065724b656570416c697665004c656164f5
:100c3c0065725065746974696f6e000050616e491d
:100c4c0064436f6e666c69637400000050656e647b
:100c5c00696e67476574000050616e496451756533
:100c6c007279000050656e64696e6753657400009c
:100c7c0052656c617952780052656c6179547800d8
:100c8c0050726f787952780050726f78795478007e
:100c9c0044696167476574416e7377657200000043
:100cac0044696167476574526571756573740000ba
:100cbc00446961674765745175657279000000007d
:100ccc004469616752657365740000004475615234
:100cdc0065674e6f74696679000000004475615257
:100cec006567526571756573740000004d6c720018
:100cfc00612f616500000000612f616e0000000033
:100d0c00612f617100000000612f61720000000012
:100d1c00612f617300000000612f736400000000fc
:100d2c00612f796c00000000622f626100000000ee
:100d3c00622f626d72000000622f62710000000071
:100d4c00632f616200000000632f616700000000e8
:100d5c00632f617200000000632f617300000000bc
:100d6c00632f636100000000632f636700000000c5
:100d7c00632f637000000000632f6373000000009a
:100d8c00632f646300000000632f65720000000095
:100d9c00632f657300000000632f6a65000000007c
:100dac00632f6a6600000000632f6c610000000076
:100dbc00632f6c7000000000632f70630000000054
:100dcc00632f706700000000632f7071000000003b
:100ddc00632f707300000000632f72780000000016
:100dec00632f747800000000632f75720000000000
:100dfc00632f757400000000642f64610000000014
:100e0c00642f646700000000642f64710000000010
:100e1c00642f6472000000006e2f646e00000000ee
:100e2c006e2f6472000000006e2f6d72000000bf08
:020000040000fa
:020000040101f8
:100e3c00f0b5044689b0d4f81431002001338df894
:100e4c001000c4f814318df81c00154692b9002915
:100e5c0000f0fc802378d80706d4d4f85431013341
:100e6c00c4f8543109b0f0bd08460e462cf046fecd
:100e7c00054688b3083d152defd801a353f825f08e
:100e8c00450f0101670e0101670e0101670e01019b
:100e9c00670e0101670e0101670e0101670e01016a
:100eac00670e01015d0f010159100101690f01016c
:100ebc004d100101510f0101390f0101670e0101a4
:100ecc00670e0101670e0101670e0101670e01013a
:100edc00670e0101750f010102a9304627f0e2fcf3
:100eec0005a9304625f016ff9df81070002f40f034
:100efc00ce809df81c30012b00f0b980022b06d15e
:100f0c0005a8082204f136012ff012fe70b90df17c
:100f1c00060130462ff000fa60bbbdf806304ff6e4
:100f2c00ff72934226d022899a4223d0d4f83831ca
:100f3c000133c4f8383195e7d4f84c310133c4f897
:100f4c004c318fe7d4f834310133c4f8343189e7ac
:100f5c00d4f850310133c4f8503183e7d4f844311c
:100f6c000133c4f844317de7d4f83c310133c4f883
:100f7c003c3177e79df81030012b6dd0022b13d14b
:100f8c00082204f136010deb02002ff0d1fd0028f0
:100f9c0056d03b4602aa314604f5b0702cf086fdc3
:100fac00054600287ff466af9df81c30012b75d0e8
:100fbc00d4f818310133c4f8183102aa3b46314633
:100fcc00204609f0b3fe054628b11d287ff452af28
:100fdc006378062bc8d1314661482ff0f1f94fb137
:100fec0032463946204626f0cdfd33681b881a0759
:100ffc0000f18e806378022b5cd0062b66d0012b1f
:10100c0076d033681b7803f00703012b00f09c802b
:10101c00002b00f09f80032b50d1314620461df051
:10102c0081f900287ff41eaf4e48314615f06cff55
:10103c00204623f0affb002d7ff41caf09b0f0bdb0
:10104c00d4f848310133c4f848310be7d4f84031b7
:10105c000133c4f8403105e7002f3ff47faf386807
:10106c00796802ab03c302238df8103088e7bdf812
:10107c001430628e9a423ff44aaf227851077ff5c2
:10108c0055af4ff6ff7293427ff450af3fe701220a
:10109c0002a9354832f06af807462ae7bdf8142051
:1010ac004ff6ff739a4283d1d4f81c310133c4f844
:1010bc001c3182e7227ca37a9a42a2d0d4f8303138
:1010cc000133c4f83031002db8d0d3e69df81c3074
:1010dc0013b9002d95d0cde604f1c40030f0b0fb6f
:1010ec0000236370204611f0c3fa002d89d0c1e6ad
:1010fc0033681b785b07ddd1d4f8283101333146d6
:10110c00c4f8283120462bf057ff002d96d0b1e6bd
:10111c000df1050130462ef0cdf99df80530082b68
:10112c007ff468afbb7f03f00f03062b05d0072bb2
:10113c003ff460af012b7ff411af304628f01cfb5d
:10114c0000287ff457af88e6d4f820310133c4f877
:10115c00203169e7d4f828310133c4f8283163e72a
:0c116c00e8d2002098d2002080d30020a0
:020000040000fa
:020000040101f8
:101178002de9f04f91b00023059300f00303012bf4
:1011880005460c4616460fd01bb1022b03d031f092
:101198007bff07073bd51146204601f0c2f8a0bbec
:1011a800082011b0bde8f08f000725d5022305f00f
:1011b80008051d430df1280a0023cdf800a00c22d4
:1011c800194630460a94f6f747f8062d21d1d4f887
:1011d8003080d4e90a79b8f1000f0cbf4ff0010b49
:1011e8004ff0030b15f0080500f00681bbf1010f65
:1011f80040f0fb8031f06dfd0f6a10460d2130f094
:10120800fbf98742d2d10623d1e70920c9e7012398
:10121800cde7304601f09ff8814608b93146bbe773
:1012280052460146304621f013ff314680469df86c
:101238003c0026f0edfa0f210c90304630f0dcf936
:1012480020f00100471e0e9b434540f2b6804246ff
:1012580006ab9df83d1000202ef06efe07ab02464f
:101268009df83d1000202ef067fe08ab02469df861
:101278003d1000202ef060fe09a92ef04dfe0a9bbd
:10128800069a1344bb42804602d9ddf83880dae773
:10129800079a1344bb42d6d9ddf82080b8f1000f75
:1012a80001d00b9b9844099f17b10e98013f074442
:1012b800b8f1000fb2d0002f00f0ef8015f008034e
:1012c800029327d0764b2360764b63604ff0000b78
:1012d80007a938462af0bafd08a903902af0b6fdf6
:1012e8000799002966d039dd9df83c00ff2831d0e8
:1012f80000f00703042b3ff64aaf01a252f823f08f
:1013080061130101971101012f13010161130101fb
:1013180059130101e379012b0cbf54f8203c04f167
:1013280058030593d2e702270d9a09ab07fb112250
:101338000c991bf06ffa099931b15cb305ab002227
:10134800204615f0f5f928b3079f4ff0030b38e056
:101358000827e9e70027e7e70427e5e70d9b04b33b
:10136800029af2b9059a099202316ff0030707fb56
:10137800013700bf57f8041f41b109ab00223944b7
:10138800204615f0d5f90028f4d0012181f001019b
:101398000029d9d1089f002f7bd0039b3b441f46cf
:1013a80096e76ff0030201fb02229958b1fa81f126
:1013b8004909ede74ff0010bece70027b8464ff07d
:1013c800010beb077ff50eafbbf1020f3ff426af21
:1013d8000d213046059d30f00ff9c4e90a79c4e9ba
:1013e8000805c4f830800620dbe6002f28da31f043
:1013f80075fc23f0e7fefde6bbf1010f02d12046a4
:101408002ef0cafd002f1bda52464946304621f01d
:101418001ffe31469df83c0026f0faf96ff00303f1
:1014280007fb03320d9b0c90134400bf53f8252093
:101438000ab10135fae70422c4e90a50c4e90c23c9
:10144800002309ad1a461946009530460994f5f768
:1014580003ff002319460122009530460997f5f746
:10146800fbfe0f21304630f0c7f800f0010040eadb
:1014780008000023099000950f2219463046f5f719
:10148800ebfebbf1020f02d1204629f041f80720fc
:1014980087e6bbf1000f3ff4c1ae4ff0020b90e7b7
:0814a800474e5543464f520028
:020000040000fa
:020000040101f8
:1014b0002de9f041aeb00646154605910027059985
:1014c0000b78002b00f0fa8000244ff0ff33cde9b9
:1014d00009430eab0c9380230b940d930b5d0bb162
:1014e000252b26d134b1224630462df049f8059bf4
:1014f00023440593059b1a78252a40f0d78003f1f1
:101500000108cdf81480059803782b2b1ad025d824
:10151000202b1bd0232b1dd02a2b27d026f09ff960
:101520000b90059b1a78303a092a2ed8013305937f
:10153000f7e70134d2e7099b43f001030130099337
:101540000590e0e7099b43f00403f7e7099b43f0ac
:101550000803f3e7099b43f01003efe72d2bead0d4
:10156000302bd9d1099b43f00203e7e72b681a1d02
:101570001b682a600130002b05900b9305da099a4d
:101580005b4282f0010209920b93099bda0744bf88
:1015900023f002030993059b1a782e2a0dd100220d
:1015a000581c0a9205905a782a2a25d102330593ad
:1015b0002b681a1d1b682a600a9305a828f036ffbd
:1015c000059b0390187830f0fbff6928039979d0c8
:1015d00032dc632800f0cb8019dc252800f0d980ac
:1015e000612853d000234ff0ff32cdf814800993c7
:1015f0000b930a920093d4e026f031f90a90059bf0
:101600001a78303a092ad8d801330593f7e76428c5
:1016100058d06728e6dc2a4606a82cf033f90028c3
:1016200000f0a180059b5a1c05921b7806aa09a907
:101630003046f9f7a1fb38e0702873d015dc6e282e
:1016400000f08c806f28cdd12b46002206a816f022
:101650004bfb002800f08780059b06aa013309a9ef
:10166000304605931ef0c2f81fe075283ad078285e
:1016700048d07328b6d1802975d1059b2a680133db
:101680000593131d2b60126800237de02a4606a8ef
:101690002cf0f8f8002866d0059b5a1c05921b78a0
:1016a00006aa09a93046f9f7c7fd04443c44a742fd
:1016b0007add3e4b4f221a604ff0ff3738462eb08e
:1016c000bde8f0812b46012206a816f00dfb00288c
:1016d00049d0059b06aa013309a93046059317f0a6
:1016e00045f8e2e72b46002206a816f0fdfa00288e
:1016f00039d0059b06aa013309a93046059322f08b
:10170000cfffd2e72b46002206a816f0edfa50b321
:10171000059b5a1c05921b7806aa09a930460cf0b5
:1017200073fec2e72b460022f02106a816f0dcfa71
:10173000c8b1059b01330593dde9062313430bd1a3
:101740001b482ff075ff099b009319490b9b02461c
:1017500030461bf053fea8e77823dde72b463a1905
:1017600006a81cf02ffd059b013305939ee78029f9
:10177000f9d1059b013305932b681a1d1b682a605c
:101780008df8183006aa012309a9304622f05cff23
:101790008be78029e7d1059b01330593099b0093d3
:1017a0000b9b04490122d3e7274688e6d00001209d
:0817b000983004019e30040191
:020000040000fa
:020000040101f8
:1017b8002de9f04301f1100883b00e46814600215f
:1017c80040462bf06bf920b90446204603b0bde82b
:1017d800f083684609f1040731f074f968463a461f
:1017e8004146fef7cbfd044640b906f108052946f7
:1017f80028466a460af040f8044630b168462ef09a
:101808000bfa204603b0bde8f083d9f84830002b26
:1018180000f0ad80b6f90c30002bc0f21c812846d0
:1018280031f072fbd9f83c30b0eb430f00f2f18095
:10183800d9f8483028469847044658b1dee72bf0d7
:101848002df93a46294690b1284631f061fb044605
:101858000028d3d1b6f90c3000218b422846eedba4
:1018680005e000bf12f0a2f904460028c6d13946a7
:10187800284611f05ff800283a4629462846f1da4a
:101888006a466946684609f0f7ff04460028b5d15c
:10189800d9f84830002b00f0d480bdf90430002b73
:1018a800c0f2b080684631f02ffbd9f83c30b0eb7d
:1018b800430f00f2ae80d9f848306846984704468e
:1018c80058b19be72bf0eaf83a46694688b1684672
:1018d80031f01efb0446002890d1bdf904300021e8
:1018e8008b426846eedb04e012f060f904460028fb
:1018f80084d13946684611f01df800283a466946f1
:101908006846f1da6a463146304609f0b5ff0446c2
:1019180000287ff473afd9f84830002b00f0a3807b
:10192800b6f90430002bc0f2b080304631f0ecfa42
:10193800d9f83c30b0eb430f6bd8d9f84830304673
:101948009847044660b159e72bf0a8f83a46314663
:10195800e0b1304631f0dcfa044600287ff44eaf9f
:10196800b6f9043000218b423046eddb0ee03a46f2
:101978002946284618f05cfe0446002880d03de73a
:1019880012f014f9044600287ff438af394630467f
:1019980010f0d0ff00283a4631463046f0da6a4661
:1019a8002946284609f068ff044600287ff426af38
:1019b800d9f84830002b5fd0b6f90c30002b6cdb1f
:1019c800284631f0a1fad9f83c30b0eb430f20d8c3
:1019d800d9f8483028469847044660b10ee72bf0fe
:1019e8005df83a462946e8b1284631f091fa0446ae
:1019f80000287ff403afb6f90c3000218b4228464b
:101a0800eddb0fe0014668462bf048f800283ff46c
:101a180049af254cf2e600bf12f0c8f8044600288a
:101a28007ff4ecae3946284610f084ff00283a4689
:101a380029462846f0da4046012128f013fb0446df
:101a4800dce63a466946684618f0f2fd0446002886
:101a58003ff458afd2e6014628462bf01ff800287d
:101a68003ff4ddaed5e73a463146304618f0e0fda2
:101a78000446002893d0c1e63a462946284618f07d
:101a8800d7fd04460028d6d0b8e6014630462bf0ec
:101a980005f800283ff449afbbe7014628462af07d
:0c1aa800fdff00288cd0b4e780b0ffffe9
:020000040000fa
:020000040101f8
:101ab4000c4b13f0ff0f08d04ff0200383f3118871
:101ac400bff36f8fbff34f8ffee7074a934208d0ef
:101ad4004ff0200383f31188bff36f8fbff34f8f51
:101ae400fee7704700c0070100c00701014b186002
:101af400704700bfc400012030b4184c1546184a82
:101b04000c4404eb4030541e844208d24ff02003ae
:101b140083f31188bff36f8fbff34f8ffee71c1859
:101b2400a24208d24ff0200383f31188bff36f8fd2
:101b3400bff34f8ffee71944b1f5005f08dd4ff0a6
:101b4400200383f31188bff36f8fbff34f8ffee73a
:101b540001461a46284630bc2ef0fcbf00c00701df
:101b640000000801f8b5304d0d4405eb403517462b
:101b74002a071c4608d04ff0200383f31188bff3d3
:101b84006f8fbff34f8ffee743b94ff0200383f30a
:101b94001188bff36f8fbff34f8ffee7234b5a1e9d
:101ba400aa4208d24ff0200383f31188bff36f8f4a
:101bb400bff34f8ffee76219934208d24ff0200320
:101bc40083f31188bff36f8fbff34f8ffee7214478
:101bd400b1f5005f08dd4ff0200383f31188bff3f4
:101be4006f8fbff34f8ffee7114b1b6803b198470c
:101bf40023071ebf24f00f0310339cb24ff6f0737b
:101c04002340fe18ed1bbe4204d130f041fc0028f5
:101c1400fbd1f8bd30f03cfc0028fbd179193846e3
:101c240023f082f91037eee700c007010000080135
:101c3400c400012010b5124c124b04eb4034a342f3
:101c440014d330f025fc0028fbd1204626f056fba7
:101c540004f5805430f01cfc0028fbd1204626f00b
:101c64004dfb30f015fc0028fbd110bd4ff02003d4
:101c740083f31188bff36f8fbff34f8ffee700bf6d
:101c840000c00701ffff070137b542b94ff0200339
:101c940083f31188bff36f8fbff34f8ffee71f4ca1
:101ca4000c4404eb40341e48431ea34208d24ff0b8
:101cb400200383f31188bff36f8fbff34f8ffee7c9
:101cc4001319984208d24ff0200383f31188bff30d
:101cd4006f8fbff34f8ffee71144b1f5005f08dd4e
:101ce4004ff0200383f31188bff36f8fbff34f8f3f
:101cf400fee74ff0ff3201929db204220deb020188
:101d040020462ef019ff30b90434a3b29d42f4d119
:101d1400012003b030bd0020fbe700bf00c0070175
:101d24000000080138b5154643b94ff0200383f38a
:101d34001188bff36f8fbff34f8ffee7184c194a1a
:101d44000c4404eb4030541e844208d24ff020036c
:101d540083f31188bff36f8fbff34f8ffee71c1817
:101d6400a24208d24ff0200383f31188bff36f8f90
:101d7400bff34f8ffee7ca18b2f5005f08dd4ff0de
:101d8400200383f31188bff36f8fbff34f8ffee7f8
:101d94001a4629462ef0d0feb0fa80f0400938bd2c
:081da40000c007010000080166
:020000040000fa
:020000040101f8
:101dac002de9f04790b000230c46064609688df8e3
:101dbc000a3006a8904627f0b1fd0546002840f0f1
:101dcc00dd809df83030ff2b1bd120684379c3f3a5
:101ddc00c103002b14bf4ff001094ff0000903d0d1
:101dec0003799b0640f1df800ca9a3482cf04efe32
:101dfc000746002800f0d98001238df80a302068ae
:101e0c000de00ca99c482cf053fe0746002800f06e
:101e1c00b980012320688df80a302f46a946282165
:101e2c0030f044fc0df10a0300939df81e308df840
:101e3c000b3006aa0df10b03214630461af0c0fff9
:101e4c000546002840f09a809df80aa0baf1000fd0
:101e5c0000f0ae809df80b30292b34d12368039011
:101e6c001b794a46214603a8c3f3401725f056ffb9
:101e7c00039b0546002840f0b5801a79998967f3d1
:101e8c0045121a7118462af0fdff039a7b4800216f
:101e9c0031f072f9039b04934246002304a93046a7
:101eac000393fff77dff049808b12ff097fc03987c
:101ebc0000238df80a3008b32ff090fc9df80a30ff
:101ecc00e3b19df80b30b8f1000f0fd10122cde931
:101edc0000a2214606aa30460df0cefe9df80aa0bf
:101eec000546baf1000f09d09df80b30cdf80090e3
:101efc0006a92246304614f077fc0546b9f1000fce
:101f0c003cd023685b7913f0180f5cd09df81f70e0
:101f1c00002f56d0012304aa072120688df81070d9
:101f2c0023f018fa9df80b303a2b78d0737826688a
:101f3c00cbb17779c7f3c107022f14d19df80b30c1
:101f4c00112b10d1082304aab18930462ef01affa8
:101f5c00054698b9bdf812305bba9bb24ff2bf027e
:101f6c0093422ed0266845480496002304a923608a
:101f7c0026f038fe049808b12ff030fc284610b03b
:101f8c00bde8f08723685b7913f0180f03d10ca818
:101f9c002ff000fd18bb0ca82ff0fcfc40b34ff049
:101fac00010920683be7012739e72068012736e75c
:101fbc00002fa3d0b8f1000fa0d19df80b304a46ea
:101fcc0085e70225dae72e4830f08ef90028d5d0c7
:101fdc009df81f70013fffb28df81f7098e72068c5
:101fec00b9461ce7002bc9d018462ff0f7fbc5e704
:101ffc000ca9304628f0a2fc81460028cfd10caaaf
:10200c0004ab08a91f481bf035fb08bb1e4bbdf8e1
:10201c001020b3f8163d9a421ad04f46bfe72068fd
:10202c000123818904aa2ef0adfe05460028a5d116
:10203c009df81010154b0122914203f105003ff45d
:10204c0075af9842bdd013f8012f9142f9d16de7cd
:10205c000127a6e7049808b12ff0c0fb039808b13c
:10206c002ff0bcfb30f004fef8e704980028f9d000
:10207c002ff0b4fbf6e700bf2cc7002098d200204d
:10208c0008d30020a0d6002000c60020d49902015d
:020000040000fa
:020000040101f8
:10209c00027a03467ab9427a7ab1013a42724268bc
:1020ac00111d126802604160032202721a68100e40
:1020bc0012021a607047013af7e7b02070471fb55b
:1020cc0003ab009300230a461946f5f7a2f80398d0
:1020dc0005b05df804fb0c21f1e72de9f043054652
:1020ec0085b0884600264046fff7d2ffb02804464c
:1020fc0011d176b903ac33460e22314600942846f2
:10210c00f5f787f8009433460f2231462846f5f749
:10211c00a1f800202ce002061dd4002303af4feae7
:10212c008009194600970d222846f5f772f85ffad8
:10213c0089f9039b09f1040914f0400f14bfa3ebb8
:10214c0009034b440393009700230d22194628469c
:10215c00f5f780f8c7e700f0f003802b1bd10402e1
:10216c004046fff795ff0443b4f5004f03d1092017
:10217c0005b0bde8f083240100234ff6f072224035
:10218c0019462846f5f7eef90028f0d114f4004f63
:10219c0018bf0126a7e7902b0dd100f00d030d2bd6
:1021ac00e5d003af002300f00f0200971946284634
:1021bc00f5f72ff8c7e7a02b13d1c24302f00703a2
:1021cc004ff47f621a4102f47f62030748bf42f466
:1021dc008042002319462846f5f7c4f9002882d01e
:1021ec00c5e7b02b47d1b12809d14046fff750ffc6
:1021fc0002460028bbd010f0f003ebd0b7e7b228b2
:10220c0020d1002303ac0d22194600942846f5f783
:10221c0000f84046fff73cff022710f0800300f067
:10222c007f00039a00fa07f005d102f50172104401
:10223c000390009489e71044039040460737fff75a
:10224c0027ffeae7b3280bd14046fff721ff020333
:10225c0000f00f0002f47022013001230243b9e7b1
:10226c0000f0fc03b42b82d000f0070201320123f2
:10227c0042f40022aee7c02b45d1c6280ad1404615
:10228c00fff706ff020300f00f0002f4702201308a
:10229c000323e3e7c7280cd14046fff7f9fe0246bb
:1022ac0000283ff464af10f0f0037ff460af04211a
:1022bc0091e700f0f803c02b06d100f00f020132b9
:1022cc00032342f4202285e7c8280dd14046fff7ae
:1022dc00dffe00f0f00200f00f0010320130052399
:1022ec0040ea0232012176e7c9287ff440af40462c
:1022fc00fff7cefe020300f00f0002f47022013053
:10230c0005230243eee700f0f803d02b7ff42faf48
:10231c0000f007020132052342f40022e2e71fb568
:10232c00c36c5a681202019203f108020292032252
:10233c000c468df80c20db798df80d3001a9204668
:10234c00fff7cbfe04b010bd08b5fff7c4fe806ce0
:10235c0008bd08b5fff7bffec06cc379023300ebb4
:10236c00830008bd08b530f08dfe08b530f08afe4c
:020000040000fa
:020000040101f8
:10237c00f8b5044630f0a6fca94d0f28687071d151
:10238c000f2c15d000232b711cf07cfc0123022296
:10239c0004210d2029f0c0fd0123072280210420f7
:1023ac0029f0bafd30f08efc082c68706cd1082432
:1023bc002046f8bd062c00f09c80082c6ed16b7862
:1023cc00082b6bd0974b01201c7030f0e5f865e0c2
:1023dc00162c00f0bc8020d80f2c5fd1914b03221f
:1023ec001a700421002302220d2029f095fd802172
:1023fc0004200023072229f08ffd8b4a8b4b1b787e
:10240c00137843f01003137025f0b8f9232030f043
:10241c00c3f830f057fc687040e0192c00f0db80fa
:10242c00202c3bd17f4b03221a7004210023022263
:10243c000d2029f071fd802104200023072229f0b2
:10244c006bfd794a794b1b78137843f010031370aa
:10245c0027f028f8232030f09ff830f033fc0446a6
:10246c006870a5e7202811d1202ca1d01cf00afc03
:10247c006f4a1378dbb2082bfbd16b7014f0f8f8b1
:10248c0014f098f8082c92d0032c90d0092c0dd075
:10249c009ed8042c25d08dd8032c90d0644b1c785e
:1024ac0004f01f041f2c6c70f9d081e76b78082b9b
:1024bc0012d00cd8062bf1d103236b71594b082287
:1024cc001a70012030f068f822f034f8e6e7162b89
:1024dc00f2d0192be2d1efe703236b7122f02af82b
:1024ec00dce76b78082bf7d04e4b03226a711c701b
:1024fc00d4e76b78092b16d011d8082bced1022338
:10250c006b7122f017f8502030f046f8454e3470bd
:10251c0030f0d8fb00f01f000628f8d1bee7162bd0
:10252c0001d0192bbad13f4c0823237002236b71b5
:10253c0022f000f8502030f02ff84ff006062670ed
:10254c0030f0c0fb00f01f000628f8d1a6e76b782e
:10255c00192ba3d80126374a06fa03f31a409ab965
:10256c0013f0021f1ed1db0598d56e7121f0e2ff2e
:10257c00502030f011f82b4e347030f0a3fb00f0eb
:10258c001f001628f8d189e7264f08233b706e717f
:10259c0021f0d0ff3c7030f095fb00f01f001628a6
:1025ac00f8d17be714202ff0f7ff30f08bfb00f015
:1025bc001f0008287ff472af6e7121f0bbff502012
:1025cc002ff0eaff174e347030f07cfb00f01f0048
:1025dc001628f8d162e76b78082b16d00fd8062b8b
:1025ec007ff45caf0f4c0823237000236b7121f038
:1025fc00a1ff50202ff0d0ff192323704ee7092b99
:10260c00f0d0162b7ff44aafece700236b7121f06e
:10261c0091ff50202ff0c0ff024b1c703ee700bf13
:10262c0064110020020001410e0001410f00014124
:08263c0001000141400200020f
:020000040000fa
:020000040101f8
:102644002de9f04f866ba849a84a3378a84ff76163
:10265400c9b00446c6e9051206f52e7efbb9436be4
:10266400d6f83c13a34a03f130054ff0300c019522
:1026740006f53e764025009573463046cdf808c0f1
:1026840008f0a0fa054618b1284649b0bde8f08f15
:10269400304644212ff068faa66b06f52e7e06f527
:1026a4003e750df12008a446764630687168b2681c
:1026b400f36844460fc41036ae42a046f5d110adbf
:1026c4000fcdcef80000cef80410cef80820cef8d6
:1026d4000c300fcd08adcef81000cef81410cef8a3
:1026e4001820cef81c300fcd6446dcf838c0ccf886
:1026f400d802ccf8dc12ccf8e022ccf8e4320fcdce
:10270400ccf8e802ccf8ec1208a84021ccf8f0226e
:10271400ccf8f4322ff028fad4e90d382168a66ced
:1027240022899868d8f81c500979b2863033059507
:10273400049307912af054fe08f52e730546069378
:10274400002800f0cf802af0fbfe0328824606d141
:10275400eb7a13f0020f14bf082310233361287a95
:102764002bf004fd8146002800f0bc80687a2df02f
:10277400f9ff002800f0b680402308aa4ff4807bbc
:10278400cde9012b0093dde90405069b5a4a30216b
:10279400a847054600287ff477af99f80520baf1d9
:1027a400030f02f00f034feac30318bfa0f5d84587
:1027b4007ff46aaf11093269f0600b290cbf0c2554
:1027c40004250c32521b0c21c6e90021079ab5607e
:1027d400002a36d108aa02eb030a0aeb03012a46af
:1027e40006f1140007932ef0b5f9079b59195144cb
:1027f4002a4606f124002ef0adf90df1200bd4f891
:10280400f05085b1059a08f53673ba420cbf022719
:1028140000270093069b01930297049ad4f8f400ce
:1028240030230021a84706f138073846494626f0e8
:10283400fdfa054670b108a84ff480712ff094f9a1
:1028440022e7079a012a37d0594608a82ff08cf9b5
:102854002a4d19e774363046494626f0e7fa05460c
:102864000028e8d199f8052002f00f0259463846ad
:102874009201012320f0bef805460028dbd199f827
:10288400052002f00f02034651469201304620f023
:10289400b1f84ff48071054608a82ff065f9002db2
:1028a4007ff4f2aea06b402100f52e702ff05cf99e
:1028b400284649b0bde8f08f08aa02eb030b0bebe6
:1028c40003012a4606f1240007932ef043f9079bdf
:1028d400591959442a4606f114002ef03bf90df11a
:1028e400200a8ce7064dcfe631180301a58a0201c0
:1028f400c9ab010180fc030190fc03010094ffffbc
:04290400008fffff42
:020000040000fa
:020000040101f8
:102908002de9f04f0b6a0d461168ef7db1f80a907a
:1029180043f000438bb080462b622868164630f09f
:1029280063fa044618b120460bb0bde8f08f316851
:10293800b08824f0c9fa04460028f4d1043fffb255
:10294800012f00f28780984b03933368049418464c
:1029580003a90a22b3f80aa02af0acfa0446002810
:10296800e1d1316868684b8900932df0fdfd04467c
:102978000028d8d13168484624f0a6fa0446002831
:10298800d1d13068b0f80ac0acf10a0caceb0a0c33
:102998009cfa9cfc0a23514603aaadf814c022f005
:1029a800dbfc338901333381ab68002b62d0012f04
:1029b80060d9186800285dd0a246bb46019435e06e
:1029c8005b8901932df0d0fd04460028abd1316816
:1029d800484624f079fa04460028a4d133680a222c
:1029e800184603a95f892af065fa044600289ad197
:1029f8003168009824f068fa0a23044603aa394685
:102a0800002890d1306844890a3ce71b7fbaadf8aa
:102a1800147022f0a1fc3389013333810af1010ad1
:102a28001ffa8afaab6853f82a0010b331682df000
:102a38009bfd044600287ff476af33685b4819464f
:102a4800baf1000fbcd0019824f03efa04460028e1
:102a5800c4d068e7d8f81440554b03930cb9d8f89c
:102a68001c40d8f8103013b19c4228bf1c4624ba29
:102a78006be75f463168009824f026fa0446002880
:102a88007ff451af4ff0ff230790adf8200006a95f
:102a98000a22306806932af00dfa044600287ff4cb
:102aa80042af3389012f03f1010333817ff63baf36
:102ab8003168009824f008fa002873d1d8f8143047
:102ac8003c4a06920bb9d8f81c30d8f8102012b13d
:102ad800934228bf13466a8aa98ad6f800c02f8a6b
:102ae800bcf80a9052ba49ba1bba7fbaadf822208c
:102af800adf824106046102206a90793adf8267099
:102b08002af0d8f900284dd102463146404627f030
:102b180015f8002846d1306847890a3fa7eb09070e
:102b280049460a2306aa7fbaadf8207022f014fca1
:102b38003389316800980133338124f0c5f90028be
:102b480030d130681c4b478903930a2203a92af025
:102b5800b1f938bb3268a97de8682cf08dfd08bb57
:102b6800306845890a3ded1b0a2303aa6dba394628
:102b7800adf8145022f0f0fb33890133338198f813
:102b880001305b067ff5cfae0098316824f09cf9e0
:102b9800044600287ff4c7ae314640461ef008fcc4
:102ba8000446c0e60446bee6000c00fef00b030136
:0c2bb800000c00010021000100100001d1
:020000040000fa
:020000040101f8
:102bc4002de9f04f099f154604468e461e46002bfc
:102bd40040f0cc808a42b2fa82fc4cd9bcf1000f9e
:102be4000bd0ccf1200801fa0cfe20fa08f802fa06
:102bf4000cf548ea0e0e00fa0cf44fea15491ffad8
:102c040085f8befbf9fa210c09fb1ae30afb08fb61
:102c140041ea03439b452ad9eb180af1ff3004d259
:102c24009b4502d9aaf102002b44a3eb0b03a4b2e7
:102c3400b3fbf9f209fb123302fb08f844ea03443c
:102c4400a04516d92c1902f1ff3303d2a04501d9ae
:102c5400931e2c44a4eb080443ea004027b124fa51
:102c64000cf400233c607b603146bde8f08f504695
:102c7400dbe71346eee702b9ffdebcf1000f2ed10d
:102c84008b1a01264fea154eaab2b3fbfef8210cab
:102c94000efb183308fb02f941ea0343994561d955
:102ca400eb1808f1ff3004d2994502d9a8f10200cb
:102cb4002b44a3eb0903a4b2b3fbfef10efb1133c7
:102cc4004a4344ea0344a2424ed92c1901f1ff338a
:102cd40003d2a24201d98b1e2c44a41abce7ccf126
:102ce400200e02fa0cf521fa0ef901fa0cf320fa7f
:102cf4000efe4eea03034fea154800fa0cf4b9fb42
:102d0400f8f11ffa85fe08fb1192180c01fb0ef670
:102d140040ea0242964221d9aa1801f1ff3003d2b7
:102d2400964201d9881e2a44921b9bb2b2fbf8f941
:102d340008fb192209fb0efe43ea02439e450fd904
:102d4400eb1809f1ff3604d29e4502d9a9f1020617
:102d54002b44a3eb0e0346ea004693e70846e3e759
:102d64004e46f6e74046a4e70b46b6e78b4206d943
:102d7400002f7ed00026c7e90001304674e7b3fa7d
:102d840083fcbcf1000f0fd18b4201d3824209d8de
:102d9400841a61eb030e0120002f6dd0c7e9004ea9
:102da400002661e76046f7e7ccf1200e03fa0cf346
:102db40022fa0ef521fa0ef41d4301fa0cf320fa5f
:102dc4000ef10b434fea154a00fa0cf6b4fbfaf97c
:102dd4001ffa85f80afb19401c0c09fb08f144eaa8
:102de4000044a14202fa0cf23fd92c1909f1ff3038
:102df40004d2a14202d9a9f102002c44641a9bb264
:102e0400b4fbfaf90afb194409fb08f843ea044144
:102e140088452cd9691809f1ff3304d2884502d9b1
:102e2400a9f10203294443ea0040a1eb0801a0fbf5
:102e340002894945c2464c4602d306d1464504d2ce
:102e4400b8eb020a69eb05040138afb1b6eb0a032b
:102e540061eb040606fa0efe23fa0cf34eea0303b2
:102e640026fa0cf6c7e900369ae74846c6e74b4609
:0c2e7400d9e73e463846f7e63e46f5e654
:020000040000fa
:020000040101f8
:102e8000f0b50d4699b000230646194628688df81e
:102e900014300df10a028df838308df85c302bf0cb
:102ea00027fc08b119b0f0bd044603aa0321286825
:102eb0002cf0a6fc002800f088801728f2d18df8ad
:102ec00014402a6906f140039a4237d09df85c000d
:102ed0000faf3a18ba420dd09df83c30112b13d0e9
:102ee0003946013a04e000bf11f8013f112b0bd025
:102ef0009142f9d1202807d018ab034411220130a8
:102f00008df85c0003f8242c06ac2146286828f0d4
:102f100047fc002800f0bb801728c3d10faf022365
:102f20002b752946304620f043ff6b6803aa103307
:102f30003946304607f0d4fc19b0f0bd0df1070258
:102f4000112128682bf0c2fb002800f0d080172840
:102f5000a8d1bdf80a20b6f85c309a4240f0cc8087
:102f60002946304606f02afd00289bd10df10602c5
:102f7000102128682bf0aafb002800f0c580172834
:102f800090d102a928682bf003f80028bcd19df845
:102f90005c300faffa18ba420cd09df83c1055299e
:102fa000b2d03946013a03e011f8010f5528abd0f1
:102fb0008a42f9d1202ba7d018aa1a4455210133ef
:102fc0008df85c3002f8241c9ee79df85c400faf42
:102fd0003919b942a6460dd09df83cc0bcf1040f8a
:102fe0001bd03b46481e03e013f8012f042a11d0e2
:102ff0008342f9d1202c0bd00134e4b218ab9e44ab
:1030000039190423b9428df85c400ef8243c0dd0e8
:103010009df83cc0bcf1080f72d001393b4603e07b
:1030200013f8012f082a5ed08b42f9d1202c58d0fa
:10303000601cc0b218ab1c4439180823b9428df883
:103040005c0004f8243c0dd09df83cc0bcf1050f99
:1030500013d001393b4603e013f8012f052a0cd0a9
:103060008b42f9d1202808d018ab03440522013047
:103070008df85c0003f8242c23e72a6906f140034d
:103080009a423ff45baf9df85c003a1824e79df844
:1030900038e0a644a6453ff441af2146ac460faf09
:1030a0009df85c5011f8014b7819b8420cd09df88e
:1030b0003c30a34211d001383b4603e013f8012f06
:1030c000a2420ad08342f9d1202d06d018ab2b445e
:1030d000013503f8244c8df85c508e45e0d16546ef
:1030e0001de79df83cc09df85c003918aee79df8df
:1030f0000730012b7ff42daf304622f039fbd1e6ab
:103100009df85c003918a4e79df806002df076faca
:1031100096f8713060f3830386f8713031e700bfb1
:020000040000fa
:020000040101f8
:10312000f8b59a4e3378042b0d46334600f02b81c8
:1031300051280ed0592806d04e282ad1944b0a780f
:103140001a75002403e0924b0a781a77002420466f
:10315000f8bd0c788e4b002c14bf012200225a7748
:1031600012d02bf0d1f98b4b1c682cb90920fff73a
:1031700005f90123b370eae70620fff7fff8002006
:103180002ff09eff0024e2e70820fff7f7f8b47065
:10319000dde776780f2e00f0f4800b2800f0e88051
:1031a0002ed8022800f0ae8003d8002867d08924ea
:1031b000cde7032800f0d2800428f8d11b7803f073
:1031c000ff04002b40f0df80082e05d00820fff719
:1031d000d5f80828fad116262d78284611f010fdca
:1031e000082e074607d01620fff7c8f81628fad190
:1031f00000202ff065ff002f4bd0654b1d76a6e712
:10320000532831d00ed84f2820d05028cfd10b884a
:103210005f4a6149d381dbb20b70604bd27b1a707d
:10322000002494e757285fd0f028c0d1584b0a6893
:103230001a604a685a605a495a4a00bf13f8010b8b
:1032400002f8010b8a42f9d1002480e7504a0b783a
:10325000d17e8b4228bf0b4653750f2100222f20b1
:1032600028f0ddfe002472e70b88494a4e4993811d
:10327000dbb20b704d4b527b1a70002467e71b7852
:1032800003f0ff04002b7ed10a78494bd340da07c4
:1032900001d488245be7082e05d00820fff76ef8dc
:1032a0000828fad116262b78394d00221f21082034
:1032b000eb7428f0b4feeb7c0a3b03eb83035b006a
:1032c0004ff6fe7119400f201df05af9082e07d055
:1032d0001620fff753f81628fad100202ff0f0fe41
:1032e000e87c0df027fc32e7294a0b78517dd37634
:1032f000994288bf5375f02104222f2028f08ffeb9
:10330000002424e7224d0878e87514f0d3f8e87516
:103310001cf0bef90022034604460f21052028f0c8
:103320007efe07201df064f920f4786141ea042153
:1033300089b241f0800107201df022f9e97d8b065a
:1033400042bf494201f01f014942204654bf01f0eb
:103350003f0149b221f020f90024f8e60c4a0b782d
:10336000937460210522082028f059fe0024eee61f
:10337000074a0b789375082103222e2028f04ffe70
:1033800062e78124e3e68624e1e600bf64110020c1
:1033900092110020ac0001202200014123000141d4
:1033a0002c00014124000141200001412100014184
:0433b00000f8ff071b
:020000040000fa
:020000040101f8
:1033b4002de9f041047b06884588012c82b046ea59
:1033c400050300f0fc80022c01d143f44043827dcc
:1033d400012a00f0e580022a7ad14ff4406c012ad8
:1033e4004cea030300f0e380022e18bf43f02003ed
:1033f400867f002e14bf08260026b5f5805f43eab9
:10340400060300f0bf80b5f5005f00f0ae80002d2c
:1034140000f0b88090f82120d70748bf43f48073a8
:1034240012f0020f14bf4ff4007500251d437f22d4
:103434000f460446096868462ff01ef92946684677
:103444002af0e8faee0540f18b8005f44053b3f519
:10345400005f04f10e0674d015f4406f40f0db8079
:103464003146684621f02aff15f4404f02d0680621
:1034740040f1c280211d684621f020ffbdf80430d0
:10348400bb80a67f002e37d1022694f821309907fd
:1034940021d4aa0523880ed5032b03d094f8213018
:1034a4005b070bd4022168462ef088f900227f21a5
:1034b4002df0e4fc2388032b00f098803146684605
:1034c4002ef07cf9bdf80430bb8002b0bde8f08179
:1034d400002a8dd088e7022168462ef06ff9042275
:1034e4001a212df0cbfc042168462ef067f93b7fae
:1034f40043f008033b77cce7e37f1e43314668463d
:103504002af060fa4ff0010806f0070308fa03f8fe
:10351400002b00f08b8006f01806102e00f084803b
:10352400182e5ed10d2168462ef048f918f0880f48
:1035340076d118f0440f75d118f0220fa4d00626c6
:10354400a3e7284621f082ff002845d1314668468a
:1035540021f0b4fe05f44c43b3f54c4f84d189e714
:10356400012168462ef02af96fe75ab3002c4dd09a
:10357400022c49d0048b428b94427ff44baf43f02e
:10358400400347e734b12ab1048b428b944208bf0d
:1035940043f0400390f82120d4077ff541affee7c4
:1035a4004ff4006c012a4cea03037ff41dafb0f81a
:1035b4000ec04ff6ff77bc457ff416af18e743f40f
:1035c400004304e7427fe4b1002a7ff423af027f83
:1035d400002a7ff41fafd2e7618b68462af01afafb
:1035e400b4e7002e0cbf042105219ce794f82010b9
:1035f40068462af0e7f961e7218b68462af00afa5f
:1036040038e7002abbd105e7022ab3d1427f002a5a
:103614007ff400afb3e7618b68462af0fbf91fe73c
:10362400122632e70a2630e709217ce7fe216846a4
:083634002ef0c4f87de700bf91
:020000040000fa
:020000040101f8
:10363c002de9f04f99b014469df888200292bdf800
:10364c008c2025790492bdf8902005929df8942049
:10365c000392dff85cb2824688461f46c5f34005ec
:10366c0034e0049badf82830059b8df83060adf844
:10367c0032308df83a6008ab0aaa21468b4824f008
:10368c00b3fb002840f0e9806089a289039badf868
:10369c002650861ab6b233b9bdf82430eb1a9bb259
:1036ac00b34280f0c1802179c1f34001002940f080
:1036bc009d80a57905f00f05012d40f097802046df
:1036cc002ef0f4ff237943f0020323712222002110
:1036dc000fa82ef04dfc85b1a37903f00f03052242
:1036ec00032b8df85a2008d00f2120462cf050fdca
:1036fc0000284ed010238df85b30bbf8ec1915a8c0
:10370c002ff02ef8a37903f00f03012b36d0386875
:10371c007968ba68fb6810ad0fc538692860234614
:10372c000faa414650460126adf83c601ff0fef84a
:10373c0040462ef0b7f8054640462af0f3f92946e4
:10374c00024608a82ef094ffb4f80c90b9f1000fc3
:10375c0032d1bdf82650bdf8243001932b1fadf8a3
:10376c002630029b002b7ff47caf38687968ba68ee
:10377c00fb680aae0fc6386930607ce7e3790f2b23
:10378c000bd0c4d3112bc2d8618a15a82ff006fb1d
:10379c00bde708238df85b30afe7237a88f81a3041
:1037ac0088f806309bf8ee3988f81a304ff6ff711e
:1037bc0015a82ff0f3faaae76389a08ac3f30a03ca
:1037cc006feac34340ba6fead3435bba4feae905e9
:1037dc00adf82a000aa9052208a8adf828308df802
:1037ec002c502af027f9002850d0fee763693bb330
:1037fc005bba9db2c0f30a036fea83436fea93434b
:10380c0058baadf81c000199adf81e50042307aa54
:10381c0008a823f0eff900b1fee7bdf82630bdf89b
:10382c002410a2895b1a9bb29e4284bf23f007032b
:10383c009eb208a83346214627f0d4fc98b1fee787
:10384c00baf8143053b11a4655ba01339bb2adb223
:10385c00aaf8143060896261cce7fee74ff48075fa
:10386c0001220223f4e7bdf8241040462af082f925
:10387c00a58963893544adb2ab4212d8204649467e
:10388c002ef014ff284619b0bde8f08fa289668986
:10389c00bdf82630bdf82410b61a5b1ab6b29bb22e
:1038ac00c2e7404601212df015fbe7e7e0cf0020f1
:0438bc0000c6002022
:020000040000fa
:020000040101f8
:1038c0002de9f04f0d4605f13104adf5177d4ff4ac
:1038d000007724f001040646904616a83a460021d7
:1038e0009946ddf888a22ef049fb2378adf81670d2
:1038f000c3f301130df115070022022b3a7000f0fb
:10390000a380032b00f0b280baf1000f08d01b2176
:10391000284610f0a3fc18b96369002b00f0e8807a
:10392000b3885a1c5bbab2806380284625f01cfe1f
:103930002378c3f301126ab96b8903939bb942469a
:103940002946736c30469847074638460df5177d73
:10395000bde8f08f012af2d1a09a002aefd003f03f
:103960000f0304330393c646d8f80000d8f80410b8
:10397000d8f80820d8f80c3098f825b0a09f0f97f9
:103980000df1180cace80f005ef8100f9df84dc05b
:10399000def80410def80820def80c30a19f109746
:1039a000cbf3001e6ef3820cb8f822b099f804e055
:1039b000adf838b08df84dc0d9f800b099f806c010
:1039c0008df84cc00df1280cace80f000bfb0ef18c
:1039d00099f80530b1fbf3f15846013129f02cfa82
:1039e00022789df84d30129012f0300f0cbf01225a
:1039f000002203f0fe0362f34103a39a8df84d30d9
:103a0000cde9142a21f014fa9df84d309b0734d5e6
:103a1000129b039a1844119006ab2946304623f0b6
:103a200085ff044638b342462946736c30469847b2
:103a30000746002889d03046214627f057fb3846f4
:103a40000df5177dbde8f08fbaf1000f06d01721f4
:103a5000284610f003fc08b9636913b34b4642468d
:103a6000294606f1240011f09dfe5ee76378002be5
:103a70003ff45baffee7032767e799f80630d9f814
:103a8000002099f805400133dbb20121994099f8f3
:103a90000430013902fb01f2b2fbf4f203fb02f342
:103aa000b7e7607e2ef0c0fdb0f5007fadf81600e0
:103ab000e1d86269009702fb00f20df1160316a926
:103ac000a198d047074600287ff43fafbdf81620e5
:103ad00016a9284629f0f2f9074600287ff435afe9
:103ae0002946304629f034ff07460028b6d02ce797
:103af000607e2ef099fdb0f5007fadf81600bad8c3
:103b00006269009702fb00f20df1160316a9a19855
:103b1000d047074600287ff418afbdf8162016a935
:103b2000284629f0cbf9074600287ff40eaf23780a
:103b3000c3f30112012a04bf23f030032370efe620
:020000040000fa
:020000040101f8
:103b40002de9f04f4ff40074adf50d7d0d46804624
:103b5000002191460ca822461f462ef00ffa0023a2
:103b6000002228461721adf816408df81530cde912
:103b7000062310f073fb044650b905f1310626f018
:103b8000010673694bb94a4629467b6838699847ec
:103b900020460df50d7dbde8f08f834940462bf0a2
:103ba0002ffb824610b30af1310b452202212bf084
:103bb000010b2af043fd7388abf8023029465046ca
:103bc0002df056f8044638b150462df00dfe204633
:103bd0000df50d7dbde8f08f707e2ef025fdb0f562
:103be000007fadf8160003d90324ede70324cfe7e7
:103bf000707e2ef019fd72690df11503009302fb22
:103c000000f20df11603d7e903400ca9a0470446c2
:103c10000028d9d19df815308bf81830002b6bd0c7
:103c2000bdf81630802b00f09d800ad8202b00f0c4
:103c3000a980402b00f0a280102b00f0a780072461
:103c4000c2e7b3f5007f00f09580b3f5806f00f018
:103c50008d80b3f5807ff2d104238bf81930707e0c
:103c60002ef0e2fc746904fb00f49bf819002ef0be
:103c7000dbfcb4fbf0f0cbf81400d8f84c1009a82a
:103c800025f090fc044600289ed14ff6ff7607e011
:103c90001b2d1cd009a82df043fd0446002893d10c
:103ca000bdf82a30b34232d0bdf82850172defd1dd
:103cb0009bf819109bf81830dbf81420009150463f
:103cc000022126f081fc04460028e3d07ce706a907
:103cd00009a82af0d7fc044600287ff475afbdf888
:103ce0002a20b2425ed006ab2946504629f020f881
:103cf00004460028ced067e7707e2ef095fcbdf814
:103d0000163083429bd8737e8bf81930a7e7504654
:103d100022f028fa044600287ff456afbdf816209a
:103d20000ca9504629f0caf8044600287ff44caf8d
:103d30009bf8184074bbd8f84c0018b12df054fd16
:103d4000c8f84c400023cde90233cde900334a46a0
:103d50004046164b5146fff7b3fd044600283ff49a
:103d600017af31e703238bf8193078e706238bf878
:103d7000193074e705238bf8193070e702238bf8ac
:103d800019306ce701238bf8193068e700238bf8b2
:103d9000193064e75146404629f0dafd0446002810
:103da000d0d011e74388ffde38180401582d0401f4
:020000040000fa
:020000040101f8
:103db0002de9f04f86460c7800689ef804800519be
:103dc00087b0af1c8044b8450394c0f09b806c78ea
:103dd00002342c44a045c0f09580994694460e4686
:103de000cdf810e02b785b10012b00f0a580052b9f
:103df0006ed1d9f80820002a6ad095f90220002a4d
:103e0000c0f2f380ec790622144457fa84f4002cb3
:103e10005ed07278697822440231971c2944b942f5
:103e200056d392f801e00ef1020e964471454fd33d
:103e30004ff6ff7e4ff000081ce0d9f8080018b1db
:103e400013785b10062b62d0517886f8028002311d
:103e50001144091b71706b7854fa81f202332b44c0
:103e6000971cbb4232d35178023111448b422dd37f
:103e70002b785b10012be0d111784910022965d015
:103e8000032900f08d800029ded1d9f80430002b01
:103e9000dad0b078059409e0f44500f09480baf8df
:103ea00000305bba9bb2634500f08d80431cdbb2ef
:103eb000b3705178534ca4fb014b00eb400ab0ebbc
:103ec0005b0fba441846e7d3059cbee7049b18680d
:103ed000039b034400215a78a6f8011002321344d0
:103ee0001b1a049a337010681279dbb2c518af1c24
:103ef0000244ba42039305d36b7802332b449a42af
:103f0000bff470af1727384607b0bde8f08fb77819
:103f1000002f99d1f44504d053885bba9bb2634516
:103f200092d10023c9e90033c9f80c3029461ff0ab
:103f300097ff0123b3702fe0d9f80020002a57d053
:103f4000ec78073405ebd404043460e7d9f800308a
:103f5000002b3ff479afb07804e0198849ba89b2f0
:103f600061450fd000f1010a5ffa8afa86f802a0d3
:103f70005178b0eb910f07eb80035046bff465af6b
:103f8000f445ead100272946c9e90177c9f80c7040
:103f9000d9f8000024f08cfe384607b0bde8f08f59
:103fa000d9f80c0000283ff44fafb778002f7ff40a
:103fb0004baf1c46c9e90077c9f8087029462af0ba
:103fc00037f8b470e8e7cdf800a000271346d9f819
:103fd0000400c9f800702a46c9e902770a491bf0b3
:103fe00087ff384607b0bde8f08fec7802220be778
:103ff000d9f80420002aa3d1d9f80c20002a9fd197
:0c40000066e700bfabaaaaaa00c6002019
:020000040000fa
:020000040101f8
:10400c002de9f0414b798eb0002413f0180f089174
:10401c00cde90924cde90b448df8344003d192f855
:10402c002430ff2b02d00eb0bde8f0810c460646c2
:10403c00154601230df10a02898920462cf0a2feb7
:10404c000028f0d1012120462cf090fe9df80a307a
:10405c00ff2b00f0a2807278002ae4d0002be2d172
:10406c0005aa0a23a18920462cf08cfe0028dad15f
:10407c000a2120462cf07afe9df81430152bd2d153
:10408c00a389ddf81970ddf8158005aacde9003299
:10409c0001212b46224630460af0e2ff0028c2d10d
:1040ac0001230df10b02a18920462cf06bfe20465a
:1040bc0001212cf05bfe05f1180003a92cf0a6ffe2
:1040cc009df80b300c2b06f1780003a94ff0010280
:1040dc007bd02ff049f804463fba002c79d0a37f4f
:1040ec0003f00f03072b00f09b809df80b300b9710
:1040fc00043bcdf828800c940b2b94d801a252f8d9
:10410c0023f000bf9b410101334001013340010109
:10411c003340010185410101334001017941010125
:10412c00334001016d410101614101015541010122
:10413c004141010108ac2146304608f05fff2146a1
:10414c0030461ff02ffe6ee708ac2146304603f0d8
:10415c000bfff4e708ac21463046fef78bfeeee78a
:10416c0008ac2146304607f003f8e8e708ac2146d6
:10417c00304601f023f8e2e7a37f03f00f03072b8f
:10418c0008acdcd12146304629f060f8d7e708ac02
:10419c00214630460ff0e4fad1e701230df10b0272
:1041ac00a18920462cf0eefd00287ff43caf204680
:1041bc0001212cf0dbfd9df80b30112b7ff433af7c
:1041cc0008a9224805f002f82de72bf093fb0446d2
:1041dc0082e79df80b300b97043bcdf828800c94ac
:1041ec000b2b3ff620af01a252f823f09b410101ab
:1041fc0033400101334001013340010129420101e7
:10420c003340010179410101334001016d4101014c
:10421c0061410101554101014141010108ac8ee7a9
:10422c00a369bb420dd0bff4feaea761002104f11f
:10423c000c002ef06dff0023636108f10103236174
:10424c0053e723699845f8d2ede600bf28d5002046
:020000040000fa
:020000040101f8
:10425c002de9f04f8bb008af05914ff000094ff0ee
:10426c0001161c4680463946184607abcde9083680
:10427c001546cdf81c900ef05bfb4845149e40f3a0
:10428c00058123681b68db0740f10081394628460d
:10429c000ef04efb0028c0f2f980e98828681af06d
:1042ac00e7ffb0f5807f00f2f180e18820681af01a
:1042bc00dfffb0f5807f00f2e980e98800297cd02f
:1042cc00e0882ef0dbfd042183462ef0abfb82460a
:1042dc00002800f0e1800123cdf820904fea8b0bf1
:1042ec000993002e00f0bf803368002b7bd0e1884f
:1042fc0042f21073994269d8f388994200f2ab806c
:10430c0096e8030087e803000599404615f012fd76
:10431c00814600285cd10123a8f804302146404690
:10432c000ef006fb00286adae18842f2107399421b
:10433c0000f2af80b8f80630994269d820682af0ac
:10434c0079fdd8f80010089b0090cdf808a00193d7
:10435c000746e388226808462cf02afaeb88089a6c
:10436c00d8f8001028680090cde90132cdf80ca0e7
:10437c000846e388226809f01dffd8f80010cde943
:10438c00007a0846e38822682bf084fb059bb3f97e
:10439c000430013343d04ff00009594650462bf0fe
:1043ac0059fbceb9089868b1bdf8261089002bf0de
:1043bc0051fb48460bb0bde8f08f4046012125f07b
:1043cc004ffe814648460bb0bde8f08f6ff00f09e9
:1043dc00594650462bf03efb3368002be2d0484642
:1043ec000bb0bde8f08f2146384626f083fc8146a1
:1043fc000028edd197e8030086e8030084e7224605
:10440c004146404616f012f9814600288cd0c4e78c
:10441c00404626f0c3fc814600288fd0bde72b68b0
:10442c001b6813f00109b8d0b8f80610d8f80000d2
:10443c002bf020fb002302220340c0431040184302
:10444c000138a8f8040021464246404601231df0dd
:10445c00b5f98146a1e7304626f0a0fc814600283c
:10446c003ff44eafb4e73846214626f043fc814674
:10447c0038b90599404615f05dfc814600283ff49b
:10448c004aaf594650462bf0e5fa8be76ff003091b
:10449c0098e76ff00f0980e76ff00f0992e700bf04
:020000040000fa
:020000040101f8
:1044ac002de9f0410446806c08b12af069fc606b80
:1044bc0008b129f033ffa36b13b1204616f002f9b3
:1044cc00a36c002b00f0a580636b002b7fd0a36b3b
:1044dc00002b00f08580a26c002a00f08b80606bb2
:1044ec00002800f08780702200212df041fda56b83
:1044fc004ff45072002128462df03afd05f523703b
:10450c002ef084fa744b2b6105f150002df050fb0a
:10451c0005f1f40020f0b4fb0023c5e97c3305f56c
:10452c0003702ef053fda06c2bf094fb204624f06e
:10453c0019fe054630bb23685a79012a25d0d3f8d9
:10454c006080b8f1000f33d098f80030002b00f0e9
:10455c009b8046464346002000e0384613f8012f66
:10456c00471c002af9d1023002212ef05bfa0028f8
:10457c0000f08f8098f80030032b00f097802ef01d
:10458c0057fa564d2846bde8f081a26b216cc2f853
:10459c007c121b79002b18bf022393710146204615
:1045ac002df0d2fe2368d3f86080b8f1000fcbd188
:1045bc00a26b596e916482f807801a68b2f1033fbe
:1045cc002dd0a36b00221a722846bde8f081702111
:1045dc0001202ef027faa36b6063002b7ff47bafd6
:1045ec004ff4507101202ef01dfa0346a0630028f1
:1045fc007ff471af184600262ef01afaa06ca66351
:10460c002ef016faa664606b354d2ef011fa666327
:10461c00b8e7b02101202ef005faa06454e79e6d96
:10462c00002eced03568002d3ed0334600214ff6fb
:10463c00fe72083d012d02d80231914234d853f854
:10464c00045f002df5d101292ed902310120a76b71
:10465c002ef0e8f9a16bf864ca6cd2b133684bb98f
:10466c000de0092b03d140f2034322f8023b56f82c
:10467c00043f23b1082bf4d140f20333f5e70020bb
:10468c00012310800b727de7022101202ef0caf964
:10469c0008b9134d76e70746a36b00223a80012236
:1046ac00da719864236888e70c4d6be708f1ff31e9
:1046bc003944831e4ff0170cb14223f802cf08d0b7
:1046cc0016f8012f032a7ff45aafb14223f802cf18
:1046dc00f6d100eb4707dfe7092b040180a1ffffb0
:0446ec000081ffff4b
:020000040000fa
:020000040101f8
:1046f00030b591ea030f00f18280841a71eb030c4c
:1047000005d2121953eb0c03001b71eb0c0140f2a4
:10471000000ccff6e07c1cea430f52d0bceb410ffb
:104720005fd90c0da4eb135e5ff0010c6cf31f510d
:104730006cf31f53def1200c2ad303fa0cf5401959
:1047400041f1000122fa0ef5401923fa0ef56941f4
:1047500012fa0cf2cd0208d349085fea30005fea92
:10476000320228bf42f001020134013c5fea500ce2
:1047700072f1004250f1000051eb04514ff400136c
:1047800013eb410f38bf30bd6ff31301002030bd74
:10479000bef1200ebef1200f1ed223fa0ef54019f5
:1047a00041f10001cef1200c124218bf012203faa0
:1047b0000cf52a43cee711ea5c0f04bf002000216c
:1047c00030bd1cea410f04bf01f00041002030bda4
:1047d00001f00041002030bd21f4801101eb0451b3
:1047e00030bd004218bf41f00101bceb410f08bfd2
:1047f00030bd4ff0fe4141f47801002030bd83f020
:104800000043841a71eb030e07d28ef0004e001b9a
:1048100071eb0e01121953eb0e0340f2000ccff6b0
:10482000e07c1cea430fc6d0bceb410f72d90c0de3
:10483000a4eb135ec90241ea5051c00241f00041ad
:10484000db0243ea5253d20243f00043def1200c74
:1048500041d312fa0cf522fa0ef203fa0cf542eaf1
:10486000050218bf42f0010223fa0ef3801a9941a3
:10487000e30ac4f30a0411f0404f03d418d0013cfa
:1048800040004941013c23d44205c00a40ea41505e
:10489000c90a51eac3715fea500c72f1004250f14b
:1048a000000051eb045130bd01002fd00020203c0e
:1048b0000029f9d0b1fa81fcdcf1200e11fa0cf1db
:1048c00030fa0ef510fa0cf02943a4eb0c04d9e7ea
:1048d0000020d90730bdaef1200ebef1200f0dd261
:1048e000cef1200c03fa0cf533fa0ef32a4318bf6d
:1048f00043f00103c01a61f10001b9e721f0004162
:10490000c00a40ea4150c90a01eb045130bd002001
:10491000002130bd004218bf41f00101bceb410f46
:0e4920007ff467afbceb430f3ff463af30bdd5
:020000040000fa
:020000040101f8
:02492e00fee7a2
:020000040000fa
:020000040101f8
:104930002de9f047054690b0eb69002003900f4643
:10494000164633b12a6a314638469847044600284d
:1049500069d103ab3246394605f1240029f05cfeeb
:10496000002855d003284cd004a8394624f01afe5c
:104970000446002857d10df11c08c14606e00b2b58
:1049800063d004a82cf0ccfe002875d1bdf8162009
:104990004ff6ff739a4208d0bdf81430172b51d050
:1049a0001b2becd10134e4b2ebe7d5f848a000238f
:1049b00089f80030baf1000f6dd04146daf80000f6
:1049c00029f0ccfe002861d0daf808301bb9daf8fb
:1049d0000c20002a52d0002c50d0012c76d0022c72
:1049e00013d1daf80c3083b15346324639462846a3
:1049f000fff7a6f848b133463a462846a02114f0fe
:104a000093fe039808b12cf0effe10b0bde8f087dc
:104a1000039824f0a9fd6b6c039932462846984709
:104a200004460028f1d0172cebd13378ff2be8d0c7
:104a300033463a462846842114f076fe039800282f
:104a4000e1d1e2e70234e4b29be7c1451abf2f236c
:104a500009f8013bc1464a440df13d039342d0d9c8
:104a6000494604a829f00efebdf816304ff6ff7235
:104a7000934278d0994484e70446d4e732463946d5
:104a8000daf80430daf810009847bee7daf814a034
:104a9000baf1000f91d12c6c34b133463a464146fd
:104aa0002846a0470028b0d1ac691cb952e0e468a0
:104ab000002c4fd04146206829f050fe0028f6d047
:104ac00032463946d4e9013098479ee7002b9cd006
:104ad00000230093324653463946284609f0b8fd74
:104ae000122888d801a353f820f000bf7d4a0101a5
:104af000f7490101f7490101474b0101f74901015c
:104b00000b4a0101f7490101f7490101f749010188
:104b1000f7490101f7490101f7490101f74901018d
:104b2000f7490101f7490101f7490101f74901017d
:104b3000f7490101394b010133463a46284688219d
:104b400014f0f2fd5de733463a4628468d2114f015
:104b5000ebfd56e7ab6b002b3ff467af32463946af
:0c4b6000e86b984751e700235b88ffdefc
:020000040000fa
:020000040101f8
:104b6c002de9f04788b001230024074602a8164619
:104b7c000294cde9033405930d4615f0dbf880461d
:104b8c00a8b1029820b1bdf80e1089002af062ff7e
:104b9c00049800220123cde9022320b1bdf81610a0
:104bac0089002af057ff404608b0bde8f08731462f
:104bbc0004a815f0bff880460028e2d1bdf80e60bd
:104bcc00002e00f0e180029c8446043c54f8041f43
:104bdc00002204e0202a00f1010000f0ba8021fa42
:104bec0002f313f0010302f10102f3d0bdf816c079
:104bfc00bcf1000f00f0c280ddf810800024a8f199
:104c0c000406a64656f8041f002303e0202b04f1eb
:104c1c00010475d021fa03f212f0010f03f1010324
:104c2c00f4d0002c71d0a04228bf2046824601232c
:104c3c00adf81430adf80c3001ae0025b94600bf0c
:104c4c004ff0011306a902a80195cde906630df0fa
:104c5c006ffe002800f08480bdf80e40d4b102989d
:104c6c000022a0f1040e17465ef8041f4ff0000c52
:104c7c0005e000bfbcf1200f02f1010251d021fa76
:104c8c000cf313f001030cf1010cf3d014b1214619
:104c9c0013f00cfebdf81640d4b104980022a0f11c
:104cac00040e17465ef8041f4ff0000c05e000bf21
:104cbc00bcf1200f02f101022ed021fa0cf313f0fb
:104ccc0001030cf1010cf3d014b1214613f0eefded
:104cdc0004a902a80df02cfe002827db02a904aac7
:104cec0008460ef061ff804600287ff44aafbdf8fd
:104cfc000e100029a4d00122029813f0d7fd9fe7d3
:104d0c000ef1010ee6457ff47dafd8f80030db07dd
:104d1c0034d54ff0000a8ae70137a742c2d11a46b0
:104d2c00d2e70137bc429fd11a46afe704a902aac9
:104d3c0008460ef039ff804600287ff422afbdf8fc
:104d4c00161000293ff47caf0122049813f0aefd3d
:104d5c0076e70cf1010cb4457ff438af184645e703
:104d6c00514604a81ef06efb804600287ff409af64
:104d7c0004a9484614f0deff804602e7294638466f
:0c4d8c0014f0d8ff8046fce630462fe70c
:020000040000fa
:020000040101f8
:104d98002de9f04f99b008ab0d460646174610f0be
:104da8009dfc05f1310424f0010418b32378c3f302
:104db8000113022b804629d0032b35d0012b05d0b7
:104dc8003b462a46022130461af046fd119c1cb18a
:104dd8009df83030ff2b05d04146304626f082f949
:104de800119c24b13a46294600231298a04719b0cd
:104df800bde8f08f23789b06f9d43b462a46304617
:104e080003211af029fd19b0bde8f08f6378dbb9ea
:104e18009df855309a0744d4119b002be7d14146a1
:104e2800304626f05ff9e2e76478002cdfd10146ce
:104e3800304626f057f9119d002dd8d00b23224675
:104e480021461298a847d2e73f2bd0d901462846d9
:104e580026f0b0f90028cad0179b73b305a82946d5
:104e680024f09cfb82460028c1d183464ff6ff7987
:104e78000ae01b2b0bf1010301d15ffa83fb05a8a4
:104e88002cf04afc0028b2d1bdf81a304b4518d096
:104e9800bdf81830172becd10bf1020b5ffa8bfb26
:104ea800ede743f001038df855304189403908aaf0
:104eb80089b2402320f050faaee7169b002bcdd1e3
:104ec8008ae7bbf1030f61d801a353f82bf000bfa9
:104ed800e14d0101654f01012b4f0101e94e01012f
:104ee80094f90130002b0edb169b63b101220023dd
:104ef80008a9cde9013200913b462a464146304691
:104f080008f0e6fd82464146304626f0ebf8119c53
:104f1800002c3ff46caf53463a4629461298a047f6
:104f280065e794f90130002beddb169b002bead0e6
:104f3800002308aa0092cde901332a463b464146a0
:104f4800304608f0c5fd94f90130002b8246dadbc3
:104f5800169b002bd7d00028d5d148e763785f2b64
:104f6800d1d1179b002bced008ab00932a463b46e5
:104f78004146304606f03aff63785f2b8246c2d13d
:104f8800179b002bbfd00028bdd130e741463046e3
:104f980026f0a8f8119c002c3ff429af3a46294680
:084fa8000b231298a04722e739
:020000040000fa
:020000040101f8
:104fb000556e6b6e6f776e4572726f725479706555
:104fc000000000004f4b00004661696c6564000002
:104fd00044726f70000000004e6f427566730000ef
:104fe0004e6f526f75746500427573790000000052
:104ff0005061727365000000496e76616c696441ae
:1050000072677300536563757269747900000000fc
:1050100041646472657373517565727900000000b4
:105020004e6f4164647265737300000041626f7279
:10503000740000004e6f74496d706c656d656e7420
:1050400065640000496e76616c69645374617465cf
:10505000000000004e6f41636b0000004368616e0a
:105060006e656c4163636573734661696c757265e7
:10507000000000004465746163686564000000001e
:1050800046637345727200004e6f4672616d6552e1
:105090006563656976656400556e6b6e6f776e4efd
:1050a00065696768626f7200496e76616c69645306
:1050b0006f7572636541646472657373000000000c
:1050c0004164647265737346696c746572656400eb
:1050d00044657374696e6174696f6e41646472656e
:1050e000737346696c746572656400004e6f744634
:1050f0006f756e6400000000416c72656164790038
:1051000052657365727665644572726f72323500ee
:105110004970763641646472657373437265617475
:10512000696f6e4661696c75726500004e6f7443fd
:10513000617061626c650000526573706f6e7365bb
:1051400054696d656f7574004475706c6963617442
:10515000656400005265617373656d626c795469b2
:105160006d656f75740000004e6f74546d660000bd
:105170004e6f6e4c6f7770616e4461746146726100
:105180006d65000052657365727665644572726f75
:10519000723333004c696e6b4d617267696e4c6f90
:1051a00077000000496e76616c6964436f6d6d61d4
:1051b0006e64000050656e64696e670052656a65d2
:0851c00063746564000000bf88
:020000040000fa
:020000040101f8
:1051c8002de9f041054608688eb02c300c462af0cf
:1051d800b3fa0df1120206460021206829f084fa7c
:1051e80010b10eb0bde8f08104aa1221206829f0a0
:1051f8007bfa0028f5d1bdf81030012bf1d905f163
:105208008c01206828f00ef80028ead1606809a906
:1052180018302bf0fdfe6b78022b00f0b78007af3b
:105228003946206826f09efa0028dad10df10b02e3
:105238001021206829f046fa0028d2d13146654865
:105248002cf050fb0bab80460c220f2120689df8f8
:105258000b602cf075fa0028c3d19df82d30092b6e
:1052680001d8072bbdd103a9206828f08dfe28b1ed
:105278001728b6d14ff6ff73adf80c30012323750c
:1052880095f8b230464503f00f0328bf4646032b76
:10529800f6b208d109a9082205f194002bf04afcbe
:1052a800002840f0818006aa05a9206826f040fa67
:1052b800002896d105f1c902032120682af09cfa3a
:1052c80000288ed105f1940822464146284626f04a
:1052d800e1f9bdf81230a5f8b030059905f1a00044
:1052e8002df018ffdde9051295f8b230bdf8100071
:1052f800c5f8a42043f0f003c5f8a81085f8b2302b
:10530800a5f8b4009df80b002bf074f995f8c5309a
:1053180060f3830385f8c5304046032125f00cfc73
:10532800e168bdf80c209df83230c5f8ac10a5f83e
:10533800c72085f8c6300ba82df05efd9df82d30ee
:105348009df82f10bdf8302085f8d200092b85f87c
:10535800d310a5f8d42037d9bdf835309df83720bb
:105368005bbaa5f8d6309df8343085f8d82097e890
:105378000300012b05f1dc028cbf0023012382e826
:10538800030085f8d96085f8e4302ae7082209a9de
:1053980005f140002bf0cefb00287ff440af2b78be
:1053a80043f008032b703ae7bdf81030bdf812102f
:1053b80003aacde9003228460bab324603f070f859
:1053c80000287ff470af0ce74ff4a063a5f8d6303f
:0853d8000122c8e7e4cf002028
:020000040000fa
:020000040101f8
:1053e00080b584b000af774b1b68002b0bd1bb1c82
:1053f000012118460af072f8734b01229a700120bd
:105400002af0fafddbe06f4b1b681b68fb606f4bfb
:105410005b7f002b08d007228021062029f04cf862
:105420000346002b00f0c88008f0f8f8684b5b7b5f
:10543000002b03d1664b1b7b002b2bd0644b5b7a7c
:10544000002b27d0634962482df03cfe0346002b19
:105450001ad05f4b1b7b83f00103dbb2002b06d01d
:105460000123052220212e2026f08efd12e0564b2e
:1054700093f82130002b03d0574b01221a7009e01a
:10548000554b00221a7005e00023052220212e2012
:1054900026f07afd23f022f850482df0e9fe03466d
:1054a000fb72494afb7ad37007202df0d5fb0346e7
:1054b0001a46454b1a764a482df0dafe03461a463c
:1054c000414b5a7697f90b30002b77dbfb7a03338d
:1054d000bb72bb7ac3f18c03fa6813447b60fb7a1e
:1054e0000333dbb21946786809f0f8fffb687a6885
:1054f0005a603c4b1b78002b10d0354b5b7a002b4d
:105500000cd03949f868f9f7abff374b5b68002bd3
:1055100004d000220021344814f0b6f82e4b1b783a
:10552000002b13d02a4b5b7a002b0fd02f49f86841
:1055300016f00afb2d4b5b68002b04d000220021e3
:105540002a4814f0a1f8244b00221a70204b9b7ab1
:10555000002b09d01e4bdb7a002b05d01a4b012201
:1055600083f8202028f0caf8174b01229a70154bb7
:105570001b6819461e4827f083fb8c2023f078f81f
:105580000246104b1a601b4b1b7bfb70194afb78c1
:1055900003f07f03dbb2137302202df003f8154be9
:1055a0001b7bfb70134afb7863f07f03dbb2137342
:1055b00001202af021fd02e000bf00e000bf10370b
:1055c000bd4680bdac000120641100209211002076
:1055d00060ff002068ff0020f000012080020141f0
:1055e00081020141ef000120c0110020b81100200c
:0855f0004411002000000141fc
:020000040000fa
:020000040101f8
:1055f800f0b581ea030e0ef0004e40f20007cff638
:10560800e07717ea41051ebf95ea070f17ea43043a
:1056180094ea070f00f0c5806d0da5eb545707f508
:1056280080674ff0004646eac12444ea5054c0025d
:1056380046eac32343ea5253d202801a9c4104d259
:105648000018644180185c41013f5b084fea320250
:105658000025002140f001004ff0070604e0801a01
:105668009c4136d340416441801a9c4136d3404125
:105678006441801a9c4136d340416441801a9c4160
:1056880036d340416441801a9c4136d3404164413d
:10569800013e17d0801a9c4136d340416441801a9c
:1056a8009c4136d340416441801a9c4136d34041e5
:1056b8006441090201eb156190ea052520f0ff001d
:1056c8004540cce7801a9c4156d335e080185c41b0
:1056d800c8d20018644180185c41c8d200186441df
:1056e80080185c41c8d20018644180185c41c8d257
:1056f8000018644180185c41c8d200186441013e1a
:1057080017d080185c41c8d20018644180185c41e9
:10571800c8d20018644180185c41c8d2001864419e
:10572800090201eb156190ea052520f0ff004540cc
:10573800cce780185c411fd3420918bf44f001042c
:10574800490101ebd56100f01f0000eb451021f481
:10575800801141ea0e01013041f10001244208bfe5
:1057680020f00100b7f5006f3eda013f49dd01eb9b
:105778000751bde8f0407047490101ebd56100f0e1
:105788001f0000eb451021f4801141ea0e01b7f526
:10579800006f29da013f34dd01eb0751bde8f04025
:1057a8007047004218bf41f00101124218bf43f090
:1057b8000103b7eb410f2cbfb7eb430f1ce0b7eb6e
:1057c800410f04bfb7eb430f16e017ea410f04bfc0
:1057d80017ea430f10e017ea410f12d017ea430ff8
:1057e80002d0b7eb430f0cd04ef0fe4141f47001ec
:1057f8000020bde8f04070474ff0fe4141f47801c9
:06580800f6e77146f4e72b
:020000040000fa
:020000040101f8
:02580e007047e1
:020000040000fa
:020000040101f8
:10581000f0b50368cd1a002d83b040f3f6801d78f3
:10582000172d00f0d180182d40f0ed8004260133b3
:105830001446036001aa05461cf084fc002840f0d1
:10584000b380019a06f10a01914200f0c18006f18d
:105850000b039a4240f0b6802b681a4412f8011ce0
:105860005a2940f0af802a6019785a7830390929ce
:10587000a2f1300200f2b380092a00f2b08001ebfd
:10588000810102eb4102042e226079d0312a40f2dc
:105890006c7c98bf4ff4fa6c9444c4f800c09a78ba
:1058a000d978303a092aa1f1300100f2a5800929fe
:1058b00000f2a28002eb820201eb42010a46626022
:1058c0001d795a79303d092da2f1300200f29880fd
:1058d000092a00f2958005eb850502eb4502a260de
:1058e0009e79dd79303e092ea5f130057ed8092d4f
:1058f0007cd806eb860605eb4605e5601f7a5e7ae6
:10590000303f092fa6f1300673d8092e71d807eb66
:10591000870706eb470626619f7a93f80be0a7f10d
:105920003003092baef130075dd8092f5bd803ebac
:10593000830307eb43030c29636143d8012404fa72
:1059400001f141f2aa54214232d111f4256f3dd127
:10595000490737d51cf0030f3dd12d49a1fb0c4160
:105960004c09642707fb14c4bcbbc9094ff4c874b5
:1059700004fb11ccbcf1000f0cbf1d211c2118e051
:105980009978dd7830394ff0640c0929a5f130059c
:1059900003f102030cfb02fc21d8092d1fd801ebf7
:1059a000810105eb410277e7a0f5105003b0f0bd8f
:1059b0001f21013a8a4205d2172d03d83b2e01d868
:1059c0003b2bf3d91348f1e7022630e71e21f0e71d
:1059d0002b685a1847e71c21ebe71d21e9e74ff038
:1059e000ff332360eee74ff0ff33a4e74ff0ff35be
:1059f00083e74ff0ff368ee74ff0ff310a465ee750
:105a00004ff0ff326be70448d0e70448cee700bf11
:105a10001f85eb5100dcffff9edbffffa0dbffffdc
:020000040000fa
:020000040101f8
:105a20002de9f04f8846416f8bb09a4611f0100374
:105a300006460393dde9140440f0f180b36a914611
:105a4000002b40f0e680814500f2e980c4f8009028
:105a50000df1180b5746b9f1000f1fd0f36a746ba4
:105a600003f00f0acaf110054d4528bf4d4624f03a
:105a700002042b44012cf36218d0002c4fd0aa440e
:105a8000baf1100f00f09c80f26a336a9a4200f07b
:105a90009780b9eb0509a8442f44dfd1584610215f
:105aa0002cf064f803980bb0bde8f08f032d06ebe3
:105ab0000a0440f2ab800423a4f1040c00e0034686
:105ac00008eb03015cf8030051f8042c4240181d58
:105ad000a8424cf80320f2d9ab4209d223442c440b
:105ae0001a7811f8010b424003f8012b9c42f7d1c0
:105af0000aeb0503102b7cd0f26a336a9a4278d005
:105b0000009743462a465146304611f08dfe002844
:105b100040f08980746b24f00204002cafd1cdf8e2
:105b200000b043462a465146304611f07dfe00281b
:105b300079d1032d06eb0a000ed9dc460424011f9f
:105b400000e014465cf8042b0b595340221d95428b
:105b50000b51f6d2a5420ad903195c4428441a789d
:105b600014f8011b4a4003f8012b9842f7d12a464a
:105b7000594638462af0f0ff0aeb0502102a15d0e4
:105b8000f26a336a9a4284d105ab009310223346fd
:105b9000314606f1380013f097fb00283ff474af4c
:105ba000736f039043f01003736777e705ab0093bf
:105bb0003146334606f1380013f086fb0028efd15a
:105bc000316b00293ff465aff37f0133dbb2f3772c
:105bd0003bb15ee7027c0132d2b20274002a7ff44c
:105be00058af0133dbb2c3f10f008b423044f1d325
:105bf0004fe705ab009310223346314606f13800db
:105c000013f062fb00283ff47bafc9e70023414655
:105c100064e7f36a326a4b4493427ff614af6ff045
:0c5c20000c0303933ee7039038e700bf3d
:020000040000fa
:020000040101f8
:105c2c002de9f0410c46074611462046904605f0fa
:105c3c0021fe054610b12846bde8f081bb6c002b57
:105c4c007ed0b4f90430002bc0f2d68020462df063
:105c5c0059f9fb6bb0eb430f00f2d580bb6c2046bf
:105c6c00984705460028e6d13e1d0ae026f014ffb1
:105c7c003246214688b120462df048f905460028c9
:105c8c00d9d1b4f9043000218b422046eedb04e07c
:105c9c000df08aff05460028cdd1314620460cf088
:105cac0047fe0028324621462046f1dafb68002bdd
:105cbc0053d007f10c02214620462df027f905465a
:105ccc0028b1b8e70df070ff05460028b3d1314676
:105cdc0020460cf02dfe0028324621462046f1daf3
:105cec0042462146204605f0c5fd05460028a2d1b6
:105cfc00bb6c002b77d0b4f90430002bc0f285803c
:105d0c0020462df0fff8fb6bb0eb430f7bd8bb6c40
:105d1c0020469847054660b18de726f0bdfe324619
:105d2c00214600283cd020462df0f0f805460028ee
:105d3c0081d1b4f9043000218b422046eddb2fe0f9
:105d4c003e1d32462146204614f070fc05460028c4
:105d5c007ff471affb68002babd1032221462046a8
:105d6c0025f006ff054668b165e726f095fe32463c
:105d7c0021460028b4d020462df0c8f8054600284e
:105d8c007ff459afb4f9043000218b422046ecdb90
:105d9c00a6e700bf0df008ff054600287ff44bafc7
:105dac00314620460cf0c4fd0028324621462046e0
:105dbc00f0da07f11402214620462df0a7f805462b
:105dcc0000287ff438af314620460cf0b1fd002896
:105ddc00324621462046fff62eaf0df0e5fe002898
:105dec00f1d0054627e732462146204614f01efc2a
:105dfc0005460028ddd01ee70146204626f04cfe65
:105e0c0000283ff423af054d15e70146204626f048
:105e1c0043fe00283ff474aff5e700bf80b0ffffee
:020000040000fa
:020000040101f8
:105e2c0038b504460023c0e90133c36004f1110501
:105e3c0010302af0fbff28461df070fc214604f1bf
:105e4c00140026f0c7ff214604f128002af05eff5b
:105e5c00214604f144002af0eff9214604f15600e2
:105e6c002cf084ff214604f15c0021f035ff214623
:105e7c0004f596702bf010fe214604f5ec7029f019
:105e8c0069fc214604f5187023f01afe214604f52e
:105e9c00587028f053f9214604f57d701df0f6fd7d
:105eac00214604f2944016f0c7f9214604f5a76088
:105ebc0029f080fd214604f67c0027f0d7ff21460f
:105ecc0004f6c80024f076fc214604f6f40020f019
:105edc0045ff214604f62c1022f0c4fd214604f6a1
:105eec00341026f0c1fa002384f85a39214604f6fe
:105efc005c1018f06ffc214604f51e602df030f993
:105f0c00214604f6e4100bf0fbfe214604f6984003
:105f1c0020f0c4fa214604f6085003f09fff2146f6
:105f2c0004f6287023f08eff214604f698702df0ad
:105f3c0019f904f6a2724ff47e43c4f89c2fa4f80e
:105f4c00a03f214604f5855029f004fd04f58d5041
:105f5c002146083026f060fb04f58e5021460930ae
:105f6c002bf0c2fd214604f594502bf0dff804f51c
:105f7c00c550214618302cf057fb04f5c65021466d
:105f8c0018302cf0d1f9214604f5c75027f0a0f9b0
:105f9c0004f5c9502146083028f086fe04f5c95096
:105fac0021461c302bf028fd04f5ca502146183030
:105fbc0029f090fc04f5cb5021461c3028f0c0fd94
:105fcc0004f5cd5021460c302cf044ff04f5cd5097
:105fdc00214614301bf05efd0122214604f5d250ff
:105fec0020f048f804f501502146383021f0c8ff64
:105ffc0004f503502146203024f00cfe42f2241309
:10600c000022e2542cf048f842f22813e0502046cb
:0c601c0038bd284628f0e4fb2cf02afeda
:020000040000fa
:020000040101f8
:106028002de9f74f0123002519288df8065006465b
:106038008b468df80730744c7fd1744b65711d68a1
:1060480080465846a847002809bf01234ff0010a97
:106058004ff0000a8df806302cf036fe0f286070dd
:1060680040f08e800023237118f00efe01230222d7
:1060780004210d2025f052ff01230722802104204e
:1060880025f04cff2cf020fe6070614bdff8889102
:106098001b7803f01f03082b1cbf082389f8003066
:1060a8002cf012fe0828607079d1092389f8003095
:1060b800fa2701202cf072fa554b1b7803f01f03c6
:1060c80063701cf09ff863788df80700082b04d0e4
:1060d8009df80730002b00f093809df8063043b1ff
:1060e8005846a847002867d000238df806304ff09f
:1060f800010a474b1b7803f01f03082b08bf09232d
:1061080007f1ff3708bf89f8003017f0ff07d0d133
:10611800baf1000f0ad003233d4a89f800306378aa
:10612800082b4bd10ef0cefdf4f720fe394a01239f
:106138001370a37107f0010050e0092805d103236b
:106148006371324b80465d687be7062813d10223d2
:10615800012a637103d12d4b80465d6871e7022add
:1061680003d12a4b80469d686be7032a06d1274b4b
:1061780080461d6865e74ff0160862e7804660e7cd
:10618800202882d118f080fd214a1378dbb2082b31
:10619800fbd1637010f06efa10f00efa75e7032366
:1061a8001b4a89f800306378082b3ff47eaf1378d8
:1061b80003f01f036370f6e782469ae7137803f04b
:1061c8001f036370abe72cf07ffd00f01f00082869
:1061d80007d1104a01231370a371002003b0bde852
:1061e800f08ff3b289f800302cf06efd00f01f003c
:1061f8008045e8d1074a00231370a371012799e766
:10620800092ef7d0f0e700bf6411002054110020d8
:0c62180001000141611100200200014161
:020000040000fa
:020000040101f8
:1062240070b591f8783082b00c460546002b58d1f1
:1062340094f87930002b63d194f87e30002b70d120
:1062440094f8803053bb94f88430002b37d194f801
:106254008330002b71d194f87c30002b7ed194f8dc
:106264007d30002b40f0888094f87a30002b40f089
:10627400a78094f87b30002b40f0ad8094f87f30f9
:10628400002b40f0b88094f88130002b7fd194f833
:106294008200002840f0868002b070bd6846b4f8e1
:1062a4005a102cf039fb6a4603230021284619f0c2
:1062b40095fc0028f0d194f88430002bc7d06846b0
:1062c400b4f85c102cf028fb6a4603234a212846c4
:1062d40019f084fc0028dfd194f88330002bbad065
:1062e4002be0684628f06afb6a4608230e212846fc
:1062f40019f074fc0028cfd194f87930002b9bd08e
:10630400684604f1100128f059fb6a46082333213a
:10631400284619f063fc0028bed194f87e30002b87
:106324008ed0626d042316ba34216a46284600963c
:1063340019f054fc002883d0aee76846616f1af068
:1063440009fb6a469df806303521284619f046fcbb
:106354000028a1d194f87c30002b80d0082304f1cc
:1063640041020221284619f039fc002894d194f8fe
:106374007d30002b3ff478af082304f14902072154
:10638400284619f02bfc00283ff46eaf84e7102355
:1063940004f15e020421284619f020fc00283ff491
:1063a40076af79e704f16e01684640f20c43adf82c
:1063b40000302bf0b7fa6946284629f0eff86be76e
:1063c400102304f120020521284619f007fc0028b7
:1063d4003ff44faf60e704f1300168462af002fe53
:1063e4009df80430009a0321284619f0f7fb002891
:1063f4003ff444af50e7b4f85860022376ba6a46d3
:1064040001212846adf8006019f0e8fb00283ff4ac
:046414003aaf41e773
:020000040000fa
:020000040101f8
:1064180080b582b000af40202cf026fc0346fb710b
:106428000f202cf021fc0346bb71fb7903f001031c
:10643800dbb2002b02d0012001f054fffb7903f0fe
:106448000203dbb2002b02d0022001f04bfffb79e4
:1064580003f00403dbb2002b06d00ef033fcf4f794
:1064680085fc032001f03efffb7903f00803dbb253
:10647800002b02d0042001f035fffb7903f0200344
:10648800dbb2002b02d0062001f02cffbb7903f011
:106498000403002b0cd0554b1b78002b03d0544b16
:1064a8005b6801209847534b01221a7028f078fd49
:1064b800bb7903f00803002b41d04f4b00221a7020
:1064c8004e4b00229a714d4b1b78dbb2012b2dd11c
:1064d8000522e021022027f0ffff03461a46474b1a
:1064e800da74464b1b7f002b09d0444b0b221a70e1
:1064f800424b01229a70012029f07afd1fe03f4ba0
:106508005b7f002b0ad00ef0ddfbf4f72ffc3b4b32
:1065180002221a70012029f06bfd10e00ef0d2fb68
:10652800f4f724fc012029f063fd08e00ef0cafb13
:10653800f4f71cfc2f4b00221a70fef74dffbb79b5
:1065480003f01003002b23d02c4b00229a712b4b05
:106558001b78dbb2042b09d10ef0b4fbf4f706fc70
:10656800254b00221a7022f05fff11e0234b1b78a5
:10657800dbb2082b09d10ef0a5fbf4f7f7fb1e4b95
:1065880000221a702bf020f802e01c4b01221a712d
:10659800bb7903f02003002b01d02bf0a5fcbb79bd
:1065a80003f00303002b01d02bf09efcfb7903f0d2
:1065b8001003002b16d00f4b1b78dbb2002b11d029
:1065c8000e4b1b78dbb2002b0cd10ef07bfbf4f7e3
:1065d800cdfb084b00221a70084b01229a7001204b
:1065e80029f006fd00bf0837bd4680bd8c1100208c
:1065f80054110020fc0001206111002064110020ca
:020000040000fa
:020000040101f8
:106608002de9f041d0e93153162b044688462e78ff
:10661800d0f8cc0017461dd0142b40f09c80a26bfc
:10662800002a00f09880216891f805c0bcf1010f9c
:1066380000f08d80b0f5617f00f28d80162b00f0a0
:106648008c804b79012b5bd039462046bde8f04160
:1066580001f06abd002ee2d121684a79012a02d1ef
:10666800a26b002a73d1b0f5617f74d8021f130c96
:106678006b70d4f8c430110a9970d4f8c430da7049
:1066880023685b79012bdfd1d4f8cc30c3f5617373
:10669800072b40f29d80d4f8c400011d0c3021f076
:1066a8007fffd4f8cc300833c4f8cc30002e79d032
:1066b800a36bd4f8c420b3f860325bba9380a16ba3
:1066c800d4f8c420d1f860320133c1f86032002315
:1066d800d3801372d4f8c4301a4632f8011f927866
:1066e800da72a3f80910b8f1000f4bd123685b796f
:1066f800012ba9d1d4f8c830162b01d1002ea3d074
:10670800102101202cf090f9054600285ed0d4f81d
:10671800cc1001202cf088f9286000285ad0d4f831
:10672800cc20d4f8c4102af013fad4e932232a7200
:10673800a26b6b60d2f86c320021e9600bb92ce0d7
:106748000346d8680028fbd1dd60bde8f081927966
:10675800012a7ff46faf2248f7e7021f130c6b7012
:10676800d4f8c430110a9970d4f8c430da702368a8
:106778005b79012b88d0002e3ff466afb8f1000f8b
:106788003ff462afa36bd4f8cc201b69d4f8c410d3
:10679800204698470028a9d0d7e7c2f86c52184677
:1067a800bde8f081d4f8c4301e71d4f8c4305e71ed
:1067b800d4f8c430de801e72d4f8c4301a4632f8d9
:1067c800011f9278da72a3f809108fe70548bce731
:1067d8000548bae728462cf02df90248b5e700bf6e
:0c67e8000094ffff0081ffff008fffff07
:020000040000fa
:020000040101f8
:1067f400f0b502788c898bb000232825042acde9d2
:106804000733adf80e4009938df81e5004d80123c8
:10681400934013f0130f0cd10e46054607aa2146e8
:106824000c2330462af0b2fa18b99df81e30da0962
:1068340001d10bb0f0bdc3f3c303052bf9d1bdf8ef
:106844001c30aa885bba9bb29a1a1104f1d46a88e4
:106854009a1a1204edd501335a48ab8090f80b3dd7
:106864001b077ad59df81f00002700f00f0085f85c
:10687400a2702bf0e5fc0446002842d1bdf820307c
:10688400bdf80e205bba0c329bb2adf80e2083b17a
:10689400012bced10df10e01304624f02dfe00283f
:1068a400c7d1bdf80e30728904339342c1d8adf814
:1068b4000e30bdf82440bdf82220bdf8263064ba5d
:1068c40052ba14445bba1c44a4b2002c4ad004aaa1
:1068d4000df10e013046bdf80e7024f087f8013c2e
:1068e400a4b20028a5d1bdf81030b3f5245fecd1d3
:1068f4003a4604ab3146284617f0eefa0028e4d0b5
:1069040097e795f87a30304a304831496e6e012b5a
:10691400ab6808bf85f87a70a2fb0323db082a78ea
:1069240003eb0313834288bf0b46052aab601cbfed
:1069340005232b703eb1ab6e0093ea6f002305f183
:1069440070012046b0471d2c02d0082c7ff471af93
:10695400284601210cf0a4fa6be700f6e84027f082
:1069640085f97fe76b69f02b1fd8ea684ff47a71d9
:1069740001fb03f302eb5302ea60eb6f4bb1da7de8
:1069840002f0fd02012a04bfea689a61db69002b68
:10699400f5d101220f49284612f064fa284613f073
:1069a40035fc28460df0dcf943e7783b4ff47a7068
:1069b40000fb03f043f6982124f032fceb68034417
:1069c400eb60dae700c60020cdcccccc7fee3600fd
:0869d40080ee3600e8fd02012f
:020000040000fa
:020000040101f8
:1069dc002de9f0434378012b83b0044608d0022bf9
:1069ec00694d7ed0284603b0bde8f04301f000b9f4
:1069fc00022300f1c808437004f5e47640460f46c4
:106a0c002cf082f830462cf0ddfa04f51c7028f0de
:106a1c00a1fd2278c2f34002002a71d1002387f035
:106a2c000101304613f09afe0546002856d1237812
:106a3c00190704d5a378023b012b40f29980002161
:106a4c0030462cf0b3fb00225049514d30462cf00f
:106a5c009dfaa1784ff00333c4f8c83105ebc1019e
:106a6c0030462cf0a5fba378002b51d02246494987
:106a7c0040462cf09ffa4ef660224ff4fa51304605
:106a8c002cf080fa2246444930462cf083fa17b990
:106a9c0023789a074fd43146404612f04ffd0546f5
:106aac00e0b900903d4b3e4a214640462bf020f980
:106abc0023789b0761d4a378abb320461bf0b6fdbb
:106acc00054663785db9032b18bf0323e560e570b9
:106adc0018bf6370204605f0d7fc83e76378022b60
:106aec0080d1e3880bb12389b3b3012320466370b3
:106afc0025f08afc284603b0bde8f04301f078b8d5
:106b0c0004f517702bf09af82278c2f3400285e74f
:106b1c0005f1200130462cf049fa05f124013046ec
:106b2c002cf040faa2e74046627904f1700123f0a0
:106b3c00b5fa0546c5e704f517793a4648461349b0
:106b4c001ef078ff05460028c8d14b46154a164959
:106b5c0030462cf0c3f99ee7204621f063ffd4f8b1
:106b6c00a430002b3ff43eafd4f8a800984739e787
:106b7c00022130462cf01afb65e70c4b0c4a2146df
:106b8c0040462bf0bff896e70098ffff0521040163
:106b9c000c6e0301b52104011dd003013931040130
:106bac003531040101020301354d0301e5c3030135
:046bbc003d31040162
:020000040000fa
:020000040101f8
:106bc000f8b54ff082431b4a9b691b0f17bf9368b0
:106bd000194b23f47f4343f4a43393604478032395
:106be000b4fbf3f303eb4302a41a14f0ff041ed129
:106bf000deb205462746b7420ed14ff082439b696d
:106c00001b0f07d019201ef0b7fa20f050011920f1
:106c10001ef0cefa2046f8bd2979eb78a87803eb70
:106c2000012101371ef0c4faffb20335e3e7012466
:106c3000f0e700bf003e01448848090030b54278c3
:106c4000034612f0030010d192080233014691422c
:106c500000d130bd5d8833f8044b04f1824404f563
:106c6000b03401312580c9b2f1e70120f1e72de907
:106c7000f04142780323b2fbf3f303eb4301521ad2
:106c800012f0ff0621d1dff84880dfb20446354616
:106c9000bd4202d13046bde8f0812379e178a07889
:106ca00001eb032189b206f00df9a178082906d17c
:106cb000e37888f800300135edb20334e8e7512974
:106cc00004bfe37888f80130f5e70126e2e700bf6a
:106cd0009a01012050f8022f024b1a6002791a71b2
:106ce000704700bfd911002008b5182200212bf0f1
:106cf00045f901461020f3f7afffb0fa80f04009e4
:106d000008bd034b1a785b7802700b700120704746
:106d10009a010120114b1a68114bd96821f0f851e2
:106d2000d960d968c2f3035212061143d9601969b8
:106d300021f0f8511961196911431961596921f05c
:106d4000f8515961596911435961996921f0f85114
:106d5000996199690a439a61704700bf0003004432
:106d6000003e01444ff088410c480a6812f48062ea
:106d70001cbf4ff480634b60094b1968c369c1f3b2
:106d8000035123f0f85343ea0163c36122b14ff08a
:106d900088434ff480629a60704700bf003e014410
:046da00000030044a8
:020000040000fa
:020000040101f8
:106da400f8b54ff088440025664a674bc4f8b050e4
:106db400c4f8b020c4f8b03007460e4622f0d6fa24
:106dc400236862496248dff8a8e1dff8b0c123f420
:106dd400805323606ff480324ff0ff33c4f8c8202f
:106de400c4f8d8304ff6ff724ff48013c4f8e8208b
:106df40063618d60574903880580574b8ef80050b6
:106e040008208cf8005047f6f37560608a618d6540
:106e1400886643f6965529219a619d659966236c87
:106e240003f44053b3f5005f7ed0236c4b4d23f441
:106e3400784343f470434ff4004223642a6027b933
:106e4400474a136e23f440731366464a464913684f
:106e540023f0010313604b68580144bf4ff00073e3
:106e64004b60424b0222c3f88021c3f88020bff359
:106e74004f8fbff36f8f3e4a137843f001031370b3
:106e84005368d907fcd44ff0884308220721596678
:106e94005a661a6812f4404f03d01a6822f440422a
:106ea4001a604ff088434ff080614ff00072996090
:106eb4009a601bf077f956b300212e482bf08efe12
:106ec4004ff480702bf084fe2b684ff4fa7000218d
:106ed4004ff47a72e3fb0601002325f089fe044691
:106ee40027f034fac3439c4288bf013420442bf07a
:106ef400d7fa4ff480702bf065fe1f4b1b889b075d
:106f040017d5bff34f8f30bfbff36f8ff8bd304637
:106f14002bf0c6fa4ff480702bf05afebff34f8f5c
:106f240030bfbff36f8ff8bd0c4d4ff400432b609f
:106f340085e72af0affabff34f8f30bfbff36f8fef
:106f4400f8bd00bf556699aaaa996655002000416c
:106f540000400041002a0044002b0044340001207a
:106f6400003e014410e000e000ed00e000e100e03c
:106f740000080040553204010000014200040040b2
:020000040000fa
:020000040101f8
:106f84002de9f041836b9a79012a044640f0bd80d3
:106f9400d3f87052002d76d02a7a94f8ac70162a61
:106fa40000f091804ff0000820461ff085fb061e7c
:106fb40074db2b7a142b00f093800b2e71dd6a683e
:106fc4000c2ea2f10c0201d1002a6ad12b68a16b0c
:106fd400d4f8c400d3f800c0d1f87412c0f800c0cb
:106fe400b3f804c0a0f804c00c33d4f8c400cb1a1e
:106ff4004fea134c80f806c0d4f8c4004fea132caf
:1070040080f807c0d4f8c400a6f10c0cd61a037299
:10701400664528bf6646d4f8c430320c5a72d4f898
:10702400c430320a9a72d4f8c430de72d4f8c40080
:1070340032460c3029f08efda16b6a68d1f87432a7
:1070440006f10c00c4f8cc001e442b7ac4f8c830f6
:10705400c1f874622b6813449e4208d3eb68002b7a
:107064006bd01a68c1f870320c32c1f87422a7f1df
:107074000101b1fa81f14909204601f057f80646a9
:1070840060b9a36b84e720461af092ff064628b93c
:107094006268a36b1a2a53dd03229a713046bde855
:1070a400f081b8f1000f05d020461ff0dffa064644
:1070b4000028f3d120461af07bff06460028e0d0d2
:1070c4003046bde8f0812a68117814297ff46aaf4c
:1070d400d3f874320c32934228d04ff0010863e79e
:1070e400002ee7d0d5e90012d4f8c40029f032fd0f
:1070f400a16b6a68d1f87462c4f8cc202b7ac4f806
:10710400c8301644c1f87462a4e7d3f86c22c3f8fb
:10711400702212680c32c3f874221ff0a7fa0646d4
:107124000028bbd1a36b01229a7131e720461ff0de
:107134009dfa06460028d0d0b0e7c1e99c3396e713
:1071440002229a71256d002da8d0d3f86822e06c34
:087154009108a847a2e700bf63
:020000040000fa
:020000040101f8
:10715c002de9f04fb2f5c07fadf5417d00f2da803c
:10716c0093460c464ff4d0720021814658a82af061
:10717c00fffe4fea0b235ead03f47f03214643ea87
:10718c000b63202428465a465c938df8774129f0ee
:10719c00ddfc802305f80b300df10701002300bf47
:1071ac0001f8013f0133102bfad112a82bf08efc01
:1071bc0012a802a9802200f03bfc8046002840f077
:1071cc00a5800bf1190b06ac0df1280a0027cde9af
:1071dc00077709975cad5e4600e02768a3680193ca
:1071ec0055f8103c616855f80c2c55f8080c5f40ac
:1071fc00019b27605140584055f8042ce3686160ae
:10720c0082ea0307a06023462246012112a8e76008
:10721c0027f048f8102e94bfb61b103e002857d10b
:10722c001035002ed9d194e80f009df863610aeb5c
:10723c00080508f110080136b8f1200f8df86361cc
:10724c0085e80f00c2d18022514612a800f0f0fb55
:10725c00804600283dd10eab1a46012112a827f01a
:10726c0021f88046a8bb0ead0fcdc9f808200eaa98
:10727c00c9f80000c9f80410c9f80c3001211346f4
:10728c0012a827f00ff8804618bb0ead0fcdc9f829
:10729c001820c9f81c30c9f81000c9f8141012a82d
:1072ac002bf01afc58a84ff4d0712af059fc504618
:1072bc0020212af055fc02a810212af051fc20466e
:1072cc0010212af04dfc40460df5417dbde8f08fb4
:1072dc00804612a82bf000fc58a84ff4d0712af06d
:1072ec003ffc504620212af03bfc02a810212af03a
:1072fc0037fc204610212af033fc484620212af086
:10730c002ffc40460df5417dbde8f08f06ac0df12c
:0c731c00280adee76ff03708f3e700bf37
:020000040000fa
:020000040101f8
:107328002de9f041036803f0df03803b8cb005468c
:107338000c46072b00f2b480dfe803f01d7ba9b2ee
:1073480085b2a0040b1d1846242200212af012fe43
:107358006a680721042a0346216002d0102a40f0f7
:10736800ba8028686968aa686060002059609a60d5
:107378000cb0bde8f081d0e901531d4402932946c1
:1073880001aa02a8062326f03fff002840f08a80c1
:10739800dde90167082e40f08380324639464f48c0
:1073a80029f0c8fb00287bd107f1080c4ff006082c
:1073b800a02301aa294602a804960597cde902c888
:1073c80026f022ff00286dd1dde9012313449d42f8
:1073d8002dd1302301aa294602a826f015ff00283e
:1073e80060d1dde9012313449d4220d1434601aa1f
:1073f800294602a826f008ff002853d1dde90163d9
:1074080099190893029101aa02a804232946cdf8e4
:107418001880079626f0f8fe002843d1dde90123fd
:107428000b93134404219d42cde909123fd02c4807
:107438009ee70b1d1846242200212af09bfd0122fd
:10744800034622608de70f1dae68039624220021b3
:1074580038462af08ffd696804232360314403a865
:10746800302302aa26f0d0fe002881d1dde90231be
:107478003a4603a8194408f047f979e70b1d18465e
:10748800242200212af076fd06220346d9e70b1da7
:107498001846242200212af06dfd02220346d0e777
:1074a800104865e7a0f5145000287ff461af002369
:1074b80044f8043b03ae0baf35460fcdbd42206008
:1074c8006160a260e3602e4604f11004f4d12868dc
:1074d800206000204ce704484ae700bf482a04011e
:0c74e8009adaffff80dfffff00d8fffff3
:020000040000fa
:020000040101f8
:1074f4002de9f04f91b00c4600920546222207a8d0
:1075040000219a469df868702af036fd002223680f
:107514008df818201b8803f44052b2f5005f68d13f
:10752400990666d504a920461ff0f8fb06460028f4
:1075340060d19df81830002b5bd0012b53d00df196
:107544002a01204621f0b2f90646002852d19df8be
:107554003230002b4dd0d4f80080b8f800301a0730
:107564004cd48346814603f44052b2f5005f7ad08e
:1075740013f4404f01d05a067fd513f4406f14bf63
:107584000120002048b1204623f0a8f8ff2830d07d
:1075940038f800100da82bf005fca379ab7120225c
:1075a400002105f108002af0e7fc414b0793294626
:1075b40007a88df83a908df83bb0fbf7f9fe2a68de
:1075c4000099138800294ad043f0100313802a68d5
:1075d4001388002f3fd043f400731380226813886c
:1075e400d8051cd5fee7bdf810204ff6ff739a426c
:1075f400a5d10626304611b0bde8f08f2046019390
:1076040028f0aafeff28f4d018f8002002f0070999
:10761400b9f1050fedd102f0180b019ba3e72b681c
:107624001988c90500d5fee792789a7023681b88eb
:1076340018072cd4a7b3baf1000f30d028462af08b
:1076440097fd2b683a461844514629f083faab88d3
:107654001f44af80cee723f400739bb2bde723f051
:1076640010039bb2b2e703f44c42b2f54c4f0ad07c
:1076740013f4404f07d0590605d4204619f092fc64
:10768400ff2885d1b5e718461df0e0fe7ae72046cd
:107694000df10f0123f03ef820b10646aae7fee7fc
:1076a4003e46a7e79df80f10284623f04ff8c1e7a0
:0476b40002000020b0
:020000040000fa
:020000040101f8
:1076b800f0b540f2032399428db009d040f201237e
:1076c800994233d040f20223994249d00db0f0bd1f
:1076d800554c2378002bf9d0544d2b78002bf5d03e
:1076e800534e544b96f9002093f900309a42b8bf94
:1076f80033701df099fb504b504a1b681288c01a12
:1077080090425bd34e4b96f9001018680023237003
:107718002b702af0cbfd4b4b1b78002bd6d14a4b54
:107728001b78002bd2d029f06bfecfe7474c444f93
:1077380004f5c075002623686bb1a36a21460022b0
:107748004bb138682af0a2fda36a266018460bb12f
:1077580026f0bef8a6623034ac42ecd10db0f0bdd4
:107768003b4b1a7801a90291002aafd00024214688
:1077780038481c702bf0d8fa0299374a374b032542
:107788000220adf80c50087002991b784c701168f3
:10779800029ac9789170872b22d015d98c2b19d0d1
:1077a8008d2b22460cbf0f230b2325492c4c086830
:1077b80029490225257028f00fff87e703200bf0e1
:1077c800c3fc00232b7081e73bb9264b1b786bb9b0
:1077d80002aaeae722460e23e7e722460b23e4e75c
:1077e800029a137843f010031370eee71e4c2346f9
:1077f80013f8012b02931444adf80c20a5782bf054
:1078080052fc1a4a1a4b61781b788df80e30d2e96f
:10781800006728448df81e108df81d00cde9046717
:1078280002aa0023c1e700bfe6000120e40001200e
:107838009f010120e00001202c0001200e00012002
:1078480010080020e5000120e3000120b8f4002022
:10785800e8000120c0fd0301f0fd0020e90001203f
:10786800e70001201700012098f90020e0ff002020
:047878009e0101204c
:020000040000fa
:020000040101f8
:10787c002de9f04190f85e3003f00f03012b84b03a
:10788c000546884609d0063b012b06d91df06aff38
:10789c000024204604b0bde8f081b8f1020f18d1e5
:1078ac000d21284614f00cfd064620b3ea78012180
:1078bc0029f0f0f9044620bbb8f1010f28d06b7801
:1078cc00012b25d0042b5fd8dfe803f05c5d315c25
:1078dc005c002b78284643f0400300f87c3b27f0f3
:1078ec0069ff284619f096fd0d21284614f0e8fc96
:1078fc0006460028dad10324204604b0bde8f08106
:10790c000446304629f06aff204604b0bde8f081f9
:10791c0005f18c0738462bf081fa3a4608230321ef
:10792c0030461bf0cffe0028ead16b78cae73c4ffb
:10793c000021b7f8162d304629f0b8f90446002876
:10794c00dfd130461ff026fc04460028d9d1b8f10f
:10795c00020f0cbf0246ea690221304629f0b2f947
:10796c000028cdd197f80b3d190705d430462af0e5
:10797c006bf804460028c4d12a4829f0f3fa78bbe6
:10798c00002401e0fee71c46eb789a0706d421465a
:10799c00304601f045ff04460028b2d1684605f197
:1079ac00400126f0d7f9694630460df055fa0446e9
:1079bc000028a6d1eb781b070dd401461a4823f0fa
:1079cc000df9184829f0cefa80f00101c9b2174818
:1079dc0026f034f95de70121134823f0fff858e74e
:1079ec0097f8fd0940ba0024adf8010003236a465c
:1079fc00502130468df800401bf064fe04460028f0
:107a0c007ff47fafd7f8282d0ab9d7f8242d55214c
:107a1c00304629f057f904460028b1d071e700bf71
:107a2c0000c60020e4cf002098d20020e8d200202d
:020000040000fa
:020000040101f8
:107a3c00c02a2de9f04108d0b2f5807f20d0802af1
:107a4c001bd06ff01f00bde8f0810c2606600446c9
:107a5c00002344f8043f5209013351f8045b44f805
:107a6c00045f9342f8d30c2e0dd00e2e3dd00a2e6f
:107a7c0000f08a800020bde8f0810a260660e6e767
:107a8c000e260660e3e7574e574a06f11c074ff0e7
:107a9c00010c01e056f804cbc1698468c1f30723db
:107aac000d0ed35c555d43ea0543cdb26340c1f383
:107abc000744555d145d83ea056383ea0423d0e92a
:107acc00035483ea0c035d406c40456245690362d4
:107adc00836965406b405940b742c0e90a45c0e92b
:107aec000c3100f11800d5d1c4e73e4d3e4a05f1ea
:107afc0018084ff0010c01e055f804cb416a84687a
:107b0c008769c1f307230e0ed35c965d43ea0643e7
:107b1c00ceb26340c1f30744965d145d83ea0663fd
:107b2c0083ea0423d0e9034683ea0c0383ea040cba
:107b3c00446983628cea06067440e3b24fea146e21
:107b4c00c0f82cc0d35c12f80ee00663c4f3072c0b
:107b5c00c4f3074612f80cc044637b4083ea0e63ff
:107b6c0083ea0c2312f806c0c669046a83ea0c4344
:107b7c00836373405c406140a845c363c0e9104116
:107b8c0000f12000b8d175e7184e174a06f124070a
:107b9c00012101e056f8041f44698568c4f30723ea
:107bac004fea146ed35c12f80ee043ea0e435ffa10
:107bbc0084fe6b40c4f3074512f80ee0555d83ea72
:107bcc000e6383ea05234b40c168056983614b4012
:107bdc005d406c40b742c361c0e9085400f110002d
:107bec00d8d147e7dce2030138120201d8e20301e5
:020000040000fa
:020000040101f8
:107bfc0010f51e5f1fd020dc10f5745f1bd000f356
:107c0c00878010f59e4f0ed079dc10f5d24f05d041
:107c1c0040f3a38010f5d04f40f0968005207047bc
:107c2c0010f57e5f1ed10320704710f5725f02d0f5
:107c3c0010f5705f16d10720704710f5025f1dd04c
:107c4c0027dd10f1360ff6d00edd10f1100fead053
:107c5c0016dc10f11e0f11d010f11c0f0ed010f10c
:107c6c00340f0bd0c00f704710f13e0fdbd038dc57
:107c7c0010f58c5fd7d010f1400ff3d1082070476e
:107c8c00821dd8d0031dd6d010f1080fead10320e5
:107c9c00704710f5105fced015dc10f5185fcad008
:107cac0007dc10f51c5fe9d010f51a5fc3d0c00fcc
:107cbc00704710f5145fbed010f5125fbbd010f5f5
:107ccc00165fcfd1b7e710f50a5fb4d010dd10f511
:107cdc00065fb0d010f5045fadd010f5085fc1d1d0
:107cec00a9e710f13c0fc9dd10f1380fbad1a2e7aa
:107cfc0010f50e5f9fd010f50c5fb3d19be710f51c
:107d0c007c5f98d014dc10f59d4f89d11b207047f7
:107d1c0010f5665fb2d036dd10f5265f83d025dc1a
:107d2c0010f5645faad010f5405f9bd1012070471d
:107d3c0010f5785f3ff47faf10f5765f3ff47bafc3
:107d4c0010f57a5f8ed176e710f59f4f3ff473af45
:107d5c0010f5d14f86d10320704710f5fe4f3ff43c
:107d6c0062af10f5e24f7ff47daf64e710f5225f50
:107d7c003ff459af10f5205f3ff45daf10f5245f71
:107d8c007ff470af57e710f56e5f3ff454af7ff799
:107d9c004caf10f56a5f3ff44eaf10f5685f3ff4df
:0c7dac004aaf10f56c5f7ff45daf44e758
:020000040000fa
:020000040101f8
:107db8002de9f043044608680d46b0f8008089882c
:107dc80085b016461f4608f0200841b96378013b84
:107dd800042b55d8dfe803f05554626f8d0001a9d4
:107de8004ff0000928468df80c901ef095ff9df87d
:107df8000c30012b32d0b8f1000fe7d0002ee5d0bf
:107e080001a9012256482bf0b3f98146002fddd194
:107e1800002800f0938003460246314604f5b0700e
:107e280025f046fe002840f091803246294620463b
:107e380003f0d2fd002840f08980494632462046aa
:107e48001ff0a2fe23785907c0d428462af096f9d5
:107e58000028bbd043481bf02bf9b7e7bdf8042036
:107e68004ff6ff739a42c6d1a3790133dbb2a371ef
:107e7800002b6dd084f80690b8f1000fa6d0bde7ae
:107e8800fee7d4f8f430618a0133c4f8f43004f121
:107e9800c40025f025f805b0bde8f083d4f8f0302b
:107ea80000220133c4f8f030627020460af0e2fb89
:107eb80005b0bde8f083d4f8e8300133c4f8e83001
:107ec80027b1d4f800310133c4f8003100236370be
:107ed8003a462946244819f00bfc3b4632462946c7
:107ee800204814f09bf820460af0c4fb05b0bde812
:107ef800f083ab881bb1b8f1000f00d1fee75fb982
:107f080056b12378da0707d533681b88db0603d513
:107f1800638843f040036380d4f8ec3011480133a0
:107f280000263a462946c4f8ec30667007f01cfe75
:107f380020460af09ffb05b0bde8f083324629468b
:107f4800204603f049fd00283ff440af0e273de7e7
:107f580004f12c001ef074f900289cd0fee700bf45
:0c7f680080d30020e8d2002098d2002036
:020000040000fa
:020000040101f8
:107f740070b588b00d460446002608688df81c606c
:107f840005aa042127f03afc18b1172815d18df859
:107f94001c606378012b39d0022b10d0fee72046f9
:107fa4001df0e4fb23785a0607d5002262f38613fa
:107fb40023706272204619f031fa08b070bd2a6944
:107fc40004f140039a42f8d194f85e3003f00f03b1
:107fd400072bf2d10df103021121286826f074fb5e
:107fe4000028dcd004aa0121286826f06dfb0028b3
:107ff400e3d19df81030e27843f004039a42dcd1d7
:108004006378012b0ad0022b25d0fee705a804f1e2
:108014008c0129f0cbf80028dcd1cee703aa02a911
:10802400286823f087fb0028c7d1029904f14c008b
:108034002bf072f8dde9022304f14000c4e91432a4
:10804400072122f07bfde18920460ff03bfb2378da
:1080540043f0010323700df106020021286826f085
:1080640045fb0028a9d1bdf80630e2899b0ab3eb91
:10807400922f94d12946204601f09efc00289cd1e1
:1080840004aa0221286826f043fb00283bd01728c5
:1080940093d101a9286825f079ff70b317288cd1f2
:1080a400e67816f0080623d131461d4825f0cafdae
:1080b40031461c4822f096fd01aa1021286826f0ba
:1080c40003fb50b117287ff478af9df81c30002bc8
:1080d4000cbf022301232b7564e79df8040028f0ec
:1080e4008bfa94f8713060f3830384f87130ece711
:1080f40001210c4822f076fddee70b4bbdf804208d
:10810400a3f88c2acce7049b13b92278d10601d4b6
:10811400e361bee70121204612f0c4f8b9e700bfcd
:0c812400e8d2002098d2002000c6002005
:020000040000fa
:020000040101f8
:10813000f0b50368d0f8cc705b7902890e46b0f8d0
:10814000cc10012b04468bb0d0f8b80049ba00f02f
:10815000aa8013465bba2546a0f8013055f8d40f23
:10816000d4f8b430d5f804c0c3f804c01860d4f80b
:10817000bc301980d4f840c0bcf1000f3cd0d4f81a
:10818000c070d4f8b030d4f8c4100697fb1ac3f509
:108190006c73c91b0133cde90731d4f8b470d4f83e
:1081a000cc00099038687968276803ab03c37b79f2
:1081b000012b00f08580d7e9063150ba0091d4f840
:1081c000c870adf8150003aa614620468df81470fa
:1081d00008f0a8fb00284cd1089b002b7dd1bdf8ee
:1081e0002430d4f8bc209df81410099fc4f8c8109e
:1081f0005bbac4f8cc7013802168d4f8b820d4f8e6
:10820000c03049799b1a01291f4434d0d4f8c830b2
:108210001370d4f8b830d4f8d020216c3a441f44fd
:10822000c4f8d020c4f8b870204620f021fe2246c1
:108230006ff0d30052f8dc3b5f79012f0cbf4ff099
:10824000020c4ff0000c05eb0c01001b06e000bf18
:1082500012f8013d0133dbb213702bb98a4200ebf7
:108260000203f5d163453bd0012f13d0012e0cd072
:1082700000200bb0f0bd204623f062fb0028f8dba5
:10828000b8422ad3d4f8b820c0e7204619f092fead
:108290000bb0f0bd002ee9d120461ef00ffa0028e9
:1082a000e7dbe5d1f1e740f2023c40f2022340f285
:1082b0000125624518bf2b46d31adb439bb249e721
:1082c00040f2023040f2022340f20121824218bf04
:1082d0000b46d21ad24392b26de702480bb0f0bd02
:0c82e0000148c6e70094ffff8094fffff8
:020000040000fa
:020000040101f8
:1082ec00013810b505281cd8dfe800f003a26a1b82
:1082fc001baa6449644b00228a711b7803f01f038c
:10830c00092b0c4623d14a79032a0ad05f4c4ab96f
:10831c000978c9b2012912d1104621f0a3f819230a
:10832c00237010bd022a0ad10b7803f0ff0233b977
:10833c000121084621f096f806232370f1e701216c
:10834c000022084621f08ef816232370e9e7082b4b
:10835c00e7d0112be5d0162b05d10120bde810403c
:10836c00887027f043be192bdbd0122bd9d04b7958
:10837c0043b91a461846012121f074f8434b0422e4
:10838c001a70cee7022b07d10121084621f06af8ba
:10839c003e4b04221a70c4e70b78002bc1d13c4b26
:1083ac001b78002bbdd100221f21012026f092f852
:1083bc0000f01f001628b4d0012161710022e4e7ff
:1083cc00304c0223a37163795bb92378012ba8d1bc
:1083dc002af042fc0028a4d16420bde8104018f01b
:1083ec0059b8013b012b9cd801210022084621f0f1
:1083fc0039f82378042b06d1062323700120bde81d
:10840c00104027f0f3bd234b197801220929627122
:10841c009ebf1a780132d2b21a701978013100223b
:10842c00c9b2012021f01ef8184b09221a7078e706
:10843c00144b0120bde810409871987027f0d6bd00
:10844c000cf03efcf2f790fc134b1b78002b3ff426
:10845c0068af0c4b1a7802f0ff04002a7ff461af6e
:10846c005b79013b012b3ff65caf094b1c702af08a
:10847c0029fc01212246084620f0f4ff034b092277
:10848c001a704ee764110020010001410200014105
:0c849c00fc000120a40101208c11002034
:020000040000fa
:020000040101f8
:1084a8002de9f04f89b00446104615460e461f4682
:1084b800bdf8488028f09ef8814604f1940029f020
:1084c800cffa814504d013d8002009b0bde8f08f59
:1084d800b4f8b030c6f30806c3f30803b3fa83f35d
:1084e800b6fa86f25b0952099a4205d0002eebd102
:1084f800012009b0bde8f08f38462af07dfc94f9d8
:10850800d230834201d0f3dbdee7fb7894f8d32046
:108518009a4201d0d8d2ebe7b4f8b4309845d2d11a
:108528007b78b4f8d620092b40f28180b7f809305f
:108538005bba9bb29a4202d09a42c5d2d8e7fb7a7c
:1085480094f8d8209a42e5d13b7994f8d4209a42fd
:10855800e0d17b7994f8d5209a42dbd1e3781b07e8
:108568006ed4206a3a494ff41b520023a0fb010144
:1085780024f03cfb421c8946824641f1000102fb83
:1085880009f30afb01314ff41b56a2fb0a230b44e3
:10859800a2fb060106fb03112d4a002324f026fb4b
:1085a800139b94f8c8205e7893f800b006eb860613
:1085b8007600b6b24ff0000c02eb8202cde906bca1
:1085c8005200a6fb0abc06fb09c392b2cde904bc63
:1085d800dde90667a2fb0aab059302fb09bbdde9ef
:1085e8000489a6fb002306fb01338e4618eb020123
:1085f80094f8c7600291494641eb03030393a6fb35
:1086080000231aeb020106fb0e334beb0303009128
:108618000193dde90023dde902018b4208bf8242b4
:108628000ed0994208bf9042fff462af4ce7b2f512
:10863800a06f01d1012383e74ff4a0639a427ce73e
:1086480094f8d930ab423ff43fafbff43daf4fe7aa
:0486580040420f008d
:020000040000fa
:020000040101f8
:10865c002de9f04f5f4b1b6883b0002b40f0a480da
:10866c005d4b1a6802f10108c3f80080b8f1000fe5
:10867c0000f08280594b0193019b1b6898454ff089
:10868c00000760d3564bdff870e156480093dff8d3
:10869c006c91ba46bc464be0def80030db68db6818
:1086ac005a68904503f1040403f11806c0f08d805c
:1086bc005a69d3e902515768a960a7424d60156801
:1086cc0008bf5160996ac3f814a0013d156069b1e7
:1086dc00d3e907524f68aa601a6ab742556008bfbf
:1086ec004a600a68c3f828a0013a0a60d96ad9f826
:1086fc00002001268e4001eb8105164300eb850717
:10870c00c9f80060009e7a68d6f800b09668dbf86d
:10871c002cb0de6050f825609a60594588bf4ff048
:10872c00010c916801364c6094605f6140f82560e3
:10873c00def800301b68002baed1019a4ff0ff33ee
:10874c006746136002e0264b26480093009b264a9e
:10875c001b681268db6a03eb830350f82330022b8f
:10876c0028bf01275ab3214b1b68002b18bf0127c8
:10877c00384603b0bde8f08fdff87ce01c4bdef828
:10878c0000101c4a1868cef80000196013680133f9
:10879c001360def800301b68a3b9104b01931a4626
:1087ac004ff0ff33136067e70f4a13680133136010
:1087bc0029f09afe0027384603b0bde8f08f29f067
:1087cc0093fed0e728f0dafe54e7019b67461a6067
:1087dc00bce700bf78000120980001208800012030
:1087ec0064000120bcfb0020900001209c000120b3
:1087fc006c0001208c000120680001208000012009
:020000040000fa
:020000040101f8
:10880c0000f1340191e838009c46a6464cf8045d12
:10881c0090e8ff0fe54600bd90ec210b704700bfc0
:10882c0080ec210b704700bf90ec200b704700bf11
:10883c0080ec200b704700bfd0ec200b704700bfc2
:10884c00c0ec200b704700bff0ec0201f0ec021101
:10885c00f0ec0221f0ec0231f0ec0241f0ec0251b0
:10886c00f0ec0261f0ec0271f0ec0281f0ec0291a0
:10887c00f0ec02a1f0ec02b1f0ec02c1f0ec02d190
:10888c00f0ec02e1f0ec02f1704700bfe0ec020109
:10889c00e0ec0211e0ec0221e0ec0231e0ec0241f0
:1088ac00e0ec0251e0ec0261e0ec0271e0ec0281e0
:1088bc00e0ec0291e0ec02a1e0ec02b1e0ec02c1d0
:1088cc00e0ec02d1e0ec02e1e0ec02f1704700bf19
:1088dc00b0fc0181b0fc0191b0fc01a1b0fc01b174
:1088ec00704700bfa0fc0181a0fc0191a0fc01a17c
:1088fc00a0fc01b1704700bfec4600b52de900505b
:10890c002de9ff1f4ff000032de90c0001a9eef734
:10891c0022fcddf840e012b0704700bfec4600b519
:10892c002de900502de9ff1f4ff000032de90c003d
:10893c0001a9eef740fcddf840e012b0704700bf33
:10894c00ec4600b52de900502de9ff1f4ff0000358
:10895c002de90c0001a9eef74efcddf840e012b059
:10896c00704700bfec4600b52de900502de9ff1f04
:10897c004ff000032de90c0001abeef712fcddf813
:10898c0040e012b0704700bfec4600b52de9005036
:10899c002de9ff1f4ff000032de90c0001aaeef7a3
:0c89ac007afcddf840e012b0704700bf1c
:020000040000fa
:020000040101f8
:1089b800002800f0c580f8b50368002b00f0be80e1
:1089c8005b79012b044616460f467ad063681b2b49
:1089d80069d1206f0025002840f08880636d1bb1a5
:1089e800e06c984701304ad0d4f8a03003bb01218d
:1089f8002046f0f7abfa002840f09b80d4e91d32fe
:108a08000ab9172b44d0162b15d0152b00f08f80e0
:108a1800172b32d16368e06e20671a2bdbdd236ddc
:108a2800002bd8d000221146e06c9847206fd2e77f
:108a3800c4f8a050e2e72389b3f5417f54d22368f4
:108a48001a798ab9e26e5b791278a2b9012bd4f847
:108a580098205ad0042a10d164220121204620f0ff
:108a680023fa0028e2d0f8bd012af5d1e26e127887
:108a7800012af1d05b79012bd8d03248f8bd236d9b
:108a8800002bb1d02268e06c926f91089847abe751
:108a9800d4f8a03093b901212046f0f757fa0028fe
:108aa80047d1636fafe7204621f018fb10f5d64f8a
:108ab8008fd00028d7d1206f00258ce7c4f8a020dc
:108ac800a8e719f073fa0028cdd1a36b002b3ff467
:108ad8007daf9b79012b7ff479af2046fef74efae4
:108ae80000283ff473aff8bd1748f8bda56fb5422d
:108af80028bf35468eb9294629f034f8a36f3bb90b
:108b08002367c4f8a0302846f8bd0c2a8ed1a3e705
:108b1800236f2b4423672846f6e701462a46384642
:108b280028f016f8a36f206f5b1ba367e3e70748dd
:108b3800f8bd10f5e54f96d10020f8bd0448f8bd02
:108b4800034870470089ffff0094ffff0097ffff6d
:048b5800008fffff8c
:020000040000fa
:020000040101f8
:108b5c002de9f04713f0010e9df8245077d11c1f1e
:108b6c000c2c74d8002a00f09d8076469446013671
:108b7c005fea1c2cf6b2fad1022e38bf0226b4469c
:108b8c000d2d65d8c5f10f046445aa4601dde6b28a
:108b9c00b446ccf10f0cd44591460f46044698468a
:108bac0059da0029c6f10f0518bf4ff0400eedb28f
:108bbc00013ea8f10203f6b25b1046eac3034eea8b
:108bcc00030384f820312a46089904f2211027f077
:108bdc00bdff0e2d0ed8c5f10e03dbb204f22f1122
:108bec00c91a04f598724b4602f8013d91424feabe
:108bfc001323f9d104f590721146204629f074fd27
:108c0c00002f3cd1ba462a46089984f8306104f208
:108c1c00311027f09bff05f23110c5f10f022044f3
:108c2c00002129f0a5f90023102284f86451c4f81e
:108c3c005071c4f85891a4f860a184f86581c4f807
:108c4c005431c4f85c31a4f86221bde8f087fee72a
:108c5c000d25aa469de70029aad0a8f10203013ee2
:108c6c00f6b25b1046eac30343f0400384f82031ac
:108c7c002a46089904f2211027f068ffabe7b7f5f4
:108c8c007f4f94f8200194f82111c7f30722fbb20f
:108c9c000cd242404b4084f8202184f821314ff013
:108cac00020ab0e74ff0020c664669e7c04394f83d
:108cbc0024a194f822e194f823c184f8200194f8bb
:108ccc00250182ea0a0281f0fe018eea176e8cea17
:108cdc00174c434084f8211184f822e184f823c115
:108cec0084f8242184f825314ff0060a8be700bf65
:020000040000fa
:020000040101f8
:108cfc0030b5144693b0232939d8dfe801f01b2294
:108d0c002a3238383a566266383838383838386a41
:108d1c0038383838387782888f979f3838383838d1
:108d2c00a81200f1530323211046602225f0fefc0b
:108d3c0013b030bd10460823514a00211af0c2fc72
:108d4c00f6e7504b10460121b3f8162d27f0aeff75
:108d5c00eee74c4b1046022193f80b2d27f09affaf
:108d6c00e6e7484b93f80b2d120740f18180002069
:108d7c00dee740f606034448adf8043026f00afd61
:108d8c0003681bbacdf8063003798df80a304379a5
:108d9c008df80b3083798df80c30c3798df80d304c
:108dac00214601a825f07afcc2e7364b41f2a4011a
:108dbc0003f5855220465b5c126807211af082fc91
:108dcc00b6e7114613f004fbb2e711460ff07cfa3c
:108ddc00aee72e4b1b788df80630114640f211137e
:108dec0001a8adf8043025f059fca1e701a92548ec
:108dfc0024f026fc01aa2046082317211af062fc55
:108e0c0096e710461821052227f050ff90e70346fd
:108e1c0019211046202225f089fc89e700f1210355
:108e2c001a211046202225f081fc81e700f1420333
:108e3c001b211046102225f079fc79e729f06efff2
:108e4c00402203461c21204625f070fc70e70d4d96
:108e5c0095f8091d05f6085012f06ef905f6286113
:108e6c0001a80ef0abf8214601a825f017fc5fe72e
:108e7c00d3f8242d2046032127f024ff58e700bf08
:108e8c001ad0002000c6002008d30020583104015d
:020000040000fa
:020000040101f8
:108e9c00f0b5604c93b00546262208a8002129f0b5
:108eac0067f84ff2bf032046adf8423029f014fab0
:108ebc00b0b1b4f8b02b4ff6fe739a42a4f6085436
:108ecc000ed02b7fde070bd494f80b3d980709d4fa
:108edc0094f8663d190703d0b4f8683d022b01d015
:108eec0013b0f0bd6b7f012bfad195f84730002bf6
:108efc00f6d12621484827f0f7f80646002868d016
:108f0c006b7f012b40d094f80b3d9a0707d494f853
:108f1c00663d1b0703d0b4f8683d022b65d041f6c3
:108f2c00b8033e49e25a0ca824f028ff08a828f000
:108f3c00e5f8009508aa3a4b3748314626f08af9ed
:108f4c000746a8b904ab0fcb95f81cc005f10c066d
:108f5c004cf0010c85f81cc086e80f006f6494f887
:108f6c000b1d11f00801bbd12e481df08df9b7e790
:108f7c00032804d195f84630013b042b43d83046e6
:108f8c0028f02cfc13b0f0bd95f84770002fbad127
:108f9c002b460df1100c53f82c0f59689a68db68ae
:108fac00ace80f00102339460deb030230461af0e3
:108fbc0089fb0028dcd108231b4a032130461af018
:108fcc0081fb0028d4d102236b771bf02bff286286
:108fdc0099e795f84630013b042b81d9052385f898
:108fec004630284628f08afd7ae70df10f010f482c
:108ffc0027f042f80028bbd10caa9df80f100548a9
:10900c0028f0a0f892e7052385f84630284628f08a
:10901c0075fdb4e708d30020d8c70020b0d40020d9
:10902c0089310401e8d20020d8d40020b8de002019
:020000040000fa
:020000040101f8
:10903c002de9f041044682b01f4660300d46904643
:10904c0028f012fc0f2f00f29f80dfe807f0509df4
:10905c009d9d9d9d9d9d9d9d9d2b9d9d50082b7f18
:10906c00590700f1928042462946204626f042fae2
:10907c002946204617f05effa3691b7fc3f38003cc
:10908c0013f0ff0f00f09880228802f00c031bb93c
:10909c00e378297e99426fd804f11c0600212379cc
:1090ac00e17009e02946204617f044ff26460023cc
:1090bc00e37036f81c2b237912f0040240f0828006
:1090cc00697e994232d8009229463a46304629f0b8
:1090dc0063f8a378022b1cbf0223a37042463b46c5
:1090ec002946304602b0bde8f04129f069bb2b7f20
:1090fc005a0704f11c0604d5aa790121304629f03f
:10910c0059fb42462946204626f0f4f929462046ca
:10911c0017f010ff0023e3702379002f54d1009730
:10912c003a462946304629f037f8d2e70122009218
:10913c0030463a46294629f02ff82379013323711a
:10914c002b7f0e2f43f002032b7717d1a37894f8c3
:10915c005d10062b1cbf0623a37020461cf04af999
:10916c0094f85d300133dbb2052b28bf052384f85e
:10917c005d3002b0bde8f0810133e370204602b0ef
:10918c00bde8f04123f098b8fee704f11c06304628
:10919c00aa79002129f00efb42462946204626f0ea
:1091ac00a9f92946204617f0c5fea3691b7f5b076a
:1091bc003ff56aaf228871e72646e37036f81c2b20
:0c91cc00237979e700227ee7228875e70e
:020000040000fa
:020000040101f8
:1091d80090f82430012b00d0704770b50c4696b03b
:1091e800054602aa1a21206826f09cff064608b107
:1091f80016b070bd3c22314607a828f0bbfe9df88a
:109208005530206843f020038df85530438aadf877
:109218004e30037a8df852302c3026f08dfad4e98e
:1092280000238df8530092f82e208df8542003f176
:10923800180007a927f0ecfebdf80a30bbb98ee08c
:10924800022b43d0032b09d109ab1022bdf808101b
:10925800206820f0dff90028cad100bfbdf814103b
:1092680002a827f079fdbdf80a30002b5fd002aaca
:10927800216804a80ff0b4fc0028b9d19df811307a
:10928800002bebd19df81030082b33d0d8d9122bf6
:1092980027d0812be2d104230deb030202a9206819
:1092a80026f0baf80028a3d19df80530012b9fd9e4
:1092b8009df806209df85530111161f30303c2f3a0
:1092c800c00262f304138df85530c7e708230df187
:1092d8003502bdf8081020681ef068fb0028bdd0d4
:1092e80086e714aabdf80810206828f033fa002889
:1092f800b4d07de7bdf81830002bafd0ddf81600ec
:109308000390102103a829f0c7f90df13d009df83d
:109318000e1027f073f803a90df13e02206829f01a
:109328002ffd95f86e30d90710d4012696e795f8e9
:109338006e30db0702d5002e3ff45aaf2b68002ba6
:109348003ff456af696807a8984751e70df13d000b
:1093580005f11c0117f0f4fe0028e6d148e795f85e
:0c9368006e30da073ff544afe8e700bfc5
:020000040000fa
:020000040101f8
:109374002de9f04f8db0002a00f0b3800a44064670
:109384000c46029229f0e2fb022840f0a48002a8d5
:109394003246214619f01efc051ec0f29380029b42
:1093a4001a1b002a40f39d805a1e05f101084ff054
:1093b400000a02922146424603f801ac02a81af0c0
:1093c40031ff051e7edb0322214602a827f010fa96
:1093d40000287bdb454447193a46214602a81af087
:1093e40021ff051e6edba122214602a827f000fa08
:1093f400b0f1000971db96e803000df1100888e86c
:109404000300404629f0a2fb0238022875d8059bc8
:1094140021461a7802a825f035fdb0f1000a5edb7a
:109424005246214602a81af0fdfeb0f1000b5bdba8
:10943400a022214602a827f0dbf9031e019355db85
:1094440096e8030088e80300404629f07ffb0238d1
:1094540002284fd80598c36b0733de084246202301
:1094640003a903961ef026f8064630b9039b42462c
:10947400214602a81ff0bafd06464046202128f0e6
:1094840073fb002e34db0122214602a829f00efdd5
:1094940000281bdbeb194b44019a53445b441344ef
:1094a4001e4406443246214602a81af0bbfe051e9d
:1094b40008db214602a8302227f09af9002805dbb0
:1094c4003544054428460db0bde8f08f05462846ce
:1094d4000db0bde8f08f0a4df4e74d46f2e755466e
:1094e400f0e76ff06b05ede75d46ebe7019de9e71b
:1094f4003546e7e70023db6bffde9af80030ffde3a
:0495040080c6ffff1f
:020000040000fa
:020000040101f8
:109508002de9f04385b029f06ffe5d4f5d4d5e4e4d
:10951800dff87c813b68d3f80090b9f1000f00f0c8
:109528008280db68d3f8009028f0f0ff29f072fb06
:109538002b6898420446c0f086808145286040f236
:109548008b800022a9eb040130681cf0cdfc02f0ee
:109558009ffb38b94d4b4ff080521a60bff34f8fc5
:10956800bff36f8f0023cde901330393002201a9d4
:10957800306806f01ffd0028ccd0019b002bf5dbde
:10958800039c636913b1201d24f056ff29f042fba8
:109598002b68984281465cd3019bc5f80090013b3b
:1095a800082be3d8dfe803f024241d0e0524241d2e
:1095b8000e0094f824309a0755d523f0010384f857
:1095c8002430d3e794f824300299a16143f00103d1
:1095d80084f82430494420464b464a461ef0aefee5
:1095e800c4e794f8243023f0010384f82430bde75d
:1095f80094f82420029ba16942f0010284f82420f7
:1096080019444a4620461ef099fe0028aed094f828
:10961800243059072bd423f0010384f82430236a1b
:1096280020469847a2e728f071ff29f0f3fa2b6843
:109638008342044607d8d8f800302c601a68b2fa7a
:1096480082f252097ee723f071fa2c6002f020fbc7
:1096580088e723f06bfa9fe702f01afb2146484699
:109668001ef046f87ee7204611f08efc7ee7029950
:10967800a3694a461944204624f0cafecfe700bf32
:1096880050000120580001205c00012004ed00e09a
:049698005400012059
:020000040000fa
:020000040101f8
:10969c002de9f04f154691b00024262282460f4644
:1096ac0006a821469b46cde90344059428f060fcae
:1096bc0095f83030013385f830301bf0b3fb6b6a12
:1096cc006a881844e860002a6bd052baadf80c20b6
:1096dc009df80e3095f82920dff8409103f0070330
:1096ec00012a8df80e3004bf43f001038df80e30c3
:1096fc002b784b440af104001b7e01905bbaadf849
:10970c00103028f029f98046002861d003a90c22da
:10971c0023f0cefb044670bb2b784b441b7e002bf6
:10972c0058d0064615e02b7809eb830340461b6a9c
:10973c0033f81e30adf80ac05bbaadf8083023f030
:10974c00b7fbf2b20446b0b92b784b441b7e934264
:10975c0040d97b89403b402239469bb2404613f0ae
:10976c00ddf85ffa86fe04464ff4807c042202a9e1
:10977c0001360028d7d0404628f030f8bbf1000f56
:10978c0020d138462a46402300211bf0e3fd204619
:10979c0011b0bde8f08f00bfbdf80c1049ba89b20a
:1097ac0031b903a829f01afb04460028f4d0e5e7e8
:1097bc0050461ff0d7f90028f3d1bdf80c305bba36
:1097cc006b8085e70af14000e96825f051f8d8e78d
:1097dc000324d3e7b8f80a30b8f80c1095f82c200d
:1097ec005b1a022a9bb202d0b3f5007f01d9072481
:1097fc00c1e72b460aac53f8100f2e8c59689a68a7
:10980c00db680fc406aa0198adf83a60414628f00f
:10981c00e3fc04460028b1d0ade700bff06f0301b4
:020000040000fa
:020000040101f8
:10982c002de9f0478ab013230c46022201a9074602
:10983c00b0f80aa08df8043023f03afb804618b13a
:10984c0040460ab0bde8f0870146544a384622f03b
:10985c0043ff80460028f3d1012c59d05049a1f583
:10986c00bf5025f025f9002862d10125dff83c9185
:10987c00d9f82c41002c3fd009f608560de09df884
:10988c002510384622f028ff002833d10135edb2df
:10989c00042d3dd06469002c2ed0204628f07af897
:1098ac0021460028f6d1304625f06ef921460028d5
:1098bc00f0d1304625f07af9102238490028e9d148
:1098cc00204627f035f9102235490028e2d02046f1
:1098dc0027f02ef9214605aa0028dbd0314812f0da
:1098ec0033fd224621460028c9d0384624f036fbe9
:1098fc000028cbd08046a3e799f80b3d190729d552
:10990c0099f8663d1a0725d0b9f8683d022b21d18c
:10991c00bc7a023c384601aaa4eb0a045146022345
:10992c008df805401bf016fd40460ab0bde8f087e7
:10993c001b4905aaa1f66c0012f006fd002894d173
:10994c00174a9df82510384622f0c6fe0028d1d1c2
:10995c0002258be702a80022134927f09ffb029ceb
:10996c00002cd5d099f80b3d1b07204602d526f0cc
:10997c00c1fd48b12146384624f0f0fa0135edb26c
:10998c000028b7d1042dc3d0029b02a8196922f07c
:10999c00b3fd029c002ce5d1bae700bfd0d4002067
:1099ac000cdf0020a0d600202cc7002000c6002011
:020000040000fa
:020000040101f8
:1099bc002de9f0470e4688b0044602a9306821f024
:1099cc00cffe054638b90299a36b994207d063784c
:1099dc00022b2dd00225284608b0bde8f0879df853
:1099ec000c2094f83c309a42f1d194f83f209df829
:1099fc000f309a42ebd12378d90724d4e3784d4920
:109a0c00da074bbf41f2a70341f2a6039df80d20e4
:109a1c009df80e20cb5c9b1a1b0614d422780023d5
:109a2c0063f3c71228462270a37208b0bde8f08712
:109a3c009df80f309df80c2020461ef0b3f92378ca
:109a4c0043f00103237004aa08231621306823f085
:109a5c00abf940b3172821d14ff0000806af08230b
:109a6c003a461721306823f09ff930b3172815d1e7
:109a7c004ff0000902a9306821f040f8824618b373
:109a8c00172818d171680b78ff2b4ad00a22103195
:109a9c0004f17c0024f03afa55469ce7062528464a
:109aac0008b0bde8f087244904a805f09ffde0b993
:109abc00804606afd3e705468de72049384605f0ca
:109acc0095fde0b98146d5e7b8f1000f07d1b9f1a2
:109adc00000f20d123786ff3000323709ee701461b
:109aec0004aa306815f0dcfaf1e706af3a46182103
:109afc00306826f015fb58b94ff00108afe701aa02
:109b0c001921306826f00cfb10b94ff00109b1e7b0
:109b1c004ff0000ab6e73a463068012115f0c0fa5a
:109b2c00d8e74ff47a71002022f04efb421c92b21f
:109b3c007168ace700c60020d8ce002004cf00200e
:020000040000fa
:020000040101f8
:109b4c002de9f04f446b93b0dde9209a002c00f026
:109b5c00b7800f460546012118469b46059222f018
:109b6c009bff0028c0f2aa8005f1340841465846f4
:109b7c0008f0defe002880f2a1800ca826f05efe24
:109b8c0006a828f09dff08a828f09aff0aa828f03c
:109b9c0097ff0b2304930b264c46dde91e2306a9e5
:109bac00284620f021fa05f11c0306aa0ca920bbbb
:109bbc00cde901a00094284626f05cfe42460ca993
:109bcc00d8b9384610f032fd0146b0b9384622f00b
:109bdc0063ffa0b9013ee0d13a4c0ca829f066f91c
:109bec0006a826f017f808a826f014f80aa826f0fc
:109bfc0011f8204613b0bde8f08f0446ede7dde91f
:109c0c001c2308a928461af085faa1460446002808
:109c1c00e3d153464a460aa9284620f0e5f9044602
:109c2c000028dad1059e5a463946304601f022fe0c
:109c3c0004460028d1d108a93246084629f066f915
:109c4c0004460028c9d108a90aaa084601f012fe48
:109c5c0004460028c1d106a90aaa084601f00afe4a
:109c6c0004460028b9d106a94246084610f0defc8d
:109c7c0004460028b1d1424606a93046f6f77cfbd3
:109c8c0004460028a9d108aa3146304601f0f2fd5d
:109c9c0004460028a1d142463146304610f0c6fc9d
:109cac000446002899d10146304622f0f5fe0028e2
:109cbc0093d1049b013b04938ed06ce7024c98e744
:109ccc00024c96e700b3ffff80b3ffff80b0ffffad
:020000040000fa
:020000040101f8
:109cdc002de9f04f084683b00f461ef0e3fe3946df
:109cec0081465c4824f050ff5b4b0190d3f82cb1bb
:109cfc00bbf1000f00f0a7804ff0000a5646594602
:109d0c005448d84624f052ff00283ed159463846d4
:109d1c0029f05cf89bf810208242054641d89bf84c
:109d2c001240610770d5c4f3c3041546102239469e
:109d3c00584626f0fdfe80b3d6b19bf8128018f081
:109d4c00040f46d0c8f3c308b07c43073dd5c0f31d
:109d5c00c3009bf812208045c2f3800123d2002956
:109d6c0058d0c2f3c30084428cbf0024012464b1d8
:109d7c009bf81020aa4206d89bf8129019f0040ff9
:109d8c0051d0c9f3c309aa465e46dbf814b0bbf147
:109d9c00000fb4d1002e56d0b046404603b0bde8fb
:109dac00f08f4c46c2e7002938d0c2f3c308b07c10
:109dbc00410713d5c0f3c302424515d2c0f3c3000b
:109dcc00844294bf00240124d1e730461ef06afe81
:109ddc00bfe758461ef066fe8046b5e730461ef0db
:109dec0061fe8045b07c28d89bf812406040c307c8
:109dfc0020d45545bcd8c8d15946164824f0c4fec9
:109e0c00019b8342c1d1b3e7584615461ef04afe6a
:109e1c0004468be758461ef045fea4e758461ef054
:109e2c0041fe8046c3e758461ef03cfeaa468146da
:109e3c005e46aae704f0010499e74207bed4304617
:109e4c001ef030febce74ff00008404603b0bde802
:0c9e5c00f08f00bf08d3002000c60020db
:020000040000fa
:020000040101f8
:109e68002de9f04704464ff04063594e0360002542
:109e78004ff47a7c002200236661f0274ff6fe76c5
:109e88006420c4e906c7c4e90a232062c4e901556d
:109e98002573e681266104f178000f4628f0ccff8f
:109ea80022464c4be56742f8803f39462346c4f8c2
:109eb800882084f8d150484a04f1e80027f09cf83b
:109ec80004f5b87023f0c0ff314604f5bc7024f0e7
:109ed80097fd424a4248c4f8885104f5ce7304f10c
:109ee800400a04f5c871c4e96612c4f8a4314ff6f3
:109ef800ff78c4e963503946504604f1940921f0cb
:109f08007ffc39464846a4f8738021f079fc504616
:109f1800a4f8c780a563e56324f0a4fe484624f0ae
:109f28008ffe04f5d877204625f026fc384625f024
:109f3800b3fb2c49384623f00fff04f5e47023f0f7
:109f480083ff04f5e87028f059f904f5f07023f060
:109f58007bff294604f5f47024f052fd94f8f211c1
:109f6800c4f8f85101274ff0330c41f0800132203a
:109f7800c4f80452c4f80c52c4f8185284f8f21108
:109f880084f8f901c4f8fc512046c4f80052c4f81a
:109f9800085284f8f88184f8065284f80772c4f8e5
:109fa8001052c4f81452c4f81c520f4984f80c8299
:109fb80084f81a5284f81b72c4f8a851c4f8ac513a
:109fc80084f80dc217f062fe2046bde8f08700bf96
:109fd8007805ffff7d2904016931040189290401fd
:0c9fe800952904011ad000202c2304014c
:020000040000fa
:020000040101f8
:109ff4002de9f043d5b013ad8846814602ae28461c
:10a00400174627f099fc0023404601aa0d2186f843
:10a01400403026f089f890bbbdf80630044673b38f
:10a0240001a901230df10302404625f0f7f9311986
:10a03400b1429df80300a4460cd03378834211d07a
:10a044000139334604e000bf13f8012f824209d0de
:10a054009942f9d1402c05d00134e4b206f80c0041
:10a0640086f84040012101a826f078febdf80630ac
:10a07400002bd5d11cb199f80030012b59d048469a
:10a08400294619f0fffb4146384826f0d7fd8146a2
:10a09400e0b195f8fe302b449d4217d296f84080eb
:10a0a4002c46b8f1000f15d117b92378052b3ad0f7
:10a0b4004946204624f0f6fa60bb204627f038fbd8
:10a0c40095f8fe3004442b449c42ead3484655b0ec
:10a0d400bde8f083337821788b4206eb080018bf83
:10a0e4000df109033cd098421a4603f10103e4d070
:10a0f40012788a42f7d1002fdad10529d8d11c4b26
:10a1040093f8da39da07d8d54946204624f0cafa52
:10a114000028d2d0484627f065fb4ff00009484696
:10a1240055b0bde8f083124b93f8da39db07c4d598
:10a13400bee73378342b06eb0401a0d00139334653
:10a1440004e000bf13f8012f342a98d08b42f9d1d0
:10a15400402c94d034233355013486f840408ee7a4
:10a16400002fa5d1052ba3d1c9e700bfd8c7002074
:04a1740000c6002001
:020000040000fa
:020000040101f8
:10a178002de9f04f112b8bb00e4614461f46804632
:10a18800b1f80a9002f1100500f087807379c3f3e3
:10a198004103002b7fd0022b0cbf682160210023d4
:10a1a80094f8250094f824208df8067000f0030c2c
:10a1b80043ea0c1399fa99f94ff0600ccdf800c0f6
:10a1c800adf80490adf800108df80130002a5dd08c
:10a1d80020468df8072026f057f960b92378ff2b21
:10a1e80009d00df1080a20686168a268e368d446be
:10a1f800ace80f000fe029464046fff76bfd034629
:10a20800002864d059689a680068db680df1080a6c
:10a21800d446ace80f0028686968aa68eb680df1b5
:10a22800180cace80f00284626f058f9eb4630b178
:10a238005a463146404614f0dff9814610bb2822c1
:10a248005946304611f01efe8146d8b930463b4685
:10a2580006aa514615f068fd284626f04df9002853
:10a2680038d194f825303279c3f3001363f34512db
:10a2780008f10c003271314628f026fa08f11c006a
:10a2880024f08cfa48460bb0bde8f08f10f0080fa8
:10a2980008bf40229ce7622182e7538c12482a4675
:10a2a800214619f0d1fc00283ff470af7079c0f353
:10a2b800410028f00bf8810101f47c6141f4c041b0
:10a2c80049ba89b241f3072323f0300368e74ff016
:10a2d8001409d7e75a463146404617f001f80028d6
:0ca2e800bfd08146cee700bfd8c70020e1
:020000040000fa
:020000040101f8
:10a2f400f0b587b00646002302a801930d4623f06b
:10a3040059fe002851d1bdf80c305bb306f110079b
:10a3140004a839461ef06afa049c2cb94be01ff0dd
:10a3240099f9049c002c46d0bdf8083062899a4201
:10a3340004a8f4d1bdf80a1063699942efd1a38946
:10a34400bdf80c109942ead1ab8819449142e6dc7d
:10a3540021796a7bc1f3400102f001029142ded10e
:10a36400019431e0bdf8084001ab2246294630464d
:10a3740010f076ffc8b901984389a34217d8214643
:10a3840023f070fb88b9019cbdf80a3063611af0b0
:10a394004dfd05f10801a06101981ef007fa01992d
:10a3a4002f4813f01dfd002840d1019808b127f073
:10a3b40019fa07b0f0bd2b4b019c93f8e4395a0706
:10a3c4002ad5002cf5d0ab882a68a18920461af03a
:10a3d400c5ffa988019826f0cdfc019895f90b10ca
:10a3e4002c301cf093fe0198297b2e3023f06afd5b
:10a3f400019c1af01bfda06101994a898b899a423c
:10a40400d7d838461af0d2ff05f120023046019918
:10a414001cf054ff07b0f0bd002cd4d16b7bdb07dc
:10a42400c7d530461ff09afc019ccae70d4b019931
:10a4340093f8e4395c0702d40b7998070ad406f13f
:10a444001007384601221df0f7fa0021064821f0d2
:10a45400effed1e730461ff081fc0199efe700bf22
:0ca4640056cf002000c6002044c6002097
:020000040000fa
:020000040101f8
:10a470002de9f84f0a9d1746002d00f0a5804ff0fa
:10a48000000b064688469946da465c46621e4a44f8
:10a49000002300bf12f8011f202904d10134a54276
:10a4a0004ff00103f6d8ac421bd02a1b012a19f841
:10a4b000040001d90d2871d00a280ed0002b69d1d3
:10a4c000020667d43d2860d0bbf1000f62d110f0c6
:10a4d0001bf800285edb0af1010a0134a542d5d839
:10a4e0002546baf1000f6fd00af0070303eb4303d0
:10a4f0004feada0a5b000aeb4a0a0733cbeb4a0a57
:10a500000aebd303002e6ad0434568d8cdb34ff091
:10a51000000a09f1ff394d44d0465446b34610e0d5
:10a52000314a22fa03f3db0709d4a4010ff0ecff50
:10a5300008f10108b8f1040f44ea000413d04d45b6
:10a540001dd019f8010fa0f10a03dbb2162be7d9d1
:10a550003d284fea8414e9d108f10108b8f1040f4d
:10a560000af1010aebd1230cbaf1010f8bf800308c
:10a570001ed94d450bf1010b4ff00008e1d1abebbb
:10a5800006053d600020bde8f88f0bf1010bbbf123
:10a59000020fa0d96ff02b00bde8f88f621c19f8ec
:10a5a00002100a2902d0002b8ed0f3e7144695e75b
:10a5b000230a8bf80130baf1000f09d18bf8024061
:10a5c000d0460bf1030bbae700203860bde8f88fe6
:10a5d0000bf1020b4ff0010a4ff00008afe73b60b0
:0ca5e0006ff02900d8e700bf0900400020
:020000040000fa
:020000040101f8
:10a5ec0008b54ff40060eff7f9fa002842d140f6b5
:10a5fc000100eff7f3fa002846d140f60200eff71e
:10a60c00edfa00284ad140f60300eff7e7fa0028ec
:10a61c004ed140f60400eff7e1fa002852d140f693
:10a62c000500eff7dbfa002856d140f60600eff7ed
:10a63c00d5fa00285ad140f60700eff7cffa0028d8
:10a64c005ed140f60800eff7c9fa002862d140f657
:10a65c000900eff7c3fa002866d140f60a00eff7bd
:10a66c00bdfa00286ad140f60b00eff7b7fa0028c4
:10a67c006ed108bd4ff40060eff7d3fa40f601003d
:10a68c00eff7acfa0028b8d040f60100eff7c9faa2
:10a69c0040f60200eff7a2fa0028b4d040f6020010
:10a6ac00eff7bffa40f60300eff798fa0028b0d0a6
:10a6bc0040f60300eff7b5fa40f60400eff78efa18
:10a6cc000028acd040f60400eff7abfa40f60500da
:10a6dc00eff784fa0028a8d040f60500eff7a1faae
:10a6ec0040f60600eff77afa0028a4d040f60600f0
:10a6fc00eff797fa40f60700eff770fa0028a0d0b2
:10a70c0040f60700eff78dfa40f60800eff766fa0f
:10a71c0000289cd040f60800eff783fa40f60900b9
:10a72c00eff75cfa002898d040f60900eff779fab9
:10a73c0040f60a00eff752fa002894d040f60a00cf
:10a74c00eff76ffa40f60b00eff748fa002890d0bd
:0ca75c0040f60b00bde80840eff763bac0
:020000040000fa
:020000040101f8
:10a768002de9f0410f4684b00646012107f110009b
:10a7780022f094f9002840f0a880f369002b00f03b
:10a788008680736a002b00f08280014604463846b2
:10a7980022f084f90028c0f2988007f108082146c1
:10a7a800404622f07bf90028c0f28f80351d2946eb
:10a7b800384608f0bff8002880f2878029464046ce
:10a7c80008f0b8f8002880f28080684628f07af906
:10a7d80002a828f077f942464146684601f04cf84d
:10a7e800044648b1684625f017fa02a825f014fa7d
:10a7f800204604b0bde8f081b36c002b4cd0bdf905
:10a808000430002b59db684628f07efbf36bb0eb75
:10a81800430f58d8b36c6846984704460028e1d1de
:10a82800bdf9043000218b42684616da22f036f969
:10a838002a46694688b1684628f06afb044600281b
:10a84800d0d1bdf9043000218b426846eedb04e02c
:10a8580009f0acf904460028c4d12946684608f036
:10a8680069f800282a4669466846f1da3a463046c9
:10a8780002a9fbf7d7f904460028b3d102a9684614
:10a8880008f058f8124b041e18bf1c46aae7114cd2
:10a89800204604b0bde8f0812a46694668460ff0b4
:10a8a800c7fe044600289dd13a46304602a9fbf768
:10a8b800b9f90446002895d1e0e70021684622f05e
:10a8c800edf800289fd0034c8ce7014c90e700bfbf
:08a8d80080b3ffff80b0ffff19
:020000040000fa
:020000040101f8
:10a8e0002de9f04f0c4683b00e2192469b468146df
:10a8f00011f0ecfc002800f09980dff85481002171
:10a90000b8f8162d064626f0d7f9074630b130467e
:10a9100026f06aff384603b0bde8f08f30461cf0e1
:10a920003ffc07460028f2d194f820502544a54268
:10a9300000f08480019000bf14f8011b08295bd04f
:10a9400033d913294bd026d91b293dd055290cd1f9
:10a950003e4826f00dfb40b1d8f8282d002a6ad0d9
:10a960005521304626f0b4f9e8b9a542e4d159465c
:10a9700030460af077fa0446a8b9019b002bc9d0eb
:10a98000484613f0f1fe0028c4d048462146fcf7a3
:10a9900075ff2746bee71129e7d10122304626f090
:10a9a0007ff90028e1d00746b1e7042934d0052912
:10a9b0002bd00229d9d1d9f81c20304626f088f9ad
:10a9c0000028d2d00746a2e798f80b3d1b07ccd44d
:10a9d000304627f03ff80028c7d0074697e799f898
:10a9e00003309a07c1d401213046fef71fff00282b
:10a9f000d9d101230193b8e7d8f89429304626f03d
:10aa000067f90028b1d0074681e7304625f020fedf
:10aa10000028aad007467ae79af80830524630460e
:10aa200018f056fe0028a0d0074670e703273846e6
:10aa300003b0bde8f08fd8f8242d91e75946304691
:10aa40000af010fa00283ff465aface7e4cf00202d
:04aa500000c600201c
:020000040000fa
:020000040101f8
:10aa5400f8b5c369002b75d0056e836deb1ac3f589
:10aa64006c7301338b4270d303685a790446c06f08
:10aa7400012a0e46034626d081420fd860e023689f
:10aa84002a469b6fb84700281bd01bdba84255d829
:10aa9400e36f1844b042e067034651d2626d351a41
:10aaa40022b1e06c904702287cd0e36f216ed4e998
:10aab40008701944002fe2d1e3692a469847002818
:10aac400e3d13b48f8bdd4f88410002932d0814248
:10aad40034d8421ae2672abbc4f88420002e2fd04f
:10aae400636d1bb1e06c9847022833d0216ea26dd0
:10aaf40063688a1ac2f56c721a2b02f1010226dc11
:10ab0400a36bd3f86832d4e90850002d4cd0a84781
:10ab14000028d6d010f5d04f1cd00028d2dbe06737
:10ab24000020f8bd294428461df03cfd0023e06fb9
:10ab3400c4f88430864203d90028d1d01d48f8bd1a
:10ab44000020f8bd036a002b86d11b48f8bd23689a
:10ab54009b6fd8e7236d1bb100221146e06c984728
:10ab640063681b2b1ed0a16b2068d1f86832d0f823
:10ab74008020934216d2c06f83421cbf4ff4fe70f4
:10ab8400a1f888025800834202d8824228bf0246b4
:10ab9400c1f868222046fcf7f3f9084b002808bfe7
:10aba4001846f8bd0648f8bde3699847b0e700bf0a
:10abb400808dffff0094ffff008fffff0097ffffd2
:04abc4000098fffff7
:020000040000fa
:020000040101f8
:10abc8002de9f04f8fb01746009003a801919a46df
:10abd80027f01eff092025f0c3fd002800f0a28001
:10abe800814628f045f90546384626f01dfd189b94
:10abf800184446193146012027f016ff044600285c
:10ac080000f08780384626f00ffd04eb050b394627
:10ac180002468046584625f09bff05eb0800514642
:10ac2800189a204425f094ff4946012203a817f0fa
:10ac38000fff074698b10df1180903a81ef074f923
:10ac48003146204626f08eff4846202126f08aff0e
:10ac5800204627f0effe38460fb0bde8f08fdde95b
:10ac6800001203a801f0b8fc07460028e3d1189b9e
:10ac780098445946424603a824f0baf807460028e3
:10ac8800d9d1214603a817f013ff07460028d2d1cf
:10ac98001a9b002bcfd01a9f82460df118098346c4
:10aca80003a820f097fe00283ad105eb08022146b8
:10acb80003a824f09df898bb494603a817f0f8feae
:10acc80070bb03a820f086fe50bb2a46214603a885
:10acd80024f08ef820bb214603a817f0e9fef8b946
:10ace80005eb0a0087422ebf2a46b7fbf5f205fba3
:10acf80012724ab1199b53441a44494611f801cbc0
:10ad080003f801cb9342f9d187428246c8d85f46ff
:10ad180093e703a81ef008f9034f0df1180993e70c
:10ad280007468ae7014f96e70081ffff0094ffff7f
:020000040000fa
:020000040101f8
:10ad38002de9f0410c68248814f0080482b003d18e
:10ad4800204602b0bde8f0810c4605460df1010130
:10ad580020461f46164624f09ffb9df80130052b20
:10ad68000fd101a9204624f0b7fb0df102012046be
:10ad780024f0a2fb9df80220082a3dd0102a35d0e5
:10ad880022b10824204602b0bde8f0819046404a2e
:10ad98003146204605f0bafc04460028f1d19df85a
:10ada8000230082bccd1bb7f03f00f03072bc7d190
:10adb800bb69434507d038610146c7f8188007f1d9
:10adc8000c0028f0a7f9019b7a69324801339342b5
:10add80088bf7b61fb60d0f86c399845b0d9414693
:10ade80000f65c10032213f033fda9e72a4905f5a4
:10adf80029724ff00008cce7002fc2d00df10301f3
:10ae080020461ff085fc234a9df80330d2f86c8950
:10ae1800013bdbb208f07f0293428df8033026d065
:10ae280008f1ff3202f07f018b4227d008f10108b8
:10ae380008f07f029342a4d1424605f1280021463a
:10ae480023f03cfd0246bb7f03f00f03072b01d024
:10ae580031469ee7bb69434593d8f9d1019bf96810
:10ae6800581c814212d099428bd8314691e705f19e
:10ae78002800214627f08cff0246e4e705f1280068
:10ae88002146904623f01afd0246dce71d2457e7c9
:0cae9800c4cf002000c60020a403040169
:020000040000fa
:020000040101f8
:10aea400f8b590f87a30c66f043b012b75d90023ae
:10aeb4000d460446c0e90533002e00f09d80dff8fe
:10aec40048c132460ce0d07d1162bb4238bf3b46dc
:10aed40003281ad005281dd0012816d0d2695ab3e8
:10aee400116ae769536a206a31f0004118bf0f46be
:10aef400002b08bf0346674528bf67466345e2d970
:10af0400d07d116203286346e4d1616909b1b94275
:10af140070d16761a16909b199426cd1a361dde780
:10af24002a4631462046f7f7edfc002834d16378f1
:10af34009a0642d4f6695eb1f37d062b314620466b
:10af4400f8d012f08bff0028ead1f669002ef3d175
:10af540063789b0631d4e66f002e2ed0022701e0e1
:10af6400f66956b3f37d062bfad13146204612f02a
:10af740075ff0028f4d03146204620f03ffb3146cf
:10af84002a460028ecd0f37d022b18bff775204623
:10af9400f7f7b8fc0028e3d0f8bd36b1336a43f0c4
:10afa40000433362f669002ef8d142780023d106bb
:10afb40043611bd583610020f8bdd4e90513e26920
:10afc400114d206a002918bf0a46aa4228bf2a4602
:10afd400002b08bf03460c498b4228bf0b469a42fc
:10afe40028bf1a46c4e905230020f8bd036a83611b
:10aff4000020e1e7fee7fee7c2690349036a8a42eb
:0cb0040028bf0a46e7e700bf9ac42000fe
:020000040000fa
:020000040101f8
:10b01000f0b500f12c06afb00023044630460c9387
:10b020008df8b73026f09efc05460c98854203d07b
:10b0300008b126f0d9fb0c95002d6bd00ca9204649
:10b0400008f026fb054608bb0c9f7b893033b3f51f
:10b05000a06f0ed3637843f0200301466370384637
:10b0600022f002fd0ca9204608f012fb054668b943
:10b070000c9f2622002102a826f080ff02aa394652
:10b08000304627f0aff80546002845d0227863788f
:10b09000052a6ff3451363701cbf05232370637883
:10b0a00003f00f02072a27d94ff4fa71a06804f1c0
:10b0b000800620f0b7f80146304621f015ffa3685e
:10b0c00029482a492a4a666ea0fb0303db0803ebe2
:10b0d00003138b4288bf1346a3603eb1a36e009357
:10b0e00028460023e26f04f17001b0470c9808b1c4
:10b0f00026f07afb2fb0f0bd013262f303036370d8
:10b100000a21fa2020f08ef8014604f1800021f097
:10b11000ebfeebe70325b9e70c9001221549204629
:10b120000df0a2fe638800b1a3800133638019f0a3
:10b130007ffe6378e0606ff30303637020460321b2
:10b1400022f048f80c4890f80b3d1b07ced400f6cf
:10b15000e8400b211bf09ef8c8e70c9808b126f0d8
:10b1600043fb27f08bfd00bfcdcccccc7fee36006f
:0cb1700080ee3600e0fd020100c6002069
:020000040000fa
:020000040101f8
:10b17c00f0b587b00c46054601aa0868002123f0fb
:10b18c00b1fa30b9236923b19b7f03f00f03072b6e
:10b19c0001d007b0f0bd2b79052bfad10df10602c9
:10b1ac000a21206823f09efa0028f2d1bdf8043061
:10b1bc00bdf806209b0ab3eb922fead102a92068b6
:10b1cc0020f0cefa0028e4d104aa0c21206824f047
:10b1dc00a7ff0028ddd1082304aa1621206821f03e
:10b1ec00e3fd00285bd01728d3d16b79032b6cd0ef
:10b1fc00082304aa1721206821f0d6fd002858d076
:10b20c001728c6d1334817f0e1f9284614f032fe5e
:10b21c009df80f309df80c20029928461cf0c2fdb9
:10b22c0005f19400034605f14002844605f1c40e75
:10b23c001f685e689968d868d060103373451760d2
:10b24c005660916002f11002f2d1196811601b79fd
:10b25c0013716046204e23f0f1fcb5f87330a6f85c
:10b26c008c3abdf804302068a5f85c3002a91ff0b8
:10b27c0045fc2846bdf806100cf020faed7815f0c8
:10b28c0008051cd1294606f6e84022f0d7fc2946d1
:10b29c0006f698401ff0a2fc0223237579e70146bd
:10b2ac0004aa206813f0fcfe17289ed000289cd01e
:10b2bc006fe704aa0121206813f0f2fea5e706f659
:10b2cc00984001211ff08afce6e7024817f07ef94e
:0cb2dc008ee700bff4ce002000c600206a
:020000040000fa
:020000040101f8
:10b2e800f0b590f8a06091b00023cde90b33cde91b
:10b2f8000d33adf83c30002e44d0037801ad13b1c6
:10b30800f31e022b3ed8002319460baa01930446cc
:10b31800c5e90133eb602b8205f08afc00285dd17a
:10b3280094f8a030032b1cbf032384f8a0300df140
:10b338002c0cbce80f002f460fc7dcf800303b8010
:10b348000027237853b1b4f84e20bdf814309a4240
:10b3580026d000220121204613f0c6f9284625f000
:10b3680093f838b9013e042e13d8dfe806f02a24f2
:10b378000d0d0d0094f8a030033b022b02d80223d8
:10b3880084f8a03011b0f0bd032104f124001df0b1
:10b398000bfc29462046012211f056fd11b0f0bde4
:10b3a8001022294604f13e0025f0c4fb0028d0d124
:10b3b800002fced1e6e7022104f124001df0f4fbb2
:10b3c800e7e7d4f8942004f18c039a4204f12400ae
:10b3d80014bf002101211df0e7fbdae706af39466b
:10b3e800184808f02dfaa0b997e80f0094f8a07053
:10b3f80085e80f00042f4ff03503adf814309df8a1
:10b40800283016d0042284f8a13084f8a02001271f
:10b4180097e70baa0121204605f00afc38b994f8f1
:10b42800a030052b83d0052384f8a0307fe70027c0
:10b4380087e794f8a1209a42f9d084f8a13001272f
:08b448007fe700bfc8d7002018
:020000040000fa
:020000040101f8
:10b450002de9f043044685b000f12408019124f061
:10b46000effca36bdff84c9100273e46002b42d146
:10b47000019d002d7ad0002e59d026f0fdfc27f03a
:10b4800049f824f0ddfc94f84430ff2b04bf00237e
:10b4900084f8443094f84530ff2b04bf002384f82f
:10b4a000453026f0e9fc01a902a811f02ff9002887
:10b4b00030d124f0c5fca36b002b3cd126f0dcfc82
:10b4c0002368002b59d00199404624f0c9fc20463e
:10b4d0000ef08af800f0e0fb38b94ff08053c9f85d
:10b4e0000030bff34f8fbff36f8f012624f0a8fc0d
:10b4f000a36b002bbcd02268013ba363002a54d06d
:10b500002369002b42d126f0b7fc0127384605b04d
:10b51000bde8f08320460ef067f800f0bdfb24f094
:10b520008ffca36b83b126f0a7fc0126dee702a8ff
:10b5300026f036f8a1e726f09ffc20460ef054f8de
:10b54000012600f0a9fbd1e726f096fc1fb938468a
:10b5500005b0bde8f08324f073fc616a19b1236b78
:10b560001968c1f10501a0680df058f826f084fcb7
:10b570000027384605b0bde8f08324f061fca068e0
:10b580000af0c0ff074626f077fc9ce704f11000a4
:10b5900006f0caf90028b6d0064b4ff080521a6068
:10b5a000bff34f8fbff36f8fade726f08dfca06028
:08b5b000a6e700bf04ed00e076
:020000040000fa
:020000040101f8
:10b5b8002de9f0470e4698b000248989069407467d
:10b5c80091469846304602aa0c23cde90244cde9bb
:10b5d8000444adf81c40adf8061025f0d5fb044630
:10b5e800002843d1bdf806209df80a300c32adf88a
:10b5f8000620da093ed0c3f3c30503f002031d4356
:10b6080038d1bdf8081049ba89b238461df0acfaed
:10b61800c9f80000002876d0402308aa294625f05a
:10b62800b3fbdff8eca09df82020bdf80c30d9f86a
:10b638000010069152445bba127e05959bb24021d8
:10b648009a42adf81c101ad09df80b2012075cd056
:10b65800002b5ad10df10609bdf80e2052ba92b24c
:10b66800494630461bf054fc044618b3204618b02f
:10b67800bde8f0870224204618b0bde8f0870df138
:10b68800060962b9e8e700bf9df82020bdf806303a
:10b6980052440433127eadf806308a42dcd949465a
:10b6a80005aa304623f0e2f901350446e9b200283c
:10b6b800ead0dbe7bdf8102052ba92b249463046cc
:10b6c8001bf026fc04460028d0d1bdf8122052ba3f
:10b6d8004946304692b21bf01bfc04460028c5d1ef
:10b6e8009df80b0000f00f0026f0a8fd88f8000078
:10b6f8000028bbd19df82030032bb7d138460ca9c0
:10b7080015f0bafdb2e71724b0e70624aee700bf8c
:04b71800f06f0301ca
:020000040000fa
:020000040101f8
:10b71c002de9f0410e4684b03a21044626f032fc65
:10b72c0000286fd023784ff0ff370025b446002057
:10b73c00024600bfa3f13001c9b203f0df060929ac
:10b74c00a6f1410e05d9bef1050f20d8a6f137019f
:10b75c00c9b2013041ea0212042892b214f8013f36
:10b76c00e8d152ba2df815200deb45016a1c002bbf
:10b77c005ed02e2b51d03a2b52d13d46072a04f1e4
:10b78c00010163782f461bdc0c461546cfe70028d9
:10b79c00e7d1013744d13a2b42d163783db93a2bea
:10b7ac003ed1a378002b5ad002342f46bfe7002b92
:10b7bc004cd02a46072a04f1010163782f46e3ddb9
:10b7cc0066466bbb7b1c2fd0062a29dc6c46c2f16b
:10b7dc000805d21b04eb470806d0781904eb40008f
:10b7ec00520041461cf0dafe6a004046002126f069
:10b7fc00bffb0fcc306010207160b260f36004b0fe
:10b80c00bde8f0813146204615f05efb00280cbfe8
:10b81c000420002004b0bde8f081062a664609dd4c
:10b82c00002004b0bde8f081082af9d16c46e0e7ad
:10b83c006646c7e7a4f1040c14f8013c3a2b04f15a
:10b84c00ff300ed060450446f6d1bae7062d6646a9
:10b85c00e6dc6c4604eb4508c5f10805c4e7664612
:10b86c00f7e7204615f030fb10b123782a46a8e7fd
:04b87c00aa1ca7e774
:020000040000fa
:020000040101f8
:10b880002de9f047064686b0002001238e429046ff
:10b890000290cde90330059300f08a8046450f46bb
:10b8a00000f09080fc887cb104f18042013a3b6852
:10b8b00053f8221003eb820321b156e053f8042d14
:10b8c000002a52d1013cf9d1b8f80650002d5ad0c7
:10b8d00000244ff0010905f18042013ad8f8003008
:10b8e00053f8221003eb820321b13ce053f8042dfe
:10b8f000002a38d1013df9d121464ff0010942f229
:10b900001073994268d8f388994235d8002130469f
:10b910001ef0acfb824680b9d8f80030396800953b
:10b92000224630681bf080fdb9f1000f3bd1bb8887
:10b93000b8f8042013fb02f3b380049820b1bdf8db
:10b940001610890024f08cf8029800220123cde91a
:10b95000042320b1bdf80e10890024f081f8504670
:10b9600006b0bde8f0872919c9e7b8f80650002de0
:10b97000c2d04ff00009aee730461ff015fa8246fc
:10b980000028c3d0d9e7294630461ef06ffb824617
:10b990000028d2d1d8f8003039683068cdf800a03e
:10b9a00052461bf041fd0123b3804ff0000ac4e76b
:10b9b00002a80ef0c5f982460028bed1464502af66
:10b9c0007ff470af04a831460ef0baf98246002821
:10b9d000b3d10df1100865e76ff00f0aade700bfb6
:020000040000fa
:020000040101f8
:10b9e00070b588b0002314688df810308df81c30c5
:10b9f000238813f0080400f0818003f44053b3f56a
:10ba0000005f02d0082008b070bd064610460d4603
:10ba1000144622f079f80028f4d16946204623f034
:10ba20003ffd9df80030052becd10df103012046c0
:10ba300023f046fd9df80330082be3d10df1010101
:10ba400028461ef069fe0df1020120461ef064fe3c
:10ba50009df801209df802309a42d3d101a92046d9
:10ba600023f03efd02a920461cf022ff9df8103075
:10ba7000002b46d0012202a92e4827f07dfb054667
:10ba80009df81030022b4cd0002dbbd0286869687f
:10ba900002ab03c302228df81020274a9df8023022
:10baa000d2f86c29013bdbb202f07f018b428df8aa
:10bab000023039d0511e01f07f018b4237d0013264
:10bac00002f07f0293429dd106f17402ab7f03f036
:10bad0000f03072b03d101996b69994292d302a9f5
:10bae000204604f017fe00288dd1ab7f03f00f0332
:10baf000072b88d1019b01336b6184e7204608b096
:10bb000070bd284605a91bf00bf99df81c30002bd1
:10bb10003ff478af05a90122064827f02dfb054622
:10bb2000aee7002db9d16de706f16402cee706f16c
:0cbb30005402cbe780d3002000c60020a8
:020000040000fa
:020000040101f8
:10bb3c0070b590b00e46044602a826f0a5fd282349
:10bb4c0002a906aa304623f065fc02a8282125f09c
:10bb5c0001f99df81e301bb10025284610b070bdb0
:10bb6c0020466b4602aa31461df06eff04460028a3
:10bb7c0045d1bdf80a3073b9eee7002c18bf032489
:10bb8c0001a826f051fb014602a825f0e3f8bdf808
:10bb9c000a30002b37d002aa314601a81cf014f849
:10bbac0005460028d9d19df80430012be8d96d2b1e
:10bbbc00e3d1002c3fd1029b039301a826f034fb68
:10bbcc00014603a826f066fd01a826f02dfb0628e9
:10bbdc0031d8bdf80c302a2b0bd0bdf80840bdf87d
:10bbec000a2014440833a4b2e41ab4fa84f46409a5
:10bbfc00c6e79df80120002aefd10224c0e70546d4
:10bc0c00284610b070bd14f0ff0fa6d0022c14d92a
:10bc1c00032ca2d19df80e1004a825f027fa04a835
:10bc2c00bdf80c4026f000fb04aa03462146304622
:10bc3c0019f090fb91e706258fe7bdf8081008393d
:10bc4c0089b2082230461df01ffd022c11d19df83f
:10bc5c0000308df81e30bdf81c4064ba083c64ba44
:10bc6c0006aa304628230021adf81c4019f072fbbf
:10bc7c0073e79df801406a46013c022328213046b7
:0cbc8c008df8014019f066fbe5e700bff1
:020000040000fa
:020000040101f8
:10bc98002de9f04b24f0d0f8494b1a68013a1a60a4
:10bca8001b68002b73d1474a1268002a6fd0dff84f
:10bcb8003081dff83091dff830c14ff0010b00bf61
:10bcc800d8f80020002a4ad0d8f80c30db68d969a7
:10bcd800186a9a6a88601d6a5468696003f11801d5
:10bce8008c42116808bf50600139002098621160c9
:10bcf8005869d9f800604468d3e902121d1dac42a6
:10bd08008a60516008bf4260da6a02eb82040ceb79
:10bd180084070bfa02fe4eea060e06687968c9f82f
:10bd280000e0013ed1f808e006602748c3f80ce0bf
:10bd380006685cf82400f66ad1f808e099600130da
:10bd4800b242cef804508d605f614cf82400b7d938
:10bd58001e4ac2f800b0d8f80020002ab4d13bb17e
:10bd68001b4b1b681b6843bb1a4b4ff0ff321a6012
:10bd7800194e346844b10125fcf76cfc08b1134b2b
:10bd88001d60013cf8d13460104b1b682bb90024ae
:10bd980026f06ef82046bde8f08b0b4a0f4b126870
:10bda8004ff080521a60bff34f8fbff36f8f01249b
:10bdb80026f05ef82046bde8f08b25f0e1fbd7e7da
:10bdc8007800012070000120640001209c000120ff
:10bdd80068000120880001209000012004ed00e0a7
:0cbde800e4fe002080000120bcfb0020d5
:020000040000fa
:020000040101f8
:10bdf4002de9f04f4ff40074adf5077d00250e4694
:10be040080462946174606a8224699468df81550bd
:10be140026f0b2f830461b21adf8164008f01cfaa3
:10be2400044620b120460df5077dbde8f08f1b21a7
:10be3400384608f011fa04460028f3d106f131031c
:10be440023f001031b7e73b307f1310525f00105cf
:10be5400687e26f0e7fbb0f5007fadf8160005d943
:10be6400032420460df5077dbde8f08f909b687e86
:10be7400d3f828b0d3f83ca026f0d4fb6a690df1be
:10be84001503009302fb00020df11603584606a9a0
:10be9400d047b8b9687e26f0c5fbbdf8163083429a
:10bea40012d90724bee7314640461ff01df9909b86
:10beb4005d6a002db6d090984a4639462346806a7a
:10bec400a847afe70446ade71c49404623f096f97e
:10bed40005460028c4d0cde900079df81520334657
:10bee4000121404603f032f818bb28461af038f90d
:10bef400f8b9bdf8162006a9284620f0ddffc0b920
:10bf0400314640461ff0f0f8909b909a90999b6bb5
:10bf1400d26b896a0393909b5b6a0292cde90031ec
:10bf24004a464046064b2946f7f7c8fc00283ff42a
:10bf340079af0446284625f055fc73e73818040108
:04bf4400582d04016f
:020000040000fa
:020000040101f8
:10bf48002de9f04389b00f460026114404461d46ea
:10bf580003aa04a830230497cde90566079622f0c2
:10bf680053f920b1a0f5745009b0bde8f083dde9bc
:10bf780003361e44314602aa04a826f0b9ff002859
:10bf8800f0d1029b012b73d1042303aa314604a8e4
:10bf980022f03af90028e5d1dde9038707eb080329
:10bfa800b34204930ad0a02303aa314604a822f07e
:10bfb8002bf9002839d010f1620fd3d14246394607
:10bfc80020461df09bff0028ced1049bb34209d028
:10bfd8003146a12303aa04a822f016f958b110f19a
:10bfe800620fbfd1109b009342462b46394620462c
:10bff80023f082fdb8e7dde903361e4403aa04a84e
:10c0080031461cf08bf80028acd1dde903310b4434
:10c018009e4231d1721a204622f044ff0028a3d054
:10c0280010f59d4fded016489ee7dde90332002b60
:10c0380002eb030922dd13780593062b1ad106aa11
:10c04800494604a822f0e0f868b9049b069a0793c9
:10c058001344994504930fd1214605a81ff03cfdd0
:10c068000028abd080e7b0f574507ff47daff3e7dc
:10c07800044879e7044877e7044875e7044873e714
:10c0880000c3ffff80c2ffff9ec2ffff9ac2ffffef
:04c09800a0c2ffff44
:020000040000fa
:020000040101f8
:10c09c002de9f04188b0002a00f08f800c4602f1a7
:10c0ac00ff38054605a81e46174626f003fd14f872
:10c0bc00083073b1109b00933a460f9b21462846db
:10c0cc0005f0a2fd002833d10026304608b0bde8ab
:10c0dc00f0810e9b3c4a3d49cde9006304ab0293d1
:10c0ec0005a8234603f026fc064600283dd010f593
:10c0fc009c5f64d010f5985f63d010f5845fe4d139
:10c10c0014f80830002bd5d104aacde901320093e4
:10c11c002f4a3049234605a803f00cfc064600289c
:10c12c003fd010f5845fc5d0304608b0bde8f08133
:10c13c00284623f0bffd284626f048ff022025f0b4
:10c14c0015f90146284620f0bffc48b9109b009316
:10c15c003a4621460f9b2846fff7f0fe0028b3d045
:10c16c00284623f0a7fd1c4eafe7022025f0fef871
:10c17c000146284620f0a8fc064630b1284623f09c
:10c18c0099fd05a823f036fd9fe7109b0093dde990
:10c19c0005120f9b2846fff7d1fe06460028f0d06b
:10c1ac00ece7109b0093dde905120f9b284605f088
:10c1bc002bfd06460028e4d0e0e7074e85e7074e46
:10c1cc0083e7074e81e700bfc0e90201e0e9020105
:10c1dc0000ea02011cea020100c3ffff80c4ffff5a
:04c1ec0000c4ffff8d
:020000040000fa
:020000040101f8
:10c1f00080b582b000af78600b46fb70fb7803f02f
:10c200000303dab2494b1a70484b1b78002b09d054
:10c21000464b1b78fa78d31adbb20433dab2444bbc
:10c220001a7002e0424afb781370424b424a1a608d
:10c23000424b00221a706ee0404b1b781946fb7887
:10c240003a4a12789b1a994222d03c4b1b781a46e4
:10c250007b6813441b781946384b1b7801337a6886
:10c2600013441b781b0241ea0302344b1b78023350
:10c2700079680b441b781b041a43304b1b7803333b
:10c2800079680b441b781b0613432d4a13602fe07b
:10c290002b4b00221a60254b1b78002b08d0274b14
:10c2a0001b781a467b6813441b781a46244b1a6085
:10c2b0001e4b1b78012b0bd9204b1b7801337a685e
:10c2c00013441b781a021e4b1b6813431c4a13604d
:10c2d000164b1b78022b0bd9184b1b7802337a684c
:10c2e00013441b781a04164b1b681343144a13603b
:10c2f000104b1a68124b1b681946104626f0bcfffb
:10c300000e4b1b780433dab20c4b1a70094b1b68c6
:10c310000433084a1360094b1a78054b1b789a427c
:10c320008ad300bf0837bd4680bd00bff30001209f
:10c33000f4000120b800012000010141f5000120b6
:04c34000bc0001201c
:020000040000fa
:020000040101f8
:10c344002de9f047044623f079fd3f4a3f4e136838
:10c35400013313603368002b45d03d4fe56a3b68d9
:10c36400002b3ad0dff8f080dff818e1dff818c1cd
:10c3740005eb8502920008eb020958f802a0d9f8ef
:10c384000410a1608b68e3608b68201d58600af17b
:10c3940001038860def80010dcf80000c4f8149093
:10c3a40048f802300123ab4003430131ccf800309c
:10c3b400cef8001025f05efd3b6863b13268e36a95
:10c3c400d26a9a4207d2234b4ff080521a60bff3cd
:10c3d4004f8fbff36f8fbde8f0873368db6aab42e2
:10c3e40098bf3460bee734601368012b02d0e56a5d
:10c3f400174fb7e71848dff89480184d144f25f00d
:10c40400b5f8174825f0b2f8164825f0aff81648e5
:10c4140025f0acf8154825f0a9f8404625f0a6f813
:10c42400284625f0a3f8124825f0a0f8114825f075
:10c434009df8114825f09af8104a114bc2f8008073
:10c444001d60e56a8ee700bf7000012064000120d2
:10c454009400012004ed00e0bcfb0020d0fe00208d
:10c46400d0fb0020e4fb0020f8fb00200cfc0020a3
:10c47400e4fe00200cff0020f8fe002068000120ec
:10c484006c0001207c00012080000120bcfe002003
:020000040000fa
:020000040101f8
:10c4940070b50546adf5627d00f1c8066b78dc1e0b
:10c4a400012c01a94ff4617230462ed8032b65d0bc
:10c4b400fcf780fa041e36dc14f5d54f45d027dc92
:10c4c40014f5ef4f58d014f5e34f0dd014f5f14f98
:10c4d40068d0d5f8cc301b2b37d002213046282227
:10c4e4001cf0e4fc042109e0d5f8cc301b2b2cd043
:10c4f4000221304614221cf0d9fc04216b78033b42
:10c50400012b02d828461df0b3f90df5627d70bdec
:10c5140014f5d14ff9d0002cf7d014f5d24fd8d15f
:10c524000df5627d70bdd5f8b430a2b201a9002b1f
:10c53400b4d0d5f8b8009847b0e714f5d14fe4d09b
:10c54400002ce2d014f5d24fdfd0304626f03afd6d
:10c55400ab78002bd9d130466a7905f170011df012
:10c56400a1fdd2e714f5e34fefd0e6dc14f5f14f6b
:10c5740018d014f5ef4fe8d10421bfe71df0b0fd4a
:10c58400d5f8cc301b2b04460ed010f5d54fdcd09b
:10c5940019dc10f5ef4fefd010f5e34fa8d010f5ec
:10c5a400f14f98d10121a9e76b78042b1cbf042318
:10c5b4006b70d5f8ac3000202871002bd2d0d5f8a0
:10c5c400b010984778e710f5d14f9ed000289cd042
:0cc5d40010f5d24f7ff47faf97e700bf57
:020000040000fa
:020000040101f8
:10c5e0002de9f04389b0002800f099800368002b02
:10c5f00000f09580d0f80890b9f1000f00f08f801e
:10c600009d7895420e46144607465cd3e8462a4676
:10c610003621484625f0b2fc3b684d4428469a78be
:10c620005c2125f0abfc032c71d90423a9f1040c87
:10c63000ae4600e00346f1185cf8035051f8042cb4
:10c64000181d6a4084424cf80320f3d29c42754680
:10c650000ed9ac4609eb0300027811f8015b0133f7
:10c660006a409c4200f8012bf6d8032c654653d94a
:10c670000423a5f1040cae4600e00346f2185cf872
:10c68000035052f8041c181d694084424cf80310f2
:10c69000f3d29c42754609d91d44297812f8010b42
:10c6a000013341409c4205f8011bf6d8384621f081
:10c6b0009bfd054660b93b6849469a78384624f0a8
:10c6c00061f8054604e021f08ffd054640b1e846db
:10c6d0004046202125f04afa284609b0bde8f083fb
:10c6e00022463146384624f04df8e84605460028f3
:10c6f000eed14146384624f053f805460028e7d1ec
:10c700003b68d7f808905c789d7846467fe7002c18
:10c71000ccd0002331469ce732460023bce7014dd4
:08c72000dae700bf00afffffe4
:020000040000fa
:020000040101f8
:10c7280038b500f087fa374b374d1868374c4ff259
:10c73800d02320f49f7020f001001b6840f0120005
:10c7480098471af04ff826f065fd11f0bbfc1cf075
:10c75800ebfd1cf0c9fd1bf0adfd22f00dfd022024
:10c76800ecf70af82a4b2b4a2b491960116e2b4813
:10c77800586021f440711166116e2948986041f49f
:10c7880080711166274add601a6127492748284dbc
:10c79800284a59619861dd611a6227492748284d5e
:10c7a800284a59629862dd621a632749274a28484d
:10c7b800284d5963986300210d20c3e90f520ff0eb
:10c7c800e5ff254900200af0ddf900231422206046
:10c7d8000121224815f0c4f807f00ef9204900207d
:10c7e80019f032fb00216060084624f0f1fd0222b6
:10c7f80080211c4824f0ccf824f072f9bde83840b8
:10c8080013f012be00240144d91d04012010002099
:10c8180028100020003e01448114040185240401ed
:10c8280069190301b5090401b1920301ed1d040161
:10c8380099090401691404014da20301b11d040101
:10c84800c51d04019d1d0401391404011932040198
:10c858005114040115320401183004011810002085
:08c86800102c04011c1000203b
:020000040000fa
:020000040101f8
:10c8700070b505468eb0494822f06cf8484822f061
:10c8800069f8484821f04cfc2422002104a825f036
:10c8900075fb022404aa262303214348adf8344043
:10c8a00021f0b6ff08b10eb070bd404e05990446a8
:10c8b000224606f65c1011f0cfffdde90631224674
:10c8c000c6f8943906f65c1022f0faff9df8113094
:10c8d000bdf8342023f0020343f00403052aeb7073
:10c8e000e1d19df81030ab70023b022bdbd8bdf8d4
:10c8f0001210c1f30803c3b909a92d4824f0d8face
:10c900000bab03cbbdf81230c5f8d0014ff6fe7269
:10c910009342c5f8d411c6d0c3f308036bb92b7882
:10c9200043f004032b700eb070bd06f5216025f0b6
:10c9300005ffbdf81230eb81dee7002001ac0226d6
:10c94000cde9010022460a2304211748adf80c6006
:10c9500021f05eff0028a6d105f14006304622f006
:10c9600085f994e8030086e80300bdf8123095f8d5
:10c970005e20bdf80c10a5f8601003f47c4342f073
:10c98000f002a5f85c30304685f85e2001211ef0eb
:10c99000d7f8b5f85c302b82c1e700bfc8ce0020c5
:10c9a000f4ce0020e0de002054c6002000c60020a7
:04c9b00010d0002083
:020000040000fa
:020000040101f8
:10c9b4002de9f043846d00f15005a54289b002d001
:10c9c4001c78812c02d009b0bde8f0839c88b0f8b3
:10c9d4004c6064baa4b2a642f5d189461c4604232d
:10c9e400164680460deb03028989484624f0cef9a9
:10c9f4000028e8d13346019f53f8100f59689a680c
:10ca0400db683fba0df1080cace80f00019718f091
:10ca14000dfa019ab9f80ac096f82410e7888df83f
:10ca24001e104ff6fe73801ab9f80c20b8f84610a1
:10ca3400b8f83e60984288bf4ff6ff73aceb020c27
:10ca4400d8f84020adf81ac08cbf184683b2104401
:10ca5400b8f84420adf81830994238bf19469342cb
:10ca640028bf134698f84820c8f840007fba01361a
:10ca7400adf81c70a8f83e60a8f84610a8f8443039
:10ca840002b3d8f82030002b9dd002a8d8f8281083
:10ca9400984798f84830002b95d1b8f82e30002be1
:10caa40091d1e288b8f84e1052ba92b28a428ad131
:10cab400d8f82430002b86d0d8f8281008f13c0090
:10cac400984780e7b8f82e30002bdad1e288b8f81e
:10cad4004e1053ba9bb28b4204d0d8f82030002bae
:10cae400d3d1e1e7284624f0affed8f82030002b5c
:04caf400cbd1cee7ed
:020000040000fa
:020000040101f8
:10caf8002de9f04192b004460ca898460d46174619
:10cb080023f09efe04a825f0ddff06a825f0daff35
:10cb180008a825f0d7ff0aa825f0d4ff636b002bdf
:10cb280000f08280012118981ff0b8ff002807db69
:10cb380004f134063146189805f0fcfe002813db92
:10cb48003a4d0ca826f0b4f904a823f065f806a815
:10cb580023f062f808a823f05ff80aa823f05cf82d
:10cb6800284612b0bde8f081012119981ff096ff00
:10cb78000028e5db3146199805f0dcfe0028dfdaed
:10cb88002a463b4604a9204617f0c6fa054600285f
:10cb9800d7d13246199906a8f3f7f0fb05460028c5
:10cba800cfd106aa04a908a8fef766fe0546002804
:10cbb800c7d108a9324608460df03afd05460028b7
:10cbc800bfd106aa18990aa8fef756fe05460028fe
:10cbd800b7d10aa9324608460df02afd05460028b5
:10cbe800afd10aabcde901800093204604f11c03c4
:10cbf80008aa0ca923f05cfe05460028a1d10ca8c0
:10cc080024f0ecff00289bd10ca9324608460df011
:10cc18000ffd0546002894d118990ca805f08afe46
:10cc2800054600288dd08be7014d99e700b2ffff3c
:04cc380080b0ffffca
:020000040000fa
:020000040101f8
:10cc3c0030b44ff0884200bfd2f800319905fbd5d3
:10cc4c00444a536823f4704343f480535360536a4b
:10cc5c00db07fcd54ff088423f4b4049404d00204c
:10cc6c00c2f8b0004ff400740120c2f8b050c2f802
:10cc7c00b0101c60194698600b6813f00103fbd1cf
:10cc8c003848344ab0f8ba44354d44f00204a0f8a0
:10cc9c00ba44b0f8ba4404f0fd04a0f8ba444ff01a
:10ccac008840d0f8004124f07f44c0f80041046d66
:10ccbc0044f0405444f00c040465d46824f07e0421
:10cccc0044f00404d460c0f8b030244c264bc0f8b7
:10ccdc00b050c0f8b0400b62536a03f00303032b4f
:10ccec00fad11d4a214b136001239360136813f092
:10ccfc000103fbd14ff0884148f20900c2f8500102
:10cd0c0040f201254ff400444ff41040156794672e
:10cd1c00092508660f4a164c0b6747f6ee70c1f8ea
:10cd2c008030c1f89050c1f8c040c1f8d030c1f883
:10cd3c00e000536843f010035360136843f08873aa
:10cd4c0043f010034ff03330136030bcc1f8b00027
:10cd5c00704700bf00400141000a0044aa99665583
:10cd6c00556699aa00200141280101c00501200047
:04cd7c00cf03802041
:020000040000fa
:020000040101f8
:10cd80002de9f04385b00446894601921f460026ee
:10cd9000dff82c8107e025f06ff820460cf024fc2a
:10cda000fef77aff012623f04bf8a26be36b9a4261
:10cdb00043d3022f5dd0019d002d65d0002e38d0c9
:10cdc00025f05af825f0a6fb23f03af894f8443001
:10cdd000ff2b04bf002384f8443094f84530ff2b28
:10cde00004bf002384f8453025f046f801a902a8c5
:10cdf0000ff08cfc00284dd123f022f8a26be36bde
:10ce00009a42c8d125f038f8019904f1100023f0b6
:10ce100027f820460cf0e8fbfef73eff0028c1d1c2
:10ce20004ff08053c8f80030bff34f8fbff36f8fc0
:10ce3000b8e702a824f0b4fbc2e749463a462046c8
:10ce4000a56b11f071fea36c6bb3022f19d02046b5
:10ce500017f01efb38b11a4b4ff080521a60bff327
:10ce60004f8fbff36f8f25f007f8012005b0bde8a5
:10ce7000f0833a4649462046a56b11f055fea36c57
:10ce80008bb1002de3d0eee724f0f6ff284605b085
:10ce9000bde8f08320460cf0a7fbfef7fdfe002066
:10cea00005b0bde8f083636a13b90028dbd0d2e790
:10ceb00004f1240004f038fd0028d4d0cbe700bff3
:04cec00004ed00e09d
:020000040000fa
:020000040101f8
:10cec400084b41f202029852074a118041f20401d0
:10ced4005a5842f480125a50044a1368db02fcd4b4
:10cee400704700bf0020014100300141043001417e
:10cef400094b41f2020241f2040198525a5842f499
:10cf040080225a5019440a685203fcd441f2280280
:10cf1400985880b2704700bf002001412de9f041cc
:10cf240017460d46ed1b0135012406469846ac40d4
:10cf3400fff7deff013c04fa07f504ea080420eadf
:10cf44000500bc400443a1b23046bde8f041fff700
:10cf5400b7bf38b515460c46641bfff7c9ff01344b
:10cf64000123a340013bab401840284180b238bda7
:10cf7400074b41f614615a5842f004025a501944be
:10cf84000a685207fcd441f60c62985880b2704784
:10cf94000020014170b5800086b2fff7e9ff054625
:10cfa40000bf00bf00bf0824b44200d370bdfff728
:10cfb400dfff854288bf04f2e244641b10fa84f464
:10cfc400a4b20546f0e7f8b54ff47a744cf2503346
:10cfd40060430025b0fbf3f41e46a7b203fb140420
:10cfe400bd4207d164b14ff6f8702040bde8f84067
:10cff400fff7d0bf30460135fff7ccffadb2efe706
:04d00400f8bd00bfb4
:020000040000fa
:020000040101f8
:10d008002de9f0438bb00c4605460323086802aab5
:10d0180014211ff0cbfe10b10bb0bde8f08304aab9
:10d02800082316212068bdf809601ff0bffe0028fc
:10d03800f2d10df106021521206821f055fb0028d8
:10d04800ead10223237504a823f0e6f937490746f5
:10d0580004a802f0cdfa364b76ba93f8ee29f6b268
:10d06800b24233d00fbb00281fdb3ed006a931489f
:10d078001cf0a2fb002846d02b79012b39d004a83c
:10d0880021f0acfc2b79bdf806202e73012bc5e9e5
:10d098000a01ea8201d001232b71fa2105f5c87033
:10d0a8001ff01eff00236b82b6e706a823f0bcff23
:10d0b80006aa3146284600230af064ff6268314612
:10d0c8001032284600230af05dffa5e7b3f8ec39d3
:10d0d800bdf806209a42c5d1002f9dd10028e4db77
:10d0e80003d06b78012b97d0c0e7134825f0b0fe2a
:10d0f80092e704a8d5e90a8921f070fc894508bfa0
:10d108008045bcd388e706a804a902f071fa002874
:10d11800b2db03a907481ff031f90028acd1039a04
:10d128004ef65f239a42a7d876e700bfd8ce0020f4
:0cd1380000c60020f4ce0020e0e600203d
:020000040000fa
:020000040101f8
:10d144002de9f04f87b0002b5bd000f104080446b2
:10d15400404617461e46894625f03af9e269834659
:10d16400002a49d0626a002a46d03a784ab9012e88
:10d1740047d1484620f060f90546284607b0bde887
:10d18400f08f00f1010ab2453bd80246791c4846ab
:10d1940020f094f905460028efd1012109f110008f
:10d1a4001cf062ff05460028e7d13b780393042b6b
:10d1b40052d0039b023b012b23d8b24521d100213d
:10d1c400404622f03bfd012809f1080614d101462e
:10d1d400404622f033fd012807460dd104a825f06e
:10d1e40073fc4a4631462046f8f71efd054650b109
:10d1f40004a822f013fdc0e71e4d284607b0bde881
:10d20400f08f1d4db9e73a46414604a81ef09afc3a
:10d2140005460028ecd1022104a824f04bf8054669
:10d224000028e5d10090434604aa31463046f7f77a
:10d2340013f805460028dbd10146304622f0fefcf7
:10d24400039b03f0010b8345d2d04146324630465e
:10d2540025f064fe0546cbe74fea4b020132b242a9
:10d26400cfd15a4607eb0a0109f1080020f026f94c
:0cd27400054682e780b1ffff80b0ffff9d
:020000040000fa
:020000040101f8
:10d2800070b5d0f8b820b2f81b3003f4684343f40b
:10d290008f6343f00703a2f81b30d0f8b8300021a9
:10d2a00091801a7f61f3c3021a770278d20704468d
:10d2b0001cd54278013a00f1b801042a74d8dfe89d
:10d2c00002f0407358031e00e27a9a719a76d4f8fd
:10d2d000b830364804221a76d4f8b830227e5a760e
:10d2e00006f0f8f80546d8b9d4f8b8300022204640
:10d2f0009a801946bde870400b23faf75dbde27acb
:10d300009a719a76d4f8b830294804221a76d4f85b
:10d31000b830227e5a760bf007fd05460028e3d090
:10d3200061794b1c637124f01dff04f12c062b7fe7
:10d33000db0634d500233046a37118f085ff68bba7
:10d3400070bd04f12c0630464ff6ff7125f0f0f960
:10d3500020461bf0edfa05460028c5d0237c8371da
:10d360008376002124f0fefe04232b76237e6b7649
:10d37000dde7204618f0bcf805460028b4d0e37a73
:10d380008371837621794b1c237124f0ebfe0423f7
:10d390002b76237e6b7604f12c06c8e7fee7294640
:10d3a00020460cf00ffac5e7fee700bf98d2002038
:04d3b000e8d200209f
:020000040000fa
:020000040101f8
:10d3b4002de9f04399b004460ca80f460891904615
:10d3c400994623f03ffa12a823f03cfa0aa825f064
:10d3d4007bfb261d04f16c030093304604f1b40377
:10d3e40004f19c020ca915f0c5fb054660b10ca81c
:10d3f40025f060fd12a825f05dfd0aa822f00efcc0
:10d40400284619b0bde8f083219a0292209a04f1cb
:10d414003803cde90032012104f1f40304f1ec02f4
:10d424000aa810f013fe05460028e0d1219b0193c1
:10d43400209b00930aaa0cab12a9304623f02cfac5
:10d4440005460028d3d194f86430089a012bb844d7
:10d4540031d090453fd3a8eb0203cde9002312a9b4
:10d4640009aba26e30461ef01ffb05460028bed154
:10d47400219994f86420194b0691209953f822209d
:10d484000292cde9048112a9089b0191099d0aa980
:10d4940008aa009103921d4431460caba26e207879
:10d4a400089501f0fdfe05460028a0d1089bdf1b6e
:10d4b400c9f800709be790450dd3a8eb020309a9b6
:10d4c40030461ff0cfff0546002890d1dde9082340
:10d4d4001a440892bde7024d89e700bf982e040163
:04d4e40000b1ffff95
:020000040000fa
:020000040101f8
:10d4e8002de9f04f00f14803d1b0cde903136830be
:10d4f800059048aa53f8041b42f8041b8342f9d14b
:10d50800424b0293dde94a8bdde94ee3404a019242
:10d51800da46dde94c49dde9481c06a800259b46aa
:10d5280049e007684feaf74250e90e6382ea77421a
:10d5380082ea972250f8147c3e444feab34787eac0
:10d54800f317164487ead3031e444feaf4238eeafe
:10d55800090283eab413224082ea0e0283ea746362
:10d568001344334441ea0c029b444fea713701ea01
:10d578000c0302ea08021a4387eab107019b866096
:10d5880087eab15701359b441744402d0beb0a0637
:10d5980000f104000beb070314d0c246e0468c46aa
:10d5a8001946029b1a46f34652f8043fcde9013268
:10d5b800ce46a14634460f2db3d8039b53f82560b9
:10d5c80036bac2e7cde948311a46cde94d49069346
:10d5d800cdf83ce14c96cdf828c10797cdf82c81c1
:10d5e80049a9dde9043401e051f8042b1868104416
:10d5f80043f8040ba342f7d106a84ff4947124f022
:10d60800b1fa002051b0bde8f08f00bf3811020117
:04d61800982f8a427b
:020000040000fa
:020000040101f8
:10d61c007fb5032101a801f05bff464a9df8063057
:10d62c001178454a454d12781940511a4a424a41df
:10d63c004349ea7209789df805200a4214bf01217a
:10d64c000021697202f003018c1e604201f1ff3c63
:10d65c006041dcf1000141eb0c01297312f0400f29
:10d66c00c3f3810114bf062608260229a87239d1fa
:10d67c0002369b09022b8df806303dd1b41ce4b266
:10d68c00130716d5012221460df1030000f048ffc7
:10d69c009df80330c3f3c1038df803302bb1012b7c
:10d6ac0003d0022b0cbf05230923053453fa84f451
:10d6bc00e4b29df80620022a26d1314602a800f0d9
:10d6cc002fffdde90223c5e900239df806302b72fc
:10d6dc009df8053003f00303032b1ed000236b735e
:10d6ec0004b070bd032902d10836f6b2c1e7012996
:10d6fc0004bf00216973bce7032b0bbf06f10804c0
:10d70c000024e4b26c73bbe7032adad10822314659
:10d71c000deb020000f004ffd3e7012221460df1ce
:10d72c00020000f0fdfe9df80230042bd6d101233f
:10d73c006b73d5e7a2010120a101012060ff00203d
:04d74c00a001012017
:020000040000fa
:020000040101f8
:10d75000f0b540f2ff7681ea030c16ea115e1ebfb7
:10d76000b64516ea1355b54252d021ea465141f466
:10d770008011a1fb024723ea465343f48013ae44d1
:10d78000a0fb03650cf0004c36197d41a1fb03475b
:10d7900047f10003a0fb0217f619654153f100039e
:10d7a000094218bf46f0010640f2fe74b3f5007f4f
:10d7b00013d2aef5806ea64523d24cea033128037e
:10d7c00041ea155140ea16503203450872f1004211
:10d7d00050f1000051eb0e51f0bdaef2ff3ea645f8
:10d7e0000fd24ceac321e80241ea555140ea5650b3
:10d7f000f202450872f1004250f1000051eb0e5167
:10d80000f0bd1eea0e0f2dd50cf000410020f0bd3a
:10d8100016ea115f04bf01f000410020004218bf6a
:10d8200041f0010116ea135f04bf03f00043002238
:10d83000124218bf43f0010306ea1354b44218bf62
:10d84000b64503d00cf000410020f0bd21f00041ae
:10d8500023f00043b1eb065f0cd8b3eb065f09d8a9
:10d8600041b13bb10cf0004141f0fe4141f4700187
:10d870000020f0bd40f20001c7f6f8710020f0bdb5
:020000040000fa
:020000040101f8
:10d880002de9f04f90f86460464cd0f8688054f869
:10d8900026408fb005468f1815f8049b09940c910b
:10d8a0007dd2199a019200f1200600f1e40b00f1fb
:10d8b0006c0a189a0092cde90a13044653465a4658
:10d8c0003146284614f0dafb10b10fb0bde8f08ff6
:10d8d0000c9b00930da8fb1a019342460346514648
:10d8e00028461ef0e3f80028efd119980690dde9ec
:10d8f0000c321898cdf800b0cde90470099803eb0c
:10d90000020c0caacde901a00392334642462946f7
:10d910004846cdf830c001f0c5fc0028d5d10c9b9d
:10d920009f423cd3199a019204f1ec0a189a009292
:10d930008434234652463146284614f09ffb002883
:10d94000c3d10c9a00920df1340cba1a01926346bd
:10d950004246214628461ef0a9f80028b5d109986c
:10d96000199a0692cde90140189acdf800a02946ef
:10d97000dde90c45cde904720caa03922c44334630
:10d98000424648460c9401f08dfc00289dd10c992c
:10d990000a9a0b9b891a19600fb0bde8f08f0248f4
:0cd9a00093e700bf982e040100b1ffffc8
:020000040000fa
:020000040101f8
:10d9ac002de9f04f89b000287fd000297dd00c469e
:10d9bc0015468246002a3ad08b1813f8016c002ebb
:10d9cc0035d13e49204615f081fa80b3012d69d935
:10d9dc00b046b146b34604af05a825f06bf800235a
:10d9ec00cde901370093364a3449234605a801f0a6
:10d9fc00a1ff064648bbdde90431069aed1a1c442a
:10da0c00002955d0cde9000001235046e8f7fefd72
:10da1c00064605a822f0eef84eb316f5225f3fd06d
:10da2c00b9f1000f08bfb14608f1010821e000234d
:10da3c00cde900332a46214650460123e8f7e6fd9e
:10da4c008146484609b0bde8f08f10f5a45f27d099
:10da5c0010f5845f17d1bbf1000f0fd1194bb9f141
:10da6c00000f08bf9946484609b0bde8f08f4ff04b
:10da7c00010b012db0d8bbf1000fefd0c1464846c9
:10da8c0009b0bde8f08f05a822f0b4f8049bb9f1f9
:10da9c00000f08bfb14608f10108ed1a1c44e8e775
:10daac00b146cee7dff81c90cbe7dff81c90c8e757
:10dabc0005a822f09ff8a6f52056b1e788ae030121
:0cdacc00a4ae030180d8ffff00d8ffffcc
:020000040000fa
:020000040101f8
:10dad8002de9f04fadf5077d144607464ff4007267
:10dae800884606a8002199469df848a224f042fae3
:10daf8002046172106f0aefb054620b128460df555
:10db0800077dbde8f08f04f1310626f0010665892e
:10db1800a389707eed1a24f083fd854205dc6389b4
:10db2800a1895b1ab3f5007f05dd032528460df5ad
:10db3800077dbde8f08f06aa9bb2204619f0a4f82d
:10db4800909b0590707e9d6bd3f828b024f068fdfb
:10db5800726996f818c0919b019302fb00f2059b2d
:10db6800cdf800c006a95846a84705460028c5d1e3
:10db7800337e43b31e49384621f03efb83460028d6
:10db8800d3d0cde900044346327e0221384601f065
:10db9800dbf998b9baf1000f24d0909b9a6bd3e9be
:10dba800093100240392cde9011400934a4638460e
:10dbb800104b5946f5f780fe00289fd00546584679
:10dbc80023f00efe9ae7414638461df08bfa909beb
:10dbd8005e6a002e92d090984a4621462b46806a6b
:10dbe800b0478be7414638461df07cfad5e700bfc1
:08dbf80038180401582d040146
:020000040000fa
:020000040101f8
:10dc00002de9f8430026804604468446b146334653
:10dc1000354606e00133dbb20136232e04f104045d
:10dc20001fd0e778002f4cd02788bcf800e077455c
:10dc300007d08e4523d04b4584bf994660460023cc
:10dc4000a4468f42e6d1a77897425ad003f1010e3d
:10dc50005ffa8efe65b10136232e734604f104048b
:10dc6000dfd11446c2780f4646462ab36bb9fee7a9
:10dc7000d71b3f06efd50233dbb22546cce7002d9c
:10dc8000d9d10133dbb22546d5e7bcf800208a4262
:10dc900004d11db90133dbb208f18c0599453cbfb5
:10dca00099466046b9f1010f32d99db3b5422fd9db
:10dcb00035f8043cbb422bd185420ed2b54210d27e
:10dcc000fee708eb86001446c278002d08bf054623
:10dcd0000f464646002aefd0c8e707d9b0421bd20c
:10dce000fee7421b2946281d1af05efc05230d485d
:10dcf0002f80ac70eb7008211ef09cfa0020bde86c
:10dd0000f88308eb86060523f3700220bde8f8834c
:10dd10000220f4e70546e9e7043d2a1a011d1af03e
:08dd200043fce3e744c60020c8
:020000040000fa
:020000040101f8
:10dd28002de9f04fcbb007460c46154600214ff4bd
:10dd38008c7204a824f01ef900232a4621467b6031
:10dd480004a8f9f777fe0290002869d1049c059b86
:10dd5800039403eb840306aa02eb830a52f8230018
:10dd6800daf80c307b61dae90112aaf1100304f148
:10dd7800ff3b0193bbf1000f07f118033c60b8604b
:10dd8800c7e90312009340dddff8ac902949dff8ba
:10dd9800ac80dff8ace0dff8acc02837aaf1140a91
:10dda800a7f11002504600bf50f8044fe6b2230e08
:10ddb800c4f307258e5dcb5c4d5d59f8266058f895
:10ddc80023305ef82550c4f3074473400c5d5cf8bb
:10ddd80024406b40634042f8043bba42e4d1bbf1b3
:10dde800010b02f11007aaf1100ad9d1039b01997e
:10ddf80003f18052c3eb037301eb03130099013a5b
:10de080001eb0212103300920193019a0098d2e9b3
:10de18000031036013469268db68c360c0e90112f1
:10de280004a84ff48c7123f09dfe02984bb0bde816
:10de3800f08f00bf38120201acdc0001ace8000131
:08de4800ace00001ace40001b4
:020000040000fa
:020000040101f8
:10de50002de9f041826bd3689b7a013bdbb2092b41
:10de600006d8012101fa03f340f24f310b4205d1ec
:10de70004368013343600020bde8f08101680b79fd
:10de80000646002b36d192f89832002bf0d0d2f80b
:10de90000852002d63d02d68002d63d0ac6840f28d
:10dea0007a339c4224d84ff0070840f2813700bff4
:10deb000d6f8c420210c02f80810d6f8c420424439
:10dec000210a5170d6f8c420424408f10308947026
:10ded000d6f8c400e9684044224622f03dfed5f859
:10dee0009051a044a7eb080275b1ac68a242dfd202
:10def0001f48c1e7012bd2f80852cad13db32d68a3
:10df0000002dcbd11b48b7e7a8f10705c5f30740a3
:10df1000c5f30721edb2d6f8c4201071d6f8c4209d
:10df20005171d6f8c4209571d6f8c420c6f8cc80bb
:10df300016210b23c6f8c81013707368012213440e
:10df4000736030461146bde8f041f8f75dbbcb6c1d
:10df5000002bd7d01a68002ad4d01d689ce7cb6c60
:10df6000002bfad1294628464ff00708d3e700bf17
:08df70000096ffff0094ffff83
:020000040000fa
:020000040101f8
:10df78002de9f04700f16c0988b082464c4600f163
:10df8800fc0802ae94f8223013b1e369002b3dd1ae
:10df980024344445f6d1002501953c4c324601a96c
:10dfa800204622f07bfb002858d19df81970c7f352
:10dfb8000017002ff2d005464c4600bf94f82230d7
:10dfc800bbb9002d08bf254624344445f6d175b1a8
:10dfd80096e80f009df818402c7485e80f0001247e
:10dfe800002385f82240eb61bdf81c302b843d46a8
:10dff800d3e7227c9df818309a42e5d13146204675
:10e0080022f050fa0028dfd02546ede700231f4d07
:10e018000193324601a9284622f040fbb0b900bf5f
:10e028009df81930db06f4d59df81820237c9a4218
:10e03800efd13146204622f035fa0028a8d13246e1
:10e0480001a9284622f02afb0028e9d021461048d9
:10e058001cf05afc002384f8223099e75db1baf825
:10e06800143013b108b0bde8f087504620f034fdf5
:10e0780008b0bde8f0870af13c0023f0e3fb0af1a1
:10e0880004001ff041fe08b0bde8f087a0d60020cc
:04e098002cc7002071
:020000040000fa
:020000040101f8
:10e09c00f0b504469bb0242206a8002123f068ffab
:10e0ac00637802229342adf83c204fd0da1e012a4d
:10e0bc000ed92422002106a823f05aff262306aaf3
:10e0cc000321394820f09efb00283dd110af16e00b
:10e0dc00364a8df8183010685168a3700bad03c523
:10e0ec00d4f8d001d4f8d411e289adf81a200dabd4
:10e0fc0003c3a56b0a950522adf83c2010af2c4d3f
:10e10c00a369d5f89429d5f86c190791134405f532
:10e11c001960089324f0faffa169e3788df819309f
:10e12c0026260c183b4606aa009605f1540003213e
:10e13c00099414f02bf928b9dde90823c5f89c29ba
:10e14c00c5f898391bb0f0bd0020fbe7174e8df8d1
:10e15c00183030687168a3700bad03c52546d4f830
:10e16c00d001d4f8d411e289adf81a200dab03c359
:10e17c0055f8400fa36b69680a930a2203ab03c3db
:10e18c0010af00920522b4f86050adf83c203b462d
:10e19c00a6f6c61003aa0421adf8145014f0f6f834
:10e1ac000028acd0cee700bf54c600201ad0002007
:04e1bc0000c6002079
:020000040000fa
:020000040101f8
:10e1c0002de9f04fd2f800c089b01d4606920cf13f
:10e1d00002025300159addf84cb002ebc50aaa0002
:10e1e00003f008030792524407460c466344049226
:10e1f000032600bf03fb0cf2c2f10202013e02fb48
:10e2000003f3f7d1ddf81c8015985b424246314696
:10e21000059323f0b3fe059a0292049a0392069a9c
:10e220000092159a019501231360dde914212b4614
:10e23000084605f03fff159842462146404422f02b
:10e240008bfc42461599384622f086fc049b0393ca
:10e25000059bcde90153069b00933a462b46394670
:10e26000384605f027ff002e39d10bf1ff3b1f2662
:10e27000129bddf8548053f82b40f44004f0010465
:10e280004ff0000902e000bf4ff001094b46224663
:10e2900053405a421343db17c2456fea030341461a
:10e2a0002a46504601d01ef025fb079b9844b9f141
:10e2b000000fe9d0049b0393059bcde90153069b16
:10e2c000009352462b463946384605f0f3fe002ea1
:10e2d000bcd1bbf1000fb9d109b0bde8f08f013e50
:04e2e000c6e700bfce
:020000040000fa
:020000040101f8
:10e2e4002de9f04786b000240e9e346083b191423c
:10e2f40003d9414806b0bde8f087531a052bf8d975
:10e304003e4b0b604ff001038b8001f1060800e0e7
:10e3140088460546806b0023f43017460c46059367
:10e3240021f0ccfb00283dd1b845e2d8a7eb080387
:10e33400032bded9c1464ff0010329f8043ba86b37
:10e34400d0f8f01119b1d0f8f431002b44d12b6876
:10e35400da6901929b690093a7eb0802f430043a4e
:10e3640005ab4946fff78afa0028c3d10599d5f8c9
:10e3740038a0012024f05afbab6bcaf8f001d3f8a3
:10e38400f001002836d0059a494622f0e3fbaa6b37
:10e39400059bc2f8f431bdf81420043352baa8f82e
:10e3a400022098442b681b7a7bb14745a1d3a7eb85
:10e3b4000802042a9dd94ff00123c8f800302b68c5
:10e3c4001b7a88f8043008f10508a8eb040400203f
:10e3d400346006b0bde8f0874f45059389d3a7ebb9
:10e3e4000902934285d81a464846039322f0b2fba9
:10e3f400039bd0e702487de70096ffff000b000275
:04e404000081ffff95
:020000040000fa
:020000040101f8
:10e408002de9f04f0e4649683568d6f80890f76848
:10e418008bb0cde903230029acbf25f0020501210b
:10e4280015f010030593039b8346d3e900232fd0ef
:10e4380052ea03002cd0a9f10208346915f008004b
:10e4480004f1ff3408904ff00000385518bf08f168
:10e45800ff388a46012c1ddc059b002b54d1089bf4
:10e4680013b1013c20233b5532690095013a4b46d4
:10e47800121b391958460ef0bdffdbf80430db05d6
:10e4880003d573689842b8bf18460bb0bde8f08f43
:10e49800c846d2e752ea030009d1baf1000f06dcf8
:10e4a800a8eb010050440028d6dda807d4d502f017
:10e4b8000f000928d4bf00f1300e00f1570e049860
:10e4c800a0f1410cbcf1190f04f1ff3410d84ef043
:10e4d800200cacf1610cbcf1190f09d870460991f8
:10e4e800cde9062324f06ff8dde90623099986466d
:10e4f800100940ea03704fea131c07f804e00af118
:10e50800ff3a02466346a5e7039bd3e9000150eab8
:10e518000103a4d03a19049b02f8013c023c3023c1
:04e528003b559ce7dc
:020000040000fa
:020000040101f8
:10e52c0080b588b000af78600b46fb701346bb70ab
:10e53c00bb7803f003033b613b69002b03d14ff025
:10e54c00ff33fb600fe03b69012b02d1ff23fb6023
:10e55c0009e03b69022b03d14ff6ff73fb6002e02d
:10e56c006ff07f43fb603b69002b05d0ba783b69a9
:10e57c00d31a0433fb6101e0bb78fb61fb7803f138
:10e58c00824303f58133bb6100237b6151e0ba7890
:10e59c003b69d31a7a699a4222d0b86924f064fe96
:10e5ac00b8607a687b691344ba68d2b21a70bb68d7
:10e5bc00190a7b6901337a681344cab21a70bb68b2
:10e5cc00190c7b6902337a681344cab21a70bb689f
:10e5dc00190e7b6903337a681344cab21a7022e0ad
:10e5ec00b86924f041feb8603b69002b05d07a680d
:10e5fc007b691344ba68d2b21a703b69012b07d9f4
:10e60c00bb68190a7b6901337a681344cab21a7061
:10e61c003b69022b07d9bb68190c7b6902337a68fa
:10e62c001344cab21a707b6904337b61bb6904332f
:10e63c00bb617a69fb699a42a9d300bf2037bd46fa
:02e64c0080bd8f
:020000040000fa
:020000040101f8
:02e64e00704713
:020000040000fa
:020000040101f8
:10e650002de9f043adf5057d0c46074600219046b7
:10e6600004a84ff400721e4623f088fc20461b21ac
:10e6700005f0f4fd054630b96389a1895b1ab3f54d
:10e68000007f05dd032528460df5057dbde8f083f7
:10e690009bb204aa204618f0fbfa313424f001049e
:10e6a0008146607e23f0c0ff6269257e8c9b0193ca
:10e6b000009502fb00f2b56830694b4604a9a847f3
:10e6c00005460028dfd1237e33b9f86c0028dad064
:10e6d00023f08af8fd64d6e72349384620f090fd00
:10e6e000064640b306f1310525f001055f220221ff
:10e6f0001ff0a4ff63886b802146304611f8042b7d
:10e7000002f00f0223f0a2ff62696a61237e2b767a
:10e71000617e69763046009101211bf055ff054668
:10e7200058b1052dafd0304623f05ef828460df5e0
:10e73000057dbde8f0830125a5e7314638461ff089
:10e7400007f905460028ecd1cde90200cde900002b
:10e7500042463846054b3146f5f7b2f805460028e3
:10e76000dfd105258fe700bf38180401582d0401bb
:020000040000fa
:020000040101f8
:10e770002de9f04704469df820709846002b67d09d
:10e780000d46164601eb03091ce095f800a0a4f81d
:10e79000622193f840318aea03033370b4f86031a0
:10e7a000102b26d05a1c92b22344a4f8602193f86f
:10e7b000202101358aea020a4d4506f1010683f857
:10e7c00020a145d0b4f86231102b1bd05a1c92b254
:10e7d0002344002fd9d096f800a0a4f8622193f822
:10e7e00040318aea030a85f800a0b4f86031102ba2
:10e7f000d8d104f590721146204623f07bff002308
:10e800000122d1e794f864210e2a15d894f83f31fb
:10e810000133dbb284f83f3173b904f23111114492
:10e8200004f23f1206e000bf12f8013d0133dbb2f3
:10e8300013700bb98a42f7d104f5a07204f59871f0
:10e84000204623f057ff0023a4f862310122bfe7de
:10e85000d4e9562343449342c4f85c310ed3b4f850
:10e8600060316bb994f8642102f231102044c2f196
:10e870000f020021bde8f04723f080bbbde8f08720
:10e8800004f590721146204623f034ffeae700bffa
:020000040000fa
:020000040101f8
:10e890002de9f0418b880c6884b0002726889df80c
:10e8a00028808df80c7013b904b0bde8f0810446df
:10e8b000084601a9154618f033fa01a901223b4880
:10e8c00006f0200624f058fc00284ed006b3002d98
:10e8d0006ad00e2d1dd13946263080221ff0e0fa75
:10e8e000bdb9d4f8d0300133c4f8d030d4e93723df
:10e8f00001320133c4e937239df80c30012b22d0bb
:10e90000d4f8d4300133c4f8d43004b0bde8f08179
:10e910002db3b8f1000f41d1d4f8d0300b2d03f155
:10e920000103c4f8d0302ad1d4f80c310133c4f833
:10e930000c316ebbd4f8e4300133c4f8e4309df8f8
:10e940000c30012bdcd1bdf804204ff6ff739a4246
:10e95000d6d1d4f8d8300133c4f8d830a4e7d4f8ed
:10e96000d0300133c4f8d030e4e7002dd1d1d4f851
:10e97000d0300133c4f8d030002eb7d1dae70f2df4
:10e98000d7d1d4f810310133c4f81031002ed1d0d2
:10e99000d4f8dc300133c4f8dc30ade7d4f8fc3017
:10e9a0000133c4f8fc307fe7012195e780d30020d4
:020000040000fa
:020000040101f8
:10e9b0002de9f04f85b00e46009008783a28914630
:10e9c00043d0ff230193002781455ffa87f84ed09b
:10e9d000b3464ff0000a03ac08e09df80c1001ebc1
:10e9e0000a1abaf5803f23d21bf8010f21465d4673
:10e9f0001df090fb0028f0d05e4519d09bf8001068
:10ea00002e2952d03a2901d0494511d1082f0fd0d3
:10ea1000009b9afa9af223f817209bf8000008f15d
:10ea200001083a285ffa88f806d001372e46cbe76e
:10ea3000062005b0bde8f08f9bf801003a280cd005
:10ea40000bf1010501372e46bee74b783a2befd18b
:10ea50000023887801930236b5e7019bff2be7d1ad
:10ea6000cdf804809bf802000bf10205dde7b8f158
:10ea7000080f18d000250824019bff2bd8d000993f
:10ea8000a8eb0302d2b201eb430ba01a01eb40004a
:10ea90005200594619f088fde21b584652000021e9
:10eaa00023f06cfa45b90020c3e7b8f1060fbfd8d0
:10eab00003d001250624dfe703ac4a463146204651
:10eac00018f002fb0028b4d1009a039bd360b0e792
:020000040000fa
:020000040101f8
:10ead00030b50378db0685b032d404460ef050fd25
:10eae00008bb2379052b1cd8dfe803f0575a2f40c9
:10eaf000030c04f10b0120461df0c4fd002868d072
:10eb000023790bb10023237104f1940020f09cf8c9
:10eb1000204605f091f9014619b104f5c8701ef0c0
:10eb2000e3f905b030bd204601f036f90028d8d110
:10eb30002379052b4ad00523237140f2e241ece70b
:10eb400001210bf0b1fb05b030bd0323237100217f
:10eb500004f194001bf0f4ff237824486ff3c303ff
:10eb600000222370227201211cf03ef8237a013327
:10eb700023726946204616f0d3fda8b99df800100f
:10eb800020460cf0c9fe9df80030012b1ed00bb1c1
:10eb9000022bc6d140f2ee21bfe700236382c0e71b
:10eba000204615f04dffbce7204613f095fe237973
:10ebb0000028a6d0042b1cbf04232371012120466a
:10ebc0000cf0aafeff23e372a18aa5e740f2e2411e
:10ebd000a3e7e57a684622f02bfa29466a46012324
:10ebe000204609f0d3f9a18a96e700bf98d2002009
:020000040000fa
:020000040101f8
:10ebf0002de9f0478e8984b00d4691469a463146fc
:10ec00002846022301aa22f0c3f8044638b131464f
:10ec1000284623f051fd204604b0bde8f0870221cc
:10ec2000284622f0a9f89df80430112b0bd0292b8f
:10ec300009d0e02148461ef0c7fe04460028e6d170
:10ec40009df8041000e0e12148461ef0bdfe044698
:10ec50000028dcd19df805804feac80808f10608b5
:10ec6000b8f1ff0f26d89af800302bb33c2b23d0f5
:10ec70000746ab896a8943443b44934245dc9df88f
:10ec800004308af800305ffa88f148461ef09cfe96
:10ec900004460028bbd148464346aa8929461cf0b1
:10eca000a7fa04460028b2d108eb0701284622f053
:10ecb00063f8b0e70124aae703a84246a98923f034
:10ecc000e9f9bdf80e70002fd3d003aa294602a897
:10ecd00018f080ff0446002899d102a823f0aafa70
:10ece000014603a822f03cf8bdf80e70002fecd1cd
:10ecf0009df80830012bbcd802a823f09bfaa8eba2
:10ed000000081ffa88f80746b3e706247fe700bf2c
:020000040000fa
:020000040101f8
:10ed10002de9f043b1f80c8083b00f46914641468f
:10ed200038466a46082322f033f80446f0b9bdf8a5
:10ed30000050bdf802606dbaadb225f00f039bb272
:10ed40004ff2b00276ba9342b6b217d005f47f43c1
:10ed5000b3f5704f3fd006f47f43b3f5704f50d0fa
:10ed6000f02148461ef030fe0446e8b141463846e0
:10ed700023f0a2fc204603b0bde8f08326f00f028a
:10ed80009a42e3d1f32148461ef01efe04460028b5
:10ed9000ecd106f00f0141ea0511c9b248461ef058
:10eda00013fe044640b1e1e76946042248461ef0de
:10edb00047fe04460028d9d1bdf8061049ba484696
:10edc00089b21ef015fe04460028cfd1384608212e
:10edd00021f0d2ffcee7f22148461ef0f5fd0446b1
:10ede0000028c3d1e9b248461ef0eefd04460028d3
:10edf000bcd1314648461ef0fbfd04460028dbd05e
:10ee0000b4e7f12148461ef0dffd04460028add1ed
:10ee1000294648461ef0ecfd04460028a6d1f1b272
:10ee200048461ef0d1fd04460028c5d09ee700bf2d
:020000040000fa
:020000040101f8
:10ee30002de9f04f95b0dde920643768a7427cd812
:10ee40000d4698469246e31b814632461e99284657
:10ee50001cf012fe074618b1384615b0bde8f08f19
:10ee60001e9822f0bffe002869d108a821f0ecfc12
:10ee70000ea821f0e9fc04a823f028fe06a823f040
:10ee800025fe33689c4258d3e31a324608a9284627
:10ee90001cf0f2fd074678b933689c420bd9591c27
:10eea0008c42316007d393f800b0641aa34502d8ae
:10eeb000bbf1000f10d1234f08a823f0fdff0ea8cf
:10eec00023f0faff04a820f0abfe06a820f0a8fe6d
:10eed000384615b0bde8f08f5a4604a81ef0f0fa87
:10eee00007460028e8d106aa336803921f9a0292c7
:10eef0001e9a01925b4408aa00924846336052462b
:10ef00004346294605f0e4fc07460028d4d104ab6b
:10ef10000093cdf8048028461e9b06aa0ea921f076
:10ef2000d9fc07460028c7d108a90ea81cf08afd05
:10ef3000054b071e18bf1f46bee7024f8ce7034f65
:10ef40008ae700bf80b0ffff00b2ffff80b3ffff82
:020000040000fa
:020000040101f8
:10ef50002de9f04786b003f13105dde90e4925f0d2
:10ef6000010501291e462046884617464ff000013c
:10ef70006a780cbf1b2517251ff060fb314603a8dc
:10ef80001af010fb00286ad1bdf81230013b9bb289
:10ef90004ff6fd7293424ad80646bdf810a021e014
:10efa0000126bdf812204ff6ff739a425ad0bdf8e1
:10efb0001400039b801a80b20090514620461cf03a
:10efc000e3f800284bd103a822f0aafbbdf81230c9
:10efd000013b9bb24ff6fd72934227d8bdf810a0bb
:10efe00000283cd15545dcd8002ed9d109f1310695
:10eff00026f001063b467269717e0091013241465e
:10f0000020461bf0e1fa50bb726904f1310323f092
:10f01000010301325a61727e5a76baf11b0f1f76d4
:10f0200002d0baf1170fbbd10126cce7beb909f166
:10f03000310525f0010541466a696b7e0093013276
:10f040003b4620461bf0c0fa48b96a6904f1310317
:10f0500023f0010301325a616a7e5a761f7606b0a8
:0cf06000bde8f08700235b88ffde00bfe6
:020000040000fa
:020000040101f8
:10f06c002de9f04f1546e5b00aa80f469b46bdf8b2
:10f07c00b891ddf8bc8121f0edf86a89012fa2eb83
:10f08c000904a4b20bf1100a56d109f105039342fd
:10f09c0068d8043c5646a4b2da4604a906f1080026
:10f0ac0021f0b4ff0df1180b04a85b460522d8f82b
:10f0bc00011021f0c7fe3048d8f80510d0f86c3993
:10f0cc0009ba8b424bd000f65c1020f0e3fb0146f2
:10f0dc000aa821f0e9f80d23cde900b32246042358
:10f0ec002a210aa8f9f734fd314610220aa80cf09f
:10f0fc003bfb514610220aa80cf036fb41460a2273
:10f10c000aa80cf031fb009723464a4629460aa868
:10f11c0013f06cf903a90aa817f0d8fd77b903a965
:10f12c00284604221df0c4fe04460aa822f0dcff87
:10f13c00204665b0bde8f08f5e46aee769890023d6
:10f14c000439009303aa89b20423284614f03efb29
:10f15c0050b12846042122f0b7ff0024e5e700f562
:10f16c001761b5e70624e0e70824dee70aa822f0d9
:0cf17c00bbff23f07dfd00bf00c600209b
:020000040000fa
:020000040101f8
:10f188004278002a5fd0f8b511f0040605460c460f
:10f1980002d0c379012b57d0a20736d114f4405faf
:10f1a8000dd0eb781b0707d595f85e301f0703d005
:10f1b800b5f86030022b02d06b78022b4bd0a0053b
:10f1c8000cd5002e5ad0304822f092fa6b7813b141
:10f1d800284607f0c3fb2d48fef7cafe14f4827fc9
:10f1e80005d0e10529d46b78023b022b25d96202b0
:10f1f8000ad5274a92f8ee391f2b14d8d2f8f029ed
:10f2080022fa03f3db070ed5f8bd05f5e477394696
:10f2180020481ff04ffc20b36b78022bbed1284644
:10f2280023f074f8bae76b78002bedd0002228465b
:10f238001146bde8f84017f0d3bf2846fef72aff6d
:10f248006202e1d5d5e770470023022ac371a3d132
:10f2580023f05cf8a0e7284623f058f8a005bdd5b0
:10f26800afe705f5e87022f0c9ff3946094818f0fc
:10f27800f1fc1021084822f095facde7642105f148
:10f288007c001cf03bfa9ee7b8de002060c8002036
:0cf2980000c600202cc7002028c6002063
:020000040000fa
:020000040101f8
:10f2a4002de9f04391b01b9f1c9d3c68ac427fd874
:10f2b40081460aa81e460d46904621f0c3fa06a8c8
:10f2c40023f002fc08a823f0fffb1e9b01931d9b67
:10f2d400009306aa0aab3146284612f0cdfe044636
:10f2e40060b10aa823f0e6fd06a820f097fc08a860
:10f2f40020f094fc204611b0bde8f08308ab0393e2
:10f304001a9b0293199b01930aab00934846334618
:10f314004246294605f0dafa04460028e1d108a954
:10f32400189a0846fcf7aafa04460028d9d108aa74
:10f3340006a9104623f0f2fd04460028d1d108a9fd
:10f3440005f1340208460bf075f904460028c8d1cb
:10f354003b681c9a0093d31a01934246284605ab96
:10f364000aa91cf0a1fb04460028bad13b68059aff
:10f3740013443b6008a823f02bf83b681c9a0590c3
:10f38400934217d8d11a421c914213d3ff2811d8a3
:10f394005a1c3a6018703968059a08a822f084fc4f
:10f3a400044600289dd13b68059a13443b6098e7c6
:0cf3b400014c9fe7004c94e700b1ffff04
:020000040000fa
:020000040101f8
:10f3c000f8b5431e0a334fd800f1080414f00703c0
:10f3d00005d0c3f10803da43a24245d31c4423f00d
:10f3e00099f8374803682246002b4ad0002a40dbb0
:10f3f000002c3ed0dff8dcc0dcf80070a74238d328
:10f40000304d2b6803e01a6822b11d461346596837
:10f41000a142f8d302689a422bd02e681a682a605b
:10f42000081b102806f1080608d903eb040e214634
:10f43000cef804005c601a51c5f800e0224a10685a
:10f440007f1a8742214838bf17600268ccf80070e5
:10f4500041f000410024013259601c600260fcf759
:10f460001bfc46b13046f8bd23f054f8144802683e
:10f4700032b1fcf711fc002622f0eafc3046f8bd60
:10f480001446134b134e0f4fdff83cc05907124977
:10f4900018bf073321f0070118bf23f007031d46eb
:10f4a000cb1a3360002a4ff00006c1e90066016004
:10f4b0007e60ccf80030c5e900133d60d9db97e7ea
:10f4c0003c000120000001204400012048000120f0
:0cf4d000fc11002040000120f4c50020c9
:020000040000fa
:020000040101f8
:10f4dc0080b588b000af78600b46fb70fb7803f00a
:10f4ec000303fb60fb68002b03d14ff0ff333b6140
:10f4fc000fe0fb68012b02d1ff233b6109e0fb68a5
:10f50c00022b03d14ff6ff733b6102e06ff07f4398
:10f51c003b61fb68002b05d0fa78fb68d31a0433e7
:10f52c00fb6101e0fb78fb612f4bbb6100237b612e
:10f53c0051e0fa78fb68d31a7a699a4222d0b869fa
:10f54c0023f092feb8607a687b691344ba68d2b231
:10f55c001a70bb68190a7b6901337a681344cab202
:10f56c001a70bb68190c7b6902337a681344cab2ef
:10f57c001a70bb68190e7b6903337a681344cab2dc
:10f58c001a7022e0b86923f06ffeb860fb68002b9c
:10f59c0005d07a687b691344ba68d2b21a70fb68da
:10f5ac00012b07d9bb68190a7b6901337a681344ac
:10f5bc00cab21a70fb68022b07d9bb68190c7b699d
:10f5cc0002337a681344cab21a707b6904337b61c4
:10f5dc00bb690433bb617a69fb699a42a9d300bf4a
:0cf5ec002037bd4680bd00bf0002014179
:020000040000fa
:020000040101f8
:10f5f8002de9f00b06880b88b4b24ff6ff729442df
:10f608009db223d09542d1f8027027d05bbad0f8ca
:10f6180002204ff000081ffa83f93fba18eb0704dd
:10f6280076ba4ff0000b12ba49f100051ffa86fcb2
:10f638001beb02084cf100094d4508bf44452bd08f
:10f6480013d34ff0ff30bde8f00b7047d0f802201d
:10f65800571c14d0a542d1f802700ad17a1c27d1c0
:10f66800cb884ff6ff72934237d10120bde8f00beb
:10f6780070475bba4ff000081ffa83f9cde7c788d7
:10f68800a742e7d1bd42dcd1d1f80200431cd8d152
:10f69800cb88ab42ead101e0c788cb885bba9bb282
:10f6a8007fbabfb25a08b2eb570f08d0c9d2dce70d
:10f6b800d0f802204ff000084ff6ff79ade707f0c9
:10f6c800010703f00103bb4205d0002f0cbf4ff028
:10f6d800ff300120cae70020c8e7d0f802204ff029
:10f6e800000876ba12ba18eb02041ffa86f949f133
:10f6f80000054ff6ff794ff0ff384d4508bf4445e8
:08f708009fd1c788cae700bfca
:020000040000fa
:020000040101f8
:10f710002de9f04fdff80ca183b0904606468946ec
:10f72000144631236a46494630461ef071fd0028d2
:10f730006bd13768009b1f44302301aa39463046fd
:10f740001ef066fd38bb019b3168002b01eb030bfb
:10f7500057dd22460b7842f8043b594606233046d3
:10f760001ef056fdb8b932686168a2605318abeb61
:10f7700003000028336044dd505c1e2828d9254d45
:10f78000d8f8180022f07efa0023c8f8183028466e
:10f7900003b0bde8f08fa0f50e55002df0d1336811
:10f7a0009f420ad001202077202123f041f9a06157
:10f7b00004460028c0d1184de2e7b94528d02021e1
:10f7c000012023f035f9a06104460028a9d1f2e711
:10f7d0002afa00f0c007d2d501333360535ce360ee
:10f7e00004f110025946304612f0acfc0028d2d188
:10f7f00033682269636113449b45336003d1a06180
:10f80000cee7064dbce7064dbae7a0f50e55b7e7c3
:10f810000025bce71edcffff80d7ffff20dcffffd9
:08f820001adcffff081058502c
:020000040000fa
:020000040101f8
:10f828002de9f04f054685b0084691461df0d6fdf6
:10f8380000287ad02b8982899a4265d8c2899a424f
:10f8480062d3837a0b2b044603d1ab6b5b789b079f
:10f858005ad5204620f040f938b1ab6bd3f8f831cf
:10f86800002b51d01b88002b4ed0204622f09efd45
:10f8780020b128681ff03afb002845d020461df02b
:10f88800c3fd8246002839d02b68de6c002e3bd0a1
:10f898004ff0000b3068cdf804b0cc30514622f060
:10f8a800a5fda8b301ab0122214630680bf0cefebe
:10f8b800804668bbbaf1040faa6b1dd13368d2f831
:10f8c800f871cc3393e8030002ab83e803001846d1
:10f8d80023f03af90238022829d8039b388893f88c
:10f8e800008020b914e000bf37f8020f80b123f080
:10f8f80019f94045f8d1aa6bc2f80862204620f0f1
:10f9080067ff48b9c9f80040002005b0bde8f08f8e
:10f91800b668002ebed1f7e721f006fd014628465d
:10f928001bf076fa0028edd1eee70248ede798f8eb
:08f938000030ffde0094ffff28
:020000040000fa
:020000040101f8
:10f940002de9f04385b0002870d0074618460c46d4
:10f950001e46914613f0c0fa8046002864d04946fe
:10f96000304613f0b9fa054600285dd080455bd2d9
:10f97000204621f05dfe18f8003008eb0004202b33
:10f9800008bf14f8013f0d2b08bf14f8013f0a2be4
:10f990004ad1484621f04cfe2b5c2a18202b08bf88
:10f9a00012f8013f0d2b08bf12f8013f0a2b08bfc8
:10f9b00001320134921b0e9b2e1b152e1a6020dc87
:10f9c000a54235d90021009603aa08462346faf736
:10f9d0004ffd2c3030d0039941b3012023f028f89b
:10f9e000054638b32346009603aa0399faf740fd6b
:10f9f000044678b9039bc7e90053204605b0bde82b
:10fa0000f08316220d49204621f098f80028d7d11e
:10fa10000b4cf2e72846039920f022f8a4f588540d
:10fa2000204605b0bde8f083064ce6e7064ce4e767
:10fa3000064ce2e7064ce0e7064cdee7a0120401c4
:10fa400000ecffff80efffff80ebffff00efffff09
:08fa500080eeffffd4eeffff82
:020000040000fa
:020000040101f8
:10fa58002de9f047436f13f0100884b06ed1002ae7
:10fa680054d013f0080869d10c46590716460546c4
:10fa7800426a5fd4964261d80078697843f00403fb
:10fa880080ea12206b674a40eb6a28706a7005f1b9
:10fa9800380700bf03f1020909f00f09c9f1100c7a
:10faa800b44528bfb446bcf1030f05eb090e3ed997
:10fab8000423aef1040a00e00346e1185af80300f3
:10fac80051f8042c4240181d60454af80320f3d928
:10fad800634509d27344e6441a7811f8010b424091
:10fae80003f8012b9e45f7d1eb6ae1446344b9f171
:10faf800100fa6eb0c066444eb620bd06a6a9342c3
:10fb080008d0002ec6d16a6a9a421ad0404604b07c
:10fb1800bde8f08703ab009310222b4629463846f0
:10fb280009f0cefbb0b9eb6a002eb3d1ebe70023a6
:10fb38002146cfe7c36a99199142a8d96ff00c08fa
:10fb4800e4e76b6fee6243f0080340466b6704b06e
:10fb5800bde8f0876b6f804643f0100340466b6743
:08fb680004b0bde8f08700bf06
:020000040000fa
:020000040101f8
:10fb70002de9f041037e86b000248df81440dc07a7
:10fb800035d58b8815460e4604469bbb3b4f97f8f0
:10fb9000ba3d03f00f03072b04d097f8663d13f02e
:10fba0000f0850d00b2d1ad00f2d18d0002d35d0a6
:10fbb000637e5d1c05f00f0565f303036376304635
:10fbc00022f0e0fa002814bf0f2304239d4233da09
:10fbd000237e5a070bd443f00403237603e0237eed
:10fbe00043f0040323762046012111f079fa06b090
:10fbf000bde8f08103a9304617f092f81f4f204866
:10fc0000012203ab009231462a460ef0e3f997f841
:10fc1000ba3d03f00f03072bbfd1c3e7627e237efb
:10fc200012f0f00fc3f3800304d0f03212f0f00fa3
:10fc300062761bd0002bdad0238b23f4706323f081
:10fc400004032383cfe704f10c0021f0fffde27ae7
:10fc5000238b68f3870203f0800307f60850e272f3
:10fc6000238315f085fd06b0bde8f081e27a65f3e7
:10fc70008702e272002bb6d0dee700bf00c600208c
:04fc800098d20020f6
:020000040000fa
:020000040101f8
:10fc84002de9f0430d6885b0002401942c799df88a
:10fc940030709df83460e4092ad04468002c50d0b8
:10fca4006c89b4f5a06f27d880468946374802f19d
:10fcb40008011d46144621f061fa10bb98f8003083
:10fcc40003b11fbb3246494601a818f02bf801992d
:10fcd400044648b94046fbf72fff002201980192e1
:10fce400d8e901319847019911b1084621f07afd0c
:10fcf400204605b0bde8f0830224204605b0bde8e7
:10fd0400f083dfb198f80030002bdbd0112d1ad02e
:10fd14003a2dd7d104f1180108f124001af0dafdc4
:10fd24000028cfd0d9f80000082381890deb030205
:10fd340021f02cf89df80830802bc3d101990224be
:10fd4400d2e70424d4e7d9f80000082381890deb15
:10fd5400030221f01bf8bdf80a100d4849ba89b214
:10fd64001ff05cfc40b1bdf80a10094849ba89b2d9
:10fd74001ff044fc0028a5d001990424b4e701989d
:10fd840008b121f02ffd22f077ff00bf08d3002037
:04fd940088c60020fd
:020000040000fa
:020000040101f8
:10fd9800f0b500f1940600f1400585b004463146ff
:10fda8002846082220f0c6fe30b96378022b64d0ba
:10fdb800014628461af0c0fe0b2120460cf082fab4
:10fdc800074600285dd094f8d13004f1c902042117
:10fdd80013f07afc054628b1384621f001fd284683
:10fde80005b0f0bd38461ef0f5fe05460028f3d1f3
:10fdf800e2780121384620f04fff05460028ebd174
:10fe0800e2690221384620f05fff05460028e3d169
:10fe180005221221384620f04bff05460028dbd189
:10fe28001e4b93f80b3d1a0705d4384621f00efef9
:10fe380005460028d0d1e3789b0726d50323184a26
:10fe48000d21384613f040fc05460028c4d1384639
:10fe580021f09ef905460028bed1072130461af048
:10fe68006bfe314668461df077ff6946384604f058
:10fe7800f5ff05460028b2d0aee71825284605b09c
:10fe8800f0bd0325284605b0f0bde1793846f9f7fd
:10fe9800c9fc054600289fd10223d0e700c60020f0
:04fea8002823040106
:020000040000fa
:020000040101f8
:10feac002de9f0413a4a0b7f16684d7e13f0040f92
:10febc0082b00c46804614bf022701270eb1d90729
:10fecc005ed5204622f0a4fb70bb1ef017fb04f19c
:10fedc0018014e20f3f71ef92e4e04f1190159208a
:10feec00f3f718f92c4822f021ff3378022b03d0ba
:10fefc000d2002b0bde8f081a07913f0fffa274b7a
:10ff0c00a2881a700035204618bf0125019321f0f4
:10ff1c00cffb2a46394620b368460df02bfd28b39b
:10ff2c00012002b0bde8f08120461cf0b9fe00288b
:10ff3c00cbd0237f9a07c8d4db06c6d4184b2046f7
:10ff4c00197823f0bff8174b196820464a1c1a6021
:10ff5c0023f0baf8144ba3601449204623f0aef8f2
:10ff6c00b3e7684616f0d4fc0028d9d140460323e9
:10ff7c002146337022f090f9002002b0bde8f081e8
:10ff8c0017f024fbb1b20246204623f099f898e70b
:10ff9c0020000120e700012074240401b0fa0020a5
:10ffac00e10001202800012020ff0020e8ff0020b4
:020000040000fa
:020000040101f8
:10ffbc00f0b5044685b00f4601921ff03bffa56bd0
:10ffcc00002d57d1019b002b36d002a821f0e2fa6c
:10ffdc003a4e21f04bff22f097fa1ff02bff94f8ca
:10ffec004430ff2b04bf002384f8443094f8453090
:10fffc00ff2b04bf002384f8453021f037ff01a903
:020000040102f7
:10000c0002a80cf07dfbe0b91ff014ffa36b2bbb17
:10001c0021f02cff019904f124001ff01bff204656
:10002c0009f0dcfafbf732fe88b31ff003ffa56b77
:10003c0005bb019b002bccd121f018ff002005b093
:10004c00f0bd204609f0cafafbf720fe1ff0f2fec5
:10005c00a36b002bf0d021f009ffe6e721f006ff9f
:10006c00204609f0bbfafbf711fe1ff0e3fea56b6f
:10007c00002dded0394620461ef0feff2369013ddf
:10008c00a56363b921f0f2fe012005b0f0bd4ff07d
:10009c0080533360bff34f8fbff36f8fc5e704f10d
:1000ac00100001f03bfc0028ecd0044b4ff08052c8
:1000bc001a60bff34f8fbff36f8fe3e704ed00e0df
:020000040000fa
:020000040102f7
:1000cc00f8b507460e4651b3384b04221b7ff0217e
:1000dc002c201bf085ff364d2b781bb1334b1a7f30
:1000ec00344b1a70012f344c20d8072301220e21d7
:1000fc002c201bf075ff36b12c4b1a7f2f4b1a702e
:10010c002f4b01221a70012f17d1e378122b3fd9f4
:10011c0040f2572022f040fa0023e3700de00b462a
:10012c000422f0212c201bf05bffd4e71f4b012293
:10013c001b7d0e212c201bf053ff224e0820f2f7c2
:10014c0017f9306801780139c9b2fcf74bf83368fc
:10015c001d4a1b785b002433dbb282f84730a97848
:10016c0001232370cb1a5942594100221920f5f76b
:10017c0055ffa8b122f0a6fd00f01f0019280fd1e1
:10018c0094f8230022f096ff104b02221a70f8bd4f
:10019c00002bd2d0972022f0fff90023e370cce79c
:1001ac006420bde8f84010f075b900bf9211002032
:1001bc008c110020fb00012064110020f9000120ab
:1001cc00fa00012050110020000001410200014101
:020000040000fa
:020000040102f7
:1001dc002de9f0419eb0064604af684620f0eafdda
:1001ec0026220021384621f0c3fe314602a81ef01b
:1001fc0031fa029c002c4dd00ead1be01a988df8f4
:10020c006c80400000eb0c01cde91910618940397c
:10021c0089b2204615f09ef89df86dc01cf0010fb8
:10022c0040d0199968461ef011fb02a819f00efa7d
:10023c00029c7cb36189403989b240232a4620460e
:10024c0020f0a0fdddf800c0199baceb0303002be4
:10025c0021463046e5db9df86de01ef0020f4ff0b5
:10026c0040032a4606d09df86ce00ef1ff38bef133
:10027c00000fc3d11af034ff179c00221c23114627
:10028c00002cd2d01898a04702a819f0dff9029cd4
:10029c00002ccfd1694606f108001cf035fe1eb0cb
:1002ac00bde8f08112ab0fcb0df1200e8ee80f00e4
:1002bc0095e80f009df835e0ccf3800c87e80f0033
:1002cc006cf3041ebdf858308df835e021463a46e3
:0c02dc003046adf832301bf0e7fea2e720
:020000040000fa
:020000040102f7
:1002e80070b584b00d4610460df10301144621f097
:1002f800b5fe50bb9df80330db071ad50df102019e
:10030800204621f0abfe00bb9df80230a1885a1ca4
:1003180091421ad32268d05c00f0f002e02a5bd048
:1003280000f0f800f02810d111228df8042001ae59
:1003380014e001ae3146204621f090fe28b90df1b7
:100348000201204621f08afe18b10626304604b084
:1003580070bd9df80230a2889a42f6d30933db08b3
:10036800013b3146022228468df805301cf0a2fddb
:100378000028ead10221284620f0fafc9df8022044
:10038800216828461cf096fd06460028ddd19df818
:100398000210284620f0ecfc20469df8021021f0bf
:1003a8006dfe9df8021002a802311bf089f80028a2
:1003b800ccd102a821f03aff02a9024628461cf037
:1003c80079fd06460028c0d102a821f02fff01467a
:1003d800284620f0cdfcb9e701ae314616f024ffdf
:0c03e8000028b2d19df80230b8e700bf39
:020000040000fa
:020000040102f7
:1003f40030b583b000230d46104669461446adf867
:100404000230adf8043021f02bfe28b99df80030fd
:1004140003f0f802f02a02d0062003b030bd03f046
:100424000303022b286068604ed0032b23d0012bda
:100434000df1020120460ad01ef090ff0028ebd1f6
:1004440001a920461ef08aff002852d0e4e71ef0de
:1004540085ff0028e0d10df10101204621f000fec6
:100464000028d9d19df80130bdf8022043f470432f
:10047400adf8043013e00df10101204621f0f0fd48
:100484000028c9d19df801104ff2b00201f00f030a
:10049400134342ea1112adf80430adf802209df87e
:1004a40000105bba52ba6b804b072a80b4d4204642
:1004b4000df106011ef052ff0028add1bdf8063043
:1004c4005bbaeb8003b030bd0df10101204621f091
:1004d400c7fd0028a0d19df801306fea03536feaed
:1004e400135301a92046adf802301ef037ff00284f
:0c04f40092d1bdf80220bdf80430d0e722
:020000040000fa
:020000040102f7
:100500002de9f04f384d83b081462b460024196801
:10051000303349b10134082cf9d1d9f800001df06d
:10052000dbf903b0bde8f08f4fea440808eb04079d
:100530003f01ee193046282221f020fdd9e90023a1
:10054000b2621a4612f801abea515344a6f804a06d
:1005500093f802b022f0abfd244bd9f80410ef5908
:10056000d3e9002358448a44707521499af8010060
:100570000978b075c6e90223b1713b781d4e13f0be
:10058000200327d1444405eb041505f110021a4f4e
:10059000d079397863f30000d071e9b11749184b6d
:1005a0000968296117491b7809782b75c3b261f373
:1005b00041030021d371397000231a4640f201240f
:1005c00001a911483370adf8044020f04dff03b08d
:1005d000bde8f08f3378d5e729612975d37961f3c8
:1005e0004103d371e8e700bfb8f40020e0ff00202a
:1005f0009e0101209d010120160001201c00012008
:0c060000de000120df0001201c100020a3
:020000040000fa
:020000040102f7
:10060c002de9f0410446e2b0002308a803930e46fe
:10061c001ff020fe25682b881b070bd520461ff0ea
:10062c0097feff28034605d003a92046ed5c1ef07b
:10063c0051ff28b108a821f057fd62b0bde8f08148
:10064c0004af05f00702039930463b4620f0fafb55
:10065c00a16808a81ff028fe204619f06ff8861e26
:10066c00204610f0cffcd4f80080ff2818bf08eb10
:10067c000005204608bf00251df068faf6b2a5eb70
:10068c0008010d250246c9b200973346019508a80a
:10069c00f8f75efa204610f0b5fc2168ff2814bf6d
:1006ac0040180020421ad2b208a80bf05df8204680
:1006bc0010f0a8fcff281cbf25682d18204608bf89
:1006cc0000251df043fa00220346009229462a46d3
:1006dc0008a81ff0f7fd204619f030f8a388216810
:1006ec00181a014408a816f0f1fa237f43f01003fe
:1006fc00237708a821f0f8fc62b0bde8f08108a8c7
:08070c0021f0f2fc22f0b4fa26
:020000040000fa
:020000040102f7
:100714002de9f0410446e6b000230ca803930f46ec
:1007240016461ff09bfd25682b881b0765d52046c0
:100734001ff012feff28034667d003a92046ed5c94
:100744001ef0ccfe002860d10df1100805f0070260
:1007540003993846434620f079fb31460ca81ff034
:10076400a7fd204618f0eeff861e204610f04efc32
:100774002768ff2818bf3d18204608bf00251df034
:10078400e9f9f6b20d23e91b0246cde90083c9b2ab
:1007940033460ca8f8f7e0f9204610f037fc21683e
:1007a400ff2814bf40180020421ad2b20ca80af045
:1007b400dfff204610f02afcff281cbf25682d18f7
:1007c400204608bf00251df0c5f90122034600920a
:1007d40029462a460ca81ff079fd08a90ca816f092
:1007e40079fa204618f0aeffa3882168181a01444c
:1007f400324608a820f0a0f938b900240ca821f04a
:1008040077fc204666b0bde8f0810824f6e70ca822
:0808140021f06efc22f030fa25
:020000040000fa
:020000040102f7
:10081c00f0b5bfb0074620a80d461ff029fd3d4b93
:10082c00019300232c680493cde90233cde9053301
:10083c000d228df810200793204601a91c226689f1
:10084c001cf036fb044628b120a821f05dfc2046a4
:10085c003fb0f0bd01222946384619f06df9044627
:10086c000028f1d120a821f045ff29684b890a3bcb
:10087c009b1b06f10a029bb292b220a817f0faf861
:10088c0033460022296820a817f0f4f808a920a8fc
:10089c0021f042fc08a910aa05f10a0001f018fc8d
:1008ac0004460028d0d1314628681df0d7f82868b6
:1008bc001ff066fe04460028c6d12b681c22184681
:1008cc0001a95e891cf0f4fa04460028bcd102464a
:1008dc002946384619f030f904460028b4d110a93d
:1008ec00402228681cf0e4fa04460028acd12868a1
:1008fc0045890a3dad1b6dba01aa31460a23adf8f4
:10090c000c5014f027fd9fe720a821f0fdfb22f0ee
:08091c00aff900bf001800ff55
:020000040000fa
:020000040102f7
:10092400002979d0002a77d0d368002b74d0d2e97b
:100934000430834270d32de9f04394691b1aa34217
:1009440091b065d3144608460d461ef0f5fad4e975
:1009540005622369b118b2f5617fa3eb010359d88d
:10096400032855d12a699a4203d92c4811b0bde80d
:10097400f083d5f80880e768d5f80490009408223d
:10098400434609a801920c2105f1140210f0e6fe79
:10099400d4e903323744fb1a29692068d4f818c013
:1009a4000397d21a0492019706916168cdf808c0a2
:1009b400b4f818c004f118030d26059300960cae84
:1009c4006a68334603c69cfa9cf605f1380094f82d
:1009d40008c0b4f80950adf83b6009a98df838c0d7
:1009e400adf8395011f0b2fa0028bfd1c145bdd0dd
:1009f4006369072bb9d92368626847f8042c47f860
:100a0400083cd4e90523083a0833c4e90523ade7d3
:100a14000348abe70348a9e7014870470096ffff86
:080a24000094ffff008fffffab
:020000040000fa
:020000040102f7
:100a2c002de9f04f202a89b07bd89046026989467f
:100a3c00054640f20116002a68d0284609f0aafda6
:100a4c000446002864d12a69002a12dd8246ab468e
:100a5c002b460121dc691f6abc4238bf00215f6a4a
:100a6c000130012f08bfa244824203f11403f1d1db
:100a7c0029b9013edfd16ff03b046e4649e0baf173
:100a8c001f0ff6d96e4620220021304621f070fa55
:100a9c00314628461ff07efe0446d0bb284618f08f
:100aac0041fa284621f0b2ff09201ff057fe2246da
:100abc000146284611f0caff044650bb28461df0db
:100acc008dfb044628bb2022314628461ff054fedd
:100adc000446f0b909201ff041fe3346202231466e
:100aec0018f040fa0446a0b92a69002a08dd03462a
:100afc00014601339342cbf81c100bf1140bf8d1c7
:100b0c0042464846314620f021f802e06ff03f049f
:100b1c006e463046202121f023f8204609b0bde86e
:080b2c00f08f6ff03b04f8e7c5
:020000040000fa
:020000040102f7
:100b34001a2810b503d8394bc340db075dd4384bb2
:100b44005a6822f010025a605c6a14f04004fbd127
:100b540042f2780127200ff011fd21462d200ff0dd
:100b64000dfd44f228712e200ff008fd4ff088434c
:100b74002c4ac3f8b040c3f8b0202b4ac3f8b020c5
:100b840003f520634ff400721a6001229a601a6818
:100b9400d407fcd4254ab2f8ba3443f00203a2f8cd
:100ba400ba34b2f8ba3423f002031b041b0ca2f8c3
:100bb400ba344ff08842d2f8003123f07f43c2f8b0
:100bc4000031174a536a9807fcd5194b4ff48072c9
:100bd4001a6001229a601a68d107fcd44ff0884346
:100be4004ff03332c3f8b0200d4b5a6842f0100274
:100bf4005a605a6a5206fcd510bd4af27801272081
:100c04000ff0bcfc02212d200ff0b8fc44f22c7133
:100c14002e20bde810400ff0b1bc00bf00208304bb
:100c240000400141556699aaaa99665500200141e0
:040c3400000a00446e
:020000040000fa
:020000040102f7
:100c38002de9f04380468db0007800268946154698
:100c4800cde90766cde90966adf82c60cde9006607
:100c5800002853d0172407ab4a466946324800f0ab
:100c680067f80746002859d198f8a030033b022bb3
:100c780005d8bdf82c20b8f84e309a4217d01eb1ce
:100c8800079a029b9a4226d0172c06d01022294692
:100c980007a81ff04fff0028ddda07ac0fcc28604b
:100ca800206828616960aa60eb600024d3e71022fd
:100cb80007a908f13e001ff03dff0028dfd107ac6f
:100cc8000fcc28602068286138466960aa60eb600c
:100cd8000db0bde8f083089a039b9a42d4d1099ad3
:100ce800049b9a42d0d10a9a059b9a42ccd1bdf86e
:100cf8002c20bdf818309a42c6d1e0e7cde90200b1
:100d0800cde90400adf8180002aa12230c21074807
:100d18001df07afdb0fa80f676099be7274638463b
:100d28000db0bde8f08300bfc8d7002054c600202e
:020000040000fa
:020000040102f7
:100d38002de9f04385b05d2506460c4617469846d2
:100d48008df807502146304615f084fb05460028eb
:100d580034d1f7b9216891f90230002bb4bfca78b1
:100d6800ca79122a2cd80df1070c00232e48cdf889
:100d780008c0012502aa8df80c5020f051fa002372
:100d8800c4e900030028ddd11725284605b0bde8d1
:100d9800f083d4f8049099f80130023bdbb2112bb0
:100da80031d8022bced1b9f80220204952ba92b2da
:100db80040461cf0e5ffb9f8043018e02168d2e796
:100dc800002bb4bf043108310b468df80c2002917a
:100dd80053f8016f58689a68db68c8f80c30c8f88f
:100de8000060c8f80400c8f80820b1f8113062683b
:100df8005bbaa8f81030538828465bbaa8f81230b6
:100e080005b0bde8f0834b4653f8040f59689a685b
:100e1800db68c8f80c30c8f80000c8f80410c8f837
:100e28000820b9f81430e2e7a0d60020b0d400209a
:020000040000fa
:020000040102f7
:100e3800f0b58379c3b00022d90705468df804219f
:100e480006d52846002201211af0f4fc43b0f0bd73
:100e5800324821f043fa0028f3d0314e96f80b3d82
:100e68009a0727d541f6b8024ff6fe73b25a9a424e
:100e7800e7d002a803222b4920f012f9029c14b3f0
:100e88009df804310f2b39d001270ae0029b02a8f4
:100e980019691bf033fb029cacb19df804310f2b90
:100ea8002cd0237d002bf1d1214605a813f0eefdaf
:100eb8002775ebe796f8663d1b07c2d0b6f8683d84
:100ec800022bbed1cee79df80421002ab9d0164bdb
:100ed80005a9cde900352846002300f0a3fc044607
:100ee80070b9ab7943f00103ab7196f80b1d11f0a3
:100ef8000801abd10d4815f0c9f9a7e70f22e6e7bd
:100f08000022012128461af095fc032c9ed1284680
:100f1800012120f0d7fd43b0f0bd00bf08d3002069
:100f280000c600202cc700207d310401e8d2002033
:020000040000fa
:020000040102f7
:100f3800544c532d45434448452d45434453412d76
:100f4800574954482d4145532d3235362d43434d8d
:100f58002d380000544c532d45434448452d4543f6
:100f68004453412d574954482d4145532d3132386a
:100f78002d43434d00000000544c532d4543444835
:100f8800452d45434453412d574954482d41455318
:100f98002d3132382d43434d2d380000544c532dfc
:100fa80050534b2d574954482d4145532d32353612
:100fb8002d43434d00000000544c532d50534b2dee
:100fc800574954482d4145532d3235362d43434d0d
:100fd8002d380000544c532d50534b2d574954482d
:100fe8002d4145532d3132382d43434d000000002b
:100ff800544c532d50534b2d574954482d4145536c
:101008002d3132382d43434d2d380000544c532d8b
:1010180045434a50414b452d574954482d41455366
:101028002d3132382d43434d2d380000000000bfcc
:020000040000fa
:020000040102f7
:101038002de9f04704688c428eb0884645d20646b2
:101048009146154616e0ab6853b1eb68002b53d1b7
:101058001021012021f0e8fce860002851d0054665
:1010680097e8070085e80700029c33681c4444455c
:1010780034602bd22822002104a820f07bff2346cd
:101088006a4613f8014b336041463046019411f02b
:1010980055f8824628bb019b3168009a039103f0fa
:1010a800c003802b029222d101af384604a9f6f77b
:1010b80037f9044610b110f5025f27d1049b042bc1
:1010c800c1d10b9820f0dafdbde71546144b00227c
:1010d800a04514bf1c4614462046ea600eb0bde881
:1010e800f087a0f5145420460eb0bde8f0870d4ceb
:1010f80020460eb0bde8f0870b4c20460eb0bde888
:10110800f0870a4c20460eb0bde8f087d9f80c00ed
:1011180020f0aafd2046c9f80ca00eb0bde8f08763
:101128009adaffff9edaffff00dbffff96daffff88
:020000040000fa
:020000040102f7
:10113800982f8a4291443771cffbc0b5a5dbb5e93a
:101148005bc25639f111f159a4823f92d55e1cabae
:1011580098aa07d8015b8312be853124c37d0c553c
:10116800745dbe72feb1de80a706dc9b74f19bc184
:10117800c1699be48647beefc69dc10fcca10c2474
:101188006f2ce92daa84744adca9b05cda88f97658
:1011980052513e986dc631a8c82703b0c77f59bfc2
:1011a800f30be0c64791a7d55163ca0667292914ee
:1011b800850ab72738211b2efc6d2c4d130d38538b
:1011c80054730a65bb0a6a762ec9c281852c72924d
:1011d800a1e8bfa24b661aa8708b4bc2a3516cc77b
:1011e80019e892d1240699d685350ef470a06a10b4
:1011f80016c1a419086c371e4c774827b5bcb03403
:10120800b30c1c394aaad84e4fca9c5bf36f2e68a0
:10121800ee828f746f63a5781478c8840802c78c2f
:10122800faffbe90eb6c50a4f7a3f9bef27871c632
:020000040000fa
:020000040102f7
:10123800637c777bf26b6fc53001672bfed7ab768b
:10124800ca82c97dfa5947f0add4a2af9ca472c036
:10125800b7fd9326363ff7cc34a5e5f171d83115a3
:1012680004c723c31896059a071280e2eb27b275c4
:1012780009832c1a1b6e5aa0523bd6b329e32f843c
:1012880053d100ed20fcb15b6acbbe394a4c58cf34
:10129800d0efaafb434d338545f9027f503c9fa808
:1012a80051a3408f929d38f5bcb6da2110fff3d2d6
:1012b800cd0c13ec5f974417c4a77e3d645d19738a
:1012c80060814fdc222a908846eeb814de5e0bdb84
:1012d800e0323a0a4906245cc2d3ac629195e479bb
:1012e800e7c8376d8dd54ea96c56f4ea657aae0815
:1012f800ba78252e1ca6b4c6e8dd741f4bbd8b8ab0
:10130800703eb5664803f60e613557b986c11d9e15
:10131800e1f8981169d98e949b1e87e9ce5528df8c
:101328008ca1890dbfe6426841992d0fb054bb16b8
:020000040000fa
:020000040102f7
:1013380052096ad53036a538bf40a39e81f3d7fb42
:101348007ce339829b2fff87348e4344c4dee9cb8c
:10135800547b9432a6c2233dee4c950b42fac34e01
:10136800082ea16628d924b2765ba2496d8bd125b7
:1013780072f8f66486689816d4a45ccc5d65b6925b
:101388006c704850fdedb9da5e154657a78d9d84ff
:1013980090d8ab008cbcd30af7e45805b8b345061f
:1013a800d02c1e8fca3f0f02c1afbd0301138a6b39
:1013b8003a9111414f67dcea97f2cfcef0b4e67369
:1013c80096ac7422e7ad3585e2f937e81c75df6e17
:1013d80047f11a711d29c5896fb7620eaa18be1b7d
:1013e800fc563e4bc6d279209adbc0fe78cd5af423
:1013f8001fdda8338807c731b11210592780ec5f69
:1014080060517fa919b54a0d2de57a9f93c99cefc4
:10141800a0e03b4dae2af5b0c8ebbb3c83539961c5
:10142800172b047eba77d626e169146355210c7d03
:020000040000fa
:020000040102f7
:1014380038b53b4ca37883b323782bb12378022ba0
:1014480002d023780b2b28d1364d2b6873b100239b
:10145800a370354b5b7fa3b9237f93b394f82030f7
:101468007bbbe37f6bbb1df03ffe13e08c2017f0c6
:10147800fbf828600028ead10123a3701ef0b8fd0c
:101488000be00620f0f776ff21f01efc00f01f00ad
:101498000628f6d1002021f00ffe2448437a2bb10c
:1014a800002121f021fc08b10cf04afe2378013b11
:1014b800092b33d8dfe803f0151a32262e2a3232e8
:1014c8001e221620f0f756ff21f0fefb00f01f0049
:1014d8001628f6d10023042210212e201af01efd12
:1014e800d8e70020bde8384008f010bdbde8384016
:1014f80007f0e4b8bde8384012f05eb8bde83840ff
:1015080011f0b6bcbde8384017f08ebfbde83840d2
:101518000ef080b8bde838400bf0e8be38bd00bf1b
:1015280064110020ac000120921100204411002019
:020000040000fa
:020000040102f7
:1015380038b53a4b3a4ad3f8243d934205461ad96e
:10154800027e9107c2f3800341d5002b57d1697ef3
:10155800ab6811f0f00f23f07c4247d14ff4fa74d6
:101568003ab1c3f319039c4228bf1c46002c08bf9c
:101578000a24204638bd4ff47a7404fb03f4027e33
:10158800b4f57a6f88bfa4f57a64c2f38003920732
:1015980002d5b4f5fa7fd8d243b1b4f57a7f28bf23
:1015a8004ff47a741f481ef0e3fec0b9697eab6839
:1015b80011f0f00f23f07c4201d0bb2c16d8002a82
:1015c800d4d0c3f319039c4228bf1c46cee7cbb145
:1015d80014484ff47a741ef0cbfe0028e6d0114868
:1015e8001ef0c6fe844228bf0446dfe7bc24002a5a
:1015f800bfd0c3f319039c4228bf1c46b6e74ff47b
:10160800fa74cfe7417e836811f0f00f23f07c4233
:10161800ecd1054c002aa4d1abe700bf00c60020de
:0c1628009ac42000e4cf0020d8edff7f22
:020000040000fa
:020000040102f7
:10163400f0b5002285b005460e4618f081fa08b1cf
:1016440005b0f0bd4ff0ff240290adf80c000a2263
:1016540001a9306801941bf02ffc0028f0d13289d5
:101664000132328195f87940002c35d02d4fe88035
:10167400d7f82c4134b944e0e37c6ff34103e374bd
:101684006469d4b1a37c9a07f6d5db072046f3d569
:101694001df036fa0028efd032462146284611f0d4
:1016a400b9f80028ccd1e37c43f00203e374eb885f
:1016b4000133eb806469002ce4d1eb880bb3002286
:1016c4003146284618f03cfa0028b9d1314628465c
:1016d4000ff070fe05b0f0bd95f87830002beed019
:1016e4002346696f324601eb0311284611f092f844
:1016f4000134e3b20028a3d195f878209a42f0d8b7
:10170400dde732460849284611f084f8002897d1cd
:1017140097f8e33e43f0020387f8e33eeb88013396
:0c172400eb80cce700c60020d0d40020f1
:020000040000fa
:020000040102f7
:101730002de9f04f91b00e46009392461c46b589b4
:101740000395134606a90df11502bdf86870804691
:10175000eef770f840bb06a9282230461bf0aefb1e
:10176000814608bb282130461ff006fb9df8155026
:101770004ff0000c3b46224631464046002d36d005
:10178000a5888db125682d7805f0f00ebef1e00f2b
:1017900005f0f80b0ed0bbf1f00f05d18df815c098
:1017a00015f06afd0028e1d04ff00609484611b057
:1017b000bde8f08f05f0010305f00e050e2d06d0f3
:1017c0008df81530fef790fd0028cfd0ece7012111
:1017d00020468df815c020f055fc00972346524650
:1017e00031464046fff7a4ff0028bfd0dce7a7b191
:1017f000039ba7f12804e41a64baa4b20399adf8d4
:1018000016400431304689b202230df1160213f05e
:10181000a7fd484611b0bde8f08fa488b389283ce5
:0c1820001c44039be41a64baa4b2e7e77e
:020000040000fa
:020000040102f7
:10182c002de9f0458fb08a46164604a826220021e1
:10183c001f46364d20f09cfb41f6b8024ff2bf0319
:10184c00aa5aadf832304ff6fe739a4248d027218f
:10185c0005f5ec701df0defc8046a0b10e233601c0
:10186c00022203a98df80d608df80c301bf020fbc3
:10187c00044670bb3246514640461bf019fb0446e9
:10188c0038bb2fb1fee7032420460fb0bde8f0852e
:10189c0095f80b3d9a0707d495f8663d1b0703d0c6
:1018ac00b5f8683d022b20d041f6b8031849ea5a26
:1018bc0008a81cf063fa04a81ff020fc179b0093e7
:1018cc0004aa169b134841461df0c4fc044600288c
:1018dc00dad040461ff082ff20460fb0bde8f085fd
:1018ec000d2420460fb0bde8f0850df10b010a4820
:1018fc001ef0c2fb04460028ebd105f6085008aade
:10190c009df80b101ff01efcd5e700bf00c6002091
:0c191c00b0d40020d8c70020b8de0020a6
:020000040000fa
:020000040102f7
:10192800c368d9688b6a2de9f041d1e907425d683f
:10193800a26001f1180054608542304c08bf5a601b
:101948001a682468013a00258d621a60ca6a002c58
:1019580046d18b684869cc689c604568cc68dff8dc
:10196800b4c063600e1db54202eb8203244d08bf6c
:1019780044609b000468ef1804f1ff3e7c68c0f8df
:1019880000e0a068dcf800e0c8600120904040ea70
:101998000e0055f803e0d4f80880ccf80000dff812
:1019a80078c08c600ef10100c8f80460a660dcf80d
:1019b80000404f61e85023686bb11ff0e1fdca6a2f
:1019c800104b1b68db6a93423dbf0f4b0120186028
:1019d8000020bde8f0810d4b4ff0ff311960efe7b3
:1019e8000b4bd3e90054a6680e62a668cc6101359a
:1019f80070601d60a0608b62e2e700bf7800012084
:101a0800bcfb0020640001209c000120880001200c
:0c1a1800e4fe0020800001206800012096
:020000040000fa
:020000040102f7
:101a2400002a73d02de9f047d76890b0002f6bd00f
:101a3400d2e90436b34267d390699b1b834263d3d4
:101a4400084615460c461df077fa03283e445bd140
:101a5400d4e901139942aa694ad0072a44d9696989
:101a6400083a0831c5e9051206f1080721699142cf
:101a74003ad8521a0821aa6109a80096019104f1e2
:101a840024020c210ff06afe2369286869682e8bf2
:101a9400d5f818a095f808e0b5f809c0069308aa87
:101aa4000592d5e90328a7eb020903eb0a02029287
:101ab400a8eb09080d220cab0397cdf81080019711
:101ac40003c3009276ba0cab09a96268adf83b6017
:101ad40004f174008df838e0adf839c00ff0eaf87d
:101ae40048b110f5c64f00d1094810b0bde8f087e1
:101af40037462e46bae7a969089a064b914218bfa1
:101b0400184610b0bde8f0870248eee70148704778
:081b1400808effff0094ffff2b
:020000040000fa
:020000040102f7
:101b1c00f8b50368846f5b79012b12d0032c67d95d
:101b2c00c16e354a8b784d78c9781b0243ea054360
:101b3c000b430433c0f898309c4234bf104600204d
:101b4c00f8bd0b2c54d9c26e53789578d1781b0400
:101b5c0043ea05230b430c33c0f89830d5799679ba
:101b6c0091785778937a92f803c02d0245ea06458e
:101b7c000902167a41ea0741577a35431b0241eaba
:101b8c000c01d67a43ea0743a94243ea06032fd352
:101b9c00491b8b422cd80c339c4229d3816bc9b185
:101bac00938844685bba1a2c9bb21bdcd1f8644254
:101bbc009c420fd0a3421dd8d1f87812013999421a
:101bcc0006d11378032b03d0f5f7d6f90028b7d13b
:101bdc000a48f8bd13f03efe094b012814bf002043
:101bec001846f8bd1478012cf4d0d1f86442e1e722
:101bfc000448f8bd0248f8bd808fffff809affffb4
:081c0c00809bffff008effff2b
:020000040000fa
:020000040102f7
:101c14002de9f0418d188ab08c46002406461f46f3
:101c2400294605aa06a83023cdf818c08df80e4021
:101c34008df80f401cf0eafa28b1a0f57454204640
:101c44000ab0bde8f081dde9052303eb0208414653
:101c540004aa06a821f04ef90028eed1049b002b1b
:101c640043d10df10f02009207ab0df10e02414674
:101c740006a80ff0c1f804460028e0d105aa4146a1
:101c840006a804231cf0c2fa0028d6d1059b83b30e
:101c94009df80e001ff06efb48b3014630461af063
:101ca40017ff04460028cad19df80e30023b012bd1
:101cb4001dd807a8314619f011ff044688b9109bb6
:101cc4000093dde905213b463046faf73bf904462b
:101cd40038b9dde90513084a0b449d4218bf144680
:101ce400ade730461df0eaffa9e7044ca7e7044c32
:101cf400a5e7044ca3e700bf9ac2ffff80c2ffff21
:081d040080c3ffffa0c2ffff36
:020000040000fa
:020000040102f7
:101d0c002de9f0410368dff8e88003f0c00382b0ee
:101d1c00036004460e4620f0bff9207120f0bcf998
:101d2c0000252f4b6071a360a571404621f05ef831
:101d3c000b230f22e0603146a26123742377658266
:101d4c006561c4e9085504f128001ff0dbf823464f
:101d5c002449254ac4e92f1543f8c42f04f5b07063
:101d6c00c4f8cc30c4f85851a4f85e511bf08afe6c
:101d7c006846c4f8a452c4f8a852c4f8ac52c4f8cb
:101d8c00b0521ff0cbf888222946a4f85c5104f11c
:101d9c00d00020f0edf82378264643f0010306f836
:101dac002c3b30461af070fa08f65c1009f0f4fd82
:101dbc002189204619f0ccfa694630461ff072f89a
:101dcc0004f529773046618e20f0b2fc38462a465d
:101ddc0006491ff0aff8204602b0bde8f08100bf05
:101dec00ffff0b0b912704018527040194030401c9
:041dfc0000c60020fd
:020000040000fa
:020000040102f7
:101e00002de9f0410024f6b040230d460646174662
:101e1000084616aa2146cde90244cde90444cde99d
:101e2000064408941ef0b4ff9df85830033b012b84
:101e300002d89df8893013b976b0bde8f0813b46f1
:101e40002a4602a9304619f08dfb2146342209a802
:101e500020f094f8ff222146adf834200df1d80887
:101e600002a809ab26aa4027cde92645cdf8308047
:101e7000adf8a07001f0def904460028dcd10df1c8
:101e800036001ef005fb0028d6d021463b4626aa88
:101e900028468df85840adf85a408df888401ef01d
:101ea00077ffddf8ccc026ab00932246bcf1000fd3
:101eb00008bfac46434616a93046cdf88cc00ef09c
:101ec00023fe04460028b7d116aa269930460123de
:101ed000f7f7e4fb3b4616aa214628461ef058ffba
:101ee000269b249316aa3b462146284613f038fa2f
:041ef000a2e700bfa6
:020000040000fa
:020000040102f7
:101ef4002de9f041cc7805460734487801ebd40449
:101f04000e46043400f1020c06eb0c039c423cd256
:101f14002378da0727d55b104bd0022b47d1032156
:101f2400304611f067fe6378a11c1a1fd14238d2e3
:101f34002b4f0a460ee098b1837803f00f033b431e
:101f44005bba9bb222f8043b6378a3f1040c8c4483
:101f5400624526d853885bba03f44063002bead168
:101f64004ff6ff63eee767780237ffb228463a463a
:101f7400214619f095fc7078c01bc0b200f1020c28
:101f840006eb0c039c427070c2d3f3780733a0ebca
:101f9400d300c0b2a0f10200b0fa80f04009bde85d
:101fa400f081707800f1020c02331c44ace76378d2
:101fb400fae76378a71cda1ed742f5d23a464ff007
:101fc400ff386ff0010e00bf82f8008082f801e054
:101fd4006378d91e033239448a42f5d9e4e700bf55
:041fe40000fcffffff
:020000040000fa
:020000040102f7
:101fe800002962d084462de9f043374a374e384fee
:101ff80000200cf1010e16e09468d568d2f8108024
:10200800631c434528bf00239d4230d075681cf8e7
:10201800008005f00705012d36d007f8048001304f
:102028008142936023d9736803f00703012be3d13e
:102038009568d468d2f810806b1c434528bf0023ec
:102048009c4214d0d6f804801ef810901cf810405a
:1020580008f0070844ea0924b8f1010f5ffa84f987
:1020680019d00130814207f805909360dbd8916858
:10207800d36899423cbf12698918cb1a13b1134b24
:1020880001229a75bde8f0836500013507f81480d0
:1020980000247c55c3e74fea450808f10108240ae3
:1020a80007f8159007f80840b9e7074a0846916805
:1020b800d36899423cbf12698918cb1a1bb1034bec
:1020c80001229a757047704720fd0020000c0040df
:0420d800b8f000203c
:020000040000fa
:020000040102f7
:1020dc002de9f041aeb006ad0446284688461646ba
:1020ec0020f074ff0ea821f051f808a820f0e8fcad
:1020fc000aa820f0e5fc02201ff038f9014628461a
:10210c001af0e2fc80b1012428461df0d3fd0aa888
:10211c001df080fd08a81df07dfd0ea820f0a2fe8c
:10212c0020462eb0bde8f081244f0290cde9000787
:10213c00034694f87d2021462846f9f7a9ff04466a
:10214c00002839d195e803000cab83e8030018464e
:10215c0020f0f8fc0238022894bf0d9921460ea8f5
:10216c0016f0c0fe20bb09232024cde90370cde975
:10217c000143cdf8008026ab0aaa0deb04010ea892
:10218c001cf018f8a0b908a820f01ef9202800d9d6
:10219c00fee72246314608a81ff082fd40b92246d0
:1021ac0006f120010aa81ff07bfd04460028abd0e5
:1021bc00f5f71efd0446a7e70624a5e70521040153
:020000040000fa
:020000040102f7
:1021cc002de9f04316884f1c46f00804148087b0a4
:1021dc0084463d46022400bf15f8010f28b901348e
:1021ec00102cf9d107b0bde8f08398464b78022b40
:1021fc000d4691462cd00c2c35d80a2c10d946f013
:10220c000902a9f80020697840461bf0d7fb00288a
:10221c00e8d105f10b01404605221bf00bfce1e770
:10222c0001aa604600211df005fbea789df81430e8
:10223c009a4205d101a80822291d1ef079fc18b379
:10224c002946404610221bf0f5fb07b0bde8f08391
:10225c000f2cd0d146f00b02a9f80020c97b4046c8
:10226c001bf0acfbbee746f00a02a9f80020697827
:10227c0040461bf0a3fb0028b4d105f10d014046ec
:10228c0003221bf0d7fbade7b9f8003043f0040391
:10229c003946a9f80030022240461bf0cbfb00283f
:1022ac00a0d105f10c01404604221bf0c3fb99e7b9
:020000040000fa
:020000040102f7
:1022bc00f0b501f1310323f0010387b093f901303c
:1022cc00002b074623da00f10c030fcb02ad85e897
:1022dc000f0006248df8074029462f481ff010faee
:1022ec0030b9022438461ff009fc204607b0f0bd77
:1022fc0029462a481cf0dcfbf0b19df80740062c5f
:10230c0048d8dfe804f0332a25201b1b1b000e469f
:10231c000df10702042130461cf0d2f904460028c6
:10232c00e0d102ad01462a46304610231af03cfd9e
:10233c0004460028d0d0d5e70446d3e7384615f03c
:10234c0025f80024d1e7384619f0c0fa0024cce770
:10235c00384614f0f7ff0024c7e707f12c04214698
:10236c000e481cf0a5fb38b90446bee712f05afd26
:10237c00032338627b77b8e7384614f0e3ff012378
:10238c007b7712f04ffd21463862044815f060fc53
:10239c000024aae70024a8e7b8de00202cc7002000
:020000040000fa
:020000040102f7
:1023ac002de9f0438db0b2f5806f149f6cd8b7f562
:1023bc00807f66d8054614460e46202200216846ca
:1023cc0098461ff0d5fd2969ea69914202dc6b69d8
:1023dc00002b44d03a4641460023284602f0f4ff35
:1023ec008146c0bb54b305f1200805f10c073a46f1
:1023fc0013681bba013319ba11604bb9aa4207d042
:10240c00043a13681bba013319ba1160002bf5d0ca
:10241c0008ab2a46012140461bf044ff8146b0b967
:10242c00102ca14628bf4ff0100930464a4608a987
:10243c001ef08cfbb4eb09044e44d8d169462846f7
:10244c0006f08cff814610b92b6901332b6168466d
:10245c0030211ff085fb48460db0bde8f083002ffe
:10246c00c0d03a4641466846f4f772fe81460028d1
:10247c00edd16946284606f071ff81460028b1d09f
:10248c00e5e76ff03709e6e76ff03509e3e700bfe2
:020000040000fa
:020000040102f7
:10249c00f0b585b01446064602a80f461d4620f03e
:1024ac000ffb204600211af0f7faa8b9294630464e
:1024bc00f8f754f9044628b102a81df0abfb2046ee
:1024cc0005b0f0bd38461af0b3ff044602a81df063
:1024dc00a1fb204605b0f0bd012120461af0dcfa24
:1024ec0088b930462946f8f739f904460028e3d173
:1024fc00294638461af040fa044602a81df08afb19
:10250c00204605b0f0bd4ff0ff3120461af0c4fa5a
:10251c0020bb29463046f8f721f904460028cbd1d8
:10252c00294638461af028fa04460028c4d1083740
:10253c00014638461af0b0fa3a460546311d02a853
:10254c0020f0e8fc04460028b6d12a1c18bf012252
:10255c00384602a90bf08ef90446ade74ff0000c9b
:10256c0022462b463946cde900cc3046eef7dcf856
:10257c00044602a81df04efb204605b0f0bd00bf7e
:020000040000fa
:020000040102f7
:10258c0091422de9f843064602d8531a012b07d87d
:10259c003046354a32211ff0effe3348bde8f88350
:1025ac000c46806b34f8027b154620302822002123
:1025bc001ff0defca542ebd37fbabfb22b1bbb4294
:1025cc00e6d3e3199c4238d2012fe1d9b6f8088042
:1025dc00002740f2033eac4634f8021bf04549bae2
:1025ec008db20dd07a1c132a04d81037b06b20f89a
:1025fc0017101746a3422dd91a1b012aecd8c7e78e
:10260c002a0a033a012af5d8eab2032af2d1b26bac
:10261c00d6f8009012b1107a012817d0d9f85c00c6
:10262c000028e7d002882ab9e4e700bf30f8022f6f
:10263c00002adfd0aa42f9d1d4e7a542a8d130466e
:10264c000a4a28211ff098fe0848a7e7d06c0028fa
:10265c00e8d1e3e7a4459bd1002ff0d0b36b103742
:10266c00002023f8170099e7008dffff0092ffff71
:020000040000fa
:020000040102f7
:10267c0038b5437823bb027812f0010340d043886d
:10268c005d06044613d5062242704ff6bf72134006
:10269c0004f1c405638028461ff0d2f86378062b3a
:1026ac000ed8dfe803f03328231e1e1e13009907f3
:1026bc0007d45d072fd5022242704ff6fb72e6e776
:1026cc0038bd012242704ff6fd72e0e7e17a04f169
:1026dc002c001bf0fff928466421bde838401af0a5
:1026ec00fdbb2046bde83840faf7c4bd2046bde826
:1026fc00384008f0f7b92046bde8384016f032b93a
:10270c004380bde83840c4301ff09ab82046bde87d
:10271c00384012f03fb8190711d49d06c3f30011cd
:10272c0012d5b1b1920714d4028802f0fd0242f422
:10273c00806242f0020202804ff6ef72a7e703229a
:10274c0042704ff6f772a2e70029dfd004224270e4
:0c275c00f2e7052262704ff6df7298e78a
:020000040000fa
:020000040102f7
:1027680038b508461d46144618f07aff25285ad869
:10277800dfe800f01a595959595921595959592816
:1027880059595959595959592f5959595959363d1a
:10279800595959595959444b52132a4621462348e5
:1027a80016f022fb012038bd2a462146204804f0b5
:1027b800dfff012038bd2a4621461e480ff092fb54
:1027c800012038bd2a4621461b4820f0a9fc0120db
:1027d80038bd2a462146194800f008fe012038bdb8
:1027e8002a462146164820f09dfc012038bd2a467d
:1027f800214614480af000ff012038bd2a46214628
:10280800114812f097f9012038bd2a4621460e4892
:1028180013f0defe012038bd2a4621460a4808f09a
:10282800d5fa012038bd002038bd00bfe0de002009
:1028380098d50020acdf0020c8ce00207cdf002027
:0c284800f4ce002058df0020c9d700208b
:020000040000fa
:020000040102f7
:10285400f0b585b004460a9d0088b5f80cc06e89b1
:10286400a6eb0c068e461ffa86fca178adf802c0d2
:102874001f460ef1ff330ef10f0e00bf13f8016f68
:1028840001b936020644b6b2864206f1010034bfed
:1028940080b2304681f001019e45a1702080edd1c7
:1028a400531e02f10f0600bf13f8012f01b91202e3
:1028b400024492b2824202f1010034bf80b2104657
:1028c40081f001019e42a1702080edd16146204635
:1028d40015f0a0f9394615f09df901ab0df102028e
:1028e400a98928460af0cafdbdf8086016b3019804
:1028f4002288a178013e10fa86f6013810f8013fcb
:1029040001b91b0213449bb2934203f1010234bf89
:1029140092b21a4681f001018642a1702280edd163
:1029240001aa0df1020128461ff0dafbbdf8086088
:08293400002edcd105b0f0bd5e
:020000040000fa
:020000040102f7
:10293c00c388ca88f0b47bb103f18045013d0468bb
:10294c0054f8256004eb850426b13de054f8045d91
:10295c00002d39d1013bf9d19ab302f18044013ced
:10296c000f6857f82430002b48d107eb840402e0a1
:10297c0054f8045d9dbb013afad113b3b0f90400cd
:10298c00f0bc7047002a02ddbcf1000f41d103f10d
:10299c008043013b066857f8234056f823009b0000
:1029ac00844206eb030107eb03022cd307d92de07d
:1029bc0051f8045d52f8044da54224d826d38e421a
:1029cc00f6d10020f0bc7047002ad7d002f1804429
:1029dc00013c0f6857f82450002dc6d000e06bb1b5
:1029ec009342cbd80ad3b0f904c0b1f90420bcf19e
:1029fc00000fc7dd002acada0120c1e7b1f90430a3
:102a0c00f0bc584270476046f0bc7047ccf10000f7
:082a1c00b6e74ff0ff30b3e70d
:020000040000fa
:020000040102f7
:102a240010b50446816c16f021fa2268d4f8c4105b
:102a3400a36b12799b69043120469847d4f8c430bb
:102a4400142210201621c4e932101a70a26b1378d4
:102a5400002b46d023681979e1b90f2161605879b8
:102a6400012804f1d4011ed00022c4f8d4204a6005
:102a7400a16c626b2164e2625b79012b36d0012286
:102a840011462046f3f7befd18b923685b79012b84
:102a940030d010bd0129e2d10a21616058790128a2
:102aa40004f1d401e0d1236cc2f87c32086849688f
:102ab400c2f88412c2f8800294f8d53001330021a0
:102ac400dbb2c4f8d610a4f8da1084f8d530b3b960
:102ad40094f8d4300133dbb284f8d4307bb909489c
:102ae40010bdd4e9003101316160b8e7204618f027
:102af4003fffc4e72046bde81040f4f741ba23681d
:082b0400b6e700bf8094ffff5b
:020000040000fa
:020000040102f7
:102b0c004170705f4c6f673a20446576696365204d
:102b1c005374617465204368696c642e205374612e
:102b2c007274206170702074696d65720a00000007
:102b3c004170705f4c6f673a2049276d20796f7533
:102b4c0072204c656164657221212121212c205950
:102b5c006f75206c697374656e20746f206d6520c1
:102b6c0021212121212121210a0000004170705fc7
:102b7c004572723a2044657669636520737461749a
:102b8c00652069732064657461636865642e2044f4
:102b9c00657461636865642066726f6d204e576b57
:102bac002c20437279206e6f772e0a004170705f73
:102bbc004572723a2044657669636520737461745a
:102bcc00652069732064697361626c65642e2052a0
:102bdc006573657420746865206465766963652126
:082bec002121210a000000bfb5
:020000040000fa
:020000040102f7
:102bf4000023834200d1704700bf00bf00bf00bf65
:102c040000bf00bf00bf00bf00bf00bf00bf00bfc8
:102c140000bf00bf00bf00bf00bf00bf00bf00bfb8
:102c240000bf00bf0133e4e7034a536823f40063a1
:102c340043f00103536070470040014108b550b9a7
:102c44005d20faf755f94ff6ff3101405d20bde8ec
:102c54000840faf735b95d20faf74af940f4806183
:102c640089b2f3e7054a41f20403d15818b921f0b7
:102c74004001d150704741f04001fae70020014182
:102c8400054a41f20403d15818b921f00201d15088
:102c9400704741f00201fae70020014108b50c4bee
:102ca4005a6842f400025a605a6ad106fcd540f2ce
:102cb4007710fff79dff074ad2f8303443f08003c2
:102cc400c2f83034024b1a6ad203fcd508bd00bfe7
:082cd400004001410020014114
:020000040000fa
:020000040102f7
:102cdc002de9f04190f8fe300344984282b056d270
:102cec002d4f05460446002603780c2b0fd8dfe841
:102cfc0003f031472c230e1e0e190e0e0e0e07007c
:102d0c0016f094fd69460090384606f037fa2046d6
:102d1c001ef00afd95f8fe3020442b44984237d221
:102d2c000446e1e7811c1d480ef0aeffefe7811c65
:102d3c0038460df085ffeae7014668461ef0e4fdd3
:102d4c00694617481ef0fefde1e7811c154817f097
:102d5c004dfddce7b0f80380134898fa98f85ffa59
:102d6c0088f841460ff002fc06460028cfd01df033
:102d7c00e5ff424603460d490d481cf09bfac6e799
:102d8c004188094849ba89b218f0e2fabfe700262f
:102d9c00304602b0bde8f0815ccf002008d30020a3
:102dac0034cf00202ccf0020e4cf0020fc9703016f
:042dbc00b80f040147
:020000040000fa
:020000040102f7
:102dc0004389002b6ad02de9f043884683b004463e
:102dd00029e06a461546022313f05aff6a78638990
:102de000961cb3422bd395f80090b9f1000f2ad16d
:102df000042a24d1606804f1080788b306236a46d0
:102e000039461cf00dfb2a78d5f8023052b3d8f8b9
:102e1000003043ea0903c8f80030314638461df057
:102e20009fff6389c3b1012b09d9606821890028fc
:102e3000cfd125680d446a78961cb342d3d20620c0
:102e400003b0bde8f08304f10807314638461df0b1
:102e500087ff6389002be6d1002003b0bde8f08333
:102e6000d5f80230dff838901bba5a005b0803f03f
:102e7000553302f0aa321a439300910801f033321d
:102e800003f0cc3313431a091b0102f00f3203f095
:102e9000f03313431bba03ea0909b8e7002070476f
:042ea00000f8ff0730
:020000040000fa
:020000040102f7
:102ea40070b502788cb000230546cde90233cde934
:102eb4000433adf818307ab190f8a0300c46052be5
:102ec40052d8dfe803f009090951092507ac0fccf2
:102ed40002ae0fc62368338002a81df0d7faa8b942
:102ee400b5f84e20bdf818309a423fd095f87a30a4
:102ef40013b1002385f87a300122114628460bf0dd
:102f0400f5fb02a92846012209f0a0ff0cb070bd10
:102f1400012624b195f87a30012bddd80024002352
:102f2400cde90733cde90933cde90033adf82c30d1
:102f340007ab324669461248fdf7fcfe88b9002cff
:102f4400c4d1bdf82c20b5f84e309a42f0d11022ed
:102f540007a905f13e001df0effdb0fa80f4640905
:102f6400e6e7002cdbd1b7e70026d2e7102202a95e
:102f740005f13e001df0e0fd0028c7d0b6e700bf14
:042f8400c8d700208a
:020000040000fa
:020000040102f7
:102f88008b4228bf0b462de9f041dd08c91a069c83
:102f980003f00703002d48d06e1e88469c46002586
:102fa80052f8087b50f8083b52f804ec50f8041c1f
:102fb800e4fb6735e4fb6e1540f8083c40f8041c58
:102fc80052f8087b50f8083b52f804ec50f8041cff
:102fd800e4fb6735e4fb6e1540f8083c40f8041c38
:102fe80052f8087b50f8083b52f804ec50f8041cdf
:102ff800e4fb6735e4fb6e1540f8083c40f8041c18
:1030080052f8087b50f8083b52f804ec50f8041cbe
:10301800e4fb6735e4fb6e1540f8083c40f8041cf7
:1030280016f1ff36bcd2634641465e1e53b100bf5f
:1030380052f8043b0768e4fb637540f8047b16f11b
:10304800ff36f4d24a1e49b10368013a5d1940f8c7
:10305800045b2cbf01250025531cf5d12846bde88b
:04306800f08100bf34
:020000040000fa
:020000040102f7
:10306c002de9f04f056883b0a1eb050cbcf1000f06
:10307c009df830909df834a060dd95f800c0bcf14f
:10308c00300f4dd101359046056001aa04460e461d
:10309c001f460ff051f8834600283dd12368019a52
:1030ac001a44964247d1b34236d25a1c22601d783c
:1030bc0008ea0503bb420dd032e00eeb0c03b34221
:1030cc0003f1010227d222601ef80c5005ea080316
:1030dc00bb4225d101aa314620460ff02df809ea52
:1030ec00050318bb5345d4f800e0ddf804c0e4d167
:1030fc002946dde90e5063467246002dddd0a84707
:10310c00a0b9d4f800e0ddf804c00eeb0c03b34218
:10311c0003f10102d7d32360584603b0bde8f08f0a
:10312c006ff0610b584603b0bde8f08f83465846ec
:10313c0003b0bde8f08f6ff0650bede76ff05f0b40
:04314c00eae700bfef
:020000040000fa
:020000040102f7
:103150002de9f0412d4f3b78804603f0ff043bb151
:103160007b780f2b0cbf812486242046bde8f0819c
:10317000274d4ff08046c5f88060bff34f8fbff3f7
:103180006f8f244b07221b7880210123152018f014
:1031900014ff10232246ff210e2018f00effc5f861
:1031a0008060bff34f8fbff36f8f202385f81e33ee
:1031b000c5f880612e60184b022219790620f2f7bb
:1031c00033ff50b9234607228021152018f0f5fe61
:1031d000124b0c221a708524c7e720461ff070ff9f
:1031e00004233b700e4bff221a704ff470700d4b8e
:1031f00000fa08f01c7000f570700b4bc0081860e6
:103200000a4b18600a4b1c70afe700bf6411002026
:1032100000e100e00f0001418c1100200e0001418f
:1032200007000141f2000120b0000120b40001209c
:04323000f100012088
:020000040000fa
:020000040102f7
:10323400f0b58db01c680025cde90555adf81c50de
:10324400002c47d18668002e60d0002945d1018a20
:10325400b0f812e0adf812101c464ff0100c212308
:1032640008af054600920193724630460df11201f3
:10327400cde9027c002309f023fd60bb099ebdf863
:103284002e10bdf82a20bdf82c30059052ba5bba36
:1032940036ba49bae28023812660a180e268a86830
:1032a400bdf812300690adf81c3042b300920121f3
:1032b400268a0196103b02919bb201460df112023f
:1032c400384611f013fb30b904f1120630461df0f4
:1032d400ddf840b900200db0f0bd818ab0f816e0e9
:1032e400adf81210b8e72434cde900642846002371
:1032f40005aa012107f0dcfe1728ecd1eae70df15d
:10330400120118f0f9f80028ded0e4e71720e2e70c
:020000040000fa
:020000040102f7
:10331400f0b59fb0074603a81df050fd07ad00238c
:10332400194626222846cde912331ef025fe07f160
:10333400380105a815f05afa059c34bb51e0cdf8c4
:1033440050c08df876e06189343989b212f006f8fc
:1033540019ab0fcb15ae0df12c0c8ce80f0096e8d1
:103364000f00bdf87460adf83e6085e80f0021469b
:103374002a46384619f024f9149903a81bf06afa6e
:1033840005a816f067f9059c5cb36189343989b2e4
:10339400342311aa20461df0f9fc0399149e01f66a
:1033a400b83c891b002920464ff0340311aae3db03
:1033b4009df87660012e06f1010e2146bfd93846ec
:1033c40016f0dcfb12991c20002200230029d7d020
:1033d40000901398884705a816f03cf9059c002c2a
:1033e400d3d103a907f13c0019f092fd1fb0f0bd41
:020000040000fa
:020000040102f7
:1033f400f0b501f1310424f0010485b06378022ba7
:1034040001d005b0f0bd0d46174606460df1030286
:10341400362128461bf058f90028f2d102aa372198
:1034240028461bf063f90028ebd10df10a0238217c
:1034340028461bf05bf90028e3d103a9284617f0be
:10344400d9ff0028ddd1306a08b11ef0cbf9132171
:103454001e481cf04dfe30620028d2d003991cf0a7
:103464006df80028cdd13923022201a9306a8df8e4
:10347400043019f021fd0028c3d1039bbdf80810c6
:10348400bdf80a209df803c07077c6e90433318380
:10349400728306f1240086f81cc04ff47a7119f087
:1034a40021fd3b4653f8100f59689a68db680fc634
:1034b400237813f0300fa4d13b78ff2ba1d03a46e8
:1034c400294602481af056fa9be700bfd8c70020e5
:020000040000fa
:020000040102f7
:1034d40070b590f834309c0788b021d58269fab170
:1034e40043f008030d6880f8343053795b091bd02e
:1034f400032b13d12b4b0124b3f8643dadf81430e6
:1035040005aa234629468df81c4006f0dffa2b7fd6
:1035140028466ff341032b7708b070bd5389c382eb
:103524000025284608b070bd0446102110461cf042
:1035340033fe38b329461c4816f0a6fc054600287d
:10354400eed0a26994f83430608e218e019103f09c
:1035540001030026029000932946039604f11c03fc
:103564002046f0f769f80b21e082a0691cf014fef4
:103574000028ccd0a3691a799207c8d55b89e38265
:103584003546cee709481df0f1fca2690028d9d0e0
:10359400937903f00f03012bd4d1137943f0020381
:1035a4001371cee700c6002028d50020e4cf002008
:020000040000fa
:020000040102f7
:1035b4002de9f041044682b001aa6946b0f86c5086
:1035c40009f034fa94f86e30da0904f180004ad133
:1035d4002388616f05eb85051b064fea45152ad440
:1035e400019b19441df002fc94f86e3043f08003f3
:1035f40084f86e301ef01cff009e616f074629445c
:1036040021486167ddf804801ff0cafa238813f0ab
:10361400800fa3781bd013f0fd0f09d094f86e101f
:10362400194801f07f0108eb06033a461ff094fda8
:1036340002b0bde8f081009bc91a29441df0d6fbf5
:10364400009e616fa6f5a07600968f1bd7e7072b27
:10365400eed194f86e100c4801f07f0118f028fbad
:1036640002b0bde8f081616f009a6ff3c71384f86c
:103674006e30891a1df0bafba378072bd8d1024803
:0c36840016f0a6fdd4e700bf00c6002031
:020000040000fa
:020000040102f7
:1036900070b5002384b04b600b8128220c460a31a0
:1036a000cde9013303938df80620064611f0e8ffbb
:1036b000054610b1284604b070bd738820684ff4e9
:1036c00080755bba0c2201a9adf80850adf80e5018
:1036d000adf8043019f0f2fb05460028ead1216864
:1036e0004b89a380f06e1bf0b3f905460028e1d1a9
:1036f0001d4b206800930422694619f0dffb054644
:103700000028d7d121463046f7f7ccfb05460028e4
:10371000d0d121463046fdf78dff05460028c9d19e
:1037200023892068294601aa5dba0c23adf80c5004
:1037300011f016fe214630460ef07afa05460028b2
:10374000b8d130462146fdf769f805460028b1d1c9
:10375000206801aa4ff400740c232946adf80e40ee
:0c37600011f0fefda6e700bf000600010e
:020000040000fa
:020000040102f7
:10376c004378023b022b00d9704730b50d4685b02b
:10377c0004460df10602002128681af0b3ff08b1c7
:10378c0005b030bd02a9286817f0eaff0028f7d170
:10379c0062782b69022a1cd0002bf1d09b7f03f09e
:1037ac000f03072becd12378d90733d4e3782249c4
:1037bc00da074bbf41f2a70341f2a6039df80d2097
:1037cc009df80e20cb5c9b1a1b0623d402232b7571
:1037dc00d6e704f140029342d2d1bdf80620b4f8ea
:1037ec005c309a4224d10299a26b9df80f30914221
:1037fc0003d194f83f209a4208d09df80c20204623
:10380c0014f0d0fa237843f00103237011f00afb73
:10381c00a064c8e74ff47a71002018f0d5fc6968f1
:10382c00421c92b204f17c0010311af06ffbcde710
:0c383c00204611f097ffa3e700c6002013
:020000040000fa
:020000040102f7
:103848002de9f0434ff000088db0cde90088074618
:103858000c464ff0170902aa6946384605f0f0fbf6
:10386800054620bbb9f1170f9df818c002ae40d02d
:10387800237ca3eb0c031b0607adb64608d5bee8b0
:103888000f002060def8000020616160a260e36044
:10389800e045e0d20fce0fc533682b6002aa694617
:1038a8003846e04605f0ccfb05460028dad0b9f1e9
:1038b800000f1ad1cde9009902aa6946384605f0e9
:1038c800bffb90b99df81820217c531a9142dbb2b6
:1038d800f2d0802bf0d88df82c8007ad0fcd20606a
:1038e800286820616160a260e36048460db0bde8c9
:1038f800f0830fce0df1080e206030686160a26081
:10390800e3602061bee80f000df11c0eaee80f0069
:0c3918003368cef80030e046a9469ce77a
:020000040000fa
:020000040102f7
:103924002de9f041d0f800c09cf80570012f0bbfc1
:103934000d2505250b260326aa4257d30c781c72a5
:10394400143c032c52d84c785c728c789c72b1f87d
:103954000140bcf800c064ba012fa4b217d0a4453a
:1039640044d3c46d276864685c601f605d618c5bd0
:10397400d96061ba89b20d441d619961002935d0bd
:1039840001684979012917d00020bde8f0814ff67c
:10399400ff6840f2022740f2012e444518bf7746e3
:1039a400e41be443a4b2644520d80c4654f8037fd6
:1039b40064685c601f60d9e71988954249ba89b286
:1039c40014d8b0f880208a4207d001328a4202d04b
:1039d4000748bde8f0810748d7e7c56dc3650446cd
:1039e40009f0fafae5650028ced0f1e70248cce701
:0c39f4000099ffff809bffff008effff8b
:020000040000fa
:020000040102f7
:103a00002de9ff412f4b00211960998001a8cde9d4
:103a10000111039116f0cefc15f06afd20b1852549
:103a2000284604b0bde8f08112f002fb0028f6d170
:103a300016f0defc19f08efe0028f0d1012019f0fe
:103a4000c1f805460028ead1dff88c80d8f80030ac
:103a5000d8f8042013f1ff3642f1ff374ff0ff335f
:103a60006ff00202bb4208bfb24221d3164b4ff0a7
:103a70008042c3f88020bff34f8fbff36f8f2021a8
:103a800083f81e13c3f880211a6008f0bbf98c205c
:103a900014f0eefd0d4bff2118600d481ef0acfd3b
:103aa0000c4b4ff0a2725a61002283f82120b7e735
:103ab000002400bf1df0d4fd08f804000134082cd8
:103ac000f8d1c3e78c11002000e100e0ac00012038
:0c3ad0004411002064110020921100201d
:020000040000fa
:020000040102f7
:103adc0070b590f834308ab06ff3000380f834304e
:103aec000446282308460d466a4600211df04af973
:103afc009df80830ff2b3ed02a4e04f11c0202a97f
:103b0c00204618f0a9fe96f8093d012b23d99df803
:103b1c001820ff2a0ad1022b30d04ff6ff72012356
:103b2c00e28484f82e3000200ab070bd06a81df087
:103b3c0031ff054698b996f80b3d03f00a030a2ba2
:103b4c002ed006f608501df009fb0123e08484f802
:103b5c002e302846e8e706a818f09efc58b19df8d0
:103b6c001830ff2bd9d006a804f1260118f05cfe02
:103b7c0000200ab070bd02200ab070bd2b799b07e3
:103b8c00cbd5ab7903f00f03012bc6d006f608504a
:103b9c001df0e4fa0123e08484f82e300020c3e702
:083bac00fee700bf00c6002087
:020000040000fa
:020000040102f7
:103bb400f8b5d48884b104f18045013d136853f805
:103bc400256003eb85032eb14fe000bf53f8045d7d
:103bd400002d4ad1013cf9d1cb88002442f2107562
:103be400ab424dd81746c2889a420e46054640d38a
:103bf400a34228680cd8ea889a4219d83a683168ee
:103c0400234614f027fa10bb0123ab800020f8bd33
:103c1400ae42f0d031681b1b4fea840c9a00614419
:103c240060441cf097fff388ea8828689a42e5d933
:103c3400d21a920000eb830000211ef09df928683f
:103c44003a683168234614f005fa0028dcd0296864
:103c5400eb8801eb840102461b1b084619f0aafb02
:103c64000028d1d06ff00900f8bdcb88a342b5d2ab
:103c7400f8e7194617f096f80028c8d1f388b7e793
:083c84006ff00f00f8bd00bf56
:020000040000fa
:020000040102f7
:103c8c002de9f74f024616f05efc88b152e9068426
:103c9c00d2e90c75d2f828a00026104611f090fa43
:103cac006eb11ff019f811f08bfa5eb11ff00ff81e
:103cbc00044680460126054607468246ede7404607
:103ccc001ff0bcf91ff0bef9d0f8008098f827302f
:103cdc00012b0cbfd8f8003008f17803009327f0c3
:103cec00030b4ff00009ca4523dd2f6807b12f44a1
:103cfc006b460022394608f1200002f017fd38b15e
:103d0c000cf0a8fc13f05efd13f05cfd1ef0b0ff90
:103d1c003b6801901b690d499c463846012301aa5a
:103d2c006746b847002818bf064609f101095d44eb
:103d3c00d9e746b1042018f0d5f8054b0360054ac5
:103d4c00024918f09bf820461af028fc882c040134
:083d5c000c1f04014fe60101f8
:020000040000fa
:020000040102f7
:103d6400f0b5054683b068461df028f82b78012b82
:103d740024d92a6f12b395f87a20072a45d8dfe8a8
:103d840002f0424442441f44041d009ae968ec6f67
:103d9400521a002a3cdb022285f87a2074b195f885
:103da4007960002e3cd095f87a20052a0cd1022b9c
:103db40004d002232b7028461df098f903b0f0bdff
:103dc400ec6f002cf3d001260227e37d062b0cd8e0
:103dd400dfe803f00a0b0a0b0a0b0400a169009b3d
:103de4005b1a002b18dbe7750126e469002cecd183
:103df4002b78002edbd1042be0d1694605f180003d
:103e040019f086f8dae7ec6fc8e7052af3d0ec6f0f
:103e1400002cf0d00026d7e768461af01bfde4e733
:103e240095f87820002ac9d095f87a20052acad1b5
:043e3400bde700bf27
:020000040000fa
:020000040102f7
:103e380070b54479022c054626d0032c4ff00006b5
:103e480029d0fcb9ab79052b1cd8012202fa03f35f
:103e580013f00a0f35d113f0310f13d06b78022b02
:103e680039d0eb8a4ff6ff74a34230d0297b204823
:103e78000ef07efb1e48e98a17f06cfaec822846a1
:103e880011f072fc304670bd1a481af05ffd40b15f
:103e980000266e71d6e7467117481af057fd6c79ff
:103ea800cfe7144818f052fa2b790322022b18bfd7
:103eb8002c716a713221002018f0baff6c79461c07
:103ec800bfe72846002106f037fa304670bd28467d
:103ed80011f04afcd6e7e97811f00804d2d121465e
:103ee800064819f0adfe2146054816f079fec9e7e7
:103ef800e4cf0020f4ce0020c8ce0020e8d2002075
:043f080098d200202b
:020000040000fa
:020000040102f7
:103f0c0003685b7a002b60d02de9f00fc16d91f83e
:103f1c000480ca7991f805a08c7891f803b042ea34
:103f2c00086291f8068042ea0a4c4cea0822d0e971
:103f3c0022894bea0423994508bf904582b026d2ca
:103f4c00b2eb0801009163eb09010191dde9006717
:103f5c00002f08bf402e39d2d0e924513446b04648
:103f6c00a6f12007a14005fa07f7c8f1200639434e
:103f7c0025fa06f605fa08f4314344f00104c0e9c9
:103f8c002441c0e9222302b0bde8f00f7047b8eb22
:103f9c00020669eb0307002f08bf402ef3d2012362
:103fac00d0e92414a6f12002c6f1200503fa02f28e
:103fbc0023fa05f52a4303fa06f622430e43c0e919
:103fcc00246202b0bde8f00f704770470124002155
:043fdc00d5e700bf66
:020000040000fa
:020000040102f7
:103fe0002de9f0419eb0279f002f5bd0044608a822
:103ff0001e46154688461ef069fd0aa81ef066fd9d
:10400000299b0593289b0095cde90373204604f175
:104010006003cde901680aaa08a901f0a3fd0446de
:1040200048b108a81bf0fcfd0aa81bf0f9fd2046ca
:104030001eb0bde8f081482221460ca81df09eff6d
:104040001eab0ca907a80aaa07930cf06bfe051e6d
:1040500022db08aa0ca907a80cf064fe00281ddbcf
:1040600005442a460ca907a810f0def8061e17db47
:104070000ca907a830221cf0bdfb00280edb35443c
:10408000259b0544ab420fd32a46079924981cf080
:1040900063fd269b1d60c4e72c46c2e70446c0e7cb
:1040a0003446bee7014cc2e7014cbae780b0ffffdf
:0440b00000b1ffff5d
:020000040000fa
:020000040102f7
:1040b4002de9f04f87b00f46ddf844a0129c139d04
:1040c40003944feaca04059090462846221d002115
:1040d4000293109e1df050ff4fea8a030493baf135
:1040e400000f4cd0043f0af1020905eb030b2b68c7
:1040f400d8f8002057f8044f009402fb0434039bc3
:10410400424603fb04f44946029b2846fef73aff65
:10411400284600945346324649460435fef732ff9a
:10412400ab45e4d1049b5bf82ac0a3f1040e059bc4
:10413400043ede44abf104021d1f002052f8041fac
:1041440056f8044f0b1aa3422cbf002701271b1b50
:1041540081422cbf3846781c964545f8043fedd182
:1041640080ea0c0043421843c017049a0599109240
:1041740000235a4607b0bde8f04f0cf0e7b82868b2
:04418400ab46efe770
:020000040000fa
:020000040102f7
:10418800f8b5324d6b686c6b9b69984768616b69d1
:104198002869d5e90a67834298bf03f58033181a5e
:1041a800321847f10003c5e90a23002c3dd095f8e1
:1041b8003030013385f8303013f076fa6c6becb19f
:1041c800a368dbb901260ce0e36883b1e06910f06d
:1041d8002ff9e3680bb1206998476c6b74b1a36839
:1041e80063b9a378267520466675002becd010f0cd
:1041f800f3f8a378002becd16370eae7144f00249e
:104208003e4600bf07eb441300215a7d01341ab122
:10421800b2785975012a12d0052c06f12006f1d181
:1042280095f83030013b85f830301ef0f9ff044630
:1042380007f0ccfc2046bde8f8401ef0f3bf7268da
:104248009a60304605f014fee6e700bf60fd0020e6
:04425800f8f8002052
:020000040000fa
:020000040102f7
:10425c0070b586b000231b298df80830019301d06e
:10426c00172929d10a460446014603a813f07afb04
:10427c000546f0b9bdf812304ff6ff76b34217d0b1
:10428c00bdf814100398c91a01aa89b212f0fafced
:10429c0004f13100bdf8123020f00100b342456149
:1042ac0005763ad0032b07d8dfe803f02c2c1d0a37
:1042bc001725284606b070bd0725284606b070bde8
:1042cc009df805309df804109df806201b0103ebaa
:1042dc00013303eb1213c2f3c00102f00702436176
:1042ec0001764276e5e79df805309df804101a0931
:1042fc0002eb0112c3f3c00103f007034261017624
:10430c004376d6e79df804301909c3f3c00203f0d5
:10431c000703416102764376cbe76b88ffde00bf73
:020000040000fa
:020000040102f7
:10432c002de9f04107461bf04fff044600283dd015
:10433c00204616f07bf92379d90706463ad5c3f304
:10434c008015002d36d101222146384603f014ff8a
:10435c0002282fd02279637942f010025e09227173
:10436c002cd0032e0dd1d3b265f304132371204648
:10437c0016f05cf905462379da0714d52046bde81a
:10438c00f081237965f304132371204616f04ef95e
:10439c004ff00208054642462146384606f014ff07
:1043ac002379db071bd52c46002cc1d100242046d9
:1043bc00bde8f0813446002cbad1f7e721463846e7
:1043cc00fff786fb237966f304138046237120469e
:1043dc0016f02cf90546b8f1000fccd0dbe72146de
:1043ec0038462c461bf096fa002ca1d1dee700bf14
:020000040000fa
:020000040102f7
:1043fc00f0b5012b9db03fd817460d4606461c461e
:10440c0001a86c2200211df0b3fd24b31c4a1d4be6
:10441c00139214931c4a1d4b159216931c4a1d4b58
:10442c00179218931c4a1d4bcde919231b9435b1d7
:10443c002a46314601a808f097f8044620b93946b7
:10444c0001a801f083fe044601a86c211df088fb35
:10445c0020461db0f0bd124a124b13921493124a0f
:10446c00124b15921693124a124b17921893124a2a
:10447c00124bcde91923d9e76ff07304e8e700bfbd
:10448c00d89e05c107d57c3617dd703039590ef72b
:10449c00310bc0ff11155868a78ff964a44ffabef1
:1044ac0067e6096a85ae67bb72f36e3c3af54fa5b9
:1044bc007f520e518c68059babd9831f19cde05be5
:020000040000fa
:020000040102f7
:1044cc0030b50268836b12799b6985b0044682f023
:1044dc00010201a99847204601211df02dfb05463c
:1044ec0018bb636f162b37d1e36e1a78142a33d1ad
:1044fc002268d4f898105279012a15bf102218227c
:10450c0004200c2091422ed118440c2201a911f048
:10451c00a9fb054670bba26b2368127862b962686e
:10452c00013262605b79012b0fd001a80c211df0c8
:10453c0017fb284605b030bd1a7952b1012af1d1ca
:10454c000f2262605b79012befd1204611f0aaf9a2
:10455c00ebe70a226260e5e720460a22022114f00a
:10456c00a1fc084de1e720463222022114f09afc0e
:10457c00054ddae720463322022114f093fc034d5b
:10458c00d3e700bf0089ffff008dffff0092ffff04
:020000040000fa
:020000040102f7
:10459c002de9f0414768974241d0044608460d4644
:1045ac001df040f8022f19d9a26813782a2b15d1c7
:1045bc0053782e2b12d188b12b782e2b0ed06e1e49
:1045cc0006442c46c5f1010c04e000bf14f8013f71
:1045dc002e2b07d0b4420ceb0401f7d14ff0ff3077
:1045ec00bde8f081013f401ab842f7d1104429448c
:1045fc0002e000bf11f8013f12f8015f25f0200422
:10460c009d42a4f1410485ea030603d0202ee5d196
:10461c00192ce3d89042edd10020bde8f0818368dd
:10462c00002ff9d001eb070803f1ff3c08f1ff382c
:10463c004c1e00bf14f8013f1cf8016f23f0200240
:10464c00b342a2f1410283ea060e04d0bef1200f60
:10465c00a3d1192aa1d84445ecd10020dde700bf35
:020000040000fa
:020000040102f7
:10466c002de9f0418cb0054602ac88462046262246
:10467c0000212f1d1df07cfc38461df06df998b102
:10468c002b4601a933f8642fadf805209b788df8e3
:10469c0007300422012306468df8043018f008fc7c
:1046ac0028b130461df09af80cb0bde8f0813146c7
:1046bc00284616f05ff90028f3d13146284615f04c
:1046cc001dfa0028edd14246314628460ef03ef840
:1046dc000028e6d12846424631460cf033fe00282d
:1046ec00dfd14ff4606301a904223046019318f026
:1046fc00dffb0028d5d142460a4906a819f03efb3b
:10470c00094b0fcb84e80f0040f223232246384696
:10471c003146adf82a301df05ffd0028c1d10cb038
:0c472c00bde8f081b0d40020e8d40020eb
:020000040000fa
:020000040102f7
:104738002de9f041884686b0012300274ff6fe7127
:104748000df107020546a8f800108df807308df81e
:104758000c3002923e463c463946002302aa2548c0
:104768001cf05efd074680b30023cde9040304a9cd
:10477800284611f06ffe0028eed1059b5a78023ac0
:10478800062a03f10400f2d9e4b11b4a598892f8c9
:10479800472d49ba920292b289b28a4212d0b4f82d
:1047a80002c09cfa9cfc1ffa8cfc6245dfd093f88f
:1047b80004e03278964505d8d9d1614584bf0646cc
:1047c8001c46d4e706461c46d1e784b163885bba29
:1047d800a8f80030337888f80830b6f80120d6f801
:1047e800033052ba1bbaa8f80220c8f8043006b041
:0c47f800bde8f081a0d6002000c6002023
:020000040000fa
:020000040102f7
:10480400436f162b10b504462cd0142b12d0152b45
:1048140005d022685279012a2ad0002010bda36f46
:10482400022b40d1e26e1378022b3ed0012b2cd008
:10483400204810bda36f012b35d1e36e1b78012beb
:1048440031d123685b79012be7d16368a06b0a2b14
:1048540011d00c2b0fd0184a184b00280cbf10464f
:10486400184610bdfdf758f90028d7d1636fcce77f
:10487400172b11d0a06b0028d0d063681a2bccdd85
:10488400204618f089fe002010bd53787bb1642bbc
:10489400084808bf002010bd63681a2bc8dda06b50
:1048a4000028edd1bae7064810bd064810bd0648f9
:1048b40010bd00bf8099ffff0099ffff809bffffa1
:0c48c400008effff8088ffff8087ffff51
:020000040000fa
:020000040102f7
:1048d0002de9f047c2b081460baf4c9802970d46c8
:1048e00016469a461cf0a4fe0df205148046cdf83b
:1048f00000a033462a4602a8214612f0b9fd10b1a5
:1049000042b0bde8f0874a9b00932a4633462146d1
:1049100002a812f0adfd0028f2d14b9b00932a466d
:104920003346214602a812f0a3fd0028e8d1029bdd
:10493000e21a032a2ddd98fa88f21a6002980430f0
:10494000a042029025d8241a444522d342464c99cd
:1049500084181cf001f9484602941bf005ffe21b85
:10496000394603ab14f004fb0028c9d148461bf0bc
:10497000fbfe1ef081fa03a902464d9818f0a0fd37
:104980000028bdd14d9905f13402084605f054feca
:0c499000b6e70148b4e700bf00b1ffff2c
:020000040000fa
:020000040102f7
:10499c002de9f84f164604460068ddf828a0884635
:1049ac009b461ef063fab6f5806f51d8baf5807f3e
:1049bc0051d8e36b81468bb3636b012b03d0e26a56
:1049cc00a36b9a422add524600235946204603f037
:1049dc0023fd08bb4ff0000a8eb92de020461af0db
:1049ec0005fa3946c0b920460ef060f82a46394619
:1049fc0090b940461cf0aaf8761ba8441cd020465f
:104a0c0016f0e6ff04f10c074e4535464a4639468a
:104a1c0028bf4d460028e1d0bde8f88fbbf1000f50
:104a2c00dad0baf1000fd5d052465946204600f0e4
:104a3c002dfd0028d0d0efe752465946204600f015
:104a4c0025fd0028e8d1e36a0133e362bde8f88f65
:0c4a5c006ff00200e0e76ff00400dde7ff
:020000040000fa
:020000040102f7
:104a6800c388ca8870b4002b54d003f18045013d37
:104a7800046854f8256004eb850426b11ce000bfe7
:104a880054f8045dc5b9013bfad1002a3fd002f1c0
:104a980080440d68013c55f82410c1b905eb840128
:104aa80003e000bf51f8044d7cb9013afad1181c53
:104ab80018bf012070bc704732b302f180440d6802
:104ac800013c55f824100029e8d09a421cd39a4298
:104ad80003d94ff0ff3070bc704703f18043013bae
:104ae800046855f8231054f823009b00884204eb0f
:104af80003022b4408d8ecd3a24208d052f8040d84
:104b080053f8041d8842f6d9012070bc7047002074
:104b180070bc7047002afad002f180440d68013c4d
:0c4b280055f82430002bb9d0d3e700bfb3
:020000040000fa
:020000040102f7
:104b3400f0b591b002ac84e80f002622002106a84b
:104b44001df01afa94e80f00244d254f0aac84e8ae
:104b54000f0040f6291300212868adf83a301bf005
:104b640065fa3c68064620461cf060fd214682b288
:104b740030461ef0b5fa20b11a4818f009f811b001
:104b8400f0bd06ab3246286817491bf05dfa0446af
:104b940020b1164817f0fcff11b0f0bd3968144875
:104ba400144d17f0f5ff144b286808229a631cf083
:104bb400c5fc58b92c681ef02ff800230246009358
:104bc4002046012113f0defb11b0f0bd0094234612
:104bd40022460321286813f0d5fbebe708080020e0
:104be40088010120d05003010c110020f050030172
:0c4bf400c0fe0301a8000120002b0044bb
:020000040000fa
:020000040102f7
:104c000038b5314b0a221a74012440f20a220228d4
:104c100005465c74a3f819203ad003d8f8b10024f3
:104c2000204638bd10284cd01128f8d1032300228b
:104c300007210c2017f0f3f900230222042117208a
:104c400017f0edf92346052220210c2017f0e7f993
:104c5000234600220f21152017f0e1f9e0e7034673
:104c6000024607210c2017f0daf92b460222042114
:104c7000172017f0d4f92b46052220210c2017f01d
:104c8000cef92b462a460f21152017f0c8f9c7e7a1
:104c90002346002207210c2017f0c1f9002302222d
:104ca0000421172017f0bbf90023052220210c2036
:104cb00017f0b5f900231a460f21152017f0aff9a8
:0c4cc000aee70223e5e700bf92110020e0
:020000040000fa
:020000040102f7
:044ccc00704700bf6e
:020000040000fa
:020000040102f7
:104cd00053ec102bc3f30a512de9f04140f2fd7063
:104ce0004e1e86421d4645d8a1f2ff30002835db16
:104cf000332831dc284bc0f120084ff0ff3c03fa89
:104d000008f2a1f21f412cfa00fc10ee104a4cea06
:104d1000020c23fa01f24cea020c23fa00fe04ea28
:104d20000c0605ea0e0724ea0c0256ea070425eaf7
:104d30000e030fd0002a73f100040bda4ff4801534
:104d400005fa08f425fa01f10c43121925fa00f0ce
:104d500040eb030343ec102bbde8f081002a73f114
:104d6000000303db9fed080bbde8f0819fed080b0e
:104d7000bde8f0810029efd10a4603f0004343ec7f
:104d8000102be9e7aff300800000000000000000f6
:0c4d9000000000000000f0bfffff0f005b
:020000040000fa
:020000040102f7
:104d9c0070b50446007862f3000063f341002070a4
:104dac00236803f0f303042543f48023656043f088
:104dbc00080300250e46236029462581e56004f191
:104dcc00100026221df0d4f82346314604f1380099
:104ddc001f4a1cf00ff923461e4a43f8902f294610
:104dec00c4e92634c4e92855c4e92a55c4e92c552c
:104dfc00c4e92e55c4f8c05004f51c704ff452721f
:104e0c001df0b6f82946c4f8b855c4f8bc55c4f81a
:104e1c00c05504f1700020221df0aaf8294604f1b7
:104e2c00c8004ff480721df0a3f8294604f5e47015
:104e3c0094221df09df8c4f85c52c4f86052c4f87a
:104e4c006452c4f86852c4f86c52204670bd00bf5e
:084e5c0031310401b92d0401fc
:020000040000fa
:020000040102f7
:104e64002de9f0430c4691b0a268e3684968dff885
:104e7400b4800646206800270aacadf83c700e9753
:104e84000fc408f6b86595e80f0006ac84e80f0077
:104e940044f64c5cff253946304601230df10b02e4
:104ea4008df83c50adf83ac01bf070ff9df80b50e4
:104eb40075bb0df10c094a460a23012130461bf04b
:104ec40065ffd8f86c79d8f89429cdf80d2007f04f
:104ed4007f0001304a460a2301218df815003fbaac
:104ee4003046cdf8117010f039fa0b230093cdf849
:104ef400049029462346324608f60850faf7b4f8d7
:104f040010b111b0bde8f08308f65c101cf072f922
:104f14002246314602481df063f911b0bde8f08322
:084f2400f0d3002000c60020bc
:020000040000fa
:020000040102f7
:104f2c00f0b58db004460ff07dff6168a268e368b0
:104f3c0094f837c094f838700646206802ad0fc557
:104f4c002346002253f8100f0a9259689a68db68be
:104f5c0006ad0fc54ff000036cf3c30394f8362075
:104f6c001f488df82c2067f304138df82d301df09d
:104f7c0087fc00b3042236ba0deb020105460196fc
:104f8c0017f096ff18bba18d6b898b4203d2284674
:104f9c0018f064fdd8b91348b4f84c30b0f884203c
:104fac00a4f84e20803002aa294608f0d7fe70b92a
:104fbc00a38f0133a387e38d013b9bb2e38504f1ff
:104fcc00500043b1216b17f089ff0db0f0bd28469e
:104fdc001cf004fcefe7a18e17f080ff0db0f0bdc4
:084fec0080c6002000c6002071
:020000040000fa
:020000040102f7
:104ff4002de9f0412c4d88b0804600f1140600f1f3
:105004009407b37c9a0705d42036be42f9d108b080
:10501400bde8f0810023019302aa01a928461bf0f0
:105024003ffb60bb9df819301b07f5d59df81a406e
:10503400c4f38004002cefd19df81830402bebd141
:10504400314602a81af0aafc0028e5d0d8f80430aa
:105054005bb102a91548984738b13146144815f098
:1050640055fcb37c64f34103b3743146404618f0f5
:105074005ff90028c8d00f481df078fcc4e7f36935
:10508400002bc1d1b37c13f00104314603d0404658
:1050940016f03afcb8e7064815f038fcb37c64f324
:1050a4004103b374b0e700bfa0d6002000c60020bf
:0850b4002cc7002008d30020e6
:020000040000fa
:020000040102f7
:1050bc00f0b590f8263083b000259b0706468df896
:1050cc0006500f4600f114048df8075048bf00f14c
:1050dc0094020fd5e3693bb1002d46d0e9695b1a08
:1050ec0035ea230528bf2546203494422ed0a37cd4
:1050fc009907efd425460023eb617a7cd30914bfc2
:10510c00397c8021c2f38002204616f059fa3946c8
:10511c0020461df057fe39460df1070214481cf0cd
:10512c0089f89df807306b760df106022146304662
:10513c0004f074f80023294630462b7618f0f4f866
:10514c0021460c4812f084fd03b0f0bd002dfbd0bd
:10515c00ab7c9b072c46ced52946064815f0d2fbd6
:10516c00ab7c6ff34103ab74c5e72546bce700bfce
:08517c00a0d600202cc7002082
:020000040000fa
:020000040102f7
:105184002de9f0470578a0b0002d56d00c78ac423c
:1051940053d101f168080c460546414668301f4664
:1051a4001646fdf7c9fb002847d104f170094946aa
:1051b40005f17000fdf7c0fb00283ed104f1780a28
:1051c40005f178005146fdf7b7fb002835d102a858
:1051d40025461bf037fb08a812f080ff08a815f835
:1051e400601b06f0cdf804f11c03e6b1cde90067bd
:1051f4002a4602a908a8ebf79bfa044648b102a87c
:105204001bf012fb08a80bf0c1fd204620b0bde83e
:10521400f087414602a8fdf78ffb20b9494604a850
:10522400fdf78afb08b1074ce9e7514606a8fdf7ec
:1052340083fb04460028e2d0f5e7024c204620b068
:08524400bde8f08780b0ffff18
:020000040000fa
:020000040102f7
:10524c002de9f041804608460d461bf01bf908b1cc
:10525c00bde8f08198f89d6008f16d0404eb061729
:10526c00bc4209d01022294620461bf061fc0028c4
:10527c00eed01034a742f5d1032e12d0731c88f84f
:10528c009d3008eb06162c686868a968ea68c6f8b1
:10529c007920c6f86d40c6f87100c6f87510bde8e7
:1052ac00f0813146002016f077ff98f89d60044697
:1052bc00e6b1013ef6b2320103b2b2eb031f88f83d
:1052cc009d6010d008eb061308eb001453f86d7fab
:1052dc0058689968db68c4f87930c4f86d70c4f804
:1052ec007100c4f87510032eb2d0c7e70fce08ebcf
:1052fc00041404f16d05c4f86d006960aa60eb60dc
:04530c00ffde00bf01
:020000040000fa
:020000040102f7
:1053100070b50b469cb0054600241846898903aa3f
:105320003023cde910441bf033fd08b11cb070bd33
:10533000044603a90faa284611f01ef80028f5d04c
:105340009df80c3003f00703042b25d19df80d3098
:10535000002b2fd00d9b1bbaf3b10e9ae2b11b4963
:10536000ae6c8b424ff00002194925d864184ff0fb
:10537000000141eb06061c1942eb060601462846d1
:1053800014f0fefb10990029d0d000200090224696
:10539000334611988847c9e701240146284614f08e
:1053a000effb10990029c1d000940022002311982e
:1053b0008847bbe70524f0e764184ff0ff3141eb65
:1053c00006061c1942eb0606d8e700bf807eaa83ba
:0453d0008081557c07
:020000040000fa
:020000040102f7
:1053d4002de9f0438769b7f5c07fe1b053d8c7f52d
:1053e400c0749c424fd3c3f5c075ed1b95424ad39c
:1053f4000446914688464ff4c072002168461e4612
:105404001cf0bafd3a466946d4e94e309847002864
:105414003cd1a5693eb1d4e94e3032460deb0501cd
:10542400984798bb3544b8f1000f02d0b9f1000f8a
:1054340019d12a4669466846f1f78efe054640b101
:1054440068464ff4c0711cf08ffb284661b0bde87c
:10545400f0836946204603f085ff05460028efd116
:1054640001232361ece741464a460deb05004d4418
:105474001bf070fb2a4669466846f1f76dfe054647
:105484000028ddd1e5e76ff03705dee76ff033057f
:04549400dbe700bf93
:020000040000fa
:020000040102f7
:105498002de9f04705468ab00068884691461df018
:1054a800e7fc0646b8f1000f51d0b9f1000f14bf60
:1054b8000227012700238df8043021e002a928469d
:1054c8000df0f6fa3246044602a9c0bb2846f7f7a3
:1054d80083f832460446514688bb284619f088fcb2
:1054e8005146044658bb28460df0e2fa044630bb44
:1054f8009df804300133dbb2bb428df804301ed274
:10550800284616f067fa05f10c0a04463246514659
:10551800a8b9284619f06cfc0122044601a970b903
:10552800284619f065fc044648b9022fc6d14a46f8
:105538004146284619f05cfc04460028bed002a863
:1055480020211cf00ffb20460ab0bde8f087012798
:04555800b0e700bff9
:020000040000fa
:020000040102f7
:10555c00f8b50c46002858d0002948d00a680368d2
:10556c009a4244d14a6843689a4205463fd1a168a1
:10557c00a8681bf0ddfa002839d1ee68e768be4256
:10558c0038d00c2e01d0132e31d10c2f01d0132f6b
:10559c002dd122692b69934229d16a696169b3b112
:1055ac00013b13440139013a12f8016f11f8017fe4
:1055bc0026f02000be42a0f1410086ea070c04d080
:1055cc00bcf1200f13d1192811d89342ecd12a7faa
:1055dc00237f9a420bd1ad69a469b5b13cb12a685d
:1055ec0023689a4203d162686b689342bfd04ff034
:1055fc00ff30f8bd23692a699a42c2d16169686992
:10560c001bf096fa0028bcd1e1e7201c18bf012042
:04561c004042f8bd53
:020000040000fa
:020000040102f7
:10562000430700d4704770b5254b82b018681df051
:105630006ffb244b0228187008d0032804d00428dc
:1056400033d001282bd020b302b070bd1e4d2c7872
:10565000002cf9d11d4e1e4817f09cfa00942346e9
:105660004ff4fa620421306812f08efe36681df0a5
:10567000d5fa2346024601210094304612f084fefa
:1056800009f0cafa10f084fc124a012313702b703f
:10569000dae7114802b0bde8704017f07bba0d4b55
:1056a0001b78002bd0d00d48f4e70d4817f072faa4
:1056b00009f0b2fa10f06cfc064b01221a70c3e735
:1056c00008080020ee000120ec000120a0000120cd
:1056d0000c2b0201ed000120b82b0201782b0201f6
:0456e0003c2b02015c
:020000040000fa
:020000040102f7
:1056e4002de9f04383b089460146684690461d463d
:1056f40018f0b4ff009c002c4cd005f1100708f101
:10570400100605e0684613f0a5ff009c002c41d06c
:105714006189403989b22a46402320461bf036fb72
:105724001022314638461bf007fa40b12b7cff2b80
:1057340005f1180003d019f081ff0028e2d02a8c6b
:10574400b8f822309a42ddd109f1310222f0010287
:105754001378c3f30113023b012b0fd804f1310179
:1057640021f0010153884a885bba52ba9bb292b2c3
:105774009a42c7d1204603b0bde8f083214648468b
:1057840015f01afd0028f5d1684613f063ff009c5c
:10579400002cbdd10024204603b0bde8f08300bf37
:020000040000fa
:020000040102f7
:1057a4002de9f0411f468cb01446064626220d46cc
:1057b40002a800211cf0e0fb0ff038fbb9793a682d
:1057c40097f804c07f7901238b4002f54331013bf4
:1057d40001f5a07102fb03f2b2fbf7f20cfb02121b
:1057e40010440df1080c0190274604f12008386894
:1057f4007968ba68fb68e646aee80f00103747459b
:10580400f446f4d13868cef80000bb88aef8043012
:105814002246294630460af059f810b10cb0bde8ca
:10582400f08130460af08af86989284617f0aafa06
:1058340004460028f2d02c2201a917f03dfb58b9e8
:1058440021460122304612f0f7f8301d019919f073
:1058540013f80cb0bde8f08120461bf0c3ffdde770
:020000040000fa
:020000040102f7
:105864002de9f0431c468bb080460f4691466846ae
:10587400262200211cf080fb238c13b13a8a9a4221
:105884003fd104f1200c6e4620686168a268e36889
:1058940035460fc5103464452e46f5d1206828607e
:1058a400a388ab8004a81af0f1fd20bbbdf8223018
:1058b4001bb97b8c2bb3adf8223068461af0e6fd99
:1058c40028b138687968ba68fb686c460fc43b8aab
:1058d4003bb901233a46394640460af0b7f938b98c
:1058e4003b8aadf820306a464946404608f080f9c4
:1058f4000bb0bde8f08307f1120420461af0c6fd90
:1059040018b107200bb0bde8f083d7f81200d7f820
:105914001610d7f81a20d7f81e3004ac0fc4c5e708
:020000040000fa
:020000040102f7
:105924002de9f0418cb0044615460e4602a800212c
:1059340026221cf021fb2946204614f0cbff20b977
:10594400002420460cb0bde8f081002381221946d2
:105954002248cde900338df800201bf0affb8046d0
:105964000028edd004226946b78917f0a5fa044649
:1059740030b140461bf036ff20460cb0bde8f08144
:1059840073893a1d92b29b1a9bb23146404606f087
:10599400c9ff04460028ecd12b462e7853f8100f8b
:1059a40059689a68db6806acff2e0fc405d02868d6
:1059b4006968aa68eb6802ac0fc402aa3a2341469c
:1059c4000648f4f7d7fb04460028d2d16a460823d8
:1059d400b8f80c1040461bf0d9f9b2e75cc60020b9
:020000040000fa
:020000040102f7
:1059e4004b1e012b70b50d4604462dd9022d03d054
:1059f400032d30d005b170bd244a41f6d40304f11f
:105a04002c05d25c002a34d0002384f83c20e362c5
:105a140028461f496b60ab60eb6004f124061df05f
:105a2400d5f930461bf0b0ff50bb33687268a263ef
:105a34006363012363770ff0f9f92062294615485f
:105a4400bde8704012f008b9037fdb0712d420468a
:105a540011f07cfccae704f12c0529460d4819f025
:105a64002bf80028c7d1094a41f6d403d25c002a96
:105a7400cad1fee70246084908480cf02bfce6e7c9
:105a840020460ff083f80028d3d0b4e700c60020e6
:105a9400c4de00202cc7002089310401d8c70020af
:020000040000fa
:020000040102f7
:105aa400f0b589b000232b4d0193064602aa01a943
:105ab40028461af0f5fd002835d100bf9df81930ad
:105ac4001807f3d59df81a305907efd49df818300c
:105ad400402bebd1736823b102a91f4898470028d3
:105ae400e4d106f1140406f19407a37c9a071cd4ac
:105af4002034bc42f9d1184bd3f82c4144b121468f
:105b040002a819f04bff0028d0d16469002cf6d10b
:105b140002a93046fff7d0fa02aa01a928461af0d2
:105b2400bffd0028cad009b0f0bd214602a819f073
:105b340035ff0028dcd0e369002bb7d09df819307d
:105b44005b07b3d50023e36121460122034812f029
:105b5400a5f8abe7a0d6002000c600202cc7002083
:020000040000fa
:020000040102f7
:105b64002de9f047acb006469df8d800346c894660
:105b7400924698461af0f6fd00284ad007340746a4
:105b840009a81cf0a1ffe4081ba81cf001f80ba94c
:105b9400224640461cf088f8054648b11ba81af076
:105ba40035fe09a81af03af828462cb0bde8f0876b
:105bb400dde9342309a930460ef0b0fa0546002881
:105bc400ecd10bab2246191909a81cf06df8054657
:105bd4000028e3d163000baa39461ba80ff08efe00
:105be40005460028dad1399b0693389b0593379be9
:105bf40004931bab0393359b0193074c349b009395
:105c040052464346494630460294f3f79dff054603
:105c1400c4e7024dc8e700bfa91b040180b0ffff21
:020000040000fa
:020000040102f7
:105c2400f0b589b000241746302304aa8df80e403d
:105c34008df80f40054618f0e9fa20b1a0f5745428
:105c4400204609b0f0bd2e68049b0df10f021e44de
:105c54000092314605ab0df10e0228460bf0ccf84c
:105c640004460028ecd104aa3146284612f058fa1a
:105c7400d0b92b68049a13449e4229d19df80e0092
:105c84001bf078fb30b30146384616f021ff04467a
:105c94000028d5d19df80e30023b012b07d90e4cbc
:105ca40038461af00bf8cbe7a0f56c54c8e705a802
:105cb400394615f013ff04460028f1d12968384607
:105cc400721a19f0f1f82e6004460028b8d0e7e7fc
:105cd400024cb5e7004cb3e780c3ffff9ac4ffff53
:020000040000fa
:020000040102f7
:105ce4002de9f0410568a1eb050cbcf1000f82b071
:105cf40053dd95f800c0bcf1300f4bd10135056080
:105d0400174601aa04460e4698460cf019fa0546b1
:105d1400002836d12168761a002e3edd019b0878d2
:105d24003a46002b42f8040b01eb030635dd0b78f1
:105d3400062b2fd101312160204631460cf000faa8
:105d44000546f0b921687868b9600b18b34223603e
:105d54001bd04246095c42f8041b013323603146e0
:105d640020460cf0edf9054658b92368d8f804200c
:105d7400c8f808301344b3420cbf05466ff06505fc
:105d84002360284602b0bde8f08140460c211bf098
:105d9400ebfef6e76ff06105f3e76ff05f05f0e700
:020000040000fa
:020000040102f7
:105da400f0b5876b0368d7f8fc6185b016b1d7f8f6
:105db40000422cb99e6e002e49d0dc6e002c46d0d9
:105dc400052905460ed163ba422ca7f8f83207f22a
:105dd400fa233ed81846224600211cf0cdf803468b
:105de400234417e0082932d1da6901929b690093b0
:105df40007f2fa22422303a907f1500005f008fb39
:105e040018bb039bbdf80c203b4452ba03f2fa239f
:105e1400a7f8f82207f54f77fa1a012a19dd62bab2
:105e240023f8022b9f4214d3ff1aa74211d3314601
:105e3400224618461af08efeaa6b0346234402f546
:105e44003e715b1ac2f83c33002005b0f0bd024835
:105e5400fbe70248f9e700bf0094ffff008fffff54
:020000040000fa
:020000040102f7
:105e6400f8b52c4d2c4c2b7e5b074bd5ae6aa36a40
:105e7400206be16a0133834228bf0023994227d073
:105e8400e16a9942efd06a6802f00702012af1b28e
:105e94002cd0a26a21488154a36294f83430002b98
:105ea400e1d0e36aa26a934284bf216b5218d31ae9
:105eb400226a002ad7d0616a94f83c2002f0ff00dd
:105ec4000ab3a26b9a42ced8236a00209847cae745
:105ed400226a002ad4d0616a236a01209847a36aff
:105ee400226b0133934228bf0023c9e7d4f828c0aa
:105ef4000a4f4fea4c000130c6f3072207f81c1082
:105f04003a54c9e7f8bda26b9342acd1236a9847cf
:105f1400a9e700bf000c004020fd00203cfb00204e
:020000040000fa
:020000040102f7
:105f240030b5cdb004460ba81bf006fd0ba92046e6
:105f34000df0a8fc20b120460cf04cfb4db030bd58
:105f44000e210ba81cf070fc0028f4d0034653f873
:105f5400020f596801ab03c301a81d49f9f74afbb5
:105f6400002811dd0ba8332119f028fb0ba83421dc
:105f740019f024fb0ba90122164808f04ffa204619
:105f84000cf028fb4db030bd05210ba81cf04cfcd7
:105f94000028d0d0034603ad53f8020f59689a681d
:105fa400db680fc507a90c481bf070fd079a039b1b
:105fb4009a42d7d1089a049b9a42d3d1099a059b55
:105fc4009a42cfd10a9a069b9a42cbd1b3e700bf3b
:0c5fd400d8ce0020c8ce00205ccf0020fa
:020000040000fa
:020000040102f7
:105fe000f8b591f90230002b0e46054601f1020486
:105ff0004edbcb7906227078134454fa83f4811c6b
:1060000073189c420ed22278637812f0010f4fea87
:10601000620703f102021dd0062f10d0144473183a
:106020009c42f0d396f90230002b34dbf379062240
:106030001344dbb2181ab0fa80f04009f8bdb37807
:1060400003f00f03a3f57c735bba6380707814448c
:10605000811ce4e70233dfb23a462146284615f0b8
:1060600021fc96f902207378002a0adbf0790630c9
:10607000c2b29b1adb1bd8b21044c0b27070811c34
:10608000bee7f0780230c2b29b1adb1bd8b2f3e74e
:0c609000cb780222afe7f3780222c9e7c8
:020000040000fa
:020000040102f7
:10609c002de9f047012adde908784dd80446043093
:1060ac001e460d4691461cf08ff9e369824663b398
:1060bc00636a53b3002105f1100016f0edfc38b9fa
:1060cc00b8f1000f3ad0012338703360bde8f08787
:1060dc00b9f1000f1cd14fea4a0301334345336039
:1060ec002cd83946042301f8013b524628461bf0b4
:1060fc00d7fd0028ead10af1010105f10800394465
:10610c005246bde8f0471bf0cbbd0d48bde8f0870b
:10611c000af101034345336010d8002105f1080052
:10612c0019f088fd3946023001f8010b5246284619
:10613c00bde8f0471bf0b4bd0248c7e70248c5e70d
:0c614c0080b1ffff80b0ffff00b1ffff3b
:020000040000fa
:020000040102f7
:1061580070b504468020236c03f03f035a1c382a8c
:10616800e0540d4604eb02003ed8c2f1380200218b
:106178001bf000ffd4e91031da02d80002f47f02e4
:1061880042ea106242eac362000a5b0f00f47f40f1
:1061980043eac10302431bbae263a36321462046d4
:1061a800f7f79ef90646c8b9a36c1bba2b60e36cd7
:1061b8001bba6b60236d1bbaab60636d1bbaeb60d7
:1061c800a36d1bba2b61e36d1bba6b61236e1bbaff
:1061d800ab61a36e13b9636e1bbaeb6120466c21e9
:1061e8001bf0c0fc304670bdc2f1400200211bf01c
:1061f800c1fe21462046f7f773f906460028edd17f
:0c6208000146382220461bf0b5feb3e72b
:020000040000fa
:020000040102f7
:106214009042f8b506464cd08842144602d003f0aa
:106224008dfda8b92546ec880123b3807cb104f127
:106234008043013b2a6852f8231002eb830321b107
:1062440007e000bf53f8041d19b9013cfad100203e
:10625400f8bd42f210739c4235d8f3889c422ad888
:10626400356823462946284613f02cfe05eb8402a4
:10627400054660b9ebe7ba003168043a0a4413688a
:106284005b193c4642f8043b4ff00105dfd3f38829
:10629400a34242f2107104f10107f0d88f4212d8e0
:1062a400bb42e8d23946304614f07cfd0028e2d0e7
:1062b400f8bd0d46b7e72146304614f073fd0028bb
:0c62c400c6d12a68cce76ff00f00f8bdcf
:020000040000fa
:020000040102f7
:1062d0002de9f041046fddf8188034b1446f24b12a
:1062e000846e14b1c46e002c3dd100293fd0541ee1
:1062f0001f2c3cd804460e46012011461f46154669
:106300001cf096fba066a0b3e5662a4631461af05b
:1063100023fca7b108f1ff33b3f5617f0fd24146eb
:1063200001201cf085fb206728b3c4f87480424626
:1063300039461af011fc00252846bde8f081a06e10
:106340000f4d28b1e16e19f08bfb0023c4e91a331d
:10635000206f0028f0d01cf071fb0023c4e91c332f
:106360002846bde8f081074d2846bde8f081044d80
:10637000e2e7054de0e7a06e0028fad0024de1e724
:0c638000008fffff808fffff0081fffff8
:020000040000fa
:020000040102f7
:10638c002de9f84f0446894690461f469df82c602f
:10639c0014f0acfd002841d00eb9002f42d0631e82
:1063ac00033335d8a3b2042b32d8dff88ca05d01af
:1063bc000aeb050bdbf81c309c4229d11af805308e
:1063cc0033b3b8f1000f23d0c84521d358460ef093
:1063dc0001f8184b0a9893f83010cbf810000023f2
:1063ec00a8eb09028bf814308bf802608bf815308f
:1063fc00cbf80480cbf80c70cbf808205846a9b920
:10640c000cf0a4fc0aeb050301225a70002400e0f6
:10641c00012417f0d3ff2046bde8f88f0124204655
:10642c00bde8f88f17f0caff0124f4e703f01efd56
:0c643c00e8e700bf60fd0020f8f8002039
:020000040000fa
:020000040102f7
:106448002de9f843264a274b274c284d2d68176815
:10645800d3f80080226823684ff0000c064682f8c3
:1064680051c0181d894617f0e7ff40b92368204935
:10647800d86a0b680122824023ea02030b60731c6e
:1064880015d023682168ad195d600ad238460431f9
:1064980015f0a8fc174b1a68aa4288bf1d60bde812
:1064a800f88340460431bde8f84315f09bbcb9f1c8
:1064b800000fe6d0104b25685a6821689068266856
:1064c800aa60c8601868216895682768043604318e
:1064d80001306e60186091607b61bde8f88300bf91
:1064e800680001206c000120640001209800012050
:0c64f8008000012088000120f8fe002038
:020000040000fa
:020000040102f7
:1065040030b32de9f0412a4cc36a2268d26a93421f
:1065140015d28269002a04db2268d26ac2f105021c
:106524008261244d426903eb830305eb83039a42a2
:106534000fd02368db6ac3620120bde8f0812368c1
:10654400406cdb6a98422cbf00200120bde8f0813a
:106554007047071d0646384617f070ffdff858c02d
:1065640040b9f16adcf8003001228a4023ea0203d0
:10657400ccf800302368dcf80080db6af36203ebbc
:1065840083029200ac1855f802e06168b160886833
:10659400f06088684760012000fa03f3864443ea08
:1065a40008038f60ccf80030746145f802e0cde751
:0c65b40064000120bcfb002080000120de
:020000040000fa
:020000040102f7
:1065c00010b52a4b2a4a997b1170d97b5170294901
:1065d00002321c4613f8010b02f8010b8a42f9d172
:1065e000254b227b1a70627b03f8012f6021a37c6c
:1065f0000522082015f013fd637d00220f212f20b6
:1066000015f00dfda37d032208212e2015f007fdb6
:10661000e37e0422f0212f2015f001fd207efef7fd
:10662000effa0022e37c1f21082015f0f8fce37c40
:106630000a3b03eb83035b004ff6fe7119400f200a
:1066400009f09effe07d09f023f8002203460f21a8
:10665000052015f0e4fc637f3bb10620ebf78efece
:106660000020bde810401cf02bbd10bd9211002091
:0c667000220001412c00014120000141ea
:020000040000fa
:020000040102f7
:10667c0010b52b4cff2184f8411094f8422002f005
:10668c00800242f07a0284f84220102284f84510ed
:10669c0084f84820212284f84920012284f84a20d9
:1066ac00022284f84c20227942f040022271e27dd1
:1066bc0042f08802e2751b4a118a41f42041118292
:1066cc00518a89b25182227a42f0600222720822e7
:1066dc00a270637803f01f03082bfad11cf0f2fab6
:1066ec00114b58700723e37094f82e3043f0a0033d
:1066fc0084f82e300023a3730c23a373637a43f026
:10670c0007036372237b43f08003237394f82f30c9
:10671c0043f0030384f82f303623637610bd00bf9b
:0c672c00000001410050014164110020f8
:020000040000fa
:020000040102f7
:106738002de9f3411e460378472b0d460246c179e1
:1067480013d143784e2b10d18378552b0dd1c378b4
:10675800432b0ad10379462b07d143794f2b04d118
:106768008379522b01d1002931d0104613f0b3fea2
:1067780080f00100c0b200230024019453bb58bb31
:1067880001290abf52f8203ca2f12003783b0129d5
:1067980008bf52f8202c1c6818bf58320192236891
:1067a80020469b689847c8b1019b1b680193022744
:1067b8002b6801aad3f81080214601232846c04738
:1067c80070b1019b3360384602b0bde8f081012307
:1067d8000846d1e7034ce2e7034ce0e70127e7e787
:0c67e8000746f0e768300401703004013f
:020000040000fa
:020000040102f7
:1067f4002de9f0430c46804654f8080f91f80190b7
:106804000f468db03e466168ff799c469646e36824
:10681400a268002506ac0a950fc456f8180f019516
:10682400b268f36871688df82c7002ac0fc44fea3b
:1068340029164ff0000366f30103bcf1110f8df824
:106844002d309df8502006d0bcf13a0f03d02846d5
:106854000db0bde8f083714601a8644611f062faf8
:106864000199054618b9112c12d03a2c08d00029e8
:10687400edd008461af0b6ff28460db0bde8f08307
:1068840002aa08f1240007f041fe05460199eee74b
:1068940002aa08f12c0009f011faf6e7019808b1f0
:0868a4001af0a0ff1cf0e8f956
:020000040000fa
:020000040102f7
:1068ac002de9f0470d4686b01146144606461023d6
:1068bc00284602aa1af066fa8046b0bbbdf80a3028
:1068cc006a8910345bba0c3ba4b21ffa83fa131b0f
:1068dc009a452edc0d23009322465346294630461a
:1068ec000df000f958bbbaf1000f1ed0052710e0cf
:1068fc00304601f0f1fa04eb0a031c3ba3eb09034d
:10690c0009f11c041ffa83fa00bba4b2baf1000f00
:10691c000bd0224629460097534630460df0e2f83c
:10692c002946814602460028e2d1404606b0bde821
:10693c00f0874ff00608404606b0bde8f0870246e7
:10694c002946304614f032f80028ccd08046404618
:08695c0006b0bde8f08700bfa2
:020000040000fa
:020000040102f7
:106964002de9f041b0f87e315bba4ff6fe729bb26e
:10697400adf5027d9342044600f5b8786e4644d0e6
:106984000023234f336001ad07e0b4f87e312a7849
:106994005bba103bdbb29a4213d02b46e2893146f4
:1069a40038461af033fc0028efd04146194813f05a
:1069b400adff4ff0ff326ff0010384f87e2184f8bd
:1069c4007f3100233360124fe2892b46314638462b
:1069d4001af01cfc68b92a78b4f87e31a2f57c72ee
:1069e4005bba92b29bb29a42eed04ff6fe718b42e2
:1069f40003d00df5027dbde8f08152baa4f87e21e2
:106a04004146044811f028f9dde701add9e700bf9c
:086a1400a0d600202cc70020d1
:020000040000fa
:020000040102f7
:106a1c0070b504460df086fc236cb0f5617f28bf81
:106a2c004ff4617006463bb19b8eb3f5417f04bfba
:106a3c0020f00f0606f1ff3623681a791ab963683d
:106a4c00013b012b17d9a36bbbb1b3f88802a0b1e2
:106a5c002ab3b4f8dc50002d31d0854228bf05464e
:106a6c00204610f0b7fc002806dba84220d22d1ad5
:106a7c00ae4228bf2e46304670bdb4f8dc50002d17
:106a8c00f9d01ab96268013a012a0cd9002be7d067
:106a9c00b3f888020028e3d0002dded10fe0636844
:106aac00013b012b06d8204610f094fc0028e3dbb8
:106abc00044870bdb4f8dc500028d1d0ece7054692
:086acc00cee700bf808fffff41
:020000040000fa
:020000040102f7
:106ad400013988b20f2823d82de9f041264931f82d
:106ae400104040f60b018c4284b01bd8d2b1cbb11c
:106af4001146a4f50065214a40f60400844232f8a8
:106b0400152013d01e4d901c535328441a461af0d6
:106b140021f82046e2f718ff002004b0bde8f08118
:106b240017207047172004b0bde8f081154fdff837
:106b340050c03e784ff0130818fb0625a81c1a46cf
:106b4400604425f80c3065441af004f806ebc603db
:106b540006eb430601a80395adf80880adf80440a0
:106b6400adf80660e2f76aff3b78002001333b7022
:106b740004b0bde8f08100bf60fd030178fe002091
:086b8400140800201500012097
:020000040000fa
:020000040102f7
:106b8c0000294dd000284bd12de9f843264c064660
:106b9c0004f138000d4619f015ff012803d04ff011
:106bac00ff30bde8f8832b686360db6898470746c5
:106bbc00e8201e4ae7600023a7fb000116f014f83a
:106bcc006368297984f8306002304ff6ff7247f61b
:106bdc00ff754ff000084ff000091b68266120621a
:106bec002172e561a26166633146c4e90a891048e5
:106bfc00984763681a6912b1208b90476368e06903
:106c0c005b6980b2984763685b689847a022002153
:106c1c0008481bf0adf9022303482370bde8f88344
:106c2c004ff0ff30704700bf60fd00200090d00394
:086c3c0089410201f8f8002073
:020000040000fa
:020000040102f7
:106c440070b584b0044601ae31462548fdf772fda7
:106c54002588bdf80430ab424ff6fe721ed0934235
:106c64001ad0029b95420cbf01250325b3f5967fec
:106c740021d24ff49673029396e8070084e8070044
:106c84002246294617481af015ff22462946164877
:106c940016f038fb04b070bd0225ede7934217d01f
:106ca4009df80c10227a029b91420ad0b3f5967f8c
:106cb4004ff00305ddd30d490d4a8b4288bf1346bf
:106cc400d9e7bdf806106288914203d00425cde7c8
:106cd4000025d1e765689d420cbf05250425c5e75d
:106ce400c8d70020d8de0020e0de00209ac42000af
:046cf4009bc420001d
:020000040000fa
:020000040102f7
:106cf8002de9f0478246c4b026a80c46994690462e
:106d0800dde94c569df8387119f0b4fa9af802305a
:106d1800234337d130687168b268f3680df1580cb5
:106d280064460fc430697169b269f3690fc4286891
:106d38006968aa68eb681eac0fc428696969aa6902
:106d4800eb694ff0280e0cad40260fc4cdf80ce0cf
:106d58004a4641463846114bcdf800c0cde9016599
:106d680016f0d6fb26a81bf0c7fc2946282226a821
:106d78001bf0c8fc04a926a81bf0d0f904a90848f0
:106d88001af078fe26a81bf0c1f944b0bde8f087d8
:106d980026a81bf0bbf91bf06dff00bf786e03013e
:046da8005ccf00209c
:020000040000fa
:020000040102f7
:106dac0070b5044682b000683d238df806300e465f
:106dbc00e8b14ff4807116f0edfd0546a0b16368a3
:106dcc00002b36d023891a180132ff2a0cd8013334
:106ddc00034401220df1070130468df8073019f0fc
:106dec007dff78b102b070bd072002b070bd616844
:106dfc00e9b120890028f5d00246304619f06eff23
:106e0c0002b070bd2a462168304619f067ff002891
:106e1c00e8d101220df10601304619f05fff002880
:106e2c00e0d130462289616819f058ffdae708464c
:106e3c00d8e701220df1070130468df8075019f003
:106e4c004dff0028ced12a462168304619f046ff66
:046e5c00c8e700bfc4
:020000040000fa
:020000040102f7
:106e6000f0b58e894c8983b0a41b0d23a4b2009386
:106e7000324623460d4607460cf03afe28b102463c
:106e80002946384613f098fd40b902230093324654
:106e90002346294638460cf02bfe08b903b0f0bd56
:106ea0000246294638460bf087fc0028f6d101231c
:106eb000009332462346294638460cf019fe002836
:106ec000ecd00246294638460cf03efe0028e5d1bb
:106ed0000e23009332462346294638460cf008fe1e
:106ee0000028dbd00321009123463246294638464c
:106ef0000cf0fefd0028d1d0024629463846fff7a7
:106f0000d5fc0028cad1384603b0bde8f04008f0ef
:046f100059b800bfad
:020000040000fa
:020000040102f7
:106f140070b59eb090f8342000238df828308df899
:106f240032308df87030930701d41eb070bd054621
:106f340008460c461af0bafc0646204616f00afe2d
:106f440008a9adf804002046009611f0affc002813
:106f5400ebd10df12a0120460ff0e0fe0028e4d128
:106f6400214602a803f082fa9df80d20144808a9ce
:106f740002f0010212f0d4fe23681b7803f0070329
:106f8400012bd2d1684618f069fc0028cdd168469f
:106f940018f074fc70b9bdf80430002bc5d0009b08
:106fa4001b7803f0e003602bbfd1694628460ff03d
:106fb400c5fabae769462846f3f79af9b5e700bf78
:046fc40028df0020a2
:020000040000fa
:020000040102f7
:106fc80044f222230380d1e910322de9f04fb1f8c1
:106fd8000080b1f802e0b1f804c0cf880e894d896d
:106fe8008c89b1f848b093fa83f992fa82fa98fa40
:106ff80098f8ca89c0f81890c0f814a08b69a0f84e
:107008000280d1f81c8093fa83f998fa88f8c0f8be
:107018002090c0f81c807fba76ba07810f6a468133
:107028004e6a3fba36ba52ba9bfa9bf39efa9efe54
:107038009cfa9cfc6dba64ba87624662a0f804e0c8
:10704800a0f806c08581c48102824382d1e90a3250
:107058001bba12bac2620363d1e90c321bba12ba64
:1070680042638363d1e90e321bba12bac263036466
:04707800bde8f08ff0
:020000040000fa
:020000040102f7
:10707c002de9f043a5b004460ca8884605911646a8
:10708c0011f028f806a819f0d9fb271d04f19c0370
:10709c000093384604f1840304f16c0206a90bf04a
:1070ac0065fd054660bb94f864300df114096bb9ad
:1070bc00494632460ca818f08dfd054600bb9df8dc
:1070cc00302023799a4225d194f86430124acdf8b5
:1070dc000890c3f10103254652f8233015f8cc0b68
:1070ec00019346440396a26e0095394606abf7f71a
:1070fc0099fe054620b9059a084bb24218bf1d46a9
:10710c000ca809f03ffe06a81bf0d0fe284625b0bf
:10711c00bde8f083024df3e7982e040180b0ffff29
:04712c0080b1ffff30
:020000040000fa
:020000040102f7
:10713000a831040103000000207b0001387b00011e
:10714000000100004c7b000103000000507b0001a7
:10715000607b0001040000006c7b00010300000064
:10716000707b0001847b000100080000987b000117
:10717000030000009c7b0001b47b000120000000a4
:10718000c87b000109000000d47b0001ec7b0001fa
:1071900000000100087c0001030000000c7c0001dd
:1071a000287c000108000000407c00010300000072
:1071b000447c0001607c000102000000787c00013a
:1071c000030000007c7c00019c7c000101000000a9
:1071d00000000000000000000000000000000000af
:0471e00000000000ab
:020000040000fa
:020000040102f7
:1071e40070b5013989b20f2984b006d9244b013214
:1071f4001c8b31d0172004b070bd2248204b30f8ce
:107204001100a0f5006133f81140531c32d040f650
:1072140004039842eed102ebc20302eb43021a4d7f
:10722400adf80400144463194ff0ff316151132683
:10723400d96059609960c3f80f1001a8adf8062011
:107244000393adf80860e2f7f9fb104a13780020c5
:10725400013b137004b070bd002540f60c00e2f74a
:1072640055fb09482a462044ff211af085fe0020d8
:1072740004b070bd064bc2b233f81250efe700bf42
:1072840078fe002060fd0301140800201500012091
:04729400f0130401ee
:020000040000fa
:020000040102f7
:1072980030b5294d294c83b02b7edb0738d5a26841
:1072a800e3689a4236d0696801f00701012903f1c1
:1072b800010233d02249cb5c8df806302169bdf834
:1072c80006308a4228bf0022e2606a6802f007029c
:1072d800012a18bfdbb2ab62237d002bdcd0226908
:1072e800a168e36899423cbf20690918cb1a216854
:1072f8000029d1d06168207f013ad31aa269c0b1b0
:107308009342c9d32368032098472b7edb07c6d452
:1073180003b030bd01232b7503b030bd59000848b8
:10732800013110f81330415c8df807108df80630e4
:10733800c4e79342b0d1e5e7000c004020fd0020ef
:04734800b8f0002079
:020000040000fa
:020000040102f7
:10734c002de9f8439500074628460e469846f8f76f
:10735c0031f8002844d081465420f8f72bf8044625
:10736c00002841d0542200211af002fe2a46c4f80b
:10737c0030904846a5211af0fbfd236b043d1d44bb
:10738c0025f0070576b1731e04f133010f3600bfeb
:10739c0013f8012f01f8012f0ab1b342f8d10023e1
:1073ac0084f84330089e042e28bf0426e6626664e7
:1073bc00201d1bf03bfec6f1050604f118001bf066
:1073cc0035fea6612461646242463946284616f0b1
:1073dc0063f9099b206003b11c602046bde8f8836b
:1073ec0004462046bde8f883484603f0cbfd204612
:0473fc00bde8f8836d
:020000040000fa
:020000040102f7
:107400002de9f0418cb0084602af0e4615461bf040
:1074100065fe044630461bf063fe241aa4b204f154
:1074200008036a46db08a2ebc3039d4639462822bf
:1074300005f110001bf050fe30461bf051fe0df11f
:107440000808234601464246304600261bf04cfe03
:10745000424608f8046039461348144c15f09afb6c
:10746000134b206880229a631af06af898b924684e
:107470001bf0d4fb0023024600932046012110f0ac
:1074800083ff28696969aa69eb69fdf753fb28370f
:10749000bd46bde8f08100963346324603212068a0
:1074a00010f072ffe3e700bf68e40301a4000120cd
:0474b000002b004469
:020000040000fa
:020000040102f7
:1074b400830644bf404200f01f0027494abf4042b0
:1074c40000f03f0343b291f91b009842a8bf18464d
:1074d40091f8223043b1214a92f91f30834208dceb
:1074e400897e401a40b204e01d4a92f90f3083426b
:1074f400f6dd92f9002082420edb83421bdd13f19c
:10750400200f25db1f2b25dc002bbabf03f01f0047
:1075140040f02000d8b20be012f1200f18db1f2a34
:1075240018dc002ababf02f01f0040f02000d0b2dd
:1075340040f08000704710f1200f09db1f2809dca0
:107544000028babf00f01f0040f02000c0b2efe7ef
:107554002020ede71f20ebe7641100201d0101202e
:047564003d010120c4
:020000040000fa
:020000040102f7
:10756800f0b50379c28983b00e4641790546c3f365
:107578004003c1f341048df80430406a8df805409a
:10758800490901ab6f8906f093fe0446002832d002
:10759800be4228bf3e4633460022294605f0c0f9c0
:1075a80038b9ab896289b34228bf33469a4203d2bd
:1075b800fee7e36913b3fee7a381a879a3792179ec
:1075c800627960f30303a3712b79db0963f3c711b5
:1075d80021716b79c3f3c10363f3c4026271ab69b0
:1075e800a3612a8a6b8a638222822b7a2372aa8dec
:1075f800eb8de385a285204603b0f0bd256a002dfa
:10760800d9d12146606a17f0f7fe2c46f3e700bf90
:020000040000fa
:020000040102f7
:1076180038b545788d4218d0044641700421274872
:107628001af0c0f82946204603f088fd6378042b39
:1076380009d8dfe803f0242c34033a00b4f82631e3
:107648000133a4f8263135b938bd04211b48bde8fb
:10765800384019f069bb002104f1400013f06cfabe
:10766800012df1d16378022beed1e378227883f0f3
:107678000803c3f3c00363f34512227038bdb4f89e
:1076880020310133a4f82031002dddd0e3e7b4f830
:1076980022310133a4f82231002dd5d0dbe7b4f82c
:1076a80024310133a4f82431dae7b4f8283101335e
:1076b800a4f82831002dc7d0cde700bf28c6002088
:020000040000fa
:020000040102f7
:1076c80010b5044608f0a0fb20460221fff7a0fff2
:1076d80023790bb10023237144f6206104f5c870a7
:1076e80015f0fefb00231f4a6371a4f8093092f8d5
:1076f800e41963f3041182f8e419204609f08cfeba
:10770800e38a4ff6ff7293420dd06378023b012b58
:1077180009d8237be2820121994003224ff47a732e
:10772800114817f0f9ff228ab4f85c304ff6fe7161
:107738008a4201d09a4205d123820c48bde8104004
:1077480006f02ebeb4f868310133a4f8683120463b
:1077580009f096feb4f85c3023820448bde8104076
:1077680006f01ebe00c600203cdf0020e4cf00204b
:020000040000fa
:020000040102f7
:1077780030b501f1310323f0010387b05d78022da4
:107788000ed11b7813f0300f0c4602d11378ff2b63
:107798002ad102aa10230021204615f007fb08b1c0
:1077a80007b030bd20466a460823032115f0fefacb
:1077b8000028f5d1154dd5f82c41002cf0d005f650
:1077c800d865102202a9204619f0b4f9a0b92a6890
:1077d800009b9a420cd021460d4819f093ff80b1c6
:1077e8000c4814f075f8dbe70b4816f0c1f8d0e741
:1077f8006a68019b9a42eed16469002ce1d107b016
:1078080030bd2146054813f07ff8c9e700c60020bf
:10781800b8de0020e0de0020d8c700202cc70020fa
:020000040000fa
:020000040102f7
:107828002de9f04389b003af0026009780468946ca
:10783800154600f110011c46383004ab1022cde982
:107848000466cde906660396109e01f039fd0746e9
:1078580070bb04ab032d03eb090137d9042384461d
:1078680000e00346e218c81852f8042c50f8040c3b
:10787800f7184240181d854247f8042cf1d2674694
:107888009d420dd919441e4423442c4413f8012b5e
:1078980011f8010ba34282ea000206f8012bf5d188
:1078a80004a810211af05ef9384609b0bde8f08343
:1078b800d8f8743043f0100304a8c8f874301021c5
:1078c8001af050f9384609b0bde8f0830346d7e707
:020000040000fa
:020000040102f7
:1078d8002de9f04191424ff000041c6002d8541a7f
:1078e800052c02d82348bde8f081846b066801f1b5
:1078f800060e24b1257a012d01d1e56c0db9f56d7f
:10790800b5b32c8894b3f446884640f2033702e0b6
:1079180035f8024f9cb10689be42f9d1260a033eca
:10792800012ee1b2f4d80329f2d16245a2eb0c068c
:10793800d8d3012ed6d964ba2cf8024be8e7bcebb1
:107948000e0e13d01ffa8efe0ef10205aceb0802e4
:107958006dba9efa9efe4ff45066a8f80250a8f839
:1079680004e0a8f8006020461a60bce70248bae7bd
:107978000248b8e70096ffff0094ffff80a1ffffd1
:020000040000fa
:020000040102f7
:10798800f0b5224c224e234f85b088220021204694
:107998001af0f0fa204b214a62670fcb6d4685e852
:1079a8000f0040f20125a4f8425004f1200585e8b3
:1079b8000f0007231a4884f848306664a76519f051
:1079c80033fe1749024604f1300019f0c1f8154a90
:1079d800154b1068c4f84d30fd2601254ff00132d3
:1079e80040f201132146c4f8496084f88350c4f872
:1079f8007a20a4f87f301af001fb08b905b0f0bd71
:107a08000a4805b0bde8f04015f0c0b88010002065
:107a180003040506341218003425040100f8ff0792
:107a28005001012008080020fb010001a0fe03010d
:020000040000fa
:020000040102f7
:107a38002de9f041824288b006460c4621d06f46b7
:107a4800194610463b460eaa05f016fdbdf804205f
:107a580003e015f003fabdf804201346214630462a
:107a680062b1009a0df078fcbdf80430bdf83820fa
:107a7800234439460ea89cb2002aead108b0bde8d2
:107a8800f0818b42dbd2bdf8382014441344a4b2f1
:107a98009db2002af2d06f46202a904628bf4ff0a8
:107aa8002008a5eb0805adb2a4eb0804a2eb080c6e
:107ab800294643463a46a4b23046adf838c00ff0de
:107ac800e3f83a464346214630460df045fcbdf8fa
:0c7ad8003820002ae0d108b0bde8f081a1
:020000040000fa
:020000040102f7
:107ae400f0b58b89816085b00c4601aa1946002740
:107af400adf8023005460c232046cde90177039703
:107b040019f044f9bdf80230bdf808200c339bb2db
:107b1400adf802300df102068ab13146204613f069
:107b2400ebfcbdf80820bdf80230013752ba04332b
:107b340092b2b9b29bb28a42adf80230edd8bdf828
:107b44000a202b8252ba314692b220460ff0e2f953
:107b5400bdf80c2052ba314692b220460ff0daf941
:107b6400bdf80e20bdf80230ab8252ba3146204631
:107b740092b20ff0cff9bdf80a20bdf80e3052ba18
:0c7b84005bba6a82eb8205b0f0bd00bf66
:020000040000fa
:020000040102f7
:107b90002de9f0418eb080460f461546002104a81d
:107ba00026221af0ebf94ff2bf0305212148adf868
:107bb000323018f09ffa002837d0064695b10a22d5
:107bc0002b798df80c2003a902228df80d3015f0c9
:107bd00075f9044610bb2a792968304615f06ef90c
:107be0000446d8b94ff6fe739f4206d03a460221aa
:107bf000304619f061f8044680b904a816f078f907
:107c0000cdf8008004aa0c4b0a48314617f028fb37
:107c1000044618b920460eb0bde8f081304619f090
:107c2000e3fd20460eb0bde8f081032420460eb0ef
:0c7c3000bde8f081d8c70020092e040137
:020000040000fa
:020000040102f7
:107c3c0070b5274d044628460e461af09bff0028c7
:107c4c003bd195f8d431c3b3b5f8ec294ff6ff739b
:107c5c009a4234d0204608f00df904f5e4711d4821
:107c6c000ff0f6ff04f5fc711a4816f0d7f804f57e
:107c7c000371184816f0d2f82046e18908f0c2f8d2
:107c8c0000236382144819f0a5fa76b901236371b5
:107c9c00e2894ff6fe739a4209d0002565722046a0
:107cac002946eff7e5fd284670bd012ef0d12046a0
:107cbc00002102f03ffb002070bd0d2070bd19f0bb
:107ccc00fbfd014605f6e41013f042fbc2e700bfd2
:0c7cdc0000c600202cc700205ccf002058
:020000040000fa
:020000040102f7
:107ce800882910b536d012dc812943d003dc8029dd
:107cf80040d0002010bd82290ed08429f9d11968fe
:107d080002b30a1d1a60b1f90020d3171ee0a0299a
:107d18002bd00bdc9029ecd11968073121f0070131
:107d280001f108021a60d1e900230fe0c02901d04f
:107d3800f029ded11a68111d196013680360002349
:107d4800436005e00a1d1a600a880023c0e9002381
:107d58000120cfe7196822b10a1d1a6091f90020a5
:107d6800d3e70a1d1a600a78efe71a68111d19602f
:107d78001268cae719681ab10a1d1a600a68c4e7c6
:0c7d88000c1d1c600b68c0e90032e1e734
:020000040000fa
:020000040102f7
:107d940070b588b004ac054620460e461bf01af9af
:107da400022019f0e7fa0146204614f091fe30b1a2
:107db4000125204617f082ff284608b070bd1d4af1
:107dc400029000900192034695f87d2029462046b2
:107dd400f4f762f9054628bb94e8030006ab83e890
:107de400030018461af0b2fe0238022898bf079d15
:107df4002022314605f1680019f056ff48b905f113
:107e0400700006f12001202219f04eff05460028db
:107e1400cfd0eff7f1fe0546204617f04fff284676
:107e240008b070bd204617f049ff0625284608b063
:087e340070bd00bf052104012f
:020000040000fa
:020000040102f7
:107e3c0070b594b00646684618f0bcff06f13c01dc
:107e4c0002a810f0cffc029c14b92fe0129c3cb39a
:107e5c00402304aa0021204618f094ff139d002d06
:107e6c00f4d1009b079a9b1a002b2146304610db5d
:107e7c009df840209df838309a4222d204f054f9f3
:107e8c002b4604aa2146c0b901464023204618f0cf
:107e9c0079ff0799684616f0d9fc129c002cd7d1b3
:107eac0002a811f0d3fb029c002cd1d1694606f13b
:107ebc00400019f0cffc14b070bd3046f1f7e8fb70
:107ecc00e7e71c220ff046f802a811f0bffb029c5a
:087edc00002cbdd1eae700bf54
:020000040000fa
:020000040102f7
:107ee400f0b50c4689b0114605461c23204601aa6c
:107ef40018f04cff0646c8b9bdf80630b3f5c05fac
:107f040017d105f16c0402affc3500bf94f82230a0
:107f140043b1e3692046394623b91af05bff237c59
:107f240083420ad92434a542f0d11726304609b039
:107f3400f0bd0626304609b0f0bd069b94f812c089
:107f4400079d93fa83fe1ef1000318bf012363f318
:107f5400000c97e80f002dbac4e906e5003518bff8
:107f64000125674684e80f0065f3410703230225d2
:107f7400a774657484f82230214602480ff06cfe21
:087f8400d4e700bf2cc7002068
:020000040000fa
:020000040102f7
:107f8c001f2940d82de9f041264fd7f8f049cc40b5
:107f9c00e40782b034d50c460f219846164604f0ff
:107fac008ff9054660b30379047243f00203037141
:107fbc0097f8ee1949ba0024adf801106a4603236c
:107fcc0014218df800400bf07dfbb0b9b8f1000f17
:107fdc0021d0b8f1010f09d168461af033fc6a467a
:107fec000823162128460bf06dfb30b9b7f8ec29a5
:107ffc001521284618f05afe30b1284619f0eefb30
:10800c0002b0bde8f081704731462846fcf724ffea
:10801c000028f5d0f1e7284616f0ecfd0028e5d055
:08802c00ebe700bf00c60020d5
:020000040000fa
:020000040102f7
:1080340002b9fee7438803f4704343f08f0343809f
:108044000b7810b48478db0963f3000484700b7834
:10805400e4b2c3f3801363f3410484700b78e4b295
:10806400c3f3401363f3820484700b78e4b2c3f364
:10807400001363f3c30484700b7883f00403c3f325
:108084008003e4b263f3041484700b7883f0020376
:10809400c3f34003e4b263f3451484700b78e4b291
:1080a400db4363f38614012a847012d94a78c378b7
:1080b400d209e4b262f3c71484704a7882f04002b1
:1080c400c2f3801262f30003c3704a7862f343037d
:0880d400c3705df8044b704716
:020000040000fa
:020000040102f7
:1080dc0002b9fee738b50b46044600211846154692
:1080ec0019f046ffa278d107034604d5027862f056
:1080fc007f020270a278910704d51a7842f04002f0
:10810c001a70a278500704d51a7842f020021a701f
:10811c00a278110704d51a7842f010021a70a278ce
:10812c00d00604d41a7842f004021a70a278910690
:10813c0004d41a7842f002021a70a278500616d5ae
:10814c00012d13d9a1785a78c9091cbf42f08002bd
:10815c005a70e178c90758bf42f0400242f0380229
:10816c005a70e178c1f342010a435a7038bd1a784b
:08817c0042f001021a70e3e772
:020000040000fa
:020000040102f7
:108184002de9f0418ab00c4607460cf04ffe064636
:10819400207910f0010004d0a08998b961794d09c3
:1081a40014d00ab0bde8f081032a0bd023f03003c9
:1081b40043f0300501466a46204628238df80150d5
:1081c4000df0ccf800200ab0bde8f08129466a46db
:1081d40028232046d4f8188018f0d8fd02a91148a5
:1081e40016f06afc0028edd1a6eb0806b6f5fa7f76
:1081f400e8d39df80130c3f3011212b1b6f57a7fca
:10820400d2d302222146384602f0e2ff2379db076b
:1082140005d42146384617f081fb0220c1e702202d
:08822400bfe700bf2cc70020da
:020000040000fa
:020000040102f7
:10822c002de9f04f87b0cde9012100278246039359
:10823c003d46b9464a460199504610f0b3fd814679
:10824c00b0b3c6784378f21d00ebd202023304328d
:10825c000344cde90423029a83789342ead10db109
:10826c00b742e7d2002104a813f0def983460028b8
:10827c00e0d0427800f10208d31e18eb030ff1d2c4
:10828c0044460db1be4207d937462546d31e0334aa
:10829c0043449c42f5d9e5e72a462146504611f065
:1082ac0095fd0028c4bf374625469bf80120ede715
:1082bc0035b12b88039a5bba138007b0bde8f08ff9
:0882cc00042007b0bde8f08fab
:020000040000fa
:020000040102f7
:1082d400284bf0b5d3f8242bd3f8285bd3f82c0b18
:1082e400d3f8304bd3f8346bd3f8147b2a440244cc
:1082f400d3f81c5bd3f8180b22443244d3f8204b38
:10830400d3f8386b00eb050c8bb03244a4449cfad0
:108314008cfc12ba3fbad3f8b80ad3f8ec6ad3f893
:10832400fc5ad3f8004bcdf80620cdf816c0cdf892
:108334000270d3f8bc2ad3f8f43a2dba90fa80fe2e
:1083440012ba1bbacdf80e5036ba24ba42f2094515
:108354006846cdf80a60cdf81240cdf81ae0cdf8a1
:108364001e20cdf82230adf8005016f09bf90bb06a
:08837400f0bd00bf00c60020af
:020000040000fa
:020000040102f7
:10837c00d0f8a03010b50446002b3bd10121e0f71a
:10838c00e3fd002835d1636f142b37d1a16c626be0
:10839c002368e163a2625b79012b15d1b4f88030bc
:1083ac000133002000219bb2a4f88030c4e92201e3
:1083bc00c4e924014bb3236ed91c03f10b020d331a
:1083cc00e165c4e919230fe0e36d00225a601a60dd
:1083dc0023685b79012beed0236ea3f10801da1c24
:1083ec000533c4e91923e1656268e3660132626012
:1083fc00002010bd0023c0f8a030c4e720460a229c
:10840c00022110f04ffd024810bd024810bd00bf04
:08841c000089ffff8094ffffbf
:020000040000fa
:020000040102f7
:108424002de9f043076be1b0002b3cd007eb470587
:108434006d08b2f5807f40d81544b5f5c07f3cd8af
:108444000446164688464ff4c07200216846994691
:1084540019f092fd3a466946d4e90f30984778bb43
:10846400256bb9f1000f09d0d4e90f306a080deb80
:108474000501984720bb236b05eb5305b8f1000faa
:1084840000d096b92a4669462046fdf703f8064609
:1084940008b90123e3622946684619f065fb3046b2
:1084a40061b0bde8f0833d46c3e70deb05004146ee
:1084b400324618f04ffb3544e4e76ff00406eee76c
:0884c4006ff00806ebe700bfb2
:020000040000fa
:020000040102f7
:1084cc00012930d8002330b4c0e91033b9b1174cae
:1084dc00174d184a184bc46404f14754856402655f
:1084ec00164d436504f5da14154a164b81660a34a9
:1084fc00c0e91654c0e9182330bc00207047124d57
:10850c00124c134a134b8564c464134d134c02650f
:10851c004365134a134b8166c0e91654c0e918230e
:10852c0030bc002070476ff07300704707d57c3665
:10853c00d89e05c117dd703039590ef7310bc0ffcd
:10854c00a78ff964a44ffabe67e6096a85ae67bbcc
:10855c0072f36e3c3af54fa57f520e518c68059b19
:08856c00abd9831f19cde05bc0
:020000040000fa
:020000040102f7
:1085740000b5264e264d306083b00024adf800408f
:108584001af0b2fd30601af0f3fa204619f0a8f898
:108594001af028fe044638bb69464ff0ff321d48e6
:1085a40019f004fcbdf8001001f47f43b3f5407fdb
:1085b40027d0b3f5806f1fd0b3f5007f18d02b7888
:1085c400002be5d040f20143002201a91148adf887
:1085d400043018f047ff0028dad101232b701af079
:1085e40001fe04460028d7d030681af07ffdcfe79b
:1085f4003068eff75ff8e2e730682c7018f006fb9c
:10860400dde7306818f0aaf9d9e700bf08080020b0
:08861400b7f000201c1000204b
:020000040000fa
:020000040102f7
:10861c0048b1426cc36a914238bf11468b4202d0ba
:10862c00826c012a00d0704782692de9f041204dff
:10863c00c162002a03eb83034269a8bfc1f10501a3
:10864c0005eb8303a8bf81619a4201d0bde8f0819c
:10865c00071d0446384615f0edfee8b1e36adff875
:10866c0054c00121994003eb83039b0005eb030edf
:10867c00ee58def80420dcf800809068e06090682a
:10868c00a260013641ea08014760ccf800109760ff
:10869c00c4f814e0ee50d9e7dff818c0e36adcf850
:1086ac0000200121994022ea0102ccf80020dae7ef
:0886bc00bcfb0020800001203e
:020000040000fa
:020000040102f7
:1086c40038b5244c00232370e37ca179072b96bf93
:1086d400214a8523d35c02291dd0204a1078022820
:1086e40019d0012919d01278012a08bf8423e27f06
:1086f40012b10023e3778c23607f58b9a27f184915
:108704006ab90968184611f027fd00232377a37777
:1087140084f8203038bd8323e9e78423e7e7237f07
:108724008bb194f8203073b10e4d09682a6832b1c8
:108734000df03cfb2b68186815f0ccf8e5e78c20ad
:108744000df034fbe1e70022096810460df02efb22
:10875400dbe700bf641100204030040161110020f8
:0887640088110020b41100206f
:020000040000fa
:020000040102f7
:10876c002de9f041d2e900230c4686b007465feaba
:10877c00d37820684968a5680590e66841d05242d4
:10878c0063eb4303002908db20f002000590b8f1ed
:10879c00000f02d1059948072ad5691e05a8029039
:1087ac000a20cde90010204606f0a8fab8f1000f17
:1087bc0002d1059b59071fd5b8f1000f00f1ff300e
:1087cc0014bf2d232b2333542269059b0093013aac
:1087dc002b46121a3118384604f00afe7b68db056a
:1087ec0003d563689842b8bf184606b0bde8f0815f
:1087fc000807d2d42946d1e71a07e5d5013820233a
:08880c00e1e70029c0dac5e72d
:020000040000fa
:020000040102f7
:1088140030b51a46c3b0044605ab104600250df129
:1088240007028df8045101f003f9a37930b99df8da
:10883400072003f0010322b903bbfee7db0708d4da
:10884400fbe72bb1014605aa204606f067fc1ae0b7
:10885400f3e705aa2946204606f060fc02a914485d
:1088640015f060f8e8b9bdf80a1001291bd80121f8
:10887400a379da0712d5a3889bb1fee705aa0121e3
:10888400204606f04bfc9df80730002be6d1a37977
:1088940013f0010102d0a3881bb1fee7204612f0b9
:1088a400e5ff43b030bd012013f092fc0146dfe741
:0488b400b8de00200a
:020000040000fa
:020000040102f7
:1088b80053098b4249d8f0b402f01f0538d01f2a5b
:1088c80030d903f18044071f013ccb1a00eb840424
:1088d80007eb830c3a4600bf54f8046f42f8046f64
:1088e8006245f9d199421dd903f18043013b8900c2
:1088f80000eb83037a18002443f8044f9a42fbd113
:1089080075b14218c5f12006002400bf52f8041db5
:1089180021fa05f323438242136001fa06f4f5d1e4
:10892800f0bc7047002dfbd00029f9d08900e8e79a
:1089380035b91f2af4d90029f2d02b46071fd3e7ef
:108948008a00f0bc002119f015bb8a00002119f03b
:0489580011bb00bf90
:020000040000fa
:020000040102f7
:10895c0070b50c460546114620461a46f2f78affba
:10896c00064608b1304670bdab6c002b39d0b4f95b
:10897c000430002b2ddb20461af0c4faeb6bb0eb65
:10898c00430f2cd8ab6c2046984706460028e9d1fb
:10899c00043508e014f080f82a46214648b12046f8
:1089ac001af0b4fa90b9b4f9043000218b42204685
:1089bc00f0db29462046f9f7bbff00282a46214662
:1089cc002046cfdbfbf7f0f80028f2d00646304605
:1089dc0070bd0146204614f05ff80028cbd0044e41
:1089ec00c0e72a1d21462046bde8704001f01ebe9e
:0489fc0080b0ffff49
:020000040000fa
:020000040102f7
:108a0000f0b505684f1b002f83b048dd2f78ba42c0
:108a10003fd10135056001aa04461e4609f092fbcc
:108a2000a0b90199002937d0226813781d0633d4e4
:108a300073b95518013202e01378013243b9a91a0b
:108a4000aa4222600191f7d10023336003b0f0bd48
:108a5000042921d804d1236893f90030002b1bdbb3
:108a6000019b00215a1e01923160002beed0256837
:108a70006f1e2a461f441d4412f8013b43ea0121a0
:108a8000aa42a7eb0203316001932260f4d103b044
:108a9000f0bd6ff06100d9e76ff06300d6e76ff0cb
:048aa0005f00d3e7b9
:020000040000fa
:020000040102f7
:108aa4002de9f043064691b0846b05a88946174624
:108ab40019f0b0ffd6f8348004f52374b8f1000f30
:108ac40039d01e491e4b2046002f0cbf0f461f46af
:108ad4001af0d4f90022014605a809f0bbff0546a7
:108ae40030b105a810f022fa284611b0bde8f08391
:108af400214605a812f056ff05460028f1d108a921
:108b040005a817f04bfe05460028ead1b36bcdf853
:108b1400049020240c2202920094de693a4608f163
:108b240030000deb04033021b04721460deb040067
:108b340019f01af8d5e7d6f83080c2e7a0fc030193
:048b4400b0fc03017d
:020000040000fa
:020000040102f7
:108b480030b583b004460189006801230df10302a2
:108b580018f01af900283cd123899df80320013325
:108b68009bb2ff2a23810dd14ff6ff712268e18065
:108b780052899a4204d806204ff6ff73c4f806308b
:108b880003b030bd120901a92046adf8042007f052
:108b98009bfd0028f0d19df803300df1060103f08c
:108ba8000f032046adf8063007f08efd0028e3d10c
:108bb800236821895a89bdf80630521a9342dadcb3
:108bc800a288bdf80450e3802a440b442381a28084
:108bd800d6e74ff6ff730020e38003b030bd00bf37
:020000040000fa
:020000040102f7
:108be8002de9f0410f4682b011461646044602238d
:108bf80038466a4616f010fc054620bb9df8011061
:108c08009df800302370ff2926d0607002314ff0a4
:108c180002083368c4f80230a388994204f10206b6
:108c280015d889b2304619f037fd6388a1887a894a
:108c38000b449bb29a420ad33368c4f806304146c3
:108c4800a01d18f089f8284602b0bde8f081062575
:108c5800284602b0bde8f08104230deb030231463b
:108c6800384616f0d9fb48b9bdf8061049ba89b29a
:108c78000123043163704ff00408cae70546e2e7b0
:020000040000fa
:020000040102f7
:108c880038b500f4405580f48072b5f5005f0446ad
:108c9800c2f3002200f4406131d0081c18bf012043
:108ca80048b98912022902f1020009d003292bd000
:108cb80041b1ff2038bd8912022902f10400f5d123
:108cc8000230c0b2b5f5005f04f440430dd0002b6c
:108cd800f0d062065cbf0230c0b29b13022b1bd0df
:108ce800032b08d10830c0b238bd04f44c42b2f5a9
:108cf8004c4fecd1f1e7002b18bfff2038bd0cf02a
:108d0800a3fb0028d7d1cce70830b5f5005fc0b287
:108d180004f44043dbd1e8e70230c0b238bd00bffd
:020000040000fa
:020000040102f7
:108d280070b58ab004460d4601a80021222219f028
:108d380021f920460df1120103f0fafea8bb9df8b7
:108d48001a202c68022a26d01a4bb3f8162aadf836
:108d5800082001228df81020b3f8ec1907a819f0a3
:108d680001fd032140f60500adf80410adf822001e
:108d780001aa11480426002321468df8246009f031
:108d8800d7fd204619f0faf910b12b6800225a765f
:108d980020460ab070bd094b1868596802ae03c670
:108da800a3f61a238df81020d6e7002420460ab02f
:108db80070bd00bf00c6002098d200201ad0002045
:020000040000fa
:020000040102f7
:108dc800f8b546787eb3012e13460d4604462bd1de
:108dd8000289002a38d1194651f8107f4e688868f0
:108de800c968e16227626662a0625a8c628693f85b
:108df800252094f83510c2f3800262f3820184f8ca
:108e080035101f685e689868d968a278276166611e
:108e1800a061e1611b8c2386042a20d00021204612
:108e2800edf7d8fd30b1f8bd1146103016f014fc3e
:108e38000028f8d06378032b09d0e5602046f3f7c3
:108e480025fb0023e360f8bd013a0281c3e7102245
:108e580004f1200104f1c8000ef04efbede7fee737
:020000040000fa
:020000040102f7
:108e68002de9f04390f87a90c46f11f809304b451a
:108e78008db080460f4616461abf80f87a30012515
:108e8800002574b1012e204602d1236a002b05da91
:108e9800e37df95c07f06afe0543edb2e469002c56
:108ea800f0d1b9f1060f03d098f87a30062b03d029
:108eb80028460db0bde8f08398f8a030042b18d0f0
:108ec800052b01d0032bf3d14346b8f84e6053f875
:108ed8003e0fadf8186059689a68db6802ac122634
:108ee8000fc4009607ab02aa0c21044809f050faf7
:108ef800dee70c21014819f0d9f8d9e754c600205b
:020000040000fa
:020000040102f7
:108f08007f2947d00388c3f3072313f0f80f70b500
:108f180018bf8578c170044640784fead00208bf70
:108f2800ff25072a98bf013202f01f0262f3c7002b
:108f380001eae17360705b4221889bb2db00c1f3f8
:108f48000a00561e9bb206fb003393fbf2f262f353
:108f58000a01218020460ff067fe022d10d80f4b22
:108f68001d441623984295f8201095f824200ed811
:108f7800904210d8884294bf00200120a07070bd94
:108f8800142398424ff00a024ff00201f0d903204f
:108f9800a07070bd70470220a07070bdf4c50301b9
:020000040000fa
:020000040102f7
:108fa800fc0c0101040d01010c0d0101140d01015e
:108fb8001c0d0101240d01012c0d0101340d0101cd
:108fc8003c0d0101440d01014c0d0101540d01013d
:108fd8005c0d0101640d01016c0d0101740d0101ad
:108fe8007c0d0101840d01018c0d0101940d01011d
:108ff8009c0d0101a40d0101ac0d0101b40d01018d
:10900800bc0d0101c40d0101cc0d0101d40d0101fc
:10901800dc0d0101e40d0101ec0d0101f40d01016c
:10902800fc0d0101040e01010c0e0101140e0101d9
:109038001c0e0101240e01012c0e0101340e010148
:020000040000fa
:020000040102f7
:109048002de9f04385b05c23234f8df807300646a1
:109058000c469046214630460df0fcf9216805463d
:1090680080b991f90230002bb4bfcb78cb798df859
:109078000c30b4bf01f1040901f10809012bcdf846
:10908800089015d800230df1070c012502aa3846cf
:10909800cdf808c08df80c5018f0c2f80023c4e9c8
:1090a80000030028d6d11725284605b0bde8f0836f
:1090b80089780a4801f00f01424618f045f899f8f6
:1090c800013088f8103063685b8828465bbaa8f8d6
:1090d800123005b0bde8f083a0d6002008d30020e8
:020000040000fa
:020000040102f7
:1090e80007294ad8dfe801f0060f1a2331383e0471
:1090f80001207047807f00f00f00a0f10700b0fa50
:1091080080f040097047807f00f00f00012835d0bb
:10911800063801288cbf002001207047807f00f0ae
:109128000f00a0f10400b0fa80f040097047837f77
:1091380003f00f03072b20d8012202fa03f313f0e0
:10914800f20f14bf104600207047837f13f00f0ff3
:109158000cbf012000207047807f10f00f0018bf5f
:1091680001207047807f00f00f00012805d00638e5
:10917800012894bf0020012070470020704700bfdd
:020000040000fa
:020000040102f7
:1091880010b5044682b00868019080b20128b4f88e
:109198007c309cbf0220adf80400834209d000eb6c
:1091a80040001d4bc0eb4010a3fb00304009a4f861
:1091b800460094f87c209df804309a420ed001981d
:1091c800e0674ff48011154818f0ecfab4f87c20e9
:1091d800b4f844309a4219d902b010bd94f87d20f1
:1091e8009df805309a42ead194f87e209df8063021
:1091f8009a42e4d194f87f209df807309a42ded154
:109208004ff48011054817f08ffddfe7204602b0c4
:10921800bde8104019f0c0bb1f85eb5128c60020df
:020000040000fa
:020000040102f7
:10922800f0b5264bb1b005461b68019312a80c4651
:10923800174617f01ff8284602a90ef0c5fe4ff48e
:10924800807612a819f058fa227c0732d2082146f3
:1092580012a819f057fa04220deb020112a819f00e
:1092680051fa0122394612a819f04cfa202202a913
:1092780012a819f047fa0aa912a818f04fff04f12a
:1092880008050aa9284619f0ebfa28460df0f8fd5a
:1092980040b13b78013e0133b6b23b70002ed0d1cd
:1092a800012400e0044612a818f030ff204631b02f
:1092b800f0bd12a818f02aff19f0dcfc9031040167
:020000040000fa
:020000040102f7
:1092c8002de9f041066882b0ddf820c07eb334791c
:1092d800002514f01f04ccf8005032d0757905f041
:1092e800f005102d0ed0902d25d0994206d1c369d6
:1092f800ebb9b2fbf4f304fb1324c4b9134802b06e
:10930800bde8f081a2421ed18e46f179104cccf80e
:109318000020c1f38401724654f8214090f90810e6
:109328006468406ba44602b0bde8f0416047094854
:1093380002b0bde8f081cde9002c406becf76cfb86
:10934800dde70548dbe70548d9e700bf809fffff59
:109358005c010120009fffff809cffff809dffffb5
:020000040000fa
:020000040102f7
:109368002de9f04389b004460e46684620220021c4
:1093780018f000fe04f120056f4604f10c0842467f
:1093880013681bba013319ba11604bb9a24207d04e
:10939800043a13681bba013319ba1160002bf5d0cf
:1093a8003b4622460121284614f07eff8146b8b983
:1093b800103708ab9f42e2d1adf1040307a800bf04
:1093c80053f8042f56f8041b984282ea01021a60e7
:1093d800f6d1284680226946eef72cfb814638b143
:1093e8006846202118f0befb484609b0bde8f08366
:1093f80004ad0fcd20606160a260e360f0e700bfbc
:020000040000fa
:020000040102f7
:10940800adc0000064ee0301280904000303030350
:10941800afc00000380f0201280904020303030348
:10942800acc000005c0f020126090400030303031b
:10943800aec00000800f02012609040203030303e3
:10944800a5c00000a40f02012809050003030303b7
:10945800a9c00000c00f0201280905020303030385
:10946800a4c00000dc0f0201260905000303030362
:10947800a8c00000f80f0201260905020303030330
:10948800ffc000001410020126090b0203030303a6
:10949800000000003410020100000000000000007d
:020000040000fa
:020000040102f7
:1094a800002848d00268002a45d0826b002a42d0a2
:1094b80042681b2a3fd010b5044608f077fdb0b9c2
:1094c80023685b79012b13d0204613f05bff70b93a
:1094d80023681b79b3b9606830b3012827d02046c8
:1094e800dbf794fe23681b79012b17d068b910bdf0
:1094f800a36b9b79012be7d12046edf73ffd0028b0
:10950800e2d010bd012b09d00c4894f8a430002bf0
:10951800edd02046bde8104013f034bf2046d9f7ff
:10952800f1fe0028e3d0f0e70123636010bd204678
:10953800e5f7b8fbd6e70148704700bf008fffff8b
:020000040000fa
:020000040102f7
:1095480038b50b680160b3f1033f3fd18b69002b3d
:109558003ed00b88038100230446c0f8b03040f2a7
:10956800b131012019f060faa06588b140f2b1313b
:10957800012019f059fac4f8b00010b3204606f0db
:1095880093fd2046eaf78eff0546e8b9284638bd20
:10959800104d19f04ffad4f8b00019f04bfa002327
:1095a8002360a365c4f8b030c4e91733c4e919339c
:1095b800e366c4e92d33c4e92f33c4f8c430284620
:1095c80038bda06d034de4e7a06de2e7024ddde78d
:1095d800024ddbe70081ffff80a1ffff008cffff4a
:020000040000fa
:020000040102f7
:1095e80070b5054616f028fc95f8454064b2002c85
:1095f8001bdd05f1240606e00af046ff70b9013cc0
:10960800e3b25cb28bb1ab6c2846002bf4d16b6a29
:10961800304653b1f8f784f90028f0d0013c19f02e
:1096280005fbe3b25cb2002bedd1ff2385f8453092
:1096380018f01efc16f000fc95f8444064b2002cab
:1096480016dd2b69a3b105f1100605e0013ce3b274
:109658005cb26bb12b695bb13046f8f761f9002851
:10966800f4d0013c19f0e2fae3b25cb2002bf1d17c
:10967800ff2385f84430bde8704018f0f9bb00bfff
:020000040000fa
:020000040102f7
:10968800f8b5234c2378054603f0ff06002b3cd1a0
:1096980017f034fa0f2801d114f032ff6b681d4d12
:1096a800012767772b601b78013be37004220023b6
:1096b800f0212c2012f096fc07233a460e212c208c
:1096c80012f090fc03202770e8f754fe2868017810
:1096d8000139c9b2f2f788fd2b680f4a1b78bb40e5
:1096e8002433dbb282f84730002211460920ecf718
:1096f80097fc40b119f0e8fa00f01f00092802d1e0
:10970800064b02221a703046f8bd8626fbe700bfda
:1097180064110020501100200000014102000141a5
:020000040000fa
:020000040102f7
:109728002de9f04302f1310424f0010485b0657895
:10973800013d032d24d80e461e4907469846154676
:1097480015f05afd814698b32178c1f3011121b370
:1097580001291ad1324614f06dff2946484617f000
:1097680083fa044690b9cde90200cde900004246eb
:109778003846114b4946eaf79ff8044608b105e018
:109788000724204605b0bde8f0830724484618f0b2
:1097980027f8204605b0bde8f0833246022114f0d0
:1097a80049ff09f1310323f0010362885a80d4e7a5
:0c97b8000324e6e738180401582d0401d2
:020000040000fa
:020000040102f7
:1097c4000b681b881b0700d4704770b50c4682b029
:1097d40005460df10301204615f070fe9df8033097
:1097e400082b21d0102b01d003b3fee705f5297314
:1097f400a360d5f85811174e0131b369c5f8581153
:109804002046019315f04af801a920460ef07af992
:10981400ff21204610f09aff227f1036130703d44d
:1098240031462046f6f7f0fe02b070bd227f0a4ba7
:10983400a360d10705f13606f0d4a3f6c41519695f
:10984400204615f02bf8d5f8d4390133c5f8d439ae
:0c985400227fe3e794030401c4cf00204e
:020000040000fa
:020000040102f7
:109860002de9f0410d4682b011461646074698464e
:1098700028466a46042315f0d3fd044650bb9df8e4
:10988000023003f0c003402b28d00bd873b908f185
:10989000080016f0effd78b3b8f80e10adf804101c
:1098a00089b205e0802b14d0c02b12d0bdf8041073
:1098b0009df8032049ba89b23846f4f7a1f918b1e6
:1098c0006b7913f0180f13d10446204602b0bde89f
:1098d000f0810624204602b0bde8f0816a46314698
:1098e0000623284615f09cfd0028dfd00446ece74f
:0c98f000089a00231370ede70224ebe758
:020000040000fa
:020000040102f7
:1098fc00f0b5937cdb0983b0144605460e4633d095
:10990c0001290cbf202140211e4817f049ff224697
:10991c0031461d4812f008fe05f114039c4203d396
:10992c0005f174039c421dd3af68dfb1a17c237c8d
:10993c008df804304b0700941bd5c1f3c3009df880
:10994c000530e47cea6860f30303c1f3000161f3c2
:10995c000413c4f3000464f3451331468df8053049
:10996c006846b84703b0f0bd01290cbf01210221a4
:10997c00cae720460ff096f8af68a17c00f00f0004
:0c998c00dde700bf28c6002094ca0020c0
:020000040000fa
:020000040102f7
:1099980001010101010101010001010101010101b0
:1099a80000010101010101010101010101010101a0
:1099b800020101010101010102010101010101018d
:1099c800020101010101010102000000010203047a
:1099d8008081000000000000044a03010600000026
:1099e8000c4a030111000000104a0301290000007d
:1099f800144a03012b000000184a03012c00000040
:109a0800204a03013a000000284a03013b000000f5
:109a1800304a03013c000000384a0301f4490301bd
:0c9a2800f8490301fc490301004a030156
:020000040000fa
:020000040102f7
:109a3400f0b5062583b0157058b931b101f1310084
:109a440020f001004078442807d00624204603b0c3
:109a5400f0bd0446204603b0f0bd0d46284604215f
:109a640016461f4614f030fe04460028eed101aa23
:109a74000e21284616f058fbf0b9bdf806301a0737
:109a8400e3d1ff2be1d8bbb197f8f020531c0f2a88
:109a94001cbf87f8f03007eb02124ff0100308bf29
:109aa400002201a9284615f0b9fc102101a817f0dd
:109ab40055f9bdf80630e6e797f8f0301bb1337876
:0c9ac400002bc3d1c1e71c46c0e700bf67
:020000040000fa
:020000040102f7
:109ad000f0b58bb007460d4614460021222201a89e
:109ae0001e4618f04bfa1f4bb3f8162aadf80820a3
:109af0004ff6fe7101208a428df8100027d0227a9d
:109b0000022a24d06068b3f8ec19227a2368cdf8d1
:109b1000160007a88df81a20cdf8123040f605047b
:109b200018f024fe01aa0023384629460127adf883
:109b30000470adf8224008f0fffe3146284617f0c9
:109b4000c3f92846002114f01bf80bb0f0bd064afb
:109b5000106851684ff0020c02aa03c28df810c0c1
:0c9b6000d0e700bf00c600201ad0002093
:020000040000fa
:020000040102f7
:109b6c0038b591f870300c461546d3b1a08e40ba7a
:109b7c00c0f3851018f078fb287094f83a303a2b23
:109b8c001dd0112b02d00023184638bdb4f85e301e
:109b9c005bba9bb244f64c52934219d103232b70ff
:109bac00f1e7144b01f1200201f1340001f02ef821
:109bbc0003460028e8d1012384f87030d6e794f9e5
:109bcc005c30002bdfdb03232b7094f83a30d8e7a2
:109bdc0004f14c0204f13c0107480af033f8002868
:109bec00d1d0a08e40bac0f3851017f019ff002316
:0c9bfc002870c9e700c60020d8c7002070
:020000040000fa
:020000040102f7
:109c0800f0b58db006460f461446002102a826225c
:109c180018f0b0f94ff2bf0321211f48adf82a30e0
:109c280015f0fafae0b16179c1f3410105460bf08c
:109c38006bfb0df102022121204614f055fd30b9cd
:109c4800bdf802202121284617f032f828b921460c
:109c58002a4630460af0dcf920b1284617f0c0fd44
:109c68000db0f0bd0146012201a816f05dfd01a965
:109c78000422284613f01ef90028f1d1394630464f
:109c880002aa0cf07ffc02aa2946034815f0f4fa50
:0c9c98000028e2d10db0f0bdd8c70020bc
:020000040000fa
:020000040102f7
:109ca400f0b58bb00446109d049306a81d440e46df
:109cb400174618f009ff08a818f006ff294604a85b
:109cc400302305aa14f0a2fa50b9dde90432134492
:109cd4009d422dd106aa294604a80df033fc50b1ab
:109ce400a0f59f4406a815f099ff08a815f096ff63
:109cf40020460bb0f0bd04a808aa29460df022fcaa
:109d04000028edd1119b029308ab019306ab00939d
:109d1400204604f168033a463146f2f7ebfe044666
:109d24000028dfd1049a034baa4218bf1c46d9e786
:0c9d3400014cd7e700b4ffff1ab0ffff9e
:020000040000fa
:020000040102f7
:109d4000884249d0f8b5cd8806460f46c08865b32d
:109d50006c1e17d0096851f824308bb12c46b7f926
:109d60000430b380a04235d242f210739c420ed927
:109d70006ff00f00f8bd51f82350002defd11c46b5
:109d8000631ef8d1b7f90430b380c8b90124214665
:109d9000304611f009f80028ecd1a5002a463968b0
:109da000306816f0d9fe0020f8bd0028e2d001236b
:109db0008200b3803068294618f0e0f82846f8bde4
:109dc000042501243368021b92005819002118f061
:0c9dd000d5f8e3e7a500f5e70020704798
:020000040000fa
:020000040102f7
:109ddc0000284ad038b50446d0f8b00030b140f273
:109dec00b13115f037fe0023c4f8b030a06d28b1a6
:109dfc0040f2b13115f02efe0023a365606c20b14a
:109e0c0014f0beff606c18f013fea36b8bb12046f0
:109e1c0000f058fca06b18f00bfea06c14f0b0ff17
:109e2c00a06c18f005fe606b14f078fa606b18f0fb
:109e3c00fffd206b20b114f071fa206b18f0f8fdc7
:109e4c00d4f8e05035b1284617f0ecfb0146284613
:109e5c0015f000fed4f8e40018f0eafd20464ff4ab
:0c9e6c008071bde8384017f07bbe7047e5
:020000040000fa
:020000040102f7
:109e7800002843d02de9f043dff88ce0d0f808c083
:109e8800def834307bb3e0464ff0000900210024af
:109e9800002500e013469a68a61845f10007b94561
:109ea80008bfb04516d399689a69641845f100054a
:109eb8001946002aeed1826198618369aceb0404eb
:109ec8008460e3b1002280689968091a9960104695
:109ed800bde8f08379b9aceb0404cef83400012274
:109ee80084608361efe70122c0f808c0cef834002f
:109ef8001046bde8f0838a690b46dce770471a46ce
:0c9f08001046bde8f08300bf60fd0020a3
:020000040000fa
:020000040102f7
:109f1400f8b5204f204d3b78002b32d01f4c2378ce
:109f24007bb3eb7c052b2cd11d4e33784bb31d4bef
:109f3400997801232b70cb1a5942594100221920d8
:109f4400ecf770f868b118f0c1fe00f01f00192892
:109f540007d195f8230019f0b1f8134b02221a70b7
:109f6400f8bd237813b1642006f098fa3378013be6
:109f740033702378013bdbb22370002bf0d13b70ac
:109f8400eee702232b700123ab700020bde8f840fc
:109f940016f030b8fa00012064110020f900012005
:0c9fa400fb0001208c1100200200014194
:020000040000fa
:020000040102f7
:109fb000f0b500f1310424f00104231ac289143be6
:109fc0009a4285b000d2fee787890023e3602360d0
:109fd0006360a36023616361a361e7813946042361
:109fe0002246054616f0d4fe064630bb237803f021
:109ff0000f03082b24d8391d89b2221d284616f0dc
:10a00000c7fe0646c8b901a829460ff0cbfa064696
:10a0100098b94ff6ff7702e0fef796fd90b9bdf8cc
:10a020000a30bb4201a8f7d1bdf80c10e389c91a68
:10a0300089b22846218216f09ffe304605b0f0bd59
:08a040000626fae70646f8e7e0
:020000040000fa
:020000040102f7
:10a04800f8b5056805b9f8bd0746002347f8103b81
:10a05800044629461848f5f793f82946174810f09a
:10a0680017fd2946164816f0e1fa294615480ff05b
:10a07800cdfe2946144812f0a9fb2946134802f0e0
:10a08800edf92946124814f047fe2946114808f010
:10a09800effb267e07ebc606b742d4d01834083645
:10a0a80054f8083c284613b154f8041c984708345f
:10a0b800b442f5d1f8bd00bf08d300207cdf0020f2
:10a0c800a8d70020e0e60020d8de0020e0de00204f
:08a0d80060c9002094ca0020b9
:020000040000fa
:020000040102f7
:10a0e000c44f0101c84f0101d04f0101d84f0101f8
:10a0f000e04f0101e84f0101f04f0101f84f01016c
:10a100000450010110500101205001012c500101a7
:10a110003450010144500101545001015c500101cf
:10a1200074500101805001018850010198500101d3
:10a13000a8500101c0500101d0500101ec500101b3
:10a14000f850010100510101105101012c51010190
:10a150003851010148510101545101016851010177
:10a16000705101018451010194510101a451010177
:08a17000b4510101bc510101d1
:020000040000fa
:020000040102f7
:10a178002de9f04186b006460c4605a817469846d4
:10a1880014f01efb05aa2146304603ab0ff05efc17
:10a19800054648bbbdf816306bb929e013f0c00f6f
:10a1a8002fd104a818f042f8014605a816f0d4fdee
:10a1b800bdf81630e3b105aa214604a80df006fd46
:10a1c80088b99df81030012bebd96d2be6d1cdf86d
:10a1d800008007f1080305aa214606f14000fff7b1
:10a1e8003bfb0028ddd00546284606b0bde8f081d7
:10a1f8002046bdf8141018f05bfa284606b0bde8f2
:08a20800f0810225f0e700bf20
:020000040000fa
:020000040102f7
:10a21000f0b500f17003044693e8070094f87a6003
:10a2200087b003ad072e85e8070030d023784ff4c0
:10a23000e162042ba26005d02046042300f8803b95
:10a2400017f004fbe26f6ab300231846114602e0e0
:10a25000084639466fb1ce7dcf69072ef8d188b157
:10a26000c6690eb1f669c661cb610b463946002f4f
:10a27000f1d1666e26b1a16e009100202946b0474b
:10a2800007b0f0bd002aefd0d269e267ece7002208
:10a2900022675a609a6094f87a30072b18bf84f8c6
:08a2a0007a60c3e71346e4e70e
:020000040000fa
:020000040102f7
:10a2a800012970b5044638d0637833b304f18000cf
:10a2b80004f17c0517f0c6fa284614f0b7fa1a48d4
:10a2c80018f0b2fd204605f0d7fd04f503711748d4
:10a2d8000ff09efb04f5fc7114480ff099fb04f590
:10a2e800f071124810f010fb04f5e4710f4810f0fb
:10a2f8000bfb00212046fdf78bf92378da060bd5f6
:10a30800d4e962206ff3041300212370c4f8881184
:10a3180012b1bde87040104770bd054814f016fb37
:10a32800044814f013fbbfe75ccf00202cc70020c3
:08a33800c8ce0020f4ce002085
:020000040000fa
:020000040102f7
:10a3400038b543782bb302791abb012b437918bf78
:10a350004282012b0d4604462fd004f1940014f0e4
:10a3600073fc2379a571022b1cbf02232371022ddc
:10a3700004d1b4f82e310133a4f82e31204609f06f
:10a38000ebfc014604f5c87012f0aefd6378012bba
:10a3900000d038bd638a01339bb203b16382b4f845
:10a3a0002a31e178013311f00801a4f82a31f0d103
:10a3b0000748bde8384003f0a3b8064814f0cafacd
:10a3c00010b902236371c8e700236371c5e700bfba
:08a3d000e4cf0020c8ce0020fc
:020000040000fa
:020000040102f7
:10a3d800f0b58db0054602a816f0eefc002329461c
:10a3e80004a801930ef000fa049c06ae01af64b90c
:10a3f80022e00af0d9ff2146012238460df01afb67
:10a4080004a80ff025f9049cb4b1182332460021a2
:10a41800204616f0b9fc029b069a9b1a002b21468f
:10a428002846e6da114602a814f012fa04a80ff03a
:10a438000ff9049c002ce8d102a9281d12f066fd32
:10a44800394630460ef0d0f9069941b128460ff04a
:10a45800b1fb30460ff0fcf806990029f6d13846d2
:08a4680014f0e4f90db0f0bda1
:020000040000fa
:020000040102f7
:10a4700030b500230d4683b004460360436083601b
:10a48000c360036143610146284615f059ff002867
:10a4900035d10df10601284615f044ffe0b9bdf8ad
:10a4a000063062794ff6ff715b1ab3fa83f35b09ea
:10a4b00063f341022b6862711b8813f008030dd10e
:10a4c000627963f300026271ab79a3706b7de37014
:10a4d000ab7d237103b030bd2388e2e70df10601a7
:10a4e000284614f0edff9df80620637912f0f70f6f
:10a4f0000cbf0122002262f300036371e4e72146ee
:08a50000284615f00fffc4e727
:020000040000fa
:020000040102f7
:10a5080070b40146a0f14002d2b2c9b20446a0f12b
:10a518004603dbb2e4b2c4f17a06c1f15a05360a41
:10a528002d0a613c413945ea112146ea142422ea00
:10a53800010223ea04031343dbb20146421dd2b2ef
:10a54800c9b2c1f13904240a303944ea112122ea96
:10a5580001021343dab2014600f11403dbb2c9b2b7
:10a56800c1f12b04240a2b3944ea112123ea0103ff
:10a578001343dbb202461130c0b2d2b2c2f12f018e
:10a58800090a2f3a41ea122220ea02001843013848
:08a5980040b270bc704700bf27
:020000040000fa
:020000040102f7
:10a5a0002de9f0430369002ba3b03add0026804675
:10a5b000354604460df1080907e000bfd8f8103011
:10a5c00001359d4204f1140422da626a0023012a53
:10a5d000d4e9057001934ff0800201ab494608bff2
:10a5e0000126b8470746a0b9019b002be6d04a4692
:10a5f000e9b2404600f09effc0b9e369019a1344f6
:10a60000e361d8f8103001359d4204f11404dcdb1d
:10a610004eb14846802117f0a9fa384623b0bde86c
:10a62000f0830df108096ff03c07f2e70746384662
:08a6300023b0bde8f08300bf78
:020000040000fa
:020000040102f7
:10a638002de9f04184b000274ff001130446884605
:10a64800104602a901ae15460197cde90263f8f755
:10a6580071f9b84235db424638462b462146e1f7c8
:10a668008dfa804620bb074603e000bf07f0a8f834
:10a6780010bb4ff0011302a920460393cde90176e0
:10a68800f8f758f900284ff001032a4621462046da
:10a69800ecdb02e007f094f870b929462046f8f799
:10a6a80049f900284ff0ff332a4621462046f1dabf
:10a6b800404604b0bde8f0818046404604b0bde89d
:08a6c800f0816ff00908f3e7cf
:020000040000fa
:020000040102f7
:10a6d00070b5846b002c46d0e3790546002b3dd144
:10a6e00022460023a364137aa3bb002604f523703b
:10a6f000e6640ef01dfc04f150000df0cffc04f1f7
:10a70000f40018f0c5fbd4f8f00118f097f9d4f86c
:10a71000f801c4e97c6618f091f9d4f8fc0118b18d
:10a72000d4f8001215f09cf904f5037015f0c8fa7e
:10a73000d4f8580218f082f9d4f86c0215f050f9e8
:10a74000284615f07df920464ff45071bde8704061
:10a7500017f00cbae06c18f071f9c6e7a06c18f0ad
:08a760006df9aa6bbde770bda5
:020000040000fa
:020000040102f7
:10a7680038b54271017109b902228271184a194932
:10a77800c2634ff47a7501224ef660240164022bfd
:10a788004ff0033142724281c0e91f5401600bd17e
:10a79800114a1249c260124c124b84640022c0e96b
:10a7a80017124366002038bd044618f075fb21686f
:10a7b8000d4a0e4b0e4de060b1f1033f18bf134632
:10a7c8000c4ae3650021a564c4e91812002038bdcd
:10a7d800792f0401812f0401442b04017401012005
:10a7e80024240401c8310401dc0001207001012087
:08a7f80014240401c431040122
:020000040000fa
:020000040102f7
:10a800002de9f04184b007469df82c0015460e4610
:10a81000984615f0a9ff044618f02efb286001a801
:10a8200018f0faf8214601a8002208f015f90446ac
:10a8300058b101a80ef07cfb3846502202210ef0e0
:10a8400037fb204604b0bde8f08101a813f0ccfc32
:10a8500004460028edd1b96b402201f52e7101a804
:10a8600015f090ff04460028e3d141460a9a01a85a
:10a8700015f088ff04460028dbd1314601a815f009
:10a880008fff044601a80ef053fb002cd4d12046c4
:08a8900004b0bde8f08100bf37
:020000040000fa
:020000040102f7
:10a898002de9f84381460d4617461e469df820804f
:10a8a80010f026fbc8b11d4b93f90030022b06d0df
:10a8b8004ff0ff3413f084fd2046bde8f883002de7
:10a8c800f6d04d45f4d3164a0024137853b1013419
:10a8d800052c02f12002f8d1eae74ff0ff342046b8
:10a8e800bde8f8830f481375b0f800c053750cf134
:10a8f8000101a5eb090389b293604ff6ff739942f2
:10a9080008bf012144ea0c44012382f80280556003
:10a91800c2e90376d46101801380cbe760fd002093
:08a92800f8f80020980101205d
:020000040000fa
:020000040102f7
:10a930002de9f843eff311864ff0200484f31188da
:10a94000bff36f8fbff34f8f856bc46ba54206d3e8
:10a95000022b04d0002086f31188bde8f88390f81c
:10a960004550d0f8389017466db21a4698460446be
:10a9700004f0daf86b1c0fd1a36cd3b1b8f1020f5d
:10a9800002d1b9f1000f0fd1204609f081fd58b175
:10a9900057b101203860dee718f046f9854203d24e
:10a9a00001356db284f84550012086f31188bde869
:10a9b000f883636a002bf7d004f12400f6f7b4ffa4
:08a9c0000028e5d1f0e700bf1b
:020000040000fa
:020000040102f7
:10a9c8002de9f041adf5047d0c460646174602a870
:10a9d80004a94ff40072984616f0d0fe174b1b7866
:10a9e800a34203d20df5047dbde8f081144d15494d
:10a9f8002a5d02a814f090fc0e21304612f0ccff1c
:10aa080008350544334600950e220f4902a814f074
:10aa180083fc4246394602a80df086fe02a80b4a7e
:10aa28000b4914f079fc04ab2046094a102118f0b0
:10aa3800d3fa0df5047dbde8f08100bf4d0101207a
:10aa4800880c0401286b0301306b03013c6b030184
:04aa5800406b03014b
:020000040000fa
:020000040102f7
:10aa5c0070b584b06d460646284618f0b7fa022049
:10aa6c0016f084fc0146284612f02ef8044638b144
:10aa7c00284615f01ff9002c2ddb002004b070bd0a
:10aa8c0095e8030002ab83e80300184618f05af867
:10aa9c00023802288cbf21460399114a0023032057
:10aaac0011f082ff04460028e2d17d22314628466f
:10aabc00eef75afc041edbdde2b2c2f17d0131443b
:10aacc0086f87d4030460df069fd284615f0f2f809
:10aadc00002004b070bd2046edf78af804b070bdbc
:04aaec00052104013b
:020000040000fa
:020000040102f7
:10aaf000f0b50378d90783b0044614d500f11007e8
:10ab000000f114063046394616f0fafe58b9628a4a
:10ab1000217c04f12c058ab123785b072cd52846cb
:10ab200001f0f8f940b1236a002060700bb1616a4e
:10ab300098472046f7f7a2fd03b0f0bd284612f073
:10ab4000cfff284616f0aafe236a024601a843b1a9
:10ab50007f2a06d0217c8df804108df80520616acb
:10ab600098472378da0739463046dcd516f0c8fe18
:10ab70000028d8d1217ce1e7284612f0b1ff217ce2
:04ab8000628acce732
:020000040000fa
:020000040102f7
:10ab84002de9f04104680546dcb11f4e01e064691b
:10ab9400bcb1e37cdb07fad5224600212846fef748
:10aba400abfee37c6ff34103e3742046314617f0b8
:10abb4005ffe224601212846fef79efe6469002cb2
:10abc400e7d16c68f4b1114fa7f1500803e0b44227
:10abd40008d02469b4b10023bc420d4e1946224664
:10abe4002846f4d109f0d6fe20464022414617f00b
:10abf4000ffb224600230121284609f0cbfe2469dd
:10ac0400002ce8d1bde8f081b0d4002000d50020ac
:04ac140014d5002033
:020000040000fa
:020000040102f7
:10ac1800f0b5064603c989b006ac84e803002146ae
:10ac280004a817461d4613f0c3f910b9bdf814302f
:10ac380013b9bdf81c3013b9172009b0f0bd069b35
:10ac48001b7803f0e003602bf6d105f51e65009430
:10ac58003b4628460df10f023146e4f7e7fd002890
:10ac6800ebd1b379112b11d03a2b08d0062be4d1b4
:10ac780006f128012046142217f0f8f9dde706f15d
:10ac880028012046082217f0f1f9d6e79df80f3081
:10ac980006f12801002bf4d022462846f5f7a6fb3a
:04aca800cbe700bf37
:020000040000fa
:020000040102f7
:10acac002de9f843dff88880d8f82c41002c35d0fa
:10acbc000746002508f56d6915e013f0010617d05d
:10accc00204613f019ffe37cc3f34003984218d0dd
:10acdc00a3b1a37c990710d513f001060ed1013551
:10acec00adb2646994b14c45fbd0a37c9807e4d415
:10acfc00e27c9207f5d59907eed401263046bde8e3
:10ad0c00f8830028ebd16469002cecd135b1fe88b6
:10ad1c00761b18bf01263046bde8f88398f8e36e21
:10ad2c00c6f3400686f00106f6b23046bde8f8835d
:04ad3c0000c600202d
:020000040000fa
:020000040102f7
:10ad40000378023b032b36d8dfe803f031023331be
:10ad500030b583681c4d1d490446a5fb035362783a
:10ad60001b48db0803eb0313834288bf0b466ff3da
:10ad70004512022183b0a36062702170204616f054
:10ad8000b7f9656e3db1a36e0093e26f002304f145
:10ad900070011c20a84794f8a230ff2b0cd001337f
:10ada000dbb2022b84f8a23006d803b030bdf0f736
:10adb0002fb9f8f7d7bf70472046012103b0bde88f
:10adc0003040f8f76fb800bfcdcccccc80ee360069
:04add0007fee3600dc
:020000040000fa
:020000040102f7
:10add400f0b5084683b00d46174614f05ffa08b97b
:10ade40003b0f0bd022301aaa989284615f0ceffbd
:10adf4000028f5d19df80430122bf1d1ae899df8cd
:10ae040005300236b6b20bb3044601460ae0222be3
:10ae1400114801d114f0b2fc01349df80530e1b2bf
:10ae24008b4213d9314489b201230df10302284620
:10ae340015f0acff0028d3d19df80330092be6d1df
:10ae440001468822054817f097f8e5e73a4629466f
:10ae5400034812f08ffdc3e708d30020b4d00020cc
:04ae6400d8c700202b
:020000040000fa
:020000040102f7
:10ae68002de9f04f85b04ff0ff361c46054603919b
:10ae78009246334600232146104604f0fbf900f1c0
:10ae88000708b8f1270f4fead80381468cbf1e2761
:10ae9800fa27029314e02846fdf70afd013f2246ef
:10aea8002946039820d00ff00bff224683465146cf
:10aeb800284609f093fe32460bea00039a420fd166
:10aec8000f9b0093029a0e9b2146284607f020fe0e
:10aed80028f007020646a2eb090221460028dad02c
:10aee800304605b0bde8f08f6ff00d06304605b06e
:04aef800bde8f08f32
:020000040000fa
:020000040102f7
:10aefc002de9f04788b0054604a8884616461f463b
:10af0c0017f0defd06a817f0dbfd06a801210ff0f7
:10af1c00a7f8044648b104a814f07cfe06a814f067
:10af2c0079fe204608b0bde8f08705f1380305f13d
:10af3c00ec090093cde901674a4605f1f4034ff0a3
:10af4c00ff3104a803f07ef804460028e3d105f194
:10af5c00b40304aa05f1040a00920193504605f1ca
:10af6c00cc0306aa414615f0affc04460028d2d10a
:10af7c00cde900674a4650464346414615f088fce9
:04af8c000446c8e7c8
:020000040000fa
:020000040102f7
:10af900040b138b550f8043c002b02da50f8082cc8
:10afa0000ab138bd704723f0004340f8043c044622
:10afb00017f0b0fa174854f8041c0368164a0b44fb
:10afc0000360a4f1080000e01a4613689842fbd819
:10afd00054681519a84218d04418a3420bd0036036
:10afe000824218bf10600d4a136801331360bde838
:10aff0003840f0f751be0a4c2468a342efd0d3e9a1
:10b000000034214403604160eae721445160104666
:10b01000e2e700bf40000120000001204c000120b9
:04b020003c000120cf
:020000040000fa
:020000040102f7
:10b0240010b5044682b0006821891ee09df8051021
:10b0340011f0c00028d0c02823d12189206815f040
:10b04400a5fee0b9638913b9238902336381bdf88e
:10b0540006102068a389828949bac1f30d011144fd
:10b0640089b28b420dd92181a18101230df1050201
:10b0740015f08cfe02230df106020028d6d002b092
:10b0840010bd062002b010bd41b12389a171013366
:10b094009bb219442181a38002b010bd638923b9f6
:10b0a4002389013363811720e9e71720e7e700bf0d
:020000040000fa
:020000040102f7
:10b0b4002de9f04104460d4607ca90b0a768ddf8b3
:10b0c400588006ae86e80700002f35d03246294660
:10b0d40020461f4602f0cafd30bb45bb238a628a64
:10b0e400adf816301a210096a068039109ad1c2111
:10b0f400cde901153b460df1160101f0e1fd98b9ca
:10b10400ddf82e20c8f800200a9bddf83a20c8f8a4
:10b114000c20179addf83240ddf83610c8f80440e8
:10b124001bbac8f80810136010b0bde8f081a38af8
:10b13400e28aadf81630d5e7172010b0bde8f081eb
:020000040000fa
:020000040102f7
:10b1440070b5044621480e4611f05efed4e90c2584
:10b15400d4f860312063801ad4f86421616361eb10
:10b1640005051b1845eb0202c4e95832042e0bd81e
:10b17400dfe806f00b131b230300d4e9563218183a
:10b1840042eb0505c4e9560570bdd4e94e321818e2
:10b1940042eb0505c4e94e0570bdd4e950321818d8
:10b1a40042eb0505c4e9500570bdd4e952321818c4
:10b1b40042eb0505c4e9520570bdd4e954321818b0
:10b1c40042eb0505c4e9540570bd00bf14c6002058
:020000040000fa
:020000040102f7
:10b1d4000b7913f0010f00d1704770b56ff30003c2
:10b1e4000c46164605460b712046002117f062fafc
:10b1f40096b1237962796ff3c3032371530920d085
:10b204001021204614f0c8ffa8b132462146124846
:10b21400bde8704008f056bf63795b09f0d123792b
:10b224001b070ed52b6c01332b641021204614f020
:10b23400b3ff0028e9d10b21204614f0adff20b95b
:10b2440070bdab6c0133ab64dae721460348bde85b
:10b2540070400bf0dbb800bf28d5002008d30020d5
:020000040000fa
:020000040102f7
:10b264002de9f04104460d46d1e9000186b004ae53
:10b2740086e80300904620460df10b0229461f463e
:10b28400fef772fc044618b1204606b0bde8f08112
:10b294009df80b20012103a817f070fd03ab224693
:10b2a4002146114803f006f83860d0b10146cdf8c4
:10b2b4000080334605f120020c48f6f737fa0446bd
:10b2c4000028e1d1bdf814200499386811f0f4fd88
:10b2d40004460028d8d13868bdf8141015f04afd8a
:10b2e400d2e70324d0e700bf56c60020e0cf0020f9
:020000040000fa
:020000040102f7
:10b2f40010b5437f04469bbb94f8473033b1013b00
:10b30400dab2b2fa82f384f847205b0994f8461063
:10b31400b4f84420b1b10139c9b284f8461089b9ee
:10b3240042b1013a92b2a4f844201ab9637f0bb136
:10b3340001236377201d13f033fa2046bde8104043
:10b3440016f0e0bb2ab1013a92b2a4f84420002ad4
:10b35400ecd0002beed12046bde8104016f0d2bb55
:10b3640009f064fd236a03f5c333a033181a0028d7
:10b37400c2da94f83e3043f0010384f83e30bbe770
:020000040000fa
:020000040102f7
:10b3840070b504460d4605f001fd20460cf0a6fefe
:10b39400032d257026d1154ba360a361a3632362fb
:10b3a400a3621349134b144aa16462601349144ef7
:10b3b400144d1548e0614ff00112c4e90b3261628b
:10b3c40066616563201d17f0a1fde06304f134009c
:10b3d40017f09cfd00230122c4e91002c4e91633ce
:10b3e400184670bd00230948237070bd0100080091
:10b3f400f1b60001a4310401a0fb030160fb0301c9
:10b4040020fb030180fb030140fb030180b1ffff2c
:020000040000fa
:020000040102f7
:10b414002de9f043847885b0012cdde90cce33d1dd
:10b42400046c00f104097cb300f19c081e4600235f
:10b4340017460d460446029300f1840200f16403aa
:10b44400cde900ce4146484607f0a4ff10b105b04f
:10b45400bde8f083404616f0bbff864214d3226c4d
:10b4640012f0070318bf012303ebd20348462b60f5
:10b4740016f0acfb02282a683946404608d005b0cd
:10b48400bde8f04316f010bc044805b0bde8f083f5
:10b4940005b0bde8f04316f0fdbb00bf80b0ffff70
:020000040000fa
:020000040102f7
:10b4a4002de9f04190b0064602a80f46154698468d
:10b4b40015f0c8f908a800bf00f1080417f004fb50
:10b4c40010ab9c422046f7d12a46434602a9304697
:10b4d400f6f7e2ff054680b108a800bf00f10804b2
:10b4e40014f09cfb10ab9c422046f7d102a815f047
:10b4f4009bf9284610b0bde8f081dde916233946f2
:10b504003046f6f7c9ff05460028e5d108ab00939d
:10b5140002aa3b4639463046def7c4fe05460028fb
:10b52400dad139463046e6f745f90546d4e700bf97
:020000040000fa
:020000040102f7
:10b534002de9f043202b8bb01e46054688469146e4
:10b544002ed8dbb202afec688df804808df805309c
:10b5540084b9092015f006f922460146284607f069
:10b5640079fa044668b9284612f03cfe044640b90c
:10b574000123eb60022201a9284615f001f90446d3
:10b5840038b13846202116f0effa20460bb0bde85a
:10b59400f08332464946284615f0f2f80446f0e7af
:10b5a400092002af15f0def8324649463b460df05d
:10b5b400ddfc04460028e4d120231e46b946c2e738
:020000040000fa
:020000040102f7
:10b5c40070b5456f05f00303032b84b02cd1836a57
:10b5d4006bb3046a416a027809b142f04002016b1c
:10b5e400023b5b084e1e46eac3031a43027051b184
:10b5f400002200bfc2f10f030132d2b29142c454ff
:10b604004fea1424f6d8ccb903ab044600930146a0
:10b61400034610223830fdf755fe30b1636f43f016
:10b624001003636704b070bd002004b070bd426baa
:10b63400023a012a08d803621c46cbe745f01005fc
:10b6440045676ff00c00f0e76ff00c00ede700bf0a
:020000040000fa
:020000040102f7
:10b65400012a70b51e46054614d080210ef05efd09
:10b66400044638b91c492846082207f043fb60bb4e
:10b67400204670bd3368184943f4006333604ff0cb
:10b68400ff34f0e7897a0a290dd9002128460ef003
:10b6940045fd044698b13368104943f400633360b0
:10b6a4004ff0ff34dfe78a4012f0820f09d112f421
:10b6b400c06f08d112f01c0118bf8021e6e70749ca
:10b6c400d1e72021e2e70821e0e7336843f480531f
:10b6d40033604ff0ff34cbe7601304016c130401b3
:020000040000fa
:020000040102f7
:10b6e400f0b51f4d1f4e2b7883b014465bb93068fc
:10b6f400411c22d0002a2fd11a480af007fb1a4b0a
:10b704001c6003b0f0bd002af6d03768204615f05f
:10b71400b1f97b1c16d00123024601930096134b0a
:10b7240000213846faf730fe384603f08dfe002338
:10b734002b700d4b1c6003b0f0bd002adcd02046fa
:10b7440015f098f915f07af90123024605490748de
:10b7540009f03efc3060eae709f010fcd5e700bfd1
:10b764004f01012078010120fcc50020115d030177
:020000040000fa
:020000040102f7
:10b774002de9f041d0e954731344bb4200d9fee7ec
:10b78400164604462ab3571eb0f860310f444d1ec6
:10b7940000f590780ee01a468bb22244a4f860318a
:10b7a40015f8010f92f82011af4281ea000182f8e6
:10b7b40020110bd0102b03f10101ecd1424641467c
:10b7c400204616f095ff00220123e6e7d4e95473de
:10b7d4003344bb42c4f8543101d0bde8f081b4f81d
:10b7e400603123b90023a4f86031bde8f08104f589
:0cb7f40090721146204616f07bfff3e730
:020000040000fa
:020000040102f7
:10b8000070b504468cb026220d4602a8002116f021
:10b81000b5fb63784ff2bf029b07adf82a202dd409
:10b8200023781848002b0cbf0d211c2114f062fc5a
:10b830000646c8b195f8fe20294611f03ffb0546a3
:10b84000b0b902a812f054fb009402aa0e4b0d48a6
:10b85000314613f005fd054650b96378284643f09c
:10b86000020363700cb070bd032528460cb070bd98
:10b87000304615f0b9ff28460cb070bd1825284693
:0cb880000cb070bdd8c7002025310401b9
:020000040000fa
:020000040102f7
:10b88c0003784a2b3ed8dfe803f02d37333b2626ce
:10b89c003d333d3d3d3d353d3d3d3d3d3d3d3d3dde
:10b8ac003d3d3d3d3d3d3d3d3d3d3d3d3d3d3d3dbc
:10b8bc003d3d3d3d3d3d3d3d3d3d3d3d3d3d3d39b0
:10b8cc003d3d3d3d3d3d3d3d3d3d3d3d3d3d3d3d9c
:10b8dc003d3d3d3d2d0010234078984234bf002063
:10b8ec00012070474378022b0ed9023014f08ebe23
:10b8fc000823f1e716f08ebf0223ede715f062bbcb
:0cb90c0016f082bf012070470020704739
:020000040000fa
:020000040102f7
:10b91800f0b500f18c060c4685b00546304617f0a8
:10b928007ffa012c36d0002c36d0022c0cbf802791
:10b9380000270921284600f0c5fc044638b1ea78fa
:10b94800012115f0a9f920b1204615f049ff05b0ed
:10b95800f0bd324608230321204607f0b5fe002833
:10b96800f2d13a460e21204615f096f90028ebd17f
:10b9780005221221204615f09bf90028e4d16846db
:10b9880015f05efb69462046f9f768fa0028dbd116
:0cb9980005b0f0bdc027cce78027cae74f
:020000040000fa
:020000040102f7
:10b9a400f0b597b001690eaa054608f02bfa0022fb
:10b9b400144602ae0aaf0ea905f1140015f0befa42
:10b9c4003046224612a90a94746006940294cde982
:10b9d4000744c6e902440994c7e90144fc6015f030
:10b9e400adfa29690eaa2846013908f00bfa224655
:10b9f40012a906a815f0a2fa29690eaa284601314f
:10ba040008f000fa224612a9384615f097fa2a6976
:10ba14000548019702f07f020132009606ab082127
:0cba240004f06cf817b0f0bd10d000204a
:020000040000fa
:020000040102f7
:10ba300030b5204b93f80b2d0d46910785b0044689
:10ba40000ed493f8662d120706d1002323602046fa
:10ba500014f01afe05b030bdb3f8682d022af4d1f7
:10ba600041f6b8014ff6fe725b5a9342edd001a940
:10ba7000114811f059ffa5b90299b1f5967f38bf69
:10ba80004ff4967148080130093911f0d5f923684f
:10ba90000bb18342dbd92060204614f0f5fd05b0e0
:10baa00030bdbdf8061001294ff00100efd910f0ac
:0cbab00091fbece700c60020b8de00208f
:020000040000fa
:020000040102f7
:10babc002de9f041cc8882b07cb104f18045013d88
:10bacc000b6853f8256003eb850326b10be000bf30
:10badc0053f8045d3db9013cfad1002102b0bde838
:10baec00f0410ef0bdba002af7d0631c42f210757b
:10bafc00ab421fd81646c28893420546884612d8d8
:10bb0c0041462846fef716f9074640b9013e009615
:10bb1c002346d8f80020e9882868f7f72ffa38462a
:10bb2c0002b0bde8f08119460ff038f9074600283d
:0cbb3c00e6d0f4e76ff00f07f1e700bf60
:020000040000fa
:020000040102f7
:10bb4800f0b58bb004460d4668462822002116f051
:10bb580011fa74b363681a4612f8017b00923b44e9
:10bb6800adf804709e7817f09efa63681249134a7c
:10bb780030443b448df81500d1e900675b781178b3
:10bb88008df816309df817200d4bcde9026761f34b
:10bb980000021b788df817208df80630094c68468e
:10bba800224616f031fd084ba2881a706b600bb064
:10bbb800f0bd024b1978f1e7e0ff00209d0101205c
:0cbbc8009e01012018fe002024fa00203d
:020000040000fa
:020000040102f7
:10bbd4002de9d04f204c636b626922611bb19a68d6
:10bbe400b2f5004f30d3636947f6ff76002716ebb2
:10bbf400030a47f1000b63689b69984721698142f6
:10bc040082b24ff0000306d94ff6ff7152184ff07d
:10bc1400000141eb0303216a12eb010843f100091f
:10bc2400cb4508bfc2453abf5218e261c4f81ca014
:10bc3400e3699bb20bb90123e361e069636880b2f5
:10bc44005b69bde8d04f18479e686369002716eb0f
:0cbc5400030a47f1000bcee760fd002062
:020000040000fa
:020000040102f7
:10bc600030b3c36b13b370b5056ca5fb033500236c
:10bc7000002d36d104460e4614f0e2f8d4e90f3216
:10bc80002168a56303fb02f39a1aff200a440b44c0
:10bc900084f84400c4e90232616084f84500beb90a
:10bca000236933b916f0e8f8012070bd18467047d3
:10bcb000704704f11000f5f737fe0028f2d00a4b68
:10bcc0004ff080521a60bff34f8fbff36f8fe9e7d9
:10bcd00004f1100015f04cfc04f1240015f048fcb0
:0cbce000e0e7184670bd00bf04ed00e076
:020000040000fa
:020000040102f7
:10bcec001d4b1b681bb11d4b01221a6070471b4a70
:10bcfc0010b51b4c136023681b6b1a68b2f1a53f7f
:10bd0c0003d15a68b2f1a53f1dd0216820683431a7
:10bd1c0016f08ef8134b1b68b3fa83f3dbb2c3f146
:10bd2c001f03114a03eb83039b00d01808334168af
:10bd3c00496841601344994204bfc1684160cb68b3
:10bd4c002360236810bd9a68b2f1a53fddd1db6892
:10bd5c00b3f1a53fd9d1dde7780001209c0001208b
:0cbd6c006400012080000120bcfb0020ce
:020000040000fa
:020000040102f7
:10bd780038b1836cc16a426c013b9142836400d044
:10bd88000bb1002070472de9f04100f1040804468a
:10bd9800404612f051fb174d30b9e16a2b68012279
:10bda8008a4023ea02032b60636c134ee36203ebc1
:10bdb8008302920006eb020cc3f10500dcf80410c4
:10bdc800a1608f68e760d1f808e0b758a061cef8a5
:10bdd80004800120d5f800e0c1f8088000fa03f3d8
:10bde800074443ea0e03c4f814c02b60b750bde8fb
:0cbdf800f08100bf80000120bcfb002097
:020000040000fa
:020000040102f7
:10be040019482de9f0410921074616f0f3fb0321f7
:10be14001648dff87080164d16f0ecfb444608f126
:10be24004806256021463846083410f027ffa6420c
:10be340005f18c05f5d10f4c0f490c48c8f8484062
:10be440010f01cff04f12c030c490848c8f85030ca
:10be5400583410f013ffc8f8584009490348bde8a6
:10be6400f04110f00bbf00bf80ff00208cff0020ca
:10be740030e700201cec002068fc002070fc00204f
:08be840078fc002020fc0020e6
:020000040000fa
:020000040102f7
:10be8c0070b51646c289964204460d4605d820e088
:10be9c007c3292b2b242e2811bd26179606ac1f308
:10beac0041010cf05ffc50b3e289236803604f2a18
:10bebc002060edd804f13003303010449918c2f1f1
:10becc00500214f043fee2897c3292b2b242e2811b
:10bedc00e3d36189a3893144334489b29bb2921b69
:10beec009942e281618100d2fee7a3814db12046e7
:10befc0033462a46002109f02dfa002070bd03209c
:08bf0c0070bd284670bd00bfa6
:020000040000fa
:020000040102f7
:10bf140070b58378062b04d801259d4015f0790f60
:10bf240034d1857cc5f34005164604468db9038893
:10bf340018489b0708d50cf09df9a378052b01d070
:10bf44000523a370284670bd0ff0b2fe054658b114
:10bf5400fee7022b1cbf022383707f211c300025c7
:10bf640016f038fc284670bda378052b1cbf0523aa
:10bf7400a3707f23e37408f059ff3044606100210b
:10bf840004f1600010f0daff284670bd0d25284644
:08bf940070bd00bf00c60020d3
:020000040000fa
:020000040102f7
:10bf9c00037ed90770b5044600f10c061ad51c4b6c
:10bfac0093f8e429520715d493f8ba2d02f00f0236
:10bfbc00072a05d093f8663d03f00f03012b1dd122
:10bfcc00304615f03dfc13480cf08cfc0546c8b10e
:10bfdc000d280dd1304615f033fce27a238b6ff32c
:10bfec00870203f080030d25e2722383284670bd7f
:10bffc002046012105f06ef8284670bd063b012b4a
:10c00c00e8d8dde72046294605f064f8284670bddf
:08c01c0000c60020e4cf002063
:020000040000fa
:020000040102f7
:10c0240070b5047ee60721d51e4c94f8665d2d0795
:10c034001cd0b4f8684d022c18d90c682488240745
:10c0440014d51e460b7f0446980715460fd46eb9c7
:10c0540065b1237e2a6866f3c60323761388db065c
:10c064001ad52046bde87040fff796bf70bd08465c
:10c0740016f086f80028ead0002ef2d1002df0d078
:10c08400237e2a6866f3c60323761388da06e8d487
:10c09400204607f00ff8e4e72046bde8704007f0bb
:08c0a40009b800bf00c600202e
:020000040000fa
:020000040102f7
:10c0ac002de9f04100f13808044640460f4615468c
:10c0bc0015f052fc58b3e1788279037961f30302ed
:10c0cc008271227862f3410339460371aab20646a3
:10c0dc0010f0eefe074670b9d4f8bc3004f1100233
:10c0ec00d3b13146d4f8c000984707461fb9e77062
:10c0fc002846bde8f081304615f070fb0023032f75
:10c10c00e370084818bf6ff04d00bde8f081e07097
:10c11c00a0f5d140bde8f0814046314616f05cf800
:08c12c000746e3e78097ffffdf
:020000040000fa
:020000040102f7
:10c134002de9f04190b040230d4606466a46084674
:10c14400002114f023fe9df80030032b03d19df849
:10c154002b70052f03d0012010b0bde8f08104a995
:10c164003046f9f771f869892846fbf7fbf98046f0
:10c174000028f0d000246a460146012330460d957c
:10c184008df80070adf802408df83040edf784fa78
:10c1940029466a46304604250123adf802408df84d
:10c1a4003040cdf838808df80050edf775fa204610
:08c1b40010b0bde8f08100bfee
:020000040000fa
:020000040102f7
:10c1bc00f0b593b00df1030301aa04460d46eff759
:10c1cc00f5f908b113b0f0bd2a460199204601f0eb
:10c1dc0087fd0028f6d09df8036001995eb12046da
:10c1ec00fff7a2ff0028edd020469df8032001990f
:10c1fc000af0b0fee6e720462a46f5f7fbfd01996a
:10c20c0020460df0e5fb88b1019f02aa3146402380
:10c21c00384614f0b7fd0f9933462a4620460029bc
:10c22c0008bf39460af0bafe13b0f0bd2a462046c4
:08c23c0001990ef02ffbc5e78c
:020000040000fa
:020000040102f7
:10c24400f8b504461b4b00254ff4e1604ff4e1526e
:10c25400c4e90723a0602346c4e90055c4e9045592
:10c26400a5616562a56204f12c00134a14f0c6feb0
:10c274002246124b1249e366c4e91955e567234681
:10c2840042f8801f0f48c4f8882043f88c0f012718
:10c294000726c4f8a050a567c4f89850c4f89c5069
:10c2a40025676567c4f89430204684f8a07084f844
:10c2b4007a60f8bd0075120051310401b8fd020125
:08c2c400b12804014d31040111
:020000040000fa
:020000040102f7
:10c2cc0070b586b0044603220d4602a8002116f074
:10c2dc0051fd04f1e80002aa002115f075ff044697
:10c2ec0038b3a5f11003012b8cbf0023ff238df86d
:10c2fc0007308379c571012262f3030383710df159
:10c30c00070110f0d5fdb8b99df8073003ae43b95d
:10c31c00152331460a2220468df80c3010f0c8fd4a
:10c32c0050b93146012220468df80c5010f0c0fd5a
:10c33c0010b9204606b070bd204615f04ffa002407
:08c34c00204606b070bd00bfe1
:020000040000fa
:020000040102f7
:10c3540000232de9f041074613741d48164688460c
:10c3640014f00cff38bb00242246414638460cf03a
:10c374001dfd03210446b8b107f03cfc0546002826
:10c38400f2d0e278337c9342eed2211d304615f090
:10c394002fffab7803f00f037374ab780122c3f360
:10c3a4000013b374f274dfe7337c002b0cbf172047
:10c3b4000020bde8f08140220649304615f018ff00
:10c3c4004ff480720123a6f81120f374cbe700bf69
:08c3d40008d30020b0d40020c2
:020000040000fa
:020000040102f7
:10c3dc0070b5204cd4f82c2182b00d46002a37d0f1
:10c3ec000023526901339bb2002afad11b01fe2ba8
:10c3fc001cdd04225bba4ff608760deb02012846d1
:10c40c00adf80630adf8046010f052fd60b9d4f808
:10c41c002c4114b919e06469bcb11022214628469c
:10c42c0010f046fd0028f6d002b070bddbb2082635
:10c43c00022201a928468df805308df8046010f011
:10c44c0037fd0028e3d002b070bd002002b070bdf3
:08c45c001346ece700c60020c6
:020000040000fa
:020000040102f7
:10c4640030b50546880587b00c461dd41b4815f029
:10c4740037ffb0b1610704d5194b93f8083d5a074b
:10c4840025d4e30703d595f84730012b01d107b034
:10c4940030bd012385f84730284615f033fb07b03b
:10c4a40030bd686407b030bd0e49a1f5bf5012f02d
:10c4b40003fb0028dad00b4901aaa1f66c00fff7b0
:10c4c40047ff0028d2d028460af040ffcee728468e
:10c4d4000af060ffe307dad5d5e700bf08d30020f0
:08c4e40000c600200cdf00205f
:020000040000fa
:020000040102f7
:10c4ec0089009942f8b531d31bd923f0030503f029
:10c4fc0003044559e40025fa04f414f0ff0f2fd17e
:10c50c001c4605e0865926fa05f515f0ff0f27d1d4
:10c51c00013404f00305a14224f003064feac505db
:10c52c00f0d19c4683b1571e002400bf24f00305b4
:10c53c0004f003064559f6000134f540a44507f80c
:10c54c00015ff3d8994204d30020f8bd8c46002932
:10c55c00e9d1104608445a1a002115f009fdf3e7f9
:08c56c006ff00700f8bd00bfed
:020000040000fa
:020000040102f7
:10c574002de9f041046ca318074616460d460364e2
:10c5840004f03f0402d3436c01334364acb1c4f1ff
:10c594004008b04504d9324612bb1046bde8f081cc
:10c5a40029464246381914f0d5fa39463846f0f788
:10c5b40099fff0b9403e264445443f2e4ff0000415
:10c5c400e9d929193846f0f78dff4034321b70b988
:10c5d4003f2af6d83f2c0ad925440446002adcd049
:10c5e4002946381914f0b6fa0020bde8f0814ff05e
:08c5f400ff30bde8f08100bf3b
:020000040000fa
:020000040102f7
:10c5fc00f0b51d4d1d4e2b7883b0144663b93068d1
:10c60c00411c07d112bb194809f054fb184b1c6094
:10c61c0003b0f0bd08f0aefc002cf4d03768204617
:10c62c0014f032fa7b1c14d00123024601930096bd
:10c63c00104b00213846f9f7a3fe384602f000fff4
:10c64c0000232b700a4b1c6003b0f0bd204614f085
:10c65c001bfa14f0fdf9012302460449054809f0c0
:10c66c0019fc3060ece700bf9c0101207c0101202b
:08c67c0018000120c15c03015c
:020000040000fa
:020000040102f7
:10c6840008b5194b9847194b9847eff3108172b6c8
:10c69400174ad2f8883043f47003c2f88830bff3e5
:10c6a4004f8fbff36f8f01b962b6124a936823f0bc
:10c6b400010393601346da6812f0010ffbd10d4bae
:10c6c40024225a6001229a600ef0a0fc0a4b23f047
:10c6d4007f03074a9360094b9847094b9847094bd6
:10c6e400984715f01dfffee7e52404010f580101ea
:10c6f40000ed00e000200041000200011d360301ae
:08c704000f5801010f5801015b
:020000040000fa
:020000040102f7
:10c70c00f8b50e4605461d4c13f094fb1c4a2168e7
:10c71c00136893f8513043b11368002283f8512009
:10c72c00012415f0a3fb2046f8bd3268501c20d024
:10c73c00dff850c0d5e90003dcf80070b84208d02f
:10c74c008b4206d800233360012415f08ffb204662
:10c75c00f8bdcf1aba42f5d9521a1a44dcf80010b7
:10c76c00236832600024c5e9001315f07ffb2046d6
:10c77c00f8bd1c4615f07afb2046f8bd9800012048
:08c78c00640001208c00012073
:020000040000fa
:020000040102f7
:10c7940038b505460c46e5f78bf9d8f79ffa054bf3
:10c7a40005481d80054b0c221c801421bde838402f
:10c7b40014f0f0b860fe0020c000012062fe0020ea
:10c7c40030b5044685b00d46ac4201d905b030bd44
:10c7d40069462046ddf706f9d8b1bdf8021041b923
:10c7e4004ff0200383f31188bff36f8fbff34f8f94
:10c7f400fee700222046d8f723fb10f0fd0f08d0f7
:10c804004ff0200383f31188bff36f8fbff34f8f73
:08c81400fee70134a4b2d7e7ee
:020000040000fa
:020000040102f7
:10c81c005028f7b505460e4614461f4607d1d01cc6
:10c82c0020f0030050f8043b3b6003b0f0bd00f077
:10c83c000f030c2b2ed8dfe803f025071d25292d1f
:10c84c002d2d2d182125290001a9204613f062fb5e
:10c85c00019b002be8d005f07002102a08bf264679
:10c86c0033442a0648bf1b68dee701a920460ff0b7
:10c87c00ebfaede7204630f8023beae7204630f9c8
:10c88c00023be6e7204650f8043be2e7204650f82e
:08c89c00083bdee716f0f6fb95
:020000040000fa
:020000040102f7
:10c8a4002de9f0431d4d83b004469df82c901f469e
:10c8b40005eb00182abb0846164614f0dbf843467d
:10c8c4000146cdf800903046154a13f087fa034626
:10c8d4005a1c4fea04140dd018462b5102f0b4fd33
:10c8e4002b190a9a5f609a6020b901221a7303b067
:10c8f400bde8f0832c4400231420237303b0bde867
:10c90400f083084614f0b6f84346cdf80090044a84
:10c91400002113f063fa0346dae700bf80fc00202d
:04c92400f9460301cc
:020000040000fa
:020000040102f7
:10c928002de9f04186b04c89adf806301e46d31883
:10c938009c4232db448926440f46b1b205469046f4
:10c9480011f08ef8064618b1304606b0bde8f08101
:10c958000df106024146384603ab00f08dfdbdf8e7
:10c96800102003e010f07afabdf810201346214693
:10c978002846002ae8d0039a08f0eefcbdf81030eb
:10c98800bdf80620234403a90df106009cb2002a35
:10c99800e8d1304606b0bde8f0810626304606b03c
:04c9a800bde8f08175
:020000040000fa
:020000040102f7
:10c9ac00f0b5002385b00c461546104619463c22be
:10c9bc008df80c3015f0dcfa54b323681b785b0748
:10c9cc000ad101af394620460bf06cff064620b960
:10c9dc009df80c30022b03d00626304605b0f0bd76
:10c9ec0097e8030005f1320785e803003946204635
:10c9fc0013f0a0fc80b9a37985f8363094f9153082
:10ca0c0085f83730a37d85f83830304605b0f0bd59
:10ca1c000726304605b0f0bd3946204613f07cfca5
:04ca2c00e9e700bf77
:020000040000fa
:020000040102f7
:10ca30002de9f8431d4cb0f86c7081462046154630
:10ca40000e4616f0dffbd9f87830a0eb030820463d
:10ca500016f0aef899f87c30154a1844c317a0fbbd
:10ca6000080108fb0311002310f0c4f899f87d3089
:10ca7000804603eb830320465c0016f0c5fb00b242
:10ca800000eb800004eb4000404407eb87073f01c8
:10ca900000f50073bb4200f5ac5028bf3b46b842de
:10caa00028bf384633602860bde8f88300c6002000
:04cab00040420f00f1
:020000040000fa
:020000040102f7
:10cab40070b5b0f86c408c4218d090f86e4062f3b8
:10cac400060480f86e401a460446a0f86c10a0f8dc
:10cad4007030049b164816f05df804f1800014f0e1
:10cae400c7feb4f86c3083b9012070bd90f86e4075
:10caf400b0f8705004f07f06964214d062f3060436
:10cb04009d4280f86e40ded1eee7094816f078fbce
:10cb140094f86e3060676ff3c71384f86e30204664
:10cb2400f6f746fde0e79d42c7d1002070bd00bf87
:04cb340000c6002017
:020000040000fa
:020000040102f7
:10cb380010b41e4b93f8ba2d02f00f02072a0c46c8
:10cb48001fd093f8662d02f00f02012a0fd1b3f817
:10cb5800161a4ff6fe72914203f648521cd0938b78
:10cb680023800123237200205df8044b7047063aa6
:10cb7800012a98bf03f6485205d90b205df8044beb
:10cb8800704703f69c52b3f8161a4ff6fe73994293
:10cb980002d0074b9a42e2d1134603cb022320600e
:10cba8006160237200205df8044b704700c60020c6
:04cbb8009cd30020ea
:020000040000fa
:020000040102f7
:10cbbc0070b591f8fe500e4604460178adb91b488d
:10cbcc0012f008fc637865f300032546637015f8d2
:10cbdc00081b30462a4610f047fab8b908f022f97b
:10cbec0023786060012b1ad070bd32460f4812f0ca
:10cbfc00e1fb6378254643f00103637015f8081bcd
:10cc0c0030462a4610f030fa0028e7d0284615f0b6
:10cc1c0013fe08f007f923786060012be4d131464c
:10cc2c000348bde870400bf0ddbe00bf54c60020c9
:04cc3c00f4ce002012
:020000040000fa
:020000040102f7
:10cc4000f0b587b000260f460988adf81260029053
:10cc500015461c46adf81010adf81410012602a8b8
:10cc6000fef7e0f960b1172808d12e23012c2b70b4
:10cc700025d00020bdf8123068703b8007b0f0bdb1
:10cc800033460df1070202a829464ff02e0c26b9b3
:10cc900001f801cb013c0d46a4b2402c26462946a2
:10cca00028bf40268df8076007f0f8fd0028e5d181
:10ccb0009df80730e41a0646a4b21d44cfe70320ce
:04ccc00007b0f0bd0c
:020000040000fa
:020000040102f7
:10ccc4002de9f04f87b08b46ddf840800988bdf828
:10ccd4004490129fbdf84ca0adf80e20adf816108c
:10cce40006461d46bdf80e4043460df10e020df1f9
:10ccf40016013046dcb103f099fe3b464a460df17d
:10cd04001601a8b9cdf800a03046bdf8164003f0ce
:10cd1400c3fe172805f1ff32e4d048b95db13b8961
:10cd24005bba0a331c4495b2adf81640dae7172013
:10cd340007b0bde8f08fbdf81630abf8003007b08f
:04cd4400bde8f08fc7
:020000040000fa
:020000040102f7
:10cd48002de9f04114464a892344934231d89eb2d2
:10cd5800b4428846054611d32fe06a8852ba92b287
:10cd6800131d1919b1429bb203eb040121d828887d
:10cd7800b0f5007f0ed08cb2a6421ed904232a46f5
:10cd88002146404614f000f807460028e5d038460a
:10cd9800bde8f081032a0cd90c2b28bf0c232146af
:10cda80040462a4613f0f0ff284610f0fdff002801
:10cdb800edd106273846bde8f08117273846bde88b
:04cdc800f08100bf37
:020000040000fa
:020000040102f7
:10cdcc002de9f04184b007460a9e0d4690461c465c
:10cddc00307808b9237873b928680223818903aaab
:10cdec0013f0d0ff38b923782c2b1bd006d84bb1bd
:10cdfc002b2b08bf022004b0bde8f0813b2b0dd0db
:10ce0c003c2bf8d13346424629683846fdf7aef93b
:10ce1c000028f0d19df80c302370d9e7022004b023
:10ce2c00bde8f08132780121cde900213846294650
:10ce3c004246f2f721ff296838460cf023fe002801
:04ce4c00e8d0d8e76b
:020000040000fa
:020000040102f7
:10ce500003782de9f0410e4643b1b0f84e200b8a1d
:10ce60009a4224d005252846bde8f08100f12c0720
:10ce700004463846904607f0e7fc05460028f2d104
:10ce8000314638460df0f0fc0546e0b9204612f078
:10ce900027fcb8f1010f12d10d480cf081fdd4f838
:10cea000983063b1d4f89c1030469847dbe700f126
:10ceb0003e011022304613f041fe0028d2d1002559
:10cec0002846bde8f081384610f022ffcbe700bfce
:04ced000f4c9002081
:020000040000fa
:020000040102f7
:10ced4002de9f0478046c8784c78073001ebd00044
:10cee4000234214482b00430cde90001174699464a
:10cef4000024022168460ef09bfb0546e8b1437806
:10cf0400861c043bde42f4d2b2460be00af0f8ff82
:10cf14000028c8bf54466b78043b0af1040a334422
:10cf24009a45e6d85046b8470028f4d022465146e0
:10cf34004046002cead15446ede734b123885bba6d
:10cf4400a9f8003002b0bde8f087042002b0bde8c3
:04cf5400f08700bfa3
:020000040000fa
:020000040102f7
:10cf580010b51d4b93f8092d044622b193f80b1d0b
:10cf680011f008012bd094f82430012b02d0022ba9
:10cf780007d010bd04f1100014f064fc134814f03d
:10cf880067f9134813f0e4ff94f86e309b0705d453
:10cf980004f10800bde8104011f000bc0c484ff641
:10cfa800ff710ef0d7f994f86e306ff3410384f8ef
:10cfb8006e3004f10800bde8104011f0efbb03f635
:10cfc80098400df00dfecee700c6002098d2002054
:04cfd800e4cf002082
:020000040000fa
:020000040102f7
:10cfdc0003685b7ac3b32de9f00fc36d93f804803b
:10cfec00de7993f803a046ea086693f8058046ead2
:10cffc00084293f8068042ea082693f80280d0e9aa
:10d00c0022234aea0827bb4208bfb24218d3941b1a
:10d01c0063eb0705002d08bf402c17d2d0e9243153
:10d02c00c4f1200223fa04f001fa02f2203c10436e
:10d03c0021fa04f4204340f30000bde8f00f7047e0
:10d04c000020bde8f00f7047184670474ff0ff30d6
:04d05c00f3e700bf37
:020000040000fa
:020000040102f7
:10d060002de9f04790f8643004460546c3f101030a
:10d070001a4815f8047bd4f8688050f823a086b0cd
:10d0800004f19c038e1804f12009009305ab8c4633
:10d0900002930396cdf804a02946384642464b46f3
:10d0a000cdf814c0f1f7c4fe10b106b0bde8f087aa
:10d0b00005abb434cde901a3009403964b46424638
:10d0c00029463846f1f7b4fe0028eed1059a044b04
:10d0d000964218bf184606b0bde8f087982e0401a6
:04d0e00080b0ffff1e
:020000040000fa
:020000040102f7
:10d0e4002de9f04107680646384611f001ff80b388
:10d0f4000d460968531a012b29dd31f8024b2960ca
:10d1040064baa4b21cb3521a944220dcd7f8348017
:10d11400b8f1000f0bd00a46b86b23463146c0471e
:10d1240070b92b681c442c600020bde8f0817b6f33
:10d13400a34205d1386f224608f098fd0028f0d0ac
:10d144003046732202210bf0b1fe0348ede7034899
:10d15400ebe70348e9e700bf8093ffff008dffff83
:04d16400008affff3f
:020000040000fa
:020000040102f7
:10d168004145532d3235362d43434d2a2d4e4f2df3
:10d17800544147004145532d3139322d43434d2aff
:10d188002d4e4f2d544147004145532d3132382df6
:10d1980043434d2a2d4e4f2d544147004145532db1
:10d1a8003235362d43434d004145532d3139322d0b
:10d1b80043434d004145532d3132382d43434d00f3
:10d1c8004145532d3235362d454342004145532db7
:10d1d8003139322d454342004145532d3132382de6
:04d1e8004543420079
:020000040000fa
:020000040102f7
:10d1ec002de9f0431c4deb6aaf6a59b3bb4208bf43
:10d1fc00002128d0194edff868c0002400f1ff3e52
:10d20c000be0f35c0ef804302b6b984534bf4346af
:10d21c0000238c4216d0bb4219d0dcf8042002f05b
:10d22c000702012a04f1010403f10108e9d1821e6d
:10d23c0016f8139002f814905b000133f35c0ef8af
:10d24c001430e1e71f46ef620846bde8f083214643
:10d25c00ef620846bde8f08320fd00203cfb002077
:04d26c00000c004072
:020000040000fa
:020000040102f7
:10d2700008b51c4b186b10f4806022d01a4b1b4a67
:10d28000052119705168490712d504221a70174bed
:10d29000144900224ff0ff3048631a601a605a6048
:10d2a0005a6011f055f8124a01231060184608bd63
:10d2b0005168c8050cd4516809070cd502221a70b0
:10d2c000e5e70b4b084a186003461070184608bd86
:10d2d00001221a70dbe75268d20644bf03221a709b
:10d2e000d5e700bf000a0044eb0001200010014216
:04d2f00038000120e1
:020000040000fa
:020000040102f7
:10d2f40038b507220023802115200ef05cfe184b60
:10d304000c221a70174b4ff08042c3f88020bff3f1
:10d314004f8fbff36f8f202183f81e13c3f8802132
:10d324001a60114c002516202570e5f725f82846cb
:10d3340015f0c4fea1790d4b022903d00c4a1078d4
:10d34400022806d1ff221a701878bde8384009f087
:10d3540025ba0129f6d01278012af5d1f2e700bfe7
:10d364000e00014100e100e064110020f200012000
:04d374006111002023
:020000040000fa
:020000040102f7
:10d37800f0b51f4c2568a446002d36d0002229465a
:10d3880016461346d1f800e00f6986450ad132b136
:10d39800176101f110031846f0bd3946f2e7ccf8e1
:10d3a8000070f6e705d9ebb11c68a6453cbf1646e8
:10d3b8000b460a46002ff0d1002becd019461f6906
:10d3c80051f8102b121a102a05d918600844103a7f
:10d3d8000761026007469d420cbfccf800703761b8
:10d3e8000b46d8e716460b46e3e72b46d3e700bfc4
:04d3f800cc00012044
:020000040000fa
:020000040102f7
:10d3fc002de9ff471d460c9b13f0010906468a4692
:10d40c00144601d195420bd822465146304611f0b4
:10d41c00b1f8a54204d82546284604b0bde8f087eb
:10d42c002f1b102f3a464ff0200128bf10226846c0
:10d43c00b84614f09dfd00bfb8f10f0f11d83b0991
:10d44c006ff00f0202fb03726946304611f092f83e
:10d45c00b9f1000fe0d122465146304611f08af85e
:10d46c00dae710226946304611f084f8a8f110086a
:04d47c00e2e700bf24
:020000040000fa
:020000040102f7
:10d4800030b44489a14233d215880d44a542a4bfcb
:10d49000641a1480c4899860214489b24f291ed926
:10d4a00000689860503989b228b927e00068986010
:10d4b0007c3989b210b37b29f8d80430c1f17c04df
:10d4c0000144a0b219609880118881423bbf9980c5
:10d4d00013880b1a5b1a9bb2138030bc704700f1a3
:10d4e0003004c1f1500080b2214419609880ebe70c
:10d4f000002199801388138030bc7047fee700bf7d
:020000040000fa
:020000040102f7
:10d500000378c3f380028a422ad030b561f38203e4
:10d5100083b00446037061b9dbb2c3f3c00104f108
:10d520002c0012f0f1fe204603b0bde8304007f0b9
:10d5300037b943885d0614d44378062befd100f148
:10d54000c4052846019114f081f90023637004f1a9
:10d55000bc0011f027f9019923785a07ddd5dee7e1
:10d56000704700f1c4052846019114f06ff96388f3
:10d570006278019923f04003062a6380ecd1e0e74a
:020000040000fa
:020000040102f7
:10d5800090f8b23003f00f03032b01d00020704756
:10d5900010b50379032b82b004461cd0042b17d19d
:10d5a000c37a8df807300df107010ff06bf878b1f1
:10d5b0006378022b16d0012002b010bd9df8073011
:10d5c000002bf5d104f1940014f04efa0328efd0ab
:10d5d000002002b010bd0df1070108f0a1f80028ed
:10d5e000ecd0fee7a379052b4ff00100f1d800fa4b
:10d5f00003f313f03b0fecd02078c0f3c000e8e752
:020000040000fa
:020000040102f7
:10d60000f0b501f1310424f0010483b06378022bfa
:10d6100001d003b0f0bd0d46064601a928461746c5
:10d620000df0eafe0028f4d10df102020121284696
:10d6300011f05ef80028ecd1019b33613b46bdf848
:10d6400002e053f8100f59689a68db68b446ace8fa
:10d650000f00a6f814e006f118004ff47a710ff0ed
:10d6600043fc237813f0300fd3d13b78ff2bd0d07d
:10d670003a462946014810f07ff9cae7d8c700208a
:020000040000fa
:020000040102f7
:10d680002de9f041054682b00f4690461e46002423
:10d690002246394628460bf08bfb02210446b0b1e6
:10d6a00006f0aafa334642460028f1d0a17828466f
:10d6b000faf7bcfd3346104a214620b12846fff751
:10d6c00009fc0028e4d1002002b0bde8f081394611
:10d6d0000df1070209480df0bffa18b1042002b09d
:10d6e000bde8f0813346424628469df80710faf718
:10d6f0009dfd02b0bde8f081d129040160c9002080
:020000040000fa
:020000040102f7
:10d70000f8b58f009f42054610462ed31bd923f053
:10d71000030103f003026958d20021fa02f212f069
:10d72000ff0f2ad1194605e0ae5826fa04f414f08a
:10d73000ff0f22d1013101f003048f4221f00302d7
:10d740004feac404f0d173b1034419465a1a22f0c7
:10d75000030402f003022c59d20024fa02f201f869
:10d76000012d8142f2d10020f8bdda1b841800217e
:10d7700014f004fc20463b46e5e76ff00700f8bdd7
:020000040000fa
:020000040102f7
:10d780001f2af0b44fea521702f01f051cd98f422e
:10d7900034d2ca1b02f18042013a00eb820200eb54
:10d7a000810400e01a461346824253f8046944f8a3
:10d7b000046df7d13b463bb100eb8303002200bf71
:10d7c00043f8042d9842fbd1b5b18f4214d207f132
:10d7d0008047031f013f00eb870003eb8101c5f188
:10d7e0002006002450f8042f02fa05f32343814257
:10d7f000036022fa06f4f5d1f0bc70470b46dae775
:020000040000fa
:020000040102f7
:10d800002de9f0438778012f85b034d1046c90f86e
:10d81000008084b300f16c091d46144600230d9a64
:10d8200000920e46071d01460193384664314a4670
:10d830000c9b0ef0edf810b105b0bde8f0832b465f
:10d84000224602a938460ff00ffe0028f4d1029ab2
:10d85000ad1a1444494642463846cde9004503ab6b
:10d860000ef024f90028e7d1dde9023213443360d9
:10d8700005b0bde8f0830148dee700bf80b0ffffe0
:020000040000fa
:020000040102f7
:10d88000f8b5cf8842f210739f4235d8c3889f42c3
:10d89000054614460e4628d863421c43e417b6f9e1
:10d8a0000430b5f904100133013122461340d2434c
:10d8b0000a401a43013aaa8023463a46316828684a
:10d8c00015f0b0f8f388ea8893426fea04010ad2af
:10d8d000286800eb830300eb82001a680a4043f8d3
:10d8e000042b9842f9d10020f8bd39460df05cfabe
:10d8f0000028f9d1f788cfe76ff00f00f8bd00bf1f
:020000040000fa
:020000040102f7
:10d90000f0b5436fdc0683b036d4446a0cb11b0714
:10d910002fd5036a53bb036b53b10024264600bfc7
:10d92000c4f10f0501340544e4b29c422e74f7d3d0
:10d9300016460d4600900346102200210446f9f7d2
:10d9400073ff074678b925b132462846214613f0c1
:10d9500003f90023636723606360a360e3602361ce
:10d960006361a361e361384603b0f0bdc46aa342ba
:10d97000d1d06ff00c07f6e76ff06d07f3e700bf4b
:020000040000fa
:020000040102f7
:10d980002de9f041194c237880460e46174603f0e6
:10d99000ff054bbb13f0b6f80f2801d110f0b4fd12
:10d9a000134b1449c3f800800022d8f80430627782
:10d9b0000b601b78013bdbb2e3700fb90e4a127f9c
:10d9c0000e49012e0a700bd1122b8cbf40f257204a
:10d9d00097200df071fb00f013f82846bde8f081a8
:10d9e000f9d912f07dfaf8e78625f6e764110020f0
:10d9f000881100205011002092110020f800012011
:020000040000fa
:020000040102f7
:10da000070b5194c194d012608202670e4f7b6fcb4
:10da10002868174b42781b78a6771a4214bf334602
:10da20000023237701780139c9b2eef7e1fb2b68b7
:10da3000104a1b78b3402433dbb282f847300e4bd8
:10da400099788b1b5942594100220920e8f7ecfada
:10da500040b115f03df900f01f00092802bf074b47
:10da600002221a7070bd00bf641100205011002006
:10da7000a3010120000001418c110020020001419e
:020000040000fa
:020000040102f7
:10da800070b588b000231b4c0193054604e000bf2d
:10da90009df81a305b0719d402aa01a9204612f09a
:10daa00001fe0028f4d02b7f0bb908b070bd05f142
:10dab0000c020023eb60012553609360d360137464
:10dac00029460d48f7f78eff08b070bd05f10c042c
:10dad000214602a810f030f908b10325f0e702aea4
:10dae0000fce2d7f36680fc4002d18bf022526707b
:0cdaf000e6e700bfa0d60020e0de00202a
:020000040000fa
:020000040102f7
:10dafc002de9f0419368064617460d4698473a467d
:10db0c000446294630460cf0adfdd6f800e0bef1d7
:10db1c00000f21d0d5f804c0aceb0400c00f724646
:10db2c004ff0000803e0936890468bb11a46536897
:10db3c00191bb0ebd17f06bfaceb0303db0f034625
:10db4c00002bf0d0b8f1000f06d0d8f808304246c0
:10db5c00ab609560bde8f081c5f808e039463560ea
:0cdb6c003046bde8f0410df08bbb00bf5f
:020000040000fa
:020000040102f7
:10db7800f8b5044604f1100718300e4604f10805fc
:10db880013f060fe384614f059fe284614f056fe8d
:10db980096f8fe3003b9f8bd6378217843f00103a5
:10dba80063702a4630460ff061fa18b995e8030009
:10dbb80087e80300237833b14ff000510a48bde8e5
:10dbc800f84013f0efbd304602f0f8fe10b93046c9
:10dbd800f5f780f823784ff08051002becd10248fc
:0cdbe800bde8f84013f0debd28c60020a8
:020000040000fa
:020000040102f7
:10dbf40070b592f82530c3f3800384b05bb1c66876
:10dc04007eb3036900930846138c518c1032b047dd
:10dc1400002004b070bd14464a89208c668cadf88f
:10dc24000e300d4602f1080340ba08225bba76baf8
:10dc3400adf808000deb02012846adf80c30adf844
:10dc44000a60fef721f90028e3d10146284614f0c2
:10dc540031fd2246294611230348ecf78bfa04b020
:0cdc640070bd0420d5e700bf5cc60020a6
:020000040000fa
:020000040102f7
:10dc70002de9f04188b0054688461646282405afb0
:10dc8000b8f1000f28d12b8a6a8aadf812300a2128
:10dc90000523039101930297009600230df11201d1
:10dca000a868fff70ff8172803460df1120118d0e6
:10dcb00070b9a868bdf812203281c6e900300df0b5
:10dcc0001dfc013c0346a4b210b9002cd8d1062398
:10dcd000184608b0bde8f081ab8aea8aadf8123088
:0cdce000d5e70023184608b0bde8f0812d
:020000040000fa
:020000040102f7
:10dcec00f0b5002495b040230d460746164608466d
:10dcfc0004aa2146cde90144039413f043f89df89e
:10dd0c0010301bb99df83a40012c03d00124204659
:10dd1c0015b0f0bd01aa0c23b189304613f032f8ce
:10dd2c000028f3d19df8073013f00f0310d0032b0c
:10dd3c00edd00126002404aa2946384633468df836
:10dd4c001060adf812408df84040ebf7a1fcdee717
:0cdd5c00bdf80a30002becd0d8e700bf67
:020000040000fa
:020000040102f7
:10dd68002de9f0418cb01446844688461f4602f1de
:10dd7800200e02ae20686168a268e36835460fc5c8
:10dd8800103474452e46f5d12068bcf8042028606c
:10dd9800a188531cacf8043054bab1807fba00256e
:10dda80080230822694640460095adf80470adf816
:10ddb80006408df80030fef765f848b90146404640
:10ddc80014f076fc02aa41463a230348ecf7d0f94e
:0cddd8000cb0bde8f08100bf5cc600206c
:020000040000fa
:020000040102f7
:10dde40070b50c79c4f3400490b01cb101242046f2
:10ddf40010b070bd054601a805f0b8f90028f6d1a9
:10de040007a80ef04dfb06460028f0d0124b93f8fd
:10de1400093d002bead001a813f05cf99df80a3003
:10de2400062b05d0112be2d144f64c539842ddd099
:10de3400297905eb41018d42d9d02b88834218bf43
:10de4400ab1c07d099421a4603f10203cfd01288c3
:0cde54008242f7d13446cae700c6002025
:020000040000fa
:020000040102f7
:10de60000b6a4a6a70b4c6691b4c056a33f00043fa
:10de700008bf3346002a08bf2a46a34228bf2346cc
:10de8000a24210d89a4238bf1a46cc7d062c07d839
:10de90000121a14011f04f0407d111f0300112d13e
:10dea000002070bc70472246efe7416941b98169a3
:10deb00009b19142f4d1c0e9053270bc012070472c
:10dec0009942edd1f3e783691bb1934201d020461b
:0cded000e7e782610120e4e79ac420002b
:020000040000fa
:020000040102f7
:10dedc00f0b587b00d461f46064608460df1060103
:10deec00adf806200df004fbbdf806403b890a3462
:10defc00a4b25bba9bb22946224603a8adf80640f1
:10df0c00fef71cff20b1172808bf002007b0f0bd9a
:10df1c00049bbdf80e200b491bba52ba8b4292b22d
:10df2c000cd9094b7361042a04d0059b054a1bba12
:10df3c00934200d9044bb36107b0f0bd042a73615e
:0cdf4c00f3d1f8e799c420009ac420002b
:020000040000fa
:020000040102f7
:10df58002de9f04387b0074688461b48bdf83c903a
:10df6800062114461e4614f0a9fb18b3054606f010
:10df78005bff6168a268e3688df814800644206836
:10df8800009601ac0fc41822694628460ef092ff8d
:10df980098b90e9b2bb14a460e9928460ef08aff77
:10dfa80058b90099381d10f065fc294638460122f9
:10dfb80009f040fd07b0bde8f083284613f010fcd7
:0cdfc80007b0bde8f08300bf56c6002083
:020000040000fa
:020000040102f7
:10dfd400f8b590f834009df8186080071ad51746f4
:10dfe4000c4601221946174815f0c4f8054688b1b5
:10dff40023681b889b0601d42846f8bd204614f0ec
:10e00400bff850b1002e0cbf04220f2247b9ef779e
:10e014002846f8bd00252846f8bd0422002ff6d076
:10e024000e2fe9d1eb7fa98b0133dbb2c1f30801d9
:10e03400eb770029e0d19a42ded8034807f096fb3b
:0ce04400dae700bf80d3002008d30020e2
:020000040000fa
:020000040102f7
:10e050002de9f04182b005466846884617461e46bf
:10e0600014f034fddde90923684610210cf0b8fef8
:10e07000044630b1684611f0d3fd204602b0bde839
:10e08000f081089a69466846edf7fafb04460028d5
:10e09000f0d132466946684614f03eff0446002837
:10e0a000e8d139466a462846edf7eafb04460028df
:10e0b000e0d1ab88089a13fb08f8a5f8048029463c
:0ce0c0002846fcf7b9fa0446d4e700bf7c
:020000040000fa
:020000040102f7
:10e0cc001b4b1c4a1a604ff440314ff6a0029a8148
:10e0dc001a465960d369002bfcd11368144943f0dc
:10e0ec0002031360cb69002bfcd1134a13629362b9
:10e0fc00d36282f8343082f83c309363d387136058
:10e10c009360d3601375137793614b6803f0070327
:10e11c00012b19bf80214ff4806340214ff4007311
:10e12c0011631361024b8021042299759a75704713
:0ce13c00000c00400401124020fd0020f7
:020000040000fa
:020000040102f7
:10e148002de9f041056807467db36b68184a1c78cd
:10e15800184e92f81d80f4700134317e1c44b8f1d9
:10e16800000f0bd0707e6170317e0cf0f9fe2070cc
:10e178002f602846bde8f041f2f7beb96170707ea5
:10e188000cf0eefe2070337f2f604bb196f82030f4
:10e1980033b1094b40461d60bde8f04111f028bf7e
:10e1a8002846bde8f041f2f7a7b9bde8f08100bf05
:0ce1b8009211002064110020b41100201e
:020000040000fa
:020000040102f7
:10e1c400842910b523d00cdc812903d0822913d0f3
:10e1d40080290bd119680c1d1c600b6803601a6040
:10e1e40013e0902921d003dc882917d0002010bd2a
:10e1f400a029efd0c029ece719680c1d1c600b683e
:10e204000360d1171046c3e900010120efe7196844
:10e214000c1d1c600b6803601a80f6e719680c1d5e
:10e224001c600b6803601a70efe719680c1d1c6012
:0ce2340009680160d317c1e90023e6e788
:020000040000fa
:020000040102f7
:10e240002de9f041437a2bb3154688460746066808
:10e2500022b3feb1344603e063682646d3b11c46c0
:10e26000d5e90031206898470028f5d0b8f1000fb3
:10e270001cd13a686368a2421ad073607b7a304638
:10e2800026467968013bb14208bf78607b7212b9bb
:10e290007a6000e000263046bde8f081002ef9d01b
:10e2a0000029f8d1304672683a60eae72646f2e77c
:08e2b00030467b7a2646f6e7b2
:020000040000fa
:020000040102f7
:10e2b8002de9f041884659781d46174606460af06a
:10e2c80053fa044628b38022002113f053fe29781c
:10e2d80062792379666261f3410368f347126271d8
:10e2e8002371a288e78122f4c45242f40862a28012
:10e2f8006978204607f008f8014668b1e36903b178
:10e30800fee7256a002dfbd12146304611f074f84e
:10e318002c462046bde8f08120460ff0a1fb0028de
:08e32800ecd12046bde8f081b4
:020000040000fa
:020000040102f7
:10e3300030b50b4683b004460df1070118460ef0c8
:10e340002bfe9df80730042b10d0072b17d1d4f8e3
:10e350002c3125780133c4f82c31eb0702d5c5f3f5
:10e360000015adb90125284603b030bdd4f82431dd
:10e37000002501332846c4f8243103b030bdd4f859
:10e380003031002501332846c4f8303103b030bda8
:10e390006388627843f008036380002ae2d104f1c5
:08e3a000bc0010f0fff9dee7fc
:020000040000fa
:020000040102f7
:10e3a800f0b51b4d95f80b3d1b0783b0044619d4f7
:10e3b8000df09cfff0b1627e668bbab1154f0097e5
:10e3c800b5f8643d314604f12c00fef76ffb78b1d7
:10e3d80095f8093d022b0fd0204603b0bde8f04068
:10e3e80006f0dab90026627e002ae7d1e27ae5e78c
:10e3f80003b0f0bd0646f6e7a7f1600013f0c6fecd
:10e40800002ee9d0a7f1400014f002fde4e700bfb8
:08e4180000c6002048d30020db
:020000040000fa
:020000040102f7
:10e42000f8b505460e4615f8101b0446174630464b
:10e430002a460ef01ffe08b9237803b3284604f1dc
:10e440000801f1f7d9f8002800dc7fb131462046f9
:10e45000fef7b4fb23780f48002b0cbf4ff0805120
:10e460004ff0005113f0a2f90020f8bd0028f1d0c0
:10e4700041f2883104f118000ef036fdeae730462b
:10e4800002f0a0fa0028f0d13046f4f727fc00286b
:08e49000d4d0f8bd28c600201d
:020000040000fa
:020000040102f7
:10e49800f0b50e46016885b0044669b100f118056b
:10e4a80028462269eff77efa08b105b0f0bd0246aa
:10e4b8002946304614f074fd616801b3a06800284d
:10e4c800f3d004f5d6752846e268eff76bfa002812
:10e4d800ebd10c4a02900090019204f55077034664
:10e4e8006269a1683846edf7d5fd0028ddd13a46c6
:10e4f8002946304605b0bde8f04006f041bc084664
:08e5080005b0f0bd052104017e
:020000040000fa
:020000040102f7
:10e510002de9f0410d4682b004469046898928468f
:10e520006a46082312f034fc074618b1384602b098
:10e53000bde8f0813a22414628460cf0f9ff074633
:10e540000028f3d19df80030802b13d008212846f5
:10e5500012f012fc2468002ce8d0d4e900606b466d
:10e5600042462946b047a468002cf6d1384602b08e
:10e57000bde8f081424629462046f7f7d3f9002846
:08e58000e4d00746d2e700bf1a
:020000040000fa
:020000040102f7
:10e588002de9f041d0f80480b8f1000f2ad00d46eb
:10e5980007464446002603e02369264613b31c4673
:10e5a80010222946204612f0c5fa0028f4d107f1b6
:10e5b80078039c4213d307f1a8039c420fd2a6b15b
:10e5c80033690bb11b6933614ff40051094813f0eb
:10e5d800e9f87b6f236100207c67bde8f081252086
:10e5e800bde8f0811720bde8f081d8f810307b60d5
:08e5f800eae700bf28c600207d
:020000040000fa
:020000040102f7
:10e6000030b587b093798df804304030002314463c
:10e610000d46083202a98df8053006f093f902a8dc
:10e6200013f008fe811c89b204a80cf04dff40b91c
:10e6300004a813f0fffd04a902462846fdf726fcb6
:10e6400040b902a813f0f6fd02a902462846fdf7dc
:10e650001dfc08b107b030bd2846022201a9fdf714
:10e6600015fc0028f6d1a388a0715bba08335bba09
:08e67000a38007b030bd00bf1c
:020000040000fa
:020000040102f7
:10e67800d0f8fc301bb193f82230022b2dd070b5a6
:10e68800044600f13c0682b0304613f0dbf894f8fb
:10e698008e30012b04f16c0508d004f1fc022435fe
:10e6a80095421cd095f82230012bf8d1032104f1b2
:10e6b800640012f0d5fb4ff6ff73c4f8fc504ff41a
:10e6c8007a7200930021074b30460df037fd304633
:10e6d80011f044fd012002b070bd002070470020f9
:08e6e80002b070bdc0d40100b6
:020000040000fa
:020000040102f7
:10e6f000037870b504460d4633b925b994f8a030b7
:10e700000bb184f8a05070bd437816496ff34513e0
:10e71000437016460022faf7a7fb04f12c000ff015
:10e72000f7fa63786288a28023f01f03637016b93a
:10e730004ff4e163a36023782bb12046002300f857
:10e74000803b13f083f80020012d84f8a200d4d17f
:10e75000d4f89830002bd6d0d4f89c10bde8704087
:08e76000184700bfd0fd0201c3
:020000040000fa
:020000040102f7
:10e7680070b51b4bd3f82c4184b00546f4b100f5c5
:10e77800e47601e06469ccb1204613f00df9002875
:10e78800f8d12146284610f001fa0028f2d1214696
:10e79800284610f00dfa102231460028ead120460a
:10e7a80012f0c8f90028e5d0012004e0ea7812f058
:10e7b800080202d0002004b070bd064901a812f07a
:10e7c8006ffc0198003018bf012004b070bd00bf75
:08e7d80000c600202cc7002040
:020000040000fa
:020000040102f7
:10e7e00038b50246054600241a492c614ff01c70ca
:10e7f00068646c61ac61ec612c626c62ac62ec626e
:10e800002c63c5e90e442c64a5f8484042f84c1f1f
:10e8100005f17c006a65ac66ec662c676c67ac67da
:10e8200012f0d2fc95f8803064f3000385f8803054
:10e8300014f06efc2846102112f016fb05f134008e
:10e84000ac652146ec652c666c6614f067fc2846c6
:08e8500038bd00bfad29040131
:020000040000fa
:020000040102f7
:10e8580038b503698b422ad0d40702d5b0f84830be
:10e8680023bb044601611546fdf798f804f134000e
:10e87800002114f04ffc0022114610480af042ff14
:10e888000023a363a4f8443004f14c000c490ef0b3
:10e8980027fbab0744bfb4f84630a4f848304ff420
:10e8a80080710848bde8384012f07cbf38bd4ff48d
:10e8b80080710448bde8384012f036ba10d0002004
:08e8c80080ee360028c6002096
:020000040000fa
:020000040102f7
:10e8d00090f8a83003b9704710b5044613480ff0fc
:10e8e0007bfa134805f05cf9124811f0e7fb124877
:10e8f0000df0f8fb11480ff023fb20460ef054fcfe
:10e9000020460ef03bfc204608f096fb204607f020
:10e910000dfd002384f8a830094805f0f9fa4ff0fe
:10e9200080710848bde8104012f040bff4c90020d3
:10e930007cce002080d80020d8c7002008d300203b
:08e9400098d2002028c6002037
:020000040000fa
:020000040102f7
:10e94800a8b303689bb343681b2b70b50e461546e6
:10e95800044602d00bf0c2fbc0b92046f8f75af8bb
:10e96800002813db854204d923685b79012b1cd06e
:10e978000546d4f8d03053b91723c4e932356db9f8
:10e9880020460121e9f7d0fb00b9284670bd204692
:10e9980003f00cfb0028f9d12846f7e731462a4650
:10e9a800d4f8c40012f0d4f8eae7024870bd014870
:08e9b800704700bf008fffff54
:020000040000fa
:020000040102f7
:10e9c0002d2d2d2d2d454e44204543205052495686
:10e9d000415445204b45592d2d2d2d2d0000000073
:10e9e0002d2d2d2d2d424547494e20454320505277
:10e9f0004956415445204b45592d2d2d2d2d0000b4
:10ea00002d2d2d2d2d454e44205052495641544513
:10ea1000204b45592d2d2d2d2d0000002d2d2d2d58
:10ea20002d424547494e2050524956415445204bae
:08ea300045592d2d2d2d2d005f
:020000040000fa
:020000040102f7
:10ea380042f21073994234d8c2888a4227d9531ea9
:10ea480070b50c4605460ad0006850f8231021b16d
:10ea580022e050f8221019b913465a1ef9d10123a1
:10ea68009c4238bf1c462046042113f0ddff0646b1
:10ea7800a0b1296839b1a20012f06af8e9882868bb
:10ea8800890010f0e9ffec802e60002070bd01d3f2
:10ea9800002070470cf084b91346e1e76ff00f00cf
:08eaa80070bd6ff00f00704714
:020000040000fa
:020000040102f7
:10eab00038b500210446002513f04cfc204601f037
:10eac000f7fa294640f2b1322567c4f89c50c4e9f0
:10ead0001d55c4f89850c4f8a050e563c4f884509c
:10eae000a4f88050e567a06d13f048fa294640f27b
:10eaf000b13284f8a450c4e93255c4f8d050d4f8e7
:10eb0000b00013f03bfa2046c4f8d450c4f8d850f3
:10eb1000256413f027fc606c28b110f037f9606ca5
:08eb200013f08cff656438bda1
:020000040000fa
:020000040102f7
:10eb280070b51646026c856b04462ab9066801352d
:10eb380046b30020a56370bd86b9406812f008f896
:10eb48006368216ca2680b44934205f10105636078
:10eb5800efd3236863603046a56370bdc06811f0c9
:10eb6800f7ff226ce3682168524213448b42e3604a
:10eb780002d2a3681a44e260022e08d001350020b0
:10eb8800a56370bd8068fdf7f3f8a660d2e7002d95
:08eb9800cfd101250020cde7db
:020000040000fa
:020000040102f7
:10eba00030b587b00024154a0192154d00942346d4
:10ebb00014488df80c404ff4807202a90295f8f7c2
:10ebc000c5fbb8b1edf7befb0bf0b8fb012811d1c6
:10ebd0004ff0200383f31188bff36f8fbff34f8f84
:10ebe00009490a4a0a4b4ff0ff350d6010601c605e
:10ebf00002f0eefe074b1b6807b030bd8400012019
:10ec000049444c45415f03018800012094000120e4
:08ec100098000120840101209d
:020000040000fa
:020000040102f7
:10ec180000b5134883b00df0b9ff124b124a1868bb
:10ec28001249002314f064f8b0b9114b0093002383
:10ec38001a4696210f4808f07ffd0f4b0f4a1860bf
:10ec48000023009296211a460a4808f075fd0c4bdd
:10ec5800186003b05df804fb0a480df097ffe4e77d
:10ec680078a3030108080020017402010c11002098
:10ec7800412c0401a8a30301a80001204d2c040184
:08ec8800a40001208ca303018c
:020000040000fa
:020000040102f7
:10ec900073b5184d184c2b6843f010032b60237884
:10eca000164b4ff08042c3f88020bff34f8fbff365
:10ecb0006f8f202183f81e13c3f880211a6013f090
:10ecc0009ff8064614f098f92b680193019b0c4ab3
:10ecd00023f001030193019b2b601379002bfcd0df
:10ece000304613f097f82378064b0c221a7002b0c6
:10ecf00070bd00bf004001410f00014100e100e094
:08ed0000641100200e00014126
:020000040000fa
:020000040102f7
:10ed08002de9f84f04460c9f6668d4f80cb02469c6
:10ed180010463a68013c002502f0020a0b9a0bf8eb
:10ed28000450002e1946b8bf0126012390464fea29
:10ed3800e279002c03dcd3b12046bde8f88f50ea15
:10ed4800010209d1721b002a06dc0a9a521b002a0a
:10ed5800f1ddbaf1000feed042464b460df046ff0a
:10ed6800013c134630320bf804200135e1e73b68db
:08ed780023f010033b60dfe70c
:020000040000fa
:020000040102f7
:10ed8000f0b500f1310626f0010685b0b3898b425b
:10ed90002dd80f46c91a14460df1090389b201aaec
:10eda000054601930cf0d6f92146030101aa284635
:10edb0008df808300cf0cef9019ab5f80ac09df82c
:10edc000083002a9521a14fa82f464441843b4f5c4
:10edd000007f8df8080007d292b228460ef06ef838
:10ede00000b9b78105b0f0bd032005b0f0bd072024
:04edf00005b0f0bdbd
:020000040000fa
:020000040102f7
:10edf40070b5194d044628460e4614f0fdf92080de
:10ee0400284614f0eff83146a06104f11c0014f018
:10ee140085f922460023114da362c4e90833e36255
:10ee240023636363a363e36323646364a364e364aa
:10ee34002365636542f8605f23460949a26643f887
:10ee4400801f4ff0ff322046c4f88830a4f87c209d
:10ee540003f000fb204670bd00c6002055270401c6
:04ee64009d270401e1
:020000040000fa
:020000040102f7
:10ee680083691a681288110702d51a7fd20600d55d
:10ee7800704730b583b004460df10701184610f00d
:10ee88001bfbb0b9a069037fd90714d523889a065c
:10ee98000fd49df80730082b0bd1a36904f1380271
:10eea8009a60a069037fdb070ad504f10a01f1f72c
:10eeb800a9fb03b030bd94f85c100bf045fce5e706
:10eec800a56d29460ff0e8fc2046294611f0e0ff21
:04eed800a069eae75c
:020000040000fa
:020000040102f7
:10eedc0070b588b00c88adf818300d460021adf82f
:10eeec001c3000900492adf80840adf80c40adf821
:10eefc000a10adf81a1001266846fcf78df8044686
:10ef0c0040b1172803d19eb9bdf80a302b8020469a
:10ef1c0008b070bd002eefd004a8fcf77df8264693
:10ef2c000028e9d104a968460ef0e0f80646e3e7ac
:10ef3c0004a8fcf771f8bdf80a302b80172808bf1d
:04ef4c000024e4e7d2
:020000040000fa
:020000040102f7
:10ef50002de9f041d0f80080b8f1000f2ad00d461d
:10ef600007464446002603e06369264613b31c4661
:10ef700010222946204611f0e1fd0028f4d107f1c6
:10ef800014039c4213d307f174039c420fd2a6b121
:10ef900073690bb15b697361384622460021faf749
:10efa000adfc3b69636100203c61bde8f081252038
:10efb000bde8f0811720bde8f081d8f814303b603f
:04efc000eae700bfbd
:020000040000fa
:020000040102f7
:10efc40038b5838a03b9fee7d0f8fc306bb393f805
:10efd4002220022a04460ed0032a12d0012a00d08d
:10efe40038bd05f023ffd4f8fc30a066022283f874
:10eff4002220d4f8fc30198c2046bde83840f5f7bf
:10f0040033bb0023c0f8fc30fff734fb0028e7d102
:10f0140004f13c05284612f017fc201d0ef076fe84
:10f024002846bde8384012f00fbc3c30bde83840fb
:04f0340012f00abc10
:020000040000fa
:020000040102f7
:10f03800036a0bb371b110b50131044601221846b9
:10f048000df038ff38bb637f0133dbb2ff2b6377ea
:10f0580018d010bd4169027f4b1e0b40436123b994
:10f06800013ad2b203690277436100f1240322b165
:10f07800018b18460df034bf704718464ff4fa71eb
:10f088000df02ebf20774ff4fa7104f12400bde88b
:10f0980010400df025bf206a08b112f0a1fb002333
:04f0a800236210bd12
:020000040000fa
:020000040102f7
:10f0ac00f0b50e1ec3b00cbf18251925044601a8d7
:10f0bc00174612f03dfc294620466a4611f030f8fe
:10f0cc0008b143b0f0bd6a46214601a80bf0aafb7b
:10f0dc000028f6d101a801f06ffc0028f1d13a46c6
:10f0ec00314601a813f068f80028ead13eb1012e90
:10f0fc00e7d1024601a90548fff78cf9e1e7024682
:10f10c0001a90348fff786f9dbe700bff4ce002026
:04f11c00c8ce002039
:020000040000fa
:020000040102f7
:10f120002de9f041837984b06ff3000383710f46ba
:10f13000904601a80322164911f0b6ff019c34b98c
:10f1400011e0216901a80df0ddf9019c5cb1237d7e
:10f15000012bf6d127b998f8f00038b92075f0e7ff
:10f1600002202075ede704b0bde8f08108eb001641
:10f17000b045f5d0454601e0ae42f1d02846102218
:10f18000214611f0dbfc10350028f5d12075d8e7b9
:04f190002cc7002068
:020000040000fa
:020000040102f7
:10f194002de9f043adf5137d0023044689469046de
:10f1a400009305af0bae11ad4ff0000c01ab42461e
:10f1b40069464846cde90176cde9035ce4f7f6fdfe
:10f1c400d8b9019b2046194613b108f033fe78b133
:10f1d400029b2046194613b108f04efe40b1039b32
:10f1e40020461946002bdfd009f080fd0028dbd132
:10f1f40000200df5137dbde8f08301200df5137d8e
:04f20400bde8f083ee
:020000040000fa
:020000040102f7
:10f208002de9f041064682b019480f4611f0b4ffc7
:10f21800054640bb804642463946304609f0c4fda3
:10f22800804600b3c3784278073300ebd303023239
:10f2380004330244cde90032022168460cf0f6f9a5
:10f248000028e8d04478831c043c1c19f4d2828836
:10f2580052bad10506d40433a342edd8598849ba25
:10f26800ca05f8d50125284602b0bde8f08100bfdf
:04f2780008d3002097
:020000040000fa
:020000040102f7
:10f27c004b1e25d4024650f8230018bb01f18041e7
:10f28c00013910b402eb810103e051f8042d32b9bd
:10f29c0023465c1e002bf8d15df8044b70471946d1
:10f2ac0000204ff0004302e00130202803d01a4226
:10f2bc004fea5303f8d0c0eb41105df8044b704794
:10f2cc000020704702464ff00043002002e001305e
:10f2dc00202803d01a424fea5303f8d0c0eb411058
:04f2ec00704700bfa8
:020000040000fa
:020000040102f7
:10f2f000f0b505460e46d0e9000183b06c4684e8bf
:10f300000300204613f024fc0238022895e803008d
:10f3100098bf019f84e80300204688bf002713f0b0
:10f3200017fc0238022818d8019b1b786bb195e8ae
:10f33000030084e80300204613f00afc0238022888
:10f340000bd8019b1b78b34205d131463846fcf7f8
:10f3500019f803b0f0bd0248fbe700231b78ffde7d
:04f3600000c3ffffe8
:020000040000fa
:020000040102f7
:10f364002de9f04f81b0dde90aabdde90c89fbb989
:10f37400bbf1000f1cd1d2f800c0bcf1000f1ad0b1
:10f384001f46dcf80c3015460e4604469847c0b1bb
:10f39400062c12d07eb95b46524639462846cde942
:10f3a4000b96cdf8288001b0bde8f04f04f0eabf19
:10f3b400baf1000fdfd1044800e0044801b0bde811
:10f3c400f08f0348fae700bf80c1ffff80c6ffff4c
:04f3d40000c1ffff76
:020000040000fa
:020000040102f7
:10f3d800013989b20f2921d838b5174c174834f8a4
:10f3e800115040f60b01a5f500648d4230f8144029
:10f3f8001fd8f3b10499e1b1184640f604039d42c1
:10f408000ed00f490b5dff2b13d0049b0a5b1a80ab
:10f418000234214411f09cfb002038bd17207047ae
:10f4280002ebc20102eb4102144405490b5dff2bbc
:10f43800ebd1172038bd00bf60fd030178fe002026
:04f448001408002084
:020000040000fa
:020000040102f7
:10f44c0070b504460bf052fd38b3631e03331fd85e
:10f45c00a3b2042b1cd8154e5d017319da699442c2
:10f46c0016d1725da2b15a78d2b99a680ab95a68a3
:10f47c009a600f4b93f8303070199bb1faf7f6fc89
:10f48c007319002201211a75597014465a7500e03f
:10f49c0001240ef093ff204670bd0124204670bd60
:10f4ac000024f6e703f052fceae700bff8f800206e
:04f4bc0060fd0020cf
:020000040000fa
:020000040102f7
:10f4c00000b583b0124b0193042300934ff40072f4
:10f4d0000023104910480ff0f9fd104b019303234e
:10f4e00000934ff4806200230d490e480ff0eefdab
:10f4f0000d4b0193012300934ff4806200230b49cd
:10f500000b480ff0e3fd03b05df804ebfff748bbd9
:10f510006c10002000fe0301293004010c080020bb
:10f520000cfe0301758502017010002014fe03011a
:04f530002130040181
:020000040000fa
:020000040102f7
:10f53400f8b5eff311864ff0200383f31188bff37e
:10f544006f8fbff34f8f836bc26b9a4210d990f8c1
:10f55400455001336db283636b1c0f460cd1836c31
:10f56400bbb104f093ff80b17fb10120386000e0ab
:10f57400002086f31188f8bd044613f053fb85423e
:10f5840003d201356db284f84550012086f3118809
:10f59400f8bd436a002bf8d02430f2f7c3f90028f1
:04f5a400e2d1f2e7d7
:020000040000fa
:020000040102f7
:10f5a8002de97841184e042232700620e2f7e2fe77
:10f5b8000628fad1002013f07ffd144c144d0722c1
:10f5c8008021012315200cf0c2fcff23237012f0c8
:10f5d80013fc8046802012f0e1ff2b78db06fcd577
:10f5e800404612f013fc24782b7807220023802150
:10f5f80015200cf0acfc0820e2f7bcfee4b20023b6
:10f6080033702046bde8788164110020070001416d
:04f618000f0001419d
:020000040000fa
:020000040102f7
:10f61c0010b5144a144c13780133dbb2042b13705d
:10f62c0005d905232370114b01221a7010bd104b04
:10f63c00022219790620e6f7f1fc60b1042323704d
:10f64c000c4bff221a700c4b00221a700b4b1a68d1
:10f65c000b4b1a60eae706232370bde8104010f04c
:10f66c00c5bc00bff1000120641100206111002015
:10f67c008c11002007000141f2000120b400012090
:04f68c00b0000120a9
:020000040000fa
:020000040102f7
:10f6900010b5194a840644bf434203f01f0392f891
:10f6a00022204abf5b4200f03f035bb2dab1d91cb3
:10f6b0004ff0000211490eda8c18d0b294f90f40c5
:10f6c000a34203db01dd0138c0b210bd0132102ab4
:10f6d000f2d10020f9e78c56a342d0b2f2da01321f
:10f6e000102af8d1f5e706495456a342d0b2e9da18
:10f6f0000132102af8d1ece7641100201d0101202d
:04f700003d010120a6
:020000040000fa
:020000040102f7
:10f7040038b5194c237805465bbb28b90820e2f7c5
:10f7140033fea570082038bd144b1868d8b1144bbb
:10f724005b7f73b10620e2f727fe00bf13f0cefa29
:10f7340000f01f000628f9d1002013f0bffc1620aa
:10f74400e9e71620e2f718fe13f0c0fa00f01f00f4
:10f754001628f9d1f0e70123a37010f04bfc162012
:10f76400d9e78620d7e700bf64110020ac00012050
:04f7740092110020ce
:020000040000fa
:020000040102f7
:10f778002de9f14f0e461946834617469946dde9ad
:10f788000a4adde90c850ef00df890b1002e2c60c8
:10f798002f7109db3444a0450cbf06240124ac7149
:10f7a800002001b0bde8f08f0236f9d10123ab711a
:10f7b800f6e7444506d1514658460df0f3ff08b127
:10f7c8006f71ede7dbf808000368cde90c85cde93a
:10f7d8000a4adc693a464b463146a44601b0bde8c0
:04f7e800f04f604737
:020000040000fa
:020000040102f7
:10f7ec00f0b50c4649682368a768e56887b000291e
:10f7fc000593a4bf23f00203059305ab02930823e2
:10f80c00cde900730646d2e900232046fff776facd
:10f81c00059bd90642bf00f1ff3030232b54059bca
:10f82c001a0742bf00f1ff3020232b542269059b9d
:10f83c000093013a3b46121a29183046fdf7d8fdc1
:10f84c007368db0503d563689842b8bf184607b0e8
:02f85c00f0bdfd
:020000040000fa
:020000040102f7
:02f85e007047f1
:020000040000fa
:020000040102f7
:10f860002de9f843313222f001042578c5f3011562
:10f870001db107242046bde8f8830e461349814692
:10f8800098460ff0bdfc0746d8b131462a460ef027
:10f89000d5fe07f1310323f0010362885a80384610
:10f8a00009f062fe4246d9f8443048463946984746
:10f8b00004460028ded0384611f096ff2046bde809
:10f8c000f88303242046bde8f88300bf38180401fc
:020000040000fa
:020000040102f7
:10f8d00070b58cb00d46164613f042fa58b3313568
:10f8e000044625f0010504e020460af0a5fe044682
:10f8f00008b304f1310323f001036a885b8852ba2c
:10f900005bba9bb292b29a42eed12622002102a8a3
:10f9100012f034fb61892c3989b22c2301aa2046cc
:10f9200011f036fa314602a80ff09afe0028dbd01b
:10f9300020460cb070bd002420460cb070bd00bf46
:020000040000fa
:020000040102f7
:10f940002de9f0418eb00146804601a80ef088fef8
:10f95000019c4cb300273e463d460ae0039bda1b60
:10f96000002a18db01a809f077fe019c0135adb231
:10f97000a4b12622002104a812f000fb61892c39d1
:10f9800089b22c2303aa204611f002fa002ee5d1f9
:10f99000039f2646e6e71f462646e3e7092d03d9df
:10f9a0003146404610f008fc0eb0bde8f08100bfc3
:020000040000fa
:020000040102f7
:10f9b00030b591b0054601a811f002fa294603a816
:10f9c0000ef04efe039c3cb923e00ef045ff03a869
:10f9d00009f042fe039ce4b12622002106a812f0a1
:10f9e000cdfa61892c3989b22c2305aa204611f061
:10f9f000cff9019b05995b1a002b01a8e5db214695
:10fa0000284610f0d9fb03a809f026fe039c002c21
:10fa1000e2d101a9281d0df07dfa11b030bd00bf63
:020000040000fa
:020000040102f7
:10fa20000144884232d2831c99422fd34378ff2b62
:10fa300024d002330344994228d310b403e00233a4
:10fa40000344994216d30478944214d0994218463c
:10fa500003f102040ed0a1420cd35b78ff2beed150
:10fa6000031d994206d343885bba9bb20433034417
:10fa70009942e8d200205df8044b7047031d99427b
:10fa800004d343885bba9bb20433d3e700207047aa
:020000040000fa
:020000040102f7
:10fa900003889a0700d5fee710b5837c9b070446d0
:10faa00012d505f0c5f96369c31a002b1edba378d4
:10fab00094f91310022b1cbf0223a37004f11c0045
:10fac000bde8104012f088be0c480af0a1fb7f2868
:10fad000e7d094f913307f2b01d08342e1dae07450
:10fae00005f0a6f96369c31a002be0da616e04f130
:10faf00060008022bde8104010f096bb00c60020d8
:020000040000fa
:020000040102f7
:10fb00002de9f041082984b00d46844696461c46ee
:10fb1000dde90a6703d0102914d099b1fee780f817
:10fb20005c200fcb0cf1280888e80f0096e80f0046
:10fb30000cf1380888e80f0097e80f000cf148082e
:10fb400088e80f00bcf800309b0602d404b0bde882
:10fb5000f08100200290234672462946cde90067d5
:10fb600002480bf0adf904b0bde8f08100c60020fa
:020000040000fa
:020000040102f7
:10fb700070b500f10805c4b004460e4610302946a1
:10fb8000eff73afd00281eda2378b3b903a811f085
:10fb9000d5fe03a9114803f077fe03a80e2112f049
:10fba00045fe50b1034653f8020f596801ab03c339
:10fbb00001a82946eff720fd28b131462046fbf782
:10fbc0001ffe032801d044b070bd04f1180041f2bb
:10fbd00088310df089f944b070bd00bff4ce00202b
:020000040000fa
:020000040102f7
:10fbe0002de9f8430f4690f8fe1090463a46c1f1d1
:10fbf000fe041e460546fff713ffa4b206f10209f4
:10fc000000b3437802331c44a4b2a1451cd801467a
:10fc100028460df019fa95f8fe30ea18994485f84f
:10fc2000fe901046ef54567012f0fcf932464146f1
:10fc300010f092ff05f0fcf80023c5f8000118460b
:10fc4000bde8f883a145e6d903231846bde8f8834b
:020000040000fa
:020000040102f7
:10fc5000f8b5074681f8343010460e46154610f0c8
:10fc600017fc18b3eb6828686968aa6834460fc4a3
:10fc70002b8a2380338a63b93b884ff6ff704ff29b
:10fc8000bf0142f6e264834205d14ff440433b801a
:10fc900033820020f8bd1a4601339bb28b423b8071
:10fca000f9d0224492b2132aedd9f1e7294603484c
:10fcb0000ef004ff0028d5d10720f8bd2cc7002086
:020000040000fa
:020000040102f7
:10fcc0002de9f0410d4682b08046174689892846c5
:10fcd00008236a4611f05cf8064618b1304602b0b7
:10fce000bde8f0811122394628460bf021fc06467a
:10fcf0000028f3d10821284611f03ef8009b1bbada
:10fd00003b62d8f804404cb1d4e901303a46294668
:10fd100098470028e2d12468002cf5d140463a46a5
:10fd2000294609f0e3fd304602b0bde8f08100bf8e
:020000040000fa
:020000040102f7
:10fd30002de9f04184b00025112badf80c508df861
:10fd40000e502ad03a2b04d0062b24d004b0bde8a4
:10fd5000f08102260f468189314404464ff0000ca1
:10fd600090461d460df10a0289b20223adf80ac081
:10fd700005f0f6fa2b464246394603a80094f2f7fe
:10fd800069fda189314403a889b222460df0e0f94a
:10fd900004b0bde8f0811026dce70626dae700bff4
:020000040000fa
:020000040102f7
:10fda000bc020000102700001027000010270000f0
:10fdb000102700001027000064656661756c742ec2
:10fdc000736572766963652e617270610000000070
:10fdd00000020202040402070002020204040607f1
:10fde00001010303050506070006020604070607ce
:10fdf000f80b0301000c0301080c0301140c0301b0
:10fe0000200c03012c0c0301380c0301440c0301ea
:020000040000fa
:020000040102f7
:10fe1000174bd3f82c3170b506460d4600f5f0743b
:10fe200013b909e05b693bb19c42fbd1b6f8ee31f6
:10fe30005bba9bb2ab4209d129460e4812f07efc58
:10fe40004ff6fe739d42f58109d170bd21460a48e7
:10fe50000af05efd2146094813f04cf9ece76dba53
:10fe6000a6f8ee5121460448bde8704007f0f6be02
:10fe700000c6002010d000202cc70020d8c70020ca
:020000040000fa
:020000040102f7
:10fe800038b50446174812f0dbfb20460121f7f78e
:10fe9000c3fb23790bb10023237104f5c87011f063
:10fea000d5fc04f17c000ff08bfc04f5ce7011f052
:10feb000cdfc23780c48002503f01f032370a4f821
:10fec000095001210af090fe084b93f8e42965f3ec
:10fed000041283f8e42903f6e410bde83840fef785
:10fee00063ba00bfb8de002098d2002000c6002010
:020000040000fa
:020000040102f7
:10fef000f8b517460022069d026042608260c2602b
:10ff0000026142610446fa780e46391d1f4612f01e
:10ff100071f9a878227dc0f3401363f38202c0f325
:10ff2000001363f345122275800912f08bf8227dcd
:10ff300060f3010222753b7863f3c30222752b88bc
:10ff40005bba63822b88b6f8161d5bba9bb25b1a4c
:10ff5000b3fa83f3d2b25b0963f304122275f8bdde
:020000040000fa
:020000040102f7
:10ff600038b5054610f044f958b3002405e0032adb
:10ff700028d000bf0af060fbf8b10379db07f9d5a0
:10ff8000ab698342f6d04379c3f34213dab2012a54
:10ff90005bb217d0611c002be9d142890b4ca2f156
:10ffa0007f03a4fb03437f2a8cb204eb9313e1d9b4
:10ffb0009cb20af041fb0028dfd1642c94bf0020e2
:10ffc000012038bd0134a4b2d4e700bfabaaaaaa6d
:020000040000fa
:020000040102f7
:10ffd0002de9f843ddf824c0bcf80250fe2d22d8ec
:10ffe0001e46174688460268bcf8001004462b4699
:10fff000089810f0cdfe814690b9edb2012e257122
:020000040103f6
:1000000084f80780a77113d094f806310b489d42fd
:1000100038bf1d4684f806514ff4007111f0c6fb3d
:100020004846bde8f8834ff006094846bde8f88326
:10003000204603f041ff2579e6e700bf28c60020ef
:020000040000fa
:020000040103f6
:1000400043681a2b70b50446856b06dc6db32b69cb
:10005000d0f89820c16e984720b923685b79012bae
:1000600001d0002070bda06b0028fbd0d5f8643211
:100070000133c5f86432002106f0d4fa05f12406f4
:100080002b4600bf03f50a7207ca03f507740c3349
:10009000b34284e80700f5d10023c5f84032c5f823
:1000a0004432c5f84832184670bd284670bd00bfbe
:020000040000fa
:020000040103f6
:1000b00070b40368d0f8b0205d79836d012d02f132
:1000c0000b0402f10d0116d002f1080503f1080638
:1000d000c0f8b420c0f8b85003f10d0203f10b05cd
:1000e000c0f8bc40c0e91736c0e91952c0e9301168
:1000f000c26670bc7047d51cde1cc0f8b820c0f8c2
:10010000b45003f10d0203f10b05c0e92f41c665a0
:10011000c0e919520366c0f8c410c26670bc7047cb
:020000040000fa
:020000040103f6
:10012000f0b505468fb0007814461e460f4610f015
:100130001bfb12f0a1fea042306025d8684610f0eb
:1001400083fbdde9142369462846faf7d7fe044607
:1001500028b1684612f0b0fe20460fb0f0bd2e6cfc
:100160000736f608324606a9684611f09ffd044698
:100170000028eed1287810f0f7fa3b46324606a95f
:1001800008f0f6fe0446e4e7004ce5e700b1ffffa7
:020000040000fa
:020000040103f6
:100190002de9f84f9df8289082460e46c9f3450890
:1001a000fbb11f461546002408e006f10800fdf7e4
:1001b00067fb0134e4b290b9a74212d0a4eb080b5c
:1001c000bbfa8bfb4fea5b1b29465a463046fdf7cc
:1001d00057fb05f108015a4618350028e5d0bde85f
:1001e000f88f4fead9125046314604f049f80028fa
:1001f000f5d106f110000121bde8f84f09f036bf36
:020000040000fa
:020000040103f6
:10020000f0b58bb003ad029568b363b3202a27d154
:10021000109acde900320aab02aa0c46074602f05a
:100220000bfd40b14ff0ff3628461c2111f09efc1b
:1002300030460bb0f0bd1c222946201d05f018fdec
:1002400006460028eed13b69002bedd02268fe68ff
:1002500012bab61ab3424ff0ff3628bf0026e3e7c2
:100260004ff0ff36e4e7014ee2e700bf008fffffeb
:020000040000fa
:020000040103f6
:100270002de9f04f83b017460546dde90c89dde92d
:100280000eab109a0c4601b99bb1ffb12968e9b1d8
:100290008bb14e69f6b1cde90fb221463a462846f8
:1002a000b446cde90d9acdf8308003b0bde8f04feb
:1002b0006047036853b12046019210f055fa12f0de
:1002c000dbfd034610b12968019ae2e7024803b05a
:1002d000bde8f08f0148fae780c1ffff00c1ffffd2
:020000040000fa
:020000040103f6
:1002e000a8b370b50646044604f1cc000ff0e8fc54
:1002f000a06e11f0c7fcd4f8880011f0c3fcd4f84c
:10030000740111f0b5fcd4f8040111f0b1fcd4f87b
:10031000540111f0adfcd4f82c0111f0a9fce068f7
:1003200008b1236873b920464ff4ca71d4f89051cc
:1003300011f01cfca642204601d012f07ffb2db12b
:100340002c46d1e7a1680ff08bfbece770bd70473e
:020000040000fa
:020000040103f6
:10035000f0b5ddf814c08646002b08bf0b46bcf193
:10036000030f6fea0e0e28d9042400e03c461e1944
:10037000151956f8047c55f8045c07ea0e07054089
:100380003d430e19271d674546f8045ceed9a44588
:1003900012d923442144c0b214445ffa8efe624451
:1003a00014f8015b13f8016b054006ea0e063543ad
:1003b000a24201f8015bf3d1f0bd0024e7e700bfe2
:020000040000fa
:020000040103f6
:1003c0002de9f0414ff086424ff2081302249cb011
:1003d0001460064688461b6801a80021984718bb90
:1003e000054614e04446202ca8bf20244ff20c17e9
:1003f0003b6822460ca901a89847431cf8d078b95d
:1004000030460ca9224610f0a7fb2544264445455a
:10041000e8db4ff08643002018601cb0bde8f08197
:1004200000201cb0bde8f08114201cb0bde8f081b4
:020000040000fa
:020000040103f6
:10043000194bda684ff6ff010a4042f0bf6242f4fe
:100440000032da60bff35f8f62b6144ae02183f8ae
:10045000231082f800130120106082f80313082093
:10046000106082f80c134ff48050106082f8111362
:100470004ff4003111605a6a42f480225a625a697c
:1004800042f010025a615a6a0a435a625a6a42f4a6
:1004900080325a62704700bf00ed00e000e100e0ea
:020000040000fa
:020000040103f6
:1004a00037b5164a137804460bb1013b1370144b51
:1004b000187808b10138187012781b78134309d1e5
:1004c000104b022201201a70987003b0bde8304032
:1004d0000ff092bd11f094fc0022cde900220546f8
:1004e00009480a4b00782146fcf7dcf90446284607
:1004f00011f090fc002ce3d103b030bdf9000120d5
:10050000fb00012064110020d011002025510301bf
:020000040000fa
:020000040103f6
:1005100010b5184c08232370174b59784b1e5942bd
:10052000594103220920e5f77ffdd8b112f0d0fb35
:1005300000f01f00092815d1012307228021152072
:100540000bf054fd0620e1f719ff0628fad10b4bfa
:1005500010221a708021012307220820bde81040d4
:100560000bf044bd092323700020bde810400ff0bc
:1005700043bd00bf641100208c1100200e0001411a
:020000040000fa
:020000040103f6
:10058000194b1a4a1980c0b203f8020f137882b0cf
:10059000dbb28df806309df8063003f0ef0343f030
:1005a00010038df806309df80630dbb21370137817
:1005b000dbb28df805309df8053003f010038df89f
:1005c00005309df805300bb902b070471378dbb2e7
:1005d0008df807309df8073003f010038df80730d1
:1005e0009df80730efe700bf0030014106300141c0
:020000040000fa
:020000040103f6
:1005f000184b194a1870137882b0dbb28df80630a8
:100600009df8063003f0fb0343f004038df8063039
:100610009df80630dbb213701378dbb28df805302d
:100620009df8053003f004038df805309df8053082
:100630001bb90a4b188802b070471378dbb28df8eb
:1006400007309df8073003f004038df807309df85c
:100650000730ede702300141063001412830014109
:020000040000fa
:020000040103f6
:1006600010b512f0f9fcd0e90042013242604cb3ff
:1006700094f82020472a27d194f821204e2a23d10c
:1006800094f82220552a1fd194f82320432a1bd105
:1006900094f82420432a17d194f825202b2a13d12b
:1006a00094f826202b2a0fd194f82720012a0bd862
:1006b00062695242626120342046e8f747f92046d9
:0e06c00004f084fd12f009fb00220260f3e753
:020000040000fa
:020000040103f6
:0206ce00704773
:020000040000fa
:020000040103f6
:1006d0000b880c2b0ad930b50d2b83b005460c4680
:1006e0001ad00e2b04d0062003b030bd0020704776
:1006f0000189006802230df1060210f049fb002871
:10070000f2d1bdf806302a895bba03f20d1302322a
:100710002a81238003b030bd0189006801230df1d7
:10072000060210f035fb0028ded12a899df806303c
:0c07300001320d332a812380d6e700bf80
:020000040000fa
:020000040103f6
:10073c0091b3f8b500220e460746b85c030607ebea
:10074c00020502f1010404d411f043fcf0b10020c5
:10075c00f8bd10f04003fad010f0200304d0c1060d
:10076c0018d50307f3d4022302321a44a64204f12b
:10077c000104ecd915f8013f03f0c003802be6d13e
:10078c009442f3d1b242d8d30120f8bd2246b242f2
:0c079c00d3d3f9e70123e7e70120704701
:020000040000fa
:020000040103f6
:1007a80090f8243010b504467bb1012b08d1d0e96c
:1007b800030101310cf03cfb6061204607f018f999
:1007c800236a2046bde81040184790f825306bb1e1
:1007d800012bf5d142691ab10369991a8a4212d9d3
:1007e80043612046bde8104007f002b9d0e9051280
:1007f8000123891a80f825300cf072fbe28ba38b59
:0c0808009a42ddd310bd52004261eae7c5
:020000040000fa
:020000040103f6
:1008140050292de9f041466a1cd980460f46054609
:10082400502404e07c34a4b2a742054612d92868b7
:100834000028f7d198f805103046c1f3410107f0bc
:1008440095ff2860b0b17c34a4b2a742d8f82460e4
:100854000546ecd804680022026044b120462468ae
:1008640012f04cfc3388013b3380002cf6d100207d
:0c087400bde8f0810320bde8f08100bf6a
:020000040000fa
:020000040103f6
:1008800038b5044604214ff47a70a5680af0cafc12
:100890002918201d10f0a0fa2368d80706d499065d
:1008a0000ad45a060ed4db0512d438bd0b480ff01b
:1008b00023ff23689906f4d50948faf71bfd23683e
:1008c0005a06f0d5074809f00ffa2368db05ecd586
:1008d0000548bde8384001f00fbf00bf98d20020a6
:0c08e000e0de0020d8de00209cc60020d6
:020000040000fa
:020000040103f6
:1008ec0038b50368198811f4807f01f4405514bfa2
:1008fc0002220322b5f5005f01f440641fd0201cd6
:10090c0018bf012008b10232d2b2a312022b1ad0a6
:10091c00032b01d10832d2b2b5f5005f08d011f427
:10092c00404f03d04b065cbf0232d2b2104638bdea
:10093c0001f44c43b3f54c4ff1d1104638bd084689
:0c094c0004f080fddee70232d2b2e5e7e5
:020000040000fa
:020000040103f6
:10095800184b1b780022827103b17047164b0b406d
:10096800002bfad05a005b0803f0553302f0aa3284
:100978001a439300920802f0333203f0cc33134346
:100988001a011b0902f0f03203f00f3313431bbaac
:100998001a02190a01f47f4102f47f020a4342ea6b
:1009a80003634ff480610622c0f80230018082712f
:0c09b800704700bf5831040100f8ff0731
:020000040000fa
:020000040103f6
:1009c400f8b590f8fe30ff2b00eb03062ad08642e0
:1009d4002ad94378ff2b25d0831c9e4222d3074675
:1009e4000546044617e0faf74fffe11b89b2c8b188
:1009f40022783846fff712f8a0b9284610f098fe7e
:100a04002c18a64204f102020ed96378ff2b09d0f8
:100a1400964207d32546284610f08afe2b189e429c
:0c0a24002046e0d20620f8bd0020f8bdfe
:020000040000fa
:020000040103f6
:100a3000f0b51646128885b0fab105460c461f4639
:100a40003a46214628460ef015f80346c8b1172b42
:100a5000294601a812d122880cf064fb034668b92c
:100a60003288bdf80c30013a328022885bba0a33f2
:100a7000134423803388002be2d11723184605b096
:100a8000f0bd2288294601a80cf04cfb0346002843
:0c0a9000f4d13288013a3280f0e700bf58
:020000040000fa
:020000040103f6
:100a9c002de9f0430c4685b001460746914601a866
:100aac002288bdf8306098460cf036fb0546c8b974
:100abc00bdf80c3021885bba9bb2b9f1ff0f03f182
:100acc000a0305d0bdf8042052ba92b24a450dd1a2
:100adc009e420bd833464246384610f053f92388d1
:100aec001e442680284605b0bde8f083172519441e
:0c0afc002846218005b0bde8f08300bf53
:020000040000fa
:020000040103f6
:100b0800f8b5069c002020604d6a854226db0d461c
:100b1800154806211f46164611f0d0fd206000b387
:100b2800294640220cf0c6f9054670b921682eb155
:100b380030460ff019fd054638b9216838460df0e2
:100b480083ff054608b92846f8bd20680028fad072
:100b580010f046fe002323602846f8bd07252846e6
:0c0b6800f8bd03252846f8bd56c6002045
:020000040000fa
:020000040103f6
:100b7400c37d8b422ad070b50e4696b0054619b196
:100b84000120ee7516b070bd6846502202a910f01f
:100b9400f7fdab68002bf3d01b68002bf0d00c4a98
:100ba400344602e0002c08bf0a460a49684601346c
:100bb4000ef0b4fba4b2ab68074a53f824300449de
:100bc400002befd10120ee7516b070bd00207047e8
:0c0bd400e40b0301e80b0301e00b03013c
:020000040000fa
:020000040103f6
:100be0002c20000000000000257322257322000045
:100bf0005f73756200000000546f41646400000080
:100c0000416464696e670000546f52656672657373
:100c10006800000052656672657368696e6700005f
:100c2000546f52656d6f76650000000052656d6f00
:100c300076696e67000000005265676973746572bb
:0c0c40006564000052656d6f766564000d
:020000040000fa
:020000040103f6
:100c4c0070b5102204460d460ff072ff28b3e86809
:100c5c006a68ab682968e06013486260a0f12806f6
:100c6c00a36021604ff48021002510f099fd4ff412
:100c7c00807106f1280010f093fd20462561faf7eb
:100c8c008bfe294606f65450c6f8605d12f040fa09
:100c9c00c6f85c5dc6f8585d70bd4ff48021024803
:0c0cac00bde8704010f03eb828c60020e3
:020000040000fa
:020000040103f6
:100cb800f0b587b00e9c129e0d9fb44226d3109dae
:100cc800a41bac4222d805686d7905f0f005802d8b
:100cd80007eb040c17d11d4613460a4611990c6000
:100ce8000f99cde902710c99cde904c6cde90051ff
:100cf8002146406b04f090ff054b10f10f0f08bf21
:100d0800184607b0f0bd034807b0f0bd0248f8e741
:0c0d1800009dffff809fffff009fffff7a
:020000040000fa
:020000040103f6
:100d24002de9f041054610460e46174611f050fbda
:100d34002968041e08bf0124b1421ad38b1ba342a5
:100d440017d3091b29602246384610f0adff90b92d
:100d5400b7f90430012b04d12b6893f90020002a41
:100d64000bdb2246314628460223bde8f0410bf056
:100d7400d7bd6ff06b00bde8f0819a1b002af8dd47
:0c0d84005a1e2a60013403f8010ceae753
:020000040000fa
:020000040103f6
:100d900098b338b5436c012b05461bd1aa6d9ab1a7
:100da000e96d71b1002400bf04eb440312ebc300f2
:100db00004f1010403d00ff039fdd5e91621a14259
:100dc000f2d8104611f03afe28466021bde83840be
:100dd00010f0ccbe0c300ef023ff05f114000ef025
:100de0001fff05f11c000ff021fd05f134000ef08e
:0c0df00017ff281d0ef014ffd0e770471d
:020000040000fa
:020000040103f6
:100dfc0070b5002584b016461d605d609d6001aa2b
:100e0c001c46f4f769ff18b1a0f56a5004b070bd28
:100e1c00314601a807f0c4f910f12e0f0ed0a8b975
:100e2c003378012bf2d12368052b00d083b962688b
:100e3c00084b002a18bf184604b070bd01a80899c9
:100e4c0012f058f810b902233370dfe70248dde7df
:0c0e5c000048dbe780c5ffff80c3fffffc
:020000040000fa
:020000040103f6
:100e68002de9f041dd1f062d2bd804461d46c3f1a0
:100e78000f030026904600f11007581ec4e90c31f4
:100e880026612a46414620746661a661e66104f13e
:100e980011000ff05dfe681c3146226b384411f0da
:100ea80069f80123e377e0182a4641460ff050fe1f
:100eb800636f43f0010363672046bde8f041faf72a
:0c0ec8007dbb6ff00c00bde8f08100bfa6
:020000040000fa
:020000040103f6
:100ed400f0b401f1040c00252c460378303bdbb25e
:100ee40004eb8402092b064603eb420200f10100e5
:100ef400efb21ed806461cb985b99cb20135ece7a1
:100f0400022f94b2fad1ff2c08d801f8014b6145a5
:100f140008d0304610f8013b2e2bdcd04ff0ff30c8
:100f2400f0bc70473078003018bf01204042f0bc5c
:0c0f34007047ff2cf2d8002fe7d1efe748
:020000040000fa
:020000040103f6
:100f400003889b0600d470470b681b881a07fad5e4
:100f50000b7fdb07f7d530b50c4683b005460df1a6
:100f6000020120460ef0acfa00b1fee79df8023017
:100f7000082b01d003b030bd01a920460ef0b0fa15
:100f800000b1fee720460df1030109f0c5fb00b1f9
:100f9000fee79df8032095f85c309a42ead1284696
:080fa00001990ff079ffe5e76c
:020000040000fa
:020000040103f6
:100fa80008b50368188800f44053b3f5005f1cd0f7
:100fb80010f4404f1ed041061cd410f4807f14bf9b
:100fc80002220322b3f5005f00f4406115d0081c2b
:100fd80018bf012008b10232d2b28b12022b0fd0f7
:100fe800032b08d10832d2b205e000f44c42b2f526
:100ff8004c4fddd1ff22104608bd04f025fae9e781
:081008000232d2b2f7e700bf8b
:020000040000fa
:020000040103f6
:10101000f8b5074604f044fa84b2ff2c1ed03d68b0
:101020002e88b3051cd5384608f08efbb9880ee033
:101030002a5d02f07f0213449cb2221891420ddb1c
:101040003b88c3f3c7137f2b0ad0914208d0a31c5f
:101050009bb21a188a4205eb0407e9ddff20f8bdb0
:1010600006f44053b3f5005f04d006f00706032ee4
:0810700008bf0134e0b2f8bd35
:020000040000fa
:020000040103f6
:1010780070b50478e40720d54478651e012d05d99c
:101088004588ae0846ea5506f60702d505242046e7
:1010980070bd002a08bf4ff49672ff260362049bb6
:1010a800436242820674c36851b945f0020545801f
:1010b800436164b10024204670bd0d24204670bdf4
:1010c8000b4045f0020545804361002cf2d1bc304d
:0810d8000df064fbdbe700bf33
:020000040000fa
:020000040103f6
:1010e000012938b5044645681bd003f0a1fe6269aa
:1010f00004f10c0393421ed06268aa4210d021680a
:101100005418241a0a2c04d41846bde838400ff0ad
:101110007db801460a221846bde838400ff076b87f
:1011200038bdf0f709fa606003f082fe626904f1ed
:101130000c039342e0d12060626801461846bde886
:0811400038400ff063b800bf56
:020000040000fa
:020000040103f6
:101148000378cbb170b40d88dc00e4b2013bb5fb89
:10115800f4f204fb1252d2b2ddb2a5ebd20350fa7c
:1011680083f302f007025b78012606fa02f21340c5
:1011780004d1184670bc7047184670474b88b3fbbb
:10118800f4f204fb1234e4b2a5ebd40350fa83f072
:1011980004f00704437806fa04f4234214bf3046e7
:0811a800002070bc704700bf7d
:020000040000fa
:020000040103f6
:1011b00030b587b013460c88019200220290adf83a
:1011c0001040adf81440adf812201a782e2a03d141
:1011d0005a1c01925b78dbb90c46012502a8f9f78d
:1011e00021ff60b1172808d125b1019b1b78002b86
:1011f00008bf0020bdf81230238007b030bd002d9d
:10120000ecd0024601a902a802f0eefb0546e5e794
:08121000072007b030bd00bf4c
:020000040000fa
:020000040103f6
:1012180030b5036887b023b118460df015fc07b048
:1012280030bd456805b30289adf810200c46adf80d
:1012380014200295adf8123002a8f9f7effe60b15c
:101248001728ecd10023204601220df107018df863
:1012580007300bf02ffe07b030bd214602a80bf077
:1012680035f90028e8d0dae70846012202a98df806
:0812780008500bf01ffed2e745
:020000040000fa
:020000040103f6
:101280002de9f84390f89d7000f16d0808eb071602
:10129000b04521d00d468146444602e01034a642b6
:1012a0001ad01022294620460ff048fc0028f5d11c
:1012b000a7b1013fffb208eb0718444589f89d70bc
:1012c0000ad009eb071757f86d1f7a68bb68f868f2
:1012d000e06021606260a360bde8f8830fcf20600a
:0812e0006160a260e360ffde23
:020000040000fa
:020000040103f6
:1012e80070b58ab04023602400948df80730938845
:1012f8005bba28335bba054606a80e46adf804303b
:101308000ff0aafe292306a928468df80630e8f72b
:10131800e1fca8b10346006859689a68db6802ac2a
:101328000fc428466a463146fdf766f908b10ab087
:1013380070bd694630462822faf7a4fd0ab070bd90
:0813480014200ab070bd00bfc3
:020000040000fa
:020000040103f6
:10135000d0f8fc305bb3f0b589b0164b019316465c
:101360000f4600f16c0400f1fc0500bf94f8223038
:10137000013b012b05d92434ac42f7d1002009b040
:10138000f0bd238cb342f6d120686168a268e3689f
:101390000df1080cace80f0000231c2201a938460f
:1013a000cde906330bf08afd0028e4d0e7e7022000
:0813b000704700bf00050018a2
:020000040000fa
:020000040103f6
:1013b80030b54369164a95b00c46009203b9c36923
:1013c800026912b1934228bf13461bba114d01930b
:1013d8002068029540f603530e226946adf80c309a
:1013e8000bf068fd08b115b030bd04a904f10a007e
:1013f800f6f7ccfc0028f6d104a9402220680bf0af
:1014080059fd0028efd123890133238115b030bd60
:0814180000190001004402016b
:020000040000fa
:020000040103f6
:1014200010b503785a0604460ad4db090cd1437878
:10143000022b19d004f5ce70bde8104010f006baaa
:1014400010480ff095fd38b94ff47a7104f5ce705d
:10145000bde810400bf048bd0a480ef08dff00f5c6
:101460007a710029e6d0f1e7c3781b07e2d5c0699d
:101470004ff47a7101fb00f1a1f57a610029d9d00e
:08148000e4e700bfe4cf002007
:020000040000fa
:020000040103f6
:1014880070b58ab0002105462622684610f072fd24
:10149800002114480ff010fe38b1002106460cf068
:1014a800dffa20b1304610f09bf90ab070bdd5f8cc
:1014b800c801d5f8cc11d5f8d021d5f8d4316c466f
:1014c8000fc42a8a05f5d47120460cf059fc6a46e7
:1014d8003b2331460348e8f74bfe0028e2d10ab027
:0814e80070bd00bf5cc60020ce
:020000040000fa
:020000040103f6
:1014f0002de9f0410f46072114461e468046faf7b3
:10150000e5fe18b3224633460d21054602f0e0f809
:10151000044628b1284610f067f92046bde8f0815e
:1015200028460ff039fe04460028f3d139462846f4
:10153000f3f798fc04460028ecd198f803301b0719
:10154000ebd40821034804f0a5fee6e70324204677
:08155000bde8f081e8d20020a3
:020000040000fa
:020000040103f6
:1015580010b503785a0684b0044619d4db0911d0b3
:10156800837a032b23d8684604f140010cf0f4fb7e
:101578006946204604f022ff10b9a37a0133a3720a
:1015880004b010bd4378022bfad1c3781b07f7d5f6
:10159800637a032b0ad800212046e6f76bf9002866
:1015a800eed1637a0133637204b010bd204604f0b3
:0815b800dbf804b010bd00bf18
:020000040000fa
:020000040103f6
:1015c00090f8a83003b1704710b5012104460f48c8
:1015d00010f082f90e480cf03ffd012384f8a8308a
:1015e000204605f04dfd0b480df0c2fa0a4811f0f7
:1015f000a1f90a480ef0d8ff09480ef0e3ff4ff0ba
:1016000080710848bde8104010f0d0b8e4cf002049
:1016100098d2002008d30020d8c70020f4c90020a9
:081620007cce002028c600204a
:020000040000fa
:020000040103f6
:1016280038b590f90240002c19dbd0f8034024baf1
:10163800a14201d0002038bdc17900f10805144647
:10164800b3b1012bf6d113798b42f3d10a46284660
:1016580021680ff06ffab0fa80f0400938bd4af6f9
:10166800aa74a142e6d1051dc1781446002be8d121
:1016780012799142ded3294620680ff05bfab0fa5e
:0816880080f0400938bd00bfed
:020000040000fa
:020000040103f6
:1016900038b504468069f0b10279d50721d50d46e9
:1016a00001bbe18a42898a4223d843b10179802271
:1016b00003f12800c1f3c0010cf0f2fba069014660
:1016c0002a462046f9f786fda1690b79db0702d48b
:1016d00020460ef025f904f13800bde838400df041
:1016e00061b8fee76ff3c3020271a0694189e1822c
:0816f000d8e710f0e1ffeee77e
:020000040000fa
:020000040103f6
:1016f8002de9f04186b000230f2a8df814301dd84b
:101708004cf60104d440e44314f0010416d190f8d7
:10171800343064f3c30380f834309b070bd58b88cf
:101728000f46054616460df10c0843b942463146a8
:101738002846fff7a9ff06b0bde8f081fee741465d
:10174800384605f0e9fa43460094394632462846b9
:08175800fcf73cfc0346e9e745
:020000040000fa
:020000040103f6
:101760002de9f843dde90867994604460d469046a1
:101770000a46002110f002fc4a46414620460ff07e
:10178000ebf9e81b032f20441bd90423051f00e0bd
:101790002346f218e95852f8042c1c1d4a40a7426f
:1017a000ea50f5d29f420ad91e44074403441a78ee
:1017b00016f8011b4a4003f8012b9f42f7d1bde800
:0817c000f8830023eee700bfef
:020000040000fa
:020000040103f6
:1017c8002de9f041b1f90450948814fb05f403fbaa
:1017d80004f3002b044620da0f4638461146164615
:1017e800f3f73ef9b0f100080cdb324639462046e3
:1017f800f2f7dcf920b9b8f1000f08bf0125a58080
:10180800bde8f0813a4631462046f2f7cff9002884
:10181800f6d16d42a580bde8f081f4f7f7fc002809
:08182800eed1a580bde8f081be
:020000040000fa
:020000040103f6
:10183000f0b5846b85b001a804f523740e461746f5
:1018400011f0eaf8204611f01bfb0022014601a826
:1018500001f002f9054628b101a807f069fb284606
:1018600005b0f0bd214601a80af09ef80546002803
:10187000f2d1314601a80ef093ff05460028ebd1c6
:10188000204611f0fdfa11f0f7fa386001a807f0d0
:081890004ffb284605b0f0bd36
:020000040000fa
:020000040103f6
:1018980070b54ff0864402204ff2400320600d4699
:1018a8001b68134913481646984728b14ff08643da
:1018b80000221a60012070bd4ff2600229463346ab
:1018c80015680c481022a8470028efd14ff264038e
:1018d80008481b68984705460028e7d14ff270036f
:1018e80004481b6898470030256018bf012070bd68
:0818f800200700204406002037
:020000040000fa
:020000040103f6
:1019000038b5124d124c4ff40062ff21284610f0fa
:1019100035fb104b1049114a596000204ff080717f
:1019200019609a6020700e490e4802f54a02d332bf
:10193000c3e903015a61e8f759fe95f83432ff2be9
:1019400002d023780133237038bd00bf1408002073
:101950001500012078fe0020000228023402470210
:08196000ef0203036b026f02aa
:020000040000fa
:020000040103f6
:1019680030b5054683b039b101290ad00023036098
:101978004ff0ff3003b030bd012b0dd9084603b03e
:1019880030bd104619460ff09df802462860101c1d
:1019980018bf012003b030bd032201200c4601937b
:1019a80010f070fa024628600028f0d0019b012b45
:1019b800edd1234622462146ebf7def9a0f10100de
:0819c800b0fa80f04009d5e7f8
:020000040000fa
:020000040103f6
:1019d000154b16491a6810b542f47f021a601a684e
:1019e000002442f07f4282b01a600c6004f070ff65
:1019f0000f4b1c6010f036fa0e4a136843f0404358
:101a000013600cf0f5fcfaf771f901944ff0200324
:101a100083f31188bff36f8fbff34f8f019b002bb0
:101a2000fcd0002002b010bd20ed00e01ced00e075
:081a30008001012034ef00e009
:020000040000fa
:020000040103f6
:101a3800436870b5a1f1080423b151f8082ca51822
:101a4800ab4203d941f8043c446070bd05d11d6820
:101a58005b682a4441f8082cf4e704305e6826b134
:101a6800b54202d2181d3346f8e7b54202bf2e68c8
:101a78006d685d6003681d6808bf92195e19b442fd
:101a88001fbf5b6841f8043c036841f8082c06bf97
:081a980052191a605c60d8e7e6
:020000040000fa
:020000040103f6
:101aa00070b50025056004460e4610f0fbfa22468c
:101ab000104ba08042f8083f23460f49c4e9042494
:101ac000c4e90655c4e9085543f8281f04f1240069
:101ad0000a4a2363606362643146c4e90e55256493
:101ae000c4e91255234604f15000054a0ff088fa64
:101af000204670bd492d0401512d0401152004011b
:041b0000f9300401b3
:020000040000fa
:020000040103f6
:101b0400036a70b504460d4616468bb139b11ab94d
:101b1400426a31462846984723889b060dd43246ac
:101b2400294620460ff03afaa37c9a0712d570bdd5
:101b340003889806f3d50029f1d0eb7d9907eed5fb
:101b44002a7d94f85c309a42e9d1296920460ff045
:101b5400a1f9e4e73246294604f11c00bde87040cf
:041b640010f026be99
:020000040000fa
:020000040103f6
:101b68002de9f041002407460e46a44603e0b8f1eb
:101b78002e0f0cd00134a3b207eb0c0017f803802a
:101b88003246a4eb0c011d46b8f1000fefd111f05d
:101b9800ff010dd0fd2d12d807f0e0fe013528b960
:101ba8001ffa85fcb8f1000fe4d10020bde8f081f0
:101bb800b8f1000ff9d015b97b78002bf5d00720c4
:041bc800bde8f08103
:020000040000fa
:020000040103f6
:101bcc00ff02000000000000000000000000000107
:101bdc00081c0301ff0300000000000000000000cf
:101bec0000000002cc1b0301ff02000000000000fb
:101bfc000000000000000002e01b0301ff030000d6
:101c0c000000000000000000000000011c1c03018b
:101c1c00ff0300000000000000000000000000fcba
:041c2c0000000000b4
:020000040000fa
:020000040103f6
:101c300070b5044686b008680d460ef0a7fc00bbe0
:101c4000637813494ff40002db09cde9001203aebb
:101c5000616918d1a26930460ff0b6febdf80e409a
:101c6000286864ba0434a4b263ba0a226946adf89b
:101c700008300bf023f920b92246314628680bf0d2
:101c80001df906b070bda161304610f0e3fae5e73a
:041c9000002904f82b
:020000040000fa
:020000040103f6
:101c940070b500f5d4740546082220460e460ef0b1
:101ca4004bff00b970bd30687168234603c30f4809
:101cb400f8f766ff214605f5e47010f0d9fd2146da
:101cc40005f5f07010f0d4fd214605f5fc704022b6
:101cd40010f09efa214605f50370402210f098faa0
:101ce40010210348bde870400ff05ebd2cc70020f2
:041cf40028c60020de
:020000040000fa
:020000040103f6
:101cf80030b491f90230164a002bb2f8160d01f1f2
:101d080002051fdbcb7906224c781344dab2023481
:101d1800ab180c44a34213d2aa5c5210062a15d160
:101d280042ba92b203e01878401006280dd15a80c2
:101d38005c78487802340230084423448342f2d362
:101d480030bc7047cb780222dee7fee7fde700bf34
:041d580000c60020a1
:020000040000fa
:020000040103f6
:101d5c0070b5164682b008466a46194606f1080563
:101d6c00069c09f031fd6846294608220ef0e0fe7b
:101d7c0028b9238843f03003238002b070bd284675
:101d8c000ef072fb238850b143f020032380f189bd
:101d9c00079849ba89b20bf025fe02b070bd43f02a
:101dac00100329462380082207980bf043fe02b04b
:041dbc0070bd00bf37
:020000040000fa
:020000040103f6
:101dc00070b5164682b008466a46194606f10805ff
:101dd000069c09f0fffc6846294608220ef0aefe7c
:101de00028b9238843f00303238002b070bd28463e
:101df0000ef040fb238850b143f002032380f189a9
:101e0000079849ba89b20bf0f3fd02b070bd43f0f8
:101e1000010329462380082207980bf011fe02b027
:041e200070bd00bfd2
:020000040000fa
:020000040103f6
:101e240030b58bb0002104462622684610f0a4f891
:101e34004ff2bf0319211248adf822300ef058f9c1
:101e440038b1216905460df079fb20b128460ff021
:101e5400c9fc0bb030bda28a012128460ef02aff2e
:101e64000028f3d1214668460bf0c8f96a46294692
:101e740003480df003fa0028e8d10bb030bd00bfd1
:041e8400d8c700209b
:020000040000fa
:020000040103f6
:101e88002de9f041adf5027d002405460e461746c2
:101e98009846009401aa694628460ef00dfc0446af
:101ea800c8b9029bb342f5d13b799df80c209a4200
:101eb800f0d10df10d0138680ef03cfe0028e9d193
:101ec8009df80a3103f001034345e3d1889a9df850
:101ed8000430137000e0172420460df5027dbde89c
:041ee800f08100bfc6
:020000040000fa
:020000040103f6
:101eec0070b508460c4615460df0d4f900b970bd16
:101efc00214611480df09ef904460028f7d008231e
:101f0c000e4a032101f0defb20b12046bde87040f3
:101f1c000ff064bc0a4e0221b6f8162d20460ef0c6
:101f2c00c5fe0028f1d12a4606f5ec7021460df0cd
:101f3c00a1f90028e9d170bdd8c70020d8d4002061
:041f4c0000c60020ab
:020000040000fa
:020000040103f6
:101f5000f0b587b0dde90fc50e9c129f119e04eb12
:101f6000070eae451fd805686d7905f0f005802d88
:101f70000ceb040e15d11d4613460a460d9934602c
:101f800002910c99cdf80cc0cde90051cde904e7e0
:101f90002146406b0bf0aafa33683b44336007b02c
:101fa000f0bd0248f8e70248f9e700bf809fffff55
:041fb000009fffff90
:020000040000fa
:020000040103f6
:101fb400836943b3d0f8d02010b5044652b91ee06b
:101fc400d4f8d0208242a2eb00021ad3c4f8d02065
:101fd40042b1a369d4f8b810606a891a98470028f6
:101fe400eedc10bd2268d4f8b0305279216c012a9d
:101ff40018bf0833c4f8b830204606f037ff002075
:1020040010bd024810bd0248704700bf0094ffff96
:04201400008fffff3b
:020000040000fa
:020000040103f6
:102018002de9f047877882b0012fdde90ace25d176
:10202800046c90f800800cb300f16c090c46071d95
:1020380001464ff0000a1e461546cdf800e06346fb
:10204800384664314a46cdf804a009f0ddfc10b1e9
:1020580002b0bde8f0872346424649463846cde9f6
:102068000a5602b0bde8f04709f01cbd0048efe78a
:0420780080b0ffff36
:020000040000fa
:020000040103f6
:10207c002de9f043c46983b0dde90a7814b3446aee
:10208c0004b315461e4600f1340289460446cdf8c9
:10209c0000803b460121284607f044f810f10e0f52
:1020ac000cd060b977b14b462a4631462046cde973
:1020bc000a7803b0bde8f043def736bb034803b043
:1020cc00bde8f083024803b0bde8f08300b3ffff26
:0420dc0080b0ffffd2
:020000040000fa
:020000040103f6
:1020e0002de9f0410d460146284617469846f9f776
:1020f00049f90446b0b9eb6905f16006abb16b6a0a
:102100009bb14246394630460bf0daf9044668b9cd
:10211000eb698bb16b6a7bb1284631460af01afc39
:10212000044618b92046bde8f081044c30460df055
:1021300077fd2046bde8f081014cf7e780b1ffff55
:0421400080b0ffff6d
:020000040000fa
:020000040103f6
:10214400f0b404680b1b002b26dd25782e0609d479
:10215400661c066023781360891b99421cd30020f7
:10216400f0bc704705f07f0c0cf1ff35032d16d839
:10217400634511dd661c00230cf10107136035462d
:1021840006603c4415f8017b47ea0323a54213602b
:102194000560f7d16644dfe76ff05f00e0e76ff0ba
:0421a4006300dde710
:020000040000fa
:020000040103f6
:1021a80010b54ff08844134b134a0021c4f8b010ff
:1021b800c4f8b020c4f8b030f0f76efd236813f40b
:1021c800404f03d0236823f4404323604ff08842f4
:1021d8000a4b4ff0805191641a68094942f4004251
:1021e8001a601a6842f400421a600b6843f0100340
:1021f8000b6010bdaa996655556699aa0010014250
:04220800000a004484
:020000040000fa
:020000040103f6
:04220c0000207047f7
:020000040000fa
:020000040103f6
:10221000eff30980bff36f8f154b1a681ef0100f94
:1022200008bf20ed108a20e9f04f10602de9090069
:102230004ff0200080f31188bff34f8fbff36f8ff3
:10224000f9f754fd4ff0000080f3118809bc1968bc
:102250000868b0e8f04f1ef0100f08bfb0ec108a0d
:1022600080f30988bff36f8f704700bfaff3008022
:0422700064000120e5
:020000040000fa
:020000040103f6
:1022740010b5154c2378c2b073b1012b0ad1201dbf
:1022840001a94ff0ff320ff091fd18b19df8043011
:10229400022b15d042b010bd0c4b1b889b070cd5ec
:1022a4000b480af075fc00f0b5fdf5f76bfb02f086
:1022b40019f90123237042b010bd0ff0ebf8efe7da
:1022c40007f074f8e6e700bf741000200000014234
:0422d40064cb0301d3
:020000040000fa
:020000040103f6
:1022d8002de9f041804692b00d46684641461646c3
:1022e80017270cf0b9f902e0684607f0b1f9009c2d
:1022f80002aa40232046bcb16189403989b20ef058
:1023080043fd0b9bab42efd10c9bb342ecd1214672
:10231800404608f0e7fe0b9c00220b2311460cb147
:102328000c98a0470027dfe7384612b0bde8f081d7
:020000040000fa
:020000040103f6
:1023380070b5064608460c461546f7f735fe58b1ff
:102348002b78ff2b07d004f1310323f001031b780e
:1023580013f0300f13d070bd04f1310323f00103e3
:102368002a465b78013b032b2146304603d8bde85b
:102378007040e2f7d9babde87040e2f709bd2b46d4
:10238800224630460321bde87040fdf765ba00bf1c
:020000040000fa
:020000040103f6
:102398002de9f04184b00df10e0016460090bdf80d
:1023a80028501248adf80e5000220f469846fdf707
:1023b8000ff818b9bdf80e30ab420ad02b4632469a
:1023c80039460a4810f00eff0446204604b0bde81e
:1023d800f081044641462a4630460ef0abfb002801
:1023e800ecd1204604b0bde8f08100bf00c6002053
:020000040000fa
:020000040103f6
:1023f80070b588b00d46adf80e30114605ab0446f1
:102408000df10e0228469df83060fbf735f8bdf84f
:102418001830dbb1d4e956121a448a4205d9fee7ce
:10242800d4e956121a448a42f9d8059a00961146f8
:102438002046ecf799f905aa0df10e0128460ff090
:102448004dfebdf818201346002ae9d108b070bd2a
:020000040000fa
:020000040103f6
:1024580038b5438a03f0fc0343f4fe43002543f0f8
:1024680001036ff0011204464382c0f8062045803c
:102478000571c0f80a50c0f80e5080f85d504561eb
:10248800283010f075f904f1380010f071f904f1f2
:10249800480010f06df904f16000a56584f85c50ff
:1024a8000ff0e4f92046bde838400ef069bd00bfe2
:020000040000fa
:020000040103f6
:1024b8008378032b00d0704710b503888169db0649
:1024c80004460cd50423a3700f4810f017fa0d2802
:1024d80001d018b910bda26953695bb9fee78979c3
:1024e8000a4809f0e3fb00b1fee7a378a169042bd1
:1024f800ead0e7e700235361a26903481361a169a1
:1025080010f0fcf9e5e700bf12c6002000c6002065
:020000040000fa
:020000040103f6
:1025180070b50478e4071cd54478651e012d05d9eb
:102528004588ae0846ea5506f60702d50524204632
:1025380070bdff260362049b436242820674c3682f
:1025480051b945f004054580436164b10024204633
:1025580070bd0d24204670bd0b4045f00405458034
:102568004361002cf2d1bc300cf018f9dfe700bf52
:020000040000fa
:020000040103f6
:102578001f291fd838b5c368cb40db071cd5837a21
:102588008b4204461ad0817210484ff480410ff0f4
:1025980009f925780020c5f34015a4f85c0145b970
:1025a800a37ae3722046fbf7fbfe204602f0f4f81c
:1025b800284638bd07207047072038bd4ff48041b2
:1025c80002480ef0b1fb002038bd00bf28c600202d
:020000040000fa
:020000040103f6
:1025d80038b50446103010f031f904f1080010f055
:1025e8002df963780f486ff300032546637015f8db
:1025f800181b0cf0f1fe28460ff024f92378012b64
:102608000ad0002b08480cbf4ff080514ff0005102
:10261800bde838400ff0c6b804480ff013f9237826
:10262800efe700bf54c6002028c6002020cf0020b6
:020000040000fa
:020000040103f6
:1026380000b58378012b83b00bd0d3b1032b18d806
:1026480000f5e47100f51c7003b05df804ebfbf7ce
:102658001fbfb0f8c2350093d0f8bc35b0f8c0251c
:10266800d0f8b81500f5e470f3f72efe03b05df866
:1026780004fb044904480cf01ffe044803b05df84d
:1026880004fb00bf486e0301fc6d0301008fffffd0
:020000040000fa
:020000040103f6
:1026980070b5b2f5af6fadf5af6d24d88b79c3f3d4
:1026a800030313f0ff0f14460d4618bfc370064608
:1026b80023466a460021284604f0e6fa224669467f
:1026c80006f1c800fcf73cf9e5f794fa044618b19e
:1026d80020460df5af6d70bd28460ff081f82046f5
:1026e8000df5af6d70bd032420460df5af6d70bdbf
:020000040000fa
:020000040103f6
:1026f800002370b4024600f18c051e4609e0d17033
:1027080021b1116840f82310012633440432aa424b
:1027180004d0d478611ec9b2002cf0d1222b0ddc74
:1027280000eb8303da784ab18830002101e0da78d7
:1027380022b18342d97003f10403f8d10eb170bc01
:1027480070470821014870bc0ef066bb44c60020e3
:020000040000fa
:020000040103f6
:10275800d0f8fc304bb370b500f16c0384b000f1d5
:10276800fc06002493f8225035b1032d04d01d8cab
:10277800954204bf0134e4b22433b342f2d1c4eb2e
:10278800c4039b000c335bba002408464ff4407521
:1027980010226946adf80230adf80050cde9014489
:1027a80003940af087fb04b070bd0220704700bf95
:020000040000fa
:020000040103f6
:1027b80000b585b00846102311466a460ef0e4fac3
:1027c800f0b9bdf804305bba9bb2012b0fd0bdf84d
:1027d8000220b2f5406f17d1032b15d1bdf8063092
:1027e800b3f5d85f18bf062005b05df804fbbdf847
:1027f8000630b3f5807f18bf062005b05df804fbee
:10280800002005b05df804fb062005b05df804fb68
:020000040000fa
:020000040103f6
:1028180070b54369154c84b00e460194144603b94b
:10282800c369026912b1934228bf13461bba4ff419
:102838008055002221460293adf80c5007f07ef92e
:1028480008b104b070bd0a2201a920680af032fb61
:102858000028f6d13146102220680af02bfb002808
:10286800efd123890133238104b070bd001c00011e
:020000040000fa
:020000040103f6
:1028780038b54b070c46054623d414f4047f1cd105
:1028880014f0130f18d095f87930abb12846f8f743
:1028980009fa88b195f87a301a1f012a07d9072b47
:1028a80012d013f0fd0f1cbf022385f87a3028469a
:1028b800bde83840f1f752ba38bd2846e8f710fdb0
:1028c800dee708f0adf8d8e7002385f87a30eee7c0
:020000040000fa
:020000040103f6
:1028d80010b5437882b00022022b019201d04379cf
:1028e80013b1002002b010bd04460f480cf014fece
:1028f80010b9e3789b07f4d401a90b4802f01cfe39
:1029080018b10a4bd3f8f039019301a807f038ff42
:102918004ff4af630130b3fbf0f0502838bf5020bc
:10292800a082012002b010bdc8ce002000c6002041
:020000040000fa
:020000040103f6
:1029380070b514464ff48052628014480e461d4606
:102948000ef012fb70b125b1102128460df022fcc3
:1029580048b994f821304ff4005243f0020384f848
:10296800213062807db16b89b3fa83f35b0994f8f7
:10297800212063f3820284f8212031462046bde8f5
:102988007040e0f713bd0123f1e700bfe4cf00205a
:020000040000fa
:020000040103f6
:1029980030b5144683b0b1b101aa07f0fbf908b30a
:1029a800c278011d20460ff021fc019a937803f0ac
:1029b8000f036374937800200122c3f30013a374f8
:1029c800e27403b030bd0d462046402207490ff09f
:1029d8000dfc4ff4807201232846a4f81120e374fb
:1029e80003b030bd172003b030bd00bfb0d4002005
:020000040000fa
:020000040103f6
:1029f80070b4dcb2012c23d805680db3ec79a607b6
:102a080018d5c4f38404104e4260012b037256f8a3
:102a18002440406b0bd06b7903f0f005302d06d0c5
:102a280003f0e003402b02d0e36870bc1847a368aa
:102a380070bc18476e7906f00f06b2eb861fe0d01f
:102a4800024870bc704700bf5c010120009fffff77
:020000040000fa
:020000040103f6
:102a580038b331b30b7870b5082b16464ff0000227
:102a680004460d460160c0e9012201d0092b0ad1b4
:102a78006c2101200ff0d8ff606080b110f034faab
:102a88001eb9002070bd084870bda97802200ff05b
:102a9800cbffa0600028f4d1204606f045fa034891
:102aa80070bd0148704700bf00afffff80aeffff59
:020000040000fa
:020000040103f6
:102ab80040b3026832b3f0b5866889b026b30d46d4
:102ac8006946044697780df067fe08b109b0f0bd75
:102ad80020460bf085fb0028f8d12368f1199a7875
:102ae80020460df04bfe0028f0d1236869465a783d
:102af80020460df043fe0028e8d1294620460df077
:102b08004bfee3e7014870470048dfe700afffffef
:020000040000fa
:020000040103f6
:102b18002de9f04712f0030418bf012404eb9204d6
:102b28004fea84098c42a9eb020a1dd815460e46c5
:102b380052460021074698460ff01cfa321b9200b5
:102b4800002107eb09000ff015fa2a4607eb0a01e6
:102b58000898c047054620b91cb1214638460cf0f4
:102b680059f92846bde8f0876ff00305f9e700bf7b
:020000040000fa
:020000040103f6
:102b78002de9f04184b0064602a80d46174698464e
:102b88000ff0a0ff02a8012107f06cfa044630b14b
:102b980002a80df041f8204604b0bde8f08102ab70
:102ba8000093cdf804803b4602aa294630460df032
:102bb8008dfe04460028ebd10a9b019302ab0093db
:102bc80030462b46294602aa0df080fe0446dfe770
:020000040000fa
:020000040103f6
:102bd800f0b507460e4692e8030095b003ac84e8ca
:102be80003000025204602950ff0aeff02380228a8
:102bf80094bf049828464123cde90043002202ab44
:102c080000f16801f3f746fa60b93868b0420bd3af
:102c1800029a861b964207d3801a386021460df027
:102c280097ff029815b0f0bd6ff06b00fae700bf90
:020000040000fa
:020000040103f6
:102c3800f0b589b00d461646044608f0cbfe10bb29
:102c48002946042220460cf0d3f8e0b9dde90e123b
:102c580020460cf0cdf8b0b920466946fff728ffaa
:102c6800074680b96c460fcc356828606960aa6051
:102c7800eb6007cc28616961aa6133681c33336053
:102c8800384609b0f0bd014ffae700bf0094ffffd6
:020000040000fa
:020000040103f6
:102c980070b5836b0446006b1e7820b10bf040fbc7
:102ca800206b0ff0c7fe2168636b4d6a2363002217
:102cb80062630db1da689ab94b79012b0ad1a36b1b
:102cc800d3f86c3233b1002120460ff03ffb1b23b1
:102cd800636070bd20460af05dfc1b23636070bd15
:102ce800002ee9d1886a03f11001a8472168e3e7bb
:020000040000fa
:020000040103f6
:102cf800f8b5d0f85831044613f4006012d01646df
:102d08000f4604f5b47403e0042d0cd0e468d4b184
:102d18006568b542f8d132463946a0680df00aff19
:102d28000028f1d1f8bda3681a78552aeed113f816
:102d3800012f1d2aead113f8012f252ae6d1587848
:102d48000028efd0e2e70148f8bd00bf00d8ffff38
:020000040000fa
:020000040103f6
:102d58002de97848154c63689b6906469847606179
:102d680063692569ab4298bf03f580335d1b28462c
:102d780004f09afc10f054fad4e90abc1beb0502e3
:102d88004cf10003c4e90a2310f04cfa3046f7f777
:102d98006ff808b9bde8788810f042fa0446f8f7e9
:102da80015ff2046bde8784810f03cba60fd0020c9
:020000040000fa
:020000040103f6
:102db80038b5d6f7bafe0446d5f79efc24b910b14b
:102dc8000ef0eefa40b938bd0ef0eafa0028fad053
:102dd800bde83840d6f7b2be0df090fe0f2804d0fb
:102de8000220bde83840d5f7a3bc0bf089fb20468c
:102df8000ef042fb05460220d5f79afc20462946ec
:102e08000ff03cfb2046bde8384003f0e5b800bfb2
:020000040000fa
:020000040103f6
:102e180000b5002083b00ff0ebfe0e4b0e4a0f49b1
:102e28001060002218680ff077ff0d4b0093012205
:102e3800002341f288310b4804f07efc0a4b1860ed
:102e480010b103b05df804fb084803b05df804eb6b
:102e580009f09cbe08080020081100202156020134
:102e68006932040120be0301a000012030be030125
:020000040000fa
:020000040103f6
:102e780007b50920dff77efa124b0c221a70802161
:102e880000230722152009f0adf80f4b1b78dbb2a1
:102e98008df807309df80730c3f380138df807309d
:102ea8009df80730012b04d103b05df804ebfaf765
:102eb800a3bd064b092200201a7003b05df804eb8d
:102ec8000df096b80e000141010001416411002087
:020000040000fa
:020000040103f6
:102ed80091f800c0f0b4bcf1000f24d00678f6b128
:102ee800b4450346074606d04678c6b1581cb445d3
:102ef80003460746f8d14a7872b146789642f4d12b
:102f0800013004464a1c03e014f8015f9d42e7d1f2
:102f180012f8013f002bf7d13846f0bc704737460e
:102f28003846f0bc704707463846f0bc704700bfcb
:020000040000fa
:020000040103f6
:102f3800c9b2f8b50446f1b103469a0718461ed13e
:102f48004ff001354d431e4656f8044b84ea0507f9
:102f5800a4f10132a7f1013022ea040220ea0700b5
:102f6800024312f0803f11d0184613f8012b2ab102
:102f78008a42f9d102e00ef057fb2044f8bd13f85d
:102f8800012b002afad08a42d7d1f7e73346dae78d
:020000040000fa
:020000040103f6
:102f980037b5154d2b68044673b10cf0edff019061
:102fa80001a80ef070fb0f30019920f00f000ef011
:102fb80047fb60b100232b60002c08bf01240f34ad
:102fc80034f00f0405d1094b0c221a60204603b0d7
:102fd80030bd042c38bf04242046faf7c9f900286c
:102fe800f5d040f8044cf2e794010120d00001200c
:020000040000fa
:020000040103f6
:102ff800f0b59bb004460d46164600214c2207a8a2
:103008001f460ef0b7ff4ff0ff33029303f203138e
:10301800039304b901accde9044555b16a1e002dee
:10302800069208da094b4f221a604ff0ff301bb0a6
:10303800f0bd2a46f3e71cbf002323703a46314609
:1030480002a8cde907440df09ffdf0e7d00001206c
:020000040000fa
:020000040103f6
:1030580073b50c461546064608b1dff777f92246e0
:10306800286012f8011bff291dd02b1d30460cf0db
:1030780063ff0246104610f8013b2b75ff2b14d056
:1030880010232b7501a90cf047ff019b0344eb604b
:1030980010f8013b6b7501a90cf03eff019b03443e
:0e30a8002b6102b070bd6860e4e70023efe723
:020000040000fa
:020000040103f6
:0230b600704761
:020000040000fa
:020000040103f6
:1030b80038b5436900f10c059d4209d0104a114bff
:1030c800d2f8242d41689a4203d90f4b99420bd06c
:1030d80038bd4ff47a7303fb02f3b3f57a6f88bff8
:1030e800a3f57a639942f3d1044601f09dfe626824
:1030f800206001462846bde838400df083b800bf7f
:0c31080000c600209ac42000d8edff7f14
:020000040000fa
:020000040103f6
:1031140038b50a8c048a944209d10b78ff2b0546f2
:103124000c4606d16b8cabb1628c9a420dd0002058
:1031340038bd0df0abf90028f4d110222146284601
:103144000df0fafc0028edd0f1e7123528460df019
:103154009df908b1012038bd04f110012846102260
:0c3164000df0eafcb0fa80f0400938bd24
:020000040000fa
:020000040103f6
:1031700070b53c220e46044600210ef0fffe31469b
:10318000204606f0d1fb90b9a379112b054605d056
:103190003a2b03d0062b0dd0284670bd04f128022f
:1031a0003046082328210df0f3fd0028f4d0062531
:1031b000284670bd04f128023046142328210df062
:0c31c000e7fd0028f3d1284670bd00bfd9
:020000040000fa
:020000040103f6
:1031cc0030b5042383b00c460546898920460deba7
:1031dc0003020df0d7fd08b103b030bd0421204629
:1031ec000df0c4fd9df80430072bf5d19df805209a
:1031fc0095f864309a42efd19df8062095f8653029
:10320c009a42e9d19df8072095f866309a42e3d1ad
:0c321c0021462846f3f71efedee700bf47
:020000040000fa
:020000040103f6
:1032280070b5144cb4f8165d064604f69c7006f0aa
:10323800dffc2a4604f69c7104f58550fbf7a6ffcf
:1032480060b9b18ba94202d14ff6fe71b1830a4a27
:103258003046f4f799fc00b9b58370bd2a4604f5e9
:10326800855104f69c70fbf791ff0028e9d01720e0
:0c32780070bd00bf00c600209cd50020e7
:020000040000fa
:020000040103f6
:1032840038b5437c827c0446c1f3403060f382034a
:10329400c1f3003060f3c303c1f3c02060f304132f
:1032a400c1f38020c1f3402560f34513c1f3c0107e
:1032b40065f3861360f34102c1f30025c1f3801066
:1032c40065f3c71360f382026374a274880b0ef073
:0c32d400b7fe637c60f30103637438bd37
:020000040000fa
:020000040103f6
:1032e000f0b583b0064668460df06afd124f06f150
:1032f000140406f19405a37c9b070dd5e3695bb12b
:10330000009ad21a002a214638460fdb07f000fb4c
:10331000a37c6ff34103a3742034ac42ebd1694624
:1033200006f108000ef09cfa03b0f0bd684619469d
:0c3330000bf092faf0e700bf2cc7002061
:020000040000fa
:020000040103f6
:10333c0070b58569c0f8381184b000211e4604466a
:10334c00c0f83c210369cde90011cde902119db90a
:10335c0020228b42826116db1d466946802204f1d5
:10336c002000e4f765fb28b92b4631462046089a25
:10337c00f2f72af804b070bd002bedda172d02d845
:0c338c0001356d08e9e70025e7e700bf08
:020000040000fa
:020000040103f6
:103398002de9f0478ab0dde91256149f044691469c
:1033a800984604a88a460df04bfa2046cde90167f5
:1033b80000954b46424604a90df05efa044630b12a
:1033c80004a80ff075fd20460ab0bde8f08704a8f0
:1033d8000ef004fc28b9504604a9f6f7adfc0446e3
:0c33e800eee7014cece700bf80b0fffff7
:020000040000fa
:020000040103f6
:1033f400f8b50368cf1a002f21dd1f78032f1bd1e6
:103404000133036004460e46fef79afe98b913682a
:10341400abb11546591e2268296012782a71072a11
:1034240010d822681344b34202f10102aa6018bf03
:103434006ff065002360f8bd6ff06100f8bd6ff0b8
:0c3444005f00f8bd6ff06300f8bd00bf32
:020000040000fa
:020000040103f6
:1034500038b504460d460068e188fbf70fffe188a8
:103460002844b0eb411f0bd910f01f0318bf0123f4
:1034700003eb501342f21072934214d8994205d3d1
:1034800020682a46faf77cf9002038bd1946204604
:1034900007f08afc0028f8d12068e1882a46faf76c
:0c34a0006ff90020f1e76ff00f0038bd5d
:020000040000fa
:020000040103f6
:1034ac0030b5054683b008460c460ff04bfb02388e
:1034bc00c0b2022803d94ff0ff3003b030bd94e8fe
:1034cc0003006b4683e8030018460ff03bfb023801
:1034dc0002280fd8019b1b78002becd02968012205
:1034ec00013b02fa03f30b420cbf4ff0ff300020fc
:0c34fc0003b030bd00231b78ffde00bfd2
:020000040000fa
:020000040103f6
:1035080010b5124c237882b083428df8070017d08b
:10351800a0f10b030f2b13d801460d480ff008fc40
:103528000cf03afc0df107010020dff7f5fd094b1f
:103538001b7813b9084b1b7823b99df80730237003
:1035480002b010bd0df05cfff7e700bf9e0101203f
:0c35580020140401e5000120e300012024
:020000040000fa
:020000040103f6
:1035640007b50ef07bf8114b1b7801219940013906
:10357400084010f0ff0013d00022cde9002200eb38
:10358400800081010a480b4b0078f9f789f90a4b4e
:10359400072209201a7003b05df804ebdef7ecbed5
:1035a40003b05df804ebfcf7b1bf00bff6000120e7
:0c35b400c8110020110503016411002063
:020000040000fa
:020000040103f6
:1035c00010b5124a124913780133dbb213700a7d29
:1035d0009a420dd20f4c0323e3741620022323706a
:1035e000def7ccfe00200cf007fd0123a37010bd18
:1035f000094ac97e13780133dbb28b4228bf0b46e0
:103600001370bde81040fff7adbf00bff700012009
:0c3610009211002064110020f60001203f
:020000040000fa
:020000040103f6
:10361c000e4a38b5002313600d4a0e4c13600e4a47
:10362c000e4d13600e4a13600e4a13600e4a53621d
:10363c00136101239360fff738fdfff736fdac42b1
:10364c0000d338bd54f8043b9847f8e7d800012064
:10365c00dcfc00207c070001d8fc00208407000162
:0c366c00d0fc0020d4fc0020e0fc00207a
:020000040000fa
:020000040103f6
:1036780070b5064692b00d46684631460af0ecff32
:10368800009cfcb16189403989b202aa40232046d6
:103698000df07afb1022294602a815b10df04afa5e
:1036a80050b92146304607f01dfd0b9c00220b2324
:1036b80011460cb10c98a047684605f0c9ff009c5c
:0836c800002cdfd112b070bd2f
:020000040000fa
:020000040103f6
:1036d000f0b51c46fe2c83b00b461646054614d9a1
:1036e000ff21042267ba8df805100deb02018df859
:1036f0000430adf8067009f0e1fb20b922463146ee
:10370000284609f0dbfb03b0f0bd022269468df8c4
:1037100000308df8014009f0d1fb0028f3d1002cd6
:08372000ecd103b0f0bd00bfc5
:020000040000fa
:020000040103f6
:1037280030b5144ca3884ff6ff72934283b01cd077
:10373800054623b101332846a38003b030bd02f00b
:1037480059fd04210deb01000df08afb70b9019ab7
:103758006ab16ff000439a4208bf0122a388226031
:1037680001332846a38003b030bdfee7fee70122ff
:08377800f4e700bf0800012086
:020000040000fa
:020000040103f6
:103780000b79886210b44c7943f00403c4f341040c
:103790000b71234650f82320a2b9032b07d154b153
:1037a00002687ab9012c06d042685ab90123013364
:1037b000dbb29c42eed1c1e9071140f824105df85c
:1037c000044b7047d369c1e907321962d16140f8ef
:0837d00024105df8044b704762
:020000040000fa
:020000040103f6
:1037d80030b587b01c46154603ab0df10602adf8af
:1037e8000640f9f749febdf8100003e009f036fb82
:1037f800bdf810000a9b0246294678b1039808f0e4
:10380800fdfc03a950b1bdf81030bdf80620e41a3c
:103818000df10600a4b21d44002ae7d1b4fa84f0e1
:08382800400907b030bd00bfec
:020000040000fa
:020000040103f6
:10383000f0b587b017461c460caa03ab0d9ebdf829
:103840003050f9f71dfebdf8102003e009f00afb27
:10385000bdf8102013462146384682b10096039adf
:10386000fff7baff03a950b1bdf81030bdf8302002
:103870001c44ed1a0ca8a4b2adb2002ae6d1b5fae8
:0838800085f0400907b0f0bd1e
:020000040000fa
:020000040103f6
:10388800f8b500230c4681f8fe300178064622463a
:10389800104803f0d5f9054688b933788bb134213f
:1038a80020460ef0bfff074648b1716808f07efd5c
:1038b80000bac7f8020001f0b7fac4f800012846b8
:1038c800f8bd204633210bf077fe342120460bf05b
:0838d80073fef0e754c6002066
:020000040000fa
:020000040103f6
:1038e00030b583b0002204468df8072093b162788a
:1038f000d4e909516ff341020020627060620db19a
:103900001846a84704f1180041f2883109f0ecfa92
:1039100003b030bd08460df1070210210af0d6feb3
:10392000034638b99df8072022b1ff2a14bf034689
:083930002523dce70623dae79a
:020000040000fa
:020000040103f6
:103938004278d11e012917d9052a00d0704710b541
:10394800c38804460bb103898bb10123637004f16a
:1039580090000df077ffd4f8ac303bb1d4f8b0103c
:103968002079bde810401847e8f790bd10bd05f074
:103978005bf8d4f8a43003222271002bebd0d4f8e2
:08398800a8009847e7e700bf23
:020000040000fa
:020000040103f6
:10399000022906d0032908b519d0012908d0012031
:1039a00008bd0078a0f1ff00b0fa80f04009704730
:1039b0000268034632b9426822b9826812b9c06807
:1039c0000028edd01878ff3818bf012008bd037813
:1039d000ff2b01d0002008bd05f06af8032894bf32
:0839e0000020012008bd00bf1a
:020000040000fa
:020000040103f6
:1039e80070b50d4604468179286882b0164609f0fc
:1039f800d3ffa379834202d0002002b070bd0d4ae4
:103a080000922a68a1882068fff7e2fe0346002892
:103a1800f2d0a27929688c182c608a5cb2fa82f0fc
:103a28004009002ee9d12e2ae7d101342c6018462e
:083a3800e3e700bf550504019e
:020000040000fa
:020000040103f6
:103a400070b5164682b0a1b101398db205eb4501c2
:103a500000f10c05044605eb810501e0ac4208d0fd
:103a600020463146f3f7a2f90c340028f6d002b014
:103a700070bd30460cf068fb034610b1002002b068
:103a800070bd304601220df107018df807300df0b1
:083a90002bf902b070bd00bf6c
:020000040000fa
:020000040103f6
:103a980038b5114a0446034604300df0adfa234602
:103aa80000250e4ae56343f8402f04f14c00a36457
:103ab8000b490ff091f90b4a84f86c5041f2707180
:103ac800c4e918123520012384f89d50a4f85c003d
:103ad80084f86830204638bd453104018128040146
:083ae800f06f03010301010569
:020000040000fa
:020000040103f6
:103af0002de9f041134482b09db2aa42bdf8207076
:103b00001bd814460e460de0bdf804305bba9bb2dc
:103b1000bb4214d0bdf806305bba9bb204331c44e0
:103b2000ac420ad81ffa84f8042341460deb030285
:103b300030460df02df90028e6d04ff00008404641
:083b400002b0bde8f08100bff6
:020000040000fa
:020000040103f6
:103b480030b587b015460c461248694609f07afd2b
:103b580029462046102302aa0df016f9b8b9bdf877
:103b68000a30b3f5406f11d1bdf80c30b3f5407f82
:103b78000cd1bdf80e30b3f5d85f07d1049a009b7d
:103b88009a4203d1059a019b9a4200d0062007b0b9
:083b980030bd00bf00c6002093
:020000040000fa
:020000040103f6
:103ba00070b592b000f13801064603a804f020fe7b
:103bb000039ce4b161893439342305aa89b2002514
:103bc0002046cde906550df0e3f82146304605f0d4
:103bd000d7ff06990b200022002311b1009007980f
:103be000884703a805f038fd039c002ce2d130463d
:083bf0000af08ef812b070bd5e
:020000040000fa
:020000040103f6
:103bf800c2784378073200ebd20202330432184409
:103c0800931c98421cd3537802331344834217d829
:103c180010b408e01a46023398420cd353780233a2
:103c28001344834207d81478b1eb540ff2d11046ed
:103c38005df8044b7047002210465df8044b70474e
:083c480000221046704700bf86
:020000040000fa
:020000040103f6
:103c500038b54ff2bf04a34202d00024204638bd3d
:103c6000084615460c460df09bfeb0b921460d489e
:103c70000df086fa04460028efd0294609480df0d9
:103c80007ffa0028ead128460cf048fc0028e5d14c
:103c90002846bde838400cf025bc2846bde8384031
:083ca00008f000bc08d300206d
:020000040000fa
:020000040103f6
:103ca80010b5044612480ef019fb40b1a37fdb079c
:103cb80005d4a36923b1e268231d9a4200d010bd40
:103cc8000c4ba3612046fff7abfa032808d017284e
:103cd800f5d000b1fee7a37f43f00103a37710bd41
:103ce800201d4ff47a71bde8104009f0f9b800bf03
:083cf80008d30020e093040052
:020000040000fa
:020000040103f6
:103d000030b504468bb02622002168460ef036f905
:103d1000206a637f41890139c91a04f11d0289b201
:103d200001234ff2bf05adf8225001f019fb2146e7
:103d3000684609f065fa6a46216a06480bf0a0fa5f
:103d400018b1206a08b10df04ffd002323620bb0bb
:083d500030bd00bfd8c7002000
:020000040000fa
:020000040103f6
:103d58004378012b1ad110b5408ae0b1013880b2fe
:103d68001f2804d8834041f2ac22934210d94ff463
:103d7800fa610c4807f052fa04463221002009f093
:103d880057f82044a04238bf204610bd0120704794
:103d9800fb248440f1e740f2ee2109f049f80130b4
:083da80010bd00bf804f1200a6
:020000040000fa
:020000040103f6
:103db00010b4134bcc68d3f86c399c4210d90a7def
:103dc000e31a6ab1022a09d0012b14bf0022022291
:103dd00021460c485df8044bfaf73ebd096911b95c
:103de0005df8044b70478a7f02f00f02072af7d173
:103df000012b01d10322ebe75df8044b0bf010bd62
:083e000000c600205ccf002089
:020000040000fa
:020000040103f6
:103e080070b58ab0064604a80c4615460cf040fa70
:103e1800102304a801a90196adf808300ef078fc2b
:103e280024ba0422694604a800940ef077fc0622fe
:103e3800084904a80ef072fc294604a80ef07ef981
:103e480004a80ef073f90ab070bd04a80ef06ef95c
:083e58000ef010ff382e0401ea
:020000040000fa
:020000040103f6
:103e600070b50d46164600214ff4017204460ef05f
:103e700085f8ab781a0603f00f034cbfea78ea79ad
:103e8000237095f902304cbf291d05f10801002b64
:103e9000a8bfd5f803302272acbf1bba4af6aa738a
:103ea000636004f109000cf057fe314604f583709d
:083eb000bde870400af0a8b85b
:020000040000fa
:020000040103f6
:103eb80038b504680546234607e0c04300f0010012
:103ec8006278023298b914442b682a7913449c42c8
:103ed80018d220784310012b0fd0052bedd12146a5
:103ee8002846f2f779f8627802320028ebd0d2b28d
:103ef8002146284607f0d2fce6e721462846edf79a
:083f0800f5ffdde738bd00bf45
:020000040000fa
:020000040103f6
:103f100090f834309b0700d4704710b504465030f9
:103f20000cf046fa00210d480cf07aff0c48f9f726
:103f300013f8204607f090f904f110000af07afc1b
:103f400094f8343007486ff34103002184f834308b
:103f5000a161bde81040f9f7d3ba00bf44c6002004
:083f600028d50020e4cf002069
:020000040000fa
:020000040103f6
:103f68000a79d20700d4704770b505460c46fbf7ae
:103f7800f3ff00b3237943f0100222712846c3f3fc
:103f8800001602f0b3fa237966f30413237168b1bb
:103f9800022221462846f7f719f92379db070ad4c4
:103fa80021462846bde870400bf0b6bc2846fbf712
:083fb800d3ff0028ecd170bd1d
:020000040000fa
:020000040103f6
:103fc00070b582b000f11004064600f031ff2146c2
:103fd0000546684604f00cfc009ba3b19a69aa1a36
:103fe000b2f5fa6f1946204607d35b795b0902d117
:103ff000f36c0133f3640cf0dff8684605f02cfb3a
:10400000009b002bead1306918b1c069003018bf9d
:08401000012002b070bd00bfe9
:020000040000fa
:020000040103f6
:10401800f0b583b00c4605461646084601aa12219b
:104028000cf080f8074698b116e001a901230df1bc
:10403800030220460bf0f0f9012180b901a80cf029
:104048008bfe32469df803102846e4f753fe30b93c
:10405800bdf80630002be8d1384603b0f0bd07465e
:08406800384603b0f0bd00bfb3
:020000040000fa
:020000040103f6
:1040700010b5047f1c2b6ff30004047715d00446a1
:1040800073b9c1b101f1310323f001035b78442b13
:1040900001d01b0604d52046eef710f91c2809d0e4
:1040a000201dbde810400af07dbb90f84630013b72
:1040b0001d2b01d810bdfee71e2380f84630bde859
:0840c00010400df021bd00bf0e
:020000040000fa
:020000040103f6
:1040c80038b590f82430012b02d0022b06d038bd29
:1040d80042b10f2a06d0022380f82430bde83840c8
:1040e800f8f736bf0b7943f001030b710d46044610
:1040f80000f09afe074aa86192f8cc3c43f004030a
:1041080082f8cc3c04f110004ff49671bde83840b9
:0841180008f0e6be00c600201d
:020000040000fa
:020000040103f6
:10412000f8b5046c0734e4089c420e4628bf1c46d0
:10413000114605462246304609f0c2f9074678b9cd
:10414000296ce4008c4204d9611a30460df0b4f8b1
:1041500078b9343529463046eef7f0fb002801da0d
:104160003846f8bd2a4631463046bde8f8400ef0e4
:08417000d7be07463846f8bd32
:020000040000fa
:020000040103f6
:104178002de9f04113f0030418bf012404eb930464
:104188008c421dd811b90846bde8f0814fea810874
:1041980016460c461d464246002107460df0eafe2b
:1041a80035b9384621460af035fe0020bde8f081d1
:1041b800a8eb050038442a4631460cf0c9fcf0e764
:0841c8006ff00700e0e700bf03
:020000040000fa
:020000040103f6
:1041d0000129f8b520d8044680f8641010461f461f
:1041e00016460cf0c1fac8b12046394600f8046bf7
:1041f000f7f7c8f8054620b1204600f01dfd284617
:10420000f8bddde9061204f1f40009f059f905469c
:104210000028f1d12846f8bd014dfbe7014df9e733
:0842200080b0ffff80afffff3b
:020000040000fa
:020000040103f6
:104228007f2a10b41ed9134601241b0a04f1010485
:10423800fbd10368591aa14201da1ae00368591e32
:10424800016003f8012c120af8d1012c0cdd026878
:1042580004f17f03511e016002f8013c20465df81d
:10426800044b70470124e4e7012420465df8044b21
:0842780070476ff06b04f1e7e1
:020000040000fa
:020000040103f6
:10428000f0b583b001f108040546684616460ef005
:104290001dfc0021204608f005fc22460746291d8a
:1042a00068460ef03dfe30b1054668460bf0b8fc9e
:1042b000284603b0f0bd002f0cbf002206f001021b
:1042c00069462046f9f7dcfa054668460bf0a8fc7b
:0842d000284603b0f0bd00bf59
:020000040000fa
:020000040103f6
:1042d80030b585b01c461546089b22460446fcf7b7
:1042e800bffd08b105b030bd0e9b0a992a4620468d
:1042f80007f05afc0028f5d1dde909122046ebf752
:10430800a7fb0028eed103ab019300952a46dde90f
:104318000b132046e1f780fb0028e3d12046dde9b6
:084328000d12f9f7e9fadde7d7
:020000040000fa
:020000040103f6
:1043300003681b7a013b032b9cbf124a52f82330bf
:10434000c26a88bf4ff461735ab11278013a032ae6
:104350009abf0c4951f822204ff46172934228bf52
:104360001346426b5ab11278013a032a9abf0549a3
:1043700051f822204ff46172934228bf1346184629
:08438000704700bfe4230401b3
:020000040000fa
:020000040103f6
:104388002de9f04705461746dde908890c4601b9cd
:1043980073b1c7b12968b1b163b10e69b6b1cde9de
:1043a80008893a4621462846b446bde8f0476047a2
:1043b800036843b120460cf0d3f90ef059fd0346cb
:1043c80008b12968e9e70248bde8f0870148fbe73a
:0843d80080c1ffff00c1ffffdf
:020000040000fa
:020000040103f6
:1043e000144b5a6bcab1824230b403d117e09842e1
:1043f00006d01a469369002bf9d1184630bc704795
:1044000083691bb184689968214499609361002392
:104410000022826130bc184670471046704791698f
:1044200019b195688c682c448c6092695a63012399
:08443000eee700bf60fd002073
:020000040000fa
:020000040103f6
:10443800f8b5044606f05cfdd0b1631e033312d80c
:10444800a3b2042b0fd80f4e5d017719fb699c426c
:1044580009d1735d3bb17b786bb9731900241c7566
:1044680074555c7500e0012409f0aaff2046f8bde8
:1044780001242046f8bd3846fff7aeff00237b70c5
:08448800ebe700bff8f800208b
:020000040000fa
:020000040103f6
:1044900070b5846ca26be36b82b09a42019003d337
:1044a0000025284602b070bd94f84560002201a99d
:1044b0002046faf739fb76b2731c05460ad1636ac7
:1044c000002beed004f12400edf72efa002818bfdf
:1044d0000125e6e70ef0a8fb8642e2d2013676b26d
:0844e00084f84560dde700bf30
:020000040000fa
:020000040103f6
:1044e80030b5124c8bb0012120680cf081fb20689c
:1044f80001210bf0b5fd08b10bb030bd20680ef0fe
:10450800fffb04460a4808f041fb002cf4d0094d93
:104518002046282269460ef0dbfd6946284608f049
:1045280035fb6469002cf3d10bb030bd08080020be
:08453800b8150401cc150401c3
:020000040000fa
:020000040103f6
:1045400038b5134b134c1b7803f01f03082b1cbf0b
:10455000082323700ef0bcfb082810d109230c4d52
:104560002370fa242b7803f01f03082b06d10520b3
:10457000013c0ef017f814f0ff04f3d138bd03230b
:10458000034a2370137803f01f03082bfad1e5e7e1
:0845900001000141020001419c
:020000040000fa
:020000040103f6
:1045980010b5134c94f8222002b3cb1c114b12da3d
:1045a8000344d97b84f823204030440004f0fe0003
:1045b800fcf71af84ff68073034019432046bde80c
:1045c8001040fbf7d9bf03d103440022d97be9e7a8
:1045d8001429ccbf1978195c0022e3e710bd00bf8d
:0845e80064110020fd00012018
:020000040000fa
:020000040103f6
:1045f00038b5002540e91e1240f8805c04460df0f5
:10460000b9ff44f8700c0df0adff472304f8583c97
:104610004e2304f8573c552304f8563c432304f832
:10462000553c04f8543c2b2304f8533c04f8523c0a
:10463000044b44f86c0c04f8515c44f8503ca4f171
:08464000800038bd658503010f
:020000040000fa
:020000040103f6
:104648002de9ff41134dd1f80080af88adf80c700b
:1046580006462868029002aca8798df80e00002a58
:1046680018bf1446d1e901571a461bb920460cf069
:10467800dbff0246002d02dbaa4228bf2a46cdf8fe
:1046880000803b4621463046f8f7b4fe04b0bde84a
:08469800f08100bfa030040115
:020000040000fa
:020000040103f6
:1046a000f0b50c4649682368a668e76887b000291a
:1046b0000593a4bf23f00203059305ab02930a23dd
:1046c000cde900630546d2e900232046faf71cfb3a
:1046d0002269059b0093013a3346121a391828467d
:1046e000f8f78cfe6b68db0503d563689842b8bfaa
:0646f000184607b0f0bd02
:020000040000fa
:020000040103f6
:1046f80018b3f8b5114f3b78f3b100240646104db6
:10470800234603e03a78e3b29a4215d91b0132688e
:10471800e958914204f101042b44f3d11a7b00219a
:10472800002aefd05a681973002aebd0986890478e
:104738003a78e3b29a42e9d8f8bd7047b5f000205c
:0447480080fc0020d1
:020000040000fa
:020000040103f6
:10474c0070b506460d460df00ffd04463046fcf7dd
:10475c0059fcff2c1bd0ff2819d0844217d836687f
:10476c003219a9b21388c3f3c7138b4205d10fe0da
:10477c001388c3f3c7138b420ad0137803f07f035b
:10478c0002332344dcb2a04206eb0402f0d2002236
:04479c00104670bd96
:020000040000fa
:020000040103f6
:1047a00008b50278417812f0040f034611d11207c0
:1047b0000fd4b1b90e4a92f80b2d130700f12c015a
:1047c00010d407f097fd68b10846bde8084004f032
:1047d000efb831b9d97a03f12c00bde8084009f0ef
:1047e0007fb908bd0846bde8084008f0bfbb00bf60
:0447f00000c60020df
:020000040000fa
:020000040103f6
:1047f40038b50446154621b9d0f808310133c0f85c
:104804000831a37aab420cd00d4b93f80b3d1b0738
:1048140006d4204607f06cfd10b1637eab4200d095
:1048240038bdb4f85e21b2f5007f03d2013292b2f2
:10483400a4f85e2104f5ae70bde8384009f02ebb43
:0448440000c600208a
:020000040000fa
:020000040103f6
:1048480070b5134cd4f890303bb1984202d11ee0b9
:1048580098421cd01b6b002bfad138220021d0e9da
:1048680009650df087fbc0e90965d4f89020034677
:1048780042b1904209d0114601e08b4205d0096b44
:104888000029fad11a63c4f89030002070bdfee701
:0448980000c6002036
:020000040000fa
:020000040103f6
:10489c002de9f04185791478ac4215d998460f462c
:1048ac002b46164604460a46818800680cf06afac4
:1048bc00054630b9a379f854a3793370b8f1000fd9
:1048cc0006d02846bde8f08103252846bde8f081d6
:1048dc0038462e210af00efd002818bf0625284662
:0448ec00bde8f081b2
:020000040000fa
:020000040103f6
:1048f0002de9f0410d46144606461f46114628464e
:10490000bdf81c30069a9df82080f8f799f9a0b9f7
:10491000338921885bba07f10a0212fa83f39942bc
:104920000dd8b8f1000f08d02780338969895bbaa8
:1049300012fa83f38b4202d82380bde8f08106206f
:04494000bde8f0815d
:020000040000fa
:020000040103f6
:1049440038b505460c461046104910220cf0f4f810
:1049540050b940f26d23a070238095f88c305a1c16
:1049640085f88c20e37038bd402240f26d41084b3d
:10497400a2702180b3f8163d5bbaa38095f88c3001
:104984005a1c85f88c20e37038bd00bfe8d40020a1
:0449940000c6002039
:020000040000fa
:020000040103f6
:10499800f0b501290c4683b005461e460cbf4ff4fe
:1049a80080514ff400510e4817460cf0fbfeaeb98b
:1049b800ab689bb1802338468df80430009704f02b
:1049c80073f89df8053060f3030303f0cf03d5e9ce
:1049d800026221468df805306846b04703b0f0bd45
:0449e80028c60020bd
:020000040000fa
:020000040103f6
:1049ec00556e6b6e6f776e006e6f00006531000058
:1049fc006530000063650000486f704f7074730081
:104a0c00544350005544500049503600526f757451
:104a1c00696e6700467261670000000049434d50a3
:104a2c00360000004e6f6e65000000004473744f3a
:044a3c00707473001f
:020000040000fa
:020000040103f6
:104a40002de9f0410679012e00d0fee7104d90f8d7
:104a50000c80c78a04460021f5f726fc95f8ee394c
:104a60002373b5f8ec39e382002200234146c4e900
:104a70000a2305f6e410fdf77ffd394605f6e4103c
:104a800006f06cfc31462046bde8f041f3f7d6b89d
:044a900000c600203c
:020000040000fa
:020000040103f6
:104a94002de9f04190f8f06000eb0618404504461b
:104aa4000f460dd0054601e0a84509d0284610223e
:104ab40039460cf041f810350028f5d1bde8f081f5
:104ac4000f2efbd0731c84f8f03036013d687868f3
:104ad400b968fa68a551a31958609960da60bde80d
:044ae400f08100bf9e
:020000040000fa
:020000040103f6
:104ae80070b505460446002215f80b1f10480af059
:104af80073feff2600e0e672294620460cf0fcfe15
:104b08000028f8d1e27a237b9a4205d1a37a1bb117
:104b1800013bdbb2a37253b12189606806f07efbca
:104b2800014604f11000bde8704008f0d9b970bd25
:044b380008d300207e
:020000040000fa
:020000040103f6
:104b3c00f8b5064608460c4617460af0abfb00b91a
:104b4c00f8bd21460e480af075fb05460028f7d043
:104b5c006179c1f3410100f0d5fb2a46214630466c
:104b6c00fff754fa20b12846bde8f8400cf036bee9
:104b7c003a46294602480af07dfb0028f3d1f8bddd
:044b8c00d8c7002066
:020000040000fa
:020000040103f6
:104b900070b584b0837f8df80f3000f12c0104468e
:104ba0000df10f020d48f4f73ffb054620b99df8c3
:104bb0000f60a37fb34202d1284604b070bd012329
:104bc000a67702aa0093082103ab05488df8086078
:104bd000fdf7e2fb284604b070bd00bf60c90020ad
:044be00054c6002097
:020000040000fa
:020000040103f6
:104be400f0b50024a4462346254602b3920000eb08
:104bf400020e8f1857f8042d5ef8043d14461e4625
:104c040094ea0600a41b844306403443e4172c436f
:104c140093ea02059b1aab432a401343db1723eaaa
:104c240004028f424cea020c43ea0405e2d16046d6
:044c3400f0bd00bf10
:020000040000fa
:020000040103f6
:104c3800002310b5044600f8043bfcf7a5f804f17e
:104c48006c000ef035f904f184000ef031f904f12e
:104c58009c000ef02df904f1b4000ef029f904f1ce
:104c6800cc000ef025f904f1e4000af0d5ff04f1b8
:104c7800ec000af0d1ff04f1f400bde810400af09e
:044c8800cbbf00bfdf
:020000040000fa
:020000040103f6
:104c8c0038b50446002500f8045b03f023fa04f160
:104c9c006c00a5660bf0d2fd04f184000bf0cefd88
:104cac0004f19c000bf0cafd04f1b4000bf0c6fd3e
:104cbc0004f1cc000bf0c2fd04f1e4000df000ff98
:104ccc0004f1ec000df0fcfe04f1f400bde83840fa
:044cdc000df0f6be23
:020000040000fa
:020000040103f6
:104ce000f0b4002506e0076004f8012c1212002a37
:104cf0000cdd35460468661a002e04f1ff3705f115
:104d00000106f0dc6ff06b00f0bc7047026892f9ae
:104d10000040002c08da541a002cf3dd571e002442
:104d20000760ae1c02f8014c3246dbb2f0bc07f063
:044d3000f9bd00bf0a
:020000040000fa
:020000040103f6
:104d3400f0b583b000b3fbb10c68944202d90f48bc
:104d440003b0f0bd161b1f2ef9d9c668771c36bafe
:104d5400c76026600d682c1d94420c60efd8141bac
:104d64001b2cecd91c4613460a460899cde9004190
:104d74002946fdf75fffe3e70148e1e70096ffffff
:044d8400008fffff9e
:020000040000fa
:020000040103f6
:104d880070b50546b1b10c4601200c2116460df050
:104d98004bfed0b100238360e96cc0e9004619b925
:104da800e864084670bd19468b68002bfbd1886003
:104db800184670bdc06c28b184680df03bfe2046d3
:104dc800002cf9d10020e86470bd014870bd00bf17
:044dd8000081ffff58
:020000040000fa
:020000040103f6
:104ddc0029b338b58c899c421ed8cb8993421bd3fe
:104dec008b7a0b2b0c46054610d020460df0dcfac6
:104dfc0058b12b681a6f7ab15a6f6ab19a6e5ab160
:104e0c00d86eb0fa80f04009404238bd806bf43067
:104e1c000af050fe0028e8d04ff0ff3038bd4ff0bc
:044e2c00ff3070479c
:020000040000fa
:020000040103f6
:104e300070b506f07df804460d460df0e3fe6b01fb
:104e40006201121b43ead46363eb050351025b0268
:104e500043ead2530a1945eb030399019601b61aa6
:104e600041ea926161eb03010246301945eb010111
:104e7000002307f0bffe4ff47a72002307f0bafe5a
:044e800070bd00bf42
:020000040000fa
:020000040103f6
:104e840000b583b01048adf806100df053ff0af0da
:104e940085ff0df106015020def740f90b4b1b781e
:104ea40013b90b4b1b7833b9bdf806000df0a8fb02
:104eb40003b05df804fb0cf0a5fabdf806000df094
:104ec4009ffb03b05df804fb881d0401e50001208d
:044ed400e3000120d6
:020000040000fa
:020000040103f6
:104ed80030b50d4683b00af05fffea1d0e4800e0ca
:104ee8001a461346aa4213f8014900f8014ff7d1b0
:104ef800106851686b4603c36946f020def70cf969
:104f0800064b1b7813b9064b1b780bb903b030bda1
:104f18000cf076fa03b030bde7ff0020e500012071
:044f2800e300012081
:020000040000fa
:020000040103f6
:104f2c00114b026870b41a6442681a6582681a667a
:104f3c00c2681a67eff3108072b64ff480420f24e8
:104f4c000226196300255a6008495c609e60084c73
:104f5c009a604ff400421d621c6219629a6080f3e1
:104f6c001088012070bc704700060044aa99665551
:044f7c00556699aa33
:020000040000fa
:020000040103f6
:104f800038b5044605f0b8fff0b1631e033316d8f8
:104f9000a3b2042b13d80e4a5b01d518e9698c42e1
:104fa0000dd1d35c5bb16c7854b12846fff718fa89
:104fb00000246b682c756c706c75ab6000e001248c
:104fc00009f002fa204638bd0124204638bd00bf52
:044fd000f8f80020cd
:020000040000fa
:020000040103f6
:104fd400f0b583b003b900b122b94ff0ff342046d5
:104fe40003b0f0bd1e460d4b0546d86814460f4667
:104ff4000b4a0023a4fb000107f0fafd3b460146df
:1050040000962a460020f5f745fc431c0446e6d0ea
:10501400faf71afa204603b0f0bd00bf60fd002085
:0450240040420f00f7
:020000040000fa
:020000040103f6
:10502800f8b50f4c0af008ff25681db1bde8f84037
:105038000cf01ebf0b4f0c4e38460cf095fa30465c
:105048000cf092fa094a0a4b17600c212a460a20ea
:105058001e600cf017ff2060bde8f8400cf008bf98
:105068005c00012094fe0020a8fe002050000120d2
:0450780054000120bf
:020000040000fa
:020000040103f6
:10507c00134b2de9f04245681f68ae68fd6104468c
:10508c001868d3f800e00662b2f100091e68aa683d
:10509c001f6808bf084621680ef1180c06f11803aa
:1050ac0001f10106c2f804c04946ab6018bf4ff0cd
:1050bc00ff30bc622660bde8f042f1f7bfb900bf1b
:0450cc00640001205b
:020000040000fa
:020000040103f6
:1050d0004170705f4572723a20554450204d65739f
:1050e0007361676520416464206661696c0a000031
:1050f0004170705f4572723a205544502053656e7e
:1051000064206661696c0a004170705f4c6f673a99
:10511000205544502053656e7420646174613a20b8
:0451200025730a00e9
:020000040000fa
:020000040103f6
:1051240008b5114b9978012907d0022914d10f4be6
:10513400197801298cbf0021012100221920e0f7f0
:1051440071ff58b10df0c2fd00f01f00192805d100
:10515400074b02221a7008bd0021eee76420bde867
:105164000840fbf79bb900bf8c110020fb00012015
:0451740002000141f3
:020000040000fa
:020000040103f6
:1051780003040c4a43f08073136040f201110139b3
:105188000dd1536813f0800307d05368c3f3072386
:1051980083420abf53680b461b0c1846704700bf72
:1051a800ede700bf003e0144054b41ea00411960ac
:1051b8005a681106fcd45a681206fcd5704700bf1d
:0451c800003e014460
:020000040000fa
:020000040103f6
:1051cc0038b504460df042ff024605682046a4f1ae
:1051dc00200105f061f928b90db10df078fd1160d1
:1051ec00284638bd54f80c3c002bb4bfc3f1010366
:1051fc00013344f80c3c53688d4203f1ff33536088
:10520c0020461cbf44f8105c1160656ad1f7faffa8
:02521c00e6e7c3
:020000040000fa
:020000040103f6
:1052200030b4114b018842881b888588c0880f4c98
:105230000a441a4415fa82f210fa82f292b200235a
:1052400002e001330a2b0bd034f82310914218b23c
:10525000f7d104eb830189780029f2d030bc704784
:105260004ff0ff3030bc704792fe0020a0fd0020c0
:020000040000fa
:020000040103f6
:10527000f0b5077e00f1100c0ffa87fe0cebce059f
:10528000ac4511d000f1180302e09d420cd023463a
:1052900053f8084ca14203f10804f6d153f8046c0a
:1052a000b242f2d11820f0bd012f06d001370776a7
:1052b0004cf83e1000206a60f0bd0320f0bd00bf36
:020000040000fa
:020000040103f6
:1052c00010b50b7a012b14d0022b0ed18388c28823
:1052d00003f1080494420ad80446006801221844e5
:1052e00008f062fca3880833a380002010bd0320cf
:1052f00010bd83880a46c1889c1c8c42f7d801687f
:105300001288ca52838802338380002010bd00bff8
:020000040000fa
:020000040103f6
:1053100003291dd8f8b5876aa7b14379c3f34103c0
:105320008b4217d003795b070cd504460e46014625
:10533000384600f03dff6379a56a66f34203637166
:1053400055b1fee7437961f3420343710020f8bd94
:10535000072070470020f8bdfef712fa2846f8bd76
:020000040000fa
:020000040103f6
:1053600030b587b04589adf806300b44ab4200dd5f
:10537000fee703ab14460df10602f8f781f8bdf81d
:10538000103003e007f06efdbdf810301a462146dc
:1053900063b1039803f008f9bdf81020bdf806309a
:1053a00003a90df106001444002bebd107b030bd6a
:020000040000fa
:020000040103f6
:1053b0000b795b0754bf8b6a0023984200d0fee74d
:1053c000ca699ab10b6a8bb110b40468a1420ed0bd
:1053d000da610b6a13620a795df8044b002363f308
:1053e00082020a71c1e907338b627047fee7994276
:1053f000036004bf00230360d1e90723e8e700bf8f
:020000040000fa
:020000040103f6
:1054000038b50123054603fa01f1002007f014fd29
:10541000ab7c00eb8000db074fea80140bd5ab6957
:105420000a48997906f046fc214605f16000bde87e
:10543000384007f085bd054804f0ccfe214605f153
:105440006000bde8384007f07bbd00bf00c600200b
:020000040000fa
:020000040103f6
:10545000124b1840b0f5004f1ed00dd9b0f5404f9b
:105460001ad013d94cf24003984215d04cf6404361
:10547000c01a18bf01207047b0f5046f0cd0b0f50a
:10548000446f09d0003018bf0120704748f2400334
:10549000c01a18bf012070470020704740ccffffa2
:020000040000fa
:020000040103f6
:1054a00070b58488032c1dd9066835882846f3f723
:1054b000ebfbff2815d0290713d5a04212da335c85
:1054c0005a070fd003f01803102b0fd0182b0bd056
:1054d000002b0cbf052306231844c0b28442b8bf7a
:1054e000ff2070bdff2070bd0e23f5e70a23f3e710
:020000040000fa
:020000040103f6
:1054f00030b58bb00546222201a800210cf03efdfc
:105500002a46d5f8b84052f8360f516802ab03c3ab
:10551000022329898df8103007a80df041fc0023e3
:1055200001a821468df81a300193ddf743ff20468c
:105530000cf0bef940f6ff73036020460bb030bd9f
:020000040000fa
:020000040103f6
:1055400030b5c3b0044601a80d460cf0f7f920466b
:1055500001a9fef799f9044610b1204643b030bdc9
:1055600001a835210df062f960b1694605f02aff06
:105570000028f2d1054a009bd2f8f02913402b6095
:10558000002bead11724204643b030bd00c60020ce
:020000040000fa
:020000040103f6
:1055900070b584683cb1a14202d11fe0a1421dd088
:1055a000246b002cfad11d460b46164604463822c1
:1055b000184600210cf0e2fcc0e90965a268034628
:1055c00042b1904208d0114601e08b4204d0096bf1
:1055d0000029fad11a63a360002070bdfee700bf66
:020000040000fa
:020000040103f6
:1055e00002b330b40c780378a3421dd10446501e98
:1055f00054fa80f5002005e014f8013f11f8012f5e
:10560000934205d10830ac42c0b2f5d130bc7047ee
:10561000534003e05b000130dbb2c0b21a06f9d59b
:1056200030bc70471046704763400020f6e700bf6b
:020000040000fa
:020000040103f6
:1056300070b5064682b000f10c0528460af0cafd96
:105640000446a0b1014628460cf0e2f8002201a968
:1056500030460194dcf7aafb01980028edd00cf04d
:10566000c3f828460af0b6fd04460028ead102b085
:1056700070bd019808b10cf0b7f80df0fffa00bf4b
:020000040000fa
:020000040103f6
:1056800030b50a46a3b00d467e230b210f4809f022
:10569000bff828b902a92846f2f77cfb044620b1de
:1056a0002846f5f7dbf9044610b1204623b030bd9b
:1056b0007e2300932a4602ab0b2104488df88540d7
:1056c000fcf76afe204623b030bd00bf54c6002060
:020000040000fa
:020000040103f6
:1056d00025642e25730000006176655273733a25a8
:1056e000732c206c6173745273733a25642c206c94
:1056f000696e6b5175616c6974793a2564000000bc
:1057000030000000313235003235000033373500cb
:1057100035000000363235003735000038373500a7
:020000040000fa
:020000040103f6
:105720000379032b00d0fee78379052b0bd00123ef
:105730000b70438a012b0dd9037a022b15d807d0a1
:1057400000200870704702230b70037a012b0cd8dd
:10575000002070478279037a042aeed0062b04d801
:10576000012af5d0022bf3d8eae71720704700bfd3
:020000040000fa
:020000040103f6
:1057700043780bb3012b1ad010b54379044693b18b
:105780002046faf77dfb04f14000002105f0d8f92e
:1057900020464ff6fe71faf73bfb20460021f4f756
:1057a000cffd002010bd054809f0d4f8e8e70379e3
:1057b000022be1d1002070470d207047f4ce00206d
:020000040000fa
:020000040103f6
:1057c000032a01d80620704730b40c7804f0d804be
:1057d000c02c02d0062030bc70470546088840ba6d
:1057e000c0f30a002880488840ba68800c7814f01a
:1057f000200008d0042aedd00a790521d200aa8021
:1058000000201980e7e70422a8801a80e3e700bfa0
:020000040000fa
:020000040103f6
:1058100010b582b00446002301a90e480193fff79a
:105820008ffea8b9019999b12368994210d02046fa
:1058300008f062fc01a804f0a7ff074a074bb3fb7e
:10584000f0f0606092f8ee39237320460af098f881
:1058500002b010bdc8ce002000c60020c13f050028
:020000040000fa
:020000040103f6
:10586000826fd0f898309a4205d3c36e0f4a987968
:105870001178884201d001207047d8795178884248
:10588000f9d19278197a9142f5d1587a59788842ab
:1058900003f10102efd1987a12f8011f8842ead190
:1058a000d97a53789942e6d10020704794310401a7
:020000040000fa
:020000040103f6
:1058b00038b5836b0446d3f86c020af091f8a36bf9
:1058c0000025d3f86422c3f87822c3e99b5583f8f6
:1058d000185220460af0b4f8236d1bb12a46294617
:1058e000e06c9847636fa26b162b02d00023937174
:1058f00038bde36e1b78142bf8d10323937138bda8
:020000040000fa
:020000040103f6
:105900002de9f041164601221f4604460d46fdf7db
:10591000a3f808b1bde8f08128460df0adfa04f116
:105920000c08024641462046e6f75afe0028f1d10f
:1059300028460df0a1fa0121024640460cf01efb5c
:105940003a4631462046bde8f041eff7a5bd00bf1d
:020000040000fa
:020000040103f6
:1059500070b543f0a00682b01446334604320546c3
:1059600008f056fc18b1a0f5145002b070bd2b68b9
:10597000a3602b68626826609c182146302301aa28
:10598000284608f045fc0028edd12b680199034a10
:105990000b449c4218bf104602b070bd9adaffff5c
:020000040000fa
:020000040103f6
:1059a00070b584b00023164601aa01938df8083023
:1059b0000393fdf71ffdb8b9019d95b103993060c0
:1059c0000d440346044600bf11f8012b9a401443ce
:1059d000a94203f10803346001d0202bf4d104b0b4
:1059e00070bd306004b070bda0f5145004b070bd3f
:020000040000fa
:020000040103f6
:1059f00070b500220123051d0270837041700446ba
:105a000028460e4602f06cfb04f164000df05ef8cf
:105a100004f16c000af018ff04f184000af014ff8e
:105a200004f19c000df052f831462846f5f7aafc27
:105a3000024b002818bf184670bd00bf80b1ffffa1
:020000040000fa
:020000040103f6
:105a400030b589b00b460546694610462022984776
:105a5000044610b1204609b030bd09200af084fe8a
:105a6000012201462846fcf7f7ff04460028f1d141
:105a7000284620226946e6f7b3fd04460028e9d10e
:105a8000684620210cf072f8204609b030bd00bff6
:020000040000fa
:020000040103f6
:105a900070b50368ce1a002e82b01ddd1e78012e6f
:105aa00014d101331546036001aa0446fcf74afbf2
:105ab00050b9019b012b0cd1236813f8012b003244
:105ac00018bf01222a60236002b070bd6ff0610030
:105ad000fae76ff06300f7e76ff05f00f4e700bfed
:020000040000fa
:020000040103f6
:105ae000a82a040109000000cc780001dc7800013c
:105af00001000000082f040107000000e078000109
:105b0000f0780001020000000079000105000000ab
:105b10000879000110790001030000000000000076
:105b20000000000000000000000000000000000075
:020000040000fa
:020000040103f6
:105b300038b50c46b9b1c2888a4205460ad00af087
:105b40006ff842f210739c4217d8eb889c420ed833
:105b5000002038bd9200002100680cf00ffa0123ec
:105b6000ab80002038bd0af05bf8204638bd2146e6
:105b70002846bde8384005f017b96ff00f0038bd72
:020000040000fa
:020000040103f6
:105b800002000000382f040103000000502f040120
:105b900004000000682f040126000000282f0401e3
:105ba00027000000402f040128000000582f0401a6
:105bb00029000000302f04012a000000482f0401b2
:105bc0002b000000602f0401000000000000000016
:020000040000fa
:020000040103f6
:105bd0002de9f041044617460846012219461e46a3
:105be00002f018fac0b1037903f01f03102b13d190
:105bf00038340546204605f04bf82946204603f088
:105c000017f908b1bde8f081324639462046012334
:105c1000bde8f041fcf7f0be6ff00c00f2e700bf0a
:020000040000fa
:020000040103f6
:105c20002de9f0418cb0dde912478846dde9141614
:105c3000179d0297cde9003408ac1346cde9031651
:105c40004246cde905450021fef746fb10b10cb0f8
:105c5000bde8f0812a462146169800f009f8002890
:105c6000f5d0304641460bf081ff6ff00e00eee7b5
:020000040000fa
:020000040103f6
:105c7000032af0b420d904240026a0f1040c0f1f3d
:105c800000e02c460ceb04031d683b191b686b40bd
:105c9000251daa4246ea0306f3d2a24207d9035db4
:105ca0000d5d01346b40a24246ea0306f7d1b0b263
:105cb00040ea1640f0bc704700263446ede700bfce
:020000040000fa
:020000040103f6
:105cc00030b583b020b10e4b00681b6898420dd0f0
:105cd0000c4c0d4840f201330125002201a925702a
:105ce000adf804300bf0c0fb03b030bd074c2368a7
:105cf000002bedd0fff744f900232360e8e700bf55
:105d00007c0101209c0101201c10002018000120b2
:020000040000fa
:020000040103f6
:105d100030b583b020b10e4b00681b6898420dd09f
:105d20000c4c0d4840f202330125002201a92570d8
:105d3000adf804300bf098fb03b030bd074c23687e
:105d4000002bedd0fff71cf900232360e8e700bf2c
:105d5000780101204f0101201c100020fcc500200b
:020000040000fa
:020000040103f6
:105d600070b54ff47a7082b00af094fe0c4e0d4a72
:105d70000d4c012501463346009500200af030f80d
:105d800030604ff47a700af077fe009501462346a2
:105d9000064a00200af024f8206002b070bd00bf5f
:105da0007c010120c15c030178010120115d030128
:020000040000fa
:020000040103f6
:105db00030b50e4b012183b0054619702ab15168e8
:105dc0000b480a7803320af0c7fe0a4b0a4c1d70d2
:105dd000002240f20223012501a908482570adf8f0
:105de00004300bf041fb03b030bd00bf17000120b1
:105df00098f90020e9000120e80001201c10002093
:020000040000fa
:020000040103f6
:105e000008b5124b9a7dc2b11a7e9b7d1906d2b29b
:105e100014d40e4a137e927dd007dbb201d5d90788
:105e200011d40a4a137e927d5207dbb205d55b0777
:105e300003d5bde80840f0f715b808bd1306e8d54e
:105e400001f0eefbe5e7f1f727faeae7000c004086
:020000040000fa
:020000040103f6
:105e500070b5104e337804460d4643b124b91db1d8
:105e60000d4b93f900204ab14ff0ff3070bd0b4845
:105e70000af0aefd0128f7d13070efe7d5e9012037
:105e800029685568986002265a601e70a847204607
:105e900070bd00bfea000120bcff002030000120df
:020000040000fa
:020000040103f6
:105ea000f0b583b003b900b122b94ff0ff342046fa
:105eb00003b0f0bd1e460d4b0546d86814460f468c
:105ec0004ff47a720023a4fb000106f093fe3b46d8
:105ed000014600962a460020f4f7defc431c0446e7
:105ee000e5d0f9f7b3fa204603b0f0bd60fd00201d
:020000040000fa
:020000040103f6
:105ef00070b504460d46164609f0a2ff94f84430ea
:105f0000ff2b04bf002384f8443094f84530ff2b66
:105f100004bf002384f845300bf0aeffa36b23b120
:105f20002046bde87040f3f75fbb04f12400324621
:105f30002946fff7a3f82046bde87040f3f754bbad
:020000040000fa
:020000040103f6
:105f4000f8b5104c104f114e4ff0805500f09afcf0
:105f50002368012b04d93560bff34f8fbff36f8fd8
:105f60000df076f902f054fa0428efd93b680133ba
:105f70003b6002f04dfa042801d90df073f9e5f702
:105f80008bfee3e7bcfb00207800012004ed00e07d
:020000040000fa
:020000040103f6
:105f900010b50f4b0f49186886b0002340f629143e
:105fa000cde90133cde9033301aa0123adf8144053
:105fb0000cf0a6fe28b10146074806f0ebfd06b03e
:105fc00010bd2146054806f0e5fd06b010bd00bf36
:105fd000080800200c11002098840301b8840301f4
:020000040000fa
:020000040103f6
:105fe00038b5124b5a780f2a054602d128b98124b8
:105ff00016e0202a01d10128f9d01a7802f0ff0416
:106000006ab99c700820dcf7b9f90828fad14db9b3
:106010000f20dcf7b3f90f2802d0202800d0862407
:10602000204638bd2020dcf7a9f9f4e764110020f0
:020000040000fa
:020000040103f6
:1060300013b57f23104c8df807300df1070006f0e3
:1060400009fe9df80730a3760df038f884f8220099
:1060500009f004f8e07601200af062fd074a92f8a0
:10606000423003f0fe0382f84230012009f048ff7d
:10607000002002b010bd00bf6411002000000141eb
:020000040000fa
:020000040103f6
:1060800070b5044616460d460e4a00f01ff832461b
:10609000294604f150000123eef780fe00230a4a4e
:1060a000c4f83446c4f82c26c4f81836c4f81c3694
:1060b000c4f82036c4f82436c4f82836c4f830367c
:0c60c000204670bda1000401412d040128
:020000040000fa
:020000040103f6
:1060cc0070b500250560044616460bf0e5ff214629
:1060dc000c4ba08041f8083f23460b4ac4e904143a
:1060ec00c4e90655c4e9085543f8282f04f12401e6
:1060fc002363c4e90e55c4e91056c4e91255616313
:0c610c00204670bd492d0401512d0401f6
:020000040000fa
:020000040103f6
:10611800f0b5044683b017460e461d4602f0c4fa91
:1061280004f1310323f00103022118785f7020f095
:10613800300040ea0610187068460af091fe694679
:106148002046022204f0e8ff30b928460bf074fc20
:0c6158000146204602f0c8fa03b0f0bd7a
:020000040000fa
:020000040103f6
:1061640030b5428983b0ff21b2f5007f8df8071066
:1061740018d201220df10701044606f09dfe0546e2
:1061840010b1284603b030bd04f1310323f00103fc
:1061940001229a746189198220460cf08bfa2846f0
:0c61a40003b030bd0325284603b030bd19
:020000040000fa
:020000040103f6
:1061b0004b79c3f3410310b450f8232091420fd020
:1061c000d1e907231362ca69da610a795df8044be1
:1061d000002342f004020a71c1e907338b62704761
:1061e0000a6a914208d05479c4f341049c4218bf12
:0c61f000002240f82320e3e70022fae739
:020000040000fa
:020000040103f6
:1061fc0000b50e4883b00bf017fd012300220c49ab
:10620c0000930a48102307f03ff90a4808f094fd60
:10621c00064a0949002302f128000093fdf788f88b
:10622c0000b1fee703b05df804fb00bf38f60020b8
:0c623c0081f4030160f600202d0a02012d
:020000040000fa
:020000040103f6
:106248008378052b20d070b5867cc6f34006f5b25e
:1062580075b181690b681b8813f0200f00f11c00d1
:1062680014bf0e23002300220cf0acfa002070bdee
:106278000446f8f7f5fd2046a4f8035084f85d605d
:0c62880006f01cf8284670bd0d20704781
:020000040000fa
:020000040103f6
:10629400c37a427e10b403f0fc04fc2c1cbf04330c
:1062a400c37299b10f2928bf0f211309994238bf2e
:1062b4001946047e134661f307134376e30702d5b8
:1062c40012f0f00f04d05df8044b70470821ece79e
:0c62d40001215df8044bfaf701bf00bf88
:020000040000fa
:020000040103f6
:1062e00070b590b00d4606466a4608464023002128
:1062f0000af04efd0d9c002c08bf2c4606f13c0018
:106300002146fff755f840236a46002120460af04f
:106310003ffd0f9b18460bb10bf066fa20460bf0c1
:0c63200063fa0e9c002ceed110b070bd92
:020000040000fa
:020000040103f6
:10632c00426802b310498a4238b503d118e08b4257
:10633c0004d01a461369002bf9d138bd14318a42a6
:10634c000dd000231361084d044600232a4619463c
:10635c002046fef71bfb2d69002df6d138bdfee75c
:0c636c0000234360efe77047cc1b0301e7
:020000040000fa
:020000040103f6
:1063780070b582b00e4600f138016846154602f045
:1063880033fa009c24b914e003f062f9009c84b14c
:106398006189343934232a4689b220460af0f4fc4c
:1063a800b3692a681bba9a426846edd1204602b002
:0c63b80070bd0024204602b070bd00bf84
:020000040000fa
:020000040103f6
:1063c40038b54278023a022a02d90025284638bd57
:1063d40003780d4a13f0020f044614bf022301236d
:1063e400fbf784f86378022b0546efd1e3781a07ac
:1063f400ecd4237843f0800323705b06e6d4204674
:0c640400fbf70cf8e2e700bf24230401c2
:020000040000fa
:020000040103f6
:106410000b791a0770b5044604d50d46c17811f002
:10642000080605d09b0702d52379052b0ad070bd3d
:106430000121084807f008fc3146074804f0d4fb66
:106440002b79efe70123e3712046bde87040e9f7bf
:0c645000a3bc00bfe8d2002098d20020be
:020000040000fa
:020000040103f6
:10645c000b680bb3486810b568b14278023210442f
:10646c000c46597802311944062202f0fbfb60609d
:10647c0068b1002010bd93f90200002803f102025c
:10648c0007dbd8790624204452fa80f0e8e717207d
:0c649c0010bdd8780224f6e717207047e6
:020000040000fa
:020000040103f6
:1064a80038b590f83430104a8263002523f00f0382
:1064b800044680f83430056045608560c560056134
:1064c800c582856180f8245080f82e500563c56325
:1064d800503007f08dfb0bf0e1fd2564a082656468
:0c64e800a564e564204638bddd06040113
:020000040000fa
:020000040103f6
:1064f400f8b5064609f06cfee0b1044617272046bd
:1065040004f098f8b369a34205460ed0227912f03c
:10651400010fc2f3001308d01a462146304623b9ae
:10652400f1f72efe022808bf00272c46002de6d1e5
:0c6534003846f8bd17273846f8bd00bff8
:020000040000fa
:020000040103f6
:1065400030b5002483b0224601ab019405460c46c9
:10655000f4f788fe28b1019808b10bf045f903b0b3
:1065600030bd04f10801019802f022f901990648b2
:10657000f7f738fc0028eed004f1200228460199f4
:0c65800000f09efe03b030bd56cf00209e
:020000040000fa
:020000040103f6
:10658c0070b50b78ff2b0c46154605d192f82530cb
:10659c0043f0100382f82530204605f07dff70b1e2
:1065ac00094e0fce28606960aa60eb6026686068af
:1065bc00a168e268ea612e616861a96170bd284634
:0c65cc000af09cfdf2e700bfb8d40020ec
:020000040000fa
:020000040103f6
:1065d80070b501f1310323f001035e78022e0ed16c
:1065e8001b7813f0300f0c461646054608d0224695
:1065f80006f110012846bde87040f3f701bb70bdf5
:10660800054807f0b5f9224606f110012846bde80d
:0c6618007040f3f7f5ba00bfd8c70020af
:020000040000fa
:020000040103f6
:10662400032921d838b501eb410300eb830393f828
:106634001c22d20700d438bdd0f814220c46d3f85b
:106644002412521ac0f814220546d3f8200209f085
:1066540005fa4ff407730c2111fb04316a18002367
:0c6664006b505360936038bd704700bf5e
:020000040000fa
:020000040103f6
:10667000f0b5826b016cd2f87c52a94283b01ad07b
:1066800004460564c2f87c12034654f8d40fd2f8cd
:10669000807261686d4603c56d4603cdd2f88452a1
:1066a000c3f8d4706560c2f88002c2f88412196c15
:0c66b000184602f0ddfb002003b0f0bd36
:020000040000fa
:020000040103f6
:1066bc00f8b50546fdf736fed5f8d070b0f5617f1c
:1066cc0028bf4ff46170874202d300242046f8bde6
:1066dc000646284605f02ef9041ef7db284600f086
:1066ec0079fe002808db8442efd9241af61bb44249
:0c66fc0028bf34462046f8bd0446e7e7fe
:020000040000fa
:020000040103f6
:10670800036870b5ce1a002e1add1d7805f07f05d6
:10671800022d13d115465a1c02602a461b7842f8ee
:10672800043b0446fbf70afd28b923686a68ab6096
:106738001344236070bda0f50a5070bd014870bdb8
:0c674800014870bd1eddffff20ddffffdb
:020000040000fa
:020000040103f6
:1067540070b516460a6882b00546b21a0df10700f4
:106764000c4603f027fc08b102b070bd9df8071079
:106774002846fff73bf90028f6d1ab78012b09d165
:1067840023682246f31a05f18401281d05f072f9e5
:0c67940002b070bd0048e7e780b0ffffd6
:020000040000fa
:020000040103f6
:1067a0000e4b1b7833b170b50d4d2e7882b016b1fb
:1067b00002b070bd704704460cf079fc09492044d2
:1067c00040f2032308703246012401a906482c70c8
:1067d000adf804300af048fe02b070bde6000120ba
:0c67e000e4000120e00001201c1000205b
:020000040000fa
:020000040103f6
:1067ec0070b40f490f4a104b4ff08844082060607a
:1067fc00102548608026a924b9208d6516634ff4b6
:10680c00007554610321506005240220956559647c
:10681c00dc64c3f81c1270bcc3f83402704700bfb0
:0c682c00002a0044002b0044001000442f
:020000040000fa
:020000040103f6
:1068380001b108b90120704730b50e4b0e4a0d461c
:10684800d96883b00023a0fb010106f0cff900242a
:1068580001462346009422462046f4f719f8431cc3
:10686800286002d1012003b030bdf8f7ebfd2046c7
:0c68780003b030bd60fd002040420f0066
:020000040000fa
:020000040103f6
:10688400f8b50f4d2b68cbb10e4f0f4e09f0d6fa69
:10689400fb68dc68201d07f0d1fd3368013b3360e1
:1068a4002b68013b2b600bf0e5fa206bf4f76efbd1
:1068b4002046f4f76bfb2b68002be7d1f8bd00bf33
:0c68c400740001200cff00207000012077
:020000040000fa
:020000040103f6
:1068d00038b50cf095fb0cf093fbb0f5fa4f04d3f0
:1068e0004ff088431b6c0cf08bfb00210748084dd0
:1068f0000cf076f9074b084800224ff6ff140721e9
:106900001a602a600460196038bd00bf5d3204015e
:0c69100018e000e010e000e014e000e0ff
:020000040000fa
:020000040103f6
:10691c000f4b70b516461a780d4602f0ff04a2b95b
:10692c000c4a0d49106042685c770a601278013a93
:10693c00da700af0e1f80f2801d107f0dffd3146db
:10694c002846e9f7bdfb204670bd8624fbe700bf57
:0c695c0064110020881100205011002060
:020000040000fa
:020000040103f6
:1069680070b5104c6ff007026272073240f20e6386
:10697800a272e2600a220025a4f81330072103233b
:1069880022740126084a637584202572e1726674b0
:10699800a2612377f0f78afda674e075a57565777f
:0c69a80070bd00bf92110020000a020523
:020000040000fa
:020000040103f6
:1069b40001f000428b1aa3f16051b1f5801f0adb8c
:1069c400b1f17f6f09d242eac102c10071f1004105
:1069d40042eb507070471046704701285b4113f535
:1069e400001f02d842f0ff407047c90041ea5070ce
:0c69f400104340f4800040f080407047e9
:020000040000fa
:020000040103f6
:106a000010b50f4c236863b1002813da0d4b2268d0
:106a10001b68d21a43429a4208db22681044206065
:106a200006e006f0fff82368002bedd14ff0ff32af
:106a3000104610bd044b1a682368d21a8242ebe755
:0c6a4000d4ff0020dcff0020d8ff002065
:020000040000fa
:020000040103f6
:106a4c00c1f30a5340f21e42d21a0edd202a0ad894
:106a5c00cb0243ea505040f00040d04090eae17045
:106a6c00b0ebe1707047002070474b00004218bf3c
:106a7c0043f0010313f5001f88bf21f0004111f012
:0a6a8c00004058bf6ff00040704753
:020000040000fa
:020000040103f6
:106a98004f50454e5448524541442f7468726561c1
:106aa800642d7265666572656e63652d32303233aa
:106ab800303730363b20504943333243585f425acf
:106ac8003b204f6374202033203230323520313060
:086ad8003a30333a3433000078
:020000040000fa
:020000040103f6
:106ae00038b505460c4601f0e3fd05f1310323f00e
:106af000010304f131011a7822f0300221f0010182
:106b000042f0200244201a7058704a885a800a784d
:106b100002f00f02082a00d9fee728460431bde83a
:086b2000384004f0fdba00bf8b
:020000040000fa
:020000040103f6
:106b28005b25635d20000000252e2a7325733a201b
:106b38000000000000000000257300005b257320a2
:106b48006c656e3d253033755d0000007c000000eb
:106b5800202530325800000020202000207c000032
:086b680025630000200000bfbe
:020000040000fa
:020000040103f6
:106b700030b405682b78303bdbb2092b18d89bb2b8
:106b800015f8012f303ad2b203eb8304092a02eb45
:106b9000440406d8a3b2ff2bf2d90622104630bc1b
:106ba0007047dbb20022056010460b7030bc7047a6
:086bb00000230622f7e700bff5
:020000040000fa
:020000040103f6
:106bb8002de9f84fddf82890cab106460f469846e9
:106bc8009246002502e09db2aa4510d905eb0a03ba
:106bd8005b1008fb037b594630469cb2c847002827
:106be80004f1010305d0eedca246aa45eed84ff029
:086bf800000b5846bde8f88fc0
:020000040000fa
:020000040103f6
:106c00002de9f04186888e4200d2fee7c488f5184f
:106c1000a54216d81f4603680446c81990460d467b
:106c2000721a1844591801f0bffc206841462844e4
:106c30003a4609f091ffa3883b44a3800020bde8b9
:086c4000f0810320bde8f081a2
:020000040000fa
:020000040103f6
:106c480030b585b0002914460df10e020cbf0121a4
:106c580002210092fe25234600220a48adf80e5074
:106c6800f8f7b6fb38b9bdf80e30ab4206d884f851
:106c7800fe3005b030bd0c28fbd1fee7172005b06b
:086c880030bd00bf00c6002072
:020000040000fa
:020000040103f6
:106c900070b586b01646adf806300df1060203abae
:106ca000f6f7eefb3546bdf8104003e006f0daf8e3
:106cb000bdf810402246284654b1039909f04cff14
:106cc000bdf8063003a90df106002544002bedd1d7
:086cd000a81b80b206b070bde4
:020000040000fa
:020000040103f6
:106cd80038b5d0e956329a4200d0fee704460d4650
:106ce80000f5a07200f598710bf000fd94f865317d
:106cf8008bb16a1e04f21f1393f82150597869402a
:106d080002f8011f581c94f86551a3f58f73191bdd
:086d18008d420346f0dc38bd9a
:020000040000fa
:020000040103f6
:106d200010b50c46014604f0fffaff2819d0096897
:106d30000b88c3f38123022b0dd0032b02d000203c
:106d4000207210bd01440122204606f02dff0223cf
:106d50002372002010bd0b5a2380012323720020d0
:086d600010bd062010bd00bfac
:020000040000fa
:020000040103f6
:106d680010b503880446014603f47c43002243f02f
:106d780001030b482380626041f8180fa262c4e93e
:106d8800081204f108000bf059fd04f110000bf093
:106d980055fd2346034a43f82c2f2046636310bd54
:086da800fd2704010928040184
:020000040000fa
:020000040103f6
:106db00038b504460d46f5f701ff0d4b93f8093d34
:106dc0008bb1022b03d12946204609f00dfb237815
:106dd0000848002b0cbf4ff080514ff00051bde828
:106de00038400af0e3bc29462046f6f7c5feeee738
:086df00000c6002028c60020a7
:020000040000fa
:020000040103f6
:106df800010204005365635472616e73706f72749c
:106e080000000000ffc0000000000000a8c0000053
:106e180000000000aec00000000000002bc0000011
:106e28000000000017000000030400002b06010406
:086e38000182df2a000000bf07
:020000040000fa
:020000040103f6
:106e40005b25755d202573004170706c696361740a
:106e5000696f6e20436f6170205365637572653a88
:106e6000204e6f7420737570706f72746564206348
:106e700069706865722e00006b65792065787061b5
:086e80006e73696f6e0000bf24
:020000040000fa
:020000040103f6
:106e8800036823b94068b0fa80f040097047da1cfb
:106e980006d182884ff6ff739a420ed000207047c1
:106ea800b3f17f4ffad18388fe2bf7d18079a0f117
:106eb800fc00b0fa80f0400970478379ff2bedd1d0
:086ec800c079c009704700bf4a
:020000040000fa
:020000040103f6
:106ed00010b5104b1b7884b01bb1b0f5404f0bd3ed
:106ee000fee78c890193031901a80291adf80c30db
:106ef000faf792f904b010bd6fea80406fea904053
:106f000043ba0222084601a9adf8043005f0d6ffc5
:086f100004b010bd4e01012088
:020000040000fa
:020000040103f6
:106f180002b370b5064684b00d4614460ee02a88c2
:106f280001a806f0fbf8013ca4b270b9bdf80c301a
:106f38002a885bba0a3313442b8044b12946304669
:106f480004f0d8fa31460028e9d004b070bd00201a
:086f580004b070bd0020704779
:020000040000fa
:020000040103f6
:106f6000f0b5002499b00d4606461746084608aa13
:106f700021464023cde90144cde90344cde9054450
:106f8000079409f005ff159b064a0192a34208bf2a
:106f90002b463a4601a93046029301f0c9fd19b0cb
:086fa000f0bd00bf00c6002097
:020000040000fa
:020000040103f6
:106fa80070b5154688b000241e460a462b4601a92e
:106fb800cde90144cde90344cde9054407940446ed
:106fc80004f0ccfa049638b1014601ab2a462046b3
:106fd800fff7e6ff08b070bd024601a9204601f0a0
:086fe800a3fd08b070bd00bf5d
:020000040000fa
:020000040103f6
:106ff000323030313a343836303a343836303a3a42
:107000003838383800000000010101020101000099
:1070100034700301307003012c70030128700301e8
:10702000287003012a700301210010000c000000e9
:08703000010000001c0000bf7c
:020000040000fa
:020000040103f6
:107038004268e2b170b50e4e06f128018a4203d1ca
:1070480013e08b4204d01a461369002bf9d170bda6
:107058001661084c05460023224619462846fdf7c6
:1070680097fc2469b442f6d170bd4660f1e77047d9
:08707800cc1b0301f41b030112
:020000040000fa
:020000040103f6
:107080004268104938b5d2b18a4217d0134601e0a0
:107090008b4213d01b69002bfad100e01a4613690a
:1070a000002bfbd11161074c05462246002301212c
:1070b0002846fdf771fc2469002cf6d138bd4160eb
:0870c000f1e700bfcc1b030146
:020000040000fa
:020000040103f6
:1070c80070b582b004460191c51c214601a8164638
:1070d800fff74afd80b9019ba5421a7804f1010423
:1070e80003f101030bd02e2a06d1214601a80193f2
:1070f800fff73afd0028eed0062002b070bd964298
:0871080018bf062002b070bda3
:020000040000fa
:020000040103f6
:107110007f291ed030b44478e208072a98bf013294
:1071200002f01f0262f3c70401eae17344705b429c
:1071300001889bb2db00c1f30a04551e9bb205fb1c
:10714000043393fbf2f262f30a01018030bc0020a9
:0871500070470720704700bfe3
:020000040000fa
:020000040103f6
:10715800f0b5074683b00e4668463946154601f035
:1071680043fb009c2cb915e0684602f071fa009cbc
:1071780084b12a463146204604f0a6fa0028f3d006
:107188002146384609f014f8684602f061fa009c76
:08719800002ceed103b0f0bda4
:020000040000fa
:020000040103f6
:1071a00070b5104b41f2a60284b09a5ad3f8404d04
:1071b00093f8441d93f8476d8df80a1052baa3f85e
:1071c000452d014624ba40f60b0501a8adf80b2069
:1071d000cdf806408df80d60adf8045007f064fa64
:0871e00004b070bd00c60020e0
:020000040000fa
:020000040103f6
:1071e80038b50378c3f30013dbb94578012d04469d
:1071f800c0e9621213d9022d0bd04ff47a712378ab
:1072080043f0100304f5c870237005f069fe0020f0
:1072180038bd2946e0f72efb4ff47a71efe719469f
:08722800ede7052038bd00bfb1
:020000040000fa
:020000040103f6
:1072300000f00e000e281cd8dfe800f00c1b0f1b1e
:10724000131b171b1b1b1b1b1b1b080029230b706d
:107250000020704700230b7070472b230b70002019
:1072600070472c230b70002070473c230b700020cc
:0872700070470620704700bfc3
:020000040000fa
:020000040103f6
:10727800f0b583b00d4669461c461746e9f7b6f8df
:10728800064688b99cb1ab89e41a64baa4b26946c7
:1072980008222846adf8044005f00cfe064618b949
:1072a8002846082109f064fd304603b0f0bdbc88cb
:0872b800083464baa4b2eae74d
:020000040000fa
:020000040103f6
:1072c00010b54b795b0982b002d1436c0133436442
:1072d0008b88019123f4c45343f080038b800948c9
:1072e000002201a9daf762fd0446019808b10af00c
:1072f0007bfa204602b010bd019808b10af074fa7a
:087300000bf0bcfc5cc6002090
:020000040000fa
:020000040103f6
:1073080030b50f4b93f8093d022b83b000f11c05f3
:1073180009d90c4b0821009128461a46002104f08f
:107328000dff03b030bd044610300af08bfa00237d
:107338002846a37203b0bde830400af083ba00bf04
:0873480000c60020807f0a004e
:020000040000fa
:020000040103f6
:1073500010b5437f022b04460ed094f83e200b4814
:10736000002363f3000284f83e20637704f12c01cc
:10737000bde8104003f0ccba037fdb07edd5024631
:1073800003490448faf7a8ffe7e700bf2cc700202d
:0873900089310401d8c7002077
:020000040000fa
:020000040103f6
:1073980010b584b0044601a90e4806f0c1fa78b9c0
:1073a800bdf8061001294ff001000bd8b4f844309d
:1073b8000bb1834204d9a4f8440020460af0a0fb8c
:1073c80004b010bd04f002ffb4f84430002bf0d133
:0873d800f1e700bfb8de002060
:020000040000fa
:020000040103f6
:1073e000d0f8c030d0f8b810026c581a72b1916b56
:1073f00059b14b791b09023b092b06d8dfe803f092
:107400000a050505070707050507064870471368bd
:10741000184470470979d36801f01f0203eb420357
:08742000184470470094ffffbf
:020000040000fa
:020000040103f6
:107428002de9f04383b017460a9e324488469200fd
:1074380000211c4605460af09dfd96b1043c04eb6c
:10744800860607f1010900bf54f8043f0093284657
:107458003b4642464946ebf793fdb44205f1040525
:08746800f2d103b0bde8f0838e
:020000040000fa
:020000040103f6
:1074700070b504688c4284b01ad815460a1b042ad9
:1074800016dd0434091b1a460646cde9004128469c
:1074900003ab0899eef702fe40b9039b32681bbab2
:1074a0001360039a336804321344336004b070bd30
:0874b0000048fbe700b1fffffb
:020000040000fa
:020000040103f6
:1074b80030b4046c0734e4089c4212d8b0f8663043
:1074c8000c6093b1c36943b1436a33b11546294689
:1074d8002246603030bc0af0e5bb6ff06d0030bc6e
:1074e800704700230b600248f9e70248f7e700bf3e
:0874f80000b1ffff80b0ffffaf
:020000040000fa
:020000040103f6
:10750000f8b503681f79012f15d115460446d0f848
:10751000e4000e460bf092fa294638460bf088fa42
:10752000c4f8e40048b131462a4609f015fbc4f816
:10753000e8500020f8bd0248f8bd0248f8bd00bf81
:08754000008fffff0081ffff37
:020000040000fa
:020000040103f6
:1075480030b50368cd1a002d83b01add1d78022de1
:1075580014d101331546036001aa0446faf7eefd7b
:1075680008b103b030bd019a2168284605f0a4ff90
:107578002368019a1344236003b030bd6ff06100a3
:08758800efe76ff05f00ece794
:020000040000fa
:020000040103f6
:1075900070b503f0cdfc04460d460bf033fb6b01d8
:1075a0006201121b43ead46363eb050351025b02e1
:1075b00043ead2530a1945eb030399019601b61a1f
:1075c00041ea926161eb03010246301945eb01018a
:0875d000002305f00ffb70bd64
:020000040000fa
:020000040103f6
:1075d80010b50af02bff0d4b0d4a1b6811680d4cb6
:1075e80003eb83035b01b1fbf3f203fb12121a44b2
:1075f800b0fbf3f101fb1300101ab0fbf3f203fb2d
:107608001200a4fb0030c0f3cf1010bd20000120f1
:0876180024000120cdccccccf4
:020000040000fa
:020000040103f6
:107620000f4b5a8b12f0070200d170470d4810b46f
:1076300007218024c2871c7659831a7e510703d5ff
:107640009a6a1a7e5207fbd4036a2bb1416a5df82d
:10765000044b036a022018475df8044b704700bfd3
:08766000000c004020fd002099
:020000040000fa
:020000040103f6
:1076680038b504460af0c8fb002c17db63099b00f9
:1076780003f1604303f5614301221d6804f01f0410
:10768800e54002fa04f41540c3f88040bff34f8f79
:10769800bff36f8f0af0bafb284638bd00250af001
:0876a800b5fb284638bd00bf08
:020000040000fa
:020000040103f6
:1076b00010b4104c636b7bb170b19a68904210d9d2
:1076c000002103e040b19a6882420ad29a68996028
:1076d0009b69801a002bf5d1636923615df8044b27
:1076e00070479a68101a9860636923615df8044bcb
:0876f000704700bf60fd00209f
:020000040000fa
:020000040103f6
:1076f800104b1b68db6870b5dc680546201d0e461c
:1077080006f09afe94f824305a0708d423f00103af
:1077180084f824302046236abde870401847204684
:107728003246294606f074fe236a2046bde87040ba
:08773800184700bf50000120ba
:020000040000fa
:020000040103f6
:107740002de9f041804628200f4615461e46e7f7f2
:1077500037fe0446a0b1002380f82430fdf764fc16
:10776000069bc4f80080c4e906762362201d0bf056
:1077700063fc2db194f8243043f0040384f82430e2
:087780002046bde8f08100bfc6
:020000040000fa
:020000040103f6
:107788000f4a032393705378dbb200bf03f01f0343
:10779800082b10d1937b43f010039373094b1a689d
:1077a80042f001021a601a6ad20707d51a6822f055
:1077b80010021a6070475378dbb2e7e71a6af3e7fa
:0877c8000000014100400141f5
:020000040000fa
:020000040103f6
:1077d00010b50bf03dfc026801469ab102f120049d
:1077e000204602f05ffe28b908602046bde8104040
:1077f000cff70fbd5369002b05da013301d11069b2
:107800000860536110bd013b002b02d113690b606e
:08781000ebe7f6da0bf061fa78
:020000040000fa
:020000040103f6
:1078180008b50346ff2b08461bd003f07003202b46
:107828000fd004d8abb1102b13d00bf02dfc402b8c
:107838000bd0502b0dd0302bf7d1bde80840daf72c
:1078480093bdbde80840daf792bdbde80840daf715
:067858007dbd002008bd0b
:020000040000fa
:020000040103f6
:10785e0010b50278202a034600f10100f9d0a2f1fa
:10786e0009010429f5d92b2a07d02d2a11d101217e
:10787e000133013b00200a2403e00021f8e76043b6
:10788e00801a13f8012f303a092af8d901b940426b
:06789e0010bd0021ede722
:020000040000fa
:020000040103f6
:1078a4000e4b1988014410b489b20d4c002302e038
:1078b40001330a2b0cd034f823208a4218b2f7d1b2
:1078c40004eb83029278002af2d05df8044b7047ef
:1078d4004ff0ff305df8044b704700bf92fe00206c
:0478e400c8fd0020bb
:020000040000fa
:020000040103f6
:1078e80038b5d0f82836bbb1dd69adb104462946b4
:1078f80000f5c560fdf758fdd4f828362bb1db69d3
:107908001bb104f22c6006f049ff04f150006a89ab
:107918002946faf7bdfe00b938bd2846bde838400b
:0479280009f05ebf45
:020000040000fa
:020000040103f6
:10792c0070b50c460646114620461d4605f026fa53
:10793c00044640b14022294605f0bafa28b1204647
:10794c0009f04cff0024204670bde96a06f10800de
:10795c0006f08eff30460122214600f069f82046e1
:04796c0070bd00bf2b
:020000040000fa
:020000040103f6
:1079700070b516460446a1b101f014fe80b9e38843
:107980004ff6ff75ab4207d109e02046f1f7dcf86e
:1079900030b9e388ab4202d0a388b342f5d10020ce
:1079a00070bdc2884ff6ff739a42f8d0f1f7ccf859
:0479b000e4e700bf49
:020000040000fa
:020000040103f6
:1079b400f0b5054685b0174601a80a4629461e4675
:1079c40007f08cfc044670b9bdf80c309e420dd80b
:1079d40031460df10a000af061fe3a460df10a0142
:1079e40028460bf0cff9204605b0f0bd062420460a
:0479f40005b0f0bd2d
:020000040000fa
:020000040103f6
:1079f80090f8243010b5044653b1012b0abf4069f2
:107a08008069a06101462046bde8104005f068bacb
:107a18004169480881420ad80023a061e38384f8b9
:107a2800253001462046bde8104005f059ba05f05a
:047a3800fff9f1e77a
:020000040000fa
:020000040103f6
:107a3c008b6a03b1fee7cb6903b1fee710b40c6aa5
:107a4c0004b1fee70b79886264f382030b7103685f
:107a5c0063b1db69cb6104680c6219620368012aab
:107a6c00d96108bf01605df8044b7047c1e907118b
:047a7c000160f8e7c6
:020000040000fa
:020000040103f6
:107a800030b587b00c46adf80630114605460df10d
:107a90000602204603abf5f7f3fcbdf8102072b1e7
:107aa0000399284608f03cf903aa0df1060140b9f4
:107ab00020460af017fbbdf81020002af0d107b0cd
:047ac00030bdfee7f0
:020000040000fa
:020000040103f6
:107ac40038b542f22413c25c02b938bd002504461d
:107ad400c554294608f0c6fa2946204609f08af812
:107ae4002946204609f09ef804f154000af0dcfd12
:107af40004f5216003f0e2fb04f11100bde8384015
:047b040006f072be57
:020000040000fa
:020000040103f6
:107b080038b50d46044608f025fcff2819d024682e
:107b1800235c03f01803102b0bd0182b00f1050081
:107b2800204429460cbf08220022bde8384009f04d
:107b38000fb80530204429460422bde8384009f032
:047b480007b8fee795
:020000040000fa
:020000040103f6
:107b4c00f8b50e460968b3790c888371174605465b
:107b5c0020220830002104f440540af009fa77b9c5
:107b6c0044f002042b681c8033681a88d20500d5b7
:107b7c00fee72a689b7893700523ab80f8bd44f030
:047b8c001204efe709
:020000040000fa
:020000040103f6
:107b900038b50c4601f1220092f9151094f82450e2
:107ba000f1f7b2f90a4890f8093d022b03d100f62b
:107bb00048539c4200d038bd90f86c3dab42fad09f
:107bc00028304ff00041bde8384009f0efbd00bf5c
:047bd00000c60020cb
:020000040000fa
:020000040103f6
:107bd40070b50e460446154611460123024630464a
:107be40007f01cfc10b9207808b9607070bd3046ed
:107bf40002232246294607f011fc0028f6d12378f7
:107c04002bb901236a889a4238bf062070bd637875
:047c14000233f7e759
:020000040000fa
:020000040103f6
:107c180010b4847802880b0a94b113449bb29a4238
:107c28000bd8090289b2194489b299423cbf013183
:107c380089b201805df8044b704701339bb2f0e7cd
:107c480002eb03239bb29a4201d901339bb2c9b21a
:047c5800e9e700bf99
:020000040000fa
:020000040103f6
:107c5c0038b5cb7cdb070c46054614d42a6842b1f8
:107c6c0094420fd0134601e09c420bd05b69002b71
:107c7c00fad16261284622462c600121bde83840c9
:107c8c00f1f736be38bd024920460af0edfde5e7b6
:047c9c00b0d4002040
:020000040000fa
:020000040103f6
:107ca000036813b91be05b69d3b19942fbd18b7cac
:107cb00003f00103934212d070b50c4616460a46f3
:107cc00000210546f1f71afea37c66f30003a374b6
:107cd000284622460121bde87040f1f70fbe7047eb
:047ce000704700bf2a
:020000040000fa
:020000040103f6
:107ce40038b504460e4d00234ff48070c4e90753a1
:107cf400c4e90133e36023616361a3610d4620801d
:107d040004f1240009f068fe294604f12c0009f06e
:107d140031fe294604f140000af0a2fa204638bd9b
:047d24009928040195
:020000040000fa
:020000040103f6
:107d280038b505463ab1012a13d00468002c0cbfb7
:107d38000320002038bd0c680a600068a042f5d016
:107d480008b109f04dfd002c2c600cbf0320002069
:107d580038bd08684189eff703fc04462868a0424b
:047d6800eed1e3e78e
:020000040000fa
:020000040103f6
:107d6c00036823b94ff4fa710a2005f05fb810b517
:107d7c000446fdf757f8d4e90031421a93420dd965
:107d8c001944091ab1f5fa7f38bf4ff4fa71002380
:107d9c0023600a20bde8104005f048b84ff4fa7192
:047dac00f5e700bf38
:020000040000fa
:020000040103f6
:107db000f8b50d46816b8d42044617461e464ff0be
:107dc00080010b480cd009f0f1fcb4f82c1184f8b8
:107dd0003c700131a4f82c1184f83f60a563f8bd14
:107de00008f0a6ff84f83c7084f83f60a563f8bdf6
:047df00028c6002081
:020000040000fa
:020000040103f6
:107df4002de9f04784b01c46ff23d4e900a98df88f
:107e04000f3080460f4616460df10f0505e000bf02
:107e14009df80f30c4e900a943b1009523463246ca
:107e240039464046d8f7cef80028f1d104b0bde871
:047e3400f08700bf14
:020000040000fa
:020000040103f6
:107e3800f0b58db0002307460d46019306ae03e06a
:107e4800304608f077fe88b10024aa8a029601a974
:107e580002ab3846cde903440594dbf7a5ff1822a9
:107e680029460028ecd020460db0f0bd01200db009
:047e7800f0bd00bf9a
:020000040000fa
:020000040103f6
:107e7c00f0b58db0002307460d46019306ae03e026
:107e8c00304608f055fe88b100246a8a039601a991
:107e9c0002ab38460294cde90444dbf783ff182289
:107eac0029460028ecd020460db0f0bd01200db0c5
:047ebc00f0bd00bf56
:020000040000fa
:020000040103f6
:107ec00038b5044634f8083b1bb10d4b93f8092d27
:107ed00022b92046bde8384009f0b8bc054603f693
:107ee00098400af02ffa0028f3d12b884ff47a71ca
:107ef000204601fb03f1bde8384004f0f5bf00bfa8
:047f000000c6002097
:020000040000fa
:020000040103f6
:107f040070b5488840bac0f381300c4615460af073
:107f140097f806466888248840bac0f381300af08e
:107f24008ff8b04204d0b4bf01204ff0ff3070bdd1
:107f3400298860ba49ba89b280b2bde8704004f0b9
:047f4400a7bc00bf17
:020000040000fa
:020000040103f6
:107f480070b5866900f11002964203d0827a114416
:107f5800817270bd4268002afbd00268002af8d0fe
:107f680004460d4607f008fd2189237ba5720131df
:107f7800e372002004f05cff01463046bde8704023
:047f880004f0aebf94
:020000040000fa
:020000040103f6
:107f8c0010b50246044600234ff6ff700a496064a0
:107f9c00c4e90f3384f84830e36442f8501f0749b2
:107fac00e165a265c4e9184304f15c01044805f0dd
:107fbc0021ff204610bd00bf012a04018d310401b0
:047fcc0080c600204b
:020000040000fa
:020000040103f6
:107fd00010b50a468ab00c46202307210c4806f04b
:107fe00017fc08b90ab010bd2021204608f03cff5c
:107ff00048b920230093224602ab07210448faf730
:10800000cbf90ab010bd2021204608f02dfff0e783
:0480100054c6002032
:020000040000fa
:020000040103f6
:10801400f0b40e4d6c68acb10d4e01e06c688cb1df
:10802400e379c3f38403083556f823301b7883427d
:10803400f4d1637903f00f07b1eb871feed1b2ebf4
:10804400131febd12046f0bc704700bf805b0301d7
:048054005c010120aa
:020000040000fa
:020000040103f6
:10805800ebb10439f0b401eb8303071f043a0020a5
:1080680051f8045f52f8046f2c1aa64294bf4ff0df
:10807800000c4ff0010ca41b85422cbf60460cf18c
:108088000100994247f8044fead1f0bc70471846fe
:04809800704700bf6e
:020000040000fa
:020000040103f6
:10809c0040b18378012b10b5044604d00023238013
:1080ac00a37010bd70470430f8f76cfe04f1640047
:1080bc0007f0b0fd04f16c000af0f8fe04f1840046
:1080cc000af0f4fe04f19c0007f0a4fd00232380c9
:0480dc00a37010bdc0
:020000040000fa
:020000040103f6
:1080e00038b50025044600f8045b0af0effc04f103
:1080f0000c000af0ebfc04f114000af0e7fc04f1b8
:108100001c0008f0a1fb04f134000af0dffcc4e914
:108110000f55c4e91155c4e91355c4e91555e56572
:0481200038bd00bfa7
:020000040000fa
:020000040103f6
:10812400036870b5ce1a002e19dd1e78032e10d107
:10813400013303600446faf703f848b913685bb1e6
:108144001546013b22682b6013782bb9013222605b
:1081540070bd6ff0610070bd6ff0670070bd6ff0af
:048164005f0070bd8b
:020000040000fa
:020000040103f6
:10816800c8b1f8b5044647680c4d0d480e460323c0
:1081780003e055f8140f58b16b689f42f9d13a469d
:10818800a16808f0d7fc0028f3d12b693360f8bd4b
:108198006ff02d00f8bd6ff02d00704730710201af
:0481a800a8310401f5
:020000040000fa
:020000040103f6
:1081ac00c8b1f8b5044647680c4d0d480e46092376
:1081bc0003e055f8140f58b16b689f42f9d13a4659
:1081cc00a16808f0b5fc0028f3d12b7c3370f8bd06
:1081dc006ff02d00f8bd6ff02d007047e05a0301d1
:0481ec00a82a0401b8
:020000040000fa
:020000040103f6
:1081f000c8b1f8b5044647680c4d0d480e46082333
:1082000003e055f8140f58b16b689f42f9d13a4614
:10821000a16808f093fc0028f3d12b7c3370f8bde3
:108220006ff02d00f8bd6ff02d00704760e2030184
:048230009c2a04017f
:020000040000fa
:020000040103f6
:1082340038b50368044600251b8845600381f6f7ba
:1082440035fc206bc4f8ec50c4e90a5528b106f09b
:1082540069f8206b0af0f0fb2563d4f8e4000af017
:10826400ebfb0023c4e939332046bde83840dcf792
:048274001bb900bf73
:020000040000fa
:020000040103f6
:1082780038b51546fcf7d8fd094c0a490a4b086081
:1082880080221a70258006f03bf90320eaf75cff8c
:108298000649074b0020012208701a7038bd00bf3c
:1082a8000e0001202c0001209f010120e400012084
:0482b800e6000120bb
:020000040000fa
:020000040103f6
:1082bc000d4b30b41d6beff3108072b64ff4804150
:1082cc0000220f241d635960084d5c609a60084cb5
:1082dc0099604ff400411a621d621c62996080f330
:1082ec00108830bc704700bf00060044556699aa40
:0482fc00aa99665580
:020000040000fa
:020000040103f6
:1083000030b4eff3108172b60b4b0c4d18634ff481
:1083100080420f205a60586004209860084c9a6090
:1083200000204ff4004218621d621c629a6081f3c3
:108330001088012030bc704700060044556699aa99
:04834000aa9966553b
:020000040000fa
:020000040103f6
:10834400914208b50061416005d88169d21a8a4218
:108354000cd3012008bd9a4201d29942f9d2074bad
:10836400011d186803f040fd002008bd044b011de9
:10837400186803f039fd002008bd00bf500001203b
:048384005400012080
:020000040000fa
:020000040103f6
:1083880010b50f4c236884b023b10529cde901123b
:10839800039002dd002004b010bd07f06dfd022837
:1083a80007d0002320681a4601a9e4f7e5fc04b0c9
:1083b80010bd2068069a002301a9e4f7ddfceae76e
:0483c8005c00012034
:020000040000fa
:020000040103f6
:1083cc0001fb00f313f14d0f70b515d8064603f100
:1083dc004c000d46e6f7eeff044668b17db100f1a6
:1083ec004c032360c4e90f6501212046f3f732fcee
:1083fc000023a364204670bd0024204670bd0346b4
:04840c00efe700bfd7
:020000040000fa
:020000040103f6
:108410000b4b1b68012b0b4b02d900201b687047cc
:108420001b68d86a20b9084b1b68012b02d970471a
:1084300000207047054a064b10681b68c01a704739
:108440008000012064000120bcfb00208800012086
:04845000980001206f
:020000040000fa
:020000040103f6
:108454000b4b186818b90b4b1b6813b170470020fd
:108464007047094a12680ab118467047074b084a10
:108474001b681068013b984214bf0120022070471a
:10848400e4fe00209c0001209000012070000120e7
:04849400f8fe0020ce
:020000040000fa
:020000040103f6
:108498004170705f4572723a205544502042696eaf
:1084a80064206661696c204572723a25640a00008e
:1084b8004170705f4c6f673a20554450204c697387
:1084c80074656e696e67206f6e20706f72742025f8
:0484d800640a000032
:020000040000fa
:020000040103f6
:1084dc000d4bdb7a10b50d4c43b101230422102156
:1084ec002e2003f04bfd0123237010bd084b1b788d
:1084fc003bb9042210212e2003f040fd00232370f1
:10850c00f3e70123f5e700bf60ff0020ef00012037
:04851c00f00001204a
:020000040000fa
:020000040103f6
:10852000891a00f1824030b500f5b0304d1c0121b0
:10853000a94004880139914024ea010493401c4376
:10854000a4b2048030bd00f1824000f5b030891a39
:1085500003880131012088400138904018401041c3
:0485600080b270472e
:020000040000fa
:020000040103f6
:10856400012810b503d951f8140c06f01bf8a1f139
:108574002803bff35b8f53e8002f013a43e8002040
:108584000028f8d1bff35b8f5ab951f81c3c01f1b4
:1085940058040bb1204698472046bde8104006f029
:0485a400c9bd10bd80
:020000040000fa
:020000040103f6
:1085a800884210b40fd98b1883420cd984183ab179
:1085b800224600bf13f8014d02f8014d9942f9d146
:1085c8005df8044b7047002afad00a44431e00bfe6
:1085d80011f8014b03f8014f8a42f9d15df8044bb9
:0485e800704700bf19
:020000040000fa
:020000040103f6
:1085ec0070b590b10e4d2a68a0f110042e46a2b1c0
:1085fc0050f8101c43189a42136807d110331269b3
:10860c0002600b4440f8103c2c6070bd1033d51840
:10861c00ac4202d10b441360f7e702603460f4e71c
:04862c00cc0001205d
:020000040000fa
:020000040103f6
:1086300010b5054c227832b9044b13b10448aff39e
:1086400000800123237010bd40fe002000000000c8
:108650000000000008b5034b1bb103490348aff30a
:10866000008008bd0000000044fe00200000000063
:020000040000fa
:020000040103f6
:108670008c2810d82c2803d900210b480af038bbcd
:1086800008b5002109480af033fb002107480af029
:108690002ffb10b108bd0020704700210248bde843
:1086a00008400af025bb00bf80ff00208cff00209f
:020000040000fa
:020000040103f6
:1086b00070b500f1310424f0010400252560237811
:1086c000656003f03f0343f0400323702946a56033
:1086d000e56025616561a561064609f0edff0421ad
:1086e0003046218205f0c0f96561258370bd00bf69
:020000040000fa
:020000040103f6
:1086f00070b506460c4604e0304604f019fbb0b9ec
:108700006c1c2f21204606f0fbfd021b054623466c
:1087100092b20b210028efd1204608f089ff2346b2
:1087200082b20b213046bde8704004f001bb70bd41
:020000040000fa
:020000040103f6
:10873000f8b504468688e58800680f46ae421346c1
:1087400034bfa91b002130443a46faf755fc031efa
:108750000ddba188e2880b449bb29342a38004d333
:1087600023681344002203f8012c2046f8bdfee7dd
:020000040000fa
:020000040103f6
:10877000f8b50e4e07460d4603e0304602f070f99c
:1087800090b9802101200af0b9fc2946044600284e
:10879000f3d03b887a8801339bb29a4238bf1a469d
:1087a00000213b807a8001602046f8bd98d20020ed
:020000040000fa
:020000040103f6
:1087b00038b50b8843828b7803720d46044691f9d5
:1087c00003102c30fef7a4fc297904f12e0005f0eb
:1087d0007bfb6a79207961791346c3f34003c2f3c6
:1087e000000262f3410063f300012071617138bd42
:020000040000fa
:020000040103f6
:1087f0000b68d3b1da690260a2b11179936a4907b3
:1088000009d56bb1196841b9596831b9996821b96d
:10881000d96821b101e01bb119688a4202d0d3693d
:1088200043607047002343607047036043607047b4
:020000040000fa
:020000040103f6
:1088300038b51546044600f04bff94f901302b7013
:1088400078b10278237842b9012b08d090f9013031
:108850007f2b18bf2b70002038bd022bf6d11520be
:1088600038bd2378012b14bf0020152038bd00bf70
:020000040000fa
:020000040103f6
:108870008378033b032b18d8dfe803f015060402c6
:1088800003f020bdf7f704b910b583690446997960
:10889000064803f00ffaa16920460e230022bde826
:1088a0001040e0f7cbbbf9f707be704700c60020c9
:020000040000fa
:020000040103f6
:1088b00038b505460c46f8f719f82968ff280b88e3
:1088c00005d09b0b022b04d0032b08d023b106202c
:1088d00038bd0b5a238001232372002038bd014488
:1088e0000122204605f060f902232372002038bde2
:020000040000fa
:020000040103f6
:1088f00010b50378dc0717d54478052c02d04288e0
:10890000910602d50024204610bd6fea121161f3d2
:10891000410342f0200203704280002cf2d1bc30af
:1089200005f040ff204610bd0d24204610bd00bfbd
:020000040000fa
:020000040103f6
:1089300010b58ab0d0f8b840222201a8002109f071
:108940001dfb4ff6ff731946012207a8adf8123040
:108950008df81a200af028fa01a8072203232146dd
:108960008df824200193daf725fd20460ab010bdca
:020000040000fa
:020000040103f6
:1089700010b50378db07044605d500f1100114306b
:1089800008f0beff78b104f12c00218909f0d0fe77
:10899000236a002060700bb1616a98472046bde8e9
:1089a0001040e9f76bbe2046bde81040e4f768bc14
:020000040000fa
:020000040103f6
:1089b000827c920710d410b50446072109f0d0fe3e
:1089c00094f86e10cb0902d023881b0607d5074800
:1089d000bde8104001f0febb044801f0fbbb01f014
:1089e0007f010248bde8104003f064b900c60020d2
:020000040000fa
:020000040103f6
:1089f00070b500f12c040d46204608f027ff2846ec
:108a0000342109f013ff70b1d0f80230064e074a46
:108a1000d5f800111bba2046b34298bf1a46bde8ec
:108a2000704007f0f3bb70bdff13730f0014730f9a
:020000040000fa
:020000040103f6
:108a300010b54378da1e012a044613d90bb100237e
:108a40006370237800226ff382032370c4f8bc2084
:108a500004f1380005f05cf904f19000bde8104025
:108a600008f0f4be022100f005ff6378e6e700bfde
:020000040000fa
:020000040103f6
:108a7000002310b50822036043600b49044608f048
:108a80005df850b1084b03cb2060616007484ff49c
:108a9000003108f08bfe204610bd4ff40031034832
:108aa00008f046f9204610bdc02d040128c600205c
:020000040000fa
:020000040103f6
:108ab0000378ff2b15d0038848f2fe0223f47c5381
:108ac000934212d0036853b9436843b9836833b9fa
:108ad000c368b3f1807f14bf0e20002070470e20c2
:108ae0007047407800f00f0070470220704700bfc9
:020000040000fa
:020000040103f6
:108af000cab1013af8b50d460746d6b2002404e0e3
:108b0000ff2b01d006f00cfc013437f81420064985
:108b100052ba92b2284606f003fcb442e3b20349cb
:108b20002846edd1f8bd7047282204012422040113
:020000040000fa
:020000040103f6
:108b3000f0b591b040230c460646174648686a4691
:108b4000002108f025f99df80030dde90152052be0
:108b500008d8dfe803f003030303030315b1384625
:108b60002146a84761683046fdf7bafb11b0f0bd59
:020000040000fa
:020000040103f6
:108b700030b593b00d4600f13c016846fff738fe72
:108b8000009c94b1402302aa0021204608f000f97d
:108b9000bdf80a30ab4208d0109c002cf2d16846d8
:108ba00000f05afd009c002cecd1204613b030bde3
:020000040000fa
:020000040103f6
:108bb00038b50e4a036852f82150044623b925609f
:108bc000fcf736f9606038bdfcf732f9d4e90032c1
:108bd000811a8b42f3d913441b1a9d4238bf1d469c
:108be0002560fcf725f9606038bd00bfa0fd0201db
:020000040000fa
:020000040103f6
:108bf00070b50c682379002643f001030546237104
:108c00000e602046314609f057fd6661fcf710f909
:108c10002146a061284609f05bfd05f1380005f00a
:108c2000c1fd21462846bde87040fbf79db900bf55
:020000040000fa
:020000040103f6
:108c300010b504460d4809f087fd6378014613f02e
:108c4000f8000fd02288c2f30a02d308500754bf9d
:108c50005b42db43dbb2581ac0b2020603d47f2b5f
:108c600008bf002010bd002010bd00bf10d00020a4
:020000040000fa
:020000040103f6
:108c7000831c99421ad3437802330344994215d393
:108c800010b408e01846023399420bd343780233fc
:108c90000344994206d30478b2eb540ff2d15df845
:108ca000044b704700205df8044b7047002070476c
:020000040000fa
:020000040103f6
:108cb000f8b50e4600211d46016041608160c1602b
:108cc000016141611746311df278044609f092fabc
:108cd000698849ba89b22046faf7d4fa2b88a27c6f
:108ce0005bbaa3823b7863f30002a274f8bd00bfb5
:020000040000fa
:020000040103f6
:108cf000f0b5adf5077d002307460d46009305aea0
:108d000003e0304601f038ff78b90024694601ab32
:108d1000b5f8002203963846cde901440494dbf708
:108d200047f829460028ecd020460df5077df0bd18
:020000040000fa
:020000040103f6
:108d3000f0b5036883b0154602790093ee1d134425
:108d40000f460193f6080121684602f073fc0446c1
:108d500050b1c378ab42f6d132463946043009f0ff
:108d60007dfde3788342eed8204603b0f0bd00bf1e
:020000040000fa
:020000040103f6
:108d700038b50e4c94f8093d022b054604d0284620
:108d8000bde83840fff79cb804f6984009f0dafadd
:108d90000028f4d1ab88013304f60850ab800af008
:108da0003ff82846bde83840fff78ab800c60020e3
:020000040000fa
:020000040103f6
:108db00030b5036883b00d46bab1517802310a4428
:108dc000017900920b44019304e0c278284607f031
:108dd0007bfb38b90121684602f02cfc0446011dda
:108de0000028f2d1204603b030bd1a46e8e700bfa4
:020000040000fa
:020000040103f6
:108df00038b501f1310323f001035d78022d0bd169
:108e00001b7813f0300f0c46054606d02146284645
:108e1000bde83840e9f752ba38bd044804f0acfd6b
:108e200021462846bde83840e9f748bad8c70020af
:020000040000fa
:020000040103f6
:108e3000a1b138b50d463c220021044609f09ef848
:108e4000eb79094ac3f3840352f823301b6913b149
:108e50009847606320b12560002038bd0348704703
:108e6000a0f5c34038bd00bf5c010120009fffff9b
:020000040000fa
:020000040103f6
:108e700010b40268d0f8b8305479012c03f1030221
:108e80000ed00533c0e92f23c0f8c43029b1d1e991
:108e90000121521a1344c0f8c4305df8044b7047e6
:108ea00003f10b040d33c0f8b420c0e92f43ebe706
:020000040000fa
:020000040103f6
:108eb000c8b130b404689cb1d0f8d0406cb9d0f8d7
:108ec000c44015230225c0e932352170d0f8c430e2
:108ed0005a70012130bcdff72bb930bcf9f76ab802
:108ee000024830bc70470148704700bf008fffff49
:020000040000fa
:020000040103f6
:108ef00070b505460e4609f0e3ff044628b115b1ea
:108f0000284606f05dfe204670bd06f1600105f1c1
:108f10006000f0f715ff04460028f0d106f1680163
:108f200005f1680003f02efd04460028ebd0e6e7cb
:020000040000fa
:020000040103f6
:108f3000e0b10368d3b110b50446406848b11b786e
:108f4000082b01d0092b02d109f096fd606809f0c9
:108f500075fda06820b123689978490006f080fd6e
:108f600020460c21bde8104008f000be704700bf4d
:020000040000fa
:020000040103f6
:108f7000c8b10078082810b40c4611460cd0092856
:108f800003d00a485df8044b70471a462046002378
:108f90005df8044bebf732ba1a46204601235df820
:108fa000044bebf72bba0148704700bf00afffff3f
:020000040000fa
:020000040103f6
:108fb0002de9f0410568a94216d80e46691a8b4280
:108fc00012d80746e81a1c46114638601a4607f0c0
:108fd000c3fd002c204609db2246314638460623d5
:108fe000bde8f04103f09ebc6ff06b00bde8f0817e
:020000040000fa
:020000040103f6
:108ff0002de9f0410568a94216d80e46691a8b4240
:1090000012d80746e81a1c46114638601a4607f07f
:10901000a3fd002c204609db2246314638460423b6
:10902000bde8f04103f07ebc6ff06b00bde8f0815d
:020000040000fa
:020000040103f6
:1090300070b506688c1b002c82b014dd154601aaa1
:1090400004463678fff76ef848b92368ab602368aa
:10905000019a2e6013446a60236002b070bda0f5cf
:10906000125002b070bd0148f7e700bf20dbffffe0
:020000040000fa
:020000040103f6
:1090700038b5049c2568a5b90c4611461a4605f07a
:10908000dbf848b92368052b00d043b96268064b6a
:10909000002a18bf184638bda0f5185038bd024840
:1090a00038bd024838bd00bf00ddffff00d8ffff1c
:020000040000fa
:020000040103f6
:1090b00010b584b00023144601aa01938df808303e
:1090c0000393faf797f960b9019b3bb1012b09bff4
:1090d000039b06481b78237004b010bd207004b0b9
:1090e00010bda0f5145004b010bd00bf9cdaffff06
:020000040000fa
:020000040103f6
:1090f00070b50c460546114620461a4609f010ff89
:10910000064680b9043508e003f0ccfc2a46214627
:1091100048b1204609f000ff38b9b4f90430002105
:109120008b422046f0db304670bd0646304670bdaf
:020000040000fa
:020000040103f6
:10913000f0b50c1e83b018db0546104626461f46c8
:10914000144603f0affc00280fdde1882846fcf749
:10915000effc40b9089bcde9007331462268eb88eb
:109160002868f1f781fe03b0f0bd6ff00300fae765
:020000040000fa
:020000040103f6
:1091700038b50446806b00f52370fff7d9fea06b6d
:1091800000f5237009f048fca36b092003f5237553
:1091900007f0eafa002201462846f9f75dfc00b123
:1091a00038bda06bbde8384000f5237005f01cb851
:020000040000fa
:020000040103f6
:1091b00038b50546806e28b1e96e06f051fc0023f3
:1091c000c5e91a33286f28b1696f06f049fc0023fe
:1091d000c5e91c33e86c28b1846809f02ffc2046ef
:1091e000002cf9d128469421bde8384008f0bebcd7
:020000040000fa
:020000040103f6
:1091f0000a6812b18988102901d00120704770b522
:109200004ff0864684b002204ff2d00330606c46a7
:1092100020461b68054d984794e80700002385e821
:1092200007001846336004b070bd00bf200700205f
:020000040000fa
:020000040103f6
:1092300038b50d4c237863b90c4d2b7803b138bd8c
:1092400007f060fc162807d1012200232a70237042
:1092500038bd05f059f9efe70120f6f753fa01227e
:1092600000232a702370f3e7e5000120e3000120ca
:020000040000fa
:020000040103f6
:1092700009490a4a0a4b0a600a48c86000228a80e3
:1092800003f5c0711a609a6230338b42fad1064bf3
:10929000064a1a60704700bff0fd0020b1fa0020b6
:1092a000b8f4002050ff002018fe002025fa00200e
:020000040000fa
:020000040103f6
:1092b00000b583b000230068019301a9f6f73af9dd
:1092c00010b903b05df804fb019b5bb1074b4ff095
:1092d00080521a60bff34f8fbff36f8f012003b02e
:1092e0005df804fb012003b05df804fb04ed00e031
:020000040000fa
:020000040103f6
:1092f0000e4a012313801369d907fcd44ff40143ac
:109300000a481380036913f40043fbd10749036241
:109310000b6913f02003fbd1044a4b6213695b060f
:10932000fcd44ff4807353815360704700000142b6
:020000040000fa
:020000040103f6
:109330000d4a012330b41360136913f00103fbd10c
:109340004ff4a2601060032540f2e730074c15731c
:1093500005499083332520209572236050720b6954
:10936000002bfcd130bc704700140040f8ff0020f7
:020000040000fa
:020000040103f6
:109370000c4b5a68d00303d55a6822f480325a60e5
:10938000094b5a68d10303d55a6822f480325a60d7
:10939000064b5a68d20303d55a6822f480325a60c9
:1093a000704700bf000c0040001000400004004265
:020000040000fa
:020000040103f6
:1093b00000b5c3b007f0f8ff58b10b4b586809f07f
:1093c0004bff41f288310020ddf7ecfc43b05df843
:1093d00004fb0246022301a904488df8043008f07a
:1093e00043f843b05df804fb7410002078100020af
:020000040000fa
:020000040103f6
:1093f00007b50022cde9002201460a480a4b007851
:10940000f3f750fa094b18b9d87703b05df804fbad
:10941000022201201a70987003b05df804eb06f088
:10942000ebbd00bfc9110020dd1e04016411002046
:020000040000fa
:020000040103f6
:109430000b4b0c4819780278c9b28a4238bf0170c8
:1094400009491a460b682bb1013b0b6013b1ff238e
:1094500013707047054b052201201a7006f0ccbd31
:1094600007000141f2000120b0000120641100203a
:020000040000fa
:020000040103f6
:1094700010b50b461446024668b10422072109487c
:1094800004f052f964b10123022211460648bde8f6
:10949000104004f049b90321044804f045f9f1e70c
:1094a0002346f1e74a0001414200014148000141e1
:020000040000fa
:020000040103f6
:1094b0000d4b03229a705a78d2b200bf02f01f02fd
:1094c000082a0dd19a7b42f010029a739a7842f0e2
:1094d00010029a70054a136843f001031360704745
:1094e0005a78d2b2eae700bf0000014100400141d2
:020000040000fa
:020000040103f6
:1094f000f8b50b4a0b4c0c4e002313701d4604f1bb
:1095000050073378257323b12068431c01d0faf744
:1095100093ff1034bc42f4d1012333700020f8bd16
:0c952000b5f0002080fc0020b6f0002018
:020000040000fa
:020000040103f6
:10952c00f8b5b0f8603013b100252846f8bd00f14d
:10953c005004204617460e46fbf780f905460028d6
:10954c00f3d13a463146204604f0b4fb05460028d8
:0c955c00ebd0204604f0d6fbe7e700bf90
:020000040000fa
:020000040103f6
:1095680010b500f1310222f0010282b0937c04466a
:109578001bb1118a438999420ad0137803f00f036b
:1095880020460433002102b0bde81040fbf7e4beda
:0c9598000121019208f09afd019aeee713
:020000040000fa
:020000040103f6
:1095a40010b401f1310222f001024c891378d289fe
:1095b40003f00f03043313449c4207d30024446094
:1095c400016003815df8044beff7bcba4ff6ff73fb
:0c95d400c0f806305df8044b062070471c
:020000040000fa
:020000040103f6
:1095e000f0b5054685b0174601a80a4629461e462d
:1095f00001f006f8044670b939460df1060009f08d
:109600004ff832460df10601284609f0bdfb0a9ad3
:0c961000bdf806301380204605b0f0bd08
:020000040000fa
:020000040103f6
:10961c00f0b5054685b0174601a80a4629461e46f0
:10962c0005f058fe044668b939460df10a0009f0f8
:10963c0031f832460df10a01284609f09ffbbdf8be
:0c964c000c30f454204605b0f0bd00bf07
:020000040000fa
:020000040103f6
:10965800436803606bb11a79996a52070bd589b1cf
:109668000a6852b94a6842b98a6832b9ca6822b9de
:10967800db694360704729b10a68934202d0db690d
:0c9688004360704700234360704700bf40
:020000040000fa
:020000040103f6
:1096940030b583b01546044600910246294600239e
:1096a400eef7c8f96289954200d9fee7a389e189fa
:1096b4009d4238bf5b1ba2eb0502294434bf9bb219
:0c96c40000236281e181a38103b030bd6e
:020000040000fa
:020000040103f6
:1096d000f8b50f46041d00f5a27502e00a34ac424d
:1096e00010d014f8023c214608223846a61e1bb9a9
:1096f00014f9013c7f2bf1d007f020fa0028edd1be
:0c9700003046f8bd00263046f8bd00bf22
:020000040000fa
:020000040103f6
:10970c00038803f0200342b110b4826d8a420c46e8
:10971c0006d343b95df8044b704781654bb970476c
:10972c008165002bf6d0214603485df8044b05f00b
:0c973c0047bc014809f024ba00c6002018
:020000040000fa
:020000040103f6
:1097480010b5044606f006feff2815d023681a5cfb
:10975800012302f00702934013f0880f08d113f099
:10976800440f07d113f0220f14bf0620022010bdaa
:0c977800122010bd0a2010bd022010bd00
:020000040000fa
:020000040103f6
:1097840003681b7803f00703032b01d00020704704
:1097940000b583b00df1070103f0fcfb48b99df857
:1097a4000700a0f10400b0fa80f0400903b05df8ae
:0c97b40004fb002003b05df804fb00bfc4
:020000040000fa
:020000040103f6
:1097c00030b5c3b0044601a80d4608f0b7f801a9aa
:1097d0002046faf759f868b904460e2101a809f0a5
:1097e00025f838b150f8023f42686a6020462b6085
:0c97f00043b030bd1724204643b030bd0c
:020000040000fa
:020000040103f6
:1097fc004661696c656420746f20736574205041f8
:10980c004e206368616e6e656c20746f2025752028
:10981c007768656e206170706c79696e6720646121
:0c982c0074617365743a2025730000bf5e
:020000040000fa
:020000040103f6
:1098380010b5044682b0684607f0c2fc62786388b7
:10984800023ad2b2022a684628bf02225bba211d18
:10985800adf80030eef7eafb009b00209ab262f305
:0c9868000f001b0c63f31f4002b010bd8a
:020000040000fa
:020000040103f6
:1098740038b50446c8300d4606f0d0f86378257133
:10988400052b1cbf0523637004f190004ff4fa61ab
:1098940003f028fb04f110002622002108f06cfbe1
:0c98a4002046bde8384002f0b3bd00bf14
:020000040000fa
:020000040103f6
:1098b00070b50e6809790546304604f071f8c4b2f7
:1098c000102c0fd822462946304607f037f908b940
:1098d0002b5d4bb131462246284607f03df900206a
:0c98e000285570bd072070bd182070bd19
:020000040000fa
:020000040103f6
:1098ec0070b58468c4b10d46164601e0246b9cb17a
:1098fc0031462046f9f708fc0028f7d0a9892846fc
:10990c0003f0c0faab8903b1fee732462946d4e92d
:0c991c000930bde87040184770bd00bf66
:020000040000fa
:020000040103f6
:1099280038b5024604460d4608462823002107f0ac
:109938002bfa20b9237803f0f003602b01d006201e
:1099480038bda3885bba9bb22833b3f5a06ff6d8ad
:0c9958006a899a4218bf062038bd00bf83
:020000040000fa
:020000040103f6
:1099640030b54b1e83b03e2b8df8071012d8144629
:10997400054601220df10701204603f09dfa08b1c6
:1099840003b030bd294620469df8072003f094fa21
:0c99940003b030bd072003b030bd00bfa1
:020000040000fa
:020000040103f6
:1099a00090f86c3003b1704770b50446094808f070
:1099b00069fc00b970bd084d284606f069fd002815
:1099c000f8d12e686868a968ea68a265e66420652f
:0c99d000616570bd2ccb0020d2ca0020c5
:020000040000fa
:020000040103f6
:1099dc0030b591b00d4608466a464023002107f089
:1099ec00d1f90d9c002c08bf2c4640236a4600215f
:1099fc00204607f0c7f9a54201d00f9818b10e9c6c
:0c9a0c00002cf2d1012011b030bd00bfd1
:020000040000fa
:020000040103f6
:109a180030b4456855b1a9422b6910d033b1994289
:109a28001c6905d01d462346002bf8d130bc704771
:109a38002c6100230a4630bc1946faf7a9bf4360d7
:0c9a480000230a4630bc1946faf7a2bf02
:020000040000fa
:020000040103f6
:109a540070b5144608461a461e462146022305f0f0
:109a6400ddfc054660b9717863880131c9008b4219
:109a740008d3204608f012fe2046022107f06ef9b2
:0c9a8400284670bd0625284670bd00bfb6
:020000040000fa
:020000040103f6
:109a900030b583b008460c46082389896a4607f02a
:109aa00077f9054658b9bdf802305bba9bb2da08bf
:109ab00008d1db0706d42046082107f05df92846c7
:0c9ac00003b030bd0225284603b030bdc5
:020000040000fa
:020000040103f6
:109acc0038b50c4a044603460d46043007f092faaa
:109adc00294604f13c00084a04f04cfe0021a16622
:109aec00c4f8fc1004f16c00902208f041fa2046f6
:0c9afc0038bd00bf49310401a528040159
:020000040000fa
:020000040103f6
:109b080030b587b06c460d460948214603f09afdea
:109b180094e80300074a029206aa02e90300064bea
:109b280003931022284602a903f0c4f907b030bdf8
:0c9b380000c600200001000c0003001b10
:020000040000fa
:020000040103f6
:109b440038b50c46054609686ab9e08838b94b89c6
:109b5400e380286f09f04af948b92168a088bde874
:109b64003840fdf7b3b9006f09f040f900b138bdd2
:0c9b74002168e86ebde8384004f068bfce
:020000040000fa
:020000040103f6
:109b800010b504463c30636c984282b003d0a36b9e
:109b900043b1db6933b104f1380002b0bde81040d5
:109ba00006f00abb019107f051fe019904f138005b
:0c9bb00002b0bde8104006f0ffba00bf94
:020000040000fa
:020000040103f6
:109bbc0000b587b0084618236a46002107f0e2f882
:109bcc009df81430052b08d0072b03d101a90648aa
:109bdc00fcf7f2fb07b05df804fb00210248ddf74f
:0c9bec0047fe07b05df804fb08d3002022
:020000040000fa
:020000040103f6
:109bf80038b50468037923449c4215d223785b1056
:109c0800052b054604d010e023785b10052b0cd1fa
:109c180021462846f8f76cf8627829792b680232d1
:0c9c280014440b449c42efd338bdfee70f
:020000040000fa
:020000040103f6
:109c340030b5044683b010680190002323720d46aa
:109c440001a8082108f02afdbdf80630032b0ad923
:109c540001a92846224605f0e1fb10b9bdf80630fb
:0c9c6400237203b030bd062003b030bdf9
:020000040000fa
:020000040103f6
:109c700038b504460d4608462178eff735fa40b16d
:109c800063884ff6fe72934204d0aa8b9a4201d0a9
:109c9000002038bd6368002bfbd0294618460822f7
:0c9ca00006f04cffb0fa80f0400938bd1f
:020000040000fa
:020000040103f6
:109cac0010b504460c494c3003f018f9b4f84430a4
:109cbc00b4f8482001339bb2a4f8443012b1013af5
:109ccc00a4f84820b4f87c209a4200d910bd204654
:0c9cdc00bde8104008f05ebe80ee3600cf
:020000040000fa
:020000040103f6
:109ce800838810b504461bb1013b9bb283808bb1be
:109cf800236813b1013b236023b12046bde810401f
:109d080006f0bebc204603f0cffa2046bde810405e
:0c9d180006f0b6bce7f78cf8eae700bfe5
:020000040000fa
:020000040103f6
:109d240038b5046900f108039c4205d022b10a4dfc
:109d340095f8093d022b00d038bd0446012205f5f3
:109d4400586009f017fa05f648558542f4d12046c3
:0c9d5400bde83840fef7b2b800c60020a1
:020000040000fa
:020000040103f6
:109d600030b500f1100483b0054621466846fef781
:109d70003ffd009b7bb119465b795b09204602d110
:109d8000eb6c0133eb6406f017fa6846fff764fcee
:0c9d9000009b002befd103b030bd00bfe2
:020000040000fa
:020000040103f6
:109d9c0070b5036882b00d46017900930b441646ea
:109dac0001930121684601f03ffc0321044648b1b0
:109dbc00f9f71cff0028f4d0837803f00f039d42c1
:0c9dcc00efd13060204602b070bd00bf37
:020000040000fa
:020000040103f6
:109dd80070b5887880090c46154608f02ff90646b4
:109de800a8782488800908f029f9b04204d0b4bfc3
:109df80001204ff0ff3070bd298860ba49ba89b296
:0c9e080080b2bde8704002f041bd00bf18
:020000040000fa
:020000040103f6
:109e140038b50c464907054604d4e20006d4630469
:109e240009d438bdfdf76efae200f8d52846fbf7f1
:109e3400edfc6304f5d5044b93f8ee392b732846f7
:0c9e4400bde8384005f09abd00c60020c3
:020000040000fa
:020000040103f6
:109e500010b404460b4a0c4982600022c0e900227b
:109e6000c26044f8101f90f86e10846121f0030165
:109e7000c0e9072280f82420828580f86e105df802
:0c9e8000044b70474d07040171120401ef
:020000040000fa
:020000040103f6
:109e8c0010b590f82430012b0c4607d05ab282b191
:109e9c00022b14bf0c460024204610bd90f82c3029
:109eac008b718b7690f82c10034804f029fd20461a
:0c9ebc0010bd1446204610bde4cf00206d
:020000040000fa
:020000040103f6
:109ec800cbb10439f0b4043a061f01eb8307002034
:109ed80051f8044f52f8045f24182cbf01230023c3
:109ee8002c192cbf01200020b94246f8044f184411
:0c9ef800eed1f0bc70471846704700bf68
:020000040000fa
:020000040103f6
:109f040030b50c4603c883b06b4683e8030018469b
:109f1400154608f01bfe023802280cd801992b467e
:109f240022460878f8f7daf808b903b030bda0f58e
:0c9f3400745003b030bd00231b78ffde2a
:020000040000fa
:020000040103f6
:109f400070b582b01646302301aa04460d4604f0cf
:109f50005ff958b92368019a13449d420ad13246e9
:109f600029462046e7f768f802b070bda0f5145006
:0c9f700002b070bd0048f7e79adaffff6e
:020000040000fa
:020000040103f6
:109f7c0070b50c46054611462046f9f763fa0646bd
:109f8c0070b9043503e000bfe9f70efe50b929465d
:109f9c002046e8f7cdfc00282a4621462046f3da75
:0c9fac00304670bd0646304670bd00bf58
:020000040000fa
:020000040103f6
:109fb800022a14d90b685a1c0a601a78032a0ed18f
:109fc80010b4b3f801400333b4f5b85f0b6014bfa5
:109fd800044802705df8044b08bf0020704702482f
:0c9fe800704700bf80b1ffff80b0ffff9a
:020000040000fa
:020000040103f6
:109ff40010b5c46982b08cb1446a7cb11c4600942b
:10a00400134600f1340208460121fff78ff8054b8f
:10a0140010f10e0f08bf184602b010bd024802b07e
:0ca0240010bd00bf00b3ffff80b0ffffc5
:020000040000fa
:020000040103f6
:10a03000b42a0401080000002079000134790001ed
:10a04000080400004879000108000000547900016c
:10a050006879000109040000000000000000000011
:0ca06000000000000000000000000000f4
:020000040000fa
:020000040103f6
:10a06c00c28838b504460d468ab19200206800219a
:10a07c0007f07effea0fd3039b1a5b002268002dca
:10a08c00b8bf6d42013315600020a38038bd01219b
:0ca09c0000f084fe0028f9d1e288e6e71d
:020000040000fa
:020000040103f6
:10a0a80010b5846b82b0a4b1006890b189b182b157
:10a0b8000b4601790192a1f10101b1fa81f10093f6
:10a0c800490904f1f40003230922faf77df802b0e4
:0ca0d80010bd0148fbe700bf008fffff38
:020000040000fa
:020000040103f6
:10a0e400c0b10368b3b110b55b79012b044604d148
:10a0f40009e000bfeff7d6f920b963681b2b2046af
:10a10400f8d1002010bd036d13b1436d002bf4d1c1
:0ca11400014810bd00487047008fffff9d
:020000040000fa
:020000040103f6
:10a12000d0f8583113f0040312d0d0f8642121f490
:10a13000004323f0010393430cd141ea0203064894
:10a1400048f2010213401140994214bf0346002314
:0ca1500018467047004bfbe700d8ffffeb
:020000040000fa
:020000040103f6
:10a15c0070b50a4b0a49187082b00023094d0b7078
:10a16c001a46012640f2022401a907482e70adf8c8
:10a17c00044007f073f902b070bd00bfe900012084
:0ca18c0017000120e80001201c1000203a
:020000040000fa
:020000040103f6
:10a1980000b583b0adf8061005f0fefd0df106011f
:10a1a8005320d8f7b9ff074b1b7813b9064b1b7818
:10a1b80013b903b05df804fb07f022f903b05df8aa
:0ca1c80004fb00bfe5000120e3000120c3
:020000040000fa
:020000040103f6
:10a1d40010b50b4c0b4808f0adfd2378013b012b67
:10a1e4000cd8094b1b781bb101232370002010bd30
:10a1f40005f0c4fd012323700020f8e70d2010bdf5
:0ca20400e7000120bc2b0401e500012054
:020000040000fa
:020000040103f6
:10a2100010b582b005f0c4fdf5f7c6f9044608f0a4
:10a2200046ff084b1b78204440b213b9064b1b78fd
:10a230000bb902b010bd019007f0e6f8019802b02a
:0ca2400010bd00bfe5000120e30001207c
:020000040000fa
:020000040103f6
:10a24c0010b5002482b000680194234601aaf0f7ef
:10a25c0069fb012802d0204602b010bd019b002be7
:10a26c00fad0054b4ff080521a60bff34f8fbff3fb
:0ca27c006f8f02b010bd00bf04ed00e0c9
:020000040000fa
:020000040103f6
:10a2880070b548b90c4e0c4606f108004ff0ff3186
:10a29800154608f0b7ff18b94ff0ff34204670bdd7
:10a2a800336829461b6820469847044606f108008b
:0ca2b80008f0aaff204670bdb0ff002097
:020000040000fa
:020000040103f6
:10a2c40070b548b90c4e0c4606f108004ff0ff314a
:10a2d400154608f099ff18b94ff0ff34204670bdb9
:10a2e40033682946db6820469847044606f108008f
:0ca2f40008f08cff204670bdb0ff002079
:020000040000fa
:020000040103f6
:10a30000431e033310b512d883b2042b0fd80a4969
:10a310005b01ca18d469a04209d1cc5c44b1147d58
:10a320000023e4b2137504f04ff8204610bd00245a
:0ca3300004f04af8204610bdf8f80020a8
:020000040000fa
:020000040103f6
:10a33c0000b583b0faf772fe084b186850b1084ba1
:10a34c000193032300934ff48072002305490648c0
:10a35c0004f0b6fe03b05df804fb00bf5c00012006
:0ca36c006000012030300401099501015f
:020000040000fa
:020000040103f6
:10a378004170705f6c6f673a20554450204f70658c
:10a388006e0a00004170705f4572723a2055445061
:10a39800204f70656e206661696c65640a00000074
:0ca3a8004d696c6c695f54696d65720052
:020000040000fa
:020000040103f6
:10a3b40021b10b4b0a681a608a889a80036809499c
:10a3c400094a002b08bf0b4613604368002b08bfe3
:10a3d4000b4653608368002b08bf0b46936070479d
:0ca3e4008c1100206d3204015411002087
:020000040000fa
:020000040103f6
:10a3f0000d4b0222c3f88420bff34f8fbff36f8f42
:10a40000202183f82113c3f884215a605207c3f82e
:10a410008020bff34f8fbff36f8f83f81e13c3f8f5
:0ca4200080211a60704700bf00e100e0de
:020000040000fa
:020000040103f6
:10a42c0030b50d4a002300bf12f8134024b902ebdb
:10a43c0043035b78184630bd01680d78a54209bf0f
:10a44c0002eb430301335b78013114bfdbb20160d3
:0ca45c000a2be9d9eee700bfa4160401aa
:020000040000fa
:020000040103f6
:10a468004ff4001c1ceb410f98bf1ceb430f11d895
:10a4780051ea030c50ea4c0c5cea020c0cd004d2f2
:10a4880082428b418041013070479042994180411e
:0ca4980001307047002070470120704721
:020000040000fa
:020000040103f6
:10a4a4000378472b17d143784e2b14d18378552b3f
:10a4b40011d1c378432b0ed10379432b0bd14379ac
:10a4c4002b2b08d183792b2b05d1c07901288cbf84
:0aa4d40000200120704700207047af
:020000040000fa
:020000040103f6
:10a4de000378472b17d143784e2b14d18378552b05
:10a4ee0011d1c378432b0ed10379432b0bd1437972
:10a4fe002b2b08d183792b2b05d1c07901288cbf4a
:0aa50e000020012070470020704774
:020000040000fa
:020000040103f6
:10a5180010b5044608f09cfd02462046a4f120012f
:10a52800fff7d9ff60b154f8043c0133012b44f81c
:10a53800043c03d1936844f8083c9160012010bda5
:0aa548009368002bf9d008f0c4fb63
:020000040000fa
:020000040103f6
:10a552000378472b17d143784e2b14d18378552b90
:10a5620011d1c378432b0ed10379432b0bd14379fd
:10a572002b2b08d183792b2b05d1c07901288cbfd5
:0aa582000020012070470020704700
:020000040000fa
:020000040103f6
:10a58c002de9f0419846dde90834069e9e420746c7
:10a59c00154607d1079903f003f918b1657100202e
:10a5ac00bde8f0814146384603f0faf80028f6d0b1
:0aa5bc00012326602571a371f1e769
:020000040000fa
:020000040103f6
:10a5c80030b44d1e012d9df8084011d8062c0fd827
:10a5d8004ff6fe75aa420bd81201012942eac302be
:10a5e80042ea04020cbf1b21172130bc02f0b2bba7
:08a5f800072030bc704700bfd2
:020000040000fa
:020000040103f6
:10a6000070b582b0044601a816460d4604f0dcf889
:10a6100006e02278b24201a80bd0a18806f0a0fb88
:10a6200001aa29462046eef7dffa03460028f0d0bb
:08a630001723184602b070bdab
:020000040000fa
:020000040103f6
:10a638000279836a52070bd543b11a685ab95a6826
:10a648004ab99a683ab9da682ab9c36918467047a4
:10a65800002bfbd01a68824202d0c36918467047a3
:08a6680000231846704700bff3
:020000040000fa
:020000040103f6
:10a6700070b58e68b1420cd00568a9420c460dd069
:10a680001db905e09c4205d01d46ab68002bf9d1f1
:10a69000a46070bda368ab60a460fae706601146d1
:08a6a00000f0f4fda460f4e7f2
:020000040000fa
:020000040103f6
:10a6a80070b5046805460e462cb18b6898476368f8
:10a6b800c01a002805da31462846bde8704000f087
:10a6c800e1bd284632462146fff7ceff23682046e3
:08a6d800bde87040184700bf07
:020000040000fa
:020000040103f6
:10a6e00008b503681a8802f44053b3f5005f0bd035
:10a6f00012f4406f14bf0120002050b112f4807f8b
:10a7000014bf0220032008bd1046faf7a1fe00285e
:08a71000f4d1ff2008bd00bfd9
:020000040000fa
:020000040103f6
:10a7180038b50c46054605f01dfeff2811d02b68fc
:10a728001a5c02f01802102a09d0182a0cbf082255
:10a7380000220344134400205b79237038bd0422af
:08a74800f7e7062038bd00bf51
:020000040000fa
:020000040103f6
:10a7500038b50c46054605f001feff2812d02b68df
:10a760001a5c02f01802102a07d0182a0cbf08221f
:10a770000022034413445c7138bd04220344134493
:08a780005c7138bdfee700bf6b
:020000040000fa
:020000040103f6
:10a7880070b5ff2382b00646002401e09df807302b
:10a79800ff2b03f1010314bfdbb20b230df10701fb
:10a7a80030468df8073000f0effde5b2013400289f
:08a7b800ecd0284602b070bd90
:020000040000fa
:020000040103f6
:10a7c00010b5018804460246002301f47c41094883
:10a7d0002180636042f8180f04f10800c4e90823df
:10a7e000a36208f02ff804f1100008f02bf82046bf
:08a7f00010bd00bff1270401b8
:020000040000fa
:020000040103f6
:10a7f80038b5082204460d4606f09cf950b12b687e
:10a808006a68626023604ff400310648bde838404a
:10a8180006f0c8bf4ff400310248bde8384006f0e2
:08a8280083ba00bf28c600201e
:020000040000fa
:020000040103f6
:10a830005388fe2b70b513d80546144608462a46a1
:10a84000214604f0edfd064608b1304670bd638830
:10a8500085f8fe30faf7ecfac5f80001304670bd15
:08a860000726304670bd00bf61
:020000040000fa
:020000040103f6
:10a8680070b4ca680e684d688c68c0f81a40c0f8a1
:10a878001260c0f81650c0f81e20038a0a8a428463
:10a8880013b1002070bc7047014670bc014808f045
:08a8980097ba00bf88c600203a
:020000040000fa
:020000040103f6
:10a8a00070b590b008460c46164640236a46002113
:10a8b00006f06efa0f9d0db110b070bd7189304673
:10a8c000ecf752fe6a460f90294620464023faf7dd
:08a8d00047fd10b070bd00bf90
:020000040000fa
:020000040103f6
:10a8d8008379013b032b15d8dfe803f00b04021042
:10a8e800012070470878a0f1ff00b0fa80f0400915
:10a8f80070470878ff3818bf0120704701f1080039
:08a9080005f0b4bd002070470a
:020000040000fa
:020000040103f6
:10a9100030b4056855b1a9426b6913d033b199427f
:10a920005c6905d01d462346002bf8d130bc70472a
:10a930006c61cb7c6ff34103cb740a4630bc0021c1
:08a94000eef7dcbf0360f4e751
:020000040000fa
:020000040103f6
:10a9480070b50b480d46f4f75bfc70b9094bd3f8aa
:10a958002c41064614b909e064693cb129462046f1
:10a9680008f036fa237c8342f6d80126304670bdbb
:08a97800a0d6002000c600205b
:020000040000fa
:020000040103f6
:10a9800030b583b005460a4b00930c46faf750faef
:10a99000ab6e0849c31aa1fb03239b095bba20468f
:10a9a00006226946adf8043002f088fa03b030bde3
:08a9b00000080002d34d621003
:020000040000fa
:020000040103f6
:10a9b80000b583b00846062311466a4606f0e4f956
:10a9c80050b9bdf802305bba9bb2012b07d9bdf86c
:10a9d8000430002b18bf062003b05df804fb0620e6
:08a9e80003b05df804fb00bfa1
:020000040000fa
:020000040103f6
:10a9f00070b5164605460c4600f080fd00b170bdee
:10aa00000a2332462188284606f0c2f90028f6d1ea
:10aa1000338921886a895bba11fa83f30a33934236
:08aa200094bf2380062070bde5
:020000040000fa
:020000040103f6
:10aa280010b504460b4807f059fc38b9237803b928
:10aa380010bd2046bde8104001f090bd204601f051
:10aa4800a5fd2378012bf3d12046bde8104004f082
:08aa580043be00bf08d300203b
:020000040000fa
:020000040103f6
:10aa600070b50e460546fbf745fd1728044601d094
:10aa7000204670bd284606f0c1fe0028f8d0437974
:10aa8000c3f34103b342f3d2014605232846032210
:08aa900004f056ff0024ebe77f
:020000040000fa
:020000040103f6
:10aa98008b050cd5036a53b110b582b004460df18d
:10aaa8000601084808f0d0f910b902b010bd704787
:10aab800206a06f095fe0023236204f1240006f0c4
:08aac800c1fef2e7a0d6002058
:020000040000fa
:020000040103f6
:10aad00070b50c4c00f5d875064629462046fff7a0
:10aae00017ff06f5dc7004f6ee0102f0effa2946d6
:10aaf0002046fdf7b3f8a4f582700821bde8704048
:08ab000006f054be2cc7002032
:020000040000fa
:020000040103f6
:10ab080030b585b00c4603aa0c21054605f00afbb2
:10ab180070b9084803ab019390f80b3d0095db43ef
:10ab280003f0010300f58550a2796179f5f74cfa35
:08ab380005b030bd00c600208d
:020000040000fa
:020000040103f6
:10ab4000837f03f00f028a4206d061f3030303f010
:10ab50000f02072a837700d0704710b504460548d6
:10ab600002f054f94ff47a72002302f043f8e062e5
:08ab700010bd00bf14c6002057
:020000040000fa
:020000040103f6
:10ab780038b542684b689a4201d0002038bd037a44
:10ab88000a7a9a42f9d10d4604460931093005f08e
:10ab9800d1ff0028f1d105f5837104f58370bde874
:08aba800384001f0cbbd00bff5
:020000040000fa
:020000040103f6
:10abb000f0b50f4683b00168007900910144164654
:10abc0001d46019103e000bff6f72efd48b90521af
:10abd000684600f02ffd2b460446324639460028d1
:08abe000f2d1204603b0f0bde4
:020000040000fa
:020000040103f6
:10abe80038b504460d460a48f2f786fc04f15000d1
:10abf80035b105f0d9fb0748bde8384008f020b961
:10ac080003f092fe0348bde8384008f0b5ba00bf2b
:08ac1800e4cf002028df00203a
:020000040000fa
:020000040103f6
:10ac200038b5044603460022ff250948a260c4e95e
:10ac30000022257343f8100f064aa36104f11c009b
:10ac400003f09efd4ff4fa732381204638bd00bf08
:08ac5000e9290401dd290401da
:020000040000fa
:020000040103f6
:10ac5800f8b50e46174600f1140400f19405a37cdc
:10ac68009b0707d5e369214630461bb108f0b0f8c9
:10ac78003f2804d82034ac42f1d11720f8bd637eb8
:08ac88003b700020f8bd00bf85
:020000040000fa
:020000040103f6
:10ac9000b8b110b50446806b10b1242104f0e0fe79
:10aca000606b40b12368074adb79c3f3840352f831
:10acb00023305b69984720463c21bde8104006f0f0
:08acc00055bf70475c01012043
:020000040000fa
:020000040103f6
:10acc80030b40b6893ea00041b1aa34320400343e3
:10acd800db170020dc43012a0bd901eb8202043a7e
:10ace80051f8043f5d422b43db17914240ea0300d1
:08acf800f6d1204330bc704787
:020000040000fa
:020000040103f6
:10ad000038b50d4601210446fff7b0f900b138bd52
:10ad1000e98820468901f8f79bfb0028f7d12a46ed
:10ad200021462046eff788fc0028f0d1e98820462c
:08ad3000bde83840f3f780bed6
:020000040000fa
:020000040103f6
:10ad38008378012b14d130b583b00d4614461346e1
:10ad480000f1840101aa0430019500f091fe28b9b0
:10ad58000199044b491ba14218bf184603b030bde6
:08ad68000048704780b0ffffb6
:020000040000fa
:020000040103f6
:10ad70002de9f04144680e46a168054690461f46fd
:10ad800069b11021012007f053fe0146e06040b197
:10ad9000c1e901780e6000206960bde8f0812146bc
:08ada000f6e76ff06900f8e727
:020000040000fa
:020000040103f6
:10ada80070b50d4604460421284607f03dfe78b1eb
:10adb8002168064641b1e288920005f0c9fee188a3
:10adc8002068890004f048fee5802660002070bdf8
:08add8006ff00f0070bd00bf19
:020000040000fa
:020000040103f6
:10ade000f0b50c4611f0030118bf012183b001eb4f
:10adf000940116461f460546faf79afe00b90cb9ab
:10ae000003b0f0bd009733462246e9882868f7f77b
:08ae100083fe03b0f0bd00bf9a
:020000040000fa
:020000040103f6
:10ae180091b1836b188ca8b110b42033020ad41ee8
:10ae2800012cc0b201d8814208d033f8020f0028a3
:10ae3800f4d15df8044b70470846704710465df83a
:08ae4800044b7047704700bf86
:020000040000fa
:020000040103f6
:10ae500070b504688c4215d02478164643f0a003e0
:10ae600042f8044b054603f0d3f928b110f1620f04
:10ae700008d0a0f5065070bd2b687268b36013440b
:08ae80002b6070bd002070bdc5
:020000040000fa
:020000040103f6
:10ae88002d2d2d2d2d424547494e204345525449dd
:10ae98004649434154452d2d2d2d2d002d2d2d2d69
:10aea8002d454e4420434552544946494341544553
:08aeb8002d2d2d2d2d0000bff2
:020000040000fa
:020000040103f6
:10aec000094930b40a700fcb084c094d84e80f00d3
:10aed000029b039c0fcb85e80f0094e80f00054c04
:10aee00084e80f0030bc7047e100012040ff0020e3
:08aef00020ff002030ff0020cc
:020000040000fa
:020000040103f6
:10aef80070b50c4d95f8304014b10124204670bd52
:10af08004ff0ff3105f1380008f07cf901280646ba
:10af1800f4d195f90800fcf7a3fb344685f8310015
:08af2800ece700bf60fd002012
:020000040000fa
:020000040103f6
:10af300070b50c4c08f078f963689b690646984731
:10af40002369d4e90a12984296bfc3f58033c31a25
:10af50001b18cc18304642f1000508f067f920466e
:08af6000294670bd60fd0020d0
:020000040000fa
:020000040103f6
:10af68000c4b1b7e83b93e290cd8002908bf012150
:10af7800800910fb01f1c1eb0121ba20b1fbf0f00f
:10af8800c0b270473e21f3e73e299abf8900c8b294
:08af9800ff2070479211002018
:020000040000fa
:020000040103f6
:10afa0002de9f041069e96420746884615461c4606
:10afb0000ad0b868036806961e6a2a4623464146a8
:10afc000b446bde8f0416047194602f0effb0028a7
:08afd000efd00620bde8f0817e
:020000040000fa
:020000040103f6
:10afd800083130b5082938bf0821073121f00701a9
:10afe800021d406878b103688b42f9d35b1a072bbe
:10aff800456801d8156005e04418c4e900351068b3
:08b0080001601460083030bd46
:020000040000fa
:020000040103f6
:10b0100070b50b480b4d4ff6ff76016821b94368b8
:10b0200013b9f5f754fb70bd83684268334000f1f3
:10b030000c0455f823302046984704eb8000ece7d9
:08b0400044880001681f0401af
:020000040000fa
:020000040103f6
:10b048004ff4001c1ceb410f98bf1ceb430f11d8a9
:10b0580051ea030c50ea4c0c5cea020c0ad004d208
:10b0680082428b41804140427047904299418041e1
:08b078004042704700207047c0
:020000040000fa
:020000040103f6
:10b080004ff4001c1ceb410f98bf1ceb430f11d871
:10b0900051ea030c50ea4c0c5cea020c0ad004d2d0
:10b0a0009042994180414042704782428b418041a9
:08b0b000404270470020704788
:020000040000fa
:020000040103f6
:10b0b80000b583b04ff0ff3301a90193fbf7b8fb4c
:10b0c80003460198421c01d0012b03d103b05df85f
:10b0d80004fb019803f0acff0028fad003b05df838
:04b0e80004fb00bfa6
:020000040000fa
:020000040103f6
:10b0ec0038b504460d46faf75df9236904f10800fa
:10b0fc00984203d0236833b1db6923b12846bde8fd
:10b10c00384006f06bbb06f09bfb2846bde8384088
:04b11c0006f064bb1a
:020000040000fa
:020000040103f6
:10b1200070b500f1310525f0010506462b7828465b
:10b1300023f00f03134300f8043b144605f00cfd05
:10b14000298a214489b229823046bde8704002f044
:04b150008bbc00bff5
:020000040000fa
:020000040103f6
:10b154000c2901d8c8b27047b1f5867f136806d8a8
:10b164000d3919701368013313600d2070476ff4a3
:10b174008670014449ba19801368023313600e20a3
:04b18400704700bf51
:020000040000fa
:020000040103f6
:10b18800f8b51d4604461746bdf81860f3f7f4fdf8
:10b1980000b1f8bd3b46324629462046f1f7c0fbd0
:10b1a8000028f6d104f1310323f0010362891a82e1
:04b1b800f8bd00bf1f
:020000040000fa
:020000040103f6
:10b1bc0008b53130313120f0010021f00101037864
:10b1cc000a7803f00f0302f00f029a4201d000201c
:10b1dc0008bd0431043005f0abfcb0fa80f0400936
:04b1ec0008bd00bfdb
:020000040000fa
:020000040103f6
:10b1f000b0f804c0f8b5c58803eb0c06ae420ed813
:10b2000007680d4604461146284607eb0c021e4609
:10b2100005f0befd10b9a3881e44a680f8bd03202a
:04b22000f8bd00bfb6
:020000040000fa
:020000040103f6
:10b2240038b5044688b10a4b9b8881420d4688bfd5
:10b2340085b203b9fee704f0b1f86b000133641b77
:10b24400b0fbf3f202fb13031c44204638bd00bfdd
:04b2540008000120cd
:020000040000fa
:020000040103f6
:10b2580010b50446236833b9636823b9a36813b9e2
:10b26800e36803b910bdd9690029fbd00b79c3f392
:10b27800800303b18b6a9c4200d0fee7204604f0ad
:04b288007bffe7e77a
:020000040000fa
:020000040103f6
:10b28c0070b505687db18b680c4698476a68831a5f
:10b29c00002b0146b8bf121a23680548a8bf00222c
:10b2ac00bde8704018474b680148bde8704018472e
:04b2bc0000c60020a8
:020000040000fa
:020000040103f6
:10b2c00010b50446803006f0d5fa04f1600006f0af
:10b2d000d1fa0748fef77eff00b110bd044800f028
:10b2e000cffc0028f9d1a378002bf6d0a07010bdb8
:04b2f00000c6002074
:020000040000fa
:020000040103f6
:10b2f40038b5036a04460d461bb1426a012128464b
:10b3040098472388da0703d42b681b889b0600d44c
:10b3140038bd04f160004ff47a51bde8384001f0c3
:04b324000dbe00bf9b
:020000040000fa
:020000040103f6
:10b3280008b50368188810f4807f00f4405314bff0
:10b3380002220322b3f5005f09d010f4406f14bf56
:10b348000120002008b10232d2b2104608bdfaf737
:04b358007bf8f7e7a0
:020000040000fa
:020000040103f6
:10b35c0003898b420ed010b5044601814ff4004195
:10b36c00074806f01dfa218904f12c00bde81040b5
:10b37c0007f0d8b94ff40041014805f0d3bc00bf29
:04b38c0028c60020af
:020000040000fa
:020000040103f6
:10b390000b781a2b11d80268da40d2070fd4013388
:10b3a000dbb206e00268da4012f0010f03f101039c
:10b3b00005d1dab21a2a0a70f4d917207047002092
:04b3c000704700bf13
:020000040000fa
:020000040103f6
:10b3c40030b5002485b0831c0d4642780193214694
:10b3d40003a8cde9024406f05bfebdf80e302c60f4
:10b3e4002bb1294601a8e7f7e9fc05b030bd0620da
:04b3f40005b030bdb3
:020000040000fa
:020000040103f6
:10b3f80010b584b000230c466a463521cde9020316
:10b40800019304f08ffe40b9009b03931b0c20604e
:10b4180005d0214601a8e7f7cffc04b010bd0620ef
:04b4280004b010bd9f
:020000040000fa
:020000040103f6
:10b42c0038b5044690303ab9217862f38201217024
:10b43c00bde8384006f004ba237843f004030d4607
:10b44c002370114601f04afdf9f7ecfc2844c4f8ce
:04b45c00a00038bd57
:020000040000fa
:020000040103f6
:10b4600010b4846854b1a142236b10d033b1994217
:10b470001a6b06d01c461346002bf8d15df8044b1e
:10b480007047226300230b635df8044b70478360b1
:04b49000f8e700bf1a
:020000040000fa
:020000040103f6
:10b4940070b5d50802f007042a460e4605f05afb9b
:10b4a40074b1621e802444fa02f2415dd2b20346b2
:10b4b400501e01405955705d524202401143595586
:04b4c40070bd00bf98
:020000040000fa
:020000040103f6
:10b4c80011f0070112d0c1f10802d2b20023012afb
:10b4d8000360c0f8033006d0c1f1060101224170b3
:10b4e80002701846704703701846704718231846ac
:04b4f800704700bfda
:020000040000fa
:020000040103f6
:10b4fc0010b584b00b88009000220c46adf80830d3
:10b50c00adf80c30adf80a206846eff785fd002841
:10b51c00fad0172803d1bdf80a302380002004b0dc
:04b52c0010bd00bf8f
:020000040000fa
:020000040103f6
:10b5300010b584b00c460090134603a82246103183
:10b540000024adf80c408df80e40e7f783f9bdf804
:10b550000c004ff6ff73984214bf0220204604b03f
:04b5600010bd00bf5b
:020000040000fa
:020000040103f6
:10b5640070b590b00c4615461e46104640236a46f8
:10b57400002105f00bfc0f99054b2046c4e900356a
:10b58400002908bf3146ecf7abfa0e9810b070bd35
:04b5940000c60020cd
:020000040000fa
:020000040103f6
:10b598000022c0e90022c0e9022200f1140300f1f0
:10b5a80074015a611a46036118338b42f9d100219c
:10b5b80000f1780200f19003c0f88810c0f8a020cc
:04b5c800436770471e
:020000040000fa
:020000040103f6
:10b5cc0010b400240461837c046062f30003837470
:10b5dc00b0f81130446003f47d4343f4007343f03e
:10b5ec0001038460c46044610174a0f811305df8fb
:04b5fc00044b704745
:020000040000fa
:020000040103f6
:10b6000038b50c6ac3698d6934f0004408bf1c4624
:10b61000f9f70efc064a94424ff47a7328bf144699
:10b62000401b03fb04f400eb5400c043c00f38bdc3
:04b630009ac4200098
:020000040000fa
:020000040103f6
:10b6340030b4d0e9002409e05378023313449c4227
:10b6440007d31578b1eb550f07d01a46931c9c42cb
:10b65400f2d20022104630bc7047036030bc104662
:04b66400704700bf6c
:020000040000fa
:020000040103f6
:10b6680010b50a4c0a4b84b0214603900093282257
:10b67800042303a8fbf79cfa20b1001bc0f3870042
:10b6880004b010bd282004b010bd00bfa88f02016f
:04b69800112e04016a
:020000040000fa
:020000040103f6
:10b69c00506870b51830164601f122050c4605f0bd
:10b6ac00b5fc284606f008fe30682c3004f042f851
:10b6bc0001462846edf722fc0023e377f9f7b2fbad
:04b6cc00a06070bd4d
:020000040000fa
:020000040103f6
:10b6d00030b587b00c461823154600216a4605f0a0
:10b6e00057fb9df81430a34202d0002007b030bdb4
:10b6f0002946102201a805f021fab0fa80f040098d
:04b7000007b030bda1
:020000040000fa
:020000040103f6
:10b7040030b587b004460d4602a8094902f026fb6d
:10b7140002aa2046052100f0cbff38b9cde900008c
:10b724002b4602aa20460521f2f714fc07b030bdcf
:04b7340048d30020d6
:020000040000fa
:020000040103f6
:10b73800f8b50d46164605212a46074602f0e6ffeb
:10b74800044608b12046f8bd38463246082102f0c2
:10b75800ddff0028f6d0172806bf2b6833600624c3
:04b768002046f8bdc2
:020000040000fa
:020000040103f6
:10b76c0010b584b00c4601ab0a220b2105f0e6ffa4
:10b77c0050b99df80530072b08d9ddf80630ddf8f7
:10b78c000a2062601bba236004b010bd062004b00e
:04b79c0010bd00bf1d
:020000040000fa
:020000040103f6
:10b7a00070b582b00d4601aa0d21064604f0befc1c
:10b7b000044660b9202101a806f072ff2a4601a9bb
:10b7c000304607f0e1fabdf8063085f82030204613
:04b7d00002b070bd96
:020000040000fa
:020000040103f6
:10b7d40038b5037a012b0d4614460dd0022b09d13e
:10b7e4000146104601f070fc2046294606f0e0f8b8
:10b7f400002038bd062038bd0188104603f002f948
:04b80400f2e700bfa8
:020000040000fa
:020000040103f6
:10b80800837f1a0706d06ff3030303f00f02072a9a
:10b81800837700d0704710b50446054801f0f2fa66
:10b828004ff47a72002301f0e1f9e06210bd00bf25
:04b8380014c6002012
:020000040000fa
:020000040103f6
:10b83c0030b585b00c46154601a80322084905f021
:10b84c002dfc019b53b11a7d1969a24208bf1d75cd
:10b85c0001a800f051fe019b002bf4d105b030bdc6
:04b86c002cc70020c5
:020000040000fa
:020000040103f6
:10b8700010b5044671b183882bb9a1802046bde87c
:10b88000104004f001bf9942f7d32046bde81040b4
:10b8900004f0fabe8180e5f7cffa2046bde81040fb
:04b8a00004f0f2be00
:020000040000fa
:020000040103f6
:10b8a400f8b50479944202d30368994200d2fee7c2
:10b8b40023448f18bb42fad304460e46db1b1546bd
:10b8c4003946dab23046fcf76dfe2279521b2271fa
:04b8d400f8bd00bffc
:020000040000fa
:020000040103f6
:10b8d80010b50446fbf738fda37f0133a377204654
:10b8e800f9f752f900b110bd01236377f9f79cfa13
:10b8f800206204f12c010248bde81040fcf7aab907
:04b908002cc7002028
:020000040000fa
:020000040103f6
:10b90c0038b50c460546f9f78dfa00f5922101f58c
:10b91c007871002908bf0121e16105f1080002f0ee
:10b92c00a7ff214600220248bde83840fcf7b2b917
:04b93c002cc70020f4
:020000040000fa
:020000040103f6
:10b9400010b5d0f8d04001f013fe48b140f2b13349
:10b95000984228bf1846844294bf001b044810bd7b
:10b9600040f2b130844294bf001b014810bd00bfbb
:04b970000094ffff41
:020000040000fa
:020000040103f6
:10b97400026838b5836b056dd26fc3f8682204463c
:10b984001db19108c06ca847a36b626f162a02d040
:10b9940002229a7138bde26e1278142af8d1032279
:04b9a4009a7138bd9f
:020000040000fa
:020000040103f6
:10b9a80098b108b5036873b169b10a685ab193428e
:10b9b80009d11b78083b012b05d84968406807f076
:10b9c8005df8002008bd024808bd0148704700bf67
:04b9d80000afffffbe
:020000040000fa
:020000040103f6
:10b9dc0098b102688ab138b5856865b1044602f041
:10b9ec00fdfb00b138bd236829469a782046bde896
:10b9fc00384004f0c1be024838bd0148704700bf52
:04ba0c0000afffff89
:020000040000fa
:020000040103f6
:10ba1000f0b585b01c4616460a9b224605460f46e1
:10ba2000fef7e8fa58b90b9b02930a9b3a46cde918
:10ba30000043314605f11c03284604f021ff05b000
:04ba4000f0bd00bf96
:020000040000fa
:020000040103f6
:10ba440038b504460d46e6f777ff70b905f10801ed
:10ba540004f10800e6f770ff38b905f1100104f1ac
:10ba64001000e6f769ff00b938bd014838bd00bfd2
:04ba740080b0ffffa0
:020000040000fa
:020000040103f6
:10ba7800012b12d970b41468661c166025784db174
:10ba88005c1ea54206d8731913602b46324670bc5b
:10ba9800e1f754bb024870bc70470148704700bfcb
:04baa80080b0ffff6c
:020000040000fa
:020000040103f6
:10baac00f0b5012a83b0dde908640fd874b1013c0c
:10babc00771ccde900741d46eaf7eafa20b92b6829
:10bacc0033702b6801332b6003b0f0bd0048fbe7eb
:04badc0080b0ffff38
:020000040000fa
:020000040103f6
:10bae0000368062b0ed110b582b00c460df107018c
:10baf000fcf77efb40b920469df80710f3f7f8fbf2
:10bb000002b010bd014870470148f9e780b1ffff5e
:04bb100000c6ffff6d
:020000040000fa
:020000040103f6
:10bb140030b5144687b01d46002323606360a360dc
:10bb2400e360cde90033064b04aacde90232ebb25f
:10bb3400ff22cde90454e7f797fa07b030bd00bf00
:04bb440071ad0301db
:020000040000fa
:020000040103f6
:10bb480070b5d30fdc0384b0002aa4eb03044ff0d4
:10bb58000105b8bf5242640001922c442b4601ae45
:10bb680002aaadf80c40adf80e500296f5f728fe83
:04bb780004b070bde8
:020000040000fa
:020000040103f6
:10bb7c0070b5d30fdc0384b0002aa4eb0304b8bf68
:10bb8c005242640001920134012601ad4ff0ff33a3
:10bb9c0002aaadf80c40adf80e600295f5f70efe5a
:04bbac0004b070bdb4
:020000040000fa
:020000040103f6
:10bbb000022b70b412d0102b10d813f001060dd147
:10bbc000b1f57f4f0ad2456fc66245f00205456761
:10bbd0000262c0e9091370bceff7f4bc6ff00c000f
:04bbe00070bc70477e
:020000040000fa
:020000040103f6
:10bbe400032902d04ff0ff307047836b63b19a6c26
:10bbf40052b1138823b9f5e732f8023f002bf1d094
:10bc0400172bf9d10020704703685a6e002af0d12f
:04bc1400e8e700bf9e
:020000040000fa
:020000040103f6
:10bc180010b54ff0864402204ff2d00384b00a6872
:10bc2800898820601b6801a898474ff2fc0301a986
:10bc38001b68034898470020206004b010bd00bf6f
:04bc48002c070020a5
:020000040000fa
:020000040103f6
:10bc4c0010b5094c094807f071f8237823b9084b53
:10bc5c001b781bb101232370002010bd04f08af85f
:10bc6c0001232370f8e700bfe700012064240401de
:04bc7c00e5000120be
:020000040000fa
:020000040103f6
:10bc800010b5094c094807f057f8237823b1084b41
:10bc90001b781bb100232370002010bd04f070f846
:10bca00000232370f8e700bfe700012054240401bb
:04bcb000e50001208a
:020000040000fa
:020000040103f6
:10bcb40038b50a4c0a480d4607f03cf8237853b1ce
:10bcc40002f020fc2846f7f71dfcfdf7affa02232b
:10bcd4002370002038bd0d2038bd00bfe7000120cf
:04bce4007c090401d2
:020000040000fa
:020000040103f6
:10bce80038b538b90a4c4ff0ff3104f1080007f0b5
:10bcf80089fa18b94ff0ff35284638bd23685b68c4
:10bd08009847054604f1080007f07efa284638bd32
:04bd1800b0ff002058
:020000040000fa
:020000040103f6
:10bd1c0038b538b90a4c4ff0ff3104f1080007f080
:10bd2c006ffa18b94ff0ff35284638bd23689b6869
:10bd3c009847054604f1080007f064fa284638bd18
:04bd4c00b0ff002024
:020000040000fa
:020000040103f6
:10bd500038b538b90a4c4ff0ff3104f1080007f04c
:10bd600055fa18b94ff0ff35284638bd23685b698e
:10bd70009847054604f1080007f04afa284638bdfe
:04bd8000b0ff0020f0
:020000040000fa
:020000040103f6
:10bd840038b538b90a4c4ff0ff3104f1080007f018
:10bd94003bfa18b94ff0ff35284638bd23681b69b4
:10bda4009847054604f1080007f030fa284638bde4
:04bdb400b0ff0020bc
:020000040000fa
:020000040103f6
:10bdb80038b504460d4604f03ff8a36c23b10024bf
:10bdc80006f056f8204638bda26b22b11c4606f094
:10bdd8004ff8204638bda564012406f049f82046ee
:04bde80038bd00bfa3
:020000040000fa
:020000040103f6
:10bdec0030b40d686b1c11d000f1080200e01a464b
:10bdfc0053681c68ac42fad904684b6001349960f2
:10be0c008a6051600861046030bc704702695368f5
:04be1c00f2e700bf8a
:020000040000fa
:020000040103f6
:10be20007468726561642061707020746d720000c6
:10be30004170705f4572723a204170702054696d94
:10be40006572206372656174696f6e206661696cea
:04be500065640a001b
:020000040000fa
:020000040103f6
:10be540030b500231a4600bf10f8014b04f07f05eb
:10be640095402b43250602f10702f5d41f2a06d874
:10be7400640642bf4ff0ff3404fa02f213430b602e
:04be840030bd00bf0e
:020000040000fa
:020000040103f6
:10be880070b504460d46164607f0e2f843680133dc
:10be98004360324629462046f8f7a6fb04460123ac
:10bea80044f8283b2046dcf729fd2046f9f78af9b3
:04beb80006f00fff82
:020000040000fa
:020000040103f6
:10bebc007fb500241023cde90234036800941546a5
:10becc009e698df804406b461268b0479df80430ab
:10bedc0003f00603062b03bf009b2b6001202046ba
:04beec0004b070bd71
:020000040000fa
:020000040103f6
:10bef00010b500f180042046f7f74ef8034638b934
:10bf000021460748fff768f8034608b906f0e5fe42
:10bf100080220021184606f031f8803010bd00bfa5
:04bf200070ff00208e
:020000040000fa
:020000040103f6
:10bf240013b500f1824000f5803093400478e4b208
:10bf34008df807409df8074064b2634019404c40b7
:10bf4400e4b28df807409df80730dbb2037002b00d
:02bf540010bd1e
:020000040000fa
:020000040103f6
:10bf560013b500f1824000f5803093400478e4b2d6
:10bf66008df807409df8074064b2634019404c4085
:10bf7600e4b28df807409df80730dbb2037002b0db
:02bf860010bdec
:020000040000fa
:020000040103f6
:10bf880013b500f1824000f5803093400478e4b2a4
:10bf98008df807409df8074064b2634019404c4053
:10bfa800e4b28df807409df80730dbb2037002b0a9
:02bfb80010bdba
:020000040000fa
:020000040103f6
:10bfba0013b500f1824000f5803093400478e4b272
:10bfca008df807409df8074064b2634019404c4021
:10bfda00e4b28df807409df80730dbb2037002b077
:02bfea0010bd88
:020000040000fa
:020000040103f6
:10bfec0013b500f1824000f5803093400478e4b240
:10bffc008df807409df8074064b2634019404c40ef
:10c00c00e4b28df807409df80730dbb2037002b044
:02c01c0010bd55
:020000040000fa
:020000040103f6
:10c01e0013b500f1824000f5803093400478e4b20d
:10c02e008df807409df8074064b2634019404c40bc
:10c03e00e4b28df807409df80730dbb2037002b012
:02c04e0010bd23
:020000040000fa
:020000040103f6
:10c0500010b507f001f8826801460ab906f03dfe06
:10c0600002f120042046fef73afa40b1d369013bc1
:10c07000d36113b9906988609361204610bd8860d0
:02c08000fbe7dc
:020000040000fa
:020000040103f6
:10c082004ff4001c1ceb410f98bf1ceb430f0cd864
:10c0920050ea410c08bf52ea430c08d0904208bf54
:10c0a20099420cbf012000207047002070470120f8
:02c0b2007047d5
:020000040000fa
:020000040103f6
:10c0b4000b464989403970b589b20546184616467b
:10c0c40000f060fe58b1044632466b6c28462146a7
:10c0d400984720b12046bde8704005f083bb70bd91
:020000040000fa
:020000040103f6
:10c0e40038b5b0f860400cb9204638bd054650302c
:10c0f40001f00cfe04460028f6d101462846f7f765
:10c10400b9fa05f1240002f093fb204638bd00bfc4
:020000040000fa
:020000040103f6
:10c11400a0f14103052b0fd9a0f16103052b07d929
:10c124003038c0b209289abf087000200720704731
:10c13400573808700020704737380870002070475f
:020000040000fa
:020000040103f6
:10c1440038b59342bdf8105000d302b9fee7044657
:10c15400c4e9032384f82410a583591c104600f075
:10c1640069fe60612046bde83840fbf743bc00bf70
:020000040000fa
:020000040103f6
:10c1740070b504680025056084b16068844207d006
:10c184004368636003684560984760688442f7d1f8
:10c1940000234360bde870400368184770bd00bfca
:020000040000fa
:020000040103f6
:10c1a400814200d8fee738b5084b9b8803b9fee707
:10c1b40004460d4603f0f2f82b1bc0b290fbf3f2d9
:10c1c40003fb1203e018c0b238bd00bf0800012011
:020000040000fa
:020000040103f6
:10c1d400814200d8fee738b5084b9b8803b9fee7d7
:10c1e40004460d4603f0daf82b1b80b290fbf3f201
:10c1f40003fb1203e01880b238bd00bf0800012021
:020000040000fa
:020000040103f6
:10c20400f8b57bb1164604460d461f46064405e0c4
:10c2140015f8011b14f8010bb84710b1b442f7d15b
:10c224000120f8bd04f088fcb0fa80f04009f8bda4
:020000040000fa
:020000040103f6
:10c2340038b501220368c568044602fa01f10b43cc
:10c2440044f8043bac4200d038bd40f2e931002050
:10c2540000f0f0fd01462046bde8384000f042be43
:020000040000fa
:020000040103f6
:10c2640038b50a4c42f22415635d63b92046d9f708
:10c27400dbfd012304f15400635505f0a9fa04f62b
:10c284000850e0f7f3fa014838bd00bf00c60020ab
:020000040000fa
:020000040103f6
:10c2940083780bb10020704710b504460748fff7b8
:10c2a400d3fc50b90548fdf793ff30b9a378012baf
:10c2b40001d00123a370002010bdfee700c60020ba
:020000040000fa
:020000040103f6
:10c2c4008378c178032b1cbf0323837083691b7f8e
:10c2d4005b070ad5038803f00c0333b90331c9b2f1
:10c2e400052928bf0521f9f789b8f6f7e3b800bf97
:020000040000fa
:020000040103f6
:10c2f400408b28b1094b93f8092d022a01d0002064
:10c30400704793f8660d10f00f00f9d0b3f8680d7c
:10c31400022894bf00200120704700bf00c60020ff
:020000040000fa
:020000040103f6
:10c324004378012b0fd083b1062b0bd110b500231a
:10c3340004464370054801f071fc2046bde81040f6
:10c34400e6f79ab9fee7fcf711bb7047e8d2002084
:020000040000fa
:020000040103f6
:10c3540010b5c2b0044601a805f0eefa01a92046c2
:10c36400f7f790fa08b142b010bd01a8f4f728fb22
:10c374000028f8d101a8e6f7affc42b010bd00bf19
:020000040000fa
:020000040103f6
:10c3840038b504460d46f8f751fd616b04f12c02f3
:10c39400002391422b6009d0226b811a994203da5f
:10c3a400121a2a60184638bd184638bd172038bd01
:020000040000fa
:020000040103f6
:10c3b40038b5d0f80240084a084b24ba944288bfe2
:10c3c4001c460d46f8f732fd431ba3423abf6419dd
:10c3d400201a002038bd00bfff13730f0014730f21
:020000040000fa
:020000040103f6
:10c3e40003785b0711d5d0f8982000f190039a42a6
:10c3f40009d010b50446f8f719fdd4f8a030c01ad6
:10c40400c043c00f10bd022070474ff0ff3070478b
:020000040000fa
:020000040103f6
:10c4140010b503789b0704460dd404f51c7003f093
:10c42400adf804f5e470fcf7c1fe04f1c800bde802
:10c434001040edf7d1bc00f5177005f00dfcece7ea
:020000040000fa
:020000040103f6
:10c4440038b5c4687cb1134605460a469bb2a18937
:10c454002046faf71bfc30b104462146e86804f094
:10c4640089fc204638bd014cfbe700bf0097ffff65
:020000040000fa
:020000040103f6
:10c47400002310b5084903704374044601f00afc14
:10c484000146204600f00afe04f11100034901f0c0
:10c4940001fc204610bd00bf3c0404014804040113
:020000040000fa
:020000040103f6
:10c4a40008b5038848f2fe0123f47c538b420cd078
:10c4b4000378ff2b01d0002008bdfcf7f7faa0f1a8
:10c4c4000200b0fa80f0400908bd012008bd00bf99
:020000040000fa
:020000040103f6
:10c4d4008379013b3e2b11d870b50d460446811d6e
:10c4e4000122284600f0e8fc00b170bd2846a3797b
:10c4f400a2882168bde87040f0f714ba072070479d
:020000040000fa
:020000040103f6
:10c5040038b5054689b10c466b6803f1780294424c
:10c5140003f1a80306d39c42204603d2297af7f7f5
:10c5240035fa18b92469002ceed100242c6038bdea
:020000040000fa
:020000040103f6
:10c5340003785bb190f8793043b1537c012b05d17a
:10c54400d0f8942000f18c039a4200d0704701295e
:10c5540000f124000cbf04210521fcf727bb00bf18
:020000040000fa
:020000040103f6
:10c5640043780a4910b56ff345130446437000221b
:10c57400ecf778fc2378012b07d02046012300f840
:10c58400803bbde8104005f05fb910bdd8fd020145
:020000040000fa
:020000040103f6
:10c5940010b50446094805f0a3fe28b123781bb959
:10c5a40094f8a030012b00d010bd04f18c004ff49e
:10c5b4007a71bde8104000f095bc00bf08d300209c
:020000040000fa
:020000040103f6
:10c5c4000b464989343970b589b205461846164672
:10c5d400eaf7c8ff58b1044632462846214605f01a
:10c5e400fffd20b12046bde8704005f0fbb870bdea
:020000040000fa
:020000040103f6
:10c5f4000057030104570301085703010c570301b3
:10c604001057030114570301185703011c57030162
:10c61400040202000c0c0a00050f3200100402018f
:020000040000fa
:020000040103f6
:10c624000246094930b442f8041f817fc2600022e7
:10c63400064d05614ff6fe7462f300018483817731
:10c64400c0e9052230bc7047412904014d29040189
:020000040000fa
:020000040103f6
:10c65400026a82b1027f62b110b582b04169009072
:10c664004c42428b044b05482140f5f753ff02b07e
:10c6740010bdf7f743bb704759290401e4cf0020ec
:020000040000fa
:020000040103f6
:10c6840010b582b00c46002301a907480193f8f7be
:10c6940055ff18b1054bd3f8f0390193214601a891
:10c6a40005f02cf902b010bdc8ce002000c6002051
:020000040000fa
:020000040103f6
:10c6b40070b50e46154606f069fb70b1044604e0f9
:10c6c4002046fdf7b7ff044638b12a4631462046d6
:10c6d400fef7fcff0028f3d070bd002070bd00bf42
:020000040000fa
:020000040103f6
:10c6e40030b501f00f0183b061f07f0315460df101
:10c6f400070101228df80730044600f0ddfb28b95c
:10c7040005f108012046082200f0d6fb03b030bd35
:020000040000fa
:020000040103f6
:10c7140030b5084c084b83b041f66815009304f615
:10c72400e4106159054b0022f4f7a4fc0023635183
:10c7340003b030bd00c6002058df0020b929040131
:020000040000fa
:020000040103f6
:10c7440003780a78534013f0010306d110b54478f6
:10c754004a78a24203d0184610bd00207047023127
:10c76400023004f0e9f9b0fa80f0400910bd00bfce
:020000040000fa
:020000040103f6
:10c7740010b508460c460849fdf778fa08b1064892
:10c7840010bd20460549fdf771fa044b002814bf7b
:10c794001846002010bd00bf48d300209cd30020c1
:020000040000fa
:020000040103f6
:10c7a40010b50b7a012b82b00fd0022b0cbf0b46b5
:10c7b40000234ff6fe7469468df80020adf8024060
:10c7c4000193fff7d5ff02b010bd0c880023f2e7f8
:020000040000fa
:020000040103f6
:10c7d400ca0438b50c46054607d4630704d5074b8d
:10c7e40093f8093d022b03d038bd05f077f9f4e73f
:10c7f40028460121bde83840eff718b900c60020eb
:020000040000fa
:020000040103f6
:10c8040070b582b01646056804791a469df818304a
:10c8140029b1487802302c440d18641be4b2314627
:10c82400684600958df80440fef7c0f902b070bd6b
:020000040000fa
:020000040103f6
:10c8340038b504460d460948214602f0a9f928b145
:10c84400e38901225bba2b802a7238bd294604f1a0
:10c854000800bde8384003f0fdbd00bf08d3002048
:020000040000fa
:020000040103f6
:10c8640010b501f108001446114603f0f3fd20460b
:10c874000822054904f060f928b1044a0123b2f8fa
:10c88400162a2280237210bd1ad0002000c6002070
:020000040000fa
:020000040103f6
:10c894000a4bb3f8163d591a1a1ab1fa81f1b2fad1
:10c8a40082f2490952098a4205d083420cbf012011
:10c8b4004ff0ff3070470020704700bf00c60020d3
:020000040000fa
:020000040103f6
:10c8c400012902d052ba0280704710b440f2022308
:10c8d40040f2023440f20121a24218bf0b46d21aa0
:10c8e400d24392b252ba02805df8044b704700bf43
:020000040000fa
:020000040103f6
:10c8f400a2b101eb820270b40439161f043800bfe0
:10c9040051f8042f50f8045f1c462240e4432c40a5
:10c914001443b1420460f3d170bc7047704700bf48
:020000040000fa
:020000040103f6
:10c92400f8b51f4606460c461546f7f77bfc00286b
:10c934000adb3268141b002c05f1010505dd531eca
:10c944003360284402f8017cf8bd6ff06b00f8bd39
:020000040000fa
:020000040103f6
:10c9540038b50c4605460121204600f0a1f8002810
:10c9640009db05f134012046e5f7e6ff0028b8bfee
:10c97400002000da38bd014838bd00bf80b3ffff96
:020000040000fa
:020000040103f6
:10c9840038b504460d46edf7d9f900b138bd05f1c7
:10c99400080104f10800edf7d1f90028f6d105f1fa
:10c9a400100104f11000bde83840edf7c7b900bf2d
:020000040000fa
:020000040103f6
:10c9b40070b50c4682b00146204615461e46eef779
:10c9c400dffc50b9cde9005604f1680304f16002bc
:10c9d40004f11c012046f5f74ffb02b070bd00bf07
:020000040000fa
:020000040103f6
:10c9e40004000000201c0401c92e04016d2a040166
:10c9f400d1ee0301d92e0401000000000000000064
:10ca0400d12e0401891204010d1c0401f91b040137
:020000040000fa
:020000040103f6
:10ca140002000000301c0401c92e0401552a04013f
:10ca2400d1ee0301d92e0401000000000000000033
:10ca3400d12e0401891204010d1c0401f91b040107
:020000040000fa
:020000040103f6
:10ca440003000000281c0401c92e0401612a04010a
:10ca540000000000000000000000000000000000d2
:10ca6400d12e0401891204010d1c0401f91b0401d7
:020000040000fa
:020000040103f6
:10ca740070b5082206464568074c084803e054f898
:10ca8400140f40b16268aa42f9d1b16804f054f8b5
:10ca94000028f4d1204670bd30a00301b42a04015b
:020000040000fa
:020000040103f6
:10caa40030b5ca0fd3039b1a85b081eae1725b00eb
:10cab400a2ebe1720133012501ac02a90192adf8a8
:10cac4000c30adf80e500294e5f736ff05b030bdda
:020000040000fa
:020000040103f6
:10cad40071b138b503684bb94b6a0c46054613b1be
:10cae4009847686030b12c60002038bd034838bdd9
:10caf40002487047a0f57e5038bd00bf80c1ffffdb
:020000040000fa
:020000040103f6
:10cb040090b970b5094d95f9003063b16e6856b1ae
:10cb140008460c4604f08afd736902462146a8685b
:10cb2400bde87040184770bd704700bfbcff0020cf
:020000040000fa
:020000040103f6
:10cb340010b5094c23681a684ab1db684ff0ff311d
:10cb44001868faf7d7fd23681a68002af5d1034a52
:10cb540011682160136010bd5000012054000120b1
:020000040000fa
:020000040103f6
:10cb64004170705f4c6f673a20546872656164204d
:10cb74004e6574776f726b2069732067657474698e
:10cb84006e6720696e697469616c697a65640a000c
:020000040000fa
:020000040103f6
:10cb94000fb410b5c2b044aa02a852f8041b019203
:10cba40006f088f8054b044602a91868fff7a8ffa9
:10cbb400a0b242b0bde8104004b070470811002094
:020000040000fa
:020000040103f6
:10cbc40038b5054601f0b2fc044660b9e9f754fdf6
:10cbd4000db1f9f7c7fee9f7f1fc044b00221a7016
:10cbe4009a70204638bd8524fbe700bf64110020fd
:020000040000fa
:020000040103f6
:10cbf40053b94ab9002908bf00281cbf4ff0ff31c0
:10cc04004ff0ff3006f042bbadf1080c6de904cee5
:10cc1400d5f7d6ffddf804e0dde9022304b0704760
:020000040000fa
:020000040103f6
:10cc2400064b1a680ab9064a1a60064a116809b915
:10cc3400054911601a68054b1a607047dcff002033
:10cc4400a8010120d8ff0020a8050120d4ff00205e
:020000040000fa
:020000040103f6
:10cc540010b582b004467f230df107008df807302c
:10cc6400cef764f828b19df907302370002002b094
:0ccc740010bd03230020237002b010bd8f
:020000040000fa
:020000040103f6
:10cc8000427a0346007a90420ed010b452b15868ee
:10cc900041600024013259604c605a7220465df8b0
:0ccca000044b70471960f4e70120704756
:020000040000fa
:020000040103f6
:10ccac0000b583b00df1070102f004fc48b99df802
:10ccbc000700a0f10800b0fa80f0400903b05df85d
:0ccccc0004fb002003b05df804fb00bf77
:020000040000fa
:020000040103f6
:10ccd80010b50c4681b1114620460222f9f718fa20
:10cce80028b12046002404f07bfd204610bd2046d4
:0cccf800f9f734fa0028f4d1204610bdf2
:020000040000fa
:020000040103f6
:10cd040010b50c4679b111462046f9f7e7fe28b173
:10cd14002046002404f066fd204610bd2046f9f7a5
:0ccd24001ffa0028f4d1204610bd00bf0b
:020000040000fa
:020000040103f6
:10cd300070b51d4604461646f2f722f800b170bde4
:10cd400032462946204600f0b9f80028f7d104f110
:0ccd5000310323f0010362891a8270bdd8
:020000040000fa
:020000040103f6
:10cd5c0030b583b013ba140e04220193551e0deb9b
:10cd6c00020334b9aab201331ab11c78551e002c37
:0ccd7c00f8d0fff7d7ff03b030bd00bfb8
:020000040000fa
:020000040103f6
:10cd880070b50446eaf7ecfb064660b1313424f08e
:10cd980001040fcc06f1310525f001050fc594e813
:0ccda800070085e80700304670bd00bfa2
:020000040000fa
:020000040103f6
:10cdb40070b5044684b0154601a80a4621461e46ad
:10cdc400fdf71cfc40b9ddf80a00009033462a4602
:0ccdd4002046694602f022fb04b070bd4e
:020000040000fa
:020000040103f6
:10cde00038b50446f8f724f8074a206004f1080330
:10cdf000002500f18041c4e901521846236103f087
:0cce0000ebff204638bd00bf6526040192
:020000040000fa
:020000040103f6
:10ce0c0038b50446f8f70ef82268e3686168934277
:10ce1c0007d0801a0022141841f10005204629463b
:0cce2c0038bdc01a58bf0131f4e700bf48
:020000040000fa
:020000040103f6
:10ce3800814200d8fee738b5074b9b8803b9fee767
:10ce480005460c4602f0a8fa631bb0fbf3f202fb9e
:0cce58001300284438bd00bf0800012072
:020000040000fa
:020000040103f6
:10ce64008b681b688b607bb17c228a8002887c2a59
:10ce740028bf7c228a8010b404880433a21a0b6071
:0cce84005df8044b02807047fee700bf21
:020000040000fa
:020000040103f6
:10ce900042898a4200d2fee7838910b48b42c4895a
:10cea00088bf5b1a0c44a2eb01028cbf9bb200232b
:0cceb000c481428183815df8044b70470f
:020000040000fa
:020000040103f6
:10cebc002de9f0414689b318884699b205461746c4
:10cecc0000f0ccfd044628b93b4642463146284684
:0ccedc00f8f740fa2046bde8f08100bfe6
:020000040000fa
:020000040103f6
:10cee80038b50c460546f7f79fff002c00dafee739
:10cef80004446c602946034a0348bde83840f0f70b
:0ccf0800f9bd00bf080e040108c600209f
:020000040000fa
:020000040103f6
:10cf14000a46d2e9003203f10043013b9342014641
:10cf240004d04260034a0448f0f7e6bd014a0248cf
:0ccf3400fdf79cbb080e040108c600209d
:020000040000fa
:020000040103f6
:10cf400038b50c46054605f075fa002c00dafee708
:10cf500004446c602946034a0348bde83840f0f7b2
:0ccf6000cdbd00bf140e04010cc6002063
:020000040000fa
:020000040103f6
:10cf6c0010b5837cda07044602d40388db0504d4ad
:10cf7c000548fdf729f900b110bda378012b01d0ac
:0ccf8c000123a370002010bd00c600208f
:020000040000fa
:020000040103f6
:10cf980038b50c460546f4f737f8ff280cd02a6850
:10cfa800138803f44053b3f5005f18bf00f1ff3056
:0ccfb800135c2370002038bd062038bd3b
:020000040000fa
:020000040103f6
:10cfc40030b5056a91b04db151b101aa0446eff7ed
:10cfd400ebfc18b901a8d4e90831984711b030bd69
:0ccfe4000a46416a1046a84711b030bd53
:020000040000fa
:020000040103f6
:10cff00038b515460022dcf7fdff30b10446014686
:10d000002a46054802f03cf900b938bd2046bde883
:0cd01000384004f0e9bb00bfd8c7002086
:020000040000fa
:020000040103f6
:10d01c0001390229009b98bf054a009398bf515cc7
:10d02c00b0f84830034a044888bf052103f06ab8b9
:0cd03c00f86d0301406e0301fc6d030160
:020000040000fa
:020000040103f6
:10d0480070b54e7890f8fe300d462a1ab11c044689
:10d0580051fa82f29a1a29442846fbf7a1fa94f861
:0cd06800fe30023b9b1b84f8fe3070bdc4
:020000040000fa
:020000040103f6
:10d0740010b50029144690f8fe100cbf0e2233227e
:10d08400f2f7ccfc38b10346002053f8022f5b685a
:0cd094006360226010bd172010bd00bfbb
:020000040000fa
:020000040103f6
:10d0a00010b50c4649b1182905d14ff48031064816
:10d0b00003f03efe0024204610bd4ff480310248ac
:0cd0c00004f074fb204610bd28c60020c0
:020000040000fa
:020000040103f6
:10d0cc0000b50b4683b00246496818686b4603c32b
:10d0dc009df80030104683f00203002269468df85b
:0cd0ec00003000f05bfd03b05df804fbb9
:020000040000fa
:020000040103f6
:10d0f80082798b79934201d00020704700b5064aa7
:10d1080083b0cde900328b880a6881880068f6f719
:0cd118008bfb03b05df804fb550504011f
:020000040000fa
:020000040103f6
:10d1240070b50d460646144611460a2302462846a3
:10d1340003f02cfe40b933896a895bba0a3414fac5
:0cd1440083f4944288bf062070bd00bf39
:020000040000fa
:020000040103f6
:10d1500010b503884ff6ff70834218bfdb4382b0df
:10d1600018bf9bb25cba104602230df10602adf85f
:0cd170000640f8f7f5f802b010bd00bf53
:020000040000fa
:020000040103f6
:10d17c00416889b170b5044600f178068e4204f11d
:10d18c00a8030d6904d89942204601d2f1f7f6f9ab
:0cd19c002946002df2d170bd704700bf85
:020000040000fa
:020000040103f6
:10d1a800016889b170b5044600f114068e4204f195
:10d1b80074034d6904d89942204601d2f1f7c4fea0
:0cd1c8002946002df2d170bd704700bf59
:020000040000fa
:020000040103f6
:10d1d40003788b4207d00170042904d8dfe801f0fa
:10d1e40008080b040800704781688030fff77abe96
:0cd1f400803004f029bb03f079bf00bfbd
:020000040000fa
:020000040103f6
:10d2000070b4094d04460e460fcd20606160a260e7
:10d21000e36035687068b168f268e2612561606159
:0cd22000a16170bc704700bfe8d4002082
:020000040000fa
:020000040103f6
:10d22c0030b585b000230d4601aa04218df80c30d1
:10d23c0002f0e0fa044630b9294601a803f0b2ff27
:0cd24c00002808bf0824204605b030bdb3
:020000040000fa
:020000040103f6
:10d2580070b504460e46dcf7adfb2378db090546be
:10d2680002d1e3781b0703d50db90223337570bdce
:0cd27800014800f0f9fcf7e7e8d20020c4
:020000040000fa
:020000040103f6
:10d2840030b587b001248df80f10009223460df1bc
:10d294000f0504aa4af6aa7103488df814400495b0
:0cd2a400f4f7f0fd07b030bda0d600206c
:020000040000fa
:020000040103f6
:10d2b00010b5044602210022fef7c0faa37913f04c
:10d2c000010102d0a3881bb1fee72046fef7d0fa89
:0cd2d00020460021bde81040eef7aabb8c
:020000040000fa
:020000040103f6
:10d2dc0038b5838b084a42600025044603f0fe03f0
:10d2ec00838385608577056245642c3002f0e2f912
:0cd2fc006562a562204638bdf5290401da
:020000040000fa
:020000040103f6
:10d3080001f0fd01012900d07047074b93f80b2d60
:10d31800910707d493f8662d1207f5d0b3f8683d46
:0cd32800022bf1d1faf734b800c6002047
:020000040000fa
:020000040103f6
:10d3340010b586b001aa08480c46eff709f848b9b9
:10d344009df81530227e9a4216bf012000202376d4
:0cd3540006b010bd0023f5e7a0d60020b5
:020000040000fa
:020000040103f6
:10d3600090b1d0f84c327bb1d0f81422d0f85012e2
:10d3700010b50446521a1846c4f8142205f05efb94
:0cd380000023c4f84c3210bd704700bf01
:020000040000fa
:020000040103f6
:10d38c0090f8a4300bb91846704710b5022190f8ec
:10d39c00a5200446fbf786fd10f5d14f05d00023e0
:0cd3ac0084f8a43008b9d4f8a80010bd23
:020000040000fa
:020000040103f6
:10d3b80093b1043930b401eb8303051f104600bf55
:10d3c80051f8044f241a34bf01200020994245f82f
:0cd3d800044ff5d130bc70471046704780
:020000040000fa
:020000040103f6
:10d3e4004cf2ad0398420cd04cf2af02064b02e073
:10d3f400824204d01a691033002af9d11346184620
:0cd404007047014bfbe700bf08940201d9
:020000040000fa
:020000040103f6
:10d41000837a0a2b10d8012000fa03f313f08e0f41
:10d4200009d113f4c06f05d113f0100f0cbf002009
:0cd4300004207047022070470020704765
:020000040000fa
:020000040103f6
:10d43c0010b501210446fcf713fe00b110bd01210b
:10d44c0004f10800fcf70cfe0028f7d1014604f1aa
:0cd45c001000bde81040fcf703be00bf4c
:020000040000fa
:020000040103f6
:10d468000078032801d007487047022b086006d9c6
:10d478004ff4b8531070a2f80130002070470248ea
:0cd48800704700bf80b0ffff00b1ffff45
:020000040000fa
:020000040103f6
:10d4940030b40469002c0edc04eb840500eb850534
:10d4a40001342b62029b6b62c5e9051200230461ff
:0cd4b400184630bc70476ff03d03f9e7ec
:020000040000fa
:020000040103f6
:10d4c00012f0030318bf012370b50e4603eb92015f
:10d4d00014460546f8f72cfb00b170bd23463246d2
:0cd4e000e9882868bde87040f6f746bef9
:020000040000fa
:020000040103f6
:10d4ec0070b588b0dde90c650e9c009302950f9b1e
:10d4fc00109d0394119c04930196134605950a46be
:0cd50c0006940121f6f7e2fe08b070bda5
:020000040000fa
:020000040103f6
:10d51800f0b402280c46dde9066711461a46dde933
:10d52800043506d1cde9056704952046f0bcddf742
:0cd5380047bb0148f0bc7047808fffff2c
:020000040000fa
:020000040103f6
:10d5440008b5007a00f012fe60b143791b090b2b79
:10d5540009d84ff4146222fa03f313f0010f14bf35
:0cd564000320002008bd002008bd00bf0f
:020000040000fa
:020000040103f6
:10d5700003681b791bb94268013a012a0bd9836bf6
:10d58000b0f8dc0043b1b3f888322bb118b198423f
:0cd5900028bf184670471846704700bfbf
:020000040000fa
:020000040103f6
:10d59c0010b50446edf796f8a06b05f049fa606cef
:10d5ac000023a36320b101f0ebfb606c05f040faa3
:0cd5bc00a36c63640023a36410bd00bfd7
:020000040000fa
:020000040103f6
:10d5c80038b54ff086440222074d22604ff2dc0343
:10d5d80028461b6898474ff2e80328461b68984777
:0cd5e8000020206038bd00bf2c07002090
:020000040000fa
:020000040103f6
:10d5f40038b54ff086440222074d22604ff29c0357
:10d6040028461b6898474ff2a00328461b68984792
:0cd614000020206038bd00bf0004002092
:020000040000fa
:020000040103f6
:10d6200000b583b040f20143002201a90548adf8de
:10d63000043003f019ff10b9034b01221a7003b034
:0cd640005df804fb1c100020b7f0002077
:020000040000fa
:020000040103f6
:10d64c0010b508460c46cdf73efb58b90648631e8c
:10d65c00e11d3e2202e000bf10f8012b03f8012f60
:0cd66c008b42f9d110bd00bff12f04016a
:020000040000fa
:020000040103f6
:10d678000003000015f0030189a20301e9bc0301be
:10d688001dbd0301c5a2030185bd030151bd0301f1
:0cd6980025320401d524040121320401d4
:020000040000fa
:020000040103f6
:10d6a40030b421f001014ff08075074c40f80c4c68
:10d6b4006ff0020340f8202c40e9021540f8243ca6
:0cd6c40030bc4438704700bf21fe030159
:020000040000fa
:020000040103f6
:10d6d00008b54ff0200383f31188bff36f8fbff3ba
:10d6e0004f8fdaf7bbff18b1034b4ff080521a602f
:0cd6f000002383f3118808bd04ed00e066
:020000040000fa
:020000040103f6
:10d6fc0038b5084b084c18780025e57700f0d2f8bf
:10d70c00022323700123a3702846bde8384002f0a1
:0cd71c006dbc00bfc9110020641100208a
:020000040000fa
:020000040103f6
:10d72800f0b51446ff2501268c4209d9017803fa81
:10d7380002f281ea02032b405340dbb20370f0bdd2
:0cd7480006fa04f725ea07050134ede7b6
:020000040000fa
:020000040103f6
:10d7540008b5074802f040fc38b9064802f03cfc22
:10d7640018b9054802f038fc00b1852008bd00bf97
:0cd77400d0110020c9110020c8110020b5
:020000040000fa
:020000040103f6
:10d7800000000000942c0401191f04012d1f040146
:10d7900081320401853204015bd80301bdbe03015f
:0cd7a00031d8030179f70201a1af0301a9
:020000040000fa
:020000040103f6
:10d7ac00814208b50ed0406803782a2b0cd049680a
:10d7bc000b782a2b08bf013103f058ffb0fa80f028
:0cd7cc00400908bd0120fce70020fae73e
:020000040000fa
:020000040103f6
:10d7d80000000000ac2c0401411f0401551f040186
:10d7e80081320401853204015bd80301bdbe030107
:0cd7f800191604018da50301a12c0401e9
:020000040000fa
:020000040103f6
:10d8040000b553ec112b83b051ec100b8ded002bb4
:10d81400dff79cff9ded002b53ec122bd6f766ff30
:0cd8240041ec100b03b05df804fb00bfea
:020000040000fa
:020000040103f6
:10d830002de9f04104460d4616461f4603f0ecfe66
:10d8400048b9a06803689c6932463b462946a4460d
:0ad85000bde8f0416047bde8f0813b
:020000040000fa
:020000040103f6
:10d85a002de9f04105460c4616461f46fff7a1ff83
:10d86a0048b9032f07d823683246294620465b6900
:0ad87a00bde8f0411847bde8f08159
:020000040000fa
:020000040103f6
:10d88400802910db812901dd83290cd1136807333a
:10d8940023f0070303f108011160d3e90023c0e971
:0ad8a40000230120704700207047a8
:020000040000fa
:020000040103f6
:10d8b000074b1b78834201d21220704710b5054bed
:10d8c00000011c181858f6f7b7fd0020207310bd92
:08d8d000b5f0002080fc0020ef
:020000040000fa
:020000040103f6
:10d8d80050b1064b02689a42014602d30448fff74a
:10d8e800cbb90448fff7c8b9704700bf1cec00204b
:08d8f8008cff002080ff0020de
:020000040000fa
:020000040103f6
:10d90000037a012b0ad05ab262b1022b05d10b72f5
:10d91000036842684a600b60704770470b72038867
:08d920000b8070470a7270478a
:020000040000fa
:020000040103f6
:10d9280010b404884ff6fe72944208d00b4607c81c
:10d93800002483e8070020465df8044b704717244d
:08d9480020465df8044b704716
:020000040000fa
:020000040103f6
:10d9500038b50446c06c0d4618b103f045ff0023ee
:10d96000e36469892846fff70ffa0028e0640cbfda
:08d970000320002038bd00bfb8
:020000040000fa
:020000040103f6
:10d9780010b401f1310424f00104247814f0300fbc
:10d9880003d007205df8044b704713465df8044b3d
:08d998000a464421ebf7c4be6e
:020000040000fa
:020000040103f6
:10d9a00078b179b103785bb10346002003e000bf92
:10d9b00013f8012f2ab1013080b28142f8d17047ab
:08d9c000184670470846704745
:020000040000fa
:020000040103f6
:10d9c8008388c28810b45c1c944208d80268d15479
:10d9d80083885df8044b013383800020704703205f
:08d9e8005df8044b704700bf1d
:020000040000fa
:020000040103f6
:10d9f0008388c28810b49c1c944209d8026849ba32
:10da0000d15283885df8044b023383800020704735
:08da100003205df8044b704790
:020000040000fa
:020000040103f6
:10da18008388c28810b49c1c944208d80268d152ea
:10da280083885df8044b023383800020704703200d
:08da38005df8044b704700bfcc
:020000040000fa
:020000040103f6
:10da400070b58688c488b518a5420ad8044600680f
:10da50003044154603f080f8a3882b44a3800020af
:08da600070bd032070bd00bf82
:020000040000fa
:020000040103f6
:10da680038b5c4890b199bb2a3420bd30d4619468e
:10da78000446f2f7cbfe20b9a3896581ab4200d9f1
:08da8800a58138bd072038bd5f
:020000040000fa
:020000040103f6
:10da900003464ff4fe4210b4002123f80c2b00f58e
:10daa000a6747f2203f80a1c03f8092c0a33a34248
:08dab000f8d15df8044b70474a
:020000040000fa
:020000040103f6
:10dab80030b5144683b00d460df1070221461c46c9
:10dac800faf7b2fe30b99df907207f2a02d06a75ad
:08dad80004b1608403b030bd0d
:020000040000fa
:020000040103f6
:10dae00010b5837c9b070446064808d5fcf772fbfb
:10daf00020b9a378022b1cbf0223a37010bdfef730
:08db0000d9f8f5e700c600208a
:020000040000fa
:020000040103f6
:10db080038b50546f3f780faff280ad004462846b8
:10db1800fbf716feab8820449842ccbf06200020b5
:08db280038bd062038bd00bf26
:020000040000fa
:020000040103f6
:10db300070b50546f3f76cfa2e68ff2818bf341845
:10db4000284608bf0024fbf7fffda31bdbb2c0f192
:08db50007f00c01a80b270bd15
:020000040000fa
:020000040103f6
:10db5800f8b50646f3f758fa3768b588ff2818bfae
:10db68003c18304608bf0024fbf7eafde31b281adf
:08db7800dbb2c01a80b2f8bd57
:020000040000fa
:020000040103f6
:10db8000f8b505460e46f3f743fa2f68ff2818bf8d
:10db90003c18284608bf0024fbf7d6fde31b3044a1
:08dba00050fa83f3ab80f8bddd
:020000040000fa
:020000040103f6
:10dba80062b1012a09d1cb1d0138013913f80129c5
:10dbb80000f8012f8b42f9d1704770470b684a680b
:08dbc80042600360704700bfda
:020000040000fa
:020000040103f6
:10dbd00010b5036a82b004464bb17f2907d0027c9e
:10dbe0008df805108df80420416a01a89847204659
:08dbf000ecf77eff02b010bd4e
:020000040000fa
:020000040103f6
:10dbf800014610b40022074c8260c0e9002241f8b7
:10dc08000c4f028b416102f0800202835df8044be5
:08dc1800704700bfa9270401b9
:020000040000fa
:020000040103f6
:10dc2000037eda070dd5c3f3c302013202f00f02ff
:10dc300062f3c603042a037604d9037e6ff3c60396
:08dc400003767047eef7aab964
:020000040000fa
:020000040103f6
:10dc4800037e10b4c3f340048c4204d061f3410353
:10dc58000376db0702d45df8044b704701215df8b9
:08dc6800044bf3f739ba00bfc9
:020000040000fa
:020000040103f6
:10dc7000c37a13f0fc0106d0fc2904d0fc33c37234
:10dc800013f0fc0300d07047417e63f30711417627
:08dc90000121f3f725ba00bfe2
:020000040000fa
:020000040103f6
:10dc980010b582b004461123084600918df804306f
:10dca80003f076fd28b120466946fbf7fdfd02b07a
:08dcb80010bd072002b010bdf1
:020000040000fa
:020000040103f6
:10dcc00010b586b01346adf814100024014601aa21
:10dcd0000448cde90144cde90344f1f7b9ff06b0aa
:08dce00010bd00bf88c6002042
:020000040000fa
:020000040103f6
:10dce80010b5fdf7b9fb00230b604b608b60cb6070
:10dcf8000b82c1f81230c1f81630c1f81a30c1f8d9
:08dd08001e304b8410bd00bf6a
:020000040000fa
:020000040103f6
:10dd100008b5074bd3f8903013b907e01b6b2bb154
:10dd20009842fbd101460348fff7deff002008bd03
:08dd300000c6002088c6002097
:020000040000fa
:020000040103f6
:10dd380010b5037c0c7c9c4201d0002010bde21d74
:10dd4800d208102a00d9fee7f7f746fc84428cbfb8
:08dd58000020012010bd00bff6
:020000040000fa
:020000040103f6
:10dd600010b400236ff001046ff07f020470427062
:10dd70008370c370037143718371c3715df8044b89
:08dd80000830fff7a3b900bf52
:020000040000fa
:020000040103f6
:10dd880030b44b680d6843604ff0ff34002352ba3b
:10dd98006ff001010560c472c2810173037243729e
:08dda8008372437330bc704725
:020000040000fa
:020000040103f6
:10ddb00043885bba9bb2042b0cd0072b08d943686d
:10ddc00080681bba00ba83428cbf002001207047d4
:08ddd00000207047012070479c
:020000040000fa
:020000040103f6
:10ddd800c36b10b5044643b1d96931b10b22204653
:10dde800f9f7baf8e36b002bf6d1201dfff78cff8b
:08ddf800002384f89d3010bdea
:020000040000fa
:020000040103f6
:10de0000026842b191420bd0134601e0994207d01b
:10de10009b68002bfad100238a6001601846704786
:08de200018231846704700bfeb
:020000040000fa
:020000040103f6
:10de2800426842b191420dd0134601e0994209d0af
:10de38001b69002bfad10a6100230a4641600121bf
:08de4800f6f7a6bd704700bf0c
:020000040000fa
:020000040103f6
:10de50000023036010b406490468064a4360214069
:10de60000a438360c360436102615df8044b7047fd
:08de7000000080fe40001f01cc
:020000040000fa
:020000040103f6
:10de780010b503460446064a03f0bef823460022be
:10de88000449a26343f83c1f2046c4e9113210bd7f
:08de980055310401bd2804010d
:020000040000fa
:020000040103f6
:10dea00030b4058800294fea520402f1ff334ff6df
:10deb000ff7105fb034318bf00210b4430bcb3fbcb
:08dec000f2f30380704700bf7c
:020000040000fa
:020000040103f6
:10dec8004378ff2b10b402d00133dbb24370082b28
:10ded80028bf082302785c1e04fb02125df8044b7d
:08dee800b2fbf3f30370704775
:020000040000fa
:020000040103f6
:10def00070b4084e06f6e86405460fcc28606960e9
:10df0000aa60eb6005f1100106f6085070bc04f041
:08df1000f9b900bf00c60020b2
:020000040000fa
:020000040103f6
:10df180070b50c4682b01646072122460546fef724
:10df2800c5fb38b9cde9000033462246284607210b
:08df3800f0f70ef802b070bd15
:020000040000fa
:020000040103f6
:10df400038b500210546ecf7aff905f1e800fff719
:10df5000dffe044620b905f5d8710248fcf7d8fc6d
:08df6000204638bd2cc700204b
:020000040000fa
:020000040103f6
:10df680030b583b00d46002301220df107018df86d
:10df780007300446fef79eff20b9294620461022a6
:08df8800fef798ff03b030bd65
:020000040000fa
:020000040103f6
:10df900010b582b00c4601ab0422562103f0d4fb2d
:10dfa00038b99df80530012b86bfbdf806302380b7
:08dfb000062002b010bd00bf05
:020000040000fa
:020000040103f6
:10dfb80030b583b08a880c460df106030968f7f777
:10dfc800fbfb054620b92046bdf8061004f056f8bc
:08dfd800284603b030bd00bf74
:020000040000fa
:020000040103f6
:10dfe000034661b1488e9a8a904200d0704791f8fa
:10dff00036001a69012181400a431a61704703699a
:08e00000002bf3d0f3f70ebf73
:020000040000fa
:020000040103f6
:10e0080010b40c7803784a7864f3000303704b88e3
:10e01800023ad2b25bbaa0f8fa3042700431023048
:08e028005df8044b02f094bd09
:020000040000fa
:020000040103f6
:10e0300038b5937803f00f0303709378c3f300139c
:10e04000437015460446ca780230043104f0d2f811
:08e05000eb78a37438bd00bf9a
:020000040000fa
:020000040103f6
:10e0580090f834309b0700d5704710b5044601216d
:10e068000448eff749fa94f8343043f0020384f88f
:08e07800343010bde4cf00209c
:020000040000fa
:020000040103f6
:10e0800010b50446e6f752f9a06150b183891bb977
:10e09000037943f0080303710248bde8104000f023
:08e0a00023bc10bde4cf0020f9
:020000040000fa
:020000040103f6
:10e0a80010b5044603f0faffe07103f0f7ff002310
:10e0b800a07123714ff400710248bde8104003f0cd
:08e0c80071bb00bf28c6002057
:020000040000fa
:020000040103f6
:10e0d00010b5144600f000fe58b14378012b06d964
:10e0e00005f010f803885bba2380002010bd0620dd
:08e0f00010bd172010bd00bf98
:020000040000fa
:020000040103f6
:10e0f800084a38b50160d2f8f0490c4004601cb1f8
:10e10800bde8384001f038bc0546103003f09afbf2
:08e11800ac7238bd00c6002006
:020000040000fa
:020000040103f6
:10e1200030b583b005460024012301aa0821054823
:10e130008df8044000f06cfb10b99df80430ab770b
:08e1400003b030bd54c60020fd
:020000040000fa
:020000040103f6
:10e1480010b50346044600210120064a207061608c
:10e1580043f8082f04f114002361802203f00aff1a
:08e16800204610bd0d2a040140
:020000040000fa
:020000040103f6
:10e17000084b5a685ab11978814205d107e000bfaf
:10e1800013f8081f814202d0da68002af8d110463d
:08e19000704700bf805b030132
:020000040000fa
:020000040103f6
:10e1980080b110b50446203004f0a0fc4ff4a07103
:10e1a800204603f0dffc42f210724ff0ff33e261c9
:08e1b800236110bd704700bf98
:020000040000fa
:020000040103f6
:10e1c00030b587b0dde90a5400959df830500194d0
:10e1d00002950d9c0e9d03940024cde90454e7f7ad
:08e1e000c1fc07b030bd00bf17
:020000040000fa
:020000040103f6
:10e1e80030b1036823b11b78082b07d0092b01d065
:10e1f8000448704740680021eaf764b94068012183
:08e20800eaf760b900afffff67
:020000040000fa
:020000040103f6
:10e2100070b404680e1b002e0bdd26789e4204d1dc
:10e220000134046070bcf3f78dbf6ff0610070bc07
:08e2300070476ff05f00fae790
:020000040000fa
:020000040103f6
:10e2380058b138b514460d46fef718fc40b1027cbb
:10e24800437c2a700020237038bd6ff02d00704782
:08e258006ff02d0038bd00bf7e
:020000040000fa
:020000040103f6
:10e260009c2a040108000000c0780001c078000169
:10e27000030000000000000000000000000000009b
:08e28000000000000000000096
:020000040000fa
:020000040103f6
:10e2880042f21072914210b40ad8c2888a4203d36b
:10e2980000205df8044b70475df8044bfcf780bd27
:08e2a8006ff00f00f5e700bf65
:020000040000fa
:020000040103f6
:10e2b00001290dd810b414461a4621b921465df83b
:10e2c000044bcef7b7b821465df8044bcdf78abeb4
:08e2d0006ff02000704700bf51
:020000040000fa
:020000040103f6
:10e2d8000100000002000000040000000800000027
:10e2e8001000000020000000400000008000000036
:08e2f8001b00000036000000cd
:020000040000fa
:020000040103f6
:10e3000000b583b0836b8df80410110c52baadf8d0
:10e31000062004228df805101b690deb02019847b9
:08e3200003b05df804fb00bf2f
:020000040000fa
:020000040103f6
:10e3280080b110b50446006e30b104f083fb0023c1
:10e33800236684f86830636620467021bde8104083
:08e3480003f010bc704700bf98
:020000040000fa
:020000040103f6
:10e35000084a1388180406d4138843f40043138032
:10e3600013691904fcd4034a13691b07fcd4906990
:08e37000704700bf00000142ec
:020000040000fa
:020000040103f6
:10e37800074a084b91894cf2ff3089b25960908165
:10e3880092891a681ab1586899681b6818477047c3
:08e3980000000142a4ff002077
:020000040000fa
:020000040103f6
:10e3a000074b5a7a52b13321064a987a9972136808
:10e3b000c0b21bb110b1516813681847704700bf55
:08e3c00000140040f8ff0020ea
:020000040000fa
:020000040103f6
:10e3c80010b5084c94f8311094f9080002f026fbb7
:10e3d80094f8303003b110bd04f13800bde81040a6
:08e3e80004f012bf60fd0020eb
:020000040000fa
:020000040103f6
:10e3f00008480068006880f308884ff0000080f348
:10e40000148862b661b6bff34f8fbff36f8f00df22
:08e4100000bf000008ed00e070
:020000040000fa
:020000040103f6
:10e4180070b504460d46164604e0a269236a2046f4
:10e4280015449847a1692b46294432462046f9f7f6
:08e4380085ff0028f1d170bd41
:020000040000fa
:020000040103f6
:10e44000026910b4d0e9011354688b6084425960aa
:10e4500008bf536013685df8044b013b0021016164
:08e4600018461360704700bf6d
:020000040000fa
:020000040103f6
:10e468004170705f4c6f673a205544502052656385
:10e4780065697665642066726f6d20257320646116
:08e4880074613a2025730a00bb
:020000040000fa
:020000040103f6
:10e4900000f1824000f5803082b00378dbb28df865
:10e4a00007309df8073019401141c9b28df80710a7
:08e4b0009df8070002b070475f
:020000040000fa
:020000040103f6
:10e4b80000f1824000f5803082b00378dbb28df83d
:10e4c80007309df8073019401141c9b28df807107f
:08e4d8009df8070002b0704737
:020000040000fa
:020000040103f6
:10e4e00000f1824000f5803082b00378dbb28df815
:10e4f00007309df8073019401141c9b28df8071057
:08e500009df8070002b070470e
:020000040000fa
:020000040103f6
:10e5080008b5084b5b780f2b01d0202b07d10820ca
:10e51800d3f730ff08280cbf0020852008bd8220d3
:08e52800fce700bf64110020b4
:020000040000fa
:020000040103f6
:10e5300008b5074a4ff003019170537803f01f03a9
:10e54000082bf9d104f0c4fb024b5870002008bd21
:08e550000000014164110020ec
:020000040000fa
:020000040103f6
:10e5580038b5084c4ff41e652846e560f4f718fdf9
:10e56800a06010b9e060606038bd0023606005609d
:08e578004360f9e770ff002089
:020000040000fa
:020000040103f6
:10e5800038b50569954228bf154604465db12a464f
:10e59000406902f0e1fa636922692b44551b0022ad
:08e5a000636125611a7038bdaa
:020000040000fa
:020000040103f6
:10e5a80008b5804704f070fdf6f70cfe04f06cfd2a
:10e5b8000d460446f9f708f9013501d004f05afb75
:06e5c8002046e5f75ffbb1
:020000040000fa
:020000040103f6
:10e5ce004e31305f5f637878616269763132305fe9
:10e5de005f73695f636c6173735f747970655f6994
:05e5ee006e666f4500a0
:020000040000fa
:020000040103f6
:10e5f40030b585b000230d4601a98df80c30faf72b
:10e6040055f9044618b9294601a8fff777f92046b9
:04e6140005b030bd60
:020000040000fa
:020000040103f6
:10e6180010b51c46f1f758f950b141892c3989b227
:10e62800fef7aefb0028206014bf0020032010bdb9
:04e63800172010bdda
:020000040000fa
:020000040103f6
:10e63c0070b504460d461646faf734f804f131006d
:10e64c0020f001000378467023f0300343ea0513f1
:04e65c00037070bd1a
:020000040000fa
:020000040103f6
:10e660000b6810b504464bb1db6903601bb118465b
:10e67000fbf7e2ff03466360204610bd0360636062
:04e68000204610bd63
:020000040000fa
:020000040103f6
:10e6840008b5c3884ff6ff72934208d00a46018941
:10e694000068c91a89b2f8f7f9fa002008bd1720f2
:04e6a40008bd00bfee
:020000040000fa
:020000040103f6
:10e6a800034608465a78ff2a04d0023292b2194625
:10e6b800fef700bc5a8852ba92b2043292b2194696
:04e6c800fef7f8bba6
:020000040000fa
:020000040103f6
:10e6cc0030b5044685b0154601a80a462146fbf72d
:10e6dc0091ff28b92a462046bdf8061004f03efbef
:04e6ec0005b030bd88
:020000040000fa
:020000040103f6
:10e6f00030b5044685b0154601a80a462146fbf709
:10e700007fff28b92a462046bdf8061003f026f8f8
:04e7100005b030bd63
:020000040000fa
:020000040103f6
:10e7140030b5044685b0154601a80a462146fbf7e4
:10e724006dff28b92a462046bdf8061003f01ef8ee
:04e7340005b030bd3f
:020000040000fa
:020000040103f6
:10e7380070b505460e461c4623b118461146fff72c
:10e748002bf9c3b2224631462846bde87040f4f79b
:04e75800bbbf00bf84
:020000040000fa
:020000040103f6
:10e75c000139013801e0934209d111f8013f10f859
:10e76c00012f002bf7d1b2fa82f04009704700203c
:04e77c00704700bf23
:020000040000fa
:020000040103f6
:10e78000002110b4064c046080600262c0e90311ed
:10e79000c0e90511c16181845df8044b704700bf79
:04e7a0000d31040132
:020000040000fa
:020000040103f6
:10e7a4004268034602b170470548426822b1516885
:10e7b400596053604360704743605b60fef72ebf4f
:04e7c40000c600206b
:020000040000fa
:020000040103f6
:10e7c8008b894a8903809a422cbfc3eb0202c3ebb0
:10e7d8000302db439bb292b2934228bf13464380a5
:04e7e800704700bfb7
:020000040000fa
:020000040103f6
:10e7ec00074a938803b9fee7013b9bb210b5044678
:10e7fc0093800bb1204610bd01f072fd204610bd78
:04e80c0008000120df
:020000040000fa
:020000040103f6
:10e8100000b585b00df10e00adf80e300090134636
:10e8200003480022f0f7d8fd05b05df804fb00bff7
:04e8300000c60020fe
:020000040000fa
:020000040103f6
:10e8340003686bb1d96910b5044611b907e0d96909
:10e8440029b1204601f0b6fc2368002bf7d110bd96
:04e85400704700bf4a
:020000040000fa
:020000040103f6
:10e85800d0e9003210b45c1a33ea240328bf0b460f
:10e86800d11a33ea210328bf134643605df8044bed
:04e87800704700bf26
:020000040000fa
:020000040103f6
:10e87c008368984204d04368cb1a002b00db7047a6
:10e88c004160024a01460248eff732b9080e040112
:04e89c0008c600208a
:020000040000fa
:020000040103f6
:10e8a00038b50d46044601f059fdff2808d0431c39
:10e8b000dbb22268d550237f43f00103237738bdb4
:04e8c000fee700bfb0
:020000040000fa
:020000040103f6
:10e8c4000748d0f86c39591e914203d00133934262
:10e8d40003d0fee700f63820704700f65820704752
:04e8e40000c600204a
:020000040000fa
:020000040103f6
:10e8e8000378db0709d54278042a06d04388d9067d
:10e8f80003d443f01003438002b17047bc30fff7e4
:04e908004dbf00bf40
:020000040000fa
:020000040103f6
:10e90c001f2908b50cd8c268ca40d30708d50278ad
:10e91c00c17242f020020270f5f73cff002008bde6
:04e92c00072008bdfb
:020000040000fa
:020000040103f6
:10e93000037ed90705d4064991f80b1d0a0701d5b6
:10e94000fee7704743f0010303760121f2f7c8bbed
:04e9500000c60020dd
:020000040000fa
:020000040103f6
:10e9540030b5c3b0044601a802f0eeff01a9204679
:10e96400f4f790ff01a905462046eff703f928467e
:04e9740043b030bdbf
:020000040000fa
:020000040103f6
:10e9780010b5c2b0044601a802f0dcff01a9204688
:10e98800f4f77eff18b901a9204601f029fd42b02d
:04e9980010bd00bfef
:020000040000fa
:020000040103f6
:10e99c0030b5c3b004460d4601a802f0c9ff2946a4
:10e9ac0001a803f043ff01a92046f8f7fbf943b097
:04e9bc0030bd00bfab
:020000040000fa
:020000040103f6
:10e9c0008b7a10b40c89d1e9002143ea440312bace
:10e9d00049ba5bba0180c0f80220c3805df8044bdd
:04e9e000704700bfbd
:020000040000fa
:020000040103f6
:10e9e4000188d0f8020049ba00ba00224df804bdeb
:10e9f4008bb212eb000b43f1000c584661465df8f4
:04ea040004bb704798
:020000040000fa
:020000040103f6
:10ea0800002310b449ba4ff0ff346ff00102c4700c
:10ea1800c180027103704370837043715df8044bc9
:04ea2800704700bf74
:020000040000fa
:020000040103f6
:10ea2c000368b3f17f4f01d0002070478388fe2b21
:10ea3c00fad18079fb28f7d880f00200c0f34000af
:04ea4c00704700bf50
:020000040000fa
:020000040103f6
:10ea500010b50c4682b010b1f3f786f840b9002328
:10ea6000204601220df107018df80730fef726fa46
:04ea700002b010bd23
:020000040000fa
:020000040103f6
:10ea7400136813b11a46f2f799bb10b454682cb159
:10ea8400138922465df8044bf0f726ba5df8044b6f
:04ea9400fcf732bd9c
:020000040000fa
:020000040103f6
:10ea980038b5446864b10d4601e0246944b11022d8
:10eaa8002946204602f046f80028f6d1012038bd54
:04eab800204638bdff
:020000040000fa
:020000040103f6
:10eabc0038b5046864b10d4601e0646944b11022b4
:10eacc002946204602f034f80028f6d1012038bd42
:04eadc00204638bddb
:020000040000fa
:020000040103f6
:10eae00038b5051d04462846f5f7aefe2846012236
:10eaf00040f22221fff7e4f82046bde83840eff766
:04eb0000bbbd00bfda
:020000040000fa
:020000040103f6
:10eb040010b5044602f04aff08b1002010bd2146aa
:10eb1400034802f033fb80f00100c0b210bd00bf17
:04eb240008d30020f2
:020000040000fa
:020000040103f6
:10eb2800837f0b296ff30003837703d01c2901d05f
:10eb380011b1fee7f5f7b4b8816904300131fef789
:04eb4800cfb900bf82
:020000040000fa
:020000040103f6
:10eb4c000146002210b4064c8261c0e9042202770f
:10eb5c00026241f8244f5df8044bc162704700bf5c
:04eb6c006529040112
:020000040000fa
:020000040103f6
:10eb700010b50446e834fbf7abff2046f5f764fe1a
:10eb800000b110bd2046012244f64c51bde81040b2
:04eb9000fff796b83d
:020000040000fa
:020000040103f6
:10eb940010b50c46082200f5d471204601f0ccffd4
:10eba40008b1002010bd04f10800bde81040fff7d3
:04ebb4003bbf00bfa4
:020000040000fa
:020000040103f6
:10ebb80010b50c46082200f5d471204601f0baffc2
:10ebc80008b1002010bd04f10800bde8104000f0b5
:04ebd80033bd00bf8a
:020000040000fa
:020000040103f6
:10ebdc0010b5044601f036fd00b110bd044b2046c3
:10ebec00d3f894290821bde8104002f06bb800bf9f
:04ebfc0000c600202f
:020000040000fa
:020000040103f6
:10ec000010b50446064800f0ebfc00b910bd2046e4
:10ec10000823034a1621bde81040f4f759bd00bf90
:04ec2000d8ce00202a
:020000040000fa
:020000040103f6
:10ec240010b50446064800f0d9fc00b910bd2046d2
:10ec34000823034a1721bde81040f4f747bd00bf7d
:04ec440004cf0020d9
:020000040000fa
:020000040103f6
:10ec480010b554220446002103f094f920460449e3
:10ec5800fcf7d6fd4ff0ff33a4f8333010bd00bfea
:04ec680000c60020c2
:020000040000fa
:020000040103f6
:10ec6c0010b538220446002103f082f920460449ed
:10ec7c00fcf7c4fd4ff0ff33a4f8333010bd00bfd8
:04ec8c0000c600209e
:020000040000fa
:020000040103f6
:10ec900010b507481446edf75dfb08b9a37c2bb906
:10eca000002323606360a360e360236110bd00bfa5
:04ecb000a0d60020ca
:020000040000fa
:020000040103f6
:10ecb40010b50346054a43f8082f054a0361044684
:10ecc4000260f9f7fbf8204610bd00bfc529040116
:04ecd400be008100fd
:020000040000fa
:020000040103f6
:10ecd80010b503680c460179042218461944f9f75f
:10ece800c3ff30b122464178bde810400230f0f74a
:04ecf80093be10bdfa
:020000040000fa
:020000040103f6
:10ecfc0010b500f12c010446203002f0fbfd10b1e0
:10ed0c00022384f824300248bde8104002f09eba79
:04ed1c0098d2002069
:020000040000fa
:020000040103f6
:10ed200002781ab18a0504d48b0700d47047e6f73d
:10ed3000b9be10b50446e6f75df92046bde81040bf
:04ed4000e6f7b0be84
:020000040000fa
:020000040103f6
:10ed440010b54ff4a0720446002103f015f904f144
:10ed5400200003f0bffe4ff0ff3242f21073226135
:04ed6400e36110bd9a
:020000040000fa
:020000040103f6
:10ed680030b4d0f8c44004341460d0f8c4204ff450
:10ed780060751d601623c0f8c8301170002030bcc3
:04ed8800704700bf11
:020000040000fa
:020000040103f6
:10ed8c0070b110b504463830fbf77cff04f1740009
:10ed9c00fbf778ff2046b021bde8104002f0e0be42
:04edac00704700bfed
:020000040000fa
:020000040103f6
:10edb0000088012940ba80b20bd14ff6ff6140f2c2
:10edc000022340f20122884218bf1346c01ac043f2
:04edd00080b2704756
:020000040000fa
:020000040103f6
:10edd40030b587b0dde90a5400950c9d0194029585
:10ede4000d9c0e9d03940024cde90454e5f7f6f838
:04edf40007b030bd77
:020000040000fa
:020000040103f6
:10edf80060b110b404682cb183681bb15df8044b92
:10ee080001f0bcbc02485df8044b704700487047ed
:04ee180000afffff49
:020000040000fa
:020000040103f6
:10ee1c0001f18041013900eb8101884209d80a686f
:10ee2c00036812ba1bba40f8042b41f80439884223
:04ee3c00f5d970474d
:020000040000fa
:020000040103f6
:10ee40000168881c400000f008000844032200bf4d
:10ee500000fb01f3c3f10203013a03fb00f0f7d119
:04ee60004042704775
:020000040000fa
:020000040103f6
:10ee6400544c532d45434448452d45434453412d6b
:10ee7400574954482d4145532d3235362d43434d82
:04ee8400000000bfcb
:020000040000fa
:020000040103f6
:10ee880030b583b004460d461046694601aa01f024
:10ee98002bfd28b929462046dde90023faf784f836
:04eea80003b030bdc6
:020000040000fa
:020000040103f6
:10eeac0038b5446804f16805134620460a462946dd
:10eebc00def742f900b138bd29462046bde838409e
:04eecc00dbf74cbc68
:020000040000fa
:020000040103f6
:10eed00000b583b040680599009111461a46049b1d
:10eee00002f03afe10f5984f08bf00f5985003b0b5
:04eef0005df804fbca
:020000040000fa
:020000040103f6
:10eef400436b0bb101207047436f43b1036f33b1d0
:10ef0400836e23b1c06e003018bf012070471846cd
:04ef1400704700bf83
:020000040000fa
:020000040103f6
:10ef1800c26801320dd010b50446faf705f800238f
:10ef280014212361601802f01dfe4ff0ff33e360e7
:04ef380010bd704751
:020000040000fa
:020000040103f6
:10ef3c00806b70b143791b090b2b09d84ff4146209
:10ef4c0022fa03f313f0010f14bf032000207047c3
:04ef5c0000207047da
:020000040000fa
:020000040103f6
:10ef600030b587b0dde90a5400950c9d01940295f7
:10ef70000d9c0e9d03940024cde90454f1f778f91b
:04ef800007b030bde9
:020000040000fa
:020000040103f6
:10ef840010b54ff0864402224ff2bc0322601b6886
:10ef940003484ff4117198470020206010bd00bf52
:04efa4000004002045
:020000040000fa
:020000040103f6
:10efa80010b5002002f068fa0446f8f7edfa044bb1
:10efb800c3e9000121460020bde8104003f05eba15
:04efc800e0ff002046
:020000040000fa
:020000040103f6
:10efcc0010b500200c4602f055fa054b1a68a24207
:10efdc00014638bf1c600020bde8104003f04cba5d
:04efec0028000120d8
:020000040000fa
:020000040103f6
:10eff000074a537943f08003537113695b07fcd4cc
:10f00000034a537913f0e00ffbd1908a704700bf99
:04f0100000140040a8
:020000040000fa
:020000040103f6
:10f0140000b1704738b5064d05f108000c4601f003
:10f02400d5fc012802d123682b60287138bd00bfac
:04f03400b0ff002009
:020000040000fa
:020000040103f6
:10f0380038b50546fbf75cff20b12846fbf75cf9bd
:10f04800044610b90024204638bd2846f5f7f0f9e3
:04f05800204638bd59
:020000040000fa
:020000040103f6
:04f05c000a207047cf
:020000040000fa
:020000040103f6
:10f06000074b19680868b0e8f04f80f30988bff3d0
:10f070006f8f4ff0000080f311887047aff300806e
:04f080006400012007
:020000040000fa
:020000040103f6
:10f08400026c72b110b40b46d0e902411144a142a2
:10f09400c16024bf0168c1605df8044b184601f0eb
:04f0a40059bd70479b
:020000040000fa
:020000040103f6
:10f0a80010b500210120f9f78df9044638b1002385
:10f0b80083600360c3601a461946ddf75dfe20468b
:04f0c80010bd00bfb8
:020000040000fa
:020000040103f6
:10f0cc0030b583b0dde90654cde90054e8f738f9e2
:10f0dc0020b1ddf731f9012003b030bd4ff0ff3026
:04f0ec0003b030bd80
:020000040000fa
:020000040103f6
:10f0f00080b500af0620d3f741f903f0e9fd0346e0
:10f1000003f01f03062bf5d141f65830faf770f9da
:04f1100000bf80bdff
:020000040000fa
:020000040103f6
:10f114004e31305f5f637878616269763131395f8f
:10f124005f666f726569676e5f6578636570746941
:04f134006f6e4500b5
:020000040000fa
:020000040103f6
:10f13800a0f1800106488368994205d9c268134442
:10f14800994201d2f2f774bc0846f9f74bba00bfee
:04f1580070ff002024
:020000040000fa
:020000040103f6
:10f15c004e31305f5f637878616269763131375f49
:10f16c005f636c6173735f747970655f696e666ff2
:02f17c0045004c
:020000040000fa
:020000040103f6
:10f18000064b10b408200124202180225c635863c0
:10f190005df8044b59639a63704700bf002b00442d
:020000040000fa
:020000040103f6
:10f1a000064a08b50301d118087b00b908bdd0583c
:10f1b00002f0aef980f00100c0b208bd80fc002072
:020000040000fa
:020000040103f6
:10f1c000064808b503683bb14ff0ff3102f004fe7a
:10f1d000bde80840e2f730b908bd00bf18100020b4
:020000040000fa
:020000040103f6
:10f1e00002460620138823f4ff4343f45063138040
:10f1f000137823f07f0343f004031370704700bfbc
:020000040000fa
:020000040103f6
:10f2000010b50a460548002103f09aff044610b1e4
:10f21000002103f051fa204610bd00bf88c600202f
:020000040000fa
:020000040103f6
:10f2200070b50d4605490446fff7eaff2b46014637
:10f2300000222046bde87040fdf74ebd381804019d
:020000040000fa
:020000040103f6
:10f2400038b50d4605490446fff7daff2a46014660
:10f250002046bde83840fdf755bd00bf3818040111
:020000040000fa
:020000040103f6
:10f2600010b584b0069c00930023cde902330194cd
:10f27000024bd4f725fb04b010bd00bf582d04018c
:020000040000fa
:020000040103f6
:10f2800000b5002385b0cde90233cde90033034b4f
:10f29000d4f716fb05b05df804fb00bf582d040140
:020000040000fa
:020000040103f6
:10f2a000313020f00100037813f0300f06d14078a0
:10f2b000a0f10200b0fa80f04009704700207047ca
:020000040000fa
:020000040103f6
:10f2c0000eb400b582b003ab012153f8042b0193b7
:10f2d000ebf77afb02b05df804eb03b0704700bfb8
:020000040000fa
:020000040103f6
:10f2e00030b50c4683b011460546628901a800f08e
:10f2f00047f801aa21462846e9f776fc03b030bd5d
:020000040000fa
:020000040103f6
:10f30000027852b1914202d109e08b4206d010f846
:10f31000013f002bf9d118467047104670477047df
:020000040000fa
:020000040103f6
:10f320000eb410b583b005aa044652f8041b01922e
:10f33000f9f7fef9204603b0bde8104003b070476e
:020000040000fa
:020000040103f6
:10f3400038b5044608462168154601f005fc2368d7
:10f35000a2882b44521b2360a280002038bd00bf2e
:020000040000fa
:020000040103f6
:10f360008288012a09d910b502220c46fff7e8ff6e
:10f3700010b923885bba238010bd0620704700bff8
:020000040000fa
:020000040103f6
:10f3800091422cbfc1eb0102c1eb0202cb4392b20e
:10f390009bb29a4228bf1a4601804280704700bf44
:020000040000fa
:020000040103f6
:10f3a000064b186848f24e32a0fb020111eb5000e8
:10f3b00044bf20f000400130186070470800012071
:020000040000fa
:020000040103f6
:10f3c00008b500290cbf0121022192f8fe30034844
:10f3d00003f00cff00b1fee708bd00bf00c600202f
:020000040000fa
:020000040103f6
:10f3e00000290cbf0121022108b54ff0ff3203486c
:10f3f000e7f7f8fe0c2800d008bdfee700c60020a5
:020000040000fa
:020000040103f6
:10f4000061b138b505460c462046246803f078fe05
:10f410002b88013b2b80002cf6d138bd704700bff4
:020000040000fa
:020000040103f6
:10f4200070b54d889d4209d3098845891c460c4416
:10f43000ac4203dcf7f72cfc002070bd062070bd49
:020000040000fa
:020000040103f6
:10f4400010b5044603f068fc00b910bd04f10800d3
:10f450000249bde81040fbf727b900bf080e0401c0
:020000040000fa
:020000040103f6
:10f4600010b5044603f058fc00b910bd04f10c00bf
:10f470000249bde81040fbf717b900bf140e0401a4
:020000040000fa
:020000040103f6
:10f4800038b5084691b215461c46f0f799ff20b9e9
:10f490000cb1256038bd204638bd6ff03b0038bd4b
:020000040000fa
:020000040103f6
:10f4a00038b50c46054600f059ffff2806d02b68fa
:10f4b0001b5c03f007032370002038bd062038bd15
:020000040000fa
:020000040103f6
:10f4c00038b50c46054600f049ffff2806d02b68ea
:10f4d0001b5c03f018032370002038bd062038bde4
:020000040000fa
:020000040103f6
:10f4e00038b50c46054600f039ffff2806d001303c
:10f4f0002b68c0b21b582360002038bd062038bde1
:020000040000fa
:020000040103f6
:10f5000032b110b50446084602f03cfe08b910bd01
:10f510007047024803f076fea06710bd00c60020c9
:020000040000fa
:020000040103f6
:10f5200008b5437813f0010301d1184608bd103027
:10f5300000f056f880f00103dbb2184608bd00bfaa
:020000040000fa
:020000040103f6
:10f5400010b582b004466846f1f706fa6a462046ce
:10f550009df806303521f4f7bbf802b010bd00bfae
:020000040000fa
:020000040103f6
:10f5600010b50446183003f0fffa04f5d67003f026
:10f57000fbfa04f55070bde8104003f02dbd00bf4c
:020000040000fa
:020000040103f6
:10f5800010b504461830f0f7abfe04f5d670f0f76e
:10f59000a7fe04f55070bde8104000f091bb00bf1d
:020000040000fa
:020000040103f6
:10f5a00070b5054608460c460e7803f0abfd3146b3
:10f5b000024663782846bde87040f0f711bb00bff3
:020000040000fa
:020000040103f6
:10f5c00010b50a4690f8fe100446f0f729fa28b163
:10f5d00001462046bde81040fdf736bd10bd00bf16
:020000040000fa
:020000040103f6
:10f5e00003884ff6ff72934201d001207047d0f894
:10f5f00002200132f9d1c088c01a18bf012070471b
:020000040000fa
:020000040103f6
:10f60000806858b1038a8b4203d106e0038a99428d
:10f6100003d0006b0028f9d170470120704700bf6c
:020000040000fa
:020000040103f6
:10f6200044f64c53994209d04ff2bf03994205d09a
:10f6300040f22220081a18bf0120704700207047ae
:020000040000fa
:020000040103f6
:10f640000368b3f17f4f01d0002070478388fe2b01
:10f65000fad18079a0f1fc00b0fa80f0400970473f
:020000040000fa
:020000040103f6
:10f6600008b5428c4b8c9a4201d0002008bd103165
:10f670001022103001f062fab0fa80f0400908bda3
:020000040000fa
:020000040103f6
:10f6800030b585b004460d4601a8114602f0e4ffee
:10f6900001aa29462046f4f7d3f905b030bd00bfd2
:020000040000fa
:020000040103f6
:10f6a00000220260036842609b0c9b0443f44033d9
:10f6b00043f040038260c26042610361704700bf53
:020000040000fa
:020000040103f6
:10f6c00000230361b0f81120036002f4014242f408
:10f6d000ec4243608360c3604361a0f8112070472f
:020000040000fa
:020000040103f6
:10f6e0000378042b10b5044604d0042300f8803bb3
:10f6f00002f0acf82046bde81040e4f733bb00bf91
:020000040000fa
:020000040103f6
:10f7000000b583b068460122fef74efa6946034809
:10f71000f5f7e2fb03b05df804fb00bf00c6002074
:020000040000fa
:020000040103f6
:10f7200070b5044615461e46fef7e6fc0020208113
:10f73000666029462046bde87040f8f705bc00bf6a
:020000040000fa
:020000040103f6
:10f74000437813f0f80f09d00388c3f30a03d808ed
:10f750005b0754bf4042c04340b270477f207047b0
:020000040000fa
:020000040103f6
:10f7600010b50446f2f79cf9034a044b2364c4e93c
:10f770000724204610bd00bf21110401653104019a
:020000040000fa
:020000040103f6
:10f7800010b550220446002100f5907002f0f6fbff
:10f790000248fdf73bfbc4e90c0110bd14c6002074
:020000040000fa
:020000040103f6
:10f7a000064a41f2a7010346515c80f83d1041f240
:10f7b000a6013830525c83f83e20704700c6002016
:020000040000fa
:020000040103f6
:10f7c00010b584b0044605496846fef7c9fa6a4692
:10f7d00020460521f7f7c0fc04b010bd48d3002037
:020000040000fa
:020000040103f6
:10f7e00070b584b0164604460d46684601f020fc0c
:10f7f00033466a4629462046e8f7c8fb04b070bd88
:020000040000fa
:020000040103f6
:10f8000030b583b0144601aa054600f08ffc20b93c
:10f8100001aa29462046faf70dfa03b030bd00bf11
:020000040000fa
:020000040103f6
:10f820004278022a034600d070478a7f02f00f0216
:10f83000072af9d140339942f6d10121d8f71eb8f1
:020000040000fa
:020000040103f6
:10f8400010b506481446f3f7a7f800b910bd002319
:10f8500023606360a360e360236110bda0d6002035
:020000040000fa
:020000040103f6
:10f860008388042b09d90368187800f0c000a0f140
:10f870008000b0fa80f0400970470020704700bf58
:020000040000fa
:020000040103f6
:10f880008388032b09d90368187800f0d800a0f109
:10f89000c000b0fa80f0400970470020704700bff8
:020000040000fa
:020000040103f6
:10f8a00010b5044688b06a462434f4f7adfa204611
:10f8b0006946002201f044fb204608b010bd00bf9d
:020000040000fa
:020000040103f6
:10f8c00038b5343015460c4603f028fc2a4621464c
:10f8d0000248bde83840f9f719bf00bf10d000203a
:020000040000fa
:020000040103f6
:10f8e00030b4024600254ff6ff7404490561848256
:10f8f00042f8181f30bc0262704700bf15c70301f1
:020000040000fa
:020000040103f6
:10f9000000b583b04ff6fe73019169468df8002073
:10f91000adf80230fcf72eff03b05df804fb00bf2a
:020000040000fa
:020000040103f6
:10f9200008b583698b4203d001f07cff012008bd3c
:10f9300000238361c38201f075ff012008bd00bf71
:020000040000fa
:020000040103f6
:10f9400038b50c460546ebf745fc2379db0705d4b3
:10f9500021462846bde83840fff7e2bf38bd00bf6a
:020000040000fa
:020000040103f6
:10f9600010b500f108014ff47e4200230446016007
:10f97000828080f80631fef797fb204610bd00bf5d
:020000040000fa
:020000040103f6
:10f9800003685bb1027b1f2a05d90146ff2301f8fa
:10f990000c3f01f0b5bfd340db07f6d5704700bf81
:020000040000fa
:020000040103f6
:10f9a000427cd2090b46097c03d1802904d0002077
:10f9b0007047027c8a42fad10146184600f076bdb3
:020000040000fa
:020000040103f6
:10f9c00010b4002400f1e40100f50572c0f8004114
:10f9d000c0f83012c0f8e0205df8044b704700bf5b
:020000040000fa
:020000040103f6
:10f9e00060b138b504462068e56803f027f8204682
:10f9f00003f024f82c46002df5d138bd704700bf28
:020000040000fa
:020000040103f6
:10fa00001422d0f8c410c0f8c8200122c0f8cc20bd
:10fa10000a704168114441601146d6f7f5bd00bf38
:020000040000fa
:020000040103f6
:10fa200050b1026842b143681a2b01dc00207047d4
:10fa300000220121f9f73cba00487047008fffff10
:020000040000fa
:020000040103f6
:10fa400038b5836b5bb105461846fdf789fc002489
:10fa5000e1b2a86b0134f6f7e5fd042cf8d138bd0e
:020000040000fa
:020000040103f6
:10fa600010b5044628b121b1044b0a461b68002199
:10fa700098472046bde8104002f0e0bf6401012035
:020000040000fa
:020000040103f6
:10fa800041b100eb8102002150f8043b904241ea71
:10fa90000301f9d1084643421843c017704700bf1d
:020000040000fa
:020000040103f6
:10faa00070b586b0dde90a65012401930092cde9c5
:10fab0000265234605aa0594e4f7fcfa06b070bd7a
:020000040000fa
:020000040103f6
:10fac000037843b1037933b1d0f8f4300348002b05
:10fad00018bf002070470148704700bf80b0ffff8b
:020000040000fa
:020000040103f6
:10fae000837a0b2b09d8012202fa03f340f618722d
:10faf000134214bf0120002070470020704700bf50
:020000040000fa
:020000040103f6
:10fb000010b582b04068049c009300f1600200f1df
:10fb10001c0300f16801019400f0c0fe02b010bdaa
:020000040000fa
:020000040103f6
:10fb20004b60d2273e3cce3bf6b053ccb0061d65b1
:10fb3000bc86987655bdebb3e7933aaad835c65a3a
:020000040000fa
:020000040103f6
:10fb400096c298d84539a1f4a033eb2d817d037777
:10fb5000f240a463e5e6bcf847422ce1f2d1176b12
:020000040000fa
:020000040103f6
:10fb6000f551bf376840b6cbce5e316b5733ce2be5
:10fb7000169e0f7c4aebe78e9b7f1afee242e34f14
:020000040000fa
:020000040103f6
:10fb8000512563fcc2cab9f3849e17a7adfae6bc3f
:10fb9000ffffffffffffffff00000000ffffffff71
:020000040000fa
:020000040103f6
:10fba000ffffffffffffffffffffffff0000000061
:10fbb000000000000000000001000000ffffffff48
:020000040000fa
:020000040103f6
:10fbc00068b110b50446f1f7e3f804f1600000f005
:10fbd00027f804f16800bde8104000f027be704728
:020000040000fa
:020000040103f6
:10fbe00010b582b004460df10700faf7e5f920b927
:10fbf00020469df80710ebf7c5fb02b010bd00bf13
:020000040000fa
:020000040103f6
:10fc000010b50446006810b16168fff729ffa068cd
:10fc100002f014ff20460c21bde8104001f0a6bf01
:020000040000fa
:020000040103f6
:10fc200060b110b50446006818b1e1888900fff79b
:10fc300017ff00220123c4e9002310bd704700bf55
:020000040000fa
:020000040103f6
:10fc4000c388b1eb431f09d24a09036853f8220065
:10fc500001f01f01c84000f001007047002070470c
:020000040000fa
:020000040103f6
:10fc600010b5b0220446002102f088f904f13800f2
:10fc700003f0faf804f17400bde8104003f0f4b8a2
:020000040000fa
:020000040103f6
:10fc80006d61737465722073656372657400000042
:10fc90006b657920657870616e73696f6e0000bf67
:020000040000fa
:020000040103f6
:10fca000636c69656e742066696e6973686564006b
:10fcb0007365727665722066696e69736865640043
:020000040000fa
:020000040103f6
:10fcc00068b1036810b504461bb19b6a0bb140686c
:10fcd000984720460821bde8104001f047bf704713
:020000040000fa
:020000040103f6
:10fce00050b149b100b5002383b0cde90033c6f768
:10fcf00093fc03b05df804fb0048704700d8ffff99
:020000040000fa
:020000040103f6
:10fd000010b54ff0864402204ff2d80320601b68e4
:10fd1000024898470020206010bd00bf2c0700203b
:020000040000fa
:020000040103f6
:10fd200010b54ff0864402204ff2900320601b680c
:10fd3000024898470020206010bd00bf000400204a
:020000040000fa
:020000040103f6
:10fd400008b54ff40062ff21034802f017f9034b96
:10fd500000221a7008bd00bf140800201500012001
:020000040000fa
:020000040103f6
:10fd6000000801080208030804080c080508060832
:10fd70000c080c080708080809080c080a080b08f2
:020000040000fa
:020000040103f6
:10fd800008b50020f6f72cf90349044b01200022a6
:10fd900008701a7008bd00bfe5000120e3000120d3
:020000040000fa
:020000040103f6
:10fda000054b187828b9054b1b7803b97047eff756
:10fdb000a9bcfef7a9bb00bfe5000120e3000120bc
:020000040000fa
:020000040103f6
:10fdc000526164696f207472616e736d697420642e
:10fdd0006f6e652c207374617475733a202564000e
:020000040000fa
:020000040103f6
:10fde00010b49df8044004b922b101945df8044bad
:10fdf000eaf752bd4ff0ff305df8044b704700bf8b
:020000040000fa
:020000040103f6
:10fe00005048595f5461736b730000006f742d7418
:10fe100061736b004150505f5461736b730000bf9e
:020000040000fa
:020000040103f6
:10fe200082b0002301934ff0200383f31188bff3c6
:10fe30006f8fbff34f8f019b002bfcd002b0704738
:020000040000fa
:020000040103f6
:10fe40004ff0200383f31188bff36f8fbff34f8f01
:10fe5000024a136801331360704700bf800101201c
:020000040000fa
:020000040103f6
:10fe600010b5064b1b680c4603f11801fbf7beffeb
:10fe700020460121bde81040e6f7e6ba6400012003
:020000040000fa
:020000040103f6
:10fe8000054b1b6833b1054b1b68002b0cbf0220d0
:10fe90000020704701207047940001207800012065
:020000040000fa
:020000040103f6
:10fea0004170705f4572723a204461746173657489
:10feb00020757064617465206661696c65640a0010
:020000040000fa
:020000040103f6
:10fec0004170705f4c6f673a205544502053656e07
:10fed000742064617461203a2025730a000000bf19
:020000040000fa
:020000040103f6
:10fee000044b00221a70044b5a7d044b1a70f3f72e
:10fef00039bb00bff700012092110020f60001205d
:020000040000fa
:020000040103f6
:10ff0000064bda6822f48072da60da6822f00302c3
:10ff100008b1da60704742f00102fae700100141cf
:020000040000fa
:020000040103f6
:10ff200030b500231a4600bf10f8015b05f07f04ce
:10ff3000944023432c0602f10702f5d40b6030bd38
:020000040000fa
:020000040103f6
:10ff400070b50c460146204615461e46f7f764fc80
:10ff500033462a4601462046bde87040ecf75ebcb9
:020000040000fa
:020000040103f6
:10ff60004e31305f5f637878616269763131355f39
:10ff70005f666f726365645f756e77696e64450076
:020000040000fa
:020000040103f6
:10ff800010b5054c22680ab9fcf74cfe034b186803
:10ff90002368c01a10bd00bfd4ff0020d8ff002086
:020000040000fa
:020000040103f6
:10ffa00010b5044648b1f5f711f92046faf7d1fa31
:0effb00018b154f8140cfef7f7fa02f08efeaa
:020000040000fa
:020000040103f6
:10ffbe0010b50023934206d113f0030018bf0120a1
:0effce0000eb930010bdc45ccc540133f2e78d
:020000040000fa
:020000040103f6
:10ffdc00054a1378042b04d8591c037011700020a7
:0cffec0070471420704700bfb5f00020e3
:020000040000fa
:020000040103f6
:10fff800054b1a6832b110b11846f9f755b91846c9
:020000040104f5
:0c00080000f0d4bce1f714ba181000207e
:020000040000fa
:020000040104f5
:1000140000b583b000230df107018df80730faf71e
:0c00240079fb9df8070003b05df804fbb9
:020000040000fa
:020000040104f5
:1000300010b50446084602f045f80021024604f1d6
:0c0040008800bde8104003f07bb800bf52
:020000040000fa
:020000040104f5
:10004c0010b4547914f0180f04d088305df8044bb8
:0c005c00e5f702bc07205df8044b70477c
:020000040000fa
:020000040104f5
:1000680000f6085011b10021e7f7e4bd10b50c46c1
:0c0078000121eaf715f9204610bd00bf79
:020000040000fa
:020000040104f5
:1000840000884ff6fe73984204d00a4602480121c4
:0c009400fdf7f6b817207047c8d7002011
:020000040000fa
:020000040104f5
:1000a00010b50122044600f5c560f7f7c7fc04f25d
:0c00b0002c60fef777fb002010bd00bfa5
:020000040000fa
:020000040104f5
:1000bc0010b504465030f8f7b5fc04f5c560fef7f2
:0c00cc00b3fb2046bde8104000f0c0bdb2
:020000040000fa
:020000040104f5
:1000d80010b582b00446032201a8012102f04cfeab
:0c00e80001a92046fff788f802b010bd07
:020000040000fa
:020000040104f5
:1000f40070b50d460446fff7edff2b46014600227e
:0c0104002046bde87040fcf7e5bd00bfe0
:020000040000fa
:020000040104f5
:100110000cb400b583b004ab53f8042b0193eaf799
:0c01200053fc03b05df804eb02b0704724
:020000040000fa
:020000040104f5
:10012c0010b584b014460a46014601a8faf762fae3
:0c013c0010b9ddf80a30236004b010bddb
:020000040000fa
:020000040104f5
:1001480003782bb1012b01d100897047002070473b
:0c015800426803895089c01a80b27047c9
:020000040000fa
:020000040104f5
:1001640090f824204ab98268904206d0c268416956
:0c017400914202d04261f7f73dbc704799
:020000040000fa
:020000040104f5
:1001800010b5f6f715f8cb6903b1fee70b6a002b43
:0c019000fbd1486abde81040fff732b90f
:020000040000fa
:020000040104f5
:10019c00837903f00f03012b01d000207047c07945
:0c01ac00401ab0fa80f04009704700bf14
:020000040000fa
:020000040104f5
:1001b80010b5f5f7f9f8cb6903b1fee70b6a002b28
:0c01c800fbd1486abde81040fff716b9f3
:020000040000fa
:020000040104f5
:1001d40003683bb943682bb983681bb9c3680bb97f
:0c01e40018467047db691846704700bfe2
:020000040000fa
:020000040104f5
:1001f00003683bb943682bb983681bb9c3680bb963
:0c02000018467047db691846704700bfc5
:020000040000fa
:020000040104f5
:10020c00002a00dafee711444160024a0146024826
:0c021c00edf76ebc080e040108c60020bf
:020000040000fa
:020000040104f5
:10022800002a00dafee711444160024a014602480a
:0c023800edf760bc140e04010cc60020a1
:020000040000fa
:020000040104f5
:10024400024610b400240449046042f8041f5df817
:0c025400044bc260704700bfdd260401af
:020000040000fa
:020000040104f5
:1002600000f108024ff48c7310b5026083800446dd
:0c02700002f0acff00b1fee7204610bd1c
:020000040000fa
:020000040104f5
:10027c0000f10802702310b502608380044602f07e
:0c028c00a7ff00b1fee7204610bd00bf38
:020000040000fa
:020000040104f5
:1002980000f10802102310b502608380044602f0c2
:0c02a80095ff00b1fee7204610bd00bf2e
:020000040000fa
:020000040104f5
:1002b40010b50b4684b0044601a9184602f076fd39
:0c02c40001a9204602f00efa04b010bda3
:020000040000fa
:020000040104f5
:1002d00070b4d0e956541c44ac429df80c6000d96f
:0c02e000fee7039670bcdef743ba00bfd7
:020000040000fa
:020000040104f5
:1002ec0010b5054c2046fef711fe04f12800bde8c0
:0c02fc001040fdf74bbf00bf38f600209b
:020000040000fa
:020000040104f5
:10030800837c028861f300038374d30500d47047ab
:0c031800014802f021bf00bf00c6002019
:020000040000fa
:020000040104f5
:1003240010b50446faf7daf9ff2804d023681b5afb
:0c0334000b80002010bd062010bd00bf93
:020000040000fa
:020000040104f5
:1003400038b50c460546f0f72ffeff2804d02b6881
:0c0350001b5a2380002038bd062038bd59
:020000040000fa
:020000040104f5
:10035c008388022b07d902681088020703d5032b68
:0c036c0001d0e8f78bbcff20704700bff9
:020000040000fa
:020000040104f5
:10037800438b054a03eb8300400100f5fa70a2fbaa
:0c03880000308009704700bfd34d6210a8
:020000040000fa
:020000040104f5
:1003940078581686fdb4580fb092546aecbd1566b1
:0c03a4003506feb823d48712ffffffffd0
:020000040000fa
:020000040104f5
:1003b00010b504460c3001f049fae27a238b6ff352
:0c03c000870203f08003e272238310bd6b
:020000040000fa
:020000040104f5
:1003cc00037eda0706d56ff3c603096803760b883c
:0c03dc00db0600d47047ebf7dbbd00bf70
:020000040000fa
:020000040104f5
:1003e80043789b0705d4044b93f8093d023b012b46
:0c03f80000d97047eff7b8bb00c600202a
:020000040000fa
:020000040104f5
:10040400102900d9fee70346002203f8011bc0f8b7
:0c04140001205a609a60da60704700bf57
:020000040000fa
:020000040104f5
:1004200003884bb9d0f8022032b9c088a0f580709b
:0c043000b0fa80f04009704700207047cf
:020000040000fa
:020000040104f5
:10043c004f70656e54687265616400004465666156
:0c044c00756c74446f6d61696e0000bf38
:020000040000fa
:020000040104f5
:1004580010b50c46002201462046fdf7a1fb237883
:0c046800022253402272237010bd00bf1e
:020000040000fa
:020000040104f5
:100474000368b3f17f4f01d0002070478088a0f15a
:0c048400fe00b0fa80f04009704700bf95
:020000040000fa
:020000040104f5
:10049000036843b9426832b9836823b9c068b0fac7
:0c04a00080f0400970470020704700bf4a
:020000040000fa
:020000040104f5
:1004ac0010b50c7ce21dd210102a00ddfee7f5f72a
:0c04bc0091f8a04234bf0020012010bdc8
:020000040000fa
:020000040104f5
:1004c80010b514460732d210102a00ddfee7f5f702
:0c04d80083f884428cbf0020012010bd7e
:020000040000fa
:020000040104f5
:1004e40008b50378ff2b01d0002008bdf8f7defa29
:0c04f400a0f10300b0fa80f0400908bd40
:020000040000fa
:020000040104f5
:1005000008b50378ff2b01d0002008bdf8f7d0fa1a
:0c051000032894bf0020012008bd00bf9c
:020000040000fa
:020000040104f5
:10051c0008b50378ff2b01d0002008bdf8f7c2fa0c
:0c052c00a0f10200b0fa80f0400908bd08
:020000040000fa
:020000040104f5
:1005380010b582b00446684601f020f969462046a5
:0c0548000822f8f7d1fa02b010bd00bf85
:020000040000fa
:020000040104f5
:1005540038b50d4601f06cfd0446284601f068fdef
:0c056400201ab0fa80f0400938bd00bf3a
:020000040000fa
:020000040104f5
:1005700038b50d4640210446fdf712fa2a46c1b2ad
:0c0580002046bde83840f9f7edb900bf97
:020000040000fa
:020000040104f5
:10058c0000b583b0002301220df107018df807306f
:0c059c00fcf78efc03b05df804fb00bf10
:020000040000fa
:020000040104f5
:1005a80010b5041d2046f4f74bf900b110bd024602
:0c05b80011462046bde81040fdf77ebb58
:020000040000fa
:020000040104f5
:1005c40010b50446f4f73ef900b110bd02461146d9
:0c05d4002046bde81040fdf771bb00bfe1
:020000040000fa
:020000040104f5
:1005e00010b442f22414045d14b95df8044b704752
:0c05f00013305df8044b02f073b900bf3b
:020000040000fa
:020000040104f5
:1005fc00142808d80a2804d8022894bf0020012007
:0c060c007047022070470320704700bfb9
:020000040000fa
:020000040104f5
:1006180003784bb9b0f8010040ba0b3880b20f2804
:0c0628008cbf00200120704700207047ac
:020000040000fa
:020000040104f5
:1006340040f6040319421cbf0023836140f60423df
:0c064400194200d17047f3f72dbb00bf36
:020000040000fa
:020000040104f5
:1006500010b50446044802f05ffd0521024620461d
:0c066000bde8104000f034bb90cf00203b
:020000040000fa
:020000040104f5
:10066c00436b994204d3c36b01319942416300d26d
:0c067c0070470148ddf70cbd08d30020da
:020000040000fa
:020000040104f5
:10068800838806210bb9036813b10348fbf7cebd75
:0c069800014800f0c1bb00bf44c60020b8
:020000040000fa
:020000040104f5
:1006a40010b584b0002400926b464ff6ff72cde97a
:0c06b40001440394d3f77afb04b010bd9e
:020000040000fa
:020000040104f5
:1006c00010b584b0002402926b464ff6ff72cde95c
:0c06d00000440394d3f76cfb04b010bd91
:020000040000fa
:020000040104f5
:1006dc00054890f8cc3c1a0701d45b0700d570474d
:0c06ec0000f69840fdf7c6bc00c60020d8
:020000040000fa
:020000040104f5
:1006f80008b5f3f761fc00b108bd0146bde8084044
:0c070800014800f089bb00bf44c600207f
:020000040000fa
:020000040104f5
:1007140030b401460024ff250573c0e90044846019
:0c07240041f8102f30bc8161704700bf0d
:020000040000fa
:020000040104f5
:100730004ff4087301f07f0103801ab16fea414161
:0c0740006fea514149ba4180704700bf88
:020000040000fa
:020000040104f5
:10074c00054bd3f8282f002083f84c0f12b1d3f8a7
:0c075c002c1f1047704700bf00c6002093
:020000040000fa
:020000040104f5
:10076800082805d0034b09280cbf184600207047fd
:0c07780001487047a03104019c310401cd
:020000040000fa
:020000040104f5
:1007840040b1036833b11b78083b012b02d84068a1
:0c07940002f07cb90048704700afffff86
:020000040000fa
:020000040104f5
:1007a00040b1036833b11b78083b012b02d8406885
:0c07b000e5f7d2bc0048704700afffff27
:020000040000fa
:020000040104f5
:1007bc0030b585b0cde90023089d0a9c099acde996
:0c07cc000254e3f771fc05b030bd00bf23
:020000040000fa
:020000040104f5
:1007d800807a022807d3032803d9042818bf0020e9
:0c07e8007047012070470020704700bfe0
:020000040000fa
:020000040104f5
:1007f4000368591a002905dd591e0160012003f818
:0c080400012c70476ff06b00704700bfc4
:020000040000fa
:020000040104f5
:1008100058b110b50446f8f78bfb4421204601f08f
:0c082000a5f942f21073a36310bd7047ed
:020000040000fa
:020000040104f5
:10082c0010b50446fff7f6f904f10800fff7f2f9ea
:0c083c0004f11000bde81040fff7ecb91b
:020000040000fa
:020000040104f5
:1008480010b5044602f03ef904f1080002f03af946
:0c08580004f11000bde8104002f034b9bb
:020000040000fa
:020000040104f5
:1008640010b50446f7f73afc04f1600002f02cf9e5
:0c08740004f16800bde81040fff7e4bf8d
:020000040000fa
:020000040104f5
:1008800010b4019c1cb15df8044bcff753bf024874
:0c0890005df8044b704700bf80b0ffff14
:020000040000fa
:020000040104f5
:10089c0010b4019c1cb15df8044bcff745bf024866
:0c08ac005df8044b704700bf80b0fffff8
:020000040000fa
:020000040104f5
:1008b80030b4c56925b1446a14b130bceaf7eebd5d
:0c08c800014830bc704700bf80b1ffff4a
:020000040000fa
:020000040104f5
:1008d40030b4c56925b1446a14b130bceaf7e0bd4f
:0c08e400014830bc704700bf80b1ffff2e
:020000040000fa
:020000040104f5
:1008f000032802d06ff02d007047034b0b600823d4
:0c09000013600020704700bf9c2a040117
:020000040000fa
:020000040104f5
:10090c0050b110b504463830faf7bcf920467821be
:0c091c00bde8104001f024b9704700bf96
:020000040000fa
:020000040104f5
:10092800036f43b1436f33b1836e23b1c06e0030a0
:0c09380018bf012070471846704700bf30
:020000040000fa
:020000040104f5
:1009440030b4dde90254049a0294059c03920494a1
:0c0954001a462b4630bccbf78fbf00bf0b
:020000040000fa
:020000040104f5
:1009600040f20233994204d040f20133994202d05e
:0c0970007047fef775bdfef763bd00bfc9
:020000040000fa
:020000040104f5
:10097c00526164696f20726563656976652c2063ca
:0c098c0068616e6e656c3a202564000006
:020000040000fa
:020000040104f5
:100998000b4610b5114604460022184601f072fabb
:0c09a8002060003018bf012010bd00bf0f
:020000040000fa
:020000040104f5
:1009b40008b500231a4619460068dcf7dff9a0f1f0
:0c09c4000100b0fa80f0400908bd00bf3f
:020000040000fa
:020000040104f5
:1009d000036813b100231846704710b50446012080
:0c09e000fef762fb01232060184610bdea
:020000040000fa
:020000040104f5
:1009ec00054b1a6bd86a996a884284bf1b6bc9186d
:0c09fc00081a013a101a704720fd002074
:020000040000fa
:020000040104f5
:100a0800054b1a699968d86881423cbf1b69c918a7
:0c0a1800081a013a101a704720fd002057
:020000040000fa
:020000040104f5
:100a240049b1002807db044a00f01f0101234009f3
:0c0a34008b4042f82030704700e100e0e9
:020000040000fa
:020000040104f5
:100a400008b5044a044ba0fb0201da680023fcf756
:0c0a5000d1f808bd40420f0060fd0020fe
:020000040000fa
:020000040104f5
:100a5c0008b5054a4ff47a73d268a0fb0301002352
:0c0a6c00fcf7c2f808bd00bf60fd0020d0
:020000040000fa
:020000040104f5
:100a780008b5044b044ad9680023a0fb0101fcf720
:0c0a8800b5f808bd60fd002040420f00e2
:020000040000fa
:020000040104f5
:100a940008b5054bd9684ff47a720023a0fb010115
:0c0aa400fcf7a6f808bd00bf60fd0020b4
:020000040000fa
:020000040104f5
:100ab000ed2b0401e1140401f914040109300401cf
:0c0ac000b5240401c5240401f1ef03017a
:020000040000fa
:020000040104f5
:100acc0058b1884207d310b50c460021f7f778fcd3
:0c0adc0000b1846310bd0020704770471b
:020000040000fa
:020000040104f5
:100ae800002310b5044c1a4640f20111402023702f
:0c0af80001f0c8f9606010bd741000200f
:020000040000fa
:020000040104f5
:100b040008b502f0e3f80138c0b2182896bf024bca
:0c0b14000820185c08bd00bfac0b0401f9
:020000040000fa
:020000040104f5
:100b2000054b1a6818b142f010021a60704722f0a3
:0c0b300010021a60704700bf0040014135
:020000040000fa
:020000040104f5
:100b3c0030b501390024a24206d0035d01340d5dad
:0c0b4c00ab42f8d0581b00e0002030bd88
:020000040000fa
:020000040104f5
:100b58005ab110b40a44431e11f8014b03f8014f6f
:0c0b68009142f9d15df8044b70477047d2
:020000040000fa
:020000040104f5
:100b740050b140f21d42b0fa80f1521a8840c30ac3
:0c0b8400400503eb025170470100704770
:020000040000fa
:020000040104f5
:100b900013b50446019201aad0f78afc636813f0ea
:0c0ba000100f18bf4ff0ff3002b010bd66
:020000040000fa
:020000040104f5
:100bac00110f0808081608080808080808080f207c
:090bbc00110f08080816080819b9
:020000040000fa
:020000040104f5
:100bc80010b4019c019313460a46014620465df87d
:080bd800044bd6f78bbc00bff3
:020000040000fa
:020000040104f5
:100be00000b583b04ff0ff3301a90193fef778fc05
:080bf000019803b05df804fb5d
:020000040000fa
:020000040104f5
:100bf80008b500f5967019b1f0f7defc002008bdc5
:080c0800edf762fe002008bdbb
:020000040000fa
:020000040104f5
:100c100010b5044602f080f800b910bd201dbde8f3
:080c20001040fbf7a7ba00bf6a
:020000040000fa
:020000040104f5
:100c280010b590f8d4412cb900f6e41000f050fe4d
:080c3800204610bd0d2010bd87
:020000040000fa
:020000040104f5
:100c400038b50d460446fff747fa2a4601462046c6
:080c5000bde83840fcf756b87e
:020000040000fa
:020000040104f5
:100c580010b500210446f2f70bfd04f12400bde8ad
:080c68001040fdf7e3bd00bfe1
:020000040000fa
:020000040104f5
:100c7000313121f001010a7802f00f02082a00d96f
:080c8000fee70431faf74cba5b
:020000040000fa
:020000040104f5
:100c88002d43574e494400002d2d2d2d2d2d2d2d52
:080c98002d2d2d2d2d2d000046
:020000040000fa
:020000040104f5
:100ca00000b583b001238df807200df10702f2f79c
:080cb0000ffd03b05df804fb29
:020000040000fa
:020000040104f5
:100cb80010b582b054ba02230df10602adf8064011
:080cc800f2f702fd02b010bdbd
:020000040000fa
:020000040104f5
:100cd00010b5042382b014ba0deb03020194f2f7ad
:080ce000f7fc02b010bd00bfdb
:020000040000fa
:020000040104f5
:100ce80003781bb1012b04d0002070474068fcf743
:080cf800e1b80430fcf7a0bed6
:020000040000fa
:020000040104f5
:100d0000c1680368994202d143680133436001f12d
:080d10008041083000f060b8da
:020000040000fa
:020000040104f5
:100d1800044a82600022c0e90022c0e9032242613d
:080d28000276704771260401f8
:020000040000fa
:020000040104f5
:100d30004368194200d0704702680b431143c0e971
:080d400000130830fdf72ebd81
:020000040000fa
:020000040104f5
:100d480025289abf024b53f820000248704700bf7d
:080d5800e0a00201b04f01010f
:020000040000fa
:020000040104f5
:100d600043880288994228bf194689b25b1a114408
:080d700043800180704700bfc1
:020000040000fa
:020000040104f5
:100d7800838942890b44934200ddfee79bb293428c
:080d8800838100d9fee77047ea
:020000040000fa
:020000040104f5
:100d900038b54489cd18a54203dcf5f779ff00206a
:080da00038bd062038bd00bf7c
:020000040000fa
:020000040104f5
:100da8006c6f77006e6f726d616c000068696768c0
:080db800000000006e657400ec
:020000040000fa
:020000040104f5
:100dc00010b50446f4f734f800f10043013bc4e9e0
:080dd0000003204610bd00bf26
:020000040000fa
:020000040104f5
:100dd80003464160024a03481946ecf78bbe00bf40
:080de800080e040108c60020fa
:020000040000fa
:020000040104f5
:100df00003464160024a03481946ecf77fbe00bf34
:080e0000140e04010cc60020d1
:020000040000fa
:020000040104f5
:100e0800fdc50201611d0401314e0301e5b6020171
:080e1800751d040135240401dd
:020000040000fa
:020000040104f5
:100e20000368012202fa01f123ea0101016001b124
:080e30007047043000f00abd18
:020000040000fa
:020000040104f5
:100e380010b503490446034800f09efe204610bd45
:080e480001310401fd30040139
:020000040000fa
:020000040104f5
:100e500010b409ba0468406858601c6099601a733d
:080e60005df8044b704700bf70
:020000040000fa
:020000040104f5
:100e680008b50a460146034800f05efebde80840a2
:080e7800d6f7c0be60f60020b1
:020000040000fa
:020000040104f5
:100e8000c90101f4ff410180037802f07f0223f0e1
:080e90007f0313430370704758
:020000040000fa
:020000040104f5
:100e980038b505461c300c4601f0a0fcab6d9c42f1
:080ea80024bf0134ac6538bd24
:020000040000fa
:020000040104f5
:100eb0000a684b68c0f80e30c0f80a200148fef7f7
:080ec0001fbc00bf12c6002098
:020000040000fa
:020000040104f5
:100ec8000268138819b143f020031380704723f098
:080ed80020039bb21380704758
:020000040000fa
:020000040104f5
:100ee0000268138819b143f010031380704723f090
:080ef00010039bb21380704750
:020000040000fa
:020000040104f5
:100ef80038b50d461a211446f3f724fc18b1831ca3
:080f08001cbf8580448038bd48
:020000040000fa
:020000040104f5
:100f100038b50d4604460430edf76cffd5f8283a95
:080f2000c4f89030204638bdf2
:020000040000fa
:020000040104f5
:100f280010b504460821fff79bff237823f001033f
:080f380043f00203237010bd19
:020000040000fa
:020000040104f5
:100f400010b40b4604469a6818684968db680fc4f9
:080f50005df8044b704700bf7f
:020000040000fa
:020000040104f5
:100f580003789a0600d470476ff34513817a0370bb
:080f6800c172f3f719bc00bfd0
:020000040000fa
:020000040104f5
:100f7000044b93f80b3d1b0701d4fbf7bbb90020d2
:080f8000704700bf00c600200d
:020000040000fa
:020000040104f5
:100f88000023a0f87030a0f86c3080f86e30c0e90b
:080f98001d33803000f06abc3b
:020000040000fa
:020000040104f5
:100fa00041b13ab9b0f86c3023b1cb7d9b0744bf57
:080fb0008b688367704700bfe6
:020000040000fa
:020000040104f5
:100fb800446174617365744d616e616765720000a8
:080fc80005030201000000bf57
:020000040000fa
:020000040104f5
:100fd00000b583b001a9faf7f5f9b0fa80f040093d
:080fe00003b05df804fb00bf43
:020000040000fa
:020000040104f5
:100fe80038b50d46044611212846fcf7d5fc20717a
:080ff8002560204638bd00bf52
:020000040000fa
:020000040104f5
:1010000070b50021044616461d46382200f0b6ff92
:08101000c4e90965204670bd2a
:020000040000fa
:020000040104f5
:1010180010b50c46002201462046fcf7c1fd237896
:0810280083f00203237010bde8
:020000040000fa
:020000040104f5
:1010300030b4044c05460fcc28606960aa60eb60b0
:0810400030bc7047cc1b03011a
:020000040000fa
:020000040104f5
:1010480030b4044c05460fcc28606960aa60eb6098
:0810580030bc7047f41b0301da
:020000040000fa
:020000040104f5
:1010600030b4044c05460fcc28606960aa60eb6080
:0810700030bc70471c1c030199
:020000040000fa
:020000040104f5
:1010780000230129036018bf0239c0f803301cbfe0
:08108800012341700370704761
:020000040000fa
:020000040104f5
:10109000000601170c081d1d1708060c01010101af
:0810a00001010101061b06001d
:020000040000fa
:020000040104f5
:1010a80010b5002304464160027249680360fbf7eb
:0810b80025fa204610bd00bf1f
:020000040000fa
:020000040104f5
:1010c00001f1300292b2024b02480021edf7f4b870
:0810d0003818040156c6002087
:020000040000fa
:020000040104f5
:1010d8008379062b03d0112b01d000207047408d57
:0810e80040ba80b2704700bf5e
:020000040000fa
:020000040104f5
:1010f00010b504462430f6f739fe014604f18000ad
:08110000bde81040fbf7f0be52
:020000040000fa
:020000040104f5
:1011080030b4044c05460fcc28606960aa60eb60d7
:0811180030bc7047e8d4002050
:020000040000fa
:020000040104f5
:1011200008b510460b8c0a461031f2f791fd0028e5
:081130000cbf1f20002008bdc8
:020000040000fa
:020000040104f5
:1011380010b500220446f4f79fff024b23642046b3
:0811480010bd00bf29290401bc
:020000040000fa
:020000040104f5
:1011500010b41346a1f57c74a2b200f5d4715df809
:08116000044b1846fcf710be19
:020000040000fa
:020000040104f5
:1011680090f85e3003f00f03072b0cbfb0f85c005b
:081178004ff6fe70704700bf46
:020000040000fa
:020000040104f5
:1011800008b50b46082200f5d4711846fff7d6fcc7
:08119000b0fa80f0400908bd2f
:020000040000fa
:020000040104f5
:1011980010b50446fdf730fd00b110bd2046bde88e
:0811a8001040fdf73bbd00bf44
:020000040000fa
:020000040104f5
:1011b000027a082a01d00020704708b5fff7befc6c
:0811c000b0fa80f0400908bdff
:020000040000fa
:020000040104f5
:1011c80000234380036803f0704343f40f0343f4a0
:0811d80028730360704700bf9b
:020000040000fa
:020000040104f5
:1011e0000023a0f84830a0f8443002494c30fbf707
:0811f0007bbe00bf80ee36005b
:020000040000fa
:020000040104f5
:1011f800836b026c01339342836300d270470148ca
:08120800dcf748bf08d3002009
:020000040000fa
:020000040104f5
:1012100010b584b0002402936b46cde900440394da
:08122000d2f7c6fd04b010bdb9
:020000040000fa
:020000040104f5
:1012280000b583b0009313464af6aa72fbf7e6fab4
:0812380003b05df804fb00bfe8
:020000040000fa
:020000040104f5
:1012400010b514460a7cf7f773fd18b18378237044
:08125000002010bd172010bda5
:020000040000fa
:020000040104f5
:1012580090f834305a0700d470476ff3820380f84f
:0812680034303830fdf79aba6a
:020000040000fa
:020000040104f5
:10127000044890f84c3f012b00d0704700f62870ce
:08128000fdf73cbd00c6002093
:020000040000fa
:020000040104f5
:1012880010b58021012001f0cffb044608b1fff71b
:08129800e5fa204610bd00bf7d
:020000040000fa
:020000040104f5
:1012a00050726f632d547970653a20342c454e434b
:0812b00052595054454400005e
:020000040000fa
:020000040104f5
:1012b80008b5c3880bb9002008bd0a46006819465e
:0812c800e7f7f6fa002008bd6b
:020000040000fa
:020000040104f5
:1012d00010b57821012001f0abfb044608b101f004
:0812e00047fe204610bd00bfcf
:020000040000fa
:020000040104f5
:1012e80010b54ff48c71012001f09efb044608b143
:0812f80001f0eefb204610bde1
:020000040000fa
:020000040104f5
:1013000002000000b5310401b1310401ad31040126
:08131000e9120401d51c0401df
:020000040000fa
:020000040104f5
:101318000200000000000000f12a0401f12a040183
:08132800d1120401c11c0401f3
:020000040000fa
:020000040104f5
:10133000022807d0042805d0a0f10100b0fa80f0ff
:081340004009704703207047cb
:020000040000fa
:020000040104f5
:10134800042904d1836b034a5a61002070474ff087
:08135800ff307047311803015a
:020000040000fa
:020000040104f5
:101360002b06010505070302000000002b060105fe
:0813700005070301000000bfa6
:020000040000fa
:020000040104f5
:101378000238c0b202289abf024b53f8200000205e
:08138800704700bf5c2b04015b
:020000040000fa
:020000040104f5
:1013900030b585b0dde9084500940024cde901545d
:0813a000f2f7f2ff05b030bdc9
:020000040000fa
:020000040104f5
:1013a80008b5044b186800f08ff980f00100c0b24e
:0813b80008bd00bf0808002079
:020000040000fa
:020000040104f5
:1013c00010b501fb00f42046ddf7faff22460021ac
:0813d00000f0d4fd10bd00bfc8
:020000040000fa
:020000040104f5
:1013d80008b501f00dfff4f7bffcf7f745ffbde8ce
:0813e800084001f02bb800bf22
:020000040000fa
:020000040104f5
:1013f0000001000128000c001300240004008000fc
:08140000140004000a000e00b4
:020000040000fa
:020000040104f5
:1014080008b5fff77bfb162800d108bd0120bde811
:081418000840eef773b900bfb4
:020000040000fa
:020000040104f5
:10142000526164696f20736574206368616e6e65d4
:081430006c3a2025640000bfa6
:020000040000fa
:020000040104f5
:1014380008b509680068faf7bbfca0f10100b0fa2a
:0814480080f0400908bd00bf5f
:020000040000fa
:020000040104f5
:101450000b6810b511460446184600f07df8206070
:08146000003018bf012010bd8f
:020000040000fa
:020000040104f5
:1014680008b500680023dbf787fca0f10100b0fa9b
:0814780080f0400908bd00bf2f
:020000040000fa
:020000040104f5
:1014800008b528b1012801d1fef7dafc002008bd1b
:0814900001f040f8002008bd46
:020000040000fa
:020000040104f5
:10149800044a138843f00203138013699b07fcd4a2
:0814a800704700bf0000014283
:020000040000fa
:020000040104f5
:1014b000044bd86a9a6a904284bf1b6bd218101ae8
:0814c000704700bf20fd002071
:020000040000fa
:020000040104f5
:1014c800044a9368d06883423cbf12699b18181a73
:0814d800704700bf20fd002059
:020000040000fa
:020000040104f5
:1014e000044a136843f00203136013699b07fcd49a
:0814f000704700bf001400402a
:020000040000fa
:020000040104f5
:1014f800044a136823f00203136013699b07fcd4a2
:08150800704700bf0014004011
:020000040000fa
:020000040104f5
:1015100010b50446f9f7f0fc20b12046bde81040b4
:08152000f8f7eebe10bd00bf9c
:020000040000fa
:020000040104f5
:10152800edd10201b1140401ed090401e91f020122
:08153800c9140401090a0401b1
:020000040000fa
:020000040104f5
:1015400010b50446fef77cfc94f8244004f0010436
:0815500000f092fc204610bde2
:020000040000fa
:020000040104f5
:1015580000b583b00a46002301a90193def72afdee
:08156800019803b05df804fbdb
:020000040000fa
:020000040104f5
:1015700000f108034ff0ff3100228160c0e9002331
:08158000c0e90333704700bf0e
:020000040000fa
:020000040104f5
:10158800034a044b1268d26812681a60704700bf99
:08159800680001208800012019
:020000040000fa
:020000040104f5
:1015a000034a044b12681b68c0e90023704700bf60
:0815b0008c00012098000120cd
:020000040000fa
:020000040104f5
:1015b800556e696361737420416464726573732046
:0815c8003a0a000025730a0035
:020000040000fa
:020000040104f5
:1015d000034b1b78034b0a2201201a70fef70cbd47
:0815e0000f000141641100201d
:020000040000fa
:020000040104f5
:1015e80080b400af034bff221a6000bfbd465df810
:0815f800047b7047141001414f
:020000040000fa
:020000040104f5
:101600001fb503ab009300230a461946c5f707fe32
:08161000039805b05df804fb2e
:020000040000fa
:020000040104f5
:1016180038b515461c46fcf7c5f820b10823e36029
:0816280006232560237138bd83
:020000040000fa
:020000040104f5
:1016300003783bb1034600bf13f8012f002afbd10a
:08164000181a704718467047a4
:020000040000fa
:020000040104f5
:10164800044a136823b910600361016001207047e0
:0816580000207047cc000120c6
:020000040000fa
:020000040104f5
:10166000034b04481a68504301301860400c70471f
:08167000d40001202d7f954cf0
:020000040000fa
:020000040104f5
:1016780010b50023c25ccc5ca24202d10133002a1f
:06168800f8d1101b10bd9b
:020000040000fa
:020000040104f5
:10168e000068002808b501da002008bdf5f7b1f9a9
:06169e00431cfad1f8e73d
:020000040000fa
:020000040104f5
:1016a40068076c094c836a9074a07ac000806888cb
:0616b40000846c8200813d
:020000040000fa
:020000040104f5
:1016bc000368188800f44050a0f50050b0fa80f090
:0416cc00400970471a
:020000040000fa
:020000040104f5
:1016d00010b5044601f020fb18b16068003018bf57
:0416e000012010bd18
:020000040000fa
:020000040104f5
:1016e400052805d808b5c0b200f0ccf8002008bd24
:0416f4000720704714
:020000040000fa
:020000040104f5
:1016f80010b50446e5f7a2fa2046bde81040ecf71d
:04170800bbb900bfaa
:020000040000fa
:020000040104f5
:10170c00037f0a460bb91846704700f10c011046ce
:04171c00fef7c6be50
:020000040000fa
:020000040104f5
:10172000c2884ff6ff739a4201d0e7f70dba002046
:04173000704700bf3f
:020000040000fa
:020000040104f5
:101734004378ff2b01d0981c7047408840ba80b290
:0417440004307047b6
:020000040000fa
:020000040104f5
:1017480010b584b00df10e040094f7f745ff04b00e
:0417580010bd00bf01
:020000040000fa
:020000040104f5
:10175c0010b502231446f6f727f910b923885bbaa3
:04176c00238010bd09
:020000040000fa
:020000040104f5
:1017700010b504231446f6f71df910b923681bbaf7
:04178000236010bd15
:020000040000fa
:020000040104f5
:1017840010b4002484800160c2800c705df8044ba6
:04179400704700bfdb
:020000040000fa
:020000040104f5
:1017980010b50446fff748ff01462046bde8104053
:0417a800eef7c8bfd1
:020000040000fa
:020000040104f5
:1017ac00d0e900230a430b43c0e900230830fcf7bf
:0417bc00f3bf00bfb8
:020000040000fa
:020000040104f5
:1017c0008288c388114499429dbf0368818098181c
:0417d000002070473e
:020000040000fa
:020000040104f5
:1017d400032202490248f0f791b800bf702d0401ba
:0417e40000c600201b
:020000040000fa
:020000040104f5
:1017e800c369014603b1fee7036a002bfbd1406ad7
:0417f800fdf702be39
:020000040000fa
:020000040104f5
:1017fc00036823b9436813b9836803b9c3681846ef
:04180c00704700bf62
:020000040000fa
:020000040104f5
:101810000b79c3f3800303b18b6a984200d0fee7d3
:04182000f4f7c6bc57
:020000040000fa
:020000040104f5
:101824000b79c3f3800303b18b6a984200d0fee7bf
:04183400fef7a4bc5b
:020000040000fa
:020000040104f5
:1018380001010000a80d0401ac0d0401b40d040160
:04184800bc0d0401ce
:020000040000fa
:020000040104f5
:10184c000146024a0248f8f70dbf00bf080e04011a
:04185c0008c600209a
:020000040000fa
:020000040104f5
:10186000d1e9003103f10043013b8b4200d17047c5
:04187000fdf704b8c4
:020000040000fa
:020000040104f5
:101874000146024a0248f8f7f9be00bf140e0401fb
:041884000cc600206e
:020000040000fa
:020000040104f5
:10188800034b1978814200d17047187001f03ebcb3
:041898004d010120dd
:020000040000fa
:020000040104f5
:10189c00837c9b0701d57f2070470148f8f7b2bcc9
:0418ac0000c6002052
:020000040000fa
:020000040104f5
:1018b00010b50446eff7acfbff2816bf23680020e5
:0418c000c01810bd7f
:020000040000fa
:020000040104f5
:1018c40010b54ff6ff7400bf00f0eafb80b2a042ef
:0418d400fad010bd79
:020000040000fa
:020000040104f5
:1018d800037861f3000300f82c3b09b1faf7d6bc92
:0418e800f9f7eabc66
:020000040000fa
:020000040104f5
:1018ec0010b52c300c4600f029ff2146bde8104005
:0418fc0000f08cb8b4
:020000040000fa
:020000040104f5
:101900000b78ff2b1abf0133dbb20b230b70f9f7f7
:041910003fbd00bf18
:020000040000fa
:020000040104f5
:101914004b78102b01f1020128bf102303710160e1
:04192400704700bf49
:020000040000fa
:020000040104f5
:101928000b880a465bba4380011d10460222e6f77f
:04193800d1bb00bf60
:020000040000fa
:020000040104f5
:10193c0008b5002180f8fe10c0f80011fe2200f05e
:04194c0017fb08bdc0
:020000040000fa
:020000040104f5
:1019500010b50446f7f7acff01462046bde810403d
:04196000fbf79ebb38
:020000040000fa
:020000040104f5
:10196400024a0348082100f041b800bf38180401b6
:041974005cc600202d
:020000040000fa
:020000040104f5
:1019780000224ff440410180c0e90122c0e903225e
:04198800704700bfe5
:020000040000fa
:020000040104f5
:10198c00036823b94068b0fa80f040097047002022
:04199c00704700bfd1
:020000040000fa
:020000040104f5
:1019a000038848f2fe0023f47c53181ab0fa80f042
:0419b0004009704733
:020000040000fa
:020000040104f5
:1019b4000a7c402a00d87047403ad2b20831f9f77d
:0419c40067bd00bf3c
:020000040000fa
:020000040104f5
:1019c80009ba12ba024b416082600360704700bfd7
:0419d8000002000801
:020000040000fa
:020000040104f5
:1019dc0010b40024012103220460818082715df81f
:0419ec00044b7047f1
:020000040000fa
:020000040104f5
:1019f00001f130001346002182b20148ecf75cbcd3
:041a000056c60020a6
:020000040000fa
:020000040104f5
:101a040010b5034a0446fef783fe204610bd00bf0e
:041a1400112904018f
:020000040000fa
:020000040104f5
:101a1800081ac0b2030603d47f2908bf0020704704
:041a280000207047e3
:020000040000fa
:020000040104f5
:101a2c000f2804d017280cbf00200320704701207a
:041a3c00704700bf30
:020000040000fa
:020000040104f5
:101a4000282803d0024b53f820007047fee700bf60
:041a5000a88f020158
:020000040000fa
:020000040104f5
:101a5400034a41f62a131b21d25afff72bb900bfc0
:041a640000c6002098
:020000040000fa
:020000040104f5
:101a680090f8313090f82400c3f38103984228bfde
:041a78001846704755
:020000040000fa
:020000040104f5
:101a7c0010b5012204466830fff75cfa0023a36717
:041a8c0010bd00bfca
:020000040000fa
:020000040104f5
:101a900030b404460d460fcc28606960aa60eb6044
:041aa00030bc70479f
:020000040000fa
:020000040104f5
:101aa40010b50446f9f776fd002384f8a8302046e3
:041ab40010bd00bfa2
:020000040000fa
:020000040104f5
:101ab80001f0fd01a1f10101b1fa81f14909e9f74c
:041ac800b3bf00bfe9
:020000040000fa
:020000040104f5
:101acc008279d30703d5838803b1fee77047f9f712
:041adc00c9be00bfc0
:020000040000fa
:020000040104f5
:101ae000837913f0010103d0838803b1fee77047c7
:041af000f9f7bebe86
:020000040000fa
:020000040104f5
:101af4000022027080f8212080f8422080f85320d0
:041b0400704700bf67
:020000040000fa
:020000040104f5
:101b0800436c034805210bb9fff786b9faf78ebb7a
:041b180044c600209f
:020000040000fa
:020000040104f5
:101b1c00c28d22b9426a22b1816a3c301047e3f788
:041b2c00ffb9704746
:020000040000fa
:020000040104f5
:101b300000b583b000230093e0f738fc03b05df8f4
:041b400004fb00bfe3
:020000040000fa
:020000040104f5
:101b4400d0f8a02003460ab9c7f702ba0020c3f8a8
:041b5400a000704736
:020000040000fa
:020000040104f5
:101b580010b582b0049c009400240194e8f79ef824
:041b680002b010bdfa
:020000040000fa
:020000040104f5
:101b6c0021b1034b0a461b6800211847704700bf80
:041b7c0064010120df
:020000040000fa
:020000040104f5
:101b8000024a034b10601960002070476801012071
:041b90006c010120c3
:020000040000fa
:020000040104f5
:101b940008b54422002100f0eff942f2107282638a
:041ba40008bd00bfb9
:020000040000fa
:020000040104f5
:101ba80000b583b000230093e2f7f4fe03b05df8bc
:041bb80004fb00bf6b
:020000040000fa
:020000040104f5
:101bbc00a42208b5002100f0dbf90022027082702b
:041bcc0008bd00bf91
:020000040000fa
:020000040104f5
:101bd000c3692bb1436a002b0cbf02200120704760
:041be00018467047ec
:020000040000fa
:020000040104f5
:101be40008b500211030faf75bffb0fa80f0400925
:041bf40008bd00bf69
:020000040000fa
:020000040104f5
:101bf8004368034a4a60683302208b600870704764
:041c0800e02e0401c5
:020000040000fa
:020000040104f5
:101c0c0010b50446fdf7d6ff2046bde8104000f0a5
:041c1c000fbf00bf37
:020000040000fa
:020000040104f5
:101c2000454344534100000045435f4448000000e1
:041c30004543000028
:020000040000fa
:020000040104f5
:101c34000023036143618361c36103624362c36040
:041c440000f0e8be06
:020000040000fa
:020000040104f5
:101c480010b5044600f0e4fe00223c23c4e9032357
:041c580010bd00bffc
:020000040000fa
:020000040104f5
:101c5c0010b50446f7f766f920461421bde810408c
:041c6c00fff77ebf41
:020000040000fa
:020000040104f5
:101c700038b110b5c46800f0e1fe2046002cf9d15f
:041c800010bd7047dc
:020000040000fa
:020000040104f5
:101c840038b110b5846900f0d7fe2046002cf9d194
:041c940010bd7047c8
:020000040000fa
:020000040104f5
:101c980010b40446134600680a46e1885df8044b10
:041ca800eaf720bc7b
:020000040000fa
:020000040104f5
:101cac0010b40446134600680a46e1885df8044bfc
:041cbc00ebf720bd65
:020000040000fa
:020000040104f5
:101cc00010b50446fef722fe2046bde8104000f0a5
:041cd000b5be00bfde
:020000040000fa
:020000040104f5
:101cd40010b5044600f004ff2046bde8104000f0b3
:041ce400abbe00bfd4
:020000040000fa
:020000040104f5
:101ce8004b7a0a2b02d0836b014a1a61704700bff6
:041cf800fd2a0401bc
:020000040000fa
:020000040104f5
:101cfc0010b4019c04624162c0e906235df8044bf8
:041d0c00704700bf5d
:020000040000fa
:020000040104f5
:101d100010b4c0e91312436500215df8044b00f0d4
:041d200019bb00bf2c
:020000040000fa
:020000040104f5
:101d240008b5042100f064fb002814bf0320002040
:041d340008bd00bf27
:020000040000fa
:020000040104f5
:101d3800032804d004280cbf09200020704708207d
:041d4800704700bf21
:020000040000fa
:020000040104f5
:101d4c00082804d009280cbf042000207047032069
:041d5c00704700bf0d
:020000040000fa
:020000040104f5
:101d6000034b1868431c00d17047f3f709b900bf53
:041d70007c010120d1
:020000040000fa
:020000040104f5
:101d7400034b1868431c00d17047f3f7ffb800bf4a
:041d840078010120c1
:020000040000fa
:020000040104f5
:101d88005365742050616e2049443a2030782530dc
:041d980034580000bb
:020000040000fa
:020000040104f5
:101d9c0010b50446084600f087f82060003018bfe4
:041dac00012010bd45
:020000040000fa
:020000040104f5
:101db00008b50068def702f9a0f10100b0fa80f082
:041dc000400908bd11
:020000040000fa
:020000040104f5
:101dc40008b5006800f09cfba0f10100b0fa80f0b7
:041dd400400908bdfd
:020000040000fa
:020000040104f5
:101dd80008b50068d9f738fba0f10100b0fa80f027
:041de800400908bde9
:020000040000fa
:020000040104f5
:101dec0008b5006800f056f8ff2828bfff20c0b2e5
:041dfc0008bd00bf5f
:020000040000fa
:020000040104f5
:101e0000eff3108072b6bff35f8fb0fa80f0400935
:041e1000704700bf58
:020000040000fa
:020000040104f5
:101e140018b1bff35f8f62b6704772b6bff35f8fbe
:041e2400704700bf44
:020000040000fa
:020000040104f5
:101e2800034b1a6812b158681b681847704700bfff
:041e3800f0ff002097
:020000040000fa
:020000040104f5
:101e3c004ff0200383f31188bff36f8fbff34f8fe5
:041e4c00fee700bfee
:020000040000fa
:020000040104f5
:101e50004ff0200383f31188bff36f8fbff34f8fd1
:041e6000fee700bfda
:020000040000fa
:020000040104f5
:101e6400dff80c00016841f4700101607047000064
:041e740088ed00e015
:020000040000fa
:020000040104f5
:101e7800034a1368013b13600bb983f31188704759
:041e880080010120b4
:020000040000fa
:020000040104f5
:101e8c00024620b1a2fb01230bb9f6f799ba002048
:041e9c00704700bfcc
:020000040000fa
:020000040104f5
:101ea00010b50446fdf7ccffa46bfff7e5ff204615
:041eb00010bd00bfa2
:020000040000fa
:020000040104f5
:101eb400034620b19b0f02d10421f6f785ba002016
:041ec400704700bfa4
:020000040000fa
:020000040104f5
:101ec800034b186810b1836c01338364704700bffb
:041ed8006400012081
:020000040000fa
:020000040104f5
:101edc00034b012002221a70d8779870fef786b84f
:041eec00641100205d
:020000040000fa
:020000040104f5
:101ef000024b1b78024b1b78704700bf0f0001415b
:041f0000400001415b
:020000040000fa
:020000040104f5
:101f040000000000882c04014fe60101b325040100
:041f14006130040133
:020000040000fa
:020000040104f5
:101f180010b5034b0360044600f00ef8204610bdd0
:041f280088d7030152
:020000040000fa
:020000040104f5
:101f2c0010b50446fff7f2ff20460c2101f0a0f992
:041f3c00204610bd6e
:020000040000fa
:020000040104f5
:101f400010b5034b03600446edf789fc204610bd35
:041f5000e0d70301d2
:020000040000fa
:020000040104f5
:101f540010b50446fff7f2ff2046082101f08cf982
:041f6400204610bd46
:020000040000fa
:020000040104f5
:101f6800f11f0401bfff03018d3204018d3204010a
:041f78008d320401a1
:020000040000fa
:020000040104f5
:101f7c0032b1c9b20244034603f8011b9342fbd1b0
:041f8c00704700bfdb
:020000040000fa
:020000040104f5
:101f900010b50c46f0f7d0ff0378e4b2a34218bfa7
:041fa000002010bd50
:020000040000fa
:020000040104f5
:101fa400034600bf11f8012b184603f8012b002a41
:041fb400f8d17047a9
:020000040000fa
:020000040104f5
:101fb8007374643a3a6261645f65786365707469e2
:031fc8006f6e0039
:020000040000fa
:020000040104f5
:101fcb00537431336261645f657863657074696ff4
:021fdb006e0096
:020000040000fa
:020000040104f5
:101fde001f2804d9a0f17f035842584170470120b1
:021fee0070473a
:020000040000fa
:020000040104f5
:101ff0000a440023914201d10020704701f8013bbf
:02200000f8e7ff
:020000040000fa
:020000040104f5
:1020040008b500f6c800fcf7c7fc002008bd00bff7
:020000040000fa
:020000040104f5
:10201400b0f860300bb90d207047503000f0e0b8d4
:020000040000fa
:020000040104f5
:102024004378ff2b0cbf042302231844704700bfde
:020000040000fa
:020000040104f5
:10203400a0f14103192b9cbf2030c0b2704700bff0
:020000040000fa
:020000040104f5
:10204400024b00f003001856704700bf083104012a
:020000040000fa
:020000040104f5
:10205400c38b4ff6ff7293421cbf0133c383704797
:020000040000fa
:020000040104f5
:10206400838813b10122fdf769b90620704700bfc8
:020000040000fa
:020000040104f5
:102074008388934201d3fdf761b90620704700bffe
:020000040000fa
:020000040104f5
:10208400026883880a445b1a02608380704700bf39
:020000040000fa
:020000040104f5
:10209400cb439bb2934228bf1346018043807047d1
:020000040000fa
:020000040104f5
:1020a400024b9b8803b9fee7fdf778b908000120cd
:020000040000fa
:020000040104f5
:1020b4004ff0ff320148e5f793b800bf00c6002097
:020000040000fa
:020000040104f5
:1020c400024b002808bf1846704700bf38180401a7
:020000040000fa
:020000040104f5
:1020d40043898b4294bfd91a591a89b2fbf7c2bcff
:020000040000fa
:020000040104f5
:1020e4000b88084613b11146faf7babe93807047bd
:020000040000fa
:020000040104f5
:1020f40010b5044601f06af800b1fee7204610bdb1
:020000040000fa
:020000040104f5
:1021040008b5084691b2fef7adfe002008bd00bf39
:020000040000fa
:020000040104f5
:1021140010b5044601f062f800b1fee7204610bd98
:020000040000fa
:020000040104f5
:1021240008b52022fbf764fa00b1fee708bd00bf42
:020000040000fa
:020000040104f5
:1021340010b5044601f04ef800b1fee7204610bd8c
:020000040000fa
:020000040104f5
:1021440008b52022fbf73efa00b1fee708bd00bf48
:020000040000fa
:020000040104f5
:102154008378022b1cbf022383701c3000f03abb2f
:020000040000fa
:020000040104f5
:1021640003681a88d20500d5fee79970704700bf4e
:020000040000fa
:020000040104f5
:1021740003681b889b0501d5f3f790b9ff207047ce
:020000040000fa
:020000040104f5
:1021840008b51a21f2f7e0fa003018bf012008bda3
:020000040000fa
:020000040104f5
:10219400037edb0700d470470121eef79fbf00bf29
:020000040000fa
:020000040104f5
:1021a4009df8000000900148dcf770bbe4cf0020ec
:020000040000fa
:020000040104f5
:1021b40010b49df80c4003945df8044be4f79abd09
:020000040000fa
:020000040104f5
:1021c40000290cbf0e2133210823edf707bd00bf02
:020000040000fa
:020000040104f5
:1021d400083189b20148fff709bc00bf5cc6002082
:020000040000fa
:020000040104f5
:1021e40013460a4601460148e3f73abb88c6002075
:020000040000fa
:020000040104f5
:1021f40010b514460732d208fef7acfc047410bdc7
:020000040000fa
:020000040104f5
:1022040008b50821fef72efe00b1fee708bd00bfa9
:020000040000fa
:020000040104f5
:1022140038b5044615460430f9f73af9e57038bd87
:020000040000fa
:020000040104f5
:102224003a000000257800003a3a00002f256400a7
:020000040000fa
:020000040104f5
:10223400037813b14078023070470120704700bf23
:020000040000fa
:020000040104f5
:1022440016289abf014b185c0120704790100401b6
:020000040000fa
:020000040104f5
:1022540009ba024b41600360704700bf00020004ea
:020000040000fa
:020000040104f5
:1022640008b5002180f88c108c22fff785fe08bd8c
:020000040000fa
:020000040104f5
:10227400024b00f03800185c704700bf98990201c7
:020000040000fa
:020000040104f5
:10228400007a033802288cbf00200120704700bf69
:020000040000fa
:020000040104f5
:1022940042f22413c35c03b97047133000f012bb3d
:020000040000fa
:020000040104f5
:1022a40042f22413c35c03b97047133000f010bb2f
:020000040000fa
:020000040104f5
:1022b40042f22413c35c03b97047133000f014bb1b
:020000040000fa
:020000040104f5
:1022c40000234ff4fe42428003808380c380704722
:020000040000fa
:020000040104f5
:1022d40020b103280cbf07200f2070471720704738
:020000040000fa
:020000040104f5
:1022e4004078023802288cbf00200120704700bfcc
:020000040000fa
:020000040104f5
:1022f4004078033801288cbf00200120704700bfbc
:020000040000fa
:020000040104f5
:102304000b464ff47c4200f5d4711846fbf73abdf6
:020000040000fa
:020000040104f5
:10231400c3789b0700d570477c306421f9f7f0b986
:020000040000fa
:020000040104f5
:102324000c0900000a0c0900fddead00beef000040
:020000040000fa
:020000040104f5
:102334008179002262f3000102608171828070471a
:020000040000fa
:020000040104f5
:10234400024b93f8e409c0f38000704700c60020f4
:020000040000fa
:020000040104f5
:10235400036d1bb10a46c06c89081847704700bf5b
:020000040000fa
:020000040104f5
:1023640000220023c0e92223c0e92423704700bfd0
:020000040000fa
:020000040104f5
:10237400131d0022c0f8cc301146d4f743b900bf76
:020000040000fa
:020000040104f5
:10238400012380f8a510c0f8a82080f8a430704775
:020000040000fa
:020000040104f5
:1023940001299abf816600200048704780b0ffff82
:020000040000fa
:020000040104f5
:1023a400636c69656e740000736572766572000013
:020000040000fa
:020000040104f5
:1023b400807a053803288cbf00200120704700bfb5
:020000040000fa
:020000040104f5
:1023c40008b5e3f78dfc00b908bda0f50c5008bdb5
:020000040000fa
:020000040104f5
:1023d400c188006808b5ecf74fff0730c00808bd96
:020000040000fa
:020000040104f5
:1023e40000020000000400000008000000100000cb
:020000040000fa
:020000040104f5
:1023f40020b1036813b1db68084618470020704712
:020000040000fa
:020000040104f5
:10240400551d250000000000551d2000000000bfe0
:020000040000fa
:020000040104f5
:1024140000070000ffffff0ffc00000000080000a1
:020000040000fa
:020000040104f5
:10242400000300000a0000000c000000000000008f
:020000040000fa
:020000040104f5
:1024340008b500f0ebfdbde80840fef7ffba00bfa9
:020000040000fa
:020000040104f5
:1024440000231a4619460148eff78cba14100020ed
:020000040000fa
:020000040104f5
:10245400526164696f2064697361626c650000bfd6
:020000040000fa
:020000040104f5
:10246400526164696f20656e61626c65000000bf33
:020000040000fa
:020000040104f5
:10247400526164696f207472616e736d69740000d7
:020000040000fa
:020000040104f5
:1024840020b1012801d1fff7f5bc7047d9f702bc90
:020000040000fa
:020000040104f5
:10249400024b1868c0f3c030704700bf0006004408
:020000040000fa
:020000040104f5
:1024a400024a106213699b06fcd470470000014283
:020000040000fa
:020000040104f5
:1024b400024a908313695b06fcd470470014004001
:020000040000fa
:020000040104f5
:1024c400024ad08313691b06fcd4704700140040f1
:020000040000fa
:020000040104f5
:1024d40010b9024b1879704703207047b0ff0020f1
:020000040000fa
:020000040104f5
:1024e40008b5eaf7c3febde80840c6f79fb900bfc8
:020000040000fa
:020000040104f5
:1024f40008b5fbf72bffbde8084000f0afbe00bff6
:020000040000fa
:020000040104f5
:10250400836bc06bc01ab0fa80f04009704700bffb
:020000040000fa
:020000040104f5
:10251400024a136801331360704700bf780001203a
:020000040000fa
:020000040104f5
:1025240008b50020daf7fef8ecf7c8fffce700bfb7
:020000040000fa
:020000040104f5
:1025340011112233445566778899aabbccddeeff8e
:020000040000fa
:020000040104f5
:10254400546872656164204465766963650000bf00
:020000040000fa
:020000040104f5
:102554001f1f1c1c18181414141414141414141409
:020000040000fa
:020000040104f5
:10256400024b1868bff35b8f704700bf8c010120da
:020000040000fa
:020000040104f5
:10257400024b1868bff35b8f704700bf90010120c6
:020000040000fa
:020000040104f5
:10258400494e4600696e66004e414e006e616e0013
:020000040000fa
:020000040104f5
:10259400494e4600696e66004e414e006e616e0003
:020000040000fa
:020000040104f5
:0e25a400810103230020b1fbf3f100f07bbda9
:020000040000fa
:020000040104f5
:0e25b20010b50421044600f060fe204610bd66
:020000040000fa
:020000040104f5
:0e25c000a0f14103192b98bf40f02000704796
:020000040000fa
:020000040104f5
:0e25ce00a0f16103192b98bf00f05f00704769
:020000040000fa
:020000040104f5
:0d25dc00537439657863657074696f6e0023
:020000040000fa
:020000040104f5
:0d25e900537439747970655f696e666f0018
:020000040000fa
:020000040104f5
:0c25f80000230172c0e9003343727047f9
:020000040000fa
:020000040104f5
:0c260400014b1880704700bf92fe0020c0
:020000040000fa
:020000040104f5
:0c26100013460a4601461846f5f798ba32
:020000040000fa
:020000040104f5
:0c261c0003681888c0f3c000704700bfbe
:020000040000fa
:020000040104f5
:0c2628000123043003fa00f080b2704778
:020000040000fa
:020000040104f5
:0c2634004ff6fe71002201800277704713
:020000040000fa
:020000040104f5
:0c2640004ff6fe72002302800377704703
:020000040000fa
:020000040104f5
:0c264c00082a00d9fee7f8f765bd00bfc2
:020000040000fa
:020000040104f5
:0c2658004a890281002241600270704734
:020000040000fa
:020000040104f5
:0c2664000148fef74bbb00bf14c600206d
:020000040000fa
:020000040104f5
:0c2670000148e7f7e9bc00bf28c60020c5
:020000040000fa
:020000040104f5
:0c267c0000230160c2808380704700bf13
:020000040000fa
:020000040104f5
:0c2688000068084411461a46fef762baca
:020000040000fa
:020000040104f5
:0c2694004b89438000230380704700bf87
:020000040000fa
:020000040104f5
:0c26a0004388994228bf194641807047ca
:020000040000fa
:020000040104f5
:0c26ac000148fdf747bb00bf00c600203e
:020000040000fa
:020000040104f5
:0c26b80043898b4200d2fee7818170470d
:020000040000fa
:020000040104f5
:0c26c400014b0022ebf7f6bd38180401b2
:020000040000fa
:020000040104f5
:0c26d0008b6a03b1fee7f1f753b800bfbe
:020000040000fa
:020000040104f5
:0c26dc000148eef7cfb800bf44c6002054
:020000040000fa
:020000040104f5
:0c26e80008b5f6f781fd00b1fee708bd63
:020000040000fa
:020000040104f5
:0c26f40008b5eff7cff800b1fee708bd15
:020000040000fa
:020000040104f5
:0c27000008b5fcf73ffc00b1fee708bd87
:020000040000fa
:020000040104f5
:0c270c0008b5fdf707fb00b1fee708bdb3
:020000040000fa
:020000040104f5
:0c27180008b5f9f77dfa00b1fee708bd36
:020000040000fa
:020000040104f5
:0c27240008b5fdf7ebfa00b1fee708bdb8
:020000040000fa
:020000040104f5
:0c2730000148f2f7a7bb00bf00c6002064
:020000040000fa
:020000040104f5
:0c273c00c180014800f0dab812c600208d
:020000040000fa
:020000040104f5
:0c274800014800f059bd00bf00c6002091
:020000040000fa
:020000040104f5
:0c2754000148f6f78bb800bf10d0002041
:020000040000fa
:020000040104f5
:0c27600083788b4218bf8170704700bf67
:020000040000fa
:020000040104f5
:0c276c0040f2011301804180838070471f
:020000040000fa
:020000040104f5
:0c2778000023036043608360c36070476f
:020000040000fa
:020000040104f5
:0c2784000148f9f7cdbd00bfe4cf0020f4
:020000040000fa
:020000040104f5
:0c2790000148dff773bf00bfe4cf00205a
:020000040000fa
:020000040104f5
:0c279c000148e0f709bf00bf10d000208a
:020000040000fa
:020000040104f5
:0c27a8000148e9f7f7bb00bfe8d20020b1
:020000040000fa
:020000040104f5
:0c27b4000148cef741bb00bfe4cf00207d
:020000040000fa
:020000040104f5
:0c27c0000148f2f717b800bfe4cf00207a
:020000040000fa
:020000040104f5
:0c27cc000148d5f7f3ba00bfe4cf0020ad
:020000040000fa
:020000040104f5
:0c27d8000148fbf7f9b900bfe4cf002076
:020000040000fa
:020000040104f5
:0c27e4000148fdf741bf00bf5ccf0020a2
:020000040000fa
:020000040104f5
:0c27f0000148fcf7c1b800bfc8ce0020b3
:020000040000fa
:020000040104f5
:0c27fc000148fcf7bbb800bff4ce002081
:020000040000fa
:020000040104f5
:0c2808000148e3f78bbb00bff4ce0020ba
:020000040000fa
:020000040104f5
:0c281400034602305978edf78fbf00bf7b
:020000040000fa
:020000040104f5
:0c2820004078022894bf0020012070477f
:020000040000fa
:020000040104f5
:0c282c000a4690f8fe10edf7f5b800bf6a
:020000040000fa
:020000040104f5
:0c283800002280f8fe20d3f7f1bc00bfa6
:020000040000fa
:020000040104f5
:0c2844004ff0ff3303604360704700bf9b
:020000040000fa
:020000040104f5
:0c28500000224ff080730260436070476c
:020000040000fa
:020000040104f5
:0c285c00102a00d9fee7f2f7bdbe00bf55
:020000040000fa
:020000040104f5
:0c2868000b684a6842600360704700bfc4
:020000040000fa
:020000040104f5
:0c2874000b684a6842600360704700bfb8
:020000040000fa
:020000040104f5
:0c2880000148e5f7dbba00bff4c90020f6
:020000040000fa
:020000040104f5
:0c288c0008210148fef716bc5cc60020c5
:020000040000fa
:020000040104f5
:0c2898000148f2f7c9be00bf5cc600207a
:020000040000fa
:020000040104f5
:0c28a4000148ecf78dbb00bf60c80020ad
:020000040000fa
:020000040104f5
:0c28b0000148e8f745ba00bf94ca0020b8
:020000040000fa
:020000040104f5
:0c28bc000148e0f729bd00bf7cce0020e1
:020000040000fa
:020000040104f5
:0c28c8000148eff71bb900bf10d0002042
:020000040000fa
:020000040104f5
:0c28d4000148f8f70dbd00bf10d0002037
:020000040000fa
:020000040104f5
:0c28e0000148d6f7abbb00bf10d00020b1
:020000040000fa
:020000040104f5
:0c28ec000148fff731bc00bf10d00020f5
:020000040000fa
:020000040104f5
:0c28f8000148f7f74dbc00bf00c60020ef
:020000040000fa
:020000040104f5
:0c2904000148ddf7d1ba00bf00c600207a
:020000040000fa
:020000040104f5
:0c2910000148f2f7e9b800bf3cdf0020ee
:020000040000fa
:020000040104f5
:0c291c0049ba0023a0f8011003707047b6
:020000040000fa
:020000040104f5
:0c29280008b50846f8f79cfe002008bd2a
:020000040000fa
:020000040104f5
:0c29340001224ff2bf01f6f7f7bd00bf13
:020000040000fa
:020000040104f5
:0c2940000148f1f7b1b900bfa8d7002092
:020000040000fa
:020000040104f5
:0c294c000148f1f7abb900bfa8d700208c
:020000040000fa
:020000040104f5
:0c2958000b4601461846ecf76bbb00bfb5
:020000040000fa
:020000040104f5
:0c2964000148f9f775be00bf7cdf0020c1
:020000040000fa
:020000040104f5
:0c2970004378022b00d07047fff7ccbc6e
:020000040000fa
:020000040104f5
:0c297c000148e7f72bbd00bf84d300200a
:020000040000fa
:020000040104f5
:0c2988000148eef7e5bd00bf08d30020b9
:020000040000fa
:020000040104f5
:0c2994000148dcf79bb800bf08d300200e
:020000040000fa
:020000040104f5
:0c29a000016902220131ebf757bf00bfb4
:020000040000fa
:020000040104f5
:0c29ac000148f7f77db900bf5ccf0020a8
:020000040000fa
:020000040104f5
:0c29b8000b4601461846fbf70fbb00bfa2
:020000040000fa
:020000040104f5
:0c29c4000148f6f7d3b900bf28df00205f
:020000040000fa
:020000040104f5
:0c29d000408840bac0f34020704700bfb0
:020000040000fa
:020000040104f5
:0c29dc0001210148f5f7b2bae0e6002046
:020000040000fa
:020000040104f5
:0c29e8000148f2f77db800bfe0e60020d7
:020000040000fa
:020000040104f5
:0c29f4000148d6f751ba00bfe0de002019
:020000040000fa
:020000040104f5
:0c2a00000148fff78bb800bf78e600200b
:020000040000fa
:020000040104f5
:0c2a0c000148f0f767bc00bf60c9002063
:020000040000fa
:020000040104f5
:0c2a18000023036043608360704700bf30
:020000040000fa
:020000040104f5
:0c2a2400814201d0f9f764bf704700bf89
:020000040000fa
:020000040104f5
:0c2a3000014b1b68184700bf6801012023
:020000040000fa
:020000040104f5
:0c2a3c00014b1b68184700bf6c01012013
:020000040000fa
:020000040104f5
:0c2a48002b06010505070804000000bf74
:020000040000fa
:020000040104f5
:0c2a5400023802288cbf002001207047cf
:020000040000fa
:020000040104f5
:0c2a6000023801288cbf002001207047c4
:020000040000fa
:020000040104f5
:0c2a6c00a0f10400b0fa80f040097047af
:020000040000fa
:020000040104f5
:0c2a780010b16c21fff776b8704700bf6a
:020000040000fa
:020000040104f5
:0c2a840008b56c22fef766f808bd00bf24
:020000040000fa
:020000040104f5
:0c2a90000ab1e9f76fbd1046704700bfa7
:020000040000fa
:020000040104f5
:0c2a9c002a8648ce3d030107000000bf61
:020000040000fa
:020000040104f5
:0c2aa8002a864886f70d0101010000bfde
:020000040000fa
:020000040104f5
:0c2ab4002a8648ce3d040301000000bf4c
:020000040000fa
:020000040104f5
:0c2ac0000023036043608360704700bf88
:020000040000fa
:020000040104f5
:0c2acc0000220123c0e90023704700bf76
:020000040000fa
:020000040104f5
:0c2ad8004ff48c720021fff74dba00bfd4
:020000040000fa
:020000040104f5
:0c2ae40018b14ff48c71fff73fb8704739
:020000040000fa
:020000040104f5
:0c2af00013460a460221f3f76bb800bf42
:020000040000fa
:020000040104f5
:0c2afc00806b00f52370fdf73fbe00bfab
:020000040000fa
:020000040104f5
:0c2b0800806b00f52370fdf739be00bfa4
:020000040000fa
:020000040104f5
:0c2b14004ff480720021fff72fba00bfc1
:020000040000fa
:020000040104f5
:0c2b200003280cbf04200020704700bff9
:020000040000fa
:020000040104f5
:0c2b2c0017280cbf03200020704700bfda
:020000040000fa
:020000040104f5
:0c2b380003280cbf17200020704700bfce
:020000040000fa
:020000040104f5
:0c2b44002bc000002cc0000000000000ae
:020000040000fa
:020000040104f5
:0c2b500010b1006800b10078704700bfb1
:020000040000fa
:020000040104f5
:0c2b5c0014ca030144ca0301e4c90301c8
:020000040000fa
:020000040104f5
:0c2b68004ff4ca720021fff705ba00bf4d
:020000040000fa
:020000040104f5
:0c2b7400014b1860704700bf10080020e3
:020000040000fa
:020000040104f5
:0c2b8000014b1878704700bfe2000120f4
:020000040000fa
:020000040104f5
:0c2b8c00014b1960704700bf28000120b9
:020000040000fa
:020000040104f5
:0c2b9800014b0020196070472000012054
:020000040000fa
:020000040104f5
:0c2ba400014b1960704700bf24000120a5
:020000040000fa
:020000040104f5
:0c2bb00008b500f01ffbc0f3470008bd93
:020000040000fa
:020000040104f5
:0c2bbc00526164696f20736c65657000e5
:020000040000fa
:020000040104f5
:0c2bc800014b80b25881704700000142b0
:020000040000fa
:020000040104f5
:0c2bd400014b80b21881704700000142e4
:020000040000fa
:020000040104f5
:0c2be000014b186099607047a4ff0020b2
:020000040000fa
:020000040104f5
:0c2bec00014b186059607047f8ff002092
:020000040000fa
:020000040104f5
:0c2bf800003018bf01204042704700bfb1
:020000040000fa
:020000040104f5
:0c2c0400014bd868704700bf60fd002045
:020000040000fa
:020000040104f5
:0c2c10003032040178d6030100000000ff
:020000040000fa
:020000040104f5
:0c2c1c00014b1868704700bf98000120b1
:020000040000fa
:020000040104f5
:0c2c2800014b1868704700bf70000120cd
:020000040000fa
:020000040104f5
:0c2c3400014b01221a6070479c00012037
:020000040000fa
:020000040104f5
:0c2c4000014b08225a637047002b00442f
:020000040000fa
:020000040104f5
:0c2c4c00014b80225a637047002b0044ab
:020000040000fa
:020000040104f5
:0c2c580000f1824000f5803000787047e9
:020000040000fa
:020000040104f5
:0c2c6400014b1878fcf79abad011002040
:020000040000fa
:020000040104f5
:0c2c700000f1824000f5803000787047d1
:020000040000fa
:020000040104f5
:0c2c7c001eb4f9f7e7f91ebcd5f750feb6
:020000040000fa
:020000040104f5
:0c2c880088d70301cb1f04017830040141
:020000040000fa
:020000040104f5
:0c2c940088d70301cee50301ac2c04013d
:020000040000fa
:020000040104f5
:0c2ca0000098904214bf012006207047ed
:020000040000fa
:020000040104f5
:0c2cac0088d703015cf1030180300401b3
:020000040000fa
:020000040104f5
:0c2cb80013460a466ff00041f0f79ab98d
:020000040000fa
:020000040104f5
:0c2cc40010b50446fff76cf9204610bd67
:020000040000fa
:020000040104f5
:0a2cd00000221f210120fbf7dbbbef
:020000040000fa
:020000040104f5
:0a2cda0008b5fff742fcfbf762fcaf
:020000040000fa
:020000040104f5
:0a2ce40008b5fff745fc00f0adf95c
:020000040000fa
:020000040104f5
:082cf0000a460021ebf7a4ba2b
:020000040000fa
:020000040104f5
:082cf8008830f2f749bc00bf6f
:020000040000fa
:020000040104f5
:082d00008830ecf7a5bf00bf0d
:020000040000fa
:020000040104f5
:082d0800d0f82c01704700bf58
:020000040000fa
:020000040104f5
:082d100090f8090d704700bfa7
:020000040000fa
:020000040104f5
:082d180042f22413c05c704775
:020000040000fa
:020000040104f5
:082d20002830f2f7a5ba00bf4c
:020000040000fa
:020000040104f5
:082d280000487047986a03019e
:020000040000fa
:020000040104f5
:082d30000fb404b0704700bfae
:020000040000fa
:020000040104f5
:082d38000fb404b0704700bfa6
:020000040000fa
:020000040104f5
:082d40008068f4f7d1bd00bf6b
:020000040000fa
:020000040104f5
:082d4800c068ddf747ba00bfc7
:020000040000fa
:020000040104f5
:082d5000c068ecf72dbe00bfc6
:020000040000fa
:020000040104f5
:082d5800d00700000302040093
:020000040000fa
:020000040104f5
:082d6000006800b1c069704772
:020000040000fa
:020000040104f5
:082d68000123f4f723be00bfb4
:020000040000fa
:020000040104f5
:082d7000010002000b0000bf8e
:020000040000fa
:020000040104f5
:082d780000230360704700bf57
:020000040000fa
:020000040104f5
:082d800001704270704700bfb2
:020000040000fa
:020000040104f5
:082d88004b880988f3f780bfb6
:020000040000fa
:020000040104f5
:082d9000006800b1c069704742
:020000040000fa
:020000040104f5
:082d98000048704748d00020fc
:020000040000fa
:020000040104f5
:082da00001230180037170475b
:020000040000fa
:020000040104f5
:082da8000123418043717047d3
:020000040000fa
:020000040104f5
:082db000102308608b807047be
:020000040000fa
:020000040104f5
:082db800c068f0f7bdbd00bfcb
:020000040000fa
:020000040104f5
:082dc000dead00beef00cafe0b
:020000040000fa
:020000040104f5
:082dc80001230a46ecf740bfad
:020000040000fa
:020000040104f5
:082dd0000a7cf8f75fbb00bfad
:020000040000fa
:020000040104f5
:082dd8001022f2f701bc00bf5c
:020000040000fa
:020000040104f5
:082de0000022dbf7e5bd00bf96
:020000040000fa
:020000040104f5
:082de8000221fef73db800bf17
:020000040000fa
:020000040104f5
:082df00008b1eef7b9be70470f
:020000040000fa
:020000040104f5
:082df8000048704700f8ff07d6
:020000040000fa
:020000040104f5
:082e000080788009fff71eb97c
:020000040000fa
:020000040104f5
:082e08001946fbf78dbe00bf67
:020000040000fa
:020000040104f5
:082e100009680068fef730bc00
:020000040000fa
:020000040104f5
:082e18007c306421f8f772bc64
:020000040000fa
:020000040104f5
:082e20000021d4f72bbd00bf17
:020000040000fa
:020000040104f5
:082e28000821fef71db800bff0
:020000040000fa
:020000040104f5
:082e30004c30fef70bbd00bfa2
:020000040000fa
:020000040104f5
:082e380054687265616400bf7b
:020000040000fa
:020000040104f5
:082e400000230360704700bf8e
:020000040000fa
:020000040104f5
:082e48000830fef7ffbc00bfdb
:020000040000fa
:020000040104f5
:082e50000a460921fbf73cb919
:020000040000fa
:020000040104f5
:082e58001c30fff7fbb800bfbe
:020000040000fa
:020000040104f5
:082e60000022c0e900227047c6
:020000040000fa
:020000040104f5
:082e68003c220021fff786b8af
:020000040000fa
:020000040104f5
:082e700008b1fcf7a5be704794
:020000040000fa
:020000040104f5
:082e780000b14078704700bf73
:020000040000fa
:020000040104f5
:082e800000b10068704700bfbb
:020000040000fa
:020000040104f5
:082e880000eb800001307047ef
:020000040000fa
:020000040104f5
:082e900008b1f1f7d1be704753
:020000040000fa
:020000040104f5
:082e9800a4230401ac23040192
:020000040000fa
:020000040104f5
:082ea00000487047a82e040150
:020000040000fa
:020000040104f5
:082ea800ffc000000000000063
:020000040000fa
:020000040104f5
:082eb0000223f1f715bf00bf7a
:020000040000fa
:020000040104f5
:082eb80008b1fdf7b7bc70473b
:020000040000fa
:020000040104f5
:082ec0000978e8f75fba00bfd2
:020000040000fa
:020000040104f5
:082ec8004368d86b704700bf9e
:020000040000fa
:020000040104f5
:082ed00049684068e2f756b9b9
:020000040000fa
:020000040104f5
:082ed8004068fbf77bbf00bf5f
:020000040000fa
:020000040104f5
:082ee00065636b65792e51005a
:020000040000fa
:020000040104f5
:082ee800c0e90f1243647047ba
:020000040000fa
:020000040104f5
:082ef0006c220021fff742b83b
:020000040000fa
:020000040104f5
:082ef80013460222e5f780bd3c
:020000040000fa
:020000040104f5
:082f00006ff02d00704700bfc7
:020000040000fa
:020000040104f5
:082f08002a8648ce3d020100bb
:020000040000fa
:020000040104f5
:082f1000c1880068ecf7b2b9ba
:020000040000fa
:020000040104f5
:082f18000123eef755bc00bfd8
:020000040000fa
:020000040104f5
:082f20004ff0ff33eef750bc47
:020000040000fa
:020000040104f5
:082f2800bcd1020170822605f4
:020000040000fa
:020000040104f5
:082f300090d102017092290505
:020000040000fa
:020000040104f5
:082f3800e0d1020110120200b9
:020000040000fa
:020000040104f5
:082f4000b0d1020170832705e6
:020000040000fa
:020000040104f5
:082f48007cd1020170932a05ff
:020000040000fa
:020000040104f5
:082f5000d4d1020110130300ab
:020000040000fa
:020000040104f5
:082f5800a4d1020170842805d8
:020000040000fa
:020000040104f5
:082f600068d1020170942b05f9
:020000040000fa
:020000040104f5
:082f6800c8d10201101404009d
:020000040000fa
:020000040104f5
:082f700078220021fff702b8ee
:020000040000fa
:020000040104f5
:082f780000487047808fffff45
:020000040000fa
:020000040104f5
:082f800000487047808fffff3d
:020000040000fa
:020000040104f5
:082f880070220021fef7f6bfe4
:020000040000fa
:020000040104f5
:082f9000c0e91f12704700bfe9
:020000040000fa
:020000040104f5
:082f9800c0e90612704700bffa
:020000040000fa
:020000040104f5
:082fa000c0e90412704700bff4
:020000040000fa
:020000040104f5
:082fa800c0e91412704700bfdc
:020000040000fa
:020000040104f5
:082fb0000023c0e9163170474f
:020000040000fa
:020000040104f5
:082fb8000023c0e91831704745
:020000040000fa
:020000040104f5
:082fc000c0e93c12704700bf9c
:020000040000fa
:020000040104f5
:082fc8000021f5f733b900bf49
:020000040000fa
:020000040104f5
:082fd00094220021fef7d2bf9c
:020000040000fa
:020000040104f5
:082fd8000023c0e9003370473b
:020000040000fa
:020000040104f5
:082fe0000cb402b0704700bf01
:020000040000fa
:020000040104f5
:082fe80000487047f0fd0020d5
:020000040000fa
:020000040104f5
:082ff0003e51f00b473e510079
:020000040000fa
:020000040104f5
:082ff800bff35f8f62b6704762
:020000040000fa
:020000040104f5
:083000004ff4fa40704700bfd5
:020000040000fa
:020000040104f5
:083008000048704740420f0030
:020000040000fa
:020000040104f5
:0830100008b5f7f78dff08bdbc
:020000040000fa
:020000040104f5
:08301800b00a040111000000e0
:020000040000fa
:020000040104f5
:0830200008b5eff727f9fce702
:020000040000fa
:020000040104f5
:0830280008b5fcf7c9f8fce74c
:020000040000fa
:020000040104f5
:08303000546d72205376630019
:020000040000fa
:020000040104f5
:0830380000230361704700bf93
:020000040000fa
:020000040104f5
:083040000087858d858c8585d4
:020000040000fa
:020000040104f5
:0830480008b58047fff745fec3
:020000040000fa
:020000040104f5
:0830500000487047c8ff002092
:020000040000fa
:020000040104f5
:0830580000487047c8ff00208a
:020000040000fa
:020000040104f5
:0830600000487047b81f04018d
:020000040000fa
:020000040104f5
:08306800e0d7030160ff030142
:020000040000fa
:020000040104f5
:08307000e0d7030114f1030194
:020000040000fa
:020000040104f5
:08307800e0d70301dc2504018f
:020000040000fa
:020000040104f5
:08308000e0d70301e92504017a
:020000040000fa
:020000040104f5
:0830880083f00043d1f730bbd7
:020000040000fa
:020000040104f5
:0830900008b57f2000f00ef8e6
:020000040000fa
:020000040104f5
:08309800286e696c2900250077
:020000040000fa
:020000040104f5
:0730a000286e756c6c29001d
:020000040000fa
:020000040104f5
:0630a8000139fdd870475c
:020000040000fa
:020000040104f5
:0630ae006ff05d007047a9
:020000040000fa
:020000040104f5
:0630b40008b500f0c9f8a8
:020000040000fa
:020000040104f5
:0430bc000020704739
:020000040000fa
:020000040104f5
:0430c000704700bf96
:020000040000fa
:020000040104f5
:0430c4000120704730
:020000040000fa
:020000040104f5
:0430c800ddf7a0bad6
:020000040000fa
:020000040104f5
:0430cc00fdf714bf39
:020000040000fa
:020000040104f5
:0430d000f7f73ebb15
:020000040000fa
:020000040104f5
:0430d400fbf7e4bb67
:020000040000fa
:020000040104f5
:0430d800fdf72eba18
:020000040000fa
:020000040104f5
:0430dc004089704770
:020000040000fa
:020000040104f5
:0430e000808970472c
:020000040000fa
:020000040104f5
:0430e400f9f7eabe50
:020000040000fa
:020000040104f5
:0430e800f3f7d2bd6b
:020000040000fa
:020000040104f5
:0430ec00f9f7bab87e
:020000040000fa
:020000040104f5
:0430f000f4f7e8bc4d
:020000040000fa
:020000040104f5
:0430f400f0f7c0ba77
:020000040000fa
:020000040104f5
:0430f800eff71eb917
:020000040000fa
:020000040104f5
:0430fc00fef760b9c2
:020000040000fa
:020000040104f5
:0431000000f070b8b3
:020000040000fa
:020000040104f5
:04310400fef78ebf85
:020000040000fa
:020000040104f5
:04310800000100ffc3
:020000040000fa
:020000040104f5
:04310c00edf74cbbd4
:020000040000fa
:020000040104f5
:04311000704700bf45
:020000040000fa
:020000040104f5
:04311400704700bf41
:020000040000fa
:020000040104f5
:043118000068704794
:020000040000fa
:020000040104f5
:04311c000160704797
:020000040000fa
:020000040104f5
:04312000704700bf35
:020000040000fa
:020000040104f5
:04312400f0f7dcbb29
:020000040000fa
:020000040104f5
:04312800f9f762bf92
:020000040000fa
:020000040104f5
:04312c00f9f760bf90
:020000040000fa
:020000040104f5
:04313000e5f74abeb7
:020000040000fa
:020000040104f5
:04313400e8f7babf3f
:020000040000fa
:020000040104f5
:04313800f9f784b966
:020000040000fa
:020000040104f5
:04313c00f8f776b971
:020000040000fa
:020000040104f5
:04314000fff748b895
:020000040000fa
:020000040104f5
:04314400e9f73ab8b5
:020000040000fa
:020000040104f5
:04314800f0f740b8a4
:020000040000fa
:020000040104f5
:04314c00704700bf09
:020000040000fa
:020000040104f5
:04315000d3f750bba6
:020000040000fa
:020000040104f5
:04315400e2f7dcb80a
:020000040000fa
:020000040104f5
:04315800000000bfb4
:020000040000fa
:020000040104f5
:04315c000c2070478c
:020000040000fa
:020000040104f5
:04316000704700bff5
:020000040000fa
:020000040104f5
:04316400dff700bbd6
:020000040000fa
:020000040104f5
:04316800d0f750bf8d
:020000040000fa
:020000040104f5
:04316c00704700bfe9
:020000040000fa
:020000040104f5
:04317000704700bfe5
:020000040000fa
:020000040104f5
:04317400fcf7c4bbe5
:020000040000fa
:020000040104f5
:04317800f9f714bb94
:020000040000fa
:020000040104f5
:04317c00e5f74abb6e
:020000040000fa
:020000040104f5
:04318000f4f79ebe04
:020000040000fa
:020000040104f5
:04318400704700bfd1
:020000040000fa
:020000040104f5
:04318800f0f772bf2b
:020000040000fa
:020000040104f5
:04318c00d9f712bca1
:020000040000fa
:020000040104f5
:043190007770616e85
:020000040000fa
:020000040104f5
:043194000000000037
:020000040000fa
:020000040104f5
:04319800fdf764bb20
:020000040000fa
:020000040104f5
:04319c00081c4000cb
:020000040000fa
:020000040104f5
:0431a00009204000c2
:020000040000fa
:020000040104f5
:0431a4000100000026
:020000040000fa
:020000040104f5
:0431a800551d13009e
:020000040000fa
:020000040104f5
:0431ac00daf7bcbdd5
:020000040000fa
:020000040104f5
:0431b000d4f744bc50
:020000040000fa
:020000040104f5
:0431b400fbf77cb8f1
:020000040000fa
:020000040104f5
:0431b800817170476a
:020000040000fa
:020000040104f5
:0431bc00c160704737
:020000040000fa
:020000040104f5
:0431c000000000000b
:020000040000fa
:020000040104f5
:0431c40017000000f0
:020000040000fa
:020000040104f5
:0431c80017000000ec
:020000040000fa
:020000040104f5
:0431cc000020704728
:020000040000fa
:020000040104f5
:0431d0000020704724
:020000040000fa
:020000040104f5
:0431d4000020704720
:020000040000fa
:020000040104f5
:0431d800002070471c
:020000040000fa
:020000040104f5
:0431dc000020704718
:020000040000fa
:020000040104f5
:0431e0000020704714
:020000040000fa
:020000040104f5
:0431e400e7f7d4be77
:020000040000fa
:020000040104f5
:0431e800002070470c
:020000040000fa
:020000040104f5
:0431ec00e3f772bcd7
:020000040000fa
:020000040104f5
:0431f000704700bf65
:020000040000fa
:020000040104f5
:0431f40028207047d8
:020000040000fa
:020000040104f5
:0431f800704700bf5d
:020000040000fa
:020000040104f5
:0431fc006f20704789
:020000040000fa
:020000040104f5
:04320000fff755bfc0
:020000040000fa
:020000040104f5
:04320400f4f7c4b95e
:020000040000fa
:020000040104f5
:04320800c820704723
:020000040000fa
:020000040104f5
:04320c00fef7e4bd28
:020000040000fa
:020000040104f5
:04321000fdf7d0bb3b
:020000040000fa
:020000040104f5
:04321400dcf7d4b857
:020000040000fa
:020000040104f5
:04321800e7f7babe5c
:020000040000fa
:020000040104f5
:04321c00704700bf38
:020000040000fa
:020000040104f5
:0432200001207047d2
:020000040000fa
:020000040104f5
:04322400704700bf30
:020000040000fa
:020000040104f5
:04322800fef7eabd06
:020000040000fa
:020000040104f5
:04322c00fef7f2bdfa
:020000040000fa
:020000040104f5
:043230002815040158
:020000040000fa
:020000040104f5
:04323400fee700bff2
:020000040000fa
:020000040104f5
:04323800fee700bfee
:020000040000fa
:020000040104f5
:04323c00fee700bfea
:020000040000fa
:020000040104f5
:04324000fee700bfe6
:020000040000fa
:020000040104f5
:04324400fee700bfe2
:020000040000fa
:020000040104f5
:04324800fee700bfde
:020000040000fa
:020000040104f5
:04324c00fee700bfda
:020000040000fa
:020000040104f5
:04325000eff7b2bd25
:020000040000fa
:020000040104f5
:04325400704700bf00
:020000040000fa
:020000040104f5
:04325800e7f79abe3c
:020000040000fa
:020000040104f5
:04325c00704700bff8
:020000040000fa
:020000040104f5
:04326000704700bff4
:020000040000fa
:020000040104f5
:04326400f5f7f6b8cc
:020000040000fa
:020000040104f5
:04326800704700bfec
:020000040000fa
:020000040104f5
:04326c000120704786
:020000040000fa
:020000040104f5
:04327000007870472b
:020000040000fa
:020000040104f5
:043274000068704737
:020000040000fa
:020000040104f5
:04327800016070473a
:020000040000fa
:020000040104f5
:04327c0000f004b8a2
:020000040000fa
:020000040104f5
:043280000020704773
:020000040000fa
:020000040104f5
:04328400002070476f
:020000040000fa
:020000040104f5
:04328800f5f7b0b9ed
:020000040000fa
:020000040104f5
:04328c000020704767
:020000040000fa
:020000040104f5
:04329000704700bfc4
:00000001FF
