:020000040000fa
:0200000400807a
:045f8800ffff000017
:020000040000fa
:0200000400807a
:045f8c0000e00ec45f
:020000040000fa
:0200000400807a
:045f900038fc745f06
:020000040000fa
:0200000400807a
:045f94003b44121464
:020000040000fa
:0200000400807a
:045f98000b00007189
:020000040000fa
:0200000400807a
:045f9c000000000001
:020000040000fa
:0200000400807a
:045fbc0000000010d1
:020000040000fa
:020000040100f9
:10020000f07f0120d5c502013534040139340401e1
:100210004134040145340401493404010000000064
:1002200000000000000000000000000071f1030168
:100230003d34040100000000d122030175d7030101
:1002400045e403018749010187490101d11f0401e8
:100250008749010187490101874901018749010156
:100260008749010187490101874901018749010146
:10027000055e0301874901018749010187490101a1
:10028000874901016de403018749010187490101a3
:100290008749010187490101874901018749010116
:1002a0008749010187490101874901018749010106
:1002b00087490101874901017164010187490101f1
:1002c0008749010169170401874901018749010133
:1002d00087490101874901018749010187490101d6
:0c02e0008749010100000000874901016e
:020000040000fa
:020000040100f9
:1002ec0000080001180800200000000000000000b9
:1002fc000b080e00290b002000000000000000007d
:10030c000a080a001f0b002000000000000000007b
:10031c00040813004c0a002000000000000000003c
:10032c0006080400830a0020000000000000000002
:10033c0002082800180a002000000000000000003d
:10034c0003080c00400a0020000000000000000020
:10035c000108000118090020000000000000000046
:10036c00050824005f0a00200000000000000000c7
:10037c0008081400070b002000000000000000001b
:10038c0007088000870a0020000000000000000021
:10039c00090804001b0b00200000000000000000f6
:1003ac0008b10181b0b000840000000008b10181e7
:1003bc00b0b000840000000008b10181b0b000842e
:1003cc000000000008b10181b0b000840000000002
:1003dc0008b10181b0b000840000000008b10181b7
:1003ec00b0b000840000000084010181b00eb100a7
:1003fc000000000084020181b00cb100000000007c
:10040c00c50d0100b0b0a800ffff010008b10181cb
:10041c00b0b000840000000008b10181b0b00084cd
:10042c0000000000a10d0100b0b0a800ffff01000a
:10043c0008b10181b0b0008400000000890d0100fa
:10044c00b0b0a800ffff010008b10181b0b000847a
:10045c000000000008b10181b0b000840000000071
:10046c0008b10181b0b000840000000008b1018126
:10047c00b0b00084000000004d0d0100b0b0a80029
:10048c00ffff010008b10181b0b000840000000042
:10049c0008b10181b0b000840000000008b10181f6
:1004ac00b0b00084000000001d0d0100a908b100cf
:1004bc00ffff010f120a000022c603f20300f8032b
:1004cc0004000000010d0100ac3f2100ffff010ff3
:1004dc00100400004c9e01fe010084020400000088
:1004ec00e50c0100ac3f2500ffff010f12040000da
:1004fc00468c01fe010084020400000008b1018159
:10050c00b0b000840000000008b10181b0b00084dc
:10051c0000000000ddb20181b0b0aa0100000000b3
:10052c00a50c0100ae3f0300ffff010e18040000f4
:10053c007024a00100a6010400000000890c010039
:10054c00b0ad0c00ffff01106c04ac01009601145f
:10055c00ac0100b4010400006d0c0100b0ad04004e
:10056c00ffff01103630fe01009c0158fe01008691
:10057c0002040000510c0100b0ae0f00ffff012b74
:10058c00168a010000cc0128c80500820204b405bb
:10059c0000b802780000d00304ca0500f0033c0048
:1005ac0000d404360000c40504000000190c01003e
:1005bc00b0aa0100ffff01100c100000240442003f
:1005cc00340400004a040000fd0b0100b0ab3e00f7
:1005dc00ffff010f0a04000030c601f80100fe0104
:1005ec0004000000e10b0100b0ab2e00ffff011175
:1005fc0014c801ca0200f40154ca0200d202040059
:10060c000000000008b10181b0b0008400000000bf
:10061c00b50b0100af3f2400ffff010f16040000d3
:10062c0040ba018c020092020400000008b1018162
:10063c00b0b000840000000008b10181b0b00084ab
:10064c0000000000810b0100b0a80100ffff0108b1
:10065c00240438004004000008b10181b0b00084cb
:10066c000000000008b10181b0b00084000000005f
:10067c00550b0100b0aa0900ffff010c0c0400008f
:10068c001c244a00500400003d0b0100b0ab3000ac
:10069c00ffff010e120400001a569201009801048b
:1006ac000000000008b10181b0b00084000000001f
:1006bc00150b0100b0af1000ff101901111ecc0476
:1006cc000000fe04048205019e058001000001006b
:1006dc0000000000f10a0100a908b100ffff0100b1
:1006ec00e50a01008408b101b0b0b000ff10190197
:1006fc000c020608010c0410051c0a000001007f06
:10070c0000007d00000000000000000008b1018125
:10071c00b0b000840000000008b10181b0b00084ca
:10072c0000000000a10a0100b0af0200ff101d0183
:10073c0014222226017a0a8401008c01040000a2f2
:10074c0001248401000100000000000008b10181b7
:10075c00b0b000840000000008b10181b0b000848a
:10076c0000000000f8b500bff8bc08bc9e467047fe
:10077c00a186030125e60301f8b500bff8bc08bc4f
:08078c009e4670477d860301c3
:020000040000fa
:020000040100f9
:100794008867000001000000886700000100000075
:1007a40084670000010000008e6700000100000063
:1007b400e66700000100000004680000b0a90280a0
:1007c40090680000b0b0a880d66800000100000066
:1007d400d0680000b0b0aa8002690000ae71b28097
:1007e400a2690000010000009e690000aa3f378052
:1007f400e269000001000000ee690000b0b0aa80c8
:10080400266a0000010000002c6a000001000000bc
:10081400266a0000010000002a6a000001000000ae
:100824004c6a0000010000005c6a00000100000046
:100834007e6a0000010000008e6a0000aa0db280ea
:10084400e66a0000b0af0680406d000001000000c1
:100854003c6d000001000000386d00000100000044
:10086400346d0000ac3f018020f00000b0ae0b807e
:10087400acf70000b0af1a8018060100b0ab0880d6
:100884004c09010034feff7f78150100f0fcff7f66
:100894006018010001000000861801000084048033
:1008a400961801000100000092180100b0ad048008
:1008b400ce1a0100b0a80380f01a010098feff7f51
:1008c400f21a01009cfeff7ffc1a010001000000e7
:1008d400fa1a01000100000084200100b0af0a8070
:1008e4003823010001000000ec250100b0ab1880a2
:1008f400182b0100b0ac0180982d0100b0af188016
:1009040014300100af16b2808c320100af0cb280fb
:10091400f4340100b0af068048370100b0ac0d805c
:1009240064400100b0ae0f80c4440100b0af188031
:10093400ec480100b0ac0d804855010074fbff7f0a
:1009440038590100b0aa0180005f0100b0ab0a80f1
:10095400e0600100b0ad0280f06b0100b0af108028
:10096400706f0100b0ac0380e87201000100000068
:100974009c740100b0ad048050760100b0aa0780d9
:100984007c7b0100b0af088028820100b0b0ae804b
:10099400c0830100b0ab128058850100b0a9128059
:1009a400f0860100b0ac018084880100b0aa1580f3
:1009b400408d0100b0af1080c88e0100b0ae098038
:1009c40050900100b0ae078068930100b0af028080
:1009d400ec940100b0b0ae8070960100ad3f14807d
:1009e400ec970100b0af0a8060990100b0ab0680bb
:1009f400449f0100b0af028094a30100b0ac018019
:100a0400f8a40100ab08b1805ca60100e0fbff7f05
:100a1400c0a70100b0ab068024a90100b0ab1080d0
:100a2400ecab0100b0ae17800cb00100b0aa078097
:100a340060b10100b0aa0f8010b40100af06b2800b
:100a4400a8ba0100aa61b2807cbe0100b0aa0d80e0
:100a5400b8bf0100b0ad088004c60100b0ad0a8083
:100a640074c80100b0b0aa80c4d00100af06b2803f
:100a7400e4d10100ad08b18054d50100b0ae0780c7
:100a840070d60100b0ab1a801adc0100010000002e
:100a940014dc0100ad04b2802cdd0100b0b0ae80e6
:100aa40044de0100b0ac03805cdf0100b0af048021
:100ab40074e00100b0a904808ce10100b0ae0380b1
:100ac400a4e20100b0ad0280dce40100b0ae058018
:100ad400f0e5010044fbff7f04e70100ab08b180af
:100ae4006ceb010001000000dcf00100b0ac0580fb
:100af400e8f101006cfaff7ff4f20100b0ab04806e
:100b040030f70100b0ac1d8034f80100b0aa0380b6
:100b140038f90100b0a9028048fb0100b0f9ff7f59
:100b240048fc0100c4f9ff7f48fd0100a4faff7fdf
:100b34005c010200b0ad0c8054020200b0ad048030
:100b44004c030200ab3f0280440a0200a908b180b2
:100b5400380b0200b0ab04802c0c0200b0af108044
:100b6400200d02005f840e80f8110200b0ac0180f9
:100b7400e4120200ac3f3580d0130200b0b0ac8068
:100b8400b0150200b0ac2d8098160200b0ab068000
:100b940080170200b0ad0680381b0200a908b1809e
:100ba4001c1c0200a908b180001d0200b0ab048027
:100bb40098200200b0ac018074210200b0ad028024
:100bc40050220200b0aa0b80d8250200b0ab0c80e2
:100bd400b0260200b0ab1e8088270200b0ab0480b0
:100be40060280200b0aa078038290200b0ac018056
:100bf4000c2a0200b0aa0380e02a0200b0a90480f3
:100c0400b42b0200b0ad0c80402e0200b0aa0980c3
:100c1400e82f020018fbff7fb8300200b0ab02805f
:100c240084310200b0b0aa80a0350200b0aa0580c9
:100c340068360200b0b0ac80a0390200b0ac0b80c2
:100c4400643a0200b0ac0580b8400200b0b0aa809b
:100c540078410200b0ad108038420200b0ac078089
:100c6400f8420200b0ab0280b8430200b0ab0c8083
:100c740040450200b0b0ac80fc450200b0aa1b8025
:100c8400c8490200b0ad0280804a0200b0ac0b80bb
:100c9400384b0200b0ac0b80f04b0200b0ad0a80c0
:100ca400a84c0200b0b0aa80604d0200b0ab08802e
:100cb400d8510200a93f0c808c52020001000000b0
:100cc400dc590200b0ac0180905a020078f8ff7f32
:100cd400405b0200b0ae0580f05b0200ac01b28064
:100ce4007c5f0200b0aa0380286002003cf8ff7f0a
:100cf400d4600200b0aa018080610200b0ab02801f
:100d04002c62020001000000d8620200b0aa1d801b
:100d1400bc670200b0ab028064680200b0a9068020
:100d24000c690200a908b180b4690200b0b0a880bf
:100d3400bc6b020001000000606c0200b0ab0480d8
:100d4400046d0200b0b0aa80a86d0200b0ac0d80a2
:100d5400f86e0200b0aa0780986f0200b0aa138050
:100d640038700200b0ab0880d8700200b0ac0180cb
:100d740078710200b0af068018720200b0ac09802e
:100d8400b8720200b0ab0a80587302000100000080
:100d9400f87302000100000030790200a93f0280cc
:100da4005c7c0200b0a90280f47c0200b0ac01803b
:100db4008c7d020001000000247e0200b0aa09809c
:100dc400bc7e0200ab08b180547f0200b0ad0c8041
:100dd400ec7f02000100000024810200b0ad048019
:100de400bc810200b0b0aa8054820200b0a8018085
:100df400ec8202009cf8ff7fe4870200b0ad04801f
:100e040078880200b0aa0180a8890200b0ac0180f1
:100e14003c8a0200b0ab0280d08a0200b0ab0a80e8
:100e2400648b0200a908b180f88b0200b0ab028089
:100e34008c8c0200b0ab0c802c900200b0ab048010
:100e440054910200ab08b180e4910200b0ac05807b
:100e540074920200b0ab068004930200b0b0aa8082
:100e640094930200a908b18024940200b0ab0c80d2
:100e7400b4940200b0a902809c9a0200ac03b28030
:100e8400289b0200b0aa0380b49b0200b0ab02808e
:100e9400409c0200b0ab0880cc9c0200ad08b1803d
:100ea400589d0200b0a90280e49d0200b0b0ac805d
:100eb400709e0200b0ab0280b8a00200b0ac0f80fc
:100ec40040a10200b0a80180c8a10200b0b0aa806d
:100ed40050a20200b0b0aa80d8a20200b0ac058033
:100ee40060a30200b0b0a880d8a70200b0b0ac8064
:100ef4005ca8020001000000e0a80200b0aa0b8078
:100f040064a90200b0ab0480e8a90200b0a904807f
:100f14006caa0200b0ab1680c0ae0200b0b0aa80ca
:100f240040af0200b0b0aa80c0af0200b0b0aa8047
:100f340040b00200b0b0aa80c0b00200b0b0ac8033
:100f440040b10200b0ac0f80c0b10200b0ab12805f
:100f540040b20200ab08b180c0b20200b0aa058062
:100f640040b30200b0b0ac80c0b30200b0a90680a8
:100f740040b40200b0aa0180f0b70200b0ab028016
:100f8400f4b80200b0ac058070b90200b0ab0480c4
:100f9400ecb90200ad08b18068ba0200b0b0aa8012
:100fa400e4ba02000100000060bb0200b0b0aa80f5
:100fb400dcbb0200b0ac038058bc0200b0b0ac8013
:100fc400d4bc0200b0ab068050bd0200b0af0680b6
:100fd400ccbd0200b0b0ac8048be0200ab08b1800a
:100fe400c4be0200b0ae018040bf0200b0b0a88011
:100ff40060c4020001000000d8c40200b0a902804d
:1010040050c50200b0a80180c8c50200b0ac018080
:1010140040c60200b0ab0280b8ca0200b0aa078082
:101024002ccb0200b0b0ac80a0cb0200ab08b180e6
:1010340014cc0200b0ac0b8088cc0200b0ac0780aa
:10104400fccc0200b0ab148070cd0200b0aa0f80bb
:10105400e4cd0200b0aa038058ce020001000000d3
:10106400ccce0200b0ab068040cf0200b0ad06800b
:10107400b4cf0200ab08b18090d20200b0b0ac8013
:1010840000d30200b0a9028070d30200b0ab02808a
:10109400e0d30200ab08b18050d40200b0ab0480ae
:1010a400c0d40200b0a9068030d50200b0ac0180e3
:1010b400a0d50200b0b0aa8010d60200b0aa018068
:1010c40080d60200b0b0ac80f0d60200b0aa038093
:1010d40060d70200b0b0a880d0d70200a908b180c0
:1010e40040d80200a908b18070dc0200b0ab0480d3
:1010f400dcdc0200b0b0aa8048dd0200b0a90280a6
:10110400b4dd0200b0aa078020de0200a908b18085
:101114008cde0200b0b0ac80f8de0200b0b0a88073
:1011240064df0200ab3f0280d0df0200b0ac01807c
:101134003ce00200ad12b280a8e00200b0ac038033
:1011440010e6020001000000eee6020001000000cb
:1011540058e70200ad08b180c0e70200b0aa0b80d6
:1011640028e80200b0ac0d8090e80200b0a910801d
:10117400f8e802000100000060e90200b0b0a880b5
:10118400c8e90200b0ac038030ea0200ad08b180c7
:1011940098ea0200aa3f038000eb0200ab08b1808a
:1011a40068eb0200b0ac018040ec0200b0ac0380fc
:1011b400a8ec0200b0b0aa8010ed0200a908b1802a
:1011c40078ed0200ad08b180e0ed0200a908b1801d
:1011d40048ee0200ab08b18040f50200b0b0a88030
:1011e400a8f50200b0a902800cf60200b0b0a880f5
:1011f40070f60200a908b180d4f6020001000000d4
:1012040038f70200b0b0ac809cf702000100000087
:1012140000f80200ab08b18064f80200010000008d
:10122400c8f80200ab08b1802cf90200b0aa1580fe
:10123400fcf90200b0ab048060fa0200b0ad048097
:10124400c4fa0200b0b0aa80b0fd020001000000a0
:1012540010fe02000100000070fe0200b0b0aa807f
:10126400d0fe0200a908b18030ff0200b0a90280bc
:1012740090ff020001000000f0ff0200b0aa098004
:101284005000030001000000b0000300b0a9148066
:1012940010010300b0a9068070010300b0a9068004
:1012a400d0010300b0ab088030020300b0b0a880c6
:1012b40090020300b0aa0980f0020300b0b0ac8031
:1012c40050030300b0a80380b0030300a908b18051
:1012d40010040300b0ac058070040300b0b0a88013
:1012e400d00403000100000008080300010000000e
:1012f40068080300b0b0aa80c4080300b0b0aa8094
:1013040020090300b0aa05807c090300b0b0ac80ba
:101314003c0a0300b0b0aa80980a0300ac01b28072
:10132400f40a030001000000500b0300b0b0aa80cf
:10133400ac0b0300b0aa0180080c0300b0aa018022
:10134400640c0300b0a90a80e80f0300b0ac11805c
:1013540040100300b0b0aa8098100300b0ac038022
:10136400f0100300b0aa078048110300b0b0aa80af
:10137400a0110300a908b180f8110300a908b180e5
:1013840050120300b0b0a880a8120300a908b180cd
:1013940000130300008402805813030080f1ff7fd0
:1013a400b01303000100000008140300b0aa038076
:1013b40060140300a908b180b8140300b0aa038024
:1013c400101503000084048068150300b0a8018090
:1013d400c0150300b0a9028018160300b0b0aa809b
:1013e400701c0300b0aa0180c81c0300a908b180c6
:1013f4001c1d0300b0b0aa80701d0300a908b180b1
:10140400c41d0300b0a90280181e0300a908b180fe
:101414006c1e0300b0b0aa80c01e0300b0ab0280f3
:1014240000230300b0aa118050230300b0ab028054
:10143400a0230300b0a90280f023030001000000f0
:1014440040240300b0a9068090240300b0ab0680ba
:10145400e0240300ab08b18030250300b0a902806a
:1014640080250300b0b0a880d0250300a908b1806e
:1014740020260300b0aa018070260300b0aa0180d0
:10148400c0260300b0aa118010270300b0ac01806d
:1014940060270300b0a90680b02703000100000004
:1014a40000280300b0a90a8050280300b0b0a88027
:1014b400a028030001000000f0280300b0b0a880b9
:1014c40040290300b0b0aa8090290300b0aa01808b
:1014d400e0290300b0b0a880302a0300a908b18035
:1014e400802a030001000000d02a0300010000004c
:1014f400202b0300a908b180702b0300a908b18038
:10150400c02b0300b0ab0280102c0300b0b0a88045
:10151400602c030064f1ff7f283103000100000008
:101524007c32030001000000c83203000100000007
:101534001433030001000000b43303000100000071
:1015440000340300010000004c340300b0b0ac8050
:1015540098340300b0b0ac80e4340300b0ab028034
:1015640030350300b0b0ac807c350300b0b0aa8045
:10157400c8350300b0aa038014360300010000003c
:1015840060360300ab08b180943c030050f1ff7f48
:10159400303d0300b0b0a880783d03000100000096
:1015a400c03d030001000000083e030001000000ec
:1015b400503e030001000000983e030001000000bb
:1015c400e03e030001000000283f0300b0a90a80a8
:1015d400703f0300a908b180b83f0300a93f02800f
:1015e40000400300d0efff7f48400300b0a92280f1
:1015f4009040030001000000d840030001000000f7
:1016040020410300b0b0a880b8410300b0a8018015
:101614000042030001000000b84a0300b0ab02809e
:10162400fc4a0300b0a90280404b0300b0b0aa807a
:10163400844b0300b0b0aa80c84b03000100000033
:101644000c4c030000840280504c03000100000095
:10165400944c0300b0b0aa80d84c0300b0aa0f8009
:101664001c4d0300b0aa0180604d0300a908b1809d
:10167400a44d0300a908b180e84d0300b0b0aa80ce
:101684002c4e0300a908b180704e0300ab08b18052
:10169400b44e0300b0a90280f84e0300b0b0a88095
:1016a4003c4f0300b0b0aa80804f0300b0b0aa80c2
:1016b40034540300a908b18074540300b0a9048011
:1016c400b4540300af08b1803c550300010000008e
:1016d4007c55030001000000bc550300010000001c
:1016e400fc550300a908b1803c560300b0b0a880a3
:1016f4007c560300b0b0a880bc560300a908b18092
:101704008c570300b0aa0180cc570300b0ab1880fb
:101714000c580300b0aa078094580300b0a80380b3
:10172400d4580300b0aa0380145903000100000038
:1017340054590300b0b0aa8094590300a908b18099
:10174400d4590300b0ab0280145a0300b0aa03803a
:10175400545a0300a908b180945a0300f0eeff7fa5
:10176400d45a030001000000145b0300b0a90280f6
:10177400545b0300b0b0a880945b0300b0a803805e
:10178400d45b030001000000145c0300b0ab0280d2
:1017940044600300010000008460030010efff7f39
:1017a4004c610300b0b0aa8088610300a908b1802d
:1017b400c4610300b0b0aa8000620300b0b0a88086
:1017c4003c620300b0ab04807862030001000000b7
:1017d400b4620300b0a90680f0620300a908b180d6
:1017e4002c63030001000000686303000100000093
:1017f400a4630300a908b180e0630300a908b180d1
:101804001c640300a908b18058640300b0b0a88028
:1018140094640300b0b0aa80d06403000100000007
:101824000c650300a908b18048650300b0b0aa8024
:1018340084650300ab08b180c0650300b0b0aa8022
:10184400fc650300b0b0aa8038660300a908b18023
:1018540074660300b0ab0c80b0660300b0ab0c80c0
:10186400ec660300b0ae038028670300b0a80980cb
:1018740064670300b0b0a880346d0300b0b0a880e2
:10188400786e0300b0b0aa80b06e0300b0b0aa8036
:10189400e86e030001000000206f0300ab08b18074
:1018a400586f0300a908b180906f03000100000085
:1018b400c86f0300a908b18000700300b0b0a8800d
:1018c40038700300b0a8098070700300b0b0a8801d
:1018d400a8700300b0b0a880e0700300010000000d
:1018e40018710300b0b0a88050710300b0b0a88094
:1018f40088710300b0b0aa80c0710300b0b0a880a2
:10190400f8710300b0ab108030720300b0a91280ec
:1019140068720300a908b180a072030001000000ee
:10192400d8720300b0b0aa8010730300b0a902807b
:1019340048730300b0b0a88080730300a908b18085
:10194400b8730300a908b180f0730300ab06b2803a
:1019540028740300b0ab028060740300ab08b1804c
:1019640098740300010000008c7b0300b0a8018080
:10197400c07b030001000000f47b0300ab08b180ce
:10198400287c0300b0ab04805c7c0300b0ab048013
:10199400907c030001000000c47c030001000000ef
:1019a400f87c0300010000002c7d0300010000000e
:1019b400607d030001000000947d0300010000002d
:1019c400c87d0300b0b0aa80fc7d0300a93f02805b
:1019d4006c7e0300a908b180a07e0300b0a801803a
:1019e400d47e0300b0b0aa80087f0300b0a90280af
:1019f4003c7f0300b0b0aa80707f0300b0a91080c0
:101a0400a47f0300b0b0aa80d87f0300a908b180e6
:101a14000c800300b0a9028040800300a908b180b3
:101a240074800300b0a80180a8800300a908b180d5
:101a3400dc800300b0a906801081030001000000cf
:101a4400448103000084068078810300b0aa0180e9
:101a5400ac810300b0b0aa80e08103000100000063
:101a640014820300b0a90280488203000100000030
:101a74007c820300a908b180b0820300b0a902806f
:101a8400e4820300a908b18018830300b0b0a880e1
:101a94004c8303000100000080830300b0b0a880e1
:101aa400b4830300b0b0a880008a030001000000e2
:101ab400328a030001000000648a03000100000070
:101ac400968a030001000000c88a03000100000098
:101ad400fc8a0300b0a904802c8b030001000000e1
:101ae4005c8b0300b0aa01808c8b0300b0b0aa8089
:101af400bc8b0300b0b0aa80ec8b03000100000093
:101b04001c8c0300010000004c8c03000100000049
:101b14007c8c030001000000ac8c03000100000079
:101b2400dc8c0300010000000c8d0300b0b0aa801f
:101b34003c8d0300b0b0a8806c8d0300b0b0aa80c7
:101b44009c8d030001000000cc8d0300b0aa0f801f
:101b5400fc8d0300010000002c8e0300b0b0aa80ad
:101b64005c8e0300b0b0a8808c8e0300b0a9028004
:101b7400bc8e030000840280ec8e03000100000090
:101b84001c8f0300b0a801804c8f0300b0b0aa8062
:101b94007c8f0300b0a90480ac8f0300b0b0aa808e
:101ba400dc8f0300b0b0a8800c900300a908b180ba
:101bb4003c900300a908b1806c900300b0ab028094
:101bc4009c90030001000000cc900300ab08b1809e
:101bd4004494030001000000749403000100000019
:101be4008095030001000000ac9503000100000093
:101bf400d8950300ab08b1800496030001000000ef
:101c040030960300a908b1805c960300010000002f
:101c140088960300ab08b180b4960300b0b0aa80e4
:101c2400e0960300b0b0a8800c9703000100000008
:101c340038970300b0b0a880649703000100000047
:101c440090970300b0b0a880bc970300a908b180a6
:101c5400e8970300a908b18014980300b0a9048090
:101c640040980300b0a803806c980300b0aa0f80ca
:101c74009898030001000000c4980300a908b180eb
:101c8400f0980300b0a803801c9903000100000031
:101c940048990300b0a80380749903000100000070
:101ca400a099030001000000cc990300010000008a
:101cb400f8990300b0b0aa80249a0300b0a9068062
:101cc400509a0300b0a906807c9a0300ab08b18047
:101cd400a89a0300b0a80380d49a0300b0aa018094
:101ce400009b0300b0b0a8802c9b0300b0a8038025
:101cf400589b0300b0b0a880849b0300010000003f
:101d0400b09b0300a908b180dc9b0300b0a9048048
:101d1400089c0300b0b0a880349c030001000000bc
:101d2400609c0300a908b1806ca1030001000000bd
:101d340098a10300b0b0aa80c4a10300b0aa038094
:101d4400f0a103000100000048a30300010000000b
:101d5400d4a30300a908b180fca30300b0b0aa80f7
:101d640024a40300a908b1804ca40300a908b180ed
:101d740074a40300010000009ca4030001000000ff
:101d8400c4a40300a908b180eca40300010000006e
:101d940014a50300ab08b1803ca50300b0b0aa8031
:101da40064a50300a908b1808ca50300010000000c
:101db400b4a50300b0b0a880dca50300b0b0a8802f
:101dc40004a60300010000002ca60300b0b0a88004
:101dd40054a60300a83f01807ca60300a908b18093
:101de400a4a60300b0b0a880cca60300b0b0a8801d
:101df400f4a60300a908b1801ca70300a908b180b8
:101e040044a70300010000006ca70300b0b0a88041
:101e140094a70300b0b0a880bca70300b0b0aa8008
:101e2400e4a70300b0b0aa800ca8030001000000de
:101e340034a80300a908b1805ca80300b0a80180fd
:101e440084a80300b0a80180aca80300b0b0aa80a5
:101e5400d4a80300b0a90280fca80300010000007c
:101e640024a90300a908b1804ca90300b0b0a8803c
:101e7400a4a90300b0aa0180cca9030001000000ba
:101e8400f4a90300b0b0a8801caa0300b0a8018084
:101e940044aa0300a908b1806caa03000100000051
:101ea40094aa0300b0a90280a4ae030000840280b7
:101eb400c8ae0300b0b0aa80ecae0300b0a90280a3
:101ec40010af0300b0b0aa8034af0300b0b0a88054
:101ed40058af0300b0b0a8807caf0300b0aa038061
:101ee400a0af030001000000c4af0300a908b18043
:101ef400e8af0300a908b1800cb00300a908b180c1
:101f040030b003000100000054b00300a908b18000
:101f140078b00300010000009cb003000100000041
:101f2400c0b00300b0b0ac80e4b003000100000016
:101f340008b10300b0a910802cb10300b0b0a88090
:101f440050b10300b0b0a88074b1030001000000d8
:101f540098b10300b0b0a880bcb10300a908b18057
:101f6400e0b103000100000004b20300010000001e
:101f740028b20300008402804cb20300b0b0aa80ef
:101f840070b20300b0a8018094b203000084028000
:101f9400b8b20300b0b0aa80dcb20300b0b0aa802b
:101fa40000b30300b0a9048024b30300b0b0aa8036
:101fb40048b30300b0a906806cb30300a908b1803c
:101fc40090b3030001000000b4b30300b0b0a880d4
:101fd400d8b3030001000000fcb30300b0a80580df
:101fe4006cb8030001000000e8b80300b0b0ac8096
:101ff4000ab9030001000000a8b9030001000000b1
:10200400c8b9030001000000e8b90300a908b180c1
:1020140008ba03000100000028ba03000100000010
:1020240048ba03000100000068ba03000100000080
:1020340088ba030001000000a8ba030001000000f0
:10204400c8ba0300a908b180e8ba0300010000007f
:1020540008bb03000100000028bb030001000000ce
:1020640048bb03000100000068bb0300010000003e
:1020740088bb0300b0a80180a8bb030001000000d6
:10208400c8bb030001000000e8bb0300010000001e
:1020940008bc03000100000028bc0300010000008c
:1020a40048bc03000100000068bc0300b0b0a88075
:1020b40088bc0300b0a80180a8bc03000100000094
:1020c400c8bc0300b0b0a880e8bc0300b0a8058079
:1020d40008bd03000100000028bd0300010000004a
:1020e40048bd03000100000068bd0300b0b0a88033
:1020f40088bd030001000000a8bd0300010000002a
:10210400c8bd030001000000e8bd03000100000099
:1021140008be03000100000028be0300b0aa01802d
:1021240048be0300a908b18068be0300b0a90280bc
:1021340088be0300b0a80180a8be0300b0b0a88088
:10214400c8be0300b0b0a880e8be0300b0b0a88049
:1021540008bf0300b0b0a88028bf0300010000003e
:1021640048bf03000100000068bf0300a908b18054
:1021740088bf030001000000a8bf0300b0a90280cb
:10218400c8bf0300b0a90280e8bf0300010000003b
:1021940008c00300a908b18028c0030001000000a2
:1021a40048c003000100000068c0030001000000f3
:1021b40070c4030001000000b8c403002ce5ff7fd5
:1021c40020c50300b0a904803cc50300b0a8018069
:1021d40058c50300b0b0aa8074c50300b0b0a8808d
:1021e40090c50300e8e1ff7facc50300b0b0a88050
:1021f400c8c5030001000000e4c50300010000009d
:1022040000c60300b0a904801cc60300b0a9048062
:1022140038c60300b0a9048054c60300b0b0aa8035
:1022240070c60300008404808cc60300dce1ff7fd9
:10223400a8c6030001000000c4c60300010000009a
:10224400e0c6030001000000fcc60300010000001a
:1022540018c70300b0b0a88034c703000100000011
:1022640050c70300010000006cc703000100000018
:1022740088c7030001000000a4c7030088e2ff7fb1
:10228400c0c7030001000000dcc703000100000018
:10229400f8c703000100000014c80300a93f02802e
:1022a40030c80300a83f01804cc80300a93f028046
:1022b40068c80300b0b0a88084c80300b0a8018037
:1022c400a0c8030001000000bcc80300a908b18035
:1022d400d8c8030001000000f4c803000100000096
:1022e40010c90300010000002cc903000100000014
:1022f40048c903000100000064c90300b0b0a8800d
:1023040080c90300010000009cc903000100000013
:10231400b8c90300b0b0a880d4c90300b0b0a88085
:10232400f0c90300b0b0a8800cca0300b0b0a88004
:1023340028ca0300b0b0a88044ca0300b0b0a88083
:1023440060ca0300b0b0a8807cca0300b0b0a88003
:1023540098ca0300b0b0a880b4ca0300010000000a
:10236400d0ca0300b0b0a88000cf03000100000071
:10237400a0cf030001000000b8cf03000084028056
:10238400d0cf030001000000e8cf0300b0b0a88064
:1023940000d00300b0b0aa8018d00300a908b1800f
:1023a40030d00300b0a8038048d003000084048028
:1023b40060d00300b0a9028078d003001ce0ff7f46
:1023c40090d0030020e0ff7fa8d0030001000000ac
:1023d400c0d0030001000000d8d0030014e0ff7f48
:1023e400f0d003000100000008d103000100000048
:1023f40020d103000100000038d1030001000000d7
:1024040050d10300b0b0a88068d10300b0b0a88058
:1024140080d10300a908b18098d103000100000015
:10242400b0d10300a908b180c8d1030001000000a5
:10243400e0d1030001000000f8d103000100000016
:1024440010d20300b0b0a88028d20300b0b0aa8094
:1024540040d20300b0b0a88058d2030001000000ad
:1024640070d20300ace0ff7f88d20300b0b0a88034
:10247400a0d20300b0b0a880b8d20300b0a80180f5
:10248400d0d2030001000000e8d2030001000000e4
:1024940000d30300b0b0a88018d30300b0a904800f
:1024a40030d303000100000048d303000100000002
:1024b40060d303000100000078d303000100000092
:1024c40090d3030000840280a8d30300b0b0a88096
:1024d400c0d3030001000000d8d30300b0a80380d8
:1024e400f0d30300b0aa038008d40300b0a902808b
:1024f40020d403000100000038d40300b0b0a88049
:1025040050d4030030e1ff7f68d40300a908b180f0
:1025140080d40300b0b0aa8098d403000100000066
:10252400b0d4030001000000c8d40300010000007f
:10253400e0d40300b0b0a880f8d403000100000088
:1025440010d503000100000028d503000084028098
:1025540040d50300b0b0a88058d5030001000000a6
:1025640070d50300b0a8078088d50300a908b180fe
:10257400a0d5030001000000b8d50300010000004d
:1025840030db03000100000048db0300b0b0aa8088
:10259400a0db03000100000028dc030000840280ab
:1025a4003cdc0300b0b0a88050dc0300b0b0a880cd
:1025b40064dc03000100000078dc0300b0b0a880f4
:1025c4008cdc0300b0b0a880a0dc03000100000094
:1025d400b4dc0300b0a80180c8dc0300b0b0aa805a
:1025e400dcdc030001000000f0dc0300b0a8038081
:1025f40004dd03000100000018dd030000deff7f9e
:102604002cdd03000100000040dd03000100000098
:1026140054dd03000100000068dd03000100000038
:102624007cdd03000100000090dd030001000000d8
:10263400a4dd030001000000b8dd03000100000078
:10264400ccdd0300b0b0a880e0dd0300b0b0a8800a
:10265400f4dd0300b0b0a88008de0300b0b0a880a9
:102664001cde0300b0a8038030de0300010000007c
:1026740044de03000100000058de030001000000f6
:102684006cde03000100000080de03000100000096
:10269400b0de0300b0b0a880c4de03000100000077
:1026a400d8de03000100000008df03000100000081
:1026b4001cdf03000100000030df03000100000004
:1026c40044df0300b0b0a88058df0300a908b1803c
:1026d4006cdf0300a908b18080df0300008402805e
:1026e40094df0300b0b0a880a8df0300b0b0a880d6
:1026f400bcdf030001000000d0df03000100000084
:10270400e4df030001000000f8df03000100000023
:102714000ce003000100000020e0030001000000c1
:1027240034e003000100000048e003000100000061
:102734005ce00300b0b0a88070e00300010000007a
:1027440084e003000100000098e00300f4deff7f52
:10275400ace0030001000000c0e003000100000041
:10276400d4e00300b0a80380e8e00300b0a803802d
:10277400fce003000100000010e103000100000080
:1027840024e103000100000038e10300010000001f
:102794004ce1030001000000dce50300010000003f
:1027a400ece5030000840280fce50300b0b0a880df
:1027b4000ce603000cdcff7f1ce60300b0b0a8802d
:1027c4002ce60300010000003ce60300a908b180e8
:1027d4004ce60300b0b0a8805ce6030000840280ed
:1027e4006ce60300b0a801807ce60300b0a8018079
:1027f4008ce6030001000000b4e6030001000000c1
:10280400c4e6030001000000d4e603000100000058
:10281400e4e6030001000000f4e603000100000008
:1028240004e703000100000014e70300b0b0a8802f
:1028340024e703000100000034e703000100000066
:102844005ce70300010000006ce7030001000000e6
:1028540094e70300b0b0a880a4e7030018dcff7f6e
:10286400b4e7030001000000c4e70300b0b0a8808f
:10287400d4e7030001000000e4e70300a908b180e5
:10288400f4e703000100000004e803000100000075
:1028940014e803000100000024e803000100000024
:1028a40034e803000100000044e8030001000000d4
:1028b40054e803000100000064e80300a908b180a3
:1028c40074e803000100000084e803000100000034
:1028d40094e80300a908b180bce8030000840280e6
:1028e400cce8030001000000dce803000100000064
:1028f400ece8030001000000fce80300b0b0a8808d
:1029040024e903000100000034e90300b0b0a8800a
:1029140044e903000100000054e903000100000041
:1029240064e903000100000074e90300b0b0a8806a
:1029340084e903000100000094e9030001000000a1
:10294400a4e9030001000000b4e90300b0b0a880ca
:10295400c4e9030001000000d4e903000100000001
:10296400e4e90300b0a80380f4e9030000840280d2
:1029740004ea0300b0b0a88014ea030001000000d8
:1029840024ea0300e8dcff7f34ea0300b0b0a88047
:1029940044ea03000100000054ea030001000000bf
:1029a40064ea03000100000074ea0300010000006f
:1029b400cced030000840480dced03000100000082
:1029c400a0ee030001000000acee0300b0b0a8804c
:1029d400b8ee0300e0d9ff7fc4ee0300b0b0a880d6
:1029e400d0ee030001000000dcee03000100000053
:1029f400e8ee030001000000f4ee0300b0a8038039
:102a040000ef0300b0b0a8800cef0300b0b0a880c2
:102a140018ef03000100000024ef03000100000090
:102a240030ef0300010000003cef03000100000050
:102a340048ef03000100000054ef03000100000010
:102a440060ef0300010000006cef030001000000d0
:102a540078ef03000100000084ef03000100000090
:102a640090ef0300010000009cef03000100000050
:102a7400bcef030001000000c8ef0300b0b0a88061
:102a8400d4ef030001000000e0ef030001000000a8
:102a9400ecef0300b0b0a880f8ef030001000000e1
:102aa40004f003000100000010f00300b0b0a8809f
:102ab4001cf003000100000028f0030001000000e6
:102ac40034f003000100000040f0030001000000a6
:102ad4004cf003000100000058f003000100000066
:102ae40064f003000100000070f003000100000026
:102af4007cf003000100000088f0030001000000e6
:102b040094f0030001000000a0f0030001000000a5
:102b1400acf0030001000000b8f00300b0b0a880de
:102b2400c4f0030001000000d0f00300b0b0a8809e
:102b3400dcf0030001000000e8f0030001000000e5
:102b4400f4f003000100000000f1030001000000a4
:102b54000cf103000100000018f103000100000063
:102b640024f103000100000030f10300b0b0a8809c
:102b74003cf103000100000048f1030001000000e3
:102b840050f50300010000005cf5030001000000a3
:102b940068f503000100000074f503000100000063
:102ba4002cf6030004d8ff7f34f603000100000074
:102bb4003cf603000100000044f60300010000009d
:102bc4004cf603000100000054f60300010000006d
:102bd4005cf603000100000064f60300010000003d
:102be4006cf603000100000074f60300010000000d
:102bf4007cf603000100000084f6030001000000dd
:102c04008cf603000100000094f6030001000000ac
:102c14009cf6030001000000a4f60300010000007c
:102c2400acf6030008d8ff7fb4f603000cd8ff7f8e
:102c3400bcf6030010d8ff7fc4f603002cd8ff7f36
:102c4400ccf603003cd8ff7fd4f6030058d8ff7fae
:102c5400dcf6030001000000e4f6030001000000bc
:102c6400ecf6030001000000f4f60300010000008c
:102c7400fcf603000100000004f70300010000005b
:102c84000cf703000100000014f70300010000002a
:102c94001cf703000100000024f7030001000000fa
:102ca4002cf703000100000034f7030001000000ca
:102cb4003cf703000100000044f70300010000009a
:102cc4004cf703000100000054f70300010000006a
:102cd4005cf703000100000064f7030030d9ff7fb4
:102ce4006cf703000100000074f70300010000000a
:102cf4007cf703000100000084f7030001000000da
:102d04008cf703000100000094f7030001000000a9
:102d14009cf7030001000000a4f703000100000079
:102d2400bcf7030001000000c4f703000100000029
:102d3400ccf7030001000000d4f7030001000000f9
:102d4400dcf9030001000000e4f9030001000000c5
:102d54001afa0300010000007cfa030001000000dd
:102d640080fa03000100000090fa03000100000053
:102d740094fa03000100000098fa03000100000027
:102d84009cfa030001000000a0fa03000100000007
:102d9400a4fa030001000000a8fa030001000000e7
:102da400acfa030001000000b0fa030001000000c7
:102db400b4fa030001000000b8fa030001000000a7
:102dc400bcfa030001000000c0fa03000100000087
:102dd400c4fa030001000000c8fa03000100000067
:102de400ccfa030001000000d0fa03000100000047
:102df400d4fa030001000000d8fa03000100000027
:102e0400dcfa030010d6ff7fe0fa030014d6ff7f3c
:102e1400e4fa03003cd6ff7fe8fa030040d6ff7fc4
:102e2400ecfa030068d6ff7ff0fa03006cd6ff7f4c
:102e3400f4fa030001000000f8fa030001000000a6
:102e4400fcfa03000100000000fb03000100000085
:102e540004fb03000100000008fb03000100000064
:102e64000cfb03000100000010fb03000100000044
:102e740014fb03000100000018fb03000100000024
:102e84001cfb03000100000020fb03000100000004
:102e940024fb03000100000028fb030001000000e4
:102ea4002cfb03000100000030fb030001000000c4
:102eb40034fb03000100000038fb030001000000a4
:102ec4003cfb03000100000040fb03000100000084
:102ed40044fb03000100000048fb03000100000064
:102ee4004cfb03000100000050fb03000100000044
:102ef40054fb03000100000058fb03000100000024
:102f04005cfb03000100000060fb03000100000003
:102f140064fb03000100000068fb030001000000e3
:102f24006cfb03000100000070fb030001000000c3
:102f340074fb03000100000078fb030001000000a3
:102f44007cfb03000100000080fb03000100000083
:102f540084fb03000100000088fb03000100000063
:102f64008cfb03000100000090fb03000100000043
:102f740094fb03000100000098fb03000100000023
:102f84009cfb030001000000a0fb03000100000003
:102f9400a4fb030001000000a8fb030001000000e3
:102fa400acfb030001000000b0fb030001000000c3
:102fb400b4fb030001000000b8fb030001000000a3
:102fc400bcfb030001000000c0fb03000100000083
:102fd400c4fb03008cd6ff7fc8fb03000100000084
:102fe400ccfb030001000000d0fb03000100000043
:102ff400d4fb030001000000d8fb03000100000023
:10300400dcfb030001000000e0fb03000100000002
:10301400e4fb030001000000e8fb030001000000e2
:1030240068fe0300010000008efe030001000000a2
:1030340090fe0300ecd6ff7f94fe03000100000025
:1030440094fe03000100000094fe03000100000050
:1030540094fe03000100000094fe03000100000040
:1030640094fe03000100000094fe03000100000030
:1030740094fe03000100000094fe03000100000020
:1030840094fe0300010000009cfe03000100000008
:10309400a4fe030001000000a4fe030001000000e0
:1030a400a4fe030001000000a4fe030001000000d0
:1030b400a4fe030001000000a4fe030001000000c0
:1030c400a4fe030001000000a4fe030001000000b0
:1030d400acfe030001000000acfe03000100000090
:1030e400acfe030001000000acfe03000100000080
:1030f400acfe030001000000acfe03000100000070
:10310400acfe030001000000acfe0300010000005f
:10311400acfe030001000000acfe0300010000004f
:10312400acfe030001000000acfe0300010000003f
:10313400acfe030001000000acfe0300010000002f
:10314400acfe030001000000acfe0300010000001f
:10315400acfe030001000000acfe0300010000000f
:10316400acfe030001000000acfe030001000000ff
:10317400bc000400a0d5ff7fbc00040001000000d7
:10318400bc00040001000000bc00040001000000b9
:103194002c010400010000002801040001000000cb
:1031a40024010400010000002001040001000000cb
:1031b4001c010400010000001801040001000000cb
:1031c40014010400010000001001040001000000cb
:1031d4000c010400010000000801040001000000cb
:1031e40004010400010000000001040001000000cb
:1031f400fc00040001000000f800040001000000cd
:10320400f400040001000000f000040001000000cc
:10321400ec00040001000000ec00040001000000c8
:10322400e800040001000000e400040001000000c4
:10323400e000040001000000dc00040001000000c4
:10324400d800040001000000d400040001000000c4
:10325400d000040001000000cc00040001000000c4
:10326400c800040001000000c400040001000000c4
:10327400c000040001000000bc00040001000000c4
:10328400b800040001000000b400040001000000c4
:10329400b000040001000000ac00040001000000c4
:1032a400a800040001000000a400040001000000c4
:1032b400a000040001000000a000040001000000c0
:1032c4009c000400010000009800040001000000bc
:1032d40094000400010000009000040001000000bc
:1032e4008c000400010000008800040001000000bc
:1032f40084000400010000008000040001000000bc
:103304007c000400010000007c00040001000000b7
:1033140058010400010000005401040001000000f1
:1033240050010400010000004c01040001000000f1
:020000040000fa
:020000040100f9
:103334002de9f04f4568adb00446112d00f2268307
:10334400dfe815f0f0003d00f60009020d025e0210
:10335400aa02cc02d0025600e400e800ec004e00c1
:1033640052004700240342000521204617f09cfb2d
:10337400002840f02f83236e1b78162b204640f044
:10338400b48423685b79012b40f04983e36d197899
:103394001a46002940f014835e78002e40f0108312
:1033a40052f8023fc4f8d6309388a4f8da3029f0f2
:1033b40081fe002800f03083c4f88460e667d4f806
:1033c400a030002bd7d1cfe7584d28462db0bde80b
:1033d400f08f2ff06dfb002528462db0bde8f08f4f
:1033e4001ff0d6fa0546f0e70f2343600025ece70b
:1033f400836bdb689b7a013bdbb2092b00f2c8824a
:10340400012202fa03f340f20f32134200f0c082a9
:10341400436b1b6e002b00f0bb8200213ef040fd8d
:1034240005460028d1d16368626f0133162a6360b0
:1034340040f05b84e36e1a780f2a40f056842268c9
:10344400a76b5179d4f89820012915bf06250e25bc
:103454004ff0040a4ff00c0aaa4207f50377c0f0b4
:10346400d98213f80a003ef085fc8046002800f05b
:10347400a782e36e204613f80a103df0e7ff002808
:1034840040f09e82e36e5344b8f1050f58780cbfa8
:103494000df150090df140093ff0e8fb0146002809
:1034a40000f08e8238463ff059f8002800f08882f8
:1034b400d4f898300af1040a9a4500f2ab82e26e1d
:1034c400565b76bab6b20aeb0602934240f0a28289
:1034d400a36b0faa5b6910a92046984705460028ec
:1034e4007ff473afe36e019603eb0a064a46034684
:1034f4004146384600963ef015f8054600287ff40c
:1035040064af20462cf010ff05465ee724f038ff38
:1035140005465ae720f028ff054656e73cf038fcfc
:10352400054652e7012343604fe700bf8095ffff44
:103534000368d0f8c4605f790289012f06f104039f
:1035440005d1816b91f85d12002940f085843946dc
:10355400184639f0f7fa2368b71dd3e906503946ff
:103564000422a847054600287ff42faf23681422bd
:10357400d3e9065006f10a01a847054600287ff45e
:1035840024af23680822d3e9065006f11e01a84798
:10359400054600287ff419afa36bd6f80600d6f8c9
:1035a4000a10d6f80e20d6f81250c3f8e452c3f825
:1035b400d802c3f8dc12c3f8e022d6f81600d6f815
:1035c4001a10d6f81e20d6f82250c3f8f452c3f8c5
:1035d400e802c3f8ec12c3f8f022a36b1b78012baa
:1035e40000f06485656bea68dab12268126ac2b1d8
:1035f4000df1400840463ff035fd2368ea681f6a34
:10360400986a05f110014346b847074620b9aa68ed
:10361400129b9a4200f0dc8640463af085fea36b8a
:103624001b78002b40f042856368616b206820257d
:10363400013363602a46cd60d0e9063010319847e3
:10364400054600287ff4c1ae636bdb6886f826303c
:10365400616b06f12703ca68184610313df052fb2e
:10366400616b0a89c96852ba471842520025bd7075
:10367400d4f8ec30012b07f1030800f02285022274
:10368400636b197808eb020961b14ff0012348f824
:103694000230636b1b7889f80430636b05f107090a
:1036a400c1440535986839f0b3ff98b13cf0d0fbbc
:1036b40080b1a36b5b7813f0010307d0c14bc9f849
:1036c40000304ff00103a9f8043006231d4405f12e
:1036d4000209c144a36bdb689b7a0b2b25d1d4f878
:1036e400c43003f56173a3eb0902032a1ddd4a46c6
:1036f4004ff0010122f8021b2168d4f838c0c869d0
:1037040001909a1a8b690093023a0cf1f40010ab01
:1037140009f104011af0def838b9109abdf8403006
:1037240004325bba1544a9f8023025b16bba0235ec
:10373400a7f80330a844d4f8c4301620022101228b
:10374400a8eb0606c4e9320619702046114612f0a9
:1037540085ff054639e61af0a5fb054635e6806b7c
:10376400c668b37a5a1ed2b20025092a0e9540f2d1
:103774001381d4f8c420d4f8b070d71bc7f56c7784
:1037840004210b2b07f10107c4f8cc1000f0d482fc
:10379400082b00f2238101229a4012f48c7f00f05e
:1037a4001d81a36b996cd3f8f851002900f0918521
:1037b40000231093002d00f093850888b5f800c00d
:1037c400002800f00981bcf1000f00f0198684453f
:1037d40000f0a1842a4602e0834200f09c8432f87f
:1037e400023f002bf8d131f8020f0028ebd11088ea
:1037f400002840f09084744d0023c4f8cc30e4e5f4
:10380400836bd0f8c450db68062242609b7a013b8c
:10381400dbb2092b3ff6dfad012202fa03f340f2db
:103824000f3213423ff4d7ad03689b79002b3ff46a
:10383400d2ad44f20103ab80836b0268ae1d1bb1b1
:10384400197a012900f06685d76d002f00f01f86d4
:1038540039884ff0000931b900f09cbd37f8021fd8
:10386400002900f08282090a20463df0effd40f273
:1038740003330028f2d122899a42efd13a88130afd
:10388400033b012bd1b2e9d80329e7d109f102099d
:1038940052ba26f80920e1e7d0f8c4300e220420f9
:1038a4001621c4e932101a70d4e90023013363608d
:1038b4005379012b7bd001221146204612f0cefe13
:1038c400054600287ff481ad23685b79012b7ff4e2
:1038d40082ad204613f080fb054676e50bf0fefb37
:1038e400054672e5836b0121df683ef0d9fa05468f
:1038f40000287ff46aad2368e06e5a79636fd4f8c8
:103904009850012a14bf04220c228118162b1091fe
:1039140040f0eb810378102b40f0e781bb7ade1e88
:10392400012e61d9a3f10906012e5dd9052b00eb07
:10393400050600f0d884082b00f001850b2b40f01d
:103944008885a06baa1af43023f0fefb002840f00f
:1039540080852368a06bda6901929b69009300f566
:103964003e7100f54f732022f4302cf0fdfb054628
:1039740000287ff42aad20460ef08efe054600286e
:103984007ff423ad6368013363601ee50f4d1ce5ce
:103994000a236360002518e5012101fa02f240f2ce
:1039a40051310a4200f08181052363600de5204610
:1039b40038f01ef97fe748462f22022135f09cfba0
:1039c400034d02e5000b00020092ffff008fffff92
:1039d400009affff0546f8e4604609e7023b022b24
:1039e40000f23781c24d07e7a06baa1a503037f0b6
:1039f40089f978b92368a06bda6901929b6900930d
:103a040000f53e7200f54f712023503027f038fd49
:103a14000028b0d0b74dd8e4204620f02dfa626ecd
:103a2400d4f8a03017887fbabfb2002b00f06681ab
:103a34000023c4f8a030e66ea36b31461b693a46f6
:103a4400204698470028c5d123685979012914bf15
:103a540004220c229742ddd33378012b40f04581b8
:103a6400707896f802e096f803c0030443ea0e2344
:103a740043ea0c030028cdd113449f42cad1012943
:103a840000f0e182bf1ab318252f0793c2d9079813
:103a94003bf05efa636b22682081988012799a70f9
:103aa40040f20333984240f0dc84ddf81c80d4f803
:103ab40038e0434653f8026f58689968d3f80cc04d
:103ac400cef8c4c2cef8b862cef8bc02cef8c012aa
:103ad4001e6958699969d3f81cc0cef8d4c2cef8cf
:103ae400c862cef8cc02cef8d01298f82260202e0c
:103af40000f2ac8106f124084745c0f0a781606b51
:103b04002022c660002110303ef014fb606b079b3e
:103b1400c26803f1230110303df0f4f82368079ada
:103b240093f8059006f12301b9f1010f0a910a44b3
:103b340000f0cf8213885bba99b201290d9140f24b
:103b440085810a9b0b44da1c9742c0f07f81c90728
:103b540000f17c810233079ad25c511e0f2900f2d6
:103b6400758113445a1c9742c0f0708100f222817f
:103b7400a26b40f20323109313620a9b0d9803f186
:103b84000208079b434498466ff001010233a1ebfe
:103b9400080100bf13f8022c22b913f8012cff2ae4
:103ba40000f028840233ca188242f3d3d4f8ec20fc
:103bb4002368012a03d0da79022a00f0b883d3f803
:103bc4008c2032b120469047054600287ff4fdab97
:103bd4002368d3f80c9000221092db7a012b00f0ba
:103be4001284d9f80010002900f0a1830d9b013b39
:103bf40023f0010308eb03079246cb46464605e053
:103c0400be4200f08d83dbf80010023633885bbac5
:103c14009bb28b42f4d110aa20461bf047ff002828
:103c24007ff4d8ae109b002bead06268616b59f820
:103c34002a50a06b8d6001322168c36062604b79a9
:103c4400012b7ff4c8ab204632f012f80025fff7b1
:103c5400bcbbd4f8c4200e9bbbb1d4f8cc101b0a57
:103c6400481cc4f8cc005354d4f8cc30d4f8c42045
:103c74000e99581cc4f8cc00d1540e99d4f8cc3009
:103c8400d4f8c4200b44c4f8cc3016210c23c4f857
:103c9400c810137063680122134463602046114600
:103ca40012f0dcfc0546fff790bbd4f8c420d4f82e
:103cb400b010521ac2f56c7704220137c4f8cc2034
:103cc400062b36d1d4f8cc30d4f8c410581c0022ba
:103cd400c4f8cc00ca54d4f8cc30d4f8c410581c5e
:103ce400c4f8cc00ca54b37a52e5034dfff76dbb58
:103cf4000094ffff008dffff0089ffffb7f5617f90
:103d04003ff65eae23685b79012b0cbf0d210521c4
:103d14003944204616f0c8fe00287ff45bae2368c1
:103d24005b79012b06bf07f10d03c4f88430e0670b
:103d340081e6082bc6d02be523681095d96901913b
:103d44009b690093111df43010ab4ff4607219f0ad
:103d54005bfb0546002840f07382d4f8cc30109aff
:103d64001344c4f8cc30b37aaae799fa99f109f16b
:103d7400040389b209f10809e9802268917a0129ca
:103d8400334400f063820027d4f8c4205b1bc4f8da
:103d9400cc3016210d23c4f8c8101370d4f8c430e5
:103da400012223f809702046114612f057fc0546fb
:103db400fff70bbb03339f4248d3079931f802b096
:103dc4009bfa9bfb1ffa8bfb03eb0b0297423dd143
:103dd400ce18bbf1000f3ff4cbaebbf1030f35d9c6
:103de4007188328849ba89b20b1d52ba9b458a46fa
:103df40092b22bd30020cde90b05a1460b2a00f08b
:103e0400fc8076d9b2f5807f00f0ce804ff6017049
:103e1400824200f0e7800d2a5fd01e44abeb0a0b10
:103e2400bbf1040b00f0a782bbf1030f0dd9b6f868
:103e340002a032889afa9afa1ffa8afa0af104035b
:103e440052ba5b45514692b2d8d94c4620463222ea
:103e5400022135f051f9dde518463946109338f062
:103e640071fe2368109edd6bb21c1092002d00f0d1
:103e7400f08206f10308cdf84080586cd4f8b020e5
:103e8400d4f8e830009302f2b132d4f8e43010a947
:103e9400a847054600287ff498aa109ba3eb0803c3
:103ea400b370d4f8c420109b9b1ac4f8cc301620ed
:103eb40003211123c4f8c800117020463a466360f8
:103ec400394612f0cbfb054600287ff47eaa23680e
:103ed4005b79012b7ff479aafbe4311d1e44324641
:103ee40048461ef005fb00287ff474ad0c9b0b9331
:103ef40094e7012a4cd00a2a8fd10129a5d9b78881
:103f04007fbabfb2ba1c52459fd1fa079dd4d9f8e3
:103f14003820d2f8f821002a7ff44dad7a08551cd8
:103f24000e2d28bf0e2528460221099308923ef043
:103f34000fffdde908230446002800f0a082d9f829
:103f44003810f318b01d08930646c1f8f841efb1d4
:103f5400e2b1cdf82490a946054602e0b9f1010f7b
:103f640012d0b6f8008098fa98f81ffa88f03ef05c
:103f740083fe0236e919234620b123f8028b09f1a6
:103f8400ff391c468e42e9d1ddf82490089e45e7ae
:103f940001297ff410ad3279042a3ff60cadd9f82b
:103fa40034101e440a7039e7d9f838000893f43005
:103fb4003bf08efe089b00287ff42fafd9f8380021
:103fc40008935246f430311d29f032f8089b00283a
:103fd40040f0c881d9f838104a7842f002021e44f1
:103fe4004a701be7012940f037823279002a40f0f9
:103ff4003382c9f8ec101e4410e7d9f8380042782f
:1040040042f00102427000293ff41faf3279541c80
:104014008c427ff41aaff51862b1717901290bd97a
:10402400341d1444721d03e012f8011f012903d941
:10403400a242f9d12e46f1e680f85010f4303ef059
:104044007dfa2e46eae6e36ed4f838c0988840ba82
:1040540080b200f1010ecce9980ed87993f806806d
:1040640093f80ae093f802c093f8099093f801a03a
:10407400000240ea08404fea0e2e93f808804fea07
:104084000c2c4eea094e4cea0a4c93f80b9093f828
:1040940003a050ea08004eea090e4cea0a0302d1d2
:1040a4009e453ff4efacc54dfff78fb90c23636019
:1040b40020460ef0f1fa054600283ff4c5aafff7a2
:1040c40084b9bf4b7d720525c7f80530aa1cfff7dc
:1040d400d7ba079a525c5618f11c8f42fff4b6ae59
:1040e400d3f840a0baf1000f00f04f81586cd4f817
:1040f400e8300093079b03eb0801d4f8e430d04781
:10410400a36b002800f03e8183f85d92079a731c2c
:104114000a931a440ee53ef0affda36b014603f18a
:10412400500031f015fc0546002840f089802368d2
:10413400d4f8cc20d9690191d4f8c410a06b9b6940
:1041440000930df14008c2f5617350300a444146b2
:1041540029f0fefa0546002872d1d4f8cc30ddf8f7
:104164004090d4f8c42003eb0901c4f8cc10b17a10
:10417400023902293ff66fad12eb030a3ff432ac69
:1041840030460f9539f05afa06463df053f9014688
:10419400204636f0d3fdc0b23df0ecfd8346002e40
:1041a4003ff420ac00283ff41daccde90090534609
:1041b4000faa4146204626f0e5f9054600283fd1de
:1041c400d4f8cc50d4f8c4906b1cc4f8cc30584606
:1041d4003df0dafd09f80500d4f8cc50d4f8c490c9
:1041e4006b1c3046c4f8cc303df024f909f80500c6
:1041f400a26b2168002a00f0d680d2f808020028b9
:1042040000f0d1804368002b00f02881d4f8cc3032
:10421400ca69d4f8c45040680492fa1a02332b4491
:10422400961e0ead8a690392cde900360295424688
:1042340059460f9b3af056fe054600283ff409ad57
:1042440015f5ca4f3ff4c1a8fff7d6bad2f890705b
:10425400002f00f0a380fa69002a3ff494adba6cf1
:1042640005f5617b9b451ffa82fafff48cad0af1d8
:104274000200abeb03018842d0463ff684ad002632
:1042840011460be0fa690ab3b96c9b451ffa81f831
:1042940008f10202c24619d3904217d3494a02eaee
:1042a400012242ea1a2223f8022bf96c18464246ec
:1042b4003cf028fd0af1020a0346d7f890715644ef
:1042c4004344abeb0300b6b2002fdbd177babfb2e5
:1042d4005ae52368596e0023109300297ff46aaad3
:1042e400394dfff789ba324610a9204628f024ff39
:1042f400054600287ff469a8109b9e427ff48aab90
:10430400b97a204621f040fc054600283ff433ab3f
:10431400fff75bb8df6c002f7ff49aaafff794ba1b
:104324005bf8041f0af1010a00297ff467ac2046f8
:104334002822022134f0e0fe244dfff746b832462d
:1043440010a9204628f0f8fe054600287ff43da871
:104354001099a06b721a503036f0d4fc0028cfd0dc
:10436400fff758bb07462f22484602213d4634f04a
:10437400c3fefff72ab80b9b4c46002b7ff4fdab22
:10438400fff7f6bb83f85d02c0e6002a3ff4beae39
:10439400fff740bb4ff008090423ede4176d002f2d
:1043a4007ff459aff0e4cb6c002b57d05868002849
:1043b40054d0002a5dd1184628e700bf808fffff44
:1043c400ff01000100ffff0080a1ffff0092ffff3b
:1043d400284639f0a9ff7022414628463cf092fc59
:1043e4007022394640463df0a5fea36b01221a70a7
:1043f400fff712b90123c4f8ec302368fff7dfbbe1
:104404002a46fff7f0b91746d9f8001008eb07055c
:10441400d1b14e464ff0000a05e000bf56f8041f24
:104424000af1010a81b12b885bba9bb28b42f5d1a8
:1044340010aa20461bf03afb00287ff4cbaa109b5d
:10444400002bebd0fff7f1bb0d9b0237bb42dbd84f
:104454006de7104dfef7b9bf4c4668e70e4dfff708
:10446400cbb920464622022134f046fe0b4dfef71e
:10447400acbfd2f80802002808bf1846c6e6484672
:104484005022022134f038fe054dfef79ebf054d43
:10449400fef79bbf0094ffff008affff8091ffffa0
:0844a4000081ffff80a1ffff72
:020000040000fa
:020000040100f9
:1044ac0008b5044b186818b1804780f00100c0b201
:1044bc0008bd00bfd8eb002009b91046704780b189
:1044cc00037883ea122383ea131343ea022282ea73
:1044dc00033282ea431292b200b10130013989b23f
:1044ec00eae7ff23ede72de9f04f85b081460e9efc
:1044fc008a46904606b11e4443449cb247465546f4
:10450c00a74203d1012005b0bde8f08f95b36a46f0
:10451c001023294648460df017fbbdf804209442a1
:10452c0008d9bdf8063013449bb29f4202d29c427c
:10453c0003d91f46bdf80a50e8e79742a4eb0201e5
:10454c0028bfe31b89b234bf0b469bb2a4eb030418
:10455c0032bfbdf80ab04746d346a4b246b11035b7
:10456c002944f61ac91a324689b248460df0ecfabb
:10457c005d46c5e72846c6e72de9f74fd4889688ef
:10458c00dff8588082468b4644f307254ff6ff77b9
:10459c00002d03da384603b0bde8f08f1ad0a4f52d
:1045ac0080741ffa84f94ff48074cdf80080234690
:1045bc00324659465046fff796ff38b13a462146e7
:1045cc004046fff779ff2644b6b20746013d6db26f
:1045dc004c46dde7002cddd0a146e6e7dceb002005
:1045ec0010b5094c94f804010df04cfb4ff400523b
:1045fc00002194f804010df06ffb18b14ff4807397
:10460c00a4f8063110bd00bfd8eb00202de9f04115
:10461c00094c05460e46174613460a46014694f8c1
:10462c0004010df0c7fa3b463246294694f80401c2
:10463c00bde8f0410df09ebbd8eb002003292cd82f
:10464c00dfe801f002091b23184bb3f806211044d4
:10465c00a3f806017047154ab2f80631184480b227
:10466c00c11c4ff6fc730b40984203d90430a2f8de
:10467c0006017047a2f8063170470c4ab2f80631b1
:10468c000f33184420f00f00f1e7084ab2f8063156
:10469c003f33184420f03f00e9e74ff0200383f349
:1046ac001188bff36f8fbff34f8ffee7d8eb00205d
:1046bc004ff0200383f31188bff36f8fbff34f8f3d
:1046cc00fee770b50c4a92f808410023d9b28c422f
:1046dc0001d800200be05d1c9b00d118b1f80961da
:1046ec00864207d1b1f80b2112b10448184470bdb1
:1046fc00fff7deff2b46e9e7d8eb0020e1ec0020ca
:10470c0008b5fff7deff00b1408808bd10b50446c0
:10471c00fff7d7ff40b14ff0200383f31188bff3ad
:10472c006f8fbff34f8ffee7094b93f8080102061a
:10473c0001d5fff7bdff421c83f8082103eb800273
:10474c0003f20913a2f8094103eb800010bd00bf6e
:10475c00d8eb002008b5fff7b4ff08b9fff7a8ffa6
:10476c00064a92f80831013bdbb282f8083102ebc1
:10477c008303d3f80931036008bd00bfd8eb0020d8
:10478c002de9f041244cb4f80a33b4f80c6303441b
:10479c009bb204f20e37ff2b0546a4f80a3307eb45
:1047ac00060004f104080ad82a46414635443cf078
:1047bc00a5fa0126a4f80c533046bde8f081c6f5e5
:1047cc00807241463cf09afa4ff480723946b4f844
:1047dc000601fff71bff06460028edd000214ff421
:1047ec008070fff72bffb4f80a53b4f80c13a5f53f
:1047fc0080750023adb2a4f80c33a4f80a53002d35
:10480c00dad0c1f580712a4618fa81f138463cf0ad
:10481c0075faa4f80c53cfe7d8eb00207fb545f21e
:10482c004143adf806300d4bcde902300c4bc04383
:10483c00b3f80e3404904ff6ff7210210df1060000
:10484c00adf81430fff738fe1222adf8040001a9c0
:10485c000020fff7dbfe07b05df804fb534e763209
:10486c00d8eb00202de9f04f724c94f80471002520
:10487c008fb0122309aa29463846a4f81054a4f87c
:10488c001254a4f80c53a4f80a530df05df90b9bc9
:10489c00039394f804310133dbb2012b94bf84f8f9
:1048ac00043184f8045194f80431bb4208d14ff020
:1048bc00200383f31188bff36f8fbff34f8ffee795
:1048cc00fff78efe0028e4d04ff0000adff870816d
:1048dc0080e004eb8a091023b9f80bb105aa5946fc
:1048ec0038460df031f90026bdf81c50adf81a50c1
:1048fc0005aa59463846adf81860adf81e60adf8fb
:10490c002060fff739fe4ff6ff72adf814000e2150
:10491c0005a8fff7d1fdf022adf82200ff21464893
:10492c003df004fc05ab03cb1035c8f80000c8f80b
:10493c000410b4f80c2303cbb4f80631c8f8080003
:10494c00adb21344b5f5807fc8f80c10a9f80b3143
:10495c0019d8394b00933246bdf81c3059463846ad
:10496c00fff7c1fd50b1b4f80631b4f80c23134471
:10497c00a9f80b312846fff703ff38bb002420466b
:10498c000fb0bde8f08f1023b5f5807f2a4628bf05
:10499c004ff48072a2eb03091ffa89f94344029287
:1049ac00009332464b4659463846fff79cfd00288b
:1049bc00e4d00298fff7e4fe0028dfd0029bed1a4a
:1049cc004e44adb2b6b20023002dddd10af1010385
:1049dc005ffa83fa94f8083153453ff67aafb4f88e
:1049ec000a23fab9b4f80a030021fff727feb4f83a
:1049fc000631a4f80e34039b581efff70fff044634
:104a0c000028bbd002210020fff718fe1222ff2144
:104a1c0009a83df08bfb122309aa002138460df0a2
:104a2c00c9f8ace70549b4f80601fff7effd00281b
:104a3c00d8d1a3e7d8eb0020eceb0020e6ee002069
:104a4c00dceb002008b50a4bb3f80631c3f5005374
:104a5c009bb283420bd2fff705ff40b94ff0200306
:104a6c0083f31188bff36f8fbff34f8ffee708bd41
:104a7c00d8eb00202de9f84f344e0446351d8946fd
:104a8c004ff48072ff2128463df050fbe1884ff631
:104a9c00ff724846fff710fd4ff6ff7220800e2183
:104aac002046fff709fd2346e08103cb7060696067
:104abc0003cba860e960e28802f11007bfb2b9f13c
:104acc00000f07d0b7f5807f17d8494606f11400c0
:104adc003cf014f9e2881e49b6f80601f02a28bf0a
:104aec00f022103292b2fff791fd8046e088103030
:104afc00022180b2fff7a2fd25e04ff0000b102041
:104b0c00b7f5807f3c4628bf4ff48074a4eb000ab5
:104b1c00524609eb0b0128443cf0f0f822460c49b4
:104b2c00b6f80601fff772fd804660b120460221ff
:104b3c003f1bfff783fdbfb20beb0a031ffa83fb8e
:104b4c000020002fdcd14046bde8f88fd8eb0020c8
:104b5c00dceb00202de9f041674c00258eb084f889
:104b6c0008514ff0ff38ff27122304aa00212846d2
:104b7c000cf0eaffdde906637340013326d19df8a2
:104b8c001230412b22d19df81330542b1ed19df89d
:104b9c001430532b1ad19df815304e2b16d19df88d
:104bac001630762b12d19df81730322b0ed14ff6d2
:104bbc00ff7210210df11200fff77efcbdf81030d2
:104bcc00834203d146453cbfb0462f46e5b1ff2f8b
:104bdc002cd1002384f804314ff6ff766ff00105d9
:104bec00fff7fefc90b994f804310133dbb2012bd2
:104bfc0084f80431f4d94ff0200383f31188bff308
:104c0c006f8fbff34f8ffee70125ade72846a4f861
:104c1c000e64fff703fe0028e5d0002384f808316a
:104c2c00012384f814340eb0bde8f0814ff4807386
:104c3c00a4f806313846122309aa002184f804711d
:104c4c000cf082ff4ff6ff77b4f80631b3f5005f36
:104c5c00e6d2bdf83420ba4201d09a4217d80221cc
:104c6c000020fff7ebfc022510236a46b4f806116e
:104c7c0094f804010cf068ff6a46102312f8011b2b
:104c8c00ff291ed1013b9bb2002bf7d1c8e70025b1
:104c9c00eae729461020fff7d1fcd5e7bdf8026002
:104cac003046fff70efd10b93046fff72ffdb4f874
:104cbc0006314380bdf80830bbb93046fff74afdda
:104ccc0013e03a460e216846fff7f6fbbdf80e607e
:104cdc008642ded16a46b4f8061194f80401fff757
:104cec004bfcbdf800308342d8d0bdf80600103024
:104cfc00294680b2cfe700bfd8eb0020034b93f8d6
:104d0c0014340bb9fff726bf704700bfd8eb002057
:104d1c002de9ff478a4616469846054630b12bb119
:104d2c00fff7befb044650b1052045e04ff02003d1
:104d3c0083f31188bff36f8fbff34f8ffee706f13c
:104d4c00100080b2fff77efe2846fff7bafc07463c
:104d5c00a8b3b0f802901d4d10236a46494695f849
:104d6c0004010cf0f1febdf808300aeb06029a4281
:104d7c0027d8b34218bfbdf80c40adf804a01cbf37
:104d8c000134a4b241466846adf80c40adf806605b
:104d9c00adf80a90b5f80641fff76cfe98b1bdf876
:104dac000c307c80642b4ff0000005d9bdf802302c
:104dbc00a5f81034a5f8120404b0bde8f087032060
:104dcc00fae70420f8e70120f6e700bfd8eb002053
:104ddc0073b50c4615461e46c0b1bbb1fff790fc2f
:104dec0080b16319b3f5803f09d201460c48009697
:104dfc002b46224690f80401fff775fb20b90420de
:104e0c0002b070bd0320fbe70020f9e74ff0200350
:104e1c0083f31188bff36f8fbff34f8ffee700bf93
:104e2c00d8eb00201fb540b94ff0200383f3118855
:104e3c00bff36f8fbff34f8ffee7fff761fc48b1f5
:104e4c0001460648102390f804016a460cf07cfedb
:104e5c00bdf8080005b05df804fb00bfd8eb0020de
:104e6c002de9f04f431e14469bb24ff6fd72934250
:104e7c008bb080460e461dd8b1f5006f1ad8fff7df
:104e8c003ffc00bbfff70cfb054648bb06f11000ce
:104e9c0080b2fff7d7fd8d4b93f90821002a80f2e1
:104eac00f7804ff0200383f31188bff36f8fbff3ac
:104ebc004f8ffee74ff0200383f31188bff36f8f02
:104ecc00bff34f8ffee74046fff7acff86420fd093
:104edc007e4da5f81084a5f81264fff7e1fa08b12d
:104eec0005200ee0b5f8120470b9b5f810347bb992
:104efc00002c00f0e6802346324600214046fff7a6
:104f0c0067ff0bb0bde8f08f103080b2fff79afd51
:104f1c00b5f81004fff7d5fb81460028e8d0b0f8af
:104f2c0002b095f80401102306aa59460cf00cfea9
:104f3c00b5f81234ebb9bdf82000103080b2fff791
:104f4c0081fdb5f81004fff7bcfb814640b94ff06a
:104f5c00200383f31188bff36f8fbff34f8ffee7ee
:104f6c00b0f802b095f80401102306aa59460cf0cb
:104f7c00ebfdb5f81224b5f806310493bdf82030da
:104f8c0022b19342adf8202028bf13460022bdf871
:104f9c002010adf81c20adf81e10adf82220adf895
:104fac0024200df1180cbce80300dff824a1686084
:104fbc0003f11007caf80410bce80300bfb2b7f540
:104fcc00807fcaf80800caf80c1030d80af110011a
:104fdc00009195f804015946fff785fa002872d024
:104fec0006ab03cbbdf81e206860caf8041003cbd7
:104ffc001032caf80800caf80c1092b25146b5f833
:10500c000601fff703fb00283ff472afbdf81e004a
:10501c001030022180b2fff711fb2c4b0022a3f8b9
:10502c001024a3f81224049ba9f8023060e715465b
:10503c001023cdf814a0b7f5807fba4628bf4ff4e3
:10504c00807aaaeb030292b20392059a1f4813448a
:10505c0000932a46039b90f804015946fff743fa44
:10506c0088b31b495246b1f80201fff7cffa00286a
:10507c003ff43eaf02215046fff7e0fa039ba7eb4b
:10508c000a072b44bfb29db20023002fd3d1c4e733
:10509c00214606a8b3f80671adf81a80adf81c507d
:1050ac00adf81e60adf82060adf82250adf824507c
:1050bc00fff7e0fc38b14046fff728fb47800220a1
:1050cc001fe720461de701201be700bfd8eb00209f
:1050dc00dceb0020f0b5074685b040b94ff020035b
:1050ec0083f31188bff36f8fbff34f8ffee7fff78a
:1050fc0007fb00283fd0fff7d3f9044600283cd12a
:10510c001020fff79ffc4ff6ff720e216846adf89a
:10511c000020adf80270cde90144adf80c40fff76a
:10512c00cbf96b46adf80e0003cb154d6860a9604a
:10513c0003cb2e1de860296110223146b5f806011b
:10514c00fff764fa68b91022b5f8061195f8040156
:10515c000cf0c2fd18b902211020fff76ffa0120e4
:10516c0007e002211020fff769fa3846fff7f2fa40
:10517c00204605b0f0bd0320fbe70520f9e700bf92
:10518c00d8eb0020f8b50446fff78af9054668bb52
:10519c0064b10cf077fd01200cf074fd4ff400723b
:1051ac00294613483cf0c2ff002020e0114d95f831
:1051bc000871e3b29f420cd8fff754fb0028f3d1df
:1051cc004ff0200383f31188bff36f8fbff34f8f22
:1051dc00fee705eb8403b3f80961304604f0e6fb07
:1051ec0010b93046fff7b6fa0134e2e70520f8bdf6
:1051fc00e1ec0020d8eb0020014b1860704700bf99
:10520c00d8eb002008b5fff77bfa003018bf01205f
:10521c0008bd08b5fff726fb40b94ff0200383f318
:10522c001188bff36f8fbff34f8ffee708bd00bf30
:020000040000fa
:020000040100f9
:10523c002de9f04f446899b005460f2c00f27085ab
:10524c00dfe814f017001a001e00da00de00fe0082
:10525c00530177017b01c90154025e0262026602ae
:10526c006a0210002df020fc0024204619b0bde885
:10527c00f08f01234360f8e709f03efd0446f4e7a4
:10528c0001213cf009fe04460028eed16b6fd5f8e5
:10529c006c80162b40f0cd802b685e79012e00f0cf
:1052ac00ab83d5f898202a2304279a42c0f01681a4
:1052bc0098f80030022b40f01181474431463846b3
:1052cc0039f042fe6a6b2b682881908019799170b5
:1052dc005a88824200f262841b888342c0f05e844a
:1052ec003b46d5f838c053f8024f58689968de68c9
:1052fc00ccf8e462ccf8d842ccf8dc02ccf8e01262
:10530c001c6958699969de69ccf8f462ccf8e842fa
:10531c00ccf8ec02ccf8f01297f82240202c00f2da
:10532c00dd802b68d5f898105b79012b14bf042312
:10533c000c23234403f12702914240f2c2823a1912
:10534c00b2f8268098fa98f81ffa88f808f1ff301e
:10535c00022840f2c38008f128000344994240f02f
:10536c00bd80b2f8236092f8253076bab6b2002b25
:10537c0040f09c843046d5f8389038f045f9ab6b4a
:10538c00c9f80c00d9682846002900f097843cf035
:10539c00c5fcd5f8389099f8003007f1230a002b9a
:1053ac0000f077836b6b03f1100b1cb19a6896427b
:1053bc0000f0d1836a684ff0000c01326a605146ec
:1053cc0089f800c058462246c3e902643bf096fcbb
:1053dc002b68db68043b04e06a6b9268904200f037
:1053ec00788253f8040f0028f6d128462f22022188
:1053fc0033f07efebf4c38e709f06cfe044634e710
:10540c00826b00230121d7680a933cf045fd0446ca
:10541c0000287ff42aaf6b6f162b0ad1ee6ebb7a85
:10542c0032780c2a00f0a58103f0fd03052b00f067
:10543c00448228460a22022133f05afeae4c14e76d
:10544c00836bdb689b7a013bdbb2092b00f2688132
:10545c00012606fa03f340f20f32134200f060818a
:10546c0031463cf019fd044600287ff4feae6b6f0c
:10547c00162bded16b68ea6ea96b01336b60137867
:10548c000d2b0cbf0123002381f8983240f074835c
:10549c002b68d5f898405b79012b14bf04230c239f
:1054ac009c421bd9d15c5818861cb44216d91618cc
:1054bc000330b6f8016076bab6b2304484420dd9e6
:1054cc00023131441a440a440333b2f801200b442c
:1054dc0052ba13fa82f39c423ff4c6ae28463222eb
:1054ec00022133f005fe854cbfe601213cf0d4fcd3
:1054fc00044600287ff4b9ae6b6f162b40f0c983bd
:10550c002b68d5f898105a79012a14bf04230c2360
:10551c009942e3d1eb6e1b780e2bdfd16b68012a1d
:10552c0003f101036b607ff49fae284630f09cfbc7
:10553c009be618f0b3fc044697e6806bc668b37a1a
:10554c00da1e012a40f2f080093b012b40f2ec807c
:10555c0030463df047f8002840f0a782b37a0b2b79
:10556c0040f09a832b68d5f8c410da690192a86bc5
:10557c009b6900930431f4300cab4ff4607217f05c
:10558c003fff044600287ff470ae2b68a86bda69e5
:10559c0001929b69009300f53e7100f54f73202238
:1055ac00f4302af0ddfd044600287ff45eae0427bb
:1055bc000c9bd5f8c4203b4416201021c5e93203be
:1055cc0011706b68012213446b602846114611f070
:1055dc0041f8044649e6836bd0f8c460d3f80c80dc
:1055ec00d0f8b07000230a930df052f8044600284e
:1055fc007ff43bae98f80a30013bdbb2092b00f28a
:10560c005881012202fa03f340f20f32134200f0e8
:10561c005081ab6b93f89822002a00f04a81d3f8a2
:10562c000822002a00f0ed821168002900f0418167
:10563c005268002a00f071835b690ca90baa2846fa
:10564c009847044600287ff410aeaa6bd5f8c430f6
:10565c00d26892f80980b8f10a0f00f02083042276
:10566c001a714ff00908ab6b002b00f0d882d3f8fd
:10567c000802002800f0d3824068d5f8c4403cf002
:10568c006bfb6071ab6b296800220b92002b00f056
:10569c00c182d3f80802002800f0bc824068d5f81b
:1056ac00c42000230593f41bce690496c4f56a74d8
:1056bc0089690391013402f108060aafcde900644f
:1056cc000caa414602972af0bbfd044600287ff441
:1056dc00ccadbdf82820d5f8c4100a9b52baca80ac
:1056ec00d5f8c420083316200f2167e73af04cfb9d
:1056fc000446bae5009affff0089ffff008dffff0b
:10570c001df042f90446b0e522f036fe0446ace545
:10571c001ef026fe0446a8e50f2343600024a4e5f2
:10572c0006236b600024a0e52b68d5f8c420d9694a
:10573c0001919b690093503004324ff47a730ca999
:10574c002cf090fc044600287ff48fad2b68a86bde
:10575c00da6901929b69009300f53e7200f54f7176
:10576c002023503025f088fe044600283ff41faf5c
:10577c007be52a68d5f898105279012a14bf4ff0ae
:10578c00040c4ff00c0c581f06eb0c0203280a9269
:10579c000e4440f24b81da1e012a40f260810b2b41
:1057ac0040f07a820a99a86b721af43021f0c8fc86
:1057bc00002840f01381bb7a023b022b79d82b686e
:1057cc000a9f5b79012b14bf04230c23be42069362
:1057dc00c0f06381f21b012a40f25f81b7f80080b0
:1057ec00eb6e079398fa98f81ffa88f85ffa88f22c
:1057fc00ab6b0893104609923df034fa4fea182926
:10580c00834648463cf0b2fa099a069b8246bbf1a5
:10581c00000f00f01782002800f014820693089bfa
:10582c000a9a03f503780232404659460a923cf034
:10583c0091fe00283ff4d9ad0a9a069bb11e8a420c
:10584c003ff64cae32f8029b0a9299fa99f91ffa7c
:10585c0089f9a6eb0906b2427ff440aebaf1000f0b
:10586c0000f01a82079a1a44bf1a1346cde9007a3f
:10587c000ca90baa284624f081fe064600287ff4ca
:10588c00a8ae594640463cf065fe002800f0288240
:10589c000a9b0093cde901960b9b0caa51464046fe
:1058ac002ef06afd0346002840f0128240463af082
:1058bc001bfa6b6801336b60d7e40123c5f8a03089
:1058cc00f7e7263399427ff409ae4ff000083a19f6
:1058dc0047e537f099fe2b8901461a4628462ff0ea
:1058ec00cff900287ad128342744b8f1000f00f002
:1058fc0020817a883b8852ba92b202f104095bbad1
:10590c00c84516469bb228bf444622d2e6e54ff660
:10591c0001718b4206d1012a60d13b79002b5dd1fc
:10592c00c5f8ec20a41b631f022b4f44a4f1040404
:10593c0040f20e81002c00f0fc807e883b8876ba09
:10594c00b6b206f104095bbaa14532469bb23ff6ea
:10595c00c5ad0b2b2cd01dd9b3f5807fd7d1ab6b3c
:10596c00da68927a0b2addd1d3f8f0013df0f2f926
:10597c00a86b0023c0e97c333246f430391d27f084
:10598c0053fb0028ced0044628222846022133f0af
:10599c00affb6ae4012bc5d12b681b7a002b3ff4bb
:1059ac0024ad012a7ff421ad3a799a42bad01ce594
:1059bc00002a3ff493ad3b79591c91427ff48ead94
:1059cc0063b17979012910d93a1d1a447b1d03e082
:1059dc0013f8011f012908d99a42f9d12846282227
:1059ec00022133f085fbc24c3fe4a86b80f85010c9
:1059fc00f4303cf09ffd95e798f80030032b00f055
:105a0c00bf80ab6bd3f858023df0a4f9ab6b83f8b5
:105a1c005c422a68c3f858425679d5f89820012e72
:105a2c0015bf2a23322304270c273ee4a1eb0c01db
:105a3c0001297ff753ad32f8021b49ba89b2b01a6b
:105a4c008842b8bf0a92fff649ad0a4403f0fd0143
:105a5c0005290a923ff42daf082b7ff4a0aea86b5a
:105a6c00324650300aa930f001fe00287ff4bdac5c
:105a7c00ab6b93f8518040463df000f900283ff4a1
:105a8c00b4ac4146284636f02df800283ff493aece
:105a9c00abe46b6b03f1100b8ce4964a2846322175
:105aac0014463cf097fdfff7e0bb28683af09effe8
:105abc00002800f0f1802b685b6f0c939a1db2f5f7
:105acc00617f00f20281d5f8c420190a1171d5f852
:105adc00c42053712b68d5f8c400d3e91c120630ce
:105aec003bf00cf92c68b17a636f052903f10607ba
:105afc0000f08d80082940f0cf80e3690193d5f840
:105b0c00c420a86ba36900933a445030c7f5617365
:105b1c000ca92cf0a7fa044600287ff4a6abb17aa6
:105b2c00284620f02df8044600283ff441adfff73d
:105b3c009cbbab6b1b78002b77d1d5f8ec30002bd2
:105b4c007ff492ab2b68db79022b7ff48dab45e7ae
:105b5c00684cfff78abbda6894427ff42bac224680
:105b6c005146584606933bf0bbf8069b00287ff441
:105b7c0021ac0c236b602be4c5f8a060fff775bb60
:105b8c00aa6f0e2a7ff6aaacb8f80c305bba23f0d9
:105b9c0002039bb24ff6fd618b4207d0284646228a
:105bac00022133f0a5fa544cfff75fbb98f80e4076
:105bbc000f3aa24208f10f07fff690acab6bd3f88b
:105bcc0058023df0c7f821463046d5f838803df0f4
:105bdc00bbf8ab6bc8f85802d3f85802002800f099
:105bec009980224639463bf089f8ab6b284683f8fe
:105bfc005c426e6033f05cf9044600287ff435abf0
:105c0c0093e42a68d26c002a7ff40ead51e600238f
:105c1c000c9385e7c86c00287ff440ad3fe52b68fa
:105c2c00d86c00287ff428ad27e528460cf030fd11
:105c3c000446002881d028465022022133f058fa1d
:105c4c00fff713bba86b296820b190f808e0bef1f0
:105c5c00010f27d0c86d58b1018849b1884503d1cf
:105c6c00dce541453ff4daad30f8021f0029f8d1ec
:105c7c00b5f808c040f2033084457ff4b6aba9f107
:105c8c000309b9f1010f3ff6b0ab032a7ff4adabba
:105c9c00c4e51a4cfff7e9ba194cfff7e6ba05222e
:105cac001a71e0e4c06c0028d6d1d3e728462f2225
:105cbc00022133f01dfa134cfff7d7ba5022022100
:105ccc0033f016fa104cfff7d0ba104cfff7cdbae0
:105cdc002846332202211c4633f00afafff7c5bad4
:105cec0028462822022133f003fa094cfff7bdbaeb
:105cfc000092ffff008dffff8091ffff0089ffffe7
:105d0c000094ffff808fffff008fffff0096ffffc7
:105d1c000093ffff044cfff7a8ba044cfff7a5ba99
:105d2c00034cfff7a2ba00bf0081ffff008affff00
:045d3c00008fffffd6
:020000040000fa
:020000040100f9
:105d40002de9f04f1e46c36883b080468a4606f1af
:105d500008049146002b00f085801146204615f07e
:105d6000bbfd10b103b0bde8f08fd8f84830002b70
:105d700000f0af80b6f90c30002bc0f2e580204671
:105d80003df0e2f9d8f83c30b0eb430f00f2278247
:105d9000d8f84830204698470028e3d108f1040598
:105da00009e036f0b9fe2a46214678b120463df09a
:105db000cff90028d6d1b6f90c3000218b4220460d
:105dc000efdb03e01df0aefe0028cbd129462046d4
:105dd0001cf054fe00282a4621462046f2da03220f
:105de0002146304625f012fe20b1bbe71df09afe99
:105df0000028b7d1294630461cf040fe00282a462c
:105e000031463046f2da08f10c0b5846002136f0e4
:105e100083fe002840f05c8106f1100709f1080bb1
:105e20005a465946384615f057fd00289ad1d8f8f9
:105e30004830002b00f07d83b6f91430002bc0f2ff
:105e4000c78138463df080f9d8f83c30b0eb430fbd
:105e500000f2c581d8f8483038469847002800f04d
:105e600086807fe710321146204615f035fd002868
:105e70007ff478afd8f84830002b00f01e81b6f9d7
:105e80000c30002bc0f2578120463df05df9d8f868
:105e90003c30b0eb430f00f2a281d8f848302046e6
:105ea000984700287ff45eaf08f104050ae036f059
:105eb00033fe2a462146e0b120463df049f900284c
:105ec0007ff450afb6f90c3000218b422046eedb58
:105ed0000fe008f104052a462146204624f0ecfb99
:105ee00000283ff47caf3de71df01cfe00287ff446
:105ef00039af294620461cf0c1fd00282a4621461c
:105f00002046f1da06f110073846224649463df0b0
:105f10001ff930b126e700bf1df004fe00287ff412
:105f200021af294638461cf0a9fd00282a463946eb
:105f30003846f1da06f1180b5846224649463df03c
:105f40000bf900283ad00de70146204636f0e4fd73
:105f500000283ff414af42e136f0defd2a46394610
:105f600088b138463df0f4f800287ff4fbaeb6f96e
:105f7000143000218b423846eedb04e01df0d2fde8
:105f800000287ff4efae294638461cf077fd002844
:105f90002a4639463846f1da012138462df056fabc
:105fa00000284cd0dee636f0b7fd2a46594658b1f7
:105fb00058463df0cdf800287ff4d4aeb6f91c3039
:105fc00000218b425846eedb5a463946204615f0f2
:105fd00083fc00287ff4c6aed8f84830002b00f0d0
:105fe000ba82b6f90c30002bc0f2db8220463df0bd
:105ff000abf8d8f83c30b0eb430f00f2f080d8f8a3
:1060000048302046984768b1ace636f085fd2a4610
:106010002146002800f0438120463df099f80028f1
:106020007ff4a0aeb6f90c3000218b422046ecdba9
:1060300035e100bf1df076fd00287ff493ae2946c0
:1060400038461cf01bfd00282a4639463846f1da4e
:106050003a464946204615f03ffc00287ff482aec0
:10606000d8f84830002b00f08082b6f90c30002bb5
:10607000c0f29f8220463df067f8d8f83c30b0eb84
:10608000430f00f2ac80d8f848302046984768b1fa
:1060900068e636f041fd2a462146002800f0a78038
:1060a00020463df055f800287ff45caeb6f90c3080
:1060b00000218b422046ecdb99e008f104052a46da
:1060c0002146204624f0f8fa00283ff41baf49e6a9
:1060d00009f110021146204615f0fefb00287ff45e
:1060e00041aed8f84830002b00f02c82b6f90c30c5
:1060f000002bc0f24e8220463df026f8d8f83c3006
:10610000b0eb430f6bd8d8f848302046984758b1c9
:1061100028e636f001fd2a462146d0b120463df062
:1061200017f800287ff41eaeb6f90c3000218b4220
:106130002046eedb0de00146204636f0edfc00285f
:106140003ff4a2ae4be000bf1df0ecfc00287ff452
:1061500009ae294620461cf091fc00282a4621461b
:106160002046f1da06f1100738462246214615f09e
:10617000b3fb00287ff4f6add8f84830002b00f0d0
:10618000fe81b6f91430002bc0f2258238463cf06f
:10619000dbffd8f83c30b0eb430f20d8d8f84830bc
:1061a0003846984768b1dde536f0b6fc2a463946f0
:1061b000002800f09a8038463cf0caff00287ff49f
:1061c000d1adb6f9143000218b423846ecdb8ce0bf
:1061d0000146384636f0a0fc00283ff432aea14814
:1061e000c0e500bf1df09efc00287ff4bbad294632
:1061f00020461cf043fc00282a4621462046f1dabe
:10620000012120462df022f928b1abe51df08afcd2
:1062100000287ff4a7ad294620461cf02ffc00285b
:106220002a4621462046f1da06f1180318463a4676
:106230003946019315f050fb00287ff493add8f850
:106240004830002b00f0cf81b6f91c30002bc0f293
:10625000dc8101983cf078ffd8f83c30b0eb430f7c
:10626000bdd8d8f848300198984760b17ae536f043
:1062700053fc2a460199002879d001983cf068ff28
:1062800000287ff46fadb6f91c30019800218b42d5
:10629000eddb6ce01df046fc00287ff463ad294681
:1062a00020461cf0ebfb00282a4621462046f1da66
:1062b00003222146304625f0a9fb00287ff452ad89
:1062c000294630461cf0dafb00282a463146304683
:1062d000fff6a4ad1df026fc0028f1d042e500bf7a
:1062e0001df020fc00287ff43dad294638461cf007
:1062f000c5fb00282a4639463846f1da5a4639465f
:10630000204615f0e9fa00287ff42cadd8f8483083
:10631000002b00f05681b6f90c30002bc0f26d81d5
:1063200020463cf011ffd8f83c30b0eb430f3ff66d
:1063300056afd8f848302046984760b112e536f09d
:10634000ebfb2a46214600286bd020463cf000ff9c
:1063500000287ff407adb6f90c3000218b422046af
:10636000eddb5ee01df0defb00287ff4fbac294690
:1063700001981cf083fb019b00282a461946184609
:10638000f0da012101982df061f830b1eae400bfa4
:106390001df0c8fb00287ff4e5ac294601981cf0ed
:1063a0006dfb019b00282a4619461846f0da324652
:1063b0003146384615f090fa00287ff4d3acd8f86f
:1063c0004830002b00f02981b6f91430002bc0f2c0
:1063d0002e8138463cf0b8fed8f83c30b0eb430f85
:1063e0003ff6fdaed8f848303846984760b1b9e47a
:1063f00036f092fb2a46394600283ad038463cf01f
:10640000a7fe00287ff4aeacb6f9143000218b4211
:106410003846eddb2de000bf1df084fb00287ff443
:10642000a1ac294620461cf029fb00282a4621461b
:106430002046f1da2246314630463cf089fe0028fb
:106440007ff490ac294630461cf018fb00282a4601
:1064500031463046fff6e2ac1df064fb0028f1d077
:1064600080e400bf80b0ffff1df05cfb00287ff4dc
:1064700079ac294638461cf001fb00282a463946eb
:106480003846f1da23463a463946404632f0f6fcc1
:1064900000287ff467ac23463a463946404632f03e
:1064a000edfc00287ff45eac3b4622462146404688
:1064b00032f0e4fc00287ff455ac334622462146f6
:1064c000404622f055f900287ff44cac019d22464d
:1064d0002b462146404632f0d1fc00287ff442ace6
:1064e00009f110035a462946404622f041f9002896
:1064f0007ff438ac40460122294633f007fd0028de
:106500007ff430ac3946504623f076fb00287ff408
:1065100029ac21460af1080023f06efb00287ff425
:1065200021ac29460af1100003b0bde8f04f23f07a
:1065300063bb2a463946384624f0bef800283ff4ab
:106540002bad0fe42a462146204624f0b5f800285a
:106550003ff408ae06e42a462146204624f0acf873
:1065600000283ff4a5aefff7fdbb2a462146204692
:1065700024f0a2f800283ff443aefff7f3bb2a460d
:106580003946384624f098f800283ff4b7aefff7b4
:10659000e9bb0146204636f0bffa00283ff4abad18
:1065a0001de60146204636f0b7fa00283ff41ead3e
:1065b00015e60146204636f0affa00283ff45aad02
:1065c0000de62a462146204624f076f800283ff4be
:1065d00031affff7c7bb0146384636f09dfa0028b9
:1065e0003ff4d4adfbe501982a46014624f064f857
:1065f00000283ff4c6aefff7b5bb0146204636f093
:106600008bfa00283ff48caee9e50146019836f09c
:1066100083fa00283ff41daee1e52a4639463846a4
:1066200024f04af800283ff42daffff79bbb01464a
:10663000384636f071fa00283ff4cbaecfe500bf04
:020000040000fa
:020000040100f9
:106640002de9f04f9fb00e460390914698460446c0
:10665000002506e0d4f890312546002b00f03f815c
:106660001c46e369002bf5d112af0df1540b0df16f
:10667000600a129315931893c7e90133cbe90133ec
:10668000cae90133002e00f02f8206eb09010caaa3
:106690000da83023cde90c9637f05cfe002840f0c1
:1066a0002782dde90c2303eb0209a9eb0601a160b7
:1066b000b8f1000f40f0f381e660c4f80080a361f8
:1066c00030230deb030249460da837f043fe064682
:1066d000002840f0d881dde90c21a36901eb020814
:1066e000a8eb0303636141461baaa0230da837f062
:1066f00031fe002800f01c8110f1620f00f0ea81e9
:10670000a0f50656002e40f0ba8104f12002414661
:106710000da82ff0d7ff0646002840f0b08104f105
:106720002c0304931a4641463b460da83bf000ff5c
:106730000646002840f0a381e369022b00f2df81c6
:10674000013304f5c672e36139460092049804f2fd
:10675000891304f5c47232f011fc0646002840f09b
:106760008e810d9b236430230deb030241460da85f
:1067700037f0f0fd0646002840f08581dde90c3158
:1067800004f1500219440da819f006f90646002834
:1067900040f07581226c0d9b9b1ae3631baa30238a
:1067a00041460da837f0d6fd002840f098810d9f96
:1067b0001b9b1f44394604f190020da80ff054f8ba
:1067c0000646002840f05b8104f1a80239460da876
:1067d0000ff04af80646002840f051810d9b9f4279
:1067e00040f08d82e3640caa302341460da837f0b7
:1067f000b1fd0646002840f04681dde90c1351b199
:10680000194404f170020da819f0c6f806460028d4
:1068100040f035810d9be26cc4f8c8309b1aa3642c
:1068200004f1cc0241460da81ff050f9064600289d
:1068300040f025810d9bd4f8c8201946e369023b3e
:106840008a1a012bc4f8c42040f28780884534d1cd
:106850005b46524649460da83bf06afe06460028b4
:1068600040f00d81226b199b9a4240f0a9811a9940
:10687000606b3af03bfa002840f0a281129a159b17
:106880009a4240f09d81139a169b9a4240f098815b
:1068900032b1179914983af029fa002840f0908103
:1068a0000da804f5be72494632f048fb06460028a2
:1068b00040f0e5800d9b99450dd0204629f0fefc67
:1068c000b94e15b10023c5f89031039ba34202d005
:1068d00020463cf045fa30461fb0bde8f08f4ff43b
:1068e000ca71012004933cf035fa049bc4f890016e
:1068f000002800f0fb804ff4ca72194604933bf065
:106900001bfc049bd4f89021129312af0df1540b91
:106910000df1600a15931893c7e90133cbe90133f0
:10692000cae901332546002a00f0d6801446a9e6bc
:106930000d9a1b9bd618314604f11c020da83cf0a1
:10694000effb002840f0c0800d9b9e423ff4ddae7f
:10695000204629f0b3fc954eb3e7012304f1d4029d
:1069600041460da834f024fa0646002840f08780fe
:10697000e369023b012b00f21481022304f1e002df
:1069800041460da834f014fa0646002877d1e36991
:106990000d9a032b11467ff459af90453ff458af41
:1069a00004f1ec0241460da82ff024f80646002819
:1069b00065d1d4e93c32cde90698cde908bad318bf
:1069c0000d9f0a9304950a9bbb4240f28b820025df
:1069d0000eaa30230a991d950da8cde91b55cde9c6
:1069e0000f5537f0b7fc002840f0d180dde90d638a
:1069f0001e44314606231caa0da837f0abfc002824
:106a000040f0c5800d9b1c9a1d930625134431460a
:106a10000faa0da80d931b952ff064f818b110f173
:106a2000620f40f0b4800eaa042331460da837f05f
:106a300091fc002840f0ab800d9b0e9f0b931f44f0
:106a4000be4240f0008110a91ba831f0e7fa0028ef
:106a50005ad0289a0f9b002a00f0b7800d9a214641
:106a6000cde90027dde928501baaa84706460028e3
:106a700000f08b800f9b002b00f08780049d204648
:106a800029f01cfc1de7a6f50656204629f016fc49
:106a9000002e7ff416af30461fb0bde8f08f012006
:106aa0003cf058f90d90e06038b33146a2683af0f6
:106ab0002bf9dde90c31a268d31a0b4401202060c8
:106ac00001eb02090d93fae5a0f50856002e3ff4fc
:106ad0001caed4e7e66118e6354e1446f2e6b0f592
:106ae0001056ccd10d9b7de6314eeae6314ef2e6f2
:106af000204629f0e3fb304ee3e62e4ee1e6204649
:106b000029f0dcfb2d4edce6d4f85821109b12ea6c
:106b1000030540f08d811a43082bc4f8582100f07a
:106b2000128122ddb3f5807f00f0968111ddb3f58f
:106b3000006f51d0b3f5803f1fd1394604f5bc72c8
:106b40000da832f03bfa0646002897d10d9d2f463e
:106b500039e7202b11d1314604f1f8020da833f0aa
:106b60006bfa06460028f1d088e7022b00f0af80d0
:106b7000042b00f0a180012b3ed00f9b002b40f096
:106b8000df803d460d972f461de70d971be7a0f5cb
:106b90001456049ddde90698dde908ba002e7ff45d
:106ba0006eaf0d9b194651e61adeffff9addffff1f
:106bb00000d8ffff80d7ffff80deffff80dafffff6
:106bc000204629f07bfb9c4e7be60d96002b3ff484
:106bd000faae049d994e52e73146062304f5b4728d
:106be0000da834f09fff002861d1d4f87031002b3c
:106bf000acd1049d924e42e70df144084246302349
:106c000039460da8119537f0a5fb002849d10d9bf9
:106c1000119a13449f4216d18023424639460da84b
:106c200037f098fb002837d1119b0d9dc4f81c51fb
:106c300004221d44c4f818310d95c4f81421af4244
:106c400004d8af4283d0049d7e4e18e7a12342466c
:106c500039460da837f07efb18bb0d99119b04f542
:106c6000907219440da81af093fa064600287ff492
:106c700005af4246822339460da837f06bfb80b939
:106c8000119b0d9dc4f8385102221d44c4f83431c3
:106c90000d95c4f83021d4e710f1620f01d10d9d9c
:106ca000cde7a0f51456002e3ff450afe6e6b0f560
:106cb00014563ff44bafe1e6314604f5b2720da82d
:106cc0002ef0c0fe064600283ff440afd6e604236f
:106cd00011aa31460da8119537f03cfb0028e6d1ea
:106ce000119b0d9dc4f810511d440422ae42c4f8fe
:106cf0000c310d95c4f80821a5d12f4663e6204636
:106d000029f0dcfa504edce5059ca0f51456002e67
:106d10003ff41caf16f5025f7ff4b0ae289b5bb169
:106d20000b9b009301970f9b1baa2146dde928507e
:106d3000a84700283ff40aaf0f9b002b3ff406af93
:106d4000049d424e9be60df14408424630233946ed
:106d50000da837f0fffa06460028d6d10d9d119bed
:106d6000ea1897427ff46faf002b3ff46caf04f545
:106d7000a47905941fe0354ed9f808207ab1d9f8e6
:106d80000c20002a40f0bf80102101203bf0e2ffe0
:106d9000c9f80c00002800f0b2800d9d8146062243
:106da000c9e90024119bc9f808b01d44aa450d95f6
:106db00028d8aa4524d1af4232d930234246394699
:106dc0000da837f0c7fa00289ed10d9a119b02eb4f
:106dd000030a5146062342460da837f0bbfa0028a5
:106de00092d1119c0d9d042cab46c4d1224629465c
:106df000174839f07bff154a002818bf1646bbe735
:106e0000059c20e73023424651460da837f0a2faf0
:106e100000287ff479af0d9d119b1d440d95c8e7a7
:106e20004ff00003059cc9f80c303ff470af0ae73f
:106e3000049d084e23e600bf80d9ffff9edaffffc6
:106e40009cdaffff9adaffff9adbffff80dfffff8c
:106e50007825040100dbffffc4e957553146302394
:106e600011aa0da837f076fa00287ff41aaf0d9d0d
:106e7000af423ff46cae04f5ae752a4639460da814
:106e80002ef030fe88b110f1620f7ff40aaf2a466f
:106e900039460da83cf044f900287ff402afd4f83d
:106ea0005c3113b10123c4f85c310d9daf423ff456
:106eb0004eae04f5b07239460da83cf031f9002809
:106ec0007ff4efae0d9daf427ff4bdaed4f86031dc
:106ed0006ff0004293423ff48cae0133c4f860314e
:106ee0002f4670e5049ddde906983946dde908bacc
:106ef0003ff4acac204629f0e1f9054ee1e4dde9d0
:106f00000454044ebbe5dde90454034eb7e500bf6d
:0c6f10009adaffff96daffff00dbffffbc
:020000040000fa
:020000040100f9
:106f1c00086800b1084470470920704703685a009c
:106f2c004cbf43f0004323f00043184470472de955
:106f3c00f0470746164621b301f1ff38c1464ff022
:106f4c00000a00bf0aeb090404ebd4746410e500da
:106f5c0079190846fff7e2ffa04515d0b04204d9d5
:106f6c00a2450dd004f1ff39ece705f108003844d7
:106f7c00fff7d4ff0138b04203d204f1010ae1e774
:106f8c0000210846bde8f087b042e9d8f9e70128ae
:106f9c0006d0022806d00028034818bf00207047ee
:106fac0002487047024870478d75000191750001c9
:106fbc0095750001214b37b504468d1e4bb101a9c7
:106fcc002846aff3008048b900232361092003b0a1
:106fdc0030bd1b481b4b1b1adb10019301992a4631
:106fec00fff7a5ff01460028eed0fff797ff4b688f
:106ffc00a064012b03d1002323610520e7e7002bbc
:10700c0001f1040010dae0640123e06c23650368ed
:10701c00002b0edac3f30360fff7b9ff00282061e1
:10702c0014bf00200920d2e7fff778ff0023e064ab
:10703c00ebe7fff773ff20610020c8e700000000ba
:10704c009407000100c007010368da0710b5044675
:10705c0006d413f0020f00f1480018d011f010fc08
:10706c002368590703d404f1d00011f011fc2368f4
:10707c001a0703d404f5a87011f012fc2368db0680
:10708c0008d404f5e870bde8104011f04dbc11f0c7
:10709c00effbe5e710bd704770b505460c46216c5b
:1070ac002846fff787ff064608b13cf0dff8236c53
:1070bc006b6122462b692946012098470828eed09f
:1070cc000728f2d13046216cfff7e5ff201d11f0a7
:1070dc00c3fb2de9f047adf5727d02acd0f80c90f6
:1070ec00d0f818a0054690460431402203a800278a
:1070fc0039f004fe2760216c2846fff75bffb8f1de
:10710c00000f14bf4ff00a084ff00908064650bb99
:10711c00236c6b614ff4f07221467aa839f0eefdc6
:10712c002b697aaa294640469847889b0746636490
:10713c002a46cde9004a2b4641460120c847b0b942
:10714c00b6b94ff4f0727aa9204639f0d7fd082f62
:10715c00b046d0d0072f0ad13046216cfff79bffe9
:10716c0003a811f079fb48f01008a36bdfe70926a0
:10717c0030460df5727dbde8f087406c704770b5f8
:10718c00cb6b0b64f8b004460d464022043101a8c9
:10719c0039f0b4fd4ff0ff33009310992046fff700
:1071ac0009ff78b923696a4621469847082806469c
:1071bc00f3d06846fff748ff062e03d12946204638
:1071cc00fff76aff092078b070bd10b48261da6bea
:1071dc00c1605df8044b1a641946002279e770b55a
:1071ec00c66843690b6404460d4626b10122fff7bd
:1071fc0070ff3cf03bf803690a46014602209847b1
:10720c00072805d00828f4d129462046fff744ff6b
:10721c003046296cfff73fff281d11f01dfbc2689b
:10722c0002b9ace7ca6b0a64002252e77047836864
:10723c0001460bb1012018477047042910d8dfe82c
:10724c0001f0030d0f0d0d0053b90f2a08d800ebf8
:10725c008200009a41681160184670470123fbe7d1
:10726c000223f9e71fb503ab009300230a46194626
:10727c00fff7e3ff039805b05df804fb042910d871
:10728c00dfe801f0030d0f0d0d0053b90f2a08d8dc
:10729c00009900eb82000968416018467047012391
:1072ac00fbe70223f9e71fb503ab0093002303921e
:1072bc000a461946fff7e2ff05b05df804fb70b50e
:1072cc00d36b1364adf50e7d0e4611460546402278
:1072dc00043117a839f012fd4ff0ff33169326999d
:1072ec006846fff767fe90b90c2116a86a46fff7af
:1072fc00daff314616a8a84748b9049b16aa694676
:10730c00082098470528044602d00928e7d109240b
:10731c0016a8fff799fe20460df50e7d70bd2de9e0
:10732c00f04fce6c87b0174656f8042b00900d46e4
:10733c0000f00309cde903269a4613bb120203237e
:10734c000392adf814302b6db9f1020f08bfae6b80
:10735c0013f0010838d04ff00008baf1020f40f3d7
:10736c00fc80aaf104035a425a4103993846fff7ac
:10737c00d3fd00285ad1b8f1000f40f0f38008205b
:10738c0055e0022bdfdc130c12048df81530039240
:10739c00dbb202228df8142006eb8306d3e7002320
:1073ac0037e0341db9f1000f0dd063b13046fff753
:1073bc00b5fdac630646284633f0acf8002835d052
:1073cc0032460f2176e02646d6f800b0bbf1000f0e
:1073dc00c3d0baf1020f0cbf74687488a96c18bfc3
:1073ec00b6f800b024f0010303eb010238464ff06d
:1073fc000f010cbf083604360192fff733ff019ad8
:10740c008242ccd82bf001031344834294bf002357
:10741c000123600000f002000bf0010b40ea0b04aa
:10742c00012c07d0002cbcd0022c4ad0092007b06c
:10743c00bde8f08fb9f1000f28d1002b3fd0736855
:10744c003268981c4fead272f0d005f15801013322
:10745c0002910ad0311d4846fff75afd02ab014696
:10746c0028461ff017f9044648b30d213846fff79c
:10747c00f9fe022c2862029a04d12b4643f82c2fd9
:10748c006b6200e06a62ae620620d0e70d213846de
:10749c002c6afff7e7fe844211d1ab6a9e420ed1f3
:1074ac003046fff73bfd0f2102463846fff7fbfe47
:1074bc002a4600213846fff7f6fe0720b7e70836c4
:1074cc0082e7346824f00044b9f1000f28d1fbb1f5
:1074dc00009b190707d5dcb90d213846fff7c2fe12
:1074ec00029b2862cce7cb46a345f5d00bf1010bf0
:1074fc0005f1580306eb8b0100200293fff708fd02
:10750c0002ab0146002228461ff0c4f80028ebd03d
:10751c003368002bb8bf0436013406eb840653e7fe
:10752c000d213846d5f820b0fff79cfe8345efd1ee
:10753c00ab6a9e42ecd14ff000080423c5e90b83e3
:10754c00f318ac626b633368434503da601c06ebdb
:10755c008000a6e74ff00108dae703a938460af0e5
:10756c00e8fd06e70f213846fff77cfe0e210246a8
:10757c003846fff798fe014a23e700bffd3b0201a6
:10758c000023cce60123cae60223c8e62de9f0412c
:10759c000546c2b014469846042900f2bc80dfe8c8
:1075ac0011f005002100ba00b200df00b8f1000fa5
:1075bc0040f0b18091b2836b424601202e1d00bf7a
:1075cc0000fa02f70f421cbf53f8047b46f82270f6
:1075dc000132102af4d1a10400d4ab63404642b06e
:1075ec00bde8f08108f0fb03012b4fea124694b280
:1075fc0040f09180b8f1010f06eb040740f0d68003
:10760c00102f00f288800f2e00f28580002705e0f5
:10761c00102ffbd9b8f1050f7dd1103f2b68da077d
:10762c000cd5284623f00102b8f1050f40f8482b81
:10763c0018d142f002022a6011f026f94fb12b68e2
:10764c00580706d5284623f0040340f8d03b11f028
:10765c0023f9b8f1010f0bd120a811f00df98fb956
:10766c00002711e023f003032b6011f005f9e5e787
:10767c000f2e02d820a811f007f9002ff0d0684681
:10768c0011f00af9c6f11004ab6b002c19460bdd96
:10769c0020aa02ebc602e1005018a3eb020c8242b6
:1076ac0002eb0c0420d1194487b1102e324642aba8
:1076bc0038bf102203ebc202a2f5c472fc000023f7
:1076cc00c858d05004339c42fad12144b8f1010f70
:1076dc0008bf0431b8f1010fa96309d120a811f03a
:1076ec00c7f84ff0000879e7246842f8044bd6e756
:1076fc000f2e02d820a811f0c3f8002ff1d0684645
:10770c0011f0c6f8ede7b8f1030f04d1160c94b2e2
:10771c003319102b02d94ff002085fe703681907e1
:10772c0006d523f00803036000f5a87011f0daf811
:10773c0020a811f0d7f8aa6b20ab03ebc603e4002a
:10774c001919d61a8b4203eb060005d11444ac630d
:10775c0020a811f0a5f8c4e7006843f8040bf1e782
:10776c00b8f1000fd7d1102ad5d80368da0606d5a0
:10777c0023f01003036000f5e87011f0dff820ae81
:10778c00304611f0dbf8ab6b0022012101fa02f05c
:10779c0020421cbf53f8040b46f822000132042a85
:1077ac00f4d1ab63304611f0bff817e7202fb2d8f5
:1077bc000f2e7ff62daf2746002c3ff451afb8f1ba
:0877cc00050fa8d13be700bf47
:020000040000fa
:020000040100f9
:1077d400686d61635348413232340000484d41437f
:1077e4002d5348412d323234000000002a86488649
:1077f400f70d020900000000686d616353484132cf
:1078040035360000484d41432d5348412d3235361d
:107814000000000069642d73686132323400000096
:107824005348412d3232340069642d736861323516
:10783400360000005348412d3235360064657343e9
:10784400424300004445532d434243002a86488660
:10785400f70d0307000000006465732d656465334c
:107864002d636263000000004445532d45444533b5
:107874002d43424300000000608648016503040173
:10788400020000006165733132382d6362630000c9
:107894004145533132382d4342430000608648014c
:1078a40065030401160000006165733139322d63ec
:1078b400626300004145533139322d434243000095
:1078c40060864801650304012a0000006165733283
:1078d40035362d63626300004145533235362d43fe
:1078e4004243000073656370323536723100000024
:1078f400727361456e6372797074696f6e00000013
:107904005253410069642d65635075626c69634b21
:107914006579000047656e65726963204543206b95
:10792400657900002b8104010c00000069642d6559
:10793400634448004543206b657920666f72204597
:107944004344480065636473612d776974682d53fb
:1079540048413232340000004543445341207769a2
:107964007468205348413232340000002a8648cedd
:107974003d0403020000000065636473612d7769b0
:1079840074682d5348413235360000004543445352
:10799400412077697468205348413235360000002d
:1079a400616e79506f6c696379000000416e7920d3
:1079b400506f6c696379000069642d6b702d736579
:1079c400727665724175746800000000544c53204f
:1079d40057656220536572766572204175746865d7
:1079e4006e7469636174696f6e0000002b06010593
:1079f400050703020000000069642d6b702d636ca1
:107a040069656e744175746800000000544c53201d
:107a140057656220436c69656e74204175746865ae
:107a24006e7469636174696f6e0000002b06010552
:107a3400050703030000000069642d6b702d636f5c
:107a440064655369676e696e67000000436f64651f
:107a5400205369676e696e67000000002b060105fc
:107a6400050703040000000069642d6b702d656d2b
:107a740061696c50726f74656374696f6e000000a5
:107a8400452d6d61696c2050726f74656374696f04
:107a94006e0000002b060105050703080000000026
:107aa40069642d6b702d74696d655374616d7069b3
:107ab4006e67000054696d65205374616d70696e62
:107ac400670000002b0601050507030900000000fc
:107ad40069642d6b702d4f4353505369676e696e03
:107ae400670000004f435350205369676e696e6707
:107af400000000002b0601040182e42501000000bf
:107b040069642d6b702d776973756e2d66616e2daa
:107b1400646576696365000057692d53554e2041ad
:107b24006c6c69616e6365204669656c64204172a2
:107b34006561204e6574776f726b202846414e292b
:107b44000000000069642d63652d626173696343fd
:107b54006f6e73747261696e74730000426173694d
:107b64006320436f6e73747261696e7473000000f6
:107b7400551d0f0069642d63652d6b65795573611f
:107b8400676500004b6579205573616765000000e7
:107b9400551d250069642d63652d6578744b6579e1
:107ba4005573616765000000457874656e646564ab
:107bb400204b65792055736167650000551d1100e0
:107bc40069642d63652d7375626a656374416c74b1
:107bd4004e616d65000000005375626a6563742030
:107be400416c74204e616d650000000060864801a0
:107bf40086f842010100000069642d6e65747363a8
:107c04006170652d6365727474797065000000009d
:107c14004e65747363617065204365727469666947
:107c2400636174652054797065000000551d20005f
:107c340069642d63652d6365727469666963617433
:107c440065506f6c69636965730000004365727405
:107c54006966696361746520506f6c6963696573f3
:107c640000000000551d0e0069642d63652d7375b9
:107c7400626a6563744b65794964656e74696669a3
:107c8400657200005375626a656374204b657920e0
:107c94004964656e7469666965720000551d230048
:107ca40069642d63652d617574686f726974794bad
:107cb40065794964656e74696669657200000000df
:107cc400417574686f72697479204b6579204964d1
:107cd400656e7469666965720000000069642d61ef
:107ce400742d636f6d6d6f6e4e616d6500000000e5
:107cf400436f6d6d6f6e204e616d6500434e0000e5
:107d04005504060069642d61742d636f756e747279
:107d1400794e616d65000000436f756e7472790071
:107d2400430000005504070069642d61742d6c6fd5
:107d340063616c69747900004c6f63616c69747978
:107d4400000000004c0000005504080069642d6127
:107d5400742d73746174650053746174650000005c
:107d64005354000055040a0069642d61742d6f7228
:107d740067616e697a6174696f6e4e616d6500004a
:107d84004f7267616e697a6174696f6e00000000fa
:107d94004f00000055040b0069642d61742d6f724f
:107da40067616e697a6174696f6e616c556e69742e
:107db4004e616d65000000004f726720556e697456
:107dc400000000004f5500002a864886f70d01097f
:107dd40001000000656d61696c41646472657373d0
:107de40000000000452d6d61696c2061646472655a
:107df400737300005504050069642d61742d736567
:107e04007269616c4e756d626572000053657269ca
:107e1400616c206e756d6265720000007365726935
:107e2400616c4e756d6265720000000055041000af
:107e340069642d61742d706f7374616c4164647234
:107e440065737300506f7374616c20616464726550
:107e540073730000706f7374616c41646472657352
:107e6400730000005504110069642d61742d706f56
:107e74007374616c436f646500000000506f737429
:107e8400616c20636f646500706f7374616c436f21
:107e9400646500005504040069642d61742d7375d4
:107ea400724e616d650000005375726e616d650000
:107eb400534e000055042a0069642d61742d6769ce
:107ec40076656e4e616d6500476976656e206e61fc
:107ed4006d650000474e000055042b0069642d6158
:107ee400742d696e697469616c730000496e6974fc
:107ef40069616c7300000000696e697469616c7378
:107f04000000000055042c0069642d61742d676520
:107f14006e65726174696f6e5175616c69666965cd
:107f24007200000047656e65726174696f6e20713e
:107f340075616c69666965720000000067656e654d
:107f4400726174696f6e5175616c696669657200fe
:107f540055040c0069642d61742d7469746c65009a
:107f64005469746c650000007469746c65000000e9
:107f740055042e0069642d61742d646e5175616c15
:107f8400696669657200000044697374696e677597
:107f94006973686564204e616d65207175616c69f3
:107fa4006669657200000000646e5175616c6966f3
:107fb400696572005504410069642d61742d707304
:107fc4006575646f6e796d0050736575646f6e7955
:107fd4006d00000070736575646f6e796d0000004c
:107fe4000992268993f22c640101000069642d75bd
:107ff4006964000055736572204964007569640002
:108004000992268993f22c640119000069642d6495
:108014006f6d61696e436f6d706f6e656e74000095
:10802400446f6d61696e20636f6d706f6e656e7401
:10803400000000004443000055042d0069642d61d4
:10804400742d756e697175654964656e74696669c8
:1080540065720000556e69717565204964656e74ba
:108064006966696572000000756e697175654964b9
:0c807400656e746966696572000000bfeb
:020000040000fa
:020000040100f9
:10808000044b5a6842f480025a605a6822f4006233
:108090005a607047004001414ff0824310b59a6921
:1080a000120f31d103f5b0333249196032491961e9
:1080b0003249596132499961324959624ff4140188
:1080c00099623149d96201f5172101f24e612f48b9
:1080d000196358632e4898632e48d8632e48186455
:1080e0002e482f4b036043f642444460c2602d4a41
:1080f0002d48106053602d4b2d4a1a602d4a59604f
:108100009a602d4ada6010bd9b691b0f012bfad1d2
:108110002a4b184a1a60184a1a61294a5a61294a90
:108120009a61294a1a4b1749136091604ff4140160
:10813000d160264911612649264a27480a604860cd
:108140008b60264b2649196026495960144999606d
:1081500043f64241d960002159612349d96123493d
:108160001962234959629a62224ada62124a1a63f0
:10817000c9e700bf212200800a14260610320d1222
:108180001c28402006421e3e0600030e1a27003817
:10819000f7ff4c463832d44e324000304460014143
:1081a000544e4c4658600141514b38326060014199
:1081b000383256ce1a27544e4c46383200600141b0
:1081c00010320c101a2740201c6001410600060ed8
:1081d0003060014154760c0e1a2600383c60014193
:1081e0003832544e324000204e483832514b4640cf
:1081f000322c50c81926544ec82300bf00bf00bf00
:1082000000bf00bf00bf00bf00bf00bf00bf00bf76
:1082100000bf00bf00bf00bf00bf00bf00bf00bf66
:1082200000bf00bf00bf013b13f0ff03e5d1704763
:1082300008b54ff082439b691b0f5bd141f24401ab
:10824000032014f06bfe43f6ff41522014f066fe4b
:1082500047f20801542014f061fe48f24e515e20ae
:1082600014f05cfe47f28241602014f057fe4cf699
:108270001701612014f052fe4cf61701632014f030
:108280004dfe41f20731652014f048fe49f2072106
:10829000672014f043fe47f28241682014f03efe4e
:1082a0004bf21561692014f039fe4bf215616b2019
:1082b00014f034fe41f205316d2014f02ffe49f226
:1082c00005216f2014f02afe48f20701772014f0f0
:1082d00025fe49f61e61e92014f020fe4ff60171db
:1082e000ef2014f01bfe40f68321f920bde8084082
:1082f00014f014be08bd70472de9f7430222114661
:108300000123332014f038fe0c22114601231920da
:1083100014f032fe002211460123152014f02cfe29
:108320000822104600230a2114f026fe07221146d7
:108330000123092014f020fe01231a4619460920c2
:1083400014f01afe00231a461946092014f014fef0
:108350000f2211460123002030f008f900230d22de
:108360001146184630f002f90122114600234c2034
:1083700030f0fcf80322114600234c2030f0f6f8d0
:108380000422114601234c2030f0f0f84ff4007322
:1083900000220c21262014f0effd142014f028fefa
:1083a000042400250022012311464c2030f0def881
:1083b000002211464c2030f0ecf802460028f7d19c
:1083c0000f214e2030f0e5f8013c14f0ff04054485
:1083d000e8d1284638f0a6fc0022534b15f0e4f90a
:1083e0000022524b04460d4632f06afe002200285d
:1083f00000f089804e4b204629463af039ff4d4b1c
:10840000002215f0d1f942a3d3e9002315f0ccf9ed
:108410000022494b494c0df01bf9d4e904230646d0
:108420000f463da1d1e900010df012f9d4e9022374
:1084300080468946304639463af01aff02460b46d6
:108440004046494615f0b0f9d4e900233af010ff50
:1084500033a3d3e900230df0fbf82ef0affa00238d
:1084600001901a460c21262014f086fd02221146a6
:108470000023332014f080fd0c2211460023192024
:1084800014f07afd00231a461946152014f074fde5
:108490000822104605230a2114f06efd072211461a
:1084a0000023092014f068fd012211460023092051
:1084b00014f062fd00231a461946092014f05cfdf1
:1084c00000230f221146184630f050f80d221146b5
:1084d0000123002030f04af80122114600234c20ed
:1084e00030f044f80322114600234c2030f03ef8cf
:1084f0000422002311464c2030f038f89ded010a8b
:1085000003b0bde8f0830b4b2046294679e700bf56
:10851000666666666666e63f3d0ad7a3703dda3f4b
:10852000bc5983f755b9603f0000d03f0000e040e0
:108530000000f0400000503f0000f83f18110020fc
:1085400070b5a4b0044674220e4607a8002139f085
:10855000f3fd5f4b06930a935e4b0c935e4b5f4ab1
:108560005f486049604d0e93129303f14643cde995
:108570000420cde9081003f60d730138cde9105041
:108580000d90149359485a4b20925a4a5a4d1c91b7
:10859000cde9150359495a481a93cde92123594a7f
:1085a000cde91d13cde91850516810686b4603c31f
:1085b0009068d168272c03c36bdc0a2c75da14f1a0
:1085c0000b0f74dc1934b4bf002001204e4b1a7815
:1085d00082427ad01870050124ab002e69d15c1953
:1085e0000b2214f8803c0f21e52014f0c5fc14f890
:1085f0007f3c0b220f21e72014f0befc24ab1d446e
:10860000072215f87e3c0821fc2014f0b5fc15f873
:108610007d3c04220521e12014f0aefc15f87c3ce1
:1086200006220721e12014f0a7fc15f87b3c02226a
:108630000321e52014f0a0fc15f87a3c0022032168
:10864000e72014f099fc15f8793c04220721e72073
:1086500014f092fc15f8783c01220321e22014f07a
:108660008bfc15f8773c032204210a2014f084fccb
:1086700015f8763c0e220f21512014f07dfc15f8e0
:10868000753c08220e21522024b0bde8704014f041
:1086900073bc4f2c04dc3b2cccbf0520042095e799
:1086a000632cccbf0720062090e703208ee7022032
:1086b0008ce703eb40040b2214f8903c0f21e520db
:1086c00014f05afc14f88f3c93e724b070bd00bf3f
:1086d0000603033c121202020502023c14140303b7
:1086e0000301010a13130303111102020201030b18
:1086f000050202460301070e131203030301060dd0
:108700000301050c10270401d901012047f6ff736e
:10871000984207d000f307039bb2002207215a209a
:1087200014f02abc70477047094a41f62863d358b1
:10873000084a12689b1a084a23f07043934205d8ee
:10874000064b1878003018bf012070470020704792
:108750000020014130110020feffff071011002012
:1087600010b5fff7c9fdbdeec00a10ee103a1cb2fd
:108770002046fff7cbff094b1978204601f0010195
:10878000fff7defe064a41f62863d358054a03f593
:10879000403323f07043136010bd00bf111100205f
:1087a000002001413011002037b5244a1178002300
:1087b00063f300011170224a8df8073013700446ec
:1087c00028b1fff735fdfff75bfcfff765fc22469c
:1087d0000df10701072002f001fa1cb3194d2846dc
:1087e0000ef0aefad5e900010022002333f06bfc55
:1087f000154bb0fa80f040091870144b4ff440321a
:108800001a604ff08843124a1a65124b40f27142c7
:10881000012c9a600cbfff227f229a6113221a60fa
:108820004022da600ef0a2fa4ff082439b691b0fe0
:1088300001d00ef0c3fa03b030bd00bf111100200b
:108840000911002018110020101100203011002003
:108850004c0040e00010014142f27801272014f062
:0c8860005dbb0021122014f059bb00bfca
:020000040000fa
:020000040100f9
:10886c0070fe00201c0000000000000034c5002039
:10887c00040000000000000048000120040000007b
:10888c00000000006c010120140000000100000039
:10889c0000000000ccad0001000000000000000052
:1088ac0000000000edef00200200000000000000be
:1088bc0080fc0020500000000000000020fc002084
:1088cc00600000000000000068e600207005000059
:1088dc0000000000b0ff00201800000000000000a5
:1088ec00c2fe00200200000000000000d0fd0020ad
:1088fc0050000000000000003800012006000000bd
:10890c000000000070f5002068010000000000006d
:10891c00c80101200200000001000000010100005c
:10892c0038c5002030210000000000000c0101209f
:10893c000200000000000000980101200800000067
:10894c00010000000304000003040000900101205a
:10895c000800000001000000b0140401c814040158
:10896c00a00101200c0000000100000039210401cd
:10897c00b9150401f9330401000400200c040000b3
:10898c0000000000d8f60020580100000000000094
:10899c00efef002001000000000000004500012066
:1089ac000100000000000000c8ff00200c000000c7
:1089bc000000000010000120080000000000000072
:1089cc004c000120040000000000000046000120c3
:1089dc000200000000000000500001200800000010
:1089ec00000000000e01012001000000000000004a
:1089fc0050ff0020100000000000000018000120b3
:108a0c0008000000000000000f0101200100000020
:108a1c0000000000580001200400000000000000cd
:108a2c0060ff002020000000000000001001012069
:108a3c000100000000000000f0f3002080010000a5
:108a4c000000000098f900208c00000000000000dd
:108a5c001101012001000000000000003e00012077
:108a6c0002000000000000001201012001000000c3
:108a7c00000000005c000120040000000000000069
:108a8c0013010120030000000000000020fe002064
:108a9c00280000000000000080ff002010000000f3
:108aac000000000024fa00208c00000000000000f0
:108abc0048fe0020280000000000000016010120e4
:108acc000100000000000000b0fa00208c00000043
:108adc000000000017010120010000000000000050
:108aec00ce010120030000000100000001ff800006
:108afc00600001200800000000000000d1010120ee
:108b0c00010000000100000001000000ac01012088
:108b1c000400000001000000ffffffffd201012054
:108b2c00010000000100000001000000b001012064
:108b3c000400000001000000ffffffff18010120ee
:108b4c0001000000000000000c08002008000000dc
:108b5c0000000000140800200400000000000000c9
:108b6c00190101200100000000000000a8fe0020f7
:108b7c001a00000000000000180800200008000087
:108b8c000000000020000120080000000000000090
:108b9c00d4ff00200c000000000000003cfb002073
:108bac008000000000000000f0ef00200004000036
:108bbc000000000020fd002040000000000000002c
:108bcc00280001200800000000000000e0ff002049
:108bdc00180000000000000030f80020c800000061
:108bec0000000000680001200400000000000000ec
:108bfc001a010120010000000000000060fd0020af
:108c0c004000000000000000f8f80020a000000068
:108c1c0000000000ca010120020000000100000059
:108c2c0001000000181000200800000000000000e7
:108c3c006c00012004000000000000002010002047
:108c4c005400000000000000b401012004000000ea
:108c5c0001000000aaaaaaaa7400012004000000c6
:108c6c00000000003411002000b4000000000000df
:108c7c0078000120100000000000000030000120ee
:108c8c000800000000000000880001200c0000001b
:108c9c0000000000bcfb002064000000000000008d
:108cac00940001201400000000000000c4fe00200d
:108cbc002800000000000000a800012010000000a7
:108ccc0000000000ecfe002014000000000000007a
:108cdc00b8000120040000000000000000ff00208c
:108cec002800000000000000bc000120080000006b
:108cfc0000000000b8010120040000000100000089
:108d0c0004000000c4000120080000000000000066
:108d1c0028ff00202800000000000000cc000120eb
:108d2c000c00000000000000d30101200100000035
:108d3c000100000047000000741000200800000033
:108d4c00000000001c0101200200000000000000d7
:108d5c00d80001200400000000000000a0fd00204d
:108d6c003000000000000000dc00012004000000c6
:108d7c00000000007c1000206e00000000000000cd
:108d8c001e010120010000000000000090ff0020e7
:108d9c0010000000000000001f0101200100000075
:108dac0000000000d40101200300000001000000bd
:108dbc0020203000ec100020140000000000000007
:108dcc00200101200200000000000000e000012052
:108ddc000800000000000000220101200200000039
:108dec0000000000e800012004000000000000006a
:108dfc00240101200100000000000000ec00012013
:108e0c000400000000000000250101200600000005
:108e1c0000000000d701012001000000010000004b
:108e2c00200000002b0101200100000000000000c8
:108e3c00d801012001000000010000000100000029
:108e4c002c0101204000000001000000736a625bed
:108e5c0037332f2b28261d1915110f0b7f736a62c0
:108e6c005b332b28231b15110d0907051413121145
:108e7c00100f0e0d0c0a0806040200fefcfbfaf99a
:108e8c00f8f7f6f5f4f2f0eeeceae8e680010120f2
:108e9c0010000000010000000c0b0a090807060571
:108eac00040201fefcf9f6f200110020090000009a
:108ebc000000000040000120050000000000000040
:108ecc00091100200100000000000000d901012060
:108edc000100000001000000ff0000001011002044
:108eec002400000000000000cc0101200200000062
:108efc0001000000f80e00008cfe00201c00000099
:108f0c0000000000f000012008000000000000003c
:108f1c00d8eb00201504000000000000f8ff002032
:108f2c000c00000000000000bc0101200800000043
:108f3c000100000079320401bb2e0401a0ff0020c7
:108f4c001000000000000000f800012008000000e4
:108f5c0000000000c401012004000000010000001a
:108f6c0001000000000101200400000000000000ce
:108f7c00d0fc002050000000000000000401012083
:108f8c000800000000000000040001200c0000009c
:108f9c00000000000000000000000000666666662d
:020000040000fa
:020000040100f9
:108fac002de9f04f04468db08b46d0f898504ff019
:108fbc0001084be0002e40f0c181a26faa4200f2e2
:108fcc000881a667c4f8986023685b79012b40f090
:108fdc00bf80e16fd4f88420a36b914200f2f7803c
:108fec00002b00f0f48062680a2a00f0ff800c2a43
:108ffc0000f0fc8093f81c2202f00502052a40f0d8
:10900c006e82d3f820128a784d78c878120242ea20
:10901c00054202430c32b2f5617f00f260821623e6
:10902c00c4f89820c4e91d32e06e37f067fe204684
:10903c001bf0ccfc10f5c94f17d010f5cd4f03d059
:10904c0010f5cb4f40f05081d4f89850266f002d7e
:10905c00b0d1002e00f0b980a36f002bb4d0204605
:10906c001bf0b4fc10f5c94fe7d1a66bd4f898509f
:10907c00002eebd0636f142b00f0cb80162be5d1b8
:10908c00e26ed6f8643297887fbabfb29f42c0f0c6
:10909c005581ff1a032fd9d84fea470909eb07016d
:1090ac0006eb8101a5f10c00019091f81ca201f5d1
:1090bc0006731af0010f009340f0258120462cf026
:1090cc00abfda0f10102b2fa82f25209009b62f3ed
:1090dc00410ab5f5617f83f804a0b7d8d6f81432ed
:1090ec00b3f5004f00f22a81012840f02982019a41
:1090fc0012f0070a18bf4ff0010a05ebd202924496
:10910c00c3f50043534580f06b81002f9ed1304650
:10911c0034f038fad6f81432c3f500439a4540f2cd
:10912c005f810323009535461e46f1b2a06b2df0ee
:10913c00e9fad5f81422c2f50042924506f1ff3641
:10914c0040f24c81731cf0d1a0480db0bde8f08ffb
:10915c000521204611f0a4fc002831d105abe26fab
:10916c00216e20461af090fb236898b15b79012b95
:10917c0026d110f5c94f40f05182a66b099926b142
:10918c009df81c20162a00f08780d4f89850c4f85b
:10919c0084105be75b790999012b3dd1e36bc4f833
:1091ac008410002b00f0878105aa1946204618f080
:1091bc00dbfc226800285ad05379012b00f0e380a5
:1091cc0010f5cb4f3ff440afbfe7a567fce60d2190
:1091dc00bfe7e06e521ba26741192ff005faa36f8f
:1091ec00c4f89860002b7ff43aafede693f81822a0
:1091fc00002a00f07481e16ec4f8788000221420fb
:10920c00606781f80080e267c4f8842083f8182234
:10921c000de786f8188219e7204611f041fc00286a
:10922c00ced1e36be067002bbed123685b79012bb9
:10923c0000f041810b9bb3f5617f00f2c480226e7c
:10924c00d31ca2f108016366e1659df81c106167ef
:10925c000233a3661170089a0a98bdf82c30616e1f
:10926c000244e2665bba0b9aa2670b80dfe60b99ad
:10927c005379002966d1208940f20331884200f0ed
:10928c009d80d4f89c1001310329c4f89c105bdd3f
:10929c00012b7cd04e4858e7d6f84c22002a7ff49c
:1092ac0074afd6f81422c2f5004291423ff66daf6e
:1092bc00b4f88020c6f8501201321846c6f8542271
:1092cc0039f042fdc6f84c02002800f03b81dde984
:1092dc00081237f013fdd6f814320999d4f89850c7
:1092ec000b44c6f8143252e700287ff42eaf636f9c
:1092fc00162b7ff42aafbbf1010f7ff426af20466b
:10930c0027f00ef821e7d1f820321178187888422e
:10931c007ff49cae13f8010f12f8011f88427ff402
:10932c0095ae13f8010f12f8011f88427ff48eae30
:10933c005978537899427ff489ae81e025480db075
:10934c00bde8f08fc4f89c00012b00f0b48008211c
:10935c000ae0e06d835c0133dbb28354002b40f0f8
:10936c00e68023685b791146012b0cbf022000209c
:10937c00814201f1ff32ecd8012b00f0dd80002995
:10938c007ff458afdae010f5e34f7ff419af636860
:10939c000b2b3ff47faf0d2b3ff47cafd2f8842026
:1093ac002ab1e36801339a42e3607ff673af00237e
:1093bc00c4f88430e367d4f8985047e69df81c1045
:1093cc0017293ff45eaf0448bfe600bf0096ffffcd
:1093dc00808effff0094ffff008effff2e46009d46
:1093ec005146012039f0b0fc09eb070306eb83036f
:1093fc00c3f82002002800f03181e16ec3f824a2ea
:10940c0002460868106089889180d3f820120022e7
:10941c00ca800a72d3f820120a4632f8010f9278e9
:10942c00ca72a1f8090093f81c2242f0010283f8d9
:10943c001c22d6f814225244c6f8142293f81ca20b
:10944c001af0040f7ff400aee16e8a7acb790292a7
:10945c0091f806c04a7a087a039209eb070e06ebdc
:10946c008e021b02009243ea0c4303430098029abb
:10947c00d0f820020290039891f80ba003931202eb
:10948c0042ea004203f10c00029b42ea0a0a5246ed
:10949c0018440c3137f032fc0098039b90f81c12e6
:1094ac0000f5067211f0020f4ed141f0040111715a
:1094bc00d4f89850cae520461af0dafc0b9bb3f5a9
:1094cc00617f80d82368226e5979012902f1030348
:1094dc007ff4b7aee36502f10b036366b5e6d3f830
:1094ec004c1200293ff473aeb4f88020d3f8540228
:1094fc0090427ff46cae206ea26dd3f85052831a5a
:10950c00c3f56c7301339d423ff618af2a4637f012
:10951c00f5fb0023c4f88430e567a06b34f032f817
:10952c0023685b79012b0cbf0d21052111e6236803
:10953c005b79012b7ff47eae0229bcd1484804e64e
:10954c00aa46dde5099920e6029a03f0070c2a44a5
:10955c001546ccf10800d908bcf1000f12d0824599
:10956c006ad9aaf1080a525ce244034405eb010ce7
:10957c00013808fa00f10a43d2b20028f8d18cf86d
:10958c000020d9081af007000fd05344da08aaebd0
:10959c00000aab5cc0f1080008fa00fc01304cea90
:1095ac0003030828dbb2f7d1ab5468184feada0290
:1095bc00ff2138f0bbfd019bd8080dd02b78ff2b79
:1095cc0036d1411e29442b4604e000bf13f8012f6d
:1095dc00ff2a2dd18b42f9d1019b13f007030fd039
:1095ec00285cc2110dd0c3f10703062102e012f072
:1095fc00010206d0994240fa01f201f1ff31f6d195
:10960c00012209eb070306eb8303d4f8985093f877
:10961c001c1262f3820183f81c1217e510f5ce4f71
:10962c00d4f8985006d00023c4f88430e3670de5d5
:10963c000022e6e70999aae5baf1000fbbd0535c0a
:10964c00a0eb0a0a114400bf08fa0af20af1010a57
:10965c0013435045dbb2f7d10b70ace7014874e50e
:08966c008094ffff0081ffff65
:020000040000fa
:020000040100f9
:1096740080b588b000afb96011461a460346fb8135
:109684000b46bb811346fb80fb893b82bb687b6135
:10969400bb893b83fb887b830e4b1b68fb6110e01b
:1096a400fb691b6807f1100210469847034683f0d4
:1096b4000103dbb2002b01d0002306e0fb695b68e9
:1096c400fb61fb69002bebd1012318462037bd4613
:1096d40080bd00bf8cfe00201fb50446694600888b
:1096e40000f0acf968b3bdf80230abb1019b9bb19b
:1096f400029bd3b9a2882088cab1a368bbb1618890
:10970400fbf70afbd0b14ff0200383f31188bff3ba
:109714006f8fbff34f8ffee74ff0200383f3118861
:10972400bff36f8fbff34f8ffee79847e2e7019bcc
:10973400bdf802200021fbf7effae3e7208800f0f0
:10974400c4f904b010bd7fb56946054600f076f94a
:1097540010b9002004b070bdbdf80230a3b1019b64
:1097640093b1029bcbb92846fbf760fb019abdf885
:10977400021006462846fbf777fb022804460ed162
:10978400b4fa84f04009e5e74ff0200383f311882d
:10979400bff36f8fbff34f8ffee79847e3e740b106
:1097a4004ff0200383f31188bff36f8fbff34f8f04
:1097b400fee73346bdf8022001992846fff758ff1b
:1097c4000028ddd1c5e71fb504466946008800f0ce
:1097d40035f910b9002004b010bdbdf8023093b1c2
:1097e400019b83b1029b83b96188a288bdf80230d2
:1097f40088189842eedca3682088fbf7edfab0faeb
:1098040080f04009e7e700f029f89847ece773b5e2
:10981400104adff844c005460e4600236c46bcf8e7
:109824000210994201d800200de092e8030084e878
:109834000300d1888d4208d1adf8065094e80300a6
:1098440086e80300012002b070bd013308329bb2e8
:10985400e5e700bfac03000190fe00204ff02003b9
:1098640083f31188bff36f8fbff34f8ffee72de9aa
:109874007f431b4d8046286838f0e4fb0024814672
:109884002646a14509d836bb32464146144837f02e
:10989400c1fe01281fd0fff7e1ff002201a92846dd
:1098a40038f058fb01280dd1019ad8f8003001a9ed
:1098b4009a4208bf012628460022013437f0aafe46
:1098c400e4b2dee74ff0200383f31188bff36f8f18
:1098d400bff34f8ffee7012004b0bde8708300bfe3
:1098e400f000012010b5044688b1082015f092fd5f
:1098f40040b94ff0200383f31188bff36f8fbff398
:109904004f8ffee7024b04601a694260186110bd74
:1099140090fe002010b5044688b1082015f07afda9
:1099240040b94ff0200383f31188bff36f8fbff367
:109934004f8ffee7024b04601a684260186010bd46
:109944008cfe002010b50446082015f063fd28b1f4
:10995400034b04805a6942605861012010bd00bf66
:1099640090fe002000f44063b3f5406f13b514d1aa
:109974006946fff74cff70b9002002b010bd009b90
:1099840033f81400fbf7aafb0134e4b2bdf8043049
:10999400a342f4d8f0e70024f8e7fbf79ffbebe7da
:1099a400034b00229880181dda801a81da605ee782
:1099b40090fe0020054b5b690bb9184670471a8866
:1099c400824201d05b68f7e70120704790fe0020d7
:1099d4007fb5184b184d5e6904464eb90120fbf75c
:1099e400d5fb3146286822f0e1f8002004b070bdb0
:1099f400fbf7ccfb24b10021286822f0d7f8f4e768
:109a0400286838f01ffb0646a642eed9002201a9b9
:109a1400284638f09ffa012809d1bdf80400fff761
:109a2400c9ff20b1002201a9284637f0f3fd013413
:109a3400e4b2e9e790fe0020f00001202de9704136
:109a4400dff848c0dff8488085b086460e4600251a
:109a54006c46bcf80030ab4201d8002010e008eba3
:109a640005130fcb84e80f00bdf8003073450ad10d
:109a7400234603cb3060716003cbb060f1600120fa
:109a840005b0bde870810135e3e700bf90fe00201a
:109a9400ec0200011fb50446008800f44063b3f5ee
:109aa400406f02d1002004b010bd6946fff7c6ff25
:109ab4000028f7d0a28863881344bdf8022093429b
:109ac400f0dc2046fff7d3feede738b5044b1c6904
:109ad400054604b938bd2368284698476468f8e702
:109ae40090fe002030b585b0044669460088fff733
:109af400a5ff002845d0bdf80230d3b1019bc3b106
:109b0400029bfbb92088fbf781fb2588e0b9019a09
:109b1400bdf802102846fbf7a7f910f0fd0f2dd071
:109b24004ff0200383f31188bff36f8fbff34f8f80
:109b3400fee74ff0200383f31188bff36f8fbff369
:109b44004f8ffee79847dde7a2887ab1a3686bb12f
:109b540061882846fbf7e0f880b14ff0200383f3d7
:109b64001188bff36f8fbff34f8ffee7019bbdf8e2
:109b7400022000212846fbf7cff8ede72088fff705
:109b8400a4ff05b030bd08b5024b186838f05afa86
:109b9400c0b208bdf000012030b5184d89b00022d4
:109ba40002a9284638f0d6f9012801d009b030bd01
:109bb400bdf8080000f44063b3f5406f19d169465d
:109bc400fff725fe0028ead00024adf81640adf8d2
:109bd40018400794bdf80430a342e0d9009b05a8bf
:109be40033f81430adf814300134fff77bffe4b2de
:109bf400f0e702a8fff776ffd1e700bff0000120ed
:109c040030b50446008800f44063b3f5406f85b076
:109c140003d10025284605b030bd6946fff70eff85
:109c240005460028f5d0a28863881344bdf80220b5
:109c34009342eedc2046fff755ffebe700f4406368
:109c4400b3f5406f37b518d16946fff7e0fd054617
:109c540088b900250ce0009b33f81400fbf7d6fa12
:109c64000028f6d00134e4b2bdf80430a342f2d89f
:109c7400284603b030bd0024f6e7fbf7c7fa0546d3
:109c8400f6e700f44063b3f5406f13b516d16946a7
:109c9400fff7bdfd80b9012002b010bd009b33f871
:109ca4001400fff750fd0028f6d00134e4b2bdf8eb
:109cb4000430a342f2d8eee70024f8e7fff743fdaf
:109cc400eae7038803f44063b3f5406f00d07ae514
:049cd40000207047b5
:020000040000fa
:020000040100f9
:109cd8002de9f04f85b0012a019140f2ba8006467d
:109ce80008211046924639f031f88346002800f0e2
:109cf800f38202a80af1ff3739f004f83c465846c7
:109d0800013c00f1080538f0fdff621c2846f7d138
:109d1800019c2168584610311ff06aff014600284f
:109d280057d1a1464ff001080bf1080459f8042f48
:109d3800a4f108011032204611f0cafd014600289e
:109d480047d1b36c002b73d0b4f90430002b79db06
:109d5800204639f0f5f9f36bb0eb430f77d8b36cc5
:109d6800204698470146a0bb351d0ae032f0d0fed8
:109d78002a46214600284ad0204639f0e5f901460e
:109d880038bbb4f9043000218b422046eedb3ee0bc
:109d98004feac8090beb090108462a4606f01afbe8
:109da8000146b0b9019b019703eb8808019ba9f113
:109db8000809d944ba46002b00f0108209f10804ba
:109dc80021464a4602a811f083fd0146002848d0e2
:109dd800574602a8019135f0a9ff01995846013f5d
:109de800019100f1080435f0a1ff7b1c2046019980
:109df800f5d1584638f0b0ff0199084605b0bde8de
:109e0800f08f00bf19f08afe01460028e1d12946eb
:109e1800204618f02ffe00282a4621462046f1da6f
:109e280008f101039a4504f10804b1d098467de78a
:109e3800351d21462a46204620f03afc01460028d6
:109e4800eed0c6e7204632f063fe002880d0bb493a
:109e5800bfe7096807f0d8fc0146084605b0bde829
:109e6800f08fb36c002b00f0f381bdf90c30002ba0
:109e7800c0f2228202a839f063f9f36bb0eb430f0a
:109e880000f23682b36c02a89847014658b19fe7a2
:109e980032f03efe2a4602a988b102a839f054f9e8
:109ea8000146002894d1bdf90c3000218b4202a84c
:109eb800eedb04e019f032fe0146002888d129467d
:109ec80002a818f0d7fd02a900282a460846f1daa8
:109ed800d8f8002021461032484611f0f9fc014616
:109ee80000287ff475afb36c002b00f0bb81b9f983
:109ef8000430002bc0f2e881484639f021f9f36bb1
:109f0800b0eb430f00f2f281b36c48469847014624
:109f180060b15de732f0fcfd2a464946a0b14846eb
:109f280039f012f9014600287ff452afb9f904302c
:109f380000218b424846eddb06e000bf19f0eefd3c
:109f4800014600287ff444af2946484618f092fda0
:109f580000282a4649464846f0dad8f8007007f142
:109f680008042146204602aa11f0b2fc0146002846
:109f78007ff42eafb36c002b00f03981b7f90c30a9
:109f8800002bc0f27981204639f0daf8f36bb0eb98
:109f9800430f00f2a981b36c20469847014660b18f
:109fa80016e732f0b5fd2a46214698b1204639f029
:109fb800cbf8014600287ff40bafb7f90c3000212d
:109fc8008b422046eddb05e019f0a8fd014600288c
:109fd8007ff4feae2946204618f04cfd00282a469c
:109fe80021462046f0da02aa1146104611f070fc0c
:109ff800014600287ff4ecaeb36c002b00f00a8118
:10a00800bdf90c30002bc0f23f8102a839f098f856
:10a01800f36bb0eb430f00f26581b36c02a898476d
:10a02800014660b1d4e632f073fd2a4602a998b120
:10a0380002a839f089f8014600287ff4c9aebdf9b5
:10a048000c3000218b4202a8eddb05e019f066fd1b
:10a05800014600287ff4bcae294602a818f00afd84
:10a0680002a900282a460846f0dad8f8004002aad1
:10a078002146204611f02cfc014600287ff4a8aeaa
:10a08800b36c002b00f0d080b4f90430002bc0f280
:10a098000381204639f054f8f36bb0eb430f00f21c
:10a0a8001f81b36c20469847014660b190e632f0b4
:10a0b8002ffd2a46214698b1204639f045f8014639
:10a0c80000287ff485aeb4f9043000218b42204685
:10a0d800eddb05e019f022fd014600287ff478ae9b
:10a0e8002946204618f0c6fc00282a462146204664
:10a0f800f0dad8f8007007f108042146204602aad1
:10a1080011f0e6fb014600287ff462aeb36c002b29
:10a1180000f09480b7f90c30002bc0f2c5802046bf
:10a1280039f00ef8f36bb0eb430f00f2d780b36c45
:10a1380020469847014678b14ae600bf80b0ffff45
:10a1480032f0e6fc2a462146a0b1204638f0fcff52
:10a15800014600287ff43caeb7f90c3000218b4251
:10a168002046eddb06e000bf19f0d8fc01460028c8
:10a178007ff42eae2946204618f07cfc00282a469b
:10a1880021462046f0da7189d8f8000024f07afcdc
:10a19800014600287ff41caed8f800007189083009
:10a1a80024f070fc014600287ff412aed8f80000b5
:10a1b800012110302ff078ff014600287ff408ae07
:10a1c800019ba8f10408a9f10809002b3ff400ae8f
:10a1d800013b0193019b002b7ff4f0ad594602a887
:10a1e8001ff006fd014600283ff4b7aef0e5214612
:10a1f8002a46204620f05cfa014600287ff4e8ada4
:10a2080002aa1146104611f063fb014600287ff4ac
:10a21800dfadf1e602a908462a4620f049fa0146d0
:10a2280000283ff422afd3e521462a46204620f0f5
:10a238003ffa014600283ff45cafc9e521462a46ab
:10a24800204620f035fa014600289cd05746c0e544
:10a2580002a908462a4620f02bfa014600283ff4b6
:10a2680037aeb5e549462a46484620f021fa014668
:10a2780000283ff472aeabe5204632f049fc0028d6
:10a288003ff481ae5746e2e502a832f041fc0028cf
:10a298003ff4bbae5746dae5204632f039fc0028d9
:10a2a8003ff4f7ae5746d2e5204632f031fc00289d
:10a2b8003ff435af5746cae502a832f029fc00281a
:10a2c8003ff4d8ad5746c2e5484632f021fc002895
:10a2d8003ff412ae5746bae506498ee55746b6e54d
:10a2e8005746b4e55746b2e55746b0e55746aee59a
:08a2f8005746ace580b2ffff00
:020000040000fa
:020000040100f9
:10a300002de9f04f1d6983b00c9c002d52d002f155
:10a31000100a894607460021504690469b4632f077
:10a32000fbfb00284ad00bf110052846002132f033
:10a33000f3fb88b32846012132f0eefb002839d127
:10a3400052465146204611f0c7faa0bbbb6c002b09
:10a3500000f0b280b4f90430002bc0f2be80204679
:10a3600038f0f2fefb6bb0eb430f23d8bb6c2046fa
:10a37000984700bb3d1d08e032f0cefb2a4621463f
:10a3800040b3204638f0e4fea8b9b4f90430002107
:10a390008b422046f0db1de04146484603b0bde855
:10a3a000f04f32f011bb0146304632f0b5fb0028c9
:10a3b00000f0bc80b94803b0bde8f08f594648466c
:10a3c00003b0bde8f04f32f0ffba00bf19f0aafbae
:10a3d0000028f0d12946204618f050fb00282a46d4
:10a3e00021462046f2da04f108063046524621465c
:10a3f00011f072fa0028ded1bb6c002b65d0b4f9e5
:10a400000c30002bc0f21181304638f09dfefb6b02
:10a41000b0eb430fced8bb6c3046984750b1cae77b
:10a4200032f07afb2a46314680b1304638f090fe51
:10a430000028c0d1b4f90c3000218b423046efdb4c
:10a4400004e000bf19f06efb0028b4d12946304665
:10a4500018f014fb00282a4631463046f2da5a46f4
:10a460002146204611f038fa0028a4d1bb6c002bfd
:10a4700000f0d280b4f90430002bc0f2e680204610
:10a4800038f062fefb6bb0eb430f93d8bb6c2046f9
:10a49000984750b18fe732f03ffb2a46214650b330
:10a4a000204638f055fe002885d1b4f9043000214b
:10a4b0008b422046efdb1ee03d1d2a46214620460a
:10a4c00020f0faf800288ed075e72a46314630464b
:10a4d00020f0f2f80028c2d06de70146204632f0a5
:10a4e0001bfb00283ff43baf64e700bf19f01afbe9
:10a4f00000287ff460af2946204618f0bffa0028f4
:10a500002a4621462046f1da0bf108023146304650
:10a5100011f0e2f900287ff44eafbb6c002b00f085
:10a520008c80b4f90c30002bfff63daf304638f08c
:10a530000bfefb6bb0eb430f3ff63cafbb6c304602
:10a54000984758b137e732f0e7fa2a46314690b1da
:10a55000304638f0fdfd00287ff42dafb4f90c3003
:10a5600000218b423046eedb05e000bf19f0dafa3d
:10a5700000287ff420af2946304618f07ffa0028e3
:10a580002a4631463046f1da42462146204638f026
:10a59000e3fd58b10fe732f0bffa2a46214658b121
:10a5a000204638f0d5fd00287ff405afb4f904301b
:10a5b00000218b422046eedb08f108031a463146a3
:10a5c0003046019338f0c8fd58b1f4e632f0a4faf1
:10a5d0002a46314658b1304638f0bafd00287ff49b
:10a5e000eaaeb4f90c3000218b423046eedb00219c
:10a5f000204632f091fa80bb0146304632f08cfaa8
:10a60000002840f01081234642464946384603b0b0
:10a61000bde8f04ffbf794bb2a462146204620f0c8
:10a620004bf800283ff470afc5e60146304632f0e3
:10a6300073fa00283ff4e8aebce62a4631463046bd
:10a6400020f03af800289fd0b5e60146204632f0c7
:10a6500063fa00283ff413aface609f1100b514642
:10a660005846224611f038f900287ff4a4aebb6c9e
:10a67000002b00f0de80b9f91430002bc0f2ea8024
:10a68000584638f061fdfb6bb0eb430f3ff692aede
:10a69000bb6c5846984770b18de600bf80b0ffff95
:10a6a00032f03afa2a46594688b1584638f050fdf9
:10a6b00000287ff480aeb9f9143000218b4258464f
:10a6c000eedb04e019f02efa00287ff474ae294680
:10a6d000584618f0d3f900282a4659465846f1da68
:10a6e00004f1100a50462246214611f0f5f80028e0
:10a6f0007ff461aebb6c002b00f0a480b4f9143081
:10a70000002bc0f2af80504638f01efdfb6bb0eb63
:10a71000430f3ff64faebb6c5046984758b14ae6e0
:10a7200032f0faf92a46514688b1504638f010fd09
:10a7300000287ff440aeb4f9143000218b4250461b
:10a74000eedb04e019f0eef900287ff434ae294680
:10a75000504618f093f900282a4651465046f1da3f
:10a7600004f1180529462346524638461ef000f8e3
:10a7700000287ff420ae43465246514638461df02d
:10a78000f7ff00287ff417ae514620461ff034fa39
:10a7900000287ff410ae0122214638462ff0b6fb88
:10a7a00000287ff408ae33463246494638461df04d
:10a7b000dfff00287ff4ffad23464a46494638466e
:10a7c0002ef05cfb00287ff4f6ad2b464a46494646
:10a7d00038462ef053fb00287ff4edad4b46524631
:10a7e000514638462ef04afb00287ff4e4ad33464c
:10a7f0005246514638461df0bbff00287ff4dbadc2
:10a80000019b2a46294638461df0b2ff00287ff4f6
:10a81000d2ad2b46524609f10801384603b0bde8d7
:10a82000f04f2ef02bbb484603b0bde8f04f32f09e
:10a8300015be2a46594658461ff03eff00283ff4f1
:10a840004fafb8e52a46514650461ff035ff002865
:10a8500086d0b0e50146584632f05ef900283ff454
:10a860000fafa7e50146504632f056f900283ff4f5
:04a870004aaf9fe567
:020000040000fa
:020000040100f9
:10a87400704770b5e9b101444ff6ff7348f20845db
:10a8840089b210f8014b082284ea030616f0010f7e
:10a894004fea530302f1ff3214bf6b409bb212f034
:10a8a400ff024fea5404efd182b28a42e9d1db437a
:10a8b40099b2084670bd10b51378ed2b144611d12a
:10a8c4005378032b0ed1937853b1012b0ad1fff7a0
:10a8d400d0ff2279e37803eb02231b1a18bf01236c
:10a8e400184610bd0123fbe7f0b503464078062265
:10a8f400b0fbf2f102fb110212f0ff001fd1114e66
:10a90400114fdff848c0cdb20146a94200d1f0bdd5
:10a91400dc789a7893f804e002eb042202f1824492
:10a9240004f59034013184f800e05c7994559c7905
:10a93400d455dc7902f80c40c9b20633e5e70120ae
:10a94400e5e700bf0120014102200141032001414c
:10a954002de9f04343780622b3fbf2f602fb1632ec
:10a9640012f0ff0237d102391c4fdff874c0dff850
:10a9740074e0f6b203461546c9b2b54202d1104698
:10a98400bde8f083dc789878012900eb042080b2dc
:10a9940012d800f1824404f5803893f8049088f8c2
:10a9a400009004f1011493f8058084f800809c79e8
:10a9b400c455dc7900f80c40a42808d1187900f0bb
:10a9c4001f00c40648bf60f01f008ef80000013568
:10a9d400edb20633d1e70122d1e700bf0200014105
:10a9e40003000141091100204078023818bf0120fa
:10a9f40070474378042b05d1034bd0f802201a602a
:10aa040001221a710020704740000120f8b50f465a
:10aa140004460026a1f10805a54202d84ff0ff34f0
:10aa240006e02378ff2b13d1230703d144f07f449e
:10aa34002046f8bd24f003031c1da742eed95a6832
:10aa4400013205d15b69013302d114f00c0fedd052
:10aa54002378012b0ad16378012b07d1a178621dd9
:10aa64000a44e01cfff727ff0028e1d00eb1d3e72a
:10aa74000434a542d0d923680133cdd0234613f83a
:10aa8400012bef2a0bd16378002bf1d1a378ed2ba6
:10aa9400eed1e378032bebd107340126bce71c4647
:10aaa400e7e72de9f04785789df8206004460f46d6
:10aab4009046994603354ff0010a2378434508bf71
:10aac40089f800a02378092b47d010d8072b2ed063
:10aad40033d8022b24d00020a74226d96378023d24
:10aae400ed1a2db20233002d1c44e6dc1de00d2bc3
:10aaf40027d006d80a2beed131462046fff728ff8f
:10ab040011e01a2b23d0552be5d1a4f50003a3f5ae
:10ab1400c043b3f5776fded22046fff76aff02e049
:10ab24002046fff761ff0128d6d1bde8f087002e4b
:10ab3400d1d020460cf0c5f8f5e720460cf06af8b1
:10ab4400f1e7002ec7d020460cf0a2f8ebe7002e68
:10ab5400c1d020460cf0e8f8e5e7002ebbd0204633
:10ab6400fff7c2fedfe72de9f7430f46904699460b
:10ab740030b3164b1a7932b3186800f5776600259e
:10ab84000be04346cdf800903a463146fff789ff83
:10ab94000546a07804f10a031844b0420cd23146a9
:10aba400fff734ff10f07f4f0446ead0084b20f043
:10abb4007f449c4208bf0125284603b0bde8f083ca
:10abc400044e0348dbe78525f6e700bf400001207b
:10abd40000608000706f800013b5134614460a4667
:10abe40001460020fff7bfff054b1b7933b1234615
:10abf4000df1070200210120fff7b5ff02b010bddf
:10ac0400400001202de9f0478678089d9df824a096
:10ac1400894604461746984603360021237862780d
:10ac2400ff2fdbb208d1013bdbb2fd2b2ed82888e5
:10ac34000232214640440ae0bb4227d1baf1000f58
:10ac4400f5d0062f0cd1072a1cd1a11c404636f0a2
:10ac540059f82b889a1c637813442b80012115e042
:10ac64000b2f01d1042aefe70c2f01d1012aebe7c6
:10ac7400102f01d1182ae7e7152f01d1082ae3e79d
:10ac8400182fefd02b8802331a442a806378023eaf
:10ac9400f61a36b20233002e1c4401dd4c45bdd3f6
:10aca400012914bf80200020bde8f0872de9ff476b
:10acb400074600241448154d154eadf80e4088463d
:10acc4004ff001092946fff7a1fe10f07f4f82469d
:10acd40013d10df10e030093cdf8049043463a4688
:10ace4002946fff78fff00289af802000af10a03a9
:10acf400184408bf0124b042e4d9012c14bf8020b9
:10ad0400002004b0bde8f08700608000706f800010
:10ad14006f6f8000014608b50620fff7c7ffb0fa41
:10ad240080f0400908bd014608b51520fff7beffb5
:10ad3400b0fa80f0400908bd024b93f9003003706b
:10ad4400012070470911002013b5044601a90b2006
:10ad5400fff7acff28b9bdf804302380012002b00e
:10ad640010bd0020fbe713b5044601a90b20fff733
:10ad74009dff28b9bdf806302380012002b010bd24
:10ad84000020fbe713b504460df107010c20fff783
:10ad94008dff28b99df807302370012002b010bd43
:10ada4000020fbe7014b1879704700bf40000120e9
:10adb400014b1871704700bf40000120014b186817
:08adc400704700bf40000120b0
:020000040000fa
:020000040100f9
:04adcc006c6564004e
:020000040000fa
:020000040100f9
:10add0002de9f04f2ded028bd2e9008997b0cde936
:10ade0000c138b6808930b690f90d1e900b614938c
:10adf000cd68002200234046494630f07df940b935
:10ae00001bf0040f32d11bf00803059330d0202330
:10ae100003e089f0004399462d232b70089b03f132
:10ae2000ff3a012305934c4929f0004300208b424f
:10ae300008bf80451fd10d9b413b192b059b94bf3b
:10ae4000464947492b44184638f02cf8284636f036
:10ae5000affccdf800b00246089b0f98294622f0bf
:10ae6000b7fa17b0bdec028bbde8f08f2b23d4e707
:10ae7000ddf820a0d7e7994208bf404509d20d9bd5
:10ae8000413b192b059b94bf364937492b44184643
:10ae9000dae7002200234046494631f014f99feddd
:10aea0002c7b8ded027b48b300240d9837f066fcb7
:10aeb000002ec3b20993c0f2d781672b5ad1002e5e
:10aec00008bf0126231d02dbb442c0f2c6816527fc
:10aed00061e09ded067b8ded027b01340022234b6a
:10aee000dde9020112f060fc42464b46cde9060165
:10aef00030f0e6f80028ecd000271fe00446ede72c
:10af000014f5967f11da87b90022194b404649465d
:10af100012f04afc002280468946154bdde9020109
:10af200012f042fccde902010127dde90201002215
:10af30000e4b0af08dfbcde90201013cdde9022355
:10af40004046494630f0d8f80028d9d1ade700bfd7
:10af5000000000000000f03f0000f07f50270401d7
:10af600054270401582704015c27040100002440f1
:10af700000005043099f662f06f101060bd1002cfb
:10af800004da9fedbd7b8ded027b0024099b672bce
:10af900018bf361966279ded027bcde906898ded38
:10afa0000a7b00230e93dde90a23dde906010af09e
:10afb0004ffb41ec100b19f0dbfd51ec100bb0ee28
:10afc000408af0ee608a2bf045fdb0ee480af0eec4
:10afd000680a069b1093079b159083f0004311931a
:10afe0009ded0a1b9ded102b32f05efc53ec102bf7
:10aff00083f000430793dde90a01a34b8ded060ab8
:10b0000000220af025fb0e9b01339e42cde90a0186
:10b010000e93c8d100229d4b12f0c6fbcde90a0168
:10b0200002460b46dde9060130f066f8002840f0e4
:10b030008180dde90a23dde9060131f044f810b131
:10b04000159bda0776d5dde90a234046494609f023
:10b050007bfb0022cde906018b4bdde9020112f0fa
:10b06000a3fbdde90623cde90a012ff001fa002850
:10b0700065d0662f04f1010465d10136a146a9eb24
:10b0800006034ff00008059e1093cdf80880109b32
:10b09000994540f08180029b002b00f0c880a819e0
:10b0a0000022652f027029d1149b1499013b944210
:10b0b000ea54c1f1030ebcbf644201220a21002cf4
:10b0c00040f0bc800eeb030cbcf1000f00f3b68027
:10b0d000002a03f1ff3114bf2d222b226a540d9a4e
:10b0e000023b413a192a05eb030198bf45279e42ce
:10b0f0000f70aaf1020a01da37f0d4fe0bf0030355
:10b10000022b7ff4a3aebaf1000f7ff79fae284663
:10b1100036f04efb05eb0a03059a824240f3998014
:10b12000059b2b4418465246302137f005f8002382
:10b1300008938be69fed527b8ded0a7b83e79dedb7
:10b14000027b8ded0a7b652f14bfa1464ff00009ed
:10b1500095e7029a52b9b9f1000f07da0e992e223b
:10b160006a54012201360af1ff3a029205eb080106
:10b17000aa193144302001e002f8010b9142fbd1c1
:10b1800008eb06023033aaeb080808f1ff3a561c18
:10b19000ab544ff0000828e00c9b0e961b69053b52
:10b1a000b3427ff678afdde90a23dde906010af054
:10b1b0004ffa41ec100b19f0dbfc51ec100bb0ee28
:10b1c000408af0ee608a2bf045fc0bf01002092853
:10b1d0000346a8bf09230243bbd1099a672ab8d105
:10b1e000b9f1000fc2da08f10108069b1293079b20
:10b1f000b0ee480af0ee680a83f0004313939ded29
:10b200000a1b9ded122b32f04ffb53ec102b83f0f9
:10b2100000430793dde90a0100221b4b8ded060a6e
:10b220000af016fa09f1ff39cde90a012fe71bf000
:10b23000100f1ebf2e23ab55013630e7b4fbf1fcd7
:10b24000013b01fb1c443034ec540af1ff3a6446e4
:10b2500035e72a5c1a5401385ee7002cbff69aae37
:10b26000662788e606262de6099b672bfad01f463f
:10b27000062680e6aff30080000000000000f03feb
:10b280000000000000000000000024400000144006
:020000040000fa
:020000040100f9
:10b290002de9f04f95b0cde912030b68089392edbc
:10b2a000007b4b680a938b6809930b690d93cc68fc
:10b2b0000022002351ec170b8ded047b2ff01cffb7
:10b2c00040b9089b580734d4089b13f0080732d0c4
:10b2d000202306e0dde9042181f00043cde90423c9
:10b2e0002d232370099b01275a1edde90403dff893
:10b2f000f8b223f000414ff0000a594508bf50450d
:10b300001bd1139b413b192b04eb070094bfb049a1
:10b31000b04937f0c7fdaf4836f04afa089b0093b2
:10b320000246099b1298214622f052f815b0bde85a
:10b33000f08f2b23d5e7099ad7e7139b8b45a3f111
:10b34000410308bf82450b9309d2192b04eb070078
:10b3500094bfa149a14937f0a5fda048dce7302101
:10b36000e1550b997b1c1a2934bf58217821e154ef
:10b37000931e079300220023dde90401023730f019
:10b38000a2fe002800f07b819fed8f7b8ded027b7c
:10b3900000250a9bdde90289002bdde904abb8bf7b
:10b3a00018230e93002642464b46504659460af053
:10b3b0004ff941ec100b19f0dbfb42464b4651ecc8
:10b3c000100b8ded100b12f0eff902460b465046b4
:10b3d000594637f04dff824b82468b4640464946e0
:10b3e000002212f0e1f9731c0c930a9b002b80469b
:10b3f000894606da002200235046594630f063fea3
:10b4000028b90e9bb34200f3408101330c93002214
:10b41000744b4046494612f0c7f9804689460246b9
:10b420000b46504659462ff067fe002840f02f810a
:10b4300042464b465046594630f045fe30b1dde9b4
:10b4400010012bf007fbc10740f1218142464b461a
:10b45000dde9040109f078f9cde90401dde9042111
:10b4600021f00043604900208b4208bf82423ff434
:10b4700048af4ff000083e46c246c1460d9b053b13
:10b48000b342b34633d9dde90223dde904010af012
:10b49000dff841ec100b19f06bfb51ec100b8ded4c
:10b4a0000e0b2bf0d7fa002840f0f680b9f1000f10
:10b4b00000f0f28008f10108dde90223dde90e0168
:10b4c00012f072f902460b46dde9040137f0d0feb6
:10b4d000434bcde904010022dde9020112f064f9d9
:10b4e0000c9b09f101094b45cde90201c6d1baf126
:10b4f000000f1ed1b8f1000f00f015810a9b002b40
:10b5000040f31181089bda0700f10d81a3192e2267
:10b510001a7008eb06022244302100bf03f8011f15
:10b520009a42fbd1079b46446fea08084344013620
:10b5300007930d9b0d990022a019013b95420270c3
:10b54000b8bf6d42e254c1f1020eb8bf01224ff004
:10b550000a08002d40f0d7800eeb030cbcf1010f60
:10b5600000f0d180002a03f1ff3114bf2d222b22dd
:10b5700062540b9a023b1a2a04eb030134bf502297
:10b5800070229e420a7001da37f08cfc089b03f0af
:10b590000303022b14d1079ba3f10208b8f1000f9b
:10b5a0000edd204636f004f904eb0803b84280f2c1
:10b5b000b68042463021e01936f0befd00230993e3
:10b5c0002046a9e6aff30080000000000000f03f35
:10b5d0004027040144270401482704014c270401a3
:10b5e0000000b03f000020400000f07fcde902895c
:10b5f0000135dde902231046194609f0a5f8804619
:10b60000894602460b46dde904012ff075fd00284e
:10b61000ecd0dff82cb1dff82c914ff0000a4ff09e
:10b620000008dde90223dde904012ff065fd0028b3
:10b630003ff4afae52465b46dde9020112f0b4f8ca
:10b640000022002330f03ffd78b142464b46dde951
:10b65000020112f0a9f84246cde902014b46dde9ac
:10b66000040112f0a1f8cde90401dde9020152461e
:10b670005b4612f099f8013dcde90201d1e79fed5b
:10b680002e7b05468ded027bb3e70c9e8be64ff0db
:10b6900000084ff00009d9e6baf1000f0bd1b9f15b
:10b6a000000f08d02e2304f80b30079b013b013616
:10b6b00007934ff0010a04eb0803a2193344302129
:10b6c00002e000bf02f8011b9a42fbd1079b06eb88
:10b6d000080ba3eb08080b9b0928d4bf3030573068
:10b6e000192b06d840f02003613b192b01d837f005
:10b6f0004cf808f1ff330bf1010604f80b00079337
:10b700004ff00008d8e60799b5fbf8fc013b08fbb1
:10b710001c5530350139e5540791654619e7225c1f
:10b720001a54013842e7089bdb067ff502af2e234f
:10b73000a3550136fde600bf000000000000f03f09
:08b740000000e03f000050434f
:020000040000fa
:020000040100f9
:10b748002de9f04f83b011210446019032f012fe2a
:10b758000090002840f0068222681368d2f82090f2
:10b76800d2f824c0576813eb0903d2e90b652cbf44
:10b778000124002413eb0c0e2cbf01230023d2e973
:10b788000d102344b64538bf013baeeb0604a4ebcd
:10b798000508ac4238bf013b884538bf013ba8ebe0
:10b7a8000104844238bf013ba4eb000efc182cbff7
:10b7b8004ff001084ff00008002bc2f800e0c0f27b
:10b7c800de81976ad36bd2f808a01ceb04042cbf67
:10b7d8004ff0010e4ff0000ee4192cbf4ff0010b93
:10b7e8004ff0000bde44a54288bfaef1010e641b8a
:10b7f800a14288bfaef1010e641aa04288bfaef123
:10b80800010e241a9c4238bfaef1010ec6444ffa0d
:10b818008ef8a4eb030e1aeb0804c2f804e02cbf60
:10b828004ff0010e4ff0000eb8f1000fc0f29e81ec
:10b83800f2463c192cbf4ff0010e4ff0000e3419a0
:10b848002cbf4ff001084ff00008c644a14288bf42
:10b85800aef1010e641aa04288bfaef1010e241a9f
:10b86800a34288bfaef1010ef244d2f80ce04ffac1
:10b878008afa1eeb0a0ba4eb03042cbf4ff0010855
:10b888004ff00008baf1000f946007dacaf1000817
:10b89800c64534bf4ff0ff084ff0000816eb0b0405
:10b8a8002cbf4ff0010a4ff0000a34192cbf4ff09b
:10b8b800010e4ff0000e2c19f2442cbf4ff0010e70
:10b8c8004ff0000e2c19d6442cbf4ff0010a4ff050
:10b8d800000a0c19d6442cbf4ff0010a4ff0000a99
:10b8e800d644a34288bfaef1010ee41aa14588bf31
:10b8f800aef1010ea4eb0904a44588bfaef1010e18
:10b90800c644d2f810a04ffa8efea4eb0c081aeb2e
:10b918000e04c2f80c802cbf4ff001084ff000084d
:10b92800bef1000f07dacef10008c24534bf4ff070
:10b93800ff084ff000082c192cbf4ff0010a4ff0f8
:10b94800000a2c192cbf4ff0010e4ff0000e0c19f5
:10b95800f2442cbf4ff0010e4ff0000e0c19d644e4
:10b968002cbf4ff0010a4ff0000a0419d6442cbf2f
:10b978004ff0010a4ff0000af244a44588bfaaf12b
:10b98800010aa4eb0c04a74288bfaaf1010ac24429
:10b99800d2f814e04ffa8afaa4eb07081eeb0a045f
:10b9a800c2f810802cbf4ff001084ff00008baf120
:10b9b800000f07dacaf10008c64534bf4ff0ff0888
:10b9c8004ff000080c192cbf4ff0010a4ff0000a85
:10b9d8000c192cbf4ff0010e4ff0000e0419f24461
:10b9e8002cbf4ff0010e4ff0000e0419d6442cbfa7
:10b9f8004ff0010a4ff0000a1c19d6442cbf4ff033
:10ba0800010a4ff0000af244a74288bfaaf1010ace
:10ba1800e41ba64288bfaaf1010ad044d2f818b0a4
:10ba28004ffa88f8a4eb060e1beb0804c2f814e0e2
:10ba38002cbf4ff0010e4ff0000eb8f1000f07dadf
:10ba4800c8f1000ef34534bf4ff0ff0e4ff0000e63
:10ba580004192cbf4ff0010a4ff0000a04192cbf3b
:10ba68004ff001084ff000081c19d0442cbf4ff0cc
:10ba7800010a4ff0000a1c192cbf4ff0010b4ff0c0
:10ba8800000bd0440019d8442cbf4ff0010b4ff0e5
:10ba9800000b0818d8442cbf4ff0010b4ff0000bd7
:10baa800d844814588bfa8f10108a0eb0900844566
:10bab80088bfa8f10108c644d4694ffa8efea0ebee
:10bac8000c0014eb0e0c90612cbf01200020bef17d
:10bad800000f05dacef10000844234bfff200020b9
:10bae80013eb0c0c2cbf0124002413eb0c0c2cbf03
:10baf8004ff0010e4ff0000e13eb0c0374442cbff3
:10bb08004ff0010c4ff0000c19eb030904eb0c0388
:10bb18002cbf0124002423444f4588bf013ba9ebd7
:10bb28000707be4288bf013bbe1bb54288bf013b29
:10bb3800751ba94288bf013b1844019bdc8840b2b1
:10bb48006d1a20eae073092cc2e9075308d902eb01
:10bb5800840102f12403002443f8044b9942fbd1e9
:10bb6800002815db009803b0bde8f08fc8f1000885
:10bb7800c24534bf4ff0ff0a4ff0000a59e6c3f13f
:10bb88000008474534bf4ff0ff084ff0000818e69b
:10bb9800141f234602f1200553f8041fc943ab4282
:10bba8001960f9d154f8043f013323603bb9ac4222
:10bbb80005d054f8043f01332360002bf7d0136af3
:10bbc8000199181a4ff6ff738b801062009803b022
:04bbd800bde8f08f45
:020000040000fa
:020000040100f9
:10bbdc002de9f04f9db01d4680468946184600243d
:10bbec004ff001130df15c0b19a916461794cde912
:10bbfc0019b316f03dff002800f07c810127b34bf0
:10bc0c000d9419aa294630460f9411941394159249
:10bc1c000e97109712971497169318f071fea04276
:10bc2c004adab8f1000f05d0214640462ef03afa18
:10bc3c00044640b9b9f1000f39d0314648461df0e1
:10bc4c00d5ff044698b30d9820b1bdf83a10890081
:10bc5c0034f0eaf80f9800220123cde90d2320b12e
:10bc6c00bdf84210890034f0dff81198002201234e
:10bc7c00cde90f2320b1bdf84a10890034f0d4f877
:10bc8c00139800220123cde9112320b1bdf85210e5
:10bc9c00890034f0c9f80022012319a80c21cde940
:10bcac00132336f003f920461db0bde8f08f0024b5
:10bcbc0020461db0bde8f08f0da831461df096ff53
:10bccc0004460028bfd10fa829461df08fff04465b
:10bcdc000028b8d1f188adf84070023142f21073ef
:10bcec009942adf8387000f34881bdf84a3099425a
:10bcfc0011ab019300f2d880002101982ef0d2f9fb
:10bd0c00044600289fd1f18842f210730231994207
:10bd1c0000f33381bdf85230994200f2cf80bdf868
:10bd2c0042100f9823f006fb00f01f001f2840f074
:10bd3c00a68000230593bdf83a30bdf8422003934a
:10bd4c00a3eb020a4fea4a1319460fa80492029376
:10bd5c0027f076fb044600287ff475af4fea8a0a79
:10bd6c0006900ae0119c54f80a70013744f80a70e6
:10bd7c0025f082fd002840f09f800fa90da816f039
:10bd8c0077fe0da900284ff0ff330faa0846e9da19
:10bd9c00bdf84210069c002940f0e780039b049af2
:10bdac00013b013a93420293174640f20981039af0
:10bdbc000498cdf824906ff040431a441146091aa8
:10bdcc0000f18042db1b02980a969b00023a4fea74
:10bddc00810a0493b9003b469200800019afcde96b
:10bdec0007480b950397804691460e461d460d9fbe
:10bdfc000f9b57f808109a59049b119c03eb0800f1
:10be0c0091424744069063d34ff0ff332350029b7b
:10be1c00012b72d9039a57f8083c136057f8043c6d
:10be2c00039a53603b68936054f80a20013244f83b
:10be3c000a20134616e052f80900139b119918605a
:10be4c0092595a6051f80a2013a908461ff0d8fde0
:10be5c0015a988bb13a816f00bfe119c002854f8ea
:10be6c000a3052dd013b44f80a30002113a82ef0b1
:10be7c0019f908bb0f9a002dddd12846dde7c0f17a
:10be8c001f0319460da81f46059327f0d9fa04463f
:10be9c0000287ff4d8ae39460fa827f0d1fa044613
:10beac0000283ff448afcee618462ef0b3ff044608
:10bebc0000283ff421afc6e60446c4e613a82ef0d2
:10becc00a9ff044600283ff42aafbce6010003009a
:10bedc0057f8040c002a4dd0002330f0d7fe002375
:10beec004ff0ff328b4208bf824200d21046069bb5
:10befc00e0508ce76ff00b04d5e6039a0023136037
:10bf0c00029b002b8ad1029b8ae71a460fa913a821
:10bf1c001ff076fd0028cfd14feaca04214613a8a2
:10bf2c0027f08efa0028c7d10da94ff0ff3313aac2
:10bf3c00084625f0a1fc0028bed14ff001130c904f
:10bf4c00189359460cab0da8179316f091fd0028c9
:10bf5c0016db029b013b9d420293a8f10408aaf157
:10bf6c00040a28d2159b039341e7029a0f981cf000
:10bf7c00effc13e74ff0ff30b9e76ff00f0462e608
:10bf8c000fa913a81df032fe002895d1214613a845
:10bf9c0027f056fa00288fd10da9012313aa0846c1
:10bfac0025f06afc002887d1119a52f80a30013b1f
:10bfbc0042f80a30cde7dde90748dde909960b9d2b
:10bfcc00b8f1000f0cd0019940461df00ffe00286f
:10bfdc007ff472afaa88b38813fb02f3a8f804307d
:10bfec00b9f1000f3ff42faebdf83a10d9b9b388b0
:10bffc00adf838300da948461df0f8fd00287ff447
:10c00c005baf4ff001130c90189359460cab48469c
:10c01c00179316f02dfd00287ff415ae012304466e
:10c02c00a9f804300fe6059a0d981cf091fcdee798
:020000040000fa
:020000040100f9
:10c03c002de9f04fd0e9007400f1080c95b05cf8d4
:10c04c002430d1f80080d1f804e08e68cd680a92d3
:10c05c007f100b9788ea03030ceb840c05930b9b66
:10c06c00dcf80440dcf80800dcf80c10059adff86a
:10c07c005cb3013b002b0693d04b01938eea040773
:10c08c00cf4b039381ea050180ea0600cde90c272a
:10c09c00cc4b04910cf11002cde90e0109920293e4
:10c0ac00c8bf0cf1300c40f3eb80059b04999df854
:10c0bc0010e05ffa83f94fea1168019951f829a051
:10c0cc00039951f828900199feb251f82ee003998a
:10c0dc00040e1a0e019b51f8244053f82680039e3f
:10c0ec00029956f822203d0e8eea040456f825508b
:10c0fc00c7f3072ec6b2c7f3074753f826605bf8a1
:10c10c0027300793059b51f82ee07540c3f30726a3
:10c11c00c3f3074388ea020251f826805cf8146cda
:10c12c005bf823705cf8203c8aea09097440c0f380
:10c13c000726c0f3074089ea0303059351f82690bc
:10c14c005bf820605cf81c0c0b4604994240c1f370
:10c15c000720c1f3074153f820a05bf82100059b91
:10c16c005cf8181c83ea0e035e4082ea0902079b06
:10c17c00049650405ffa86f984ea0804320e019e58
:10c18c005c404d4085ea0a05210e56f829a0039e15
:10c19c00c0f3072356f82110029e6f4056f8233047
:10c1ac000593b146c5b2019e56f82550039ec7f3c0
:10c1bc00074856f822205bf828300793c7f3072e60
:10c1cc008aea010ac4f3074159f82e305bf8219032
:10c1dc00019908935540fab24fea106e51f822209b
:10c1ec005cf8101c059b8aea010a3f0e56f82e10cb
:10c1fc0056f82770019e82ea010e5ffa84f85cf80b
:10c20c000c2cc4f3072485ea020156f82850029e30
:10c21c005cf8082c56f82480049ec0f307407d403f
:10c22c005bf82040029fc6f30720c6f3074657f879
:10c23c0020705bf826005cf8046c6e40089d694029
:10c24c00079d8aea03037e406b40059386ea04034c
:10c25c000493069b8eea020282ea0802013b81ea01
:10c26c00090780ea02000cf1200c06937ff41daf45
:10c27c000b9b03f10062099b013a03eb42130993f8
:10c28c00ddf814800499019b9df810405ffa88f644
:10c29c000d0e039953f826c051f82560099d53f8eb
:10c2ac0024a02968039c0591020e8cea06065ffa0d
:10c2bc0087fc54f8224053f82c90099a059b02995c
:10c2cc00d2680692c7f3072e5e404fea186c039ba8
:10c2dc0051f82e2053f82cc00999cdf81480c0f3d6
:10c2ec00074e5640069a384d8aea040489ea0c092e
:10c2fc004fea176c5bf82ea06240c7f3074e029c06
:10c30c0053f82c704b680393c8f307285ffa80fc32
:10c31c0054f828405bf82e8009690691019986ea49
:10c32c000a0651f82ce002990196c0f30720039eef
:10c33c0051f82000059989ea0609099ec1f30743c3
:10c34c000499b66803966240029e5bf82330c1f3f1
:10c35c000744c1f3072189ea000956f82110039814
:10c36c00019e5bf8244010968eea070782ea0802c9
:10c37c005ffa86fa474089ea04094fea1268794065
:10c38c004b4015f80a40069915f808001392c9f3aa
:10c39c000727c3f3074c4c40e95d15f80cc0cdf8ea
:10c3ac0044904fea166884ea0064099e12935ffa7f
:10c3bc0089f084ea012415f800a009e004cd0001fd
:10c3cc0004d9000104d10001900f020104d5000131
:10c3dc00706984ea0c440c9402903046b66903965a
:10c3ec00c66904960a9e15f808b03460019e02983e
:10c3fc00dfb2d1b24fea136c4fea196ec2f30724c5
:10c40c00c6f30728c3f30723c6f30746c2f3074254
:10c41c00c9f30749695c15f80cc015f80ee015f85e
:10c42c000990ef5deb5c2c5d15f80880aa5cad5da6
:10c43c00039e7740049e8aea000080ea0b604e401f
:10c44c0086ea0c6687ea0e6780ea032383ea0242d7
:10c45c0087ea04240a9b86ea082884ea054588eac8
:10c46c0009460ca85a609d60de602021cde90d259f
:10c47c000f9635f01bfd002015b0bde8f08f00bf06
:020000040000fa
:020000040100f9
:10c48c002de9f04f00f10806d0e90004d1f8008046
:10c49c0056f82430d1f804e0d1f808c0cf68dff8a2
:10c4ac0064b306eb840688ea03057368b468f16824
:10c4bc0095b040108eea030e431e0593002bcd4b16
:10c4cc000193cd4b0a928cea040487ea010706f12a
:10c4dc0010020293c94b0b900495cde90c5ecde98b
:10c4ec000e470992039340f3f28030360096049b7a
:10c4fc00019e5ffa83f94fea1e6256f829a0029e4c
:10c50c005ffa8ef856f82220019efdb256f828905c
:10c51c00029e4fea146c180e019b56f82cc053f86f
:10c52c002580029d039e55f82000390e89ea0c09de
:10c53c0055f82110c7f3072ce5b2c7f3074753f89a
:10c54c0025505bf827300693049b56f82cc06940a5
:10c55c00c3f30725c3f3074388ea00005bf8237095
:10c56c00009b56f8258053e9083589ea05050495a2
:10c57c00c4f30725c4f307448aea02025bf824904b
:10c58c00009c56f825a054f8144ccef307256040b7
:10c59c00cef3074456f825505bf82440009e5a40d1
:10c5ac0056f8183c049e82ea0c0282ea09095940aa
:10c5bc00069a694086ea08085ffa89f5019e88eabe
:10c5cc00020880ea0a0044404f4056f825a0029e1b
:10c5dc00039d4fea1860c4f30723c7f3074e56f8c0
:10c5ec002000019e55f823505bf82e3006935ffa1d
:10c5fc0088f1c9f3072c56f82110039b029e049571
:10c60c003a0e53f82c5056f82220009b07958aead4
:10c61c00000cc4f3074081ea020e5bf8202008925c
:10c62c00019853f80c1cfab28eea010e50f8225005
:10c63c0053f8102c04998cea020c220e8cea01039c
:10c64c0056f82220009985ea020ae4b24fea1962f0
:10c65c0051f8085c50f8240056f82210039e48400c
:10c66c00c8f30721c7f3072756f82140009956f85d
:10c67c00277051f8041c079e48400699474083eaee
:10c68c000100089b04908eea060e8eea030e009bb6
:10c69c00c9f307492033c8f307480093059b5bf89f
:10c6ac0029208aea050a5bf828508aea040a013b29
:10c6bc008aea020487ea050705937ff418af0b9bff
:10c6cc0003f10062099b013a03eb42130993019eab
:10c6dc009df81050029b56f82550099e366800961e
:10c6ec005ffa8ef1019e220e56f821a053f822100b
:10c6fc00099a434e526805924fea1e60c7f3072c05
:10c70c0053f82000039a019b52f82c206840c4f384
:10c71c00074cfdb28aea010853f825905bf82c10ff
:10c72c00009d049b0091059968401d0e029b504092
:10c73c0088ea010253f825500292049a0399c2f335
:10c74c00072c89ea05093d0ec7f3074751f82c1051
:10c75c005bf827c0099f53f825a05ffa84f8d7e946
:10c76c000352019b059253f82870009a039b87eaa9
:10c77c000a0a099f5040c4f30724029a0090b86833
:10c78c0053f824400190049b03984a40cef3074190
:10c79c00cef3072e89ea05055bf8217050f82e10b0
:10c7ac00009810906540c3f30743019c5bf823305d
:10c7bc0082ea0c025ffa80fe8aea040a85ea07091b
:10c7cc004fea126c8aea01014b4016f80e5016f82b
:10c7dc000c4011928046c9f307270598f15dcdf8fe
:10c7ec004c90c3f3074c454016f80cc0129385eae5
:10c7fc00046509e004dd000104e9000104e1000125
:10c80c009010020104e50001d4b285ea012585ea05
:10c81c000c45190e4fea186c16f80480099c0c95ff
:10c82c006469705c09990190886902900a98c969d9
:10c83c0005604fea196a009816f80ab016f80ca0b1
:10c84c005ffa89f75ffa83fec0f3072cc2f3072562
:10c85c00c3f30723c9f30749c2f30742c0f30740e8
:10c86c00f75d16f80cc016f80990305c16f80ee05f
:10c87c00f35c755db25c029e4f40019988ea04043a
:10c88c008eea060e87ea0a6a8eea0b6e8aea0323a0
:10c89c0084ea016483ea024284ea0c240a9b0f9224
:10c8ac008eea052585ea004584ea09440ca85c60fb
:10c8bc009d60da602021cde90d4535f0f7fa0020b6
:08c8cc0015b0bde8f08f00bfbc
:020000040000fa
:020000040100f9
:10c8d4002de9f04fabb01f46349b099100250df1b3
:10c8e400540804461d609246434629a84ff0ff3180
:10c8f400c3e9005108339842fad1baf1000f00f0ad
:10c9040099812fb3384634f051ffd4f85831834617
:10c91400980600f1918104f1700503e0ad69002de2
:10c9240000f085816b68032bf8d1ab681a78552a1f
:10c93400f4d113f8012f042af0d15b78032bedd145
:10c944005a46394605f10c0017f076fd0028e5d16a
:10c9540000230b9304f1cc05284636f0c3f90028d4
:10c9640000f0a58101380122daf8043002fa00f05f
:10c97400184200f09c810af10803294618460a93dc
:10c9840026f034fd18b10b9b43f480330b93002342
:10c99400cde9154307934ff0010b00bf94f888319c
:10c9a4000bf1ff320892002b00f03c81013b012285
:10c9b400daf8001002fa03f30b4200f0338194f822
:10c9c4008931002b00f02781013b0122daf80410a1
:10c9d40002fa03f30b4200f01e81bbf1010f099d23
:10c9e40000f09580002d00f0f88004f15009012634
:10c9f40005f17001484618f001fd0746002840f093
:10ca0400e680002e00f0d280eb69022b00f3ce808a
:10ca1400d5f86031002b05dd079aabeb0202934297
:10ca2400c0f0d58094f8880134f01cf8069036f0f4
:10ca340099fb069a05900dab1046d4e905212cf01c
:10ca44009bfb002840f0d08005f1cc02104694f8fe
:10ca54008911069235f082fd069a002800f0c48000
:10ca6400d4f8807194f88831d4f88c1194f8890141
:10ca74000397d4f884710297059f01970daf00972f
:10ca840022f022fcb0fa80f77f0916b1002840f0aa
:10ca94009e80bbf1010f0cd004f17001484618f0e0
:10caa400adfc10b9079b0133079316b9bbf1080f0e
:10cab40074d82fb9d8f8043043f00803c8f8043008
:10cac40005f1cc010a9826f091fc28b1d8f804307d
:10cad40043f48033c8f804300023c8f80850c8f879
:10cae4000c300bf1010b2c4608f10808002e3ff422
:10caf40055af0bf1ff330893169b0b9a1343169310
:10cb0400089b2aaa02ebc30353f8501c21e004f14a
:10cb14005009484604f1700118f070fc00287ff4b5
:10cb240061af002d59d0a66804e000bfd5f890513c
:10cb3400002d6dd0ab689e42f8d13246e968e068ba
:10cb440034f0d2f80028f1d116990b9b0b43194607
:10cb5400169315ab03ebcb0bdde93456089c02e0ce
:10cb64005bf8041c013c22460dab36980d9126b1ae
:10cb74005bf8081cb04770b90d992b680b43abf1f7
:10cb8400080b2b60002cebd15a48002b08bf002067
:10cb94002bb0bde8f08f10f51c5f00d15648349ad5
:10cba4004ff0ff3313602bb0bde8f08fd5f85c3144
:10cbb4006bb1d5f8583159077ff52aafd5f86431f0
:10cbc4005a0704d548f2010213423ff421afd5f8c5
:10cbd4009051002d7ff40caf7eb1d4f8905165b123
:10cbe40004f15009002603e7002e3ff452afd5f8b4
:10cbf4009051002d7ff4fcaeeee7089b2aaa02ebcd
:10cc0400c30252f8503c43f0080342f8503c73e727
:10cc1400099d0126ece6d8f8043043f40043c8f833
:10cc24000430dae64ff48043c8f80430c7e604233e
:10cc34000b938fe63148b2e7002304f1f80605931d
:10cc44003546994603e0022a29d0ed685db12a6889
:10cc540002f01f02062a1fd0072af4d1ed684ff014
:10cc64000109002df3d1b9f1000f25d1059b1bb9a2
:10cc7400dde7f668002edad0336803f01f03062bd5
:10cc8400f7d173689b45f4d15a463946b06834f0fd
:10cc94002bf80028edd15be601230593d5e75a462e
:10cca4003946284617f0c8fb0028ced150e60b9b26
:10ccb40043f400430b935ee60da938460ef058fd8d
:10ccc40081460028d2d0354602e0ed68002dcdd053
:10ccd4002b6803f01f03072bf7d16b689945f4d138
:10cce4004a460da9a86833f0ffff0028edd10b9048
:10ccf40030e600bf00d9ffff00d0ffff00d8ffffe0
:020000040000fa
:020000040100f9
:10cd0400c66363a5f87c7c84ee777799f67b7b8d8c
:10cd1400fff2f20dd66b6bbdde6f6fb191c5c554da
:10cd24006030305002010103ce6767a9562b2b7d7a
:10cd3400e7fefe19b5d7d7624dababe6ec76769a33
:10cd44008fcaca451f82829d89c9c940fa7d7d87e1
:10cd5400effafa15b25959eb8e4747c9fbf0f00bbd
:10cd640041adadecb3d4d4675fa2a2fd45afafea49
:10cd7400239c9cbf53a4a4f7e47272969bc0c05b2f
:10cd840075b7b7c2e1fdfd1c3d9393ae4c26266af0
:10cd94006c36365a7e3f3f41f5f7f70283cccc4fd1
:10cda4006834345c51a5a5f4d1e5e534f9f1f10812
:10cdb400e2717193abd8d873623131532a15153fa0
:10cdc4000804040c95c7c752462323659dc3c35e5c
:10cdd40030181828379696a10a05050f2f9a9ab588
:10cde4000e070709241212361b80809bdfe2e23d06
:10cdf400cdebeb264e2727697fb2b2cdea75759f3e
:10ce04001209091b1d83839e582c2c74341a1a2e64
:10ce1400361b1b2ddc6e6eb2b45a5aee5ba0a0fb1f
:10ce2400a45252f6763b3b4db7d6d6617db3b3ce12
:10ce34005229297bdde3e33e5e2f2f71138484970f
:10ce4400a65353f5b9d1d16800000000c1eded2c13
:10ce540040202060e3fcfc1f79b1b1c8b65b5bedf8
:10ce6400d46a6abe8dcbcb4667bebed97239394b04
:10ce7400944a4ade984c4cd4b05858e885cfcf4aef
:10ce8400bbd0d06bc5efef2a4faaaae5edfbfb168a
:10ce9400864343c59a4d4dd76633335511858594e2
:10cea4008a4545cfe9f9f91004020206fe7f7f8125
:10ceb400a05050f0783c3c44259f9fba4ba8a8e36f
:10cec400a25151f35da3a3fe804040c0058f8f8a19
:10ced4003f9292ad219d9dbc70383848f1f5f50420
:10cee40063bcbcdf77b6b6c1afdada754221216321
:10cef40020101030e5ffff1afdf3f30ebfd2d26d00
:10cf040081cdcd4c180c0c1426131335c3ecec2f27
:10cf1400be5f5fe1359797a2884444cc2e1717393a
:10cf240093c4c45755a7a7f2fc7e7e827a3d3d4741
:10cf3400c86464acba5d5de73219192be673739566
:10cf4400c06060a0198181989e4f4fd1a3dcdc7f23
:10cf540044222266542a2a7e3b9090ab0b88888315
:10cf64008c4646cac7eeee296bb8b8d32814143cd5
:10cf7400a7dede79bc5e5ee2160b0b1daddbdb7655
:10cf8400dbe0e03b64323256743a3a4e140a0a1e2d
:10cf9400924949db0c06060a4824246cb85c5ce41c
:10cfa4009fc2c25dbdd3d36e43acacefc46262a674
:10cfb400399191a8319595a4d3e4e437f279798b2a
:10cfc400d5e7e7328bc8c8436e373759da6d6db78a
:10cfd400018d8d8cb1d5d5649c4e4ed249a9a9e062
:10cfe400d86c6cb4ac5656faf3f4f407cfeaea25dd
:10cff400ca6565aff47a7a8e47aeaee910080818b0
:10d004006fbabad5f07878884a25256f5c2e2e72cf
:10d01400381c1c2457a6a6f173b4b4c797c6c651ce
:10d02400cbe8e823a1dddd7ce874749c3e1f1f215e
:10d03400964b4bdd61bdbddc0d8b8b860f8a8a85db
:10d04400e07070907c3e3e4271b5b5c4cc6666aa71
:10d05400904848d806030305f7f6f6011c0e0e1295
:10d06400c26161a36a35355fae5757f969b9b9d062
:10d074001786869199c1c1583a1d1d27279e9eb9ce
:10d08400d9e1e138ebf8f8132b9898b32211113356
:10d09400d26969bba9d9d970078e8e89339494a7b4
:10d0a4002d9b9bb63c1e1e2215878792c9e9e92059
:10d0b40087cece49aa5555ff50282878a5dfdf7ab8
:10d0c400038c8c8f59a1a1f8098989801a0d0d1739
:10d0d40065bfbfdad7e6e631844242c6d06868b895
:10d0e400824141c3299999b05a2d2d771e0f0f11f2
:10d0f4007bb0b0cba85454fc6dbbbbd62c16163aef
:020000040000fa
:020000040100f9
:10d10400a5c6636384f87c7c99ee77778df67b7b88
:10d114000dfff2f2bdd66b6bb1de6f6f5491c5c5d6
:10d124005060303003020101a9ce67677d562b2b76
:10d1340019e7fefe62b5d7d7e64dabab9aec76762f
:10d14400458fcaca9d1f82824089c9c987fa7d7ddd
:10d1540015effafaebb25959c98e47470bfbf0f0b9
:10d16400ec41adad67b3d4d4fd5fa2a2ea45afaf45
:10d17400bf239c9cf753a4a496e472725b9bc0c02b
:10d18400c275b7b71ce1fdfdae3d93936a4c2626ec
:10d194005a6c3636417e3f3f02f5f7f74f83cccccd
:10d1a4005c683434f451a5a534d1e5e508f9f1f10e
:10d1b40093e2717173abd8d8536231313f2a15159c
:10d1c4000c0804045295c7c7654623235e9dc3c358
:10d1d40028301818a13796960f0a0505b52f9a9a84
:10d1e400090e0707362412129b1b80803ddfe2e202
:10d1f40026cdebeb694e2727cd7fb2b29fea75753a
:10d204001b1209099e1d838374582c2c2e341a1a60
:10d214002d361b1bb2dc6e6eeeb45a5afb5ba0a01b
:10d22400f6a452524d763b3b61b7d6d6ce7db3b30e
:10d234007b5229293edde3e3715e2f2f971384840b
:10d24400f5a6535368b9d1d1000000002cc1eded0f
:10d25400604020201fe3fcfcc879b1b1edb65b5bf4
:10d26400bed46a6a468dcbcbd967bebe4b72393900
:10d27400de944a4ad4984c4ce8b058584a85cfcfeb
:10d284006bbbd0d02ac5efefe54faaaa16edfbfb86
:10d29400c5864343d79a4d4d5566333394118585de
:10d2a400cf8a454510e9f9f90604020281fe7f7f21
:10d2b400f0a0505044783c3cba259f9fe34ba8a86b
:10d2c400f3a25151fe5da3a3c08040408a058f8f15
:10d2d400ad3f9292bc219d9d4870383804f1f5f51c
:10d2e400df63bcbcc177b6b675afdada634221211d
:10d2f400302010101ae5ffff0efdf3f36dbfd2d2fc
:10d304004c81cdcd14180c0c352613132fc3ecec23
:10d31400e1be5f5fa2359797cc884444392e171736
:10d324005793c4c4f255a7a782fc7e7e477a3d3d3d
:10d33400acc86464e7ba5d5d2b32191995e6737362
:10d34400a0c0606098198181d19e4f4f7fa3dcdc1f
:10d35400664422227e542a2aab3b9090830b888811
:10d36400ca8c464629c7eeeed36bb8b83c281414d1
:10d3740079a7dedee2bc5e5e1d160b0b76addbdb51
:10d384003bdbe0e0566432324e743a3a1e140a0a29
:10d39400db9249490a0c06066c482424e4b85c5c18
:10d3a4005d9fc2c26ebdd3d3ef43acaca6c4626270
:10d3b400a8399191a431959537d3e4e48bf2797926
:10d3c40032d5e7e7438bc8c8596e3737b7da6d6d86
:10d3d4008c018d8d64b1d5d5d29c4e4ee049a9a95e
:10d3e400b4d86c6cfaac565607f3f4f425cfeaead9
:10d3f400afca65658ef47a7ae947aeae18100808ac
:10d40400d56fbaba88f078786f4a2525725c2e2ecb
:10d4140024381c1cf157a6a6c773b4b45197c6c6ca
:10d4240023cbe8e87ca1dddd9ce87474213e1f1f5a
:10d43400dd964b4bdc61bdbd860d8b8b850f8a8ad7
:10d4440090e07070427c3e3ec471b5b5aacc66666d
:10d45400d89048480506030301f7f6f6121c0e0e91
:10d46400a3c261615f6a3535f9ae5757d069b9b95e
:10d47400911786865899c1c1273a1d1db9279e9eca
:10d4840038d9e1e113ebf8f8b32b98983322111152
:10d49400bbd2696970a9d9d989078e8ea7339494b0
:10d4a400b62d9b9b223c1e1e9215878720c9e9e955
:10d4b4004987ceceffaa5555785028287aa5dfdfb4
:10d4c4008f038c8cf859a1a180098989171a0d0d35
:10d4d400da65bfbf31d7e6e6c6844242b8d0686891
:10d4e400c3824141b0299999775a2d2d111e0f0fee
:10d4f400cb7bb0b0fca85454d66dbbbb3a2c1616eb
:020000040000fa
:020000040100f9
:10d5040063a5c6637c84f87c7799ee777b8df67b84
:10d51400f20dfff26bbdd66b6fb1de6fc55491c5d2
:10d52400305060300103020167a9ce672b7d562b72
:10d53400fe19e7fed762b5d7abe64dab769aec762b
:10d54400ca458fca829d1f82c94089c97d87fa7dd9
:10d55400fa15effa59ebb25947c98e47f00bfbf0b5
:10d56400adec41add467b3d4a2fd5fa2afea45af41
:10d574009cbf239ca4f753a47296e472c05b9bc027
:10d58400b7c275b7fd1ce1fd93ae3d93266a4c26e8
:10d59400365a6c363f417e3ff702f5f7cc4f83ccc9
:10d5a400345c6834a5f451a5e534d1e5f108f9f10a
:10d5b4007193e271d873abd831536231153f2a1598
:10d5c400040c0804c75295c723654623c35e9dc354
:10d5d4001828301896a13796050f0a059ab52f9a80
:10d5e40007090e0712362412809b1b80e23ddfe2fe
:10d5f400eb26cdeb27694e27b2cd7fb2759fea7536
:10d60400091b1209839e1d832c74582c1a2e341a5c
:10d614001b2d361b6eb2dc6e5aeeb45aa0fb5ba017
:10d6240052f6a4523b4d763bd661b7d6b3ce7db30a
:10d63400297b5229e33edde32f715e2f8497138407
:10d6440053f5a653d168b9d100000000ed2cc1ed0b
:10d6540020604020fc1fe3fcb1c879b15bedb65bf0
:10d664006abed46acb468dcbbed967be394b7239fc
:10d674004ade944a4cd4984c58e8b058cf4a85cfe7
:10d68400d06bbbd0ef2ac5efaae54faafb16edfb82
:10d6940043c586434dd79a4d3355663385941185da
:10d6a40045cf8a45f910e9f9020604027f81fe7f1d
:10d6b40050f0a0503c44783c9fba259fa8e34ba867
:10d6c40051f3a251a3fe5da340c080408f8a058f11
:10d6d40092ad3f929dbc219d38487038f504f1f518
:10d6e400bcdf63bcb6c177b6da75afda2163422119
:10d6f40010302010ff1ae5fff30efdf3d26dbfd2f8
:10d70400cd4c81cd0c14180c13352613ec2fc3ec1f
:10d714005fe1be5f97a2359744cc884417392e1732
:10d72400c45793c4a7f255a77e82fc7e3d477a3d39
:10d7340064acc8645de7ba5d192b32197395e6735e
:10d7440060a0c060819819814fd19e4fdc7fa3dc1b
:10d75400226644222a7e542a90ab3b9088830b880d
:10d7640046ca8c46ee29c7eeb8d36bb8143c2814cd
:10d77400de79a7de5ee2bc5e0b1d160bdb76addb4d
:10d78400e03bdbe0325664323a4e743a0a1e140a25
:10d7940049db9249060a0c06246c48245ce4b85c14
:10d7a400c25d9fc2d36ebdd3acef43ac62a6c4626c
:10d7b40091a8399195a43195e437d3e4798bf27922
:10d7c400e732d5e7c8438bc837596e376db7da6d82
:10d7d4008d8c018dd564b1d54ed29c4ea9e049a95a
:10d7e4006cb4d86c56faac56f407f3f4ea25cfead5
:10d7f40065afca657a8ef47aaee947ae08181008a8
:10d80400bad56fba7888f078256f4a252e725c2ec7
:10d814001c24381ca6f157a6b4c773b4c65197c6c6
:10d82400e823cbe8dd7ca1dd749ce8741f213e1f56
:10d834004bdd964bbddc61bd8b860d8b8a850f8ad3
:10d844007090e0703e427c3eb5c471b566aacc6669
:10d8540048d8904803050603f601f7f60e121c0e8d
:10d8640061a3c261355f6a3557f9ae57b9d069b95a
:10d8740086911786c15899c11d273a1d9eb9279ec6
:10d88400e138d9e1f813ebf898b32b98113322114e
:10d8940069bbd269d970a9d98e89078e94a73394ac
:10d8a4009bb62d9b1e223c1e87921587e920c9e951
:10d8b400ce4987ce55ffaa5528785028df7aa5dfb0
:10d8c4008c8f038ca1f859a1898009890d171a0d31
:10d8d400bfda65bfe631d7e642c6844268b8d0688d
:10d8e40041c3824199b029992d775a2d0f111e0fea
:10d8f400b0cb7bb054fca854bbd66dbb163a2c16e7
:020000040000fa
:020000040100f9
:10d904006363a5c67c7c84f8777799ee7b7b8df680
:10d91400f2f20dff6b6bbdd66f6fb1dec5c55491ce
:10d9240030305060010103026767a9ce2b2b7d566e
:10d93400fefe19e7d7d762b5ababe64d76769aec27
:10d94400caca458f82829d1fc9c940897d7d87fad5
:10d95400fafa15ef5959ebb24747c98ef0f00bfbb1
:10d96400adadec41d4d467b3a2a2fd5fafafea453d
:10d974009c9cbf23a4a4f753727296e4c0c05b9b23
:10d98400b7b7c275fdfd1ce19393ae3d26266a4ce4
:10d9940036365a6c3f3f417ef7f702f5cccc4f83c5
:10d9a40034345c68a5a5f451e5e534d1f1f108f906
:10d9b400717193e2d8d873ab3131536215153f2a94
:10d9c40004040c08c7c7529523236546c3c35e9d50
:10d9d400181828309696a13705050f0a9a9ab52f7c
:10d9e4000707090e1212362480809b1be2e23ddffa
:10d9f400ebeb26cd2727694eb2b2cd7f75759fea32
:10da040009091b1283839e1d2c2c74581a1a2e3458
:10da14001b1b2d366e6eb2dc5a5aeeb4a0a0fb5b13
:10da24005252f6a43b3b4d76d6d661b7b3b3ce7d06
:10da340029297b52e3e33edd2f2f715e8484971303
:10da44005353f5a6d1d168b900000000eded2cc107
:10da540020206040fcfc1fe3b1b1c8795b5bedb6ec
:10da64006a6abed4cbcb468dbebed96739394b72f8
:10da74004a4ade944c4cd4985858e8b0cfcf4a85e3
:10da8400d0d06bbbefef2ac5aaaae54ffbfb16ed7e
:10da94004343c5864d4dd79a3333556685859411d6
:10daa4004545cf8af9f910e9020206047f7f81fe19
:10dab4005050f0a03c3c44789f9fba25a8a8e34b63
:10dac4005151f3a2a3a3fe5d4040c0808f8f8a050d
:10dad4009292ad3f9d9dbc2138384870f5f504f114
:10dae400bcbcdf63b6b6c177dada75af2121634215
:10daf40010103020ffff1ae5f3f30efdd2d26dbff4
:10db0400cdcd4c810c0c141813133526ecec2fc31b
:10db14005f5fe1be9797a2354444cc881717392e2e
:10db2400c4c45793a7a7f2557e7e82fc3d3d477a35
:10db34006464acc85d5de7ba19192b32737395e65a
:10db44006060a0c0818198194f4fd19edcdc7fa317
:10db5400222266442a2a7e549090ab3b8888830b09
:10db64004646ca8ceeee29c7b8b8d36b14143c28c9
:10db7400dede79a75e5ee2bc0b0b1d16dbdb76ad49
:10db8400e0e03bdb323256643a3a4e740a0a1e1421
:10db94004949db9206060a0c24246c485c5ce4b810
:10dba400c2c25d9fd3d36ebdacacef436262a6c468
:10dbb4009191a8399595a431e4e437d379798bf21e
:10dbc400e7e732d5c8c8438b3737596e6d6db7da7e
:10dbd4008d8d8c01d5d564b14e4ed29ca9a9e04956
:10dbe4006c6cb4d85656faacf4f407f3eaea25cfd1
:10dbf4006565afca7a7a8ef4aeaee94708081810a4
:10dc0400babad56f787888f025256f4a2e2e725cc3
:10dc14001c1c2438a6a6f157b4b4c773c6c65197c2
:10dc2400e8e823cbdddd7ca174749ce81f1f213e52
:10dc34004b4bdd96bdbddc618b8b860d8a8a850fcf
:10dc4400707090e03e3e427cb5b5c4716666aacc65
:10dc54004848d89003030506f6f601f70e0e121c89
:10dc64006161a3c235355f6a5757f9aeb9b9d06956
:10dc740086869117c1c158991d1d273a9e9eb927c2
:10dc8400e1e138d9f8f813eb9898b32b111133224a
:10dc94006969bbd2d9d970a98e8e89079494a733a8
:10dca4009b9bb62d1e1e223c87879215e9e920c94d
:10dcb400cece49875555ffaa28287850dfdf7aa5ac
:10dcc4008c8c8f03a1a1f859898980090d0d171a2d
:10dcd400bfbfda65e6e631d74242c6846868b8d089
:10dce4004141c3829999b0292d2d775a0f0f111ee6
:10dcf400b0b0cb7b5454fca8bbbbd66d16163a2ce3
:020000040000fa
:020000040100f9
:10dd040051f4a7507e4165531a17a4c33a275e966f
:10dd14003bab6bcb1f9d45f1acfa58ab4be3039384
:10dd24002030fa55ad766df688cc7691f5024c2507
:10dd34004fe5d7fcc52acbd726354480b562a38fdf
:10dd4400deb15a4925ba1b6745ea0e985dfec0e16b
:10dd5400c32f7502814cf0128d4697a36bd3f9c67d
:10dd6400038f5fe715929c95bf6d7aeb955259da54
:10dd7400d4be832d587421d349e069298ec9c8447f
:10dd840075c2896af48e797899583e6b27b971dd2a
:10dd9400bee14fb6f088ad17c920ac667dce3ab46b
:10dda40063df4a18e51a31829751336062537f4525
:10ddb400b16477e0bb6bae84fe81a01cf9082b94a0
:10ddc400704868588f45fd1994de6c87527bf8b70c
:10ddd400ab73d323724b02e2e31f8f576655ab2a12
:10dde400b2eb28072fb5c20386c57b9ad33708a5a3
:10ddf400302887f223bfa5b202036abaed16825c0b
:10de04008acf1c2ba779b492f307f2f04e69e2a1f2
:10de140065daf4cd0605bed5d134621fc4a6fe8ae8
:10de2400342e539da2f355a0058ae132a4f6eb7576
:10de34000b83ec394060efaa5e719f06bd6e1051f2
:10de44003e218af996dd063ddd3e05ae4de6bd4632
:10de540091548db571c45d050406d46f605015ffef
:10de64001998fb24d6bde997894043cc67d99e779e
:10de7400b0e842bd07898b88e7195b3879c8eedbc7
:10de8400a17c0a477c420fe9f8841ec90000000007
:10de940009808683322bed481e1170ac6c5a724e89
:10dea400fd0efffb0f8538563daed51e362d3927a6
:10deb4000a0fd964685ca6219b5b54d124362e3aa0
:10dec4000c0a67b19357e70fb4ee96d21b9b919e51
:10ded40080c0c54f61dc20a25a774b691c121a1608
:10dee400e293ba0ac0a02ae53c22e043121b171da4
:10def4000e090d0bf28bc7ad2db6a8b9141ea9c817
:10df040057f11985af75074cee99ddbba37f60fd12
:10df1400f701269f5c72f5bc44663bc55bfb7e340f
:10df24008b432976cb23c6dcb6edfc68b8e4f163f9
:10df3400d731dcca426385101397224084c611206e
:10df4400854a247dd2bb3df8aef93211c729a16db3
:10df54001d9e2f4bdcb230f30d8652ec77c1e3d01b
:10df64002bb3166ca970b999119448fa47e9642245
:10df7400a8fc8cc4a0f03f1a567d2cd8223390ef15
:10df840087494ec7d938d1c18ccaa2fe98d40b3662
:10df9400a6f581cfa57ade28dab78e263fadbfa4d9
:10dfa4002c3a9de45078920d6a5fcc9b547e466275
:10dfb400f68d13c290d8b8e82e39f75e82c3aff558
:10dfc4009f5d80be69d0937c6fd52da9cf2512b3f8
:10dfd400c8ac993b10187da7e89c636edb3bbb7b08
:10dfe400cd2678096e5918f4ec9ab701834f9aa894
:10dff400e6956e65aaffe67e21bccf08ef15e8e63c
:10e00400bae79bd94a6f36ceea9f09d429b07cd6a9
:10e0140031a4b2af2a3f2331c6a5943035a266c0dd
:10e02400744ebc37fc82caa6e090d0b033a7d81592
:10e03400f104984a41ecdaf77fcd500e1791f62f90
:10e04400764dd68d43efb04dccaa4d54e49604df03
:10e054009ed1b5e34c6a881bc12c1fb84665517f1d
:10e064009d5eea04018c355dfa877473fb0b412ec7
:10e07400b3671d5a92dbd252e91056336dd647135b
:10e084009ad7618c37a10c7a59f8148eeb133c891a
:10e09400cea927eeb761c935e11ce5ed7a47b13c5d
:10e0a4009cd2df5955f2733f1814ce7973c737bf2a
:10e0b40053f7cdea5ffdaa5bdf3d6f147844db863e
:10e0c400caaff381b968c43e3824342cc2a3405f7c
:10e0d400161dc372bce2250c283c498bff0d9541eb
:10e0e40039a80171080cb3ded8b4e49c6456c1901d
:10e0f4007bcb8461d532b670486c5c74d0b857421f
:020000040000fa
:020000040100f9
:10e104005051f4a7537e4165c31a17a4963a275e6b
:10e11400cb3bab6bf11f9d45abacfa58934be30380
:10e12400552030faf6ad766d9188cc7625f5024c03
:10e13400fc4fe5d7d7c52acb802635448fb562a3db
:10e1440049deb15a6725ba1b9845ea0ee15dfec067
:10e1540002c32f7512814cf0a38d4697c66bd3f979
:10e16400e7038f5f9515929cebbf6d7ada95525950
:10e174002dd4be83d35874212949e069448ec9c87b
:10e184006a75c28978f48e796b99583edd27b97126
:10e19400b6bee14f17f088ad66c920acb47dce3a67
:10e1a4001863df4a82e51a31609751334562537f21
:10e1b400e0b1647784bb6bae1cfe81a094f9082b9c
:10e1c40058704868198f45fd8794de6cb7527bf808
:10e1d40023ab73d3e2724b0257e31f8f2a6655ab0e
:10e1e40007b2eb28032fb5c29a86c57ba5d337089f
:10e1f400f2302887b223bfa5ba02036a5ced168207
:10e204002b8acf1c92a779b4f0f307f2a14e69e2ee
:10e21400cd65daf4d50605be1fd134628ac4a6fee4
:10e224009d342e53a0a2f35532058ae175a4f6eb72
:10e23400390b83ecaa4060ef065e719f51bd6e10ee
:10e24400f93e218a3d96dd06aedd3e05464de6bd2e
:10e25400b591548d0571c45d6f0406d4ff605015eb
:10e26400241998fb97d6bde9cc8940437767d99e9a
:10e27400bdb0e8428807898b38e7195bdb79c8eec3
:10e2840047a17c0ae97c420fc9f8841e0000000003
:10e294008309808648322bedac1e11704e6c5a7285
:10e2a400fbfd0eff560f85381e3daed527362d39a2
:10e2b400640a0fd921685ca6d19b5b543a24362e9c
:10e2c400b10c0a670f9357e7d2b4ee969e1b9b914d
:10e2d4004f80c0c5a261dc20695a774b161c121a04
:10e2e4000ae293bae5c0a02a433c22e01d121b17a0
:10e2f4000b0e090dadf28bc7b92db6a8c8141ea913
:10e304008557f1194caf7507bbee99ddfda37f600e
:10e314009ff70126bc5c72f5c544663b345bfb7e0b
:10e32400768b4329dccb23c668b6edfc63b8e4f1f5
:10e33400cad731dc10426385401397222084c6116a
:10e344007d854a24f8d2bb3d11aef9326dc729a1af
:10e354004b1d9e2ff3dcb230ec0d8652d077c1e317
:10e364006c2bb31699a970b9fa1194482247e96441
:10e37400c4a8fc8c1aa0f03fd8567d2cef22339011
:10e38400c787494ec1d938d1fe8ccaa23698d40b5e
:10e39400cfa6f58128a57ade26dab78ea43fadbfd5
:10e3a400e42c3a9d0d5078929b6a5fcc62547e4671
:10e3b400c2f68d13e890d8b85e2e39f7f582c3af54
:10e3c400be9f5d807c69d093a96fd52db3cf2512f4
:10e3d4003bc8ac99a710187d6ee89c637bdb3bbb04
:10e3e40009cd2678f46e591801ec9ab7a8834f9a90
:10e3f40065e6956e7eaaffe60821bccfe6ef15e838
:10e40400d9bae79bce4a6f36d4ea9f09d629b07ca5
:10e41400af31a4b2312a3f2330c6a594c035a266d9
:10e4240037744ebca6fc82cab0e090d01533a7d88e
:10e434004af10498f741ecda0e7fcd502f1791f68c
:10e444008d764dd64d43efb054ccaa4ddfe49604ff
:10e45400e39ed1b51b4c6a88b8c12c1f7f46655119
:10e46400049d5eea5d018c3573fa87742efb0b41c3
:10e474005ab3671d5292dbd233e91056136dd64757
:10e484008c9ad7617a37a10c8e59f81489eb133c16
:10e49400eecea92735b761c9ede11ce53c7a47b159
:10e4a400599cd2df3f55f273791814cebf73c73726
:10e4b400ea53f7cd5b5ffdaa14df3d6f867844db3a
:10e4c40081caaff33eb968c42c3824345fc2a34078
:10e4d40072161dc30cbce2258b283c4941ff0d95e7
:10e4e4007139a801de080cb39cd8b4e4906456c119
:10e4f400617bcb8470d532b674486c5c42d0b8571b
:020000040000fa
:020000040100f9
:10e50400a75051f465537e41a4c31a175e963a2767
:10e514006bcb3bab45f11f9d58abacfa03934be37c
:10e52400fa5520306df6ad76769188cc4c25f502ff
:10e53400d7fc4fe5cbd7c52a44802635a38fb562d7
:10e544005a49deb11b6725ba0e9845eac0e15dfe63
:10e554007502c32ff012814c97a38d46f9c66bd375
:10e564005fe7038f9c9515927aebbf6d59da95524c
:10e57400832dd4be21d35874692949e0c8448ec977
:10e58400896a75c27978f48e3e6b995871dd27b922
:10e594004fb6bee1ad17f088ac66c9203ab47dce63
:10e5a4004a1863df3182e51a336097517f4562531d
:10e5b40077e0b164ae84bb6ba01cfe812b94f90898
:10e5c40068587048fd198f456c8794def8b7527b04
:10e5d400d323ab7302e2724b8f57e31fab2a66550a
:10e5e4002807b2ebc2032fb57b9a86c508a5d3379b
:10e5f40087f23028a5b223bf6aba0203825ced1603
:10e604001c2b8acfb492a779f2f0f307e2a14e69ea
:10e61400f4cd65dabed50605621fd134fe8ac4a6e0
:10e62400539d342e55a0a2f3e132058aeb75a4f66e
:10e63400ec390b83efaa40609f065e711051bd6eea
:10e644008af93e21063d96dd05aedd3ebd464de62a
:10e654008db591545d0571c4d46f040615ff6050e7
:10e66400fb241998e997d6bd43cc89409e7767d996
:10e6740042bdb0e88b8807895b38e719eedb79c8bf
:10e684000a47a17c0fe97c421ec9f88400000000ff
:10e6940086830980ed48322b70ac1e11724e6c5a81
:10e6a400fffbfd0e38560f85d51e3dae3927362d9e
:10e6b400d9640a0fa621685c54d19b5b2e3a243698
:10e6c40067b10c0ae70f935796d2b4ee919e1b9b49
:10e6d400c54f80c020a261dc4b695a771a161c1200
:10e6e400ba0ae2932ae5c0a0e0433c22171d121b9c
:10e6f4000d0b0e09c7adf28ba8b92db6a9c8141e0f
:10e70400198557f1074caf75ddbbee9960fda37f0a
:10e71400269ff701f5bc5c723bc544667e345bfb07
:10e7240029768b43c6dccb23fc68b6edf163b8e4f1
:10e73400dccad7318510426322401397112084c666
:10e74400247d854a3df8d2bb3211aef9a16dc729ab
:10e754002f4b1d9e30f3dcb252ec0d86e3d077c113
:10e76400166c2bb3b999a97048fa1194642247e93d
:10e774008cc4a8fc3f1aa0f02cd8567d90ef22330d
:10e784004ec78749d1c1d938a2fe8cca0b3698d45a
:10e7940081cfa6f5de28a57a8e26dab7bfa43fadd1
:10e7a4009de42c3a920d5078cc9b6a5f4662547e6d
:10e7b40013c2f68db8e890d8f75e2e39aff582c350
:10e7c40080be9f5d937c69d02da96fd512b3cf25f0
:10e7d400993bc8ac7da71018636ee89cbb7bdb3b00
:10e7e4007809cd2618f46e59b701ec9a9aa8834f8c
:10e7f4006e65e695e67eaaffcf0821bce8e6ef1534
:10e804009bd9bae736ce4a6f09d4ea9f7cd629b0a1
:10e81400b2af31a423312a3f9430c6a566c035a2d5
:10e82400bc37744ecaa6fc82d0b0e090d81533a78a
:10e83400984af104daf741ec500e7fcdf62f179188
:10e84400d68d764db04d43ef4d54ccaa04dfe496fb
:10e85400b5e39ed1881b4c6a1fb8c12c517f466515
:10e86400ea049d5e355d018c7473fa87412efb0bbf
:10e874001d5ab367d25292db5633e91047136dd653
:10e88400618c9ad70c7a37a1148e59f83c89eb1312
:10e8940027eecea9c935b761e5ede11cb13c7a4755
:10e8a400df599cd2733f55f2ce79181437bf73c722
:10e8b400cdea53f7aa5b5ffd6f14df3ddb86784436
:10e8c400f381caafc43eb968342c3824405fc2a374
:10e8d400c372161d250cbce2498b283c9541ff0de3
:10e8e400017139a8b3de080ce49cd8b4c190645615
:10e8f40084617bcbb670d5325c74486c5742d0b817
:020000040000fa
:020000040100f9
:10e90400f4a750514165537e17a4c31a275e963a63
:10e91400ab6bcb3b9d45f11ffa58abace303934b78
:10e9240030fa5520766df6adcc769188024c25f5fb
:10e93400e5d7fc4f2acbd7c53544802662a38fb5d3
:10e94400b15a49deba1b6725ea0e9845fec0e15d5f
:10e954002f7502c34cf012814697a38dd3f9c66b71
:10e964008f5fe703929c95156d7aebbf5259da9548
:10e97400be832dd47421d358e0692949c9c8448e73
:10e98400c2896a758e7978f4583e6b99b971dd271e
:10e99400e14fb6be88ad17f020ac66c9ce3ab47d5f
:10e9a400df4a18631a3182e551336097537f456219
:10e9b4006477e0b16bae84bb81a01cfe082b94f994
:10e9c4004868587045fd198fde6c87947bf8b75200
:10e9d40073d323ab4b02e2721f8f57e355ab2a6606
:10e9e400eb2807b2b5c2032fc57b9a863708a5d397
:10e9f4002887f230bfa5b223036aba0216825cedff
:10ea0400cf1c2b8a79b492a707f2f0f369e2a14ee6
:10ea1400daf4cd6505bed50634621fd1a6fe8ac4dc
:10ea24002e539d34f355a0a28ae13205f6eb75a46a
:10ea340083ec390b60efaa40719f065e6e1051bde6
:10ea4400218af93edd063d963e05aedde6bd464d26
:10ea5400548db591c45d057106d46f045015ff60e3
:10ea640098fb2419bde997d64043cc89d99e776792
:10ea7400e842bdb0898b8807195b38e7c8eedb79bb
:10ea84007c0a47a1420fe97c841ec9f800000000fb
:10ea9400808683092bed48321170ac1e5a724e6c7d
:10eaa4000efffbfd8538560faed51e3d2d3927369a
:10eab4000fd9640a5ca621685b54d19b362e3a2494
:10eac4000a67b10c57e70f93ee96d2b49b919e1b45
:10ead400c0c54f80dc20a261774b695a121a161cfc
:10eae40093ba0ae2a02ae5c022e0433c1b171d1298
:10eaf400090d0b0e8bc7adf2b6a8b92d1ea9c8140b
:10eb0400f119855775074caf99ddbbee7f60fda306
:10eb140001269ff772f5bc5c663bc544fb7e345b03
:10eb24004329768b23c6dccbedfc68b6e4f163b8ed
:10eb340031dccad76385104297224013c611208462
:10eb44004a247d85bb3df8d2f93211ae29a16dc7a7
:10eb54009e2f4b1db230f3dc8652ec0dc1e3d0770f
:10eb6400b3166c2b70b999a99448fa11e964224739
:10eb7400fc8cc4a8f03f1aa07d2cd8563390ef2209
:10eb8400494ec78738d1c1d9caa2fe8cd40b369856
:10eb9400f581cfa67ade28a5b78e26daadbfa43fcd
:10eba4003a9de42c78920d505fcc9b6a7e46625469
:10ebb4008d13c2f6d8b8e89039f75e2ec3aff5824c
:10ebc4005d80be9fd0937c69d52da96f2512b3cfec
:10ebd400ac993bc8187da7109c636ee83bbb7bdbfc
:10ebe400267809cd5918f46e9ab701ec4f9aa88388
:10ebf400956e65e6ffe67eaabccf082115e8e6ef30
:10ec0400e79bd9ba6f36ce4a9f09d4eab07cd6299d
:10ec1400a4b2af313f23312aa59430c6a266c035d1
:10ec24004ebc377482caa6fc90d0b0e0a7d8153386
:10ec340004984af1ecdaf741cd500e7f91f62f1784
:10ec44004dd68d76efb04d43aa4d54cc9604dfe4f7
:10ec5400d1b5e39e6a881b4c2c1fb8c165517f4611
:10ec64005eea049d8c355d01877473fa0b412efbbb
:10ec7400671d5ab3dbd25292105633e9d647136d4f
:10ec8400d7618c9aa10c7a37f8148e59133c89eb0e
:10ec9400a927eece61c935b71ce5ede147b13c7a51
:10eca400d2df599cf2733f5514ce7918c737bf731e
:10ecb400f7cdea53fdaa5b5f3d6f14df44db867832
:10ecc400aff381ca68c43eb924342c38a3405fc270
:10ecd4001dc37216e2250cbc3c498b280d9541ffdf
:10ece400a80171390cb3de08b4e49cd856c1906411
:10ecf400cb84617b32b670d56c5c7448b85742d013
:020000040000fa
:020000040100f9
:10ed04002de9f04f456b8bb0002d00f07781816bbe
:10ed140003680a78002a40f0d9805a888a805a7990
:10ed2400012a044600f0da8001f52e71d3e9066069
:10ed34002022b047002840f04c81228940f203335e
:10ed44009a4200f0d68008ab07aa0121204630f091
:10ed5400dbf8002840f03d81d4f83890079eb9f8dc
:10ed64000430ddf82080b3f5417f06eb0807c0f0de
:10ed74003781be42054600f23d81b8f1010f40f2f1
:10ed84003981236840f20332597930462df0dafe96
:10ed9400b31c9f42c0f02e81a8f10208b8f11f0fe6
:10eda40040f22881d9f8b8c2d9f8bc02d9f8c01207
:10edb400d9f8c4e2c6f80ee0c6f802c0c6f80600e8
:10edc400c6f80a1006f12208d9f8c8c2d9f8cc024c
:10edd400d9f8d012d9f8d4e2c6f81ee04745c6f8ef
:10ede40012c0c6f81600c6f81a10c0f00381636b8f
:10edf400db68a7eb08085a1c424500f2fb8086f842
:10ee04002230616b06f12308ca684046103131f0a4
:10ee140079ff626b2368d1685a79012a884417d133
:10ee2400d9f85832002b00f0eb8099f85ca24745e2
:10ee3400c0f0e0800af10103a7eb0802934200f25c
:10ee4400d98008f801abbaf1000f40f0db802368e9
:10ee5400002247450992c0f0cd80a7eb08010129a3
:10ee640040f2c880db68d3f800a008f102010491e5
:10ee7400baf1000f4ad0d3460393924689460595ca
:10ee840058462ef0c5fba26b23899288054601469d
:10ee9400204625f0f9fe80b9284630f0d9ff4f45c9
:10eea400a7eb0903c0f0a680012b40f2a3809bfad4
:10eeb4009bfb29f802bb4aea000a039b53f804bff0
:10eec4000393bbf1000fdbd1059d21e0aa880281e9
:10eed4008a805a79012a04467ff426afd1f8582251
:10eee400002a3ff421af228940f203339a427ff48f
:10eef4002aafeb68a3f11002102a6dd8a36b1b781c
:10ef0400002b7ff420af0023eb601ce7ddf81090aa
:10ef14004f456fd3a7eb0903012b6bd94b464ff633
:10ef2400007223f8022b049a9a1a52baa3eb08012e
:10ef34009f42a8f8002009915cd3fb1a012b59d9f0
:10ef440009f104084ff001034745a9f8023051d3f1
:10ef5400a7eb0803012b4dd909f1060bb5b1baf1a2
:10ef6400000f6bd109ad2b463a465946204618f09e
:10ef740065fc70bb099b00959b443a465346594631
:10ef840020460ff0d9f920bb099b9b44abeb080347
:10ef9400023b03d05bbaa9f80430d84623685d79f4
:10efa400012da8eb060636d03246012120462ff06b
:10efb400a7f970b9a36b07991b6932462046984795
:10efc40038b932460899204633f000fb08b90223c9
:10efd40063600bb0bde8f08f002b3ff4b4ae92e752
:10efe400258940f20230854294bf00250125be42a6
:10eff4007ff6c3ae36480bb0bde8f08f3548e8e77e
:10f004009a4614e74046d9f85812524631f07afe2f
:10f01400d04423681ce704362046c4f8cc602cf0a6
:10f02400e7fd022363602a462946204607f016fbc3
:10f034000028ced1204607f0cfffcae7a36b53b315
:10f044009b6c43b300225f450992d3d3a7eb0b0219
:10f05400052acfd909f10c05002b36d02a46023bec
:10f06400cdf80ca00494aa4614461d4635f8020fa8
:10f07400a0f1120190b10c29f8d833f0fdfd391b31
:10f084000028f3d0a742b5d30129b3d9298849bab6
:10f0940024f8021beae723685b6ed3e75546224651
:10f0a400531bdde903a4a9d09bb2a2eb0b00991c6e
:10f0b40049ba5bba09904ff420609346a9f8081046
:10f0c400a9f80a30a9f806004ce7034881e700bf15
:0cf0d4000096ffff0094ffff80a1ffffeb
:020000040000fa
:020000040100f9
:10f0e0002de9f04f836bdb689a7a531edbb2092b54
:10f0f00089b0044606d8012101fa03f340f24f31ea
:10f100000b4207d16368013363600025284609b0cc
:10f11000bde8f08f0368197993f80680012900f0a3
:10f120009a800121204632f0bdfe05460028edd12f
:10f130002368656b1a79c2b15b79d4f89810012bfa
:10f1400015bf07230f2304220c2299420dd1636fb0
:10f15000162b0ad1e36e19780b2906d1bb499e5ca8
:10f1600008788642134400f08180286e30b133f075
:10f17000f7fd00232b6685f868306b664ff4ca7183
:10f18000012033f0e7fd0746002800f07d8133f0d1
:10f19000b7fd636f162b40f07081e36e1a780b2a6f
:10f1a00040f06b812268d4f898005279012a15bf8b
:10f1b0000a22122204260c269042c0f03f8199199f
:10f1c0009a5db1f801305bba9bb2002a40f03681fb
:10f1d00003363344984240f03181864259d2f31cc1
:10f1e000834200f22b81e16e8a5d002a40f03e816d
:10f1f0000e44b6f8012052ba92b27f2a40f21e8124
:10f200009e18864200f21a811944384630f082fd79
:10f210008f4b984205461bd005dd10f5165f15d0c3
:10f22000b0b12a2204e010f5225f0cbf50222a223e
:10f230002046022129f062ff384621f03ff8384687
:10f2400033f08efd284609b0bde8f08f2b22efe7a2
:10f25000d4f89800c1e7072a3ff454afb8f1000f83
:10f260007ff45faf436b8022da664be713f8010f40
:10f270004a7890427ff479af5a788b789a427ff43b
:10f2800074af4023b8f1010feb663ff43baf714d13
:10f290003ce7b8f1000f79d020692268002800f01f
:10f2a000b080d4f814e0616b166dd2f848c0a36b3f
:10f2b000d4f8e050d3f80c90526d02906c314ff0be
:10f2c000000a019100953146cdf80ce06346cdf877
:10f2d00010a0384631f0bafb07f1cc0b05460221ed
:10f2e000584633f03df9002800f090809be8030079
:10f2f00006ab83e80300184633f0f6fc0238022818
:10f3000000f2cf80079b1978002900f0c4802046c6
:10f310002cf0eefb636b002879d0da6e2168dff801
:10f3200040c142f4803243f86c2f0a79b2fa82f27b
:10f33000494652093846554508bf65461cf032f922
:10f34000b8f1010f1cd016b9b8f1020f5cd0edb1c5
:10f35000636bdb6ed90500f187805e073ff561af17
:10f3600013f4dc3f7ff472afd80700f19680990761
:10f3700000f1958013f0080f14bf30222e2257e7ba
:10f3800015f51c5f02d015f5f44fe0d13846d7e9ea
:10f390000259d7e9316820f091ff384633f0e0fc9c
:10f3a00020210120676b33f0d5fc636b38661b6e40
:10f3b000002b69d0092031f057fb636b2a46494680
:10f3c0001b6e29f0dbfe636b09212022054683f8c2
:10f3d00068105a6600287ff499aea06bcdf81880ab
:10f3e00000f5037033f0acfea26b08eb060102f5ea
:10f3f000037206a816f06afb00283ff483ae164d90
:10f4000084e6d2e90b0e4ee7144da1e7636b226848
:10f410001279b2fa82f26c334946520938461cf02e
:10f42000c1f800288cd0002d8ad1b8f1010fadd0e1
:10f4300016b9b8f1020fe7d0094d89e7204632220c
:10f44000022129f05bfe074df6e600bf9c33040164
:10f45000d2d9ffff808bffff0094ffff8089ffff61
:10f460000086ffff008dffff3122e1e620462b22c0
:10f47000022129f043fe0c4ddee620460a2202213d
:10f4800029f03cfe094dd7e620465022022129f002
:10f4900035fe074d3ae6074dcee62d22c8e62c2272
:10f4a000c6e69af80030ffde0086ffff0089ffff06
:08f4b0000081ffff0094ffff43
:020000040000fa
:020000040100f9
:10f4b8002de9f04f00249fb005460e4614a82146ba
:10f4c8002822cde90944adf82c4032f031fecde9cf
:10f4d8001044cde91244ddb16b681a4612f8017b7d
:10f4e80014923b44adf854709c7833f0d0fec04a77
:10f4f8006b68c0492044d2e900453b448df865005b
:10f508005a780b788df86620cde916458df8563077
:10f5180009a914a82ff0e2f89df82c30022b33d05b
:10f52800bdf8240028f0bef9c043c0f3c031b24f83
:10f538009df86720b1483c68017061f300028df8be
:10f548006720002c40f02281ad4d009510aa14a828
:10f55800234631f00dfc3f68002f40f00f81a8488a
:10f5680033f03cf9b8b9a748a749a84a0023036073
:10f578000b701370a64ba988a64a197001217360f5
:10f5880011701fb0bde8f08f09a825f06ffec043c9
:10f59800c0f3c031cbe79a482df0d6fb0028e2d063
:10f5a800974830f00bfe01460028e3d09a4b1b78b1
:10f5b800984200f04f815a1e904200f0f0800133cb
:10f5c8009842d7d1dff86882944f8e483b688e4abc
:10f5d80003608e4b11708a4801221a7033f070fe56
:10f5e800396887484b1c0df1300a3b6033f06afede
:10f5f80000232a68c5f80880caf804300c93caf8b2
:10f6080008308af80c307e48b2f8008032f026f9cb
:10f61800002800f0e680824b08ea0303b3f5004fa8
:10f6280008f4406200f0d68040f20681b3f5404ffe
:10f6380000f0d08040f2c9804cf240018b4200f0cb
:10f64800c9804cf640418b4200f0c4800527b2f5d2
:10f65800006f00f00281b2f5406f40f0bd800837be
:10f66800ffb218f4404900f0f18018f0400f40f064
:10f67800f780634832f0f2f8002840f0f88002374b
:10f68800ffb2b9f5004f00f0ef80b9f5404f40f0f8
:10f69800a6800837ffb20637fbb22a68584895f8a3
:10f6a8000480604f1c44e4b202eb040931f06cfba7
:10f6b8005d49aa68034603c98ae803004ff2d00ce3
:10f6c8001bba05204ff086418df83c000e930220ae
:10f6d8000df1100bdcf800300860584610219847ef
:10f6e8009be80700a8f10608a8eb040887e80700cc
:10f6f8005ffa88f8cde9014804224ff20803009226
:10f70800394652461f6849480d23b8474ff210033f
:10f71800224647461b68296844489847102f28bf47
:10f728001027b246002400bf4ff214023c444b4657
:10f73800d2f800b03d483a464946e4b23e46d8477a
:10f74800a8eb0407ab88b8f1000f2bd01a1b102abe
:10f7580094bfffb21027a0454ff22402334821d9a5
:10f76800136898474ff2280330481b6898474ff2b0
:10f7780020032e481b68b1449847d5e727f008ffb7
:10f78800b9b20246284633f099fde8e610a82ff0f2
:10f79800bdfd9df86710044601f00101d4e6dff8cd
:10f7a800948011e74ff2180229682048063b194453
:10f7b800136898474ff228031c481b6898474ff076
:10f7c8008643002256461a60d4e648f240018b422e
:10f7d8007ff43caf03273ae7002a3ff442afff2308
:10f7e8005be718f440627ff431af032739e700bfc5
:10f7f80010000120cf01012050000120ce0101207e
:10f8080048fe00204c00012046000120470001204e
:10f8180024fa0020efef00200f01012058000120fa
:10f8280040ccffffc8ff002018000120d8f60020b8
:10f8380060ff002070ff0020b3f5046fcad0b3f555
:10f84800446fc7d0002b7ff401afc3e70b4832f0f9
:10f8580005f820e7dff82880b6e60237ffb200e7b0
:10f86800064831f0fbff0ce70237ffb213e708f454
:10f878004c48b8f54c4f7ff402af02e748fe002031
:04f8880050ff00200d
:020000040000fa
:020000040100f9
:10f88c002de9f0478cb00746149e0c4630460df11e
:10f89c000601904699462ff0f7fd002840f098801d
:10f8ac00bdf8063003f46042b2f5c04f40f09080d2
:10f8bc001b06054600f191808246014602aa384695
:10f8cc0030f0a2f85146384607aa30f09df82422b1
:10f8dc000021201d32f02afcbdf8063003f4c05183
:10f8ec0000226020b1f5c05f6270a270e2702070df
:10f8fc000dd0b288002a6bd032681278921002f0c8
:10f90c0030021805627040f19080d90472d55a0506
:10f91c0040f1c780012288f8002003f44072b2f550
:10f92c00007f00f0d280b2f5407f00f0cb80b2f5c2
:10f93c00807f00f0c48001a9304632f07bfc0028a7
:10f94c0046d19df80420bdf80630e27103f0300278
:10f95c00102a00f0f6807ad9202a00f0fc80302a98
:10f96c0040f0818004f1100202a948462bf09cff64
:10f97c00bdf8063003f03002002a74d1190703f0e9
:10f98c00030279d4022a00f04a81032a00f03c8158
:10f99c00012a00f02f815b071ad4102204f1180100
:10f9ac00304632f04ffc98b9bdf806305f0700f1d5
:10f9bc001481980700f0af806ff001016ff07f02a7
:10f9cc0021766276a7e09df81b30002b40f0d180a9
:10f9dc00062528460cb0bde8f08701a9304632f068
:10f9ec0029fc0028f4d19df804a04fea1a110af062
:10f9fc000f0a63e7b388022bead9336862781b7865
:10fa0c00a078e17803f00f031343637033685a78de
:10fa1c000243a27033689b780b43e370032130469a
:10fa2c0032f018fcbdf8063071e701a9304632f00f
:10fa3c0001fc9df8043020786278c3f3830142ea1c
:10fa4c0083120143bdf80630217062705de752b934
:10fa5c005f0693d4102204f10801304632f0f2fb19
:10fa6c00002885d0b4e75806add46ff001016ff0d3
:10fa7c007f022172627281e7ff212176590727d418
:10fa8c00022a00f09980032a00f08c80012a78d099
:10fa9c00102204f11801304632f0d4fb002838d083
:10faac0096e701a9304632f0c5fb002890d19df8ad
:10fabc000430a371bdf8063088f800002de7012250
:10facc00e27143e7ff22e27140e74022e2713de739
:10fadc00002a7ff47daf9df82f30002b3ff478afd8
:10faec00022204f11901304632f0acfb00287ff4fd
:10fafc006faf07ab03cb9df82c30e0612162e3764e
:10fb0c00042204f12401304632f09cfb00287ff4df
:10fb1c005fafbdf806305b057ff55bafb388002b9c
:10fb2c003ff456af3368187800f0f003e02b00f088
:10fb3c00838000f0f800f0287ff44aaf1123a37102
:10fb4c0047e7082204f11001304632f07bfb002815
:10fb5c003ff40eaf3ce74ff6ff63a4f813300222dc
:10fb6c0004f11601304632f06dfb00283ff400af73
:10fb7c002ee702a904f1080033f00cfabdf80630a8
:10fb8c00fce604f11901304632f054fb00287ff4f6
:10fb9c001faf052204f12301304632f053fb00283d
:10fbac00b7d015e70223637604f12701304632f013
:10fbbc0041fb0028add00be704f11901304632f0bf
:10fbcc0039fb00287ff404af032204f125013046f1
:10fbdc0032f038fb00289cd0fae69df82f30002b31
:10fbec003ff4f6ae07a904f1180033f0d3f9bdf8d1
:10fbfc00063090e7082204f12001304632f022fb57
:10fc0c0000283ff4d1aee3e609f10a0004f120022a
:10fc1c0007a92bf049fe00283ff4c6aed8e64ff6f4
:10fc2c00ff63a4f8233004f12601304632f00afbbe
:10fc3c0000283ff4b9aecbe60df1050127f086fba9
:10fc4c0000287ff4c5ae9df80530a371c1e600bf56
:020000040000fa
:020000040100f9
:10fc5c002de9f041804684b014461e4602a808f1f6
:10fc6c0004050f4633f04cf8234600962a4602a8aa
:10fc7c00022129f0fdf9044658b102a830f054f8dd
:10fc8c00be4b14f10e0f08bf1c46204604b0bde855
:10fc9c00f08107f110063146304602aa0bf016fe31
:10fcac0004460028e9d1d8f84830002b00f0068132
:10fcbc00b7f91430002bc0f2a180304633f03efa75
:10fccc00d8f83c30b0eb430f00f29881d8f84830ac
:10fcdc003046984704460028cfd1b7f9143000219c
:10fcec008b42304617da00bf2cf010ff2a46314603
:10fcfc0088b1304633f026fa04460028bdd1b7f956
:10fd0c00143000218b423046eedb04e013f004ff8c
:10fd1c0004460028b1d12946304612f0a9fe00282d
:10fd2c002a4631463046f1da07f1080631463046ac
:10fd3c0002aa0bf0cbfd044600289ed1d8f848301f
:10fd4c00002b00f0c580b7f90c30002bc0f23481c9
:10fd5c00304633f0f3f9d8f83c30b0eb430f00f2f7
:10fd6c000881d8f8483030469847044660b184e79b
:10fd7c002cf0ccfe2a463146a0b1304633f0e2f9e5
:10fd8c00044600287ff479afb7f90c3000218b4280
:10fd9c003046eddb06e000bf13f0befe0446002843
:10fdac007ff46baf2946304612f062fe00282a46db
:10fdbc0031463046f0da02aa114610460bf086fda9
:10fdcc00044600287ff459afd8f84830002b00f0d7
:10fddc00e980bdf90c30002bc0f2c48002a833f0ce
:10fdec00adf9d8f83c30b0eb430f00f2c280d8f834
:10fdfc00483002a898470446a0b13ee70146304679
:10fe0c002cf084fe00283ff458afb2e02cf07efebc
:10fe1c002a4602a9a0b102a833f094f9044600289e
:10fe2c007ff42bafbdf90c3000218b4202a8eddb27
:10fe3c0006e000bf13f070fe044600287ff41dafef
:10fe4c00294602a812f014fe02a900282a460846e8
:10fe5c00f0da02aa394638460bf038fd0446002881
:10fe6c007ff40bafd8f84830002b00f0ad80b7f919
:10fe7c000430002bc0f2b180384633f05ff9d8f86b
:10fe8c003c30b0eb430f74d8d8f84830384698471c
:10fe9c00044660b1f1e62cf039fe2a46394638b3f7
:10feac00384633f04ff9044600287ff4e6aeb7f934
:10febc00043000218b423846eddb19e02a463146ee
:10fecc0030461af0f3fb044600283ff42dafd4e67d
:10fedc002a46314630461af0e9fb044600283ff426
:10feec006aafcae613f018fe044600287ff4c5aecc
:10fefc002946384612f0bcfd00282a4639463846b9
:10ff0c00f0da02aa314630460bf0e0fc0446002839
:10ff1c007ff4b3aed8f84830002b71d0b7f90c3061
:10ff2c00002b64db304633f009f9d8f83c30b0ebe9
:10ff3c00430f1ed8d8f8483030469847044650b185
:10ff4c009be62cf0e3fd2a463146f0b1304633f007
:10ff5c00f9f8002849d1b7f90c3000218b42304612
:10ff6c00efdb12e0014602a82cf0d0fd00283ff494
:10ff7c0035af02a82ff0d8fe014c86e600b3ffff88
:10ff8c0080b0ffff13f0c8fd78bb2946304612f055
:10ff9c006ffd00282a4631463046f3da02a82ff0ce
:10ffac00c3fe72e602a92a4608461af07ffb0446f5
:10ffbc0000283ff44eaf60e6014630462cf0a6fd1b
:10ffcc0000283ff4c5aed4e72a46394638461af025
:10ffdc006dfb0446002894d04fe6014638462cf0c1
:10ffec0095fd00283ff448afc3e7044645e60146bb
:10fffc0030462cf08bfd002894d0bae7044ccde7aa
:020000040101f8
:10000c002a46314630461af051fb044635e600bf0d
:04001c0080b0ffffb2
:020000040000fa
:020000040101f8
:100020002de9f04f9bb00d46b1f80c802499814624
:1000300091f800b092461e464ff4c044414628460f
:10004000282310aaadf8144030f0b6ff58b104468a
:100050000027249b1f702846414632f02ffc204683
:100060001bb0bde8f08f06aa12a948462ef0acfee0
:100070000baa16a948462ef0a7feb388bdf81410a7
:10008000029330462df0f2fc07460028dfd19df8a0
:1000900029309df83d1053ea01020ed0bdf814201e
:1000a00041ea0311c9b242f080033046adf8143082
:1000b0002df0c8fc04460028cbd19df840309df8b7
:1000c00041109df843009df842209b0003f03c0343
:1000d00043ea91138c00024301f00f010a43d8b2a6
:1000e00004f0c00440f0858050ea0401bdf81430eb
:1000f00040f0da8043f4c053adf814309df8461058
:10010000112900f0b180292900f0ae80002900f00b
:10011000ab8030462df096fc0446002899d19df81e
:100120004710402900f0b980ff2900f0a88001297c
:1001300000f0ac8030462df085fc0446002888d1c4
:1001400012a830f0c3fa002800f0bb80bdf81430cc
:1001500043f04003adf814309df85830ff2b00f009
:10016000cd8016a831f00efd002840f0dc809df80f
:100170003f30002b00f0cd80bdf81440019605a95a
:1001800044f0040400910bab16aa0af10a01484698
:10019000adf8144021f0d6fe044600287ff459af94
:1001a0002821284630f0fcfe9df846308df81330ab
:1001b000bbf1010f40f20b810127112b00f0c2802f
:1001c000292b00f0dc80002b00f0c880249b1f70de
:1001d000bdf814400299304664ba02230df11602ac
:1001e000adf8164032f046fb002420461bb0bde8b7
:1001f000f08fcbb9bdf81430214343f4006330468f
:10020000adf814302df01efc044600287ff421af19
:1002100002220df1420130462df050fc00283ff43f
:100220006daf2746044614e740ea040130462df03e
:1002300009fc044600287ff40caf9df841103046bd
:1002400001f00f012df0fefb0028ead103900222fd
:100250000df1420130462df031fc039b044600288d
:100260003ff44caf1f46f4e6bbf1010f7ff651aff0
:10027000bdf8143043f48063adf814304fe7bdf897
:10028000143043f44073adf8143059e7bdf814301e
:1002900043f48073adf8143052e7bdf8143043f4e2
:1002a0000073adf814304be743f4805330460392ab
:1002b000adf814302df0c6fb044600283ff41eaf05
:1002c000c6e612a831f05efc002872d19df82b30f2
:1002d000002b64d0bdf81440019605a944f04004f9
:1002e000009106ab12aa51464846adf8144021f0e1
:1002f000f7fd044600283ff42fafaae616a93346bf
:1003000005aa484612f006f8044600283ff448af14
:100310009fe616a9102230462df0d0fb0446002897
:100320003ff43eaf95e605a9009101960bab16aae6
:100330000af10a01484621f005fe044600283ff470
:100340002faf86e64846324629460ef00dfd04469c
:10035000249b1f70002c3ff43baf7ce60df1130390
:100360003246294648460ef06ffc7b1c00287ff47d
:1003700059afdfb2bb452cd09df813301de7ee21fd
:1003800030462df05ffb044600287ff462ae5246f3
:1003900048463346294627f0dbfd0446d8e712a934
:1003a000102230462df08afb044600283ff4d4aedc
:1003b0004fe605a90091019606ab12aa51464846a0
:1003c00021f08efd044600283ff4c6ae41e64ff012
:0c03d000010b249b83f800b0fae600bf8c
:020000040000fa
:020000040101f8
:1003dc002de9f04796b082468846104614a90124b0
:1003ec004ff001170df1480916461294cde91497f8
:1003fc0012f03efb002840f32981002302a832466c
:10040c0041460594079409940b9403940d940f940e
:10041c00119413940493069308930a9302930c93e8
:10042c000e931093129304f0c7fb054658b901ab19
:10043c0002a814a901941597149312f019fb002823
:10044c0064d06ff00d05049820b1bdf8161089002a
:10045c002ff0eafc069800220123cde9042320b1f9
:10046c00bdf81e1089002ff0dffc08980022012334
:10047c00cde9062320b1bdf8261089002ff0d4fc5d
:10048c000a9800220123cde9082320b1bdf82e10d3
:10049c0089002ff0c9fc029800220123cde90a2320
:1004ac0020b1bdf80e1089002ff0befc0c98002274
:1004bc000123cde9022320b1bdf8361089002ff0bd
:1004cc00b3fc0e9800220123cde90c2320b1bdf81a
:1004dc003e1089002ff0a8fc109800220123cde9d2
:1004ec000e2320b1bdf8461089002ff09dfc129808
:1004fc0000220123cde9102320b1bdf84e10890054
:10050c002ff092fc284616b0bde8f087414604a8af
:10051c0032461af0cbf80546002894d106a804a957
:10052c0019f064fb054600288dd10ca8314619f052
:10053c005dfb0546002886d10ea8314619f056fb06
:10054c00054600287ff47faf214608a829f0aafdb4
:10055c00054600287ff477af01460aa829f0a2fdd2
:10056c00054600287ff46faf014610a829f09afdcc
:10057c00054600287ff467af2146484629f092fdd6
:10058c00054600287ff45faf06980368dc0731d47a
:10059c00bdf81e10002965d1089b1b68df0703d42a
:1005ac000a9b1b68dd0714d508a901230caa084671
:1005bc0021f062f9054600287ff445af0aa94ff0f7
:1005cc00ff3304aa084621f057f9054600287ff4aa
:1005dc003aafbdf82610002948d1bdf82e100029dd
:1005ec00d2d001220a9818f0b3f9cde70122129863
:1005fc0018f0aef90e980368db073cd4bdf83e103a
:10060c0039bb109b1b68d90703d4129b1b68da07f4
:10061c0014d510a901230caa084621f02df9054682
:10062c0000287ff410af4ff0ff3304aa4946484628
:10063c0021f022f9054600287ff405afbdf84610dd
:10064c0059b9bdf84e100029d4d0cfe76ff003058f
:10065c0058e7012218f07cf9d3e70122109818f022
:10066c0077f9eee7012218f073f995e70122089863
:10067c0018f06ef9b1e70ea906a812f0f9f90028e6
:10068c004ff0ff335ddb06a90eaa084621f0f4f803
:10069c00054600287ff4d7ae08a94ff0ff3310aa07
:1006ac00084621f0e9f8054600287ff4ccae0aa9eb
:1006bc004ff0ff334a46084621f0def80546002885
:1006cc007ff4c1ae00234ff0011401aa14a906a8af
:1006dc0014920193159412f0cbf900287ff454afc7
:1006ec0006e000bf21f0c8f8054600287ff4abae49
:1006fc00002301aa14a910a814920193159412f0c6
:10070c00b7f910a900284ff0010332460846e9db7f
:10071c004ff0ff3406e000bf21f0aef8054600288c
:10072c007ff491ae314610a812f0a2f910a900285e
:10073c00234632460846efda504619f057fa05467a
:10074c0081e60ea906aa084621f096f8054600286f
:10075c007ff479ae10a94ff0ff3308aa084621f0b8
:10076c008bf8054600287ff46eae4ff0ff330aaad3
:10077c004946484621f080f805460028a2d062e69a
:020000040000fa
:020000040101f8
:10078c002de9f04fc469b7b0002c00f0a280446a88
:10079c00002c00f09e800291114605461e469046a4
:1007ac002cf0f4f8044618b1204637b0bde8f08fb1
:1007bc003146284609f0feff04460028f4d1eb69c7
:1007cc00002b00f086806b6a002b00f082801821d1
:1007dc0002202f6c32f0b8fa01377f0881460028ce
:1007ec0000f08c8100f1180303930df1540a30f0e2
:1007fc00a9f8039830f0a6f80df1740b0d9450463f
:10080c0000f1080432f07cfa5c452046f8d1314600
:10081c0048462cf0d3f8044630bb002f00f03c8146
:10082c00064602e0b74200f03781b6fbf7f301222f
:10083c009a40d2b2510802eb420201eb410107fb94
:10084c00136309ebc20409ebc1010136204613b94d
:10085c002cf0b4f838b95346224621462846f5f711
:10086c0069fa0028ded00446504600bf00f10806a5
:10087c002ff05afa5e453046f8d17cbb07a832f00f
:10088c003ffa05f134060da832f03afa304621460b
:10089c002ff05afa012840f02981214640462ff0ca
:1008ac0053fa4146834607a819f0a0f9044638b319
:1008bc000da82ff039fa07a82ff036faab6d4b457f
:1008cc000fd1029b002b3ff46faf184630f02cf881
:1008dc006ae78b4c204637b0bde8f08fab6d99457d
:1008ec00efd0484630f020f8039b13b1184630f097
:1008fc001bf8484632f02efa002c3ff455afe0e7d7
:10090c00424631460da832f021fc04460028cfd1d6
:10091c00bbfa8bf35b091a460da907a804931cf0cc
:10092c0053ff04460028c3d101467a1c504631f0cf
:10093c00fdfbb7b3d046d3460595214607a82ff04b
:10094c0003fa3919064607a898f800502ff0fcf95d
:10095c00013446ea40002843a74208f8010becd1c9
:10096c00059d5b460aeb070eac46b846002158784d
:10097c001c7881ea0007fd4305f0010515fb04f620
:10098c007ab276b244eac51482ea06055d7003f8c1
:10099c00014b0840324002439e45d1b2e7d1474655
:1009ac0065460da82ff0c0f907a82ff0bdf907a8d0
:1009bc002ff0c8ff0da800bf00f1080432f0a0f919
:1009cc0054452046f8d1ddf808801af8073000931a
:1009dc004a460223414628461ff052fb0aeb070603
:1009ec00044648bb409b33b1dde9402341462846d1
:1009fc00fff72ef9f8b9ffb1029f11e016f8010dbf
:100a0c00009028461ff03cfb07ab3a46394690b99c
:100a1c000da800902846f9f76dfc60b9b2450bd0d3
:100a2c000dab3a4639462846f5f784f902234a4677
:100a3c0007a90028e2d0044607a82ff075ff0da8df
:100a4c0000f108062ff070f956453046f8d1002c0d
:100a5c007ff444af049a0299284623f0ddfb044648
:100a6c0000287ff43baf409b4bb1dde9402302995a
:100a7c002846fff7edf8044600287ff42faf0299c3
:100a8c00284600f0bffeab6d994504467ff429afb4
:100a9c00002c3ff489ae14e7039e0d960da901229c
:100aac002846f9f713f9044600287ff4ddaecdf89b
:100abc0000a033464a4631462846f9f71bfc04464b
:100acc0000287ff4d1ae0da9012228460d96f9f726
:100adc00fdf8044600287ff4c7ae09f110002ff092
:100aec0023f909f128002ff01ff9bde6ab6d9945ec
:100afc0002d0a4f59f44f4e6014ce2e6014ce0e69a
:080b0c0080b0ffff80b2ffff83
:020000040000fa
:020000040101f8
:100b1400416464726573734572726f720000000001
:100b2400416464726573734e6f7469667900000082
:100b340041646472657373517565727900000000d5
:100b44004164647265737352656c6561736500001a
:100b540041646472657373536f6c696369740000f4
:100b6400536572766572446174610000416e796305
:100b74006173744c6f636174650000004261636b60
:100b8400626f6e65416e7377657200004261636bdc
:100b9400626f6e654d6c72004261636b626f6e656d
:100ba4005175657279000000416e6e6f756e6365f4
:100bb400426567696e000000416374697665476544
:100bc400740000004163746976655265706c6163fa
:100bd4006500000041637469766553657400000024
:100be400436f6d6d697373696f6e65724b65657084
:100bf400416c697665000000436f6d6d69737369bc
:100c04006f6e657247657400436f6d6d69737369c8
:100c14006f6e65725065746974696f6e00000000d0
:100c2400436f6d6d697373696f6e6572536574009c
:100c3400446174617365744368616e676564000040
:100c4400456e657267795265706f727400000000ba
:100c5400456e657267795363616e00004a6f696e11
:100c64006572456e74727573740000004a6f696e24
:100c7400657246696e616c697a6500004c656164f1
:100c840065724b656570416c697665004c6561649d
:100c940065725065746974696f6e000050616e49c5
:100ca40064436f6e666c69637400000050656e6423
:100cb400696e67476574000050616e4964517565db
:100cc4007279000050656e64696e67536574000044
:100cd40052656c617952780052656c617954780080
:100ce40050726f787952780050726f787954780026
:100cf40044696167476574416e73776572000000eb
:100d04004469616747657452657175657374000061
:100d14004469616747657451756572790000000024
:100d240044696167526573657400000044756152db
:100d340065674e6f746966790000000044756152fe
:100d44006567526571756573740000004d6c7200bf
:100d5400612f616500000000612f616e00000000da
:100d6400612f617100000000612f617200000000ba
:100d7400612f617300000000612f736400000000a4
:100d8400612f796c00000000622f62610000000096
:100d9400622f626d72000000622f62710000000019
:100da400632f616200000000632f61670000000090
:100db400632f617200000000632f61730000000064
:100dc400632f636100000000632f6367000000006d
:100dd400632f637000000000632f63730000000042
:100de400632f646300000000632f6572000000003d
:100df400632f657300000000632f6a650000000024
:100e0400632f6a6600000000632f6c61000000001d
:100e1400632f6c7000000000632f706300000000fb
:100e2400632f706700000000632f707100000000e2
:100e3400632f707300000000632f727800000000bd
:100e4400632f747800000000632f757200000000a7
:100e5400632f757400000000642f646100000000bb
:100e6400642f646700000000642f647100000000b8
:100e7400642f6472000000006e2f646e0000000096
:100e84006e2f6472000000006e2f6d72000000bfb0
:020000040000fa
:020000040101f8
:100e9400f0b5044689b0d4f81431002001338df83c
:100ea4001000c4f814318df81c00154692b90029bd
:100eb40000f0fc802378d80706d4d4f854310133e9
:100ec400c4f8543109b0f0bd08460e462cf044fe77
:100ed400054688b3083d152defd801a353f825f036
:100ee4009d0f0101bf0e0101bf0e0101bf0e0101e3
:100ef400bf0e0101bf0e0101bf0e0101bf0e0101b2
:100f0400bf0e0101b50f0101b1100101c10f0101b3
:100f1400a5100101a90f0101910f0101bf0e0101eb
:100f2400bf0e0101bf0e0101bf0e0101bf0e010181
:100f3400bf0e0101cd0f010102a9304627f09cfc30
:100f440005a9304625f0eefe9df81070002f40f004
:100f5400ce809df81c30012b00f0b980022b06d105
:100f640005a8082204f136012ff0befe70b90df178
:100f7400060130462ff09efa60bbbdf806304ff6ee
:100f8400ff72934226d022899a4223d0d4f8383172
:100f94000133c4f8383195e7d4f84c310133c4f83f
:100fa4004c318fe7d4f834310133c4f8343189e754
:100fb400d4f850310133c4f8503183e7d4f84431c4
:100fc4000133c4f844317de7d4f83c310133c4f82b
:100fd4003c3177e79df81030012b6dd0022b13d1f3
:100fe400082204f136010deb02002ff07dfe0028eb
:100ff40056d03b4602aa314604f5b0702cf074fe7c
:10100400054600287ff466af9df81c30012b75d08f
:10101400d4f818310133c4f8183102aa3b463146da
:10102400204609f0b3fe054628b11d287ff452afcf
:101034006378062bc8d1314661482ff08ffa4fb13f
:1010440032463946204626f0a5fd33681b881a0728
:1010540000f18e806378022b5cd0062b66d0012bc6
:1010640076d033681b7803f00703012b00f09c80d3
:10107400002b00f09f80032b50d1314620461df0f9
:101084007ff900287ff41eaf4e48314615f0a8ffc3
:10109400204623f0adfb002d7ff41caf09b0f0bd5a
:1010a400d4f848310133c4f848310be7d4f840315f
:1010b4000133c4f8403105e7002f3ff47faf3868af
:1010c400796802ab03c302238df8103088e7bdf8ba
:1010d4001430628e9a423ff44aaf227851077ff56a
:1010e40055af4ff6ff7293427ff450af3fe70122b2
:1010f40002a9354832f03ef907462ae7bdf8142024
:101104004ff6ff739a4283d1d4f81c310133c4f8eb
:101114001c3182e7227ca37a9a42a2d0d4f83031df
:101124000133c4f83031002db8d0d3e69df81c301b
:1011340013b9002d95d0cde604f1c40030f026fc9f
:1011440000236370204611f0c3fa002d89d0c1e654
:1011540033681b785b07ddd1d4f82831013331467d
:10116400c4f8283120462bf067ff002d96d0b1e655
:101174000df1050130462ef04bfa9df80530082b91
:101184007ff468afbb7f03f00f03062b05d0072b5a
:101194003ff460af012b7ff411af304628f09afa88
:1011a40000287ff457af88e6d4f820310133c4f81f
:1011b400203169e7d4f828310133c4f8283163e7d2
:0c11c40020d20020d0d10020b8d20020a2
:020000040000fa
:020000040101f8
:1011d0002de9f04f91b00023059300f00303012b9c
:1011e00005460c4616460fd01bb1022b03d032f039
:1011f00043f807073bd51146204601f0c2f8a0bbd3
:10120000082011b0bde8f08f000725d5022305f0b6
:1012100008051d430df1280a0023cdf800a00c227b
:10122000194630460a94f6f72ff8062d21d1d4f846
:101230003080d4e90a79b8f1000f0cbf4ff0010bf0
:101240004ff0030b15f0080500f00681bbf1010f0c
:1012500040f0fb8031f031fe0f6a10460d2130f076
:101260008ffa8742d2d10623d1e70920c9e70123ab
:10127000cde7304601f09ff8814608b93146bbe71b
:1012800052460146304621f0e5fe314680469df843
:101290003c0026f0c5fa0f210c90304630f070fa71
:1012a00020f00100471e0e9b434540f2b6804246a7
:1012b00006ab9df83d1000202ef00cff07ab024658
:1012c0009df83d1000202ef005ff08ab02469df86a
:1012d0003d1000202ef0fefe09a92ef0ebfe0a9b29
:1012e000069a1344bb42804602d9ddf83880dae71b
:1012f000079a1344bb42d6d9ddf82080b8f1000f1d
:1013000001d00b9b9844099f17b10e98013f0744e9
:10131000b8f1000fb2d0002f00f0ef8015f00803f5
:10132000029327d0764b2360764b63604ff0000b1f
:1013300007a938462af0b0fd08a903902af0acfdb1
:101340000799002966d039dd9df83c00ff2831d08f
:1013500000f00703042b3ff64aaf01a252f823f036
:10136000b9130101ef11010187130101b913010143
:10137000b1130101e379012b0cbf54f8203c04f1b7
:1013800058030593d2e702270d9a09ab07fb1122f8
:101390000c991bf0ebf9099931b15cb305ab002254
:1013a000204615f07df928b3079f4ff0030b38e076
:1013b0000827e9e70027e7e70427e5e70d9b04b3e3
:1013c000029af2b9059a099202316ff0030707fbfe
:1013d000013700bf57f8041f41b109ab002239445f
:1013e000204615f05df90028f4d0012181f00101bb
:1013f0000029d9d1089f002f7bd0039b3b441f4677
:1014000096e76ff0030201fb02229958b1fa81f1cd
:101410004909ede74ff0010bece70027b8464ff024
:10142000010beb077ff50eafbbf1020f3ff426afc8
:101430000d213046059d30f0a3f9c4e90a79c4e9cd
:101440000805c4f830800620dbe6002f28da31f0ea
:1014500039fd23f0e5fefde6bbf1010f02d1204688
:101460002ef068fe002f1bda52464946304621f026
:10147000f1fd31469df83c0026f0d2f96ff00303f0
:1014800007fb03320d9b0c90134400bf53f825203b
:101490000ab10135fae70422c4e90a50c4e90c2371
:1014a000002309ad1a461946009530460994f5f710
:1014b000ebfe002319460122009530460997f5f707
:1014c000e3fe0f21304630f05bf900f0010040ea06
:1014d00008000023099000950f2219463046f5f7c1
:1014e000d3febbf1020f02d1204629f019f80720e4
:1014f00087e6bbf1000f3ff4c1ae4ff0020b90e75f
:08150000474e5543464f5200cf
:020000040000fa
:020000040101f8
:101508002de9f041aeb0064615460591002705992c
:101518000b78002b00f0fa8000244ff0ff33cde960
:1015280009430eab0c9380230b940d930b5d0bb109
:10153800252b26d134b1224630462df083f8059b61
:1015480023440593059b1a78252a40f0d78003f198
:101558000108cdf81480059803782b2b1ad025d8cc
:10156800202b1bd0232b1dd02a2b27d026f077f930
:101578000b90059b1a78303a092a2ed80133059327
:10158800f7e70134d2e7099b43f0010301300993df
:101598000590e0e7099b43f00403f7e7099b43f054
:1015a8000803f3e7099b43f01003efe72d2bead07c
:1015b800302bd9d1099b43f00203e7e72b681a1daa
:1015c8001b682a600130002b05900b9305da099af5
:1015d8005b4282f0010209920b93099bda0744bf30
:1015e80023f002030993059b1a782e2a0dd10022b5
:1015f800581c0a9205905a782a2a25d10233059355
:101608002b681a1d1b682a600a9305a828f00eff8c
:10161800059b0390187831f0adf86928039979d0c3
:1016280032dc632800f0cb8019dc252800f0d98053
:10163800612853d000234ff0ff32cdf8148009936e
:101648000b930a920093d4e026f009f90a90059bbf
:101658001a78303a092ad8d801330593f7e764286d
:1016680058d06728e6dc2a4606a82cf059f9002845
:1016780000f0a180059b5a1c05921b7806aa09a9af
:101688003046f9f7a1fb38e0702873d015dc6e28d6
:1016980000f08c806f28cdd12b46002206a816f0ca
:1016a8007bfa002800f08780059b06aa013309a968
:1016b800304605931ef084f81fe075283ad0782844
:1016c80048d07328b6d1802975d1059b2a68013383
:1016d8000593131d2b60126800237de02a4606a897
:1016e8002cf01ef9002866d0059b5a1c05921b7821
:1016f80006aa09a93046f9f7c7fd04443c44a742a5
:101708007add3e4b4f221a604ff0ff3738462eb035
:10171800bde8f0812b46012206a816f03dfa002804
:1017280049d0059b06aa013309a93046059316f04e
:1017380075ffe2e72b46002206a816f02dfa0028ce
:1017480039d0059b06aa013309a93046059322f032
:10175800cdffd2e72b46002206a816f01dfa50b39b
:10176800059b5a1c05921b7806aa09a930460cf05d
:1017780073fec2e72b460022f02106a816f00cfae9
:10178800c8b1059b01330593dde9062313430bd14b
:101798001b4830f009f8099b009319490b9b024636
:1017a80030461bf011fea8e77823dde72b463a19ef
:1017b80006a81cf02dfd059b013305939ee78029a3
:1017c800f9d1059b013305932b681a1d1b682a6004
:1017d8008df8183006aa012309a9304622f05affcd
:1017e8008be78029e7d1059b01330593099b00937b
:1017f8000b9b04490122d3e7274688e60001012014
:08180800803204018632040164
:020000040000fa
:020000040101f8
:101810002de9f04301f1100883b00e468146002106
:1018200040462bf079f920b90446204603b0bde8c4
:10183000f083684609f1040731f068fa68463a46d1
:101840004146fef7cbfd044640b906f1080529469e
:1018500028466a460af040f8044630b168462ef041
:1018600069fa204603b0bde8f083d9f84830002b70
:1018700000f0ad80b6f90c30002bc0f21c81284678
:1018800031f062fcd9f83c30b0eb430f00f2f1804c
:10189000d9f8483028469847044658b1dee72bf07f
:1018a0003bf93a46294690b1284631f051fc0446ae
:1018b0000028d3d1b6f90c3000218b422846eedb4c
:1018c00005e000bf12f02ef904460028c6d13946c3
:1018d000284611f0d3f800283a4629462846f1da7e
:1018e0006a466946684609f0f7ff04460028b5d104
:1018f000d9f84830002b00f0d480bdf90430002b1b
:10190000c0f2b080684631f01ffcd9f83c30b0eb33
:10191000430f00f2ae80d9f8483068469847044635
:1019200058b19be72bf0f8f83a46694688b168460b
:1019300031f00efc0446002890d1bdf9043000219e
:101940008b426846eedb04e012f0ecf80446002817
:1019500084d13946684611f091f800283a46694624
:101960006846f1da6a463146304609f0b5ff04466a
:1019700000287ff473afd9f84830002b00f0a38023
:10198000b6f90430002bc0f2b080304631f0dcfbf9
:10199000d9f83c30b0eb430f6bd8d9f8483030461b
:1019a0009847044660b159e72bf0b6f83a463146fd
:1019b000e0b1304631f0ccfb044600287ff44eaf56
:1019c000b6f9043000218b423046eddb0ee03a469a
:1019d0002946284618f070fe0446002880d03de7ce
:1019e00012f0a0f8044600287ff438af394630469c
:1019f00011f044f800283a4631463046f0da6a469b
:101a00002946284609f068ff044600287ff426afdf
:101a1000d9f84830002b5fd0b6f90c30002b6cdbc6
:101a2000284631f091fbd9f83c30b0eb430f20d879
:101a3000d9f8483028469847044660b10ee72bf0a5
:101a40006bf83a462946e8b1284631f081fb044656
:101a500000287ff403afb6f90c3000218b422846f2
:101a6000eddb0fe0014668462bf056f800283ff406
:101a700049af254cf2e600bf12f054f804460028a6
:101a80007ff4ecae3946284610f0f8ff00283a46bd
:101a900029462846f0da4046012128f009fb044691
:101aa000dce63a466946684618f006fe0446002819
:101ab0003ff458afd2e6014628462bf02df8002817
:101ac0003ff4ddaed5e73a463146304618f0f4fd36
:101ad0000446002893d0c1e63a462946284618f025
:101ae000ebfd04460028d6d0b8e6014630462bf080
:101af00013f800283ff449afbbe7014628462bf016
:0c1b00000bf800288cd0b4e780b0ffff89
:020000040000fa
:020000040101f8
:101b0c000c4b13f0ff0f08d04ff0200383f3118818
:101b1c00bff36f8fbff34f8ffee7074a934208d096
:101b2c004ff0200383f31188bff36f8fbff34f8ff8
:101b3c00fee7704700c0070100c00701014b1860a9
:101b4c00704700bff400012030b4184c1546184af9
:101b5c000c4404eb4030541e844208d24ff0200356
:101b6c0083f31188bff36f8fbff34f8ffee71c1801
:101b7c00a24208d24ff0200383f31188bff36f8f7a
:101b8c00bff34f8ffee71944b1f5005f08dd4ff04e
:101b9c00200383f31188bff36f8fbff34f8ffee7e2
:101bac0001461a46284630bc2ff0a8b800c00701e1
:101bbc0000000801f8b5304d0d4405eb40351746d3
:101bcc002a071c4608d04ff0200383f31188bff37b
:101bdc006f8fbff34f8ffee743b94ff0200383f3b2
:101bec001188bff36f8fbff34f8ffee7234b5a1e45
:101bfc00aa4208d24ff0200383f31188bff36f8ff2
:101c0c00bff34f8ffee76219934208d24ff02003c7
:101c1c0083f31188bff36f8fbff34f8ffee721441f
:101c2c00b1f5005f08dd4ff0200383f31188bff39b
:101c3c006f8fbff34f8ffee7114b1b6803b19847b3
:101c4c0023071ebf24f00f0310339cb24ff6f07322
:101c5c002340fe18ed1bbe4204d130f0fbfc0028e3
:101c6c00fbd1f8bd30f0f6fc0028fbd179193846d1
:101c7c0023f080f91037eee700c0070100000801df
:101c8c00f400012010b5124c124b04eb4034a3426b
:101c9c0014d330f0dffc0028fbd1204626f02efbbd
:101cac0004f5805430f0d6fc0028fbd1204626f0f9
:101cbc0025fb30f0cffc0028fbd110bd4ff02003ea
:101ccc0083f31188bff36f8fbff34f8ffee700bf15
:101cdc0000c00701ffff070137b542b94ff02003e1
:101cec0083f31188bff36f8fbff34f8ffee71f4c49
:101cfc000c4404eb40341e48431ea34208d24ff060
:101d0c00200383f31188bff36f8fbff34f8ffee770
:101d1c001319984208d24ff0200383f31188bff3b4
:101d2c006f8fbff34f8ffee71144b1f5005f08ddf5
:101d3c004ff0200383f31188bff36f8fbff34f8fe6
:101d4c00fee74ff0ff3201929db204220deb02012f
:101d5c0020462ef0c5ff30b90434a3b29d42f4d115
:101d6c00012003b030bd0020fbe700bf00c007011d
:101d7c000000080138b5154643b94ff0200383f332
:101d8c001188bff36f8fbff34f8ffee7184c194ac2
:101d9c000c4404eb4030541e844208d24ff0200314
:101dac0083f31188bff36f8fbff34f8ffee71c18bf
:101dbc00a24208d24ff0200383f31188bff36f8f38
:101dcc00bff34f8ffee7ca18b2f5005f08dd4ff086
:101ddc00200383f31188bff36f8fbff34f8ffee7a0
:101dec001a4629462ef07cffb0fa80f0400938bd27
:081dfc0000c00701000008010e
:020000040000fa
:020000040101f8
:101e04002de9f04790b000230c46064609688df88a
:101e14000a3006a8904627f01ffe0546002840f029
:101e2400dd809df83030ff2b1bd120684379c3f34c
:101e3400c103002b14bf4ff001094ff0000903d078
:101e440003799b0640f1df800ca9a3482cf0d0fe57
:101e54000746002800f0d98001238df80a30206855
:101e64000de00ca99c482cf0d5fe0746002800f094
:101e7400b980012320688df80a302f46a94628210d
:101e840030f01afd0df10a0300939df81e308df811
:101e94000b3006aa0df10b03214630461af076feec
:101ea4000546002840f09a809df80aa0baf1000f78
:101eb40000f0ae809df80b30292b34d123680390b9
:101ec4001b794a46214603a8c3f3401725f0a6fe12
:101ed400039b0546002840f0b5801a79998967f379
:101ee40045121a7118462bf065f8039a7b480021b5
:101ef40031f036fa039b04934246002304a930468a
:101f04000393fff77dff049808b12ff05dfd03985c
:101f140000238df80a3008b32ff056fd9df80a30df
:101f2400e3b19df80b30b8f1000f0fd10122cde9d8
:101f340000a2214606aa30460df0cefe9df80aa066
:101f44000546baf1000f09d09df80b30cdf800908a
:101f540006a92246304614f0fffb0546b9f1000fee
:101f64003cd023685b7913f0180f5cd09df81f7088
:101f7400002f56d0012304aa072120688df8107081
:101f840023f016fa9df80b303a2b78d07378266834
:101f9400cbb17779c7f3c107022f14d19df80b3069
:101fa400112b10d1082304aab18930462ff002f86e
:101fb400054698b9bdf812305bba9bb24ff2bf0226
:101fc40093422ed0266845480496002304a9236032
:101fd40026f012fe049808b12ff0f6fc284610b043
:101fe400bde8f08723685b7913f0180f03d10ca8c0
:101ff4002ff0c6fd18bb0ca82ff0c2fd40b34ff064
:10200400010920683be7012739e72068012736e703
:10201400002fa3d0b8f1000fa0d19df80b304a4691
:1020240085e70225dae72e4830f038fa0028d5d0c3
:102034009df81f70013fffb28df81f7098e720686c
:10204400b9461ce7002bc9d018462ff0bdfcc5e7e4
:102054000ca9304628f026fc81460028cfd10caad2
:1020640004ab08a91f481bf0b3fa08bb1e4bbdf80c
:102074001020b3f8163d9a421ad04f46bfe72068a5
:102084000123818904aa2ef095ff05460028a5d1d5
:102094009df81010154b0122914203f105003ff405
:1020a40075af9842bdd013f8012f9142f9d16de775
:1020b4000127a6e7049808b12ff086fc039808b11d
:1020c4002ff082fc30f0cefef8e704980028f9d017
:1020d4002ff07afcf6e700bf64c60020d0d10020c0
:1020e40040d20020d8d5002038c5002054970201e2
:020000040000fa
:020000040101f8
:1020f400027a03467ab9427a7ab1013a4272426864
:10210400111d126802604160032202721a68100ee7
:1021140012021a607047013af7e7b02070471fb502
:1021240003ab009300230a461946f5f78af803988f
:1021340005b05df804fb0c21f1e72de9f0430546f9
:1021440085b0884600264046fff7d2ffb0280446f3
:1021540011d176b903ac33460e2231460094284699
:10216400f5f76ff8009433460f2231462846f5f709
:1021740089f800202ce002061dd4002303af4feaa7
:102184008009194600970d222846f5f75af85ffa98
:1021940089f9039b09f1040914f0400f14bfa3eb60
:1021a40009034b440393009700230d221946284644
:1021b400f5f768f8c7e700f0f003802b1bd10402a1
:1021c4004046fff795ff0443b4f5004f03d10920bf
:1021d40005b0bde8f083240100234ff6f0722240dd
:1021e40019462846f5f7d6f90028f0d114f4004f23
:1021f40018bf0126a7e7902b0dd100f00d030d2b7e
:10220400e5d003af002300f00f02009719462846db
:10221400f5f717f8c7e7a02b13d1c24302f0070361
:102224004ff47f621a4102f47f62030748bf42f40d
:102234008042002319462846f5f7acf9002882d0dd
:10224400c5e7b02b47d1b12809d14046fff750ff6d
:1022540002460028bbd010f0f003ebd0b7e7b22859
:1022640020d1002303ac0d22194600942846f4f72c
:10227400e8ff4046fff73cff022710f0800300f020
:102284007f00039a00fa07f005d102f501721044a9
:102294000390009489e71044039040460737fff702
:1022a40027ffeae7b3280bd14046fff721ff0203db
:1022b40000f00f0002f47022013001230243b9e759
:1022c40000f0fc03b42b82d000f00702013201239a
:1022d40042f40022aee7c02b45d1c6280ad14046bd
:1022e400fff706ff020300f00f0002f47022013032
:1022f4000323e3e7c7280cd14046fff7f9fe024663
:1023040000283ff464af10f0f0037ff460af0421c1
:1023140091e700f0f803c02b06d100f00f02013260
:10232400032342f4202285e7c8280dd14046fff755
:10233400dffe00f0f00200f00f0010320130052340
:1023440040ea0232012176e7c9287ff440af4046d3
:10235400fff7cefe020300f00f0002f470220130fa
:1023640005230243eee700f0f803d02b7ff42faff0
:1023740000f007020132052342f40022e2e71fb510
:10238400c36c5a681202019203f1080202920322fa
:102394000c468df80c20db798df80d3001a9204610
:1023a400fff7cbfe04b010bd08b5fff7c4fe806c88
:1023b40008bd08b5fff7bffec06cc379023300eb5c
:1023c400830008bd08b530f055ff08b530f052ff62
:020000040000fa
:020000040101f8
:1023d400f8b5044630f06afda94d0f28687071d134
:1023e4000f2c15d000232b711cf03efc012302227c
:1023f40004210d2029f0b6fd0123072280210420a9
:1024040029f0b0fd30f052fd082c68706cd108241e
:102414002046f8bd062c00f09c80082c6ed16b7809
:10242400082b6bd0974b01201c7030f097f965e0b6
:10243400162c00f0bc8020d80f2c5fd1914b0322c6
:102444001a700421002302220d2029f08bfd802123
:1024540004200023072229f085fd8b4a8b4b1b782f
:10246400137843f01003137025f090f9232030f013
:1024740075f930f01bfd687040e0192c00f0db802a
:10248400202c3bd17f4b03221a700421002302220b
:102494000d2029f067fd802104200023072229f064
:1024a40061fd794a794b1b78137843f0100313705c
:1024b40026f0e2ff232030f051f930f0f7fc044617
:1024c4006870a5e7202811d1202ca1d01cf0ccfbea
:1024d4006f4a1378dbb2082bfbd16b7014f080f8d1
:1024e40014f020f8082c92d0032c90d0092c0dd095
:1024f4009ed8042c25d08dd8032c90d0644b1c7806
:1025040004f01f041f2c6c70f9d081e76b78082b42
:1025140012d00cd8062bf1d103236b71594b08222e
:102524001a70012030f01af922f032f8e6e7162b7f
:10253400f2d0192be2d1efe703236b7122f028f8d4
:10254400dce76b78082bf7d04e4b03226a711c70c2
:10255400d4e76b78092b16d011d8082bced10223df
:102564006b7122f015f8502030f0f8f8454e3470b5
:1025740030f09cfc00f01f000628f8d1bee7162bb3
:1025840001d0192bbad13f4c0823237002236b715d
:1025940021f0feff502030f0e1f84ff006062670df
:1025a40030f084fc00f01f000628f8d1a6e76b7811
:1025b400192ba3d80126374a06fa03f31a409ab90d
:1025c40013f0021f1ed1db0598d56e7121f0e0ffd8
:1025d400502030f0c3f82b4e347030f067fc00f01c
:1025e4001f001628f8d189e7264f08233b706e7127
:1025f40021f0ceff3c7030f059fc00f01f0016288b
:10260400f8d17be7142030f0a9f830f04ffc00f04b
:102614001f0008287ff472af6e7121f0b9ff5020bb
:1026240030f09cf8174e347030f040fc00f01f007e
:102634001628f8d162e76b78082b16d00fd8062b32
:102644007ff45caf0f4c0823237000236b7121f0df
:102654009fff502030f082f8192323704ee7092b96
:10266400f0d0162b7ff44aafece700236b7121f016
:102674008fff502030f072f8024b1c703ee700bf11
:102684009c100020020001410e0001410f00014195
:082694000100014140020002b7
:020000040000fa
:020000040101f8
:10269c002de9f04f866ba849a84a3378a84ff7610b
:1026ac00c9b00446c6e9051206f52e7efbb9436b8c
:1026bc00d6f83c13a34a03f130054ff0300c0195ca
:1026cc0006f53e764025009573463046cdf808c099
:1026dc0008f0a0fa054618b1284649b0bde8f08fbd
:1026ec00304644212ff0e2fba66b06f52e7e06f554
:1026fc003e750df12008a446764630687168b268c4
:10270c00f36844460fc41036ae42a046f5d110ad66
:10271c000fcdcef80000cef80410cef80820cef87d
:10272c000c300fcd08adcef81000cef81410cef84a
:10273c001820cef81c300fcd6446dcf838c0ccf82d
:10274c00d802ccf8dc12ccf8e022ccf8e4320fcd75
:10275c00ccf8e802ccf8ec1208a84021ccf8f02216
:10276c00ccf8f4322ff0a2fbd4e90d382168a66c1a
:10277c0022899868d8f81c500979b28630330595af
:10278c00049307912af040ff08f52e730546069333
:10279c00002800f0cf802af09dfe0328824606d147
:1027ac00eb7a13f0020f14bf082310233361287a3d
:1027bc002bf08efd8146002800f0bc80687a2ef04c
:1027cc004df9002800f0b680402308aa4ff4807b16
:1027dc00cde9012b0093dde90405069b5a4a302113
:1027ec00a847054600287ff477af99f80520baf181
:1027fc00030f02f00f034feac30318bfa0f5d8452f
:10280c007ff46aaf11093269f0600b290cbf0c25fb
:10281c0004250c32521b0c21c6e90021079ab56025
:10282c00002a36d108aa02eb030a0aeb03012a4656
:10283c0006f1140007932ef061fa079b59195144c5
:10284c002a4606f124002ef059fa0df1200bd4f88b
:10285c00f05085b1059a08f53673ba420cbf0227c1
:10286c0000270093069b01930297049ad4f8f40076
:10287c0030230021a84706f138073846494626f090
:10288c00d7fa054670b108a84ff480712ff00efbf3
:10289c0022e7079a012a37d0594608a82ff006fbe1
:1028ac002a4d19e774363046494626f0c1fa0546da
:1028bc000028e8d199f8052002f00f025946384655
:1028cc009201012320f0c0f805460028dbd199f8cd
:1028dc00052002f00f02034651469201304620f0cb
:1028ec00b3f84ff48071054608a82ff0dffa002ddd
:1028fc007ff4f2aea06b402100f52e702ff0d6facb
:10290c00284649b0bde8f08f08aa02eb030b0beb8d
:10291c0003012a4606f1240007932ef0eff9079bda
:10292c00591959442a4606f114002ef0e7f90df115
:10293c00200a8ce7064dcfe61d180301158802010d
:10294c0021ac010174fc030184fc03010094ffff22
:04295c00008fffffea
:020000040000fa
:020000040101f8
:102960002de9f04f0b6a0d461168ef7db1f80a9022
:1029700043f000438bb080462b622868164630f047
:102980000bfb044618b120460bb0bde8f08f316850
:10299000b08824f00dfb04460028f4d1043fffb2b8
:1029a000012f00f28780984b0393336804941846f4
:1029b00003a90a22b3f80aa02af014fb044600284f
:1029c000e1d1316868684b8900932df039fe0446e7
:1029d0000028d8d13168484624f0eafa0446002895
:1029e000d1d13068b0f80ac0acf10a0caceb0a0cdb
:1029f0009cfa9cfc0a23514603aaadf814c022f0ad
:102a0000d9fc338901333381ab68002b62d0012fad
:102a100060d9186800285dd0a246bb46019435e015
:102a20005b8901932df00cfe04460028abd1316880
:102a3000484624f0bdfa04460028a4d133680a228f
:102a4000184603a95f892af0cdfa044600289ad1d6
:102a50003168009824f0acfa0a23044603aa3946e8
:102a6000002890d1306844890a3ce71b7fbaadf852
:102a7000147022f09ffc3389013333810af1010a7b
:102a80001ffa8afaab6853f82a0010b331682df0a8
:102a9000d7fd044600287ff476af33685b481946bb
:102aa000baf1000fbcd0019824f082fa0446002845
:102ab000c4d068e7d8f81440554b03930cb9d8f844
:102ac0001c40d8f8103013b19c4228bf1c4624bad1
:102ad0006be75f463168009824f06afa04460028e4
:102ae0007ff451af4ff0ff230790adf8200006a907
:102af0000a22306806932af075fa044600287ff40b
:102b000042af3389012f03f1010333817ff63bafdd
:102b10003168009824f04cfa002873d1d8f81430aa
:102b20003c4a06920bb9d8f81c30d8f8102012b1e4
:102b3000934228bf13466a8aa98ad6f800c02f8a12
:102b4000bcf80a9052ba49ba1bba7fbaadf8222033
:102b5000adf824106046102206a90793adf8267040
:102b60002af040fa00284dd102463146404626f070
:102b700039ff002846d1306847890a3fa7eb09078b
:102b800049460a2306aa7fbaadf8207022f012fc4b
:102b90003389316800980133338124f009fa002821
:102ba00030d130681c4b478903930a2203a92af0cd
:102bb00019fa38bb3268a97de8682cf0fbfd08bb28
:102bc000306845890a3ded1b0a2303aa6dba3946d0
:102bd000adf8145022f0eefb33890133338198f8bd
:102be00001305b067ff5cfae0098316824f0e0f944
:102bf000044600287ff4c7ae314640461ef09efbd7
:102c00000446c0e60446bee6000c00fed40b0301f9
:0c2c1000000c0001002100010010000178
:020000040000fa
:020000040101f8
:102c1c002de9f04f099f154604468e461e46002ba3
:102c2c0040f0cc808a42b2fa82fc4cd9bcf1000f45
:102c3c000bd0ccf1200801fa0cfe20fa08f802faad
:102c4c000cf548ea0e0e00fa0cf44fea15491ffa7f
:102c5c0085f8befbf9fa210c09fb1ae30afb08fb09
:102c6c0041ea03439b452ad9eb180af1ff3004d201
:102c7c009b4502d9aaf102002b44a3eb0b03a4b28f
:102c8c00b3fbf9f209fb123302fb08f844ea0344e4
:102c9c00a04516d92c1902f1ff3303d2a04501d956
:102cac00931e2c44a4eb080443ea004027b124faf9
:102cbc000cf400233c607b603146bde8f08f50463d
:102ccc00dbe71346eee702b9ffdebcf1000f2ed1b5
:102cdc008b1a01264fea154eaab2b3fbfef8210c53
:102cec000efb183308fb02f941ea0343994561d9fd
:102cfc00eb1808f1ff3004d2994502d9a8f1020073
:102d0c002b44a3eb0903a4b2b3fbfef10efb11336e
:102d1c004a4344ea0344a2424ed92c1901f1ff3331
:102d2c0003d2a24201d98b1e2c44a41abce7ccf1cd
:102d3c00200e02fa0cf521fa0ef901fa0cf320fa26
:102d4c000efe4eea03034fea154800fa0cf4b9fbe9
:102d5c00f8f11ffa85fe08fb1192180c01fb0ef618
:102d6c0040ea0242964221d9aa1801f1ff3003d25f
:102d7c00964201d9881e2a44921b9bb2b2fbf8f9e9
:102d8c0008fb192209fb0efe43ea02439e450fd9ac
:102d9c00eb1809f1ff3604d29e4502d9a9f10206bf
:102dac002b44a3eb0e0346ea004693e70846e3e701
:102dbc004e46f6e74046a4e70b46b6e78b4206d9eb
:102dcc00002f7ed00026c7e90001304674e7b3fa25
:102ddc0083fcbcf1000f0fd18b4201d3824209d886
:102dec00841a61eb030e0120002f6dd0c7e9004e51
:102dfc00002661e76046f7e7ccf1200e03fa0cf3ee
:102e0c0022fa0ef521fa0ef41d4301fa0cf320fa06
:102e1c000ef10b434fea154a00fa0cf6b4fbfaf923
:102e2c001ffa85f80afb19401c0c09fb08f144ea4f
:102e3c000044a14202fa0cf23fd92c1909f1ff30df
:102e4c0004d2a14202d9a9f102002c44641a9bb20b
:102e5c00b4fbfaf90afb194409fb08f843ea0441ec
:102e6c0088452cd9691809f1ff3304d2884502d959
:102e7c00a9f10203294443ea0040a1eb0801a0fb9d
:102e8c0002894945c2464c4602d306d1464504d276
:102e9c00b8eb020a69eb05040138afb1b6eb0a03d3
:102eac0061eb040606fa0efe23fa0cf34eea03035a
:102ebc0026fa0cf6c7e900369ae74846c6e74b46b1
:0c2ecc00d9e73e463846f7e63e46f5e6fc
:020000040000fa
:020000040101f8
:102ed800f0b50d4699b000230646194628688df8c6
:102ee80014300df10a028df838308df85c302bf073
:102ef80097fc08b119b0f0bd044603aa032128685d
:102f08002cf0f4fc002800f088801728f2d18df806
:102f180014402a6906f140039a4237d09df85c00b4
:102f28000faf3a18ba420dd09df83c30112b13d090
:102f38003946013a04e000bf11f8013f112b0bd0cc
:102f48009142f9d1202807d018ab0344112201304f
:102f58008df85c0003f8242c06ac2146286828f07c
:102f680023fc002800f0bb801728c3d10faf022331
:102f78002b752946304620f0e9fe6b6803aa10330a
:102f88003946304607f0d4fc19b0f0bd0df1070200
:102f9800112128682bf032fc002800f0d080172877
:102fa800a8d1bdf80a20b6f85c309a4240f0cc802f
:102fb8002946304606f02afd00289bd10df106026d
:102fc800102128682bf01afc002800f0c58017286b
:102fd80090d102a928682af0edff0028bcd19df8fd
:102fe8005c300faffa18ba420cd09df83c10552946
:102ff800b2d03946013a03e011f8010f5528abd099
:103008008a42f9d1202ba7d018aa1a445521013396
:103018008df85c3002f8241c9ee79df85c400fafe9
:103028003919b942a6460dd09df83cc0bcf1040f31
:103038001bd03b46481e03e013f8012f042a11d089
:103048008342f9d1202c0bd00134e4b218ab9e4452
:1030580039190423b9428df85c400ef8243c0dd090
:103068009df83cc0bcf1080f72d001393b4603e023
:1030780013f8012f082a5ed08b42f9d1202c58d0a2
:10308800601cc0b218ab1c4439180823b9428df82b
:103098005c0004f8243c0dd09df83cc0bcf1050f41
:1030a80013d001393b4603e013f8012f052a0cd051
:1030b8008b42f9d1202808d018ab034405220130ef
:1030c8008df85c0003f8242c23e72a6906f14003f5
:1030d8009a423ff45baf9df85c003a1824e79df8ec
:1030e80038e0a644a6453ff441af2146ac460fafb1
:1030f8009df85c5011f8014b7819b8420cd09df836
:103108003c30a34211d001383b4603e013f8012fad
:10311800a2420ad08342f9d1202d06d018ab2b4405
:10312800013503f8244c8df85c508e45e0d1654696
:103138001de79df83cc09df85c003918aee79df886
:103148000730012b7ff42daf304622f0e7fad1e6a5
:103158009df85c003918a4e79df806002df04cfb9b
:1031680096f8713060f3830386f8713031e700bf59
:020000040000fa
:020000040101f8
:10317800f8b59a4e3378042b0d46334600f02b8170
:1031880051280ed0592806d04e282ad1944b0a78b7
:103198001a75002403e0924b0a781a770024204617
:1031a800f8bd0c788e4b002c14bf012200225a77f0
:1031b80012d02bf00bfa8b4b1c682cb90920fff7a7
:1031c80005f90123b370eae70620fff7fff80020ae
:1031d80030f068f80024e2e70820fff7f7f8b47049
:1031e800dde776780f2e00f0f4800b2800f0e880f9
:1031f8002ed8022800f0ae8003d8002867d0892492
:10320800cde7032800f0d2800428f8d11b7803f01a
:10321800ff04002b40f0df80082e05d00820fff7c0
:10322800d5f80828fad116262d78284611f036fc4c
:10323800082e074607d01620fff7c8f81628fad137
:10324800002030f02ff8002f4bd0654b1d76a6e7f5
:10325800532831d00ed84f2820d05028cfd10b88f2
:103268005f4a6149d381dbb20b70604bd27b1a7025
:10327800002494e757285fd0f028c0d1584b0a683b
:103288001a604a685a605a495a4a00bf13f8010b33
:1032980002f8010b8a42f9d1002480e7504a0b78e2
:1032a800d17e8b4228bf0b4653750f2100222f2059
:1032b80028f0d3fe002472e70b88494a4e499381cf
:1032c800dbb20b704d4b527b1a70002467e71b78fa
:1032d80003f0ff04002b7ed10a78494bd340da076c
:1032e80001d488245be7082e05d00820fff76ef884
:1032f8000828fad116262b78394d00221f210820dc
:10330800eb7428f0aafeeb7c0a3b03eb83035b001b
:103318004ff6fe7119400f201df08cf9082e07d0ca
:103328001620fff753f81628fad100202ff0baff1d
:10333800e87c0df027fc32e7294a0b78517dd376db
:10334800994288bf5375f02104222f2028f085fe6a
:10335800002424e7224d0878e87514f05bf8e87536
:103368001cf080f90022034604460f21052028f0ae
:1033780074fe07201df096f920f4786141ea0421d3
:1033880089b241f0800107201df054f9e97d8b06d0
:1033980042bf494201f01f014942204654bf01f093
:1033a8003f0149b221f01ef90024f8e60c4a0b78d7
:1033b800937460210522082028f04ffe0024eee6d1
:1033c800074a0b789375082103222e2028f045fe22
:1033d80062e78124e3e68624e1e600bf9c10002032
:1033e800ca100020dc000120220001412300014115
:1033f8002c0001412400014120000141210001412c
:0434080000f8ff07c2
:020000040000fa
:020000040101f8
:10340c002de9f041047b06884588012c82b046ea00
:10341c00050300f0fc80022c01d143f44043827d73
:10342c00012a00f0e580022a7ad14ff4406c012a7f
:10343c004cea030300f0e380022e18bf43f0200394
:10344c00867f002e14bf08260026b5f5805f43ea60
:10345c00060300f0bf80b5f5005f00f0ae80002dd4
:10346c0000f0b88090f82120d70748bf43f4807350
:10347c0012f0020f14bf4ff4007500251d437f227c
:10348c000f460446096868462ff0e8f92946684655
:10349c002af0fafaee0540f18b8005f44053b3f5af
:1034ac00005f04f10e0674d015f4406f40f0db8021
:1034bc003146684621f000ff15f4404f02d06806f3
:1034cc0040f1c280211d684621f0f6febdf80430a3
:1034dc00bb80a67f002e37d1022694f821309907a5
:1034ec0021d4aa0523880ed5032b03d094f82130c0
:1034fc005b070bd4022168462ef01cfa00227f21b8
:10350c002df020fe2388032b00f09880314668466e
:10351c002ef010fabdf80430bb8002b0bde8f0818b
:10352c00002a8dd088e7022168462ef003fa042287
:10353c001a212df007fe042168462ef0fbf93b7f83
:10354c0043f008033b77cce7e37f1e4331466846e4
:10355c002af072fa4ff0010806f0070308fa03f894
:10356c00002b00f08b8006f01806102e00f08480e3
:10357c00182e5ed10d2168462ef0dcf918f0880f5c
:10358c0076d118f0440f75d118f0220fa4d006266e
:10359c00a3e7284621f058ff002845d1314668465c
:1035ac0021f08afe05f44c43b3f54c4f84d189e7e6
:1035bc00012168462ef0bef96fe75ab3002c4dd0ae
:1035cc00022c49d0048b428b94427ff44baf43f0d6
:1035dc00400347e734b12ab1048b428b944208bfb5
:1035ec0043f0400390f82120d4077ff541affee76c
:1035fc004ff4006c012a4cea03037ff41dafb0f8c2
:10360c000ec04ff6ff77bc457ff416af18e743f4b6
:10361c00004304e7427fe4b1002a7ff423af027f2a
:10362c00002a7ff41fafd2e7618b68462af02cfa90
:10363c00b4e7002e0cbf042105219ce794f8201060
:10364c0068462af0f9f961e7218b68462af01cfae2
:10365c0038e7002abbd105e7022ab3d1427f002a02
:10366c007ff400afb3e7618b68462af00dfa1fe7d1
:10367c00122632e70a2630e709217ce7fe2168464c
:08368c002ef058f97de700bfa4
:020000040000fa
:020000040101f8
:103694002de9f04f99b014469df888200292bdf8a8
:1036a4008c2025790492bdf8902005929df89420f1
:1036b4000392dff85cb2824688461f46c5f3400594
:1036c40034e0049badf82830059b8df83060adf8ec
:1036d40032308df83a6008ab0aaa21468b4824f0b0
:1036e40035fc002840f0e9806089a289039badf88d
:1036f4002650861ab6b233b9bdf82430eb1a9bb201
:10370400b34280f0c1802179c1f34001002940f027
:103714009d80a57905f00f05012d40f09780204686
:103724002ff0caf8237943f00203237122220021e7
:103734000fa82ef0fffc85b1a37903f00f03052237
:10374400032b8df85a2008d00f2120462cf026fe9a
:1037540000284ed010238df85b30bbf8ec1915a867
:103764002ff0e0f8a37903f00f03012b36d038686b
:103774007968ba68fb6810ad0fc5386928602346bc
:103784000faa414650460126adf83c601ff030f9bf
:1037940040462ef05ff9054640462af0f1f92946e5
:1037a400024608a82ff05ef8b4f80c90b9f1000fa7
:1037b40032d1bdf82650bdf8243001932b1fadf84b
:1037c4002630029b002b7ff47caf38687968ba6896
:1037d400fb680aae0fc6386930607ce7e3790f2bcb
:1037e4000bd0c4d3112bc2d8618a15a82ff0b6fb15
:1037f400bde708238df85b30afe7237a88f81a30e9
:1038040088f806309bf8ee3988f81a304ff6ff71c5
:1038140015a82ff0a3fbaae76389a08ac3f30a03c0
:103824006feac34340ba6fead3435bba4feae90590
:10383400adf82a000aa9052208a8adf828308df8a9
:103844002c502af039f9002850d0fee763693bb3c5
:103854005bba9db2c0f30a036fea83436fea9343f2
:1038640058baadf81c000199adf81e50042307aafc
:1038740008a823f0c7f900b1fee7bdf82630bdf86b
:103884002410a2895b1a9bb29e4284bf23f00703d3
:103894009eb208a83346214627f0fefc98b1fee705
:1038a400baf8143053b11a4655ba01339bb2adb2cb
:1038b400aaf8143060896261cce7fee74ff48075a2
:1038c40001220223f4e7bdf8241040462af080f9cf
:1038d400a58963893544adb2ab4212d82046494626
:1038e4002ef0eaff284619b0bde8f08fa289668958
:1038f400bdf82630bdf82410b61a5b1ab6b29bb2d6
:10390400c2e7404601212df0c1fbe7e718cf0020b4
:0439140038c5002092
:020000040000fa
:020000040101f8
:103918002de9f04f0d4605f13104adf5177d4ff453
:10392800007724f001040646904616a83a4600217e
:103938009946ddf888a22ef0fbfb2378adf81670c7
:10394800c3f301130df115070022022b3a7000f0a2
:10395800a380032b00f0b280baf1000f08d01b211e
:10396800284610f02ffc18b96369002b00f0e88096
:10397800b3885a1c5bbab2806380284625f0b8fd2c
:103988002378c3f301126ab96b8903939bb9424642
:103998002946736c30469847074638460df5177d1b
:1039a800bde8f08f012af2d1a09a002aefd003f0e7
:1039b8000f0304330393c646d8f80000d8f8041060
:1039c800d8f80820d8f80c3098f825b0a09f0f97a1
:1039d8000df1180cace80f005ef8100f9df84dc003
:1039e800def80410def80820def80c30a19f1097ee
:1039f800cbf3001e6ef3820cb8f822b099f804e0fd
:103a0800adf838b08df84dc0d9f800b099f806c0b7
:103a18008df84cc00df1280cace80f000bfb0ef133
:103a280099f80530b1fbf3f15846013129f026fa2f
:103a380022789df84d30129012f0300f0cbf012201
:103a4800002203f0fe0362f34103a39a8df84d3080
:103a5800cde9142a21f066fa9df84d309b0734d53c
:103a6800129b039a1844119006ab2946304623f05e
:103a78007fff044638b342462946736c3046984760
:103a88000746002889d03046214627f0cffb384624
:103a98000df5177dbde8f08fbaf1000f06d017219c
:103aa800284610f08ffb08b9636913b34b464246aa
:103ab800294606f1240011f025fe5ee76378002b05
:103ac8003ff45baffee7032767e799f80630d9f8bc
:103ad800002099f805400133dbb20121994099f89b
:103ae8000430013902fb01f2b2fbf4f203fb02f3ea
:103af800b7e7607e2ef07efeb0f5007fadf81600c9
:103b0800e1d86269009702fb00f20df1160316a9cd
:103b1800a198d047074600287ff43fafbdf816208c
:103b280016a9284629f05afa074600287ff435af27
:103b38002946304629f05aff07460028b6d02ce718
:103b4800607e2ef057feb0f5007fadf81600bad8ab
:103b58006269009702fb00f20df1160316a9a198fd
:103b6800d047074600287ff418afbdf8162016a9dd
:103b7800284629f033fa074600287ff40eaf237849
:103b8800c3f30112012a04bf23f030032370efe6c8
:020000040000fa
:020000040101f8
:103b98002de9f04f4ff40074adf50d7d0d468046cc
:103ba800002191460ca822461f462ef0c1fa002398
:103bb800002228461721adf816408df81530cde9ba
:103bc800062310f0fffa044650b905f1310626f035
:103bd800010673694bb94a4629467b683869984794
:103be80020460df50d7dbde8f08f834940462bf04a
:103bf800bdfb824610b30af1310b452202212bf09e
:103c0800010b2af08ffd7388abf802302946504625
:103c18002df0eaf8044638b150462df0d3fe204680
:103c28000df50d7dbde8f08f707e2ef0e3fdb0f54b
:103c3800007fadf8160003d90324ede70324cfe78e
:103c4800707e2ef0d7fd72690df11503009302fb0b
:103c580000f20df11603d7e903400ca9a04704466a
:103c68000028d9d19df815308bf81830002b6bd06f
:103c7800bdf81630802b00f09d800ad8202b00f06c
:103c8800a980402b00f0a280102b00f0a780072409
:103c9800c2e7b3f5007f00f09580b3f5806f00f0c0
:103ca8008d80b3f5807ff2d104238bf81930707eb4
:103cb8002ef0a0fd746904fb00f49bf819002ef0a7
:103cc80099fdb4fbf0f0cbf81400d8f84c1009a813
:103cd80025f02cfc044600289ed14ff6ff7607e01d
:103ce8001b2d1cd009a82df0ebfd0446002893d10c
:103cf800bdf82a30b34232d0bdf82850172defd185
:103d08009bf819109bf81830dbf8142000915046e6
:103d1800022126f075fc04460028e3d07ce706a9ba
:103d280009a82af023fd044600287ff475afbdf8e2
:103d38002a20b2425ed006ab2946504629f01af82e
:103d480004460028ced067e7707e2ef053fdbdf8fc
:103d5800163083429bd8737e8bf81930a7e75046fc
:103d680022f0daf9044600287ff456afbdf8162091
:103d78000ca9504629f032f9044600287ff44cafcc
:103d88009bf8184074bbd8f84c0018b12df01afef7
:103d9800c8f84c400023cde90233cde900334a4648
:103da8004046164b5146fff7b3fd044600283ff442
:103db80017af31e703238bf8193078e706238bf820
:103dc800193074e705238bf8193070e702238bf854
:103dd80019306ce701238bf8193068e700238bf85a
:103de800193064e75146404629f000fe0446002891
:103df800d0d011e74388ffde1c1a0401202f0401ec
:020000040000fa
:020000040101f8
:103e08002de9f04f86460c7800689ef80480051965
:103e180087b0af1c8044b8450394c0f09b806c7891
:103e280002342c44a045c0f09580994694460e462d
:103e3800cdf810e02b785b10012b00f0a580052b46
:103e48006ed1d9f80820002a6ad095f90220002af4
:103e5800c0f2f380ec790622144457fa84f4002c5b
:103e68005ed07278697822440231971c2944b9429d
:103e780056d392f801e00ef1020e964471454fd3e5
:103e88004ff6ff7e4ff000081ce0d9f8080018b183
:103e980013785b10062b62d0517886f802800231c5
:103ea8001144091b71706b7854fa81f202332b4468
:103eb800971cbb4232d35178023111448b422dd327
:103ec8002b785b10012be0d111784910022965d0bd
:103ed800032900f08d800029ded1d9f80430002ba9
:103ee800dad0b078059409e0f44500f09480baf887
:103ef80000305bba9bb2634500f08d80431cdbb297
:103f0800b3705178534ca4fb014b00eb400ab0eb63
:103f18005b0fba441846e7d3059cbee7049b1868b4
:103f2800039b034400215a78a6f801100232134477
:103f38001b1a049a337010681279dbb2c518af1ccb
:103f48000244ba42039305d36b7802332b449a4256
:103f5800bff470af1727384607b0bde8f08fb778c1
:103f6800002f99d1f44504d053885bba9bb26345be
:103f780092d10023c9e90033c9f80c3029461ff053
:103f8800edff0123b3702fe0d9f80020002a57d0a5
:103f9800ec78073405ebd404043460e7d9f8003032
:103fa800002b3ff479afb07804e0198849ba89b298
:103fb80061450fd000f1010a5ffa8afa86f802a07b
:103fc8005178b0eb910f07eb80035046bff465af13
:103fd800f445ead100272946c9e90177c9f80c70e8
:103fe800d9f8000024f0e6fe384607b0bde8f08fa7
:103ff800d9f80c0000283ff44fafb778002f7ff4b2
:104008004baf1c46c9e90077c9f8087029462af061
:10401800c1f8b470e8e7cdf800a000271346d9f836
:104028000400c9f800702a46c9e902770a491bf05a
:10403800f1ff384607b0bde8f08fec7802220be7b5
:10404800d9f80420002aa3d1d9f80c20002a9fd13e
:0c40580066e700bfabaaaaaa38c500208a
:020000040000fa
:020000040101f8
:104064002de9f0414b798eb0002413f0180f08911c
:10407400cde90924cde90b448df8344003d192f8fd
:104084002430ff2b02d00eb0bde8f0810c4606466a
:10409400154601230df10a02898920462cf08aff76
:1040a4000028f0d1012120462cf078ff9df80a3039
:1040b400ff2b00f0a2807278002ae4d0002be2d11a
:1040c40005aa0a23a18920462cf074ff0028dad11e
:1040d4000a2120462cf062ff9df81430152bd2d112
:1040e400a389ddf81970ddf8158005aacde9003241
:1040f40001212b46224630460af0e2ff0028c2d1b5
:1041040001230df10b02a18920462cf053ff204618
:1041140001212cf043ff05f1180003a92df08ef8be
:104124009df80b300c2b06f1780003a94ff0010227
:104134007bd02ff01df904463fba002c79d0a37f21
:1041440003f00f03072b00f09b809df80b300b97b7
:10415400043bcdf828800c940b2b94d801a252f880
:1041640023f000bff34101018b4001018b400101a9
:104174008b400101dd4101018b400101d14101016d
:104184008b400101c5410101b9410101ad4101016a
:104194009941010108ac2146304608f05fff2146f1
:1041a40030461ff0d5fd6ee708ac2146304603f0db
:1041b4000bfff4e708ac21463046fef78bfeeee732
:1041c40008ac2146304607f003f8e8e708ac21467e
:1041d400304601f023f8e2e7a37f03f00f03072b37
:1041e40008acdcd12146304629f070f8d7e708ac9a
:1041f400214630460ff070fad1e701230df10b028e
:10420400a18920462cf0d6fe00287ff43caf20463e
:1042140001212cf0c3fe9df80b30112b7ff433af3a
:1042240008a9224805f002f82de72bf021fc0446ea
:1042340082e79df80b300b97043bcdf828800c9453
:104244000b2b3ff620af01a252f823f0f3410101fa
:104254008b4001018b4001018b400101814201012e
:104264008b400101d14101018b400101c541010194
:10427400b9410101ad4101019941010108ac8ee749
:10428400a369bb420dd0bff4feaea761002104f1c7
:104294000c002ff03df80023636108f10103236152
:1042a40053e723699845f8d2ede600bf60d40020b7
:020000040000fa
:020000040101f8
:1042b4002de9f04f8bb008af05914ff000094ff096
:1042c40001161c4680463946184607abcde9083628
:1042d4001546cdf81c900ef0cffb4845149e40f3d4
:1042e400058123681b68db0740f1008139462846b5
:1042f4000ef0c2fb0028c0f2f980e98828681bf0a0
:104304001df8b0f5807f00f2f180e18820681bf091
:1043140015f8b0f5807f00f2e980e98800297cd0a7
:10432400e0882ef027ff042183462ef011fd8246fb
:10433400002800f0e1800123cdf820904fea8b0b98
:104344000993002e00f0bf803368002b7bd0e188f6
:1043540042f21073994269d8f388994200f2ab8013
:1043640096e8030087e803000599404615f042fcef
:10437400814600285cd10123a8f804302146404638
:104384000ef07afb00286adae18842f2107399424f
:1043940000f2af80b8f80630994269d820682af054
:1043a4000dfed8f80010089b0090cdf808a00193ea
:1043b4000746e388226808462cf07efbeb88089abf
:1043c400d8f8001028680090cde90132cdf80ca08f
:1043d4000846e388226809f01dffd8f80010cde9eb
:1043e400007a0846e38822682bf012fd059bb3f996
:1043f4000430013343d04ff00009594650462bf0a6
:1044040017fdceb9089868b1bdf8261089002bf0c5
:104414000ffd48460bb0bde8f08f4046012125f062
:1044240045fe814648460bb0bde8f08f6ff00f099a
:10443400594650462bf0fcfc3368002be2d048462a
:104444000bb0bde8f08f2146384626f03bfd81468f
:104454000028edd197e8030086e8030084e72246ac
:104464004146404616f026f9814600288cd0c4e720
:10447400404626f0d3fc814600288fd0bde72b6848
:104484001b6813f00109b8d0b8f80610d8f800007a
:104494002bf0aefc002302220340c043104018431b
:1044a4000138a8f8040021464246404601231df085
:1044b400e7f98146a1e7304626f0b0fc81460028a2
:1044c4003ff44eafb4e73846214626f0fbfc814664
:1044d40038b90599404615f08dfb814600283ff414
:1044e4004aaf594650462bf0a3fc8be76ff0030903
:1044f40098e76ff00f0980e76ff00f0992e700bfac
:020000040000fa
:020000040101f8
:104504002de9f0410446806c08b12af00ffd606b80
:1045140008b129f009ffa36b13b1204615f09affe7
:10452400a36c002b00f0a580636b002b7fd0a36be2
:10453400002b00f08580a26c002a00f08b80606b59
:10454400002800f08780702200212df0f3fda56b78
:104554004ff45072002128462df0ecfd05f5237030
:104564002ef0eafb744b2b6105f150002df0bcfbdf
:1045740005f1f40020f006fc0023c5e97c3305f5c1
:1045840003702ef0dbfda06c2bf062fb204624f0c0
:1045940093fc054630bb23685a79012a25d0d3f809
:1045a4006080b8f1000f33d098f80030002b00f091
:1045b4009b8046464346002000e0384613f8012f0e
:1045c400471c002af9d1023002212ef0c1fb002839
:1045d40000f08f8098f80030032b00f097802ef0c5
:1045e400bdfb564d2846bde8f081a26b216cc2f894
:1045f4007c121b79002b18bf0223937101462046bd
:104604002df0d4ff2368d3f86080b8f1000fcbd12c
:10461400a26b596e916482f807801a68b2f1033f65
:104624002dd0a36b00221a722846bde8f0817021b8
:1046340001202ef08dfba36b6063002b7ff47baf16
:104644004ff4507101202ef083fb0346a063002831
:104654007ff471af184600262ef080fba06ca66391
:104664002ef07cfba664606b354d2ef077fb666301
:10467400b8e7b02101202ef06bfba06454e79e6dd7
:10468400002eced03568002d3ed0334600214ff6a3
:10469400fe72083d012d02d80231914234d853f8fc
:1046a400045f002df5d101292ed902310120a76b19
:1046b4002ef04efba16bf864ca6cd2b133684bb9cf
:1046c4000de0092b03d140f2034322f8023b56f8d4
:1046d400043f23b1082bf4d140f20333f5e7002063
:1046e400012310800b727de7022101202ef030fba4
:1046f40008b9134d76e70746a36b00223a800122de
:10470400da719864236888e70c4d6be708f1ff3190
:104714003944831e4ff0170cb14223f802cf08d05e
:1047240016f8012f032a7ff45aafb14223f802cfbf
:10473400f6d100eb4707dfe7592c040180a1ffff06
:044744000081fffff2
:020000040000fa
:020000040101f8
:1047480030b591ea030f00f18280841a71eb030cf3
:1047580005d2121953eb0c03001b71eb0c0140f24c
:10476800000ccff6e07c1cea430f52d0bceb410fa3
:104778005fd90c0da4eb135e5ff0010c6cf31f51b5
:104788006cf31f53def1200c2ad303fa0cf5401901
:1047980041f1000122fa0ef5401923fa0ef569419c
:1047a80012fa0cf2cd0208d349085fea30005fea3a
:1047b800320228bf42f001020134013c5fea500c8a
:1047c80072f1004250f1000051eb04514ff4001314
:1047d80013eb410f38bf30bd6ff31301002030bd1c
:1047e800bef1200ebef1200f1ed223fa0ef540199d
:1047f80041f10001cef1200c124218bf012203fa48
:104808000cf52a43cee711ea5c0f04bf0020002113
:1048180030bd1cea410f04bf01f00041002030bd4b
:1048280001f00041002030bd21f4801101eb04515a
:1048380030bd004218bf41f00101bceb410f08bf79
:1048480030bd4ff0fe4141f47801002030bd83f0c7
:104858000043841a71eb030e07d28ef0004e001b42
:1048680071eb0e01121953eb0e0340f2000ccff658
:10487800e07c1cea430fc6d0bceb410f72d90c0d8b
:10488800a4eb135ec90241ea5051c00241f0004155
:10489800db0243ea5253d20243f00043def1200c1c
:1048a80041d312fa0cf522fa0ef203fa0cf542ea99
:1048b800050218bf42f0010223fa0ef3801a99414b
:1048c800e30ac4f30a0411f0404f03d418d0013ca2
:1048d80040004941013c23d44205c00a40ea415006
:1048e800c90a51eac3715fea500c72f1004250f1f3
:1048f800000051eb045130bd01002fd00020203cb6
:104908000029f9d0b1fa81fcdcf1200e11fa0cf182
:1049180030fa0ef510fa0cf02943a4eb0c04d9e791
:104928000020d90730bdaef1200ebef1200f0dd208
:10493800cef1200c03fa0cf533fa0ef32a4318bf14
:1049480043f00103c01a61f10001b9e721f0004109
:10495800c00a40ea4150c90a01eb045130bd0020a9
:10496800002130bd004218bf41f00101bceb410fee
:0e4978007ff467afbceb430f3ff463af30bd7d
:020000040000fa
:020000040101f8
:02498600fee74a
:020000040000fa
:020000040101f8
:104988002de9f047054690b0eb69002003900f46eb
:10499800164633b12a6a31463846984704460028f5
:1049a80069d103ab3246394605f1240029f0f0feff
:1049b800002855d003284cd004a8394624f0b6fd69
:1049c8000446002857d10df11c08c14606e00b2b00
:1049d80063d004a82cf074ff002875d1bdf8162008
:1049e8004ff6ff739a4208d0bdf81430172b51d0f8
:1049f8001b2becd10134e4b2ebe7d5f848a0002337
:104a080089f80030baf1000f6dd04146daf800009d
:104a180029f072ff002861d0daf808301bb9daf8fb
:104a28000c20002a52d0002c50d0012c76d0022c19
:104a380013d1daf80c3083b153463246394628464a
:104a4800fff7a6f848b133463a462846a02114f0a5
:104a5800c3fd039808b12cf0b5ff10b0bde8f0878e
:104a6800039824f045fd6b6c039932462846984715
:104a780004460028f1d0172cebd13378ff2be8d06f
:104a880033463a462846842114f0a6fd03980028a8
:104a9800e1d1e2e70234e4b29be7c1451abf2f2314
:104aa80009f8013bc1464a440df13d039342d0d970
:104ab800494604a829f05afebdf816304ff6ff7291
:104ac800934278d0994484e70446d4e7324639467d
:104ad800daf80430daf810009847bee7daf814a0dc
:104ae800baf1000f91d12c6c34b133463a464146a5
:104af8002846a0470028b0d1ac691cb952e0e46848
:104b0800002c4fd04146206829f0f6fe0028f6d048
:104b180032463946d4e9013098479ee7002b9cd0ad
:104b280000230093324653463946284609f0b8fd1b
:104b3800122888d801a353f820f000bfd54a0101f4
:104b48004f4a01014f4a01019f4b01014f4a0101a0
:104b5800634a01014f4a01014f4a01014f4a0101cd
:104b68004f4a01014f4a01014f4a01014f4a0101d1
:104b78004f4a01014f4a01014f4a01014f4a0101c1
:104b88004f4a0101914b010133463a462846882194
:104b980014f022fd5de733463a4628468d2114f08d
:104ba8001bfd56e7ab6b002b3ff467af3246394627
:0c4bb800e86b984751e700235b88ffdea4
:020000040000fa
:020000040101f8
:104bc4002de9f04788b001230024074602a81646c1
:104bd4000294cde9033405930d4615f00bf8804695
:104be400a8b1029820b1bdf80e1089002bf020f96d
:104bf400049800220123cde9022320b1bdf8161048
:104c040089002bf015f9404608b0bde8f08731461d
:104c140004a814f0efff80460028e2d1bdf80e602e
:104c2400002e00f0e180029c8446043c54f8041fea
:104c3400002204e0202a00f1010000f0ba8021fae9
:104c440002f313f0010302f10102f3d0bdf816c020
:104c5400bcf1000f00f0c280ddf810800024a8f140
:104c64000406a64656f8041f002303e0202b04f193
:104c7400010475d021fa03f212f0010f03f10103cc
:104c8400f4d0002c71d0a04228bf204682460123d4
:104c9400adf81430adf80c3001ae0025b94600bfb4
:104ca4004ff0011306a902a80195cde906630df0a2
:104cb400e3fe002800f08480bdf80e40d4b10298d1
:104cc4000022a0f1040e17465ef8041f4ff0000cfa
:104cd40005e000bfbcf1200f02f1010251d021fa1e
:104ce4000cf313f001030cf1010cf3d014b12146c1
:104cf40013f032febdf81640d4b104980022a0f19e
:104d0400040e17465ef8041f4ff0000c05e000bfc8
:104d1400bcf1200f02f101022ed021fa0cf313f0a2
:104d240001030cf1010cf3d014b1214613f014fe6d
:104d340004a902a80df0a0fe002827db02a904aafa
:104d440008460ef0edfe804600287ff44aafbdf819
:104d54000e100029a4d00122029813f0fdfd9fe754
:104d64000ef1010ee6457ff47dafd8f80030db0785
:104d740034d54ff0000a8ae70137a742c2d11a4658
:104d8400d2e70137bc429fd11a46afe704a902aa71
:104d940008460ef0c5fe804600287ff422afbdf819
:104da400161000293ff47caf0122049813f0d4fdbf
:104db40076e70cf1010cb4457ff438af184645e7ab
:104dc400514604a81ef040fb804600287ff409af3a
:104dd40004a9484614f00eff804602e729463846e7
:0c4de40014f008ff8046fce630462fe784
:020000040000fa
:020000040101f8
:104df0002de9f04f99b008ab0d460646174610f066
:104e000025fc05f1310424f0010418b32378c3f321
:104e10000113022b804629d0032b35d0012b05d05e
:104e20003b462a46022130461af040fd119c1cb137
:104e30009df83030ff2b05d04146304626f0faf978
:104e4000119c24b13a46294600231298a04719b074
:104e5000bde8f08f23789b06f9d43b462a463046be
:104e600003211af023fd19b0bde8f08f6378dbb998
:104e70009df855309a0744d4119b002be7d1414649
:104e8000304626f0d7f9e2e76478002cdfd10146fe
:104e9000304626f0cff9119d002dd8d00b232246a5
:104ea00021461298a847d2e73f2bd0d90146284681
:104eb00026f0a6f90028cad0179b73b305a8294687
:104ec00024f038fb82460028c1d183464ff6ff7993
:104ed0000ae01b2b0bf1010301d15ffa83fb05a84c
:104ee0002cf0f2fc0028b2d1bdf81a304b4518d096
:104ef000bdf81830172becd10bf1020b5ffa8bfbce
:104f0000ede743f001038df855304189403908aa97
:104f100089b2402320f04efaaee7169b002bcdd18c
:104f20008ae7bbf1030f61d801a353f82bf000bf50
:104f3000394e0101bd4f0101834f0101414f010174
:104f400094f90130002b0edb169b63b10122002384
:104f500008a9cde9013200913b462a464146304638
:104f600008f0e6fd82464146304626f063f9119c82
:104f7000002c3ff46caf53463a4629461298a0479e
:104f800065e794f90130002beddb169b002bead08e
:104f9000002308aa0092cde901332a463b46414648
:104fa000304608f0c5fd94f90130002b8246dadb6b
:104fb000169b002bd7d00028d5d148e763785f2b0c
:104fc000d1d1179b002bced008ab00932a463b468d
:104fd0004146304606f03aff63785f2b8246c2d1e5
:104fe000179b002bbfd00028bdd130e7414630468b
:104ff00026f020f9119c002c3ff429af3a462946af
:085000000b231298a04722e7e0
:020000040000fa
:020000040101f8
:10500800556e6b6e6f776e4572726f7254797065fc
:10501800000000004f4b00004661696c65640000a9
:1050280044726f70000000004e6f42756673000096
:105038004e6f526f757465004275737900000000f9
:105048005061727365000000496e76616c69644155
:1050580072677300536563757269747900000000a4
:10506800416464726573735175657279000000005c
:105078004e6f4164647265737300000041626f7221
:10508800740000004e6f74496d706c656d656e74c8
:1050980065640000496e76616c6964537461746577
:1050a800000000004e6f41636b0000004368616eb2
:1050b8006e656c4163636573734661696c7572658f
:1050c80000000000446574616368656400000000c6
:1050d80046637345727200004e6f4672616d655289
:1050e8006563656976656400556e6b6e6f776e4ea5
:1050f80065696768626f7200496e76616c696453ae
:105108006f757263654164647265737300000000b3
:105118004164647265737346696c74657265640092
:1051280044657374696e6174696f6e416464726515
:10513800737346696c746572656400004e6f7446db
:105148006f756e6400000000416c726561647900df
:1051580052657365727665644572726f7232350096
:10516800497076364164647265737343726561741d
:10517800696f6e4661696c75726500004e6f7443a5
:10518800617061626c650000526573706f6e736563
:1051980054696d656f7574004475706c69636174ea
:1051a800656400005265617373656d626c7954695a
:1051b8006d656f75740000004e6f74546d66000065
:1051c8004e6f6e4c6f7770616e44617461467261a8
:1051d8006d65000052657365727665644572726f1d
:1051e800723333004c696e6b4d617267696e4c6f38
:1051f80077000000496e76616c6964436f6d6d617c
:105208006e64000050656e64696e670052656a6579
:0852180063746564000000bf2f
:020000040000fa
:020000040101f8
:105220002de9f041054608688eb02c300c462af076
:10523000c1fb0df1120206460021206829f0f4faa4
:1052400010b10eb0bde8f08104aa1221206829f047
:10525000ebfa0028f5d1bdf81030012bf1d905f19a
:105260008c01206828f01ef80028ead1606809a99e
:1052700018302bf0e5ff6b78022b00f0b78007affa
:105280003946206826f07afa0028dad10df10b02af
:105290001021206829f0b6fa0028d2d1314665489d
:1052a0002cf0eefb0bab80460c220f2120689df802
:1052b0000b602cf01dfb0028c3d19df82d30092b6d
:1052c00001d8072bbdd103a9206828f077fe28b1ab
:1052d0001728b6d14ff6ff73adf80c3001232375b4
:1052e00095f8b230464503f00f0328bf4646032b1e
:1052f000f6b208d109a9082205f194002bf0f6fcba
:10530000002840f0818006aa05a9206826f01cfa32
:10531000002896d105f1c902032120682af0eafa93
:1053200000288ed105f1940822464146284626f0f1
:10533000bdf9bdf81230a5f8b030059905f1a0000f
:105340002df0e8ffdde9051295f8b230bdf8100048
:10535000c5f8a42043f0f003c5f8a81085f8b230d2
:10536000a5f8b4009df80b002bf04afa95f8c5306b
:1053700060f3830385f8c5304046032125f000fc27
:10538000e168bdf80c209df83230c5f8ac10a5f8e6
:10539000c72085f8c6300ba82df036fe9df82d30bd
:1053a0009df82f10bdf8302085f8d200092b85f824
:1053b000d310a5f8d42037d9bdf835309df8372063
:1053c0005bbaa5f8d6309df8343085f8d82097e838
:1053d0000300012b05f1dc028cbf0023012382e8ce
:1053e000030085f8d96085f8e4302ae7082209a986
:1053f00005f140002bf07afc00287ff440af2b78b9
:1054000043f008032b703ae7bdf81030bdf81210d6
:1054100003aacde9003228460bab324603f070f800
:1054200000287ff470af0ce74ff4a063a5f8d630e6
:085430000122c8e71ccf002097
:020000040000fa
:020000040101f8
:1054380080b584b000af774b1b68002b0bd1bb1c29
:10544800012118460af072f8734b01229a70012064
:105458002af0a6fedbe06f4b1b681b68fb606f4bf6
:105468005b7f002b08d007228021062029f086f8d0
:105478000346002b00f0c88008f0f8f8684b5b7b07
:10548800002b03d1664b1b7b002b2bd0644b5b7a24
:10549800002b27d0634962482df00cff0346002bf0
:1054a8001ad05f4b1b7b83f00103dbb2002b06d0c5
:1054b8000123052220212e2026f084fd12e0564be0
:1054c80093f82130002b03d0574b01221a7009e0c2
:1054d800554b00221a7005e00023052220212e20ba
:1054e80026f070fd23f01cf850482df0b5ff034658
:1054f800fb72494afb7ad37007202df09ffc0346c4
:105508001a46454b1a764a482df0a6ff03461a4616
:10551800414b5a7697f90b30002b77dbfb7a033334
:10552800bb72bb7ac3f18c03fa6813447b60fb7ac5
:105538000333dbb21946786809f0f8fffb687a682c
:105548005a603c4b1b78002b10d0354b5b7a002bf4
:105558000cd03949f868f9f7abff374b5b68002b7b
:1055680004d000220021344813f0e6ff2e4b1b78ac
:10557800002b13d02a4b5b7a002b0fd02f49f868e9
:1055880016f086fa2d4b5b68002b04d00022002110
:105598002a4813f0d1ff244b00221a70204b9b7a23
:1055a800002b09d01e4bdb7a002b05d01a4b0122a9
:1055b80083f8202028f0f0f8174b01229a70154b39
:1055c8001b6819461e4827f0a9fb8c2023f072f8a7
:1055d8000246104b1a601b4b1b7bfb70194afb7869
:1055e80003f07f03dbb2137302202df0b5f8154bdf
:1055f8001b7bfb70134afb7863f07f03dbb21373ea
:1056080001202af0cdfd02e000bf00e000bf103706
:10561800bd4680bddc0001209c100020ca1000207f
:1056280090ff002098ff00201f0101208002014107
:10563800810201411e010120f8100020f010002015
:085648007c100020000001416c
:020000040000fa
:020000040101f8
:10565000f0b581ea030e0ef0004e40f20007cff6df
:10566000e07717ea41051ebf95ea070f17ea4304e2
:1056700094ea070f00f0c5806d0da5eb545707f5b0
:1056800080674ff0004646eac12444ea5054c00205
:1056900046eac32343ea5253d202801a9c4104d201
:1056a0000018644180185c41013f5b084fea3202f8
:1056b0000025002140f001004ff0070604e0801aa9
:1056c0009c4136d340416441801a9c4136d34041cd
:1056d0006441801a9c4136d340416441801a9c4108
:1056e00036d340416441801a9c4136d340416441e5
:1056f000013e17d0801a9c4136d340416441801a44
:105700009c4136d340416441801a9c4136d340418c
:105710006441090201eb156190ea052520f0ff00c4
:105720004540cce7801a9c4156d335e080185c4157
:10573000c8d20018644180185c41c8d20018644186
:1057400080185c41c8d20018644180185c41c8d2fe
:105750000018644180185c41c8d200186441013ec1
:1057600017d080185c41c8d20018644180185c4191
:10577000c8d20018644180185c41c8d20018644146
:10578000090201eb156190ea052520f0ff00454074
:10579000cce780185c411fd3420918bf44f00104d4
:1057a000490101ebd56100f01f0000eb451021f429
:1057b000801141ea0e01013041f10001244208bf8d
:1057c00020f00100b7f5006f3eda013f49dd01eb43
:1057d0000751bde8f0407047490101ebd56100f089
:1057e0001f0000eb451021f4801141ea0e01b7f5ce
:1057f000006f29da013f34dd01eb0751bde8f040cd
:105800007047004218bf41f00101124218bf43f037
:105810000103b7eb410f2cbfb7eb430f1ce0b7eb15
:10582000410f04bfb7eb430f16e017ea410f04bf67
:1058300017ea430f10e017ea410f12d017ea430f9f
:1058400002d0b7eb430f0cd04ef0fe4141f4700193
:105850000020bde8f04070474ff0fe4141f4780170
:06586000f6e77146f4e7d3
:020000040000fa
:020000040101f8
:02586600704789
:020000040000fa
:020000040101f8
:10586800f0b50368cd1a002d83b040f3f6801d789b
:10587800172d00f0d180182d40f0ed80042601335b
:105888001446036001aa05461cf084fc002840f079
:10589800b380019a06f10a01914200f0c18006f135
:1058a8000b039a4240f0b6802b681a4412f8011c88
:1058b8005a2940f0af802a6019785a783039092976
:1058c800a2f1300200f2b380092a00f2b08001eba5
:1058d800810102eb4102042e226079d0312a40f284
:1058e8006c7c98bf4ff4fa6c9444c4f800c09a7862
:1058f800d978303a092aa1f1300100f2a5800929a6
:1059080000f2a28002eb820201eb42010a466260c9
:105918001d795a79303d092da2f1300200f29880a4
:10592800092a00f2958005eb850502eb4502a26085
:105938009e79dd79303e092ea5f130057ed8092df6
:105948007cd806eb860605eb4605e5601f7a5e7a8d
:10595800303f092fa6f1300673d8092e71d807eb0e
:10596800870706eb470626619f7a93f80be0a7f1b5
:105978003003092baef130075dd8092f5bd803eb54
:10598800830307eb43030c29636143d8012404fa1a
:1059980001f141f2aa54214232d111f4256f3dd1cf
:1059a800490737d51cf0030f3dd12d49a1fb0c4108
:1059b8004c09642707fb14c4bcbbc9094ff4c8745d
:1059c80004fb11ccbcf1000f0cbf1d211c2118e0f9
:1059d8009978dd7830394ff0640c0929a5f1300544
:1059e80003f102030cfb02fc21d8092d1fd801eb9f
:1059f800810105eb410277e7a0f5105003b0f0bd37
:105a08001f21013a8a4205d2172d03d83b2e01d80f
:105a18003b2bf3d91348f1e7022630e71e21f0e7c4
:105a28002b685a1847e71c21ebe71d21e9e74ff0df
:105a3800ff332360eee74ff0ff33a4e74ff0ff3565
:105a480083e74ff0ff368ee74ff0ff310a465ee7f7
:105a58004ff0ff326be70448d0e70448cee700bfb9
:105a68001f85eb5100dcffff9edbffffa0dbffff84
:020000040000fa
:020000040101f8
:105a78002de9f04f8846416f8bb09a4611f010031c
:105a880006460393dde9140440f0f180b36a9146b9
:105a9800002b40f0e680814500f2e980c4f80090d0
:105aa8000df1180b5746b9f1000f1fd0f36a746b4c
:105ab80003f00f0acaf110054d4528bf4d4624f0e2
:105ac80002042b44012cf36218d0002c4fd0aa44b6
:105ad800baf1100f00f09c80f26a336a9a4200f023
:105ae8009780b9eb0509a8442f44dfd15846102107
:105af8002cf0def903980bb0bde8f08f032d06eb10
:105b08000a0440f2ab800423a4f1040c00e003462d
:105b180008eb03015cf8030051f8042c4240181dff
:105b2800a8424cf80320f2d9ab4209d223442c44b2
:105b38001a7811f8010b424003f8012b9c42f7d167
:105b48000aeb0503102b7cd0f26a336a9a4278d0ac
:105b5800009743462a465146304611f015fe002864
:105b680040f08980746b24f00204002cafd1cdf88a
:105b780000b043462a465146304611f005fe00283b
:105b880079d1032d06eb0a000ed9dc460424011f47
:105b980000e014465cf8042b0b595340221d954233
:105ba8000b51f6d2a5420ad903195c4428441a7845
:105bb80014f8011b4a4003f8012b9842f7d12a46f2
:105bc800594638462bf09cf80aeb0502102a15d0e6
:105bd800f26a336a9a4284d105ab009310223346a5
:105be800314606f1380013f0c7fa00283ff474afc5
:105bf800736f039043f01003736777e705ab009367
:105c08003146334606f1380013f0b6fa0028efd1d2
:105c1800316b00293ff465aff37f0133dbb2f377d3
:105c28003bb15ee7027c0132d2b20274002a7ff4f3
:105c380058af0133dbb2c3f10f008b423044f1d3cc
:105c48004fe705ab009310223346314606f1380082
:105c580013f092fa00283ff47bafc9e700234146ce
:105c680064e7f36a326a4b4493427ff614af6ff0ed
:0c5c78000c0303933ee7039038e700bfe5
:020000040000fa
:020000040101f8
:105c84002de9f0410c46074611462046904605f0a2
:105c940021fe054610b12846bde8f081bb6c002bff
:105ca4007ed0b4f90430002bc0f2d68020462df00b
:105cb40049fafb6bb0eb430f00f2d580bb6c204676
:105cc400984705460028e6d13e1d0ae026f022ff4b
:105cd4003246214688b120462df038fa0546002880
:105ce400d9d1b4f9043000218b422046eedb04e024
:105cf4000df016ff05460028cdd1314620460cf0a4
:105d0400bbfe0028324621462046f1dafb68002b10
:105d140053d007f10c02214620462df017fa054610
:105d240028b1b8e70df0fcfe05460028b3d1314692
:105d340020460cf0a1fe0028324621462046f1da26
:105d440042462146204605f0c5fd05460028a2d15d
:105d5400bb6c002b77d0b4f90430002bc0f28580e3
:105d640020462df0eff9fb6bb0eb430f7bd8bb6cf7
:105d740020469847054660b18de726f0cbfe3246b3
:105d8400214600283cd020462df0e0f905460028a5
:105d940081d1b4f9043000218b422046eddb2fe0a1
:105da4003e1d32462146204614f084fc0546002858
:105db4007ff471affb68002babd103222146204650
:105dc40025f0e2fe054668b165e726f0a3fe3246fb
:105dd40021460028b4d020462df0b8f90546002805
:105de4007ff459afb4f9043000218b422046ecdb38
:105df400a6e700bf0df094fe054600287ff44bafe4
:105e0400314620460cf038fe002832462146204612
:105e1400f0da07f11402214620462df097f90546e1
:105e240000287ff438af314620460cf025fe0028c8
:105e3400324621462046fff62eaf0df071fe0028b3
:105e4400f1d0054627e732462146204614f032fcbd
:105e540005460028ddd01ee70146204626f05afefe
:105e640000283ff423af054d15e70146204626f0f0
:105e740051fe00283ff474aff5e700bf80b0ffff88
:020000040000fa
:020000040101f8
:105e840038b504460023c0e90133c36004f11105a9
:105e940010302bf0a7f828461df09afc214604f197
:105ea400140027f003f8214604f128002bf022f80f
:105eb400214604f144002af039fa214604f156003f
:105ec4002df038f8214604f15c0021f085fe2146ce
:105ed40004f596702bf07cfe214604f5ec7029f055
:105ee400d7fd214604f5187023f0f2fd214604f590
:105ef400587028f08df9214604f57d701df09cfd45
:105f0400214604f2944016f043f9214604f5a760b3
:105f140029f0fefd214604f67c0027f099ff214676
:105f240004f6c80024f0a2fc214604f6f40020f094
:105f34001dff214604f62c1022f07efd214604f6b6
:105f4400341026f057fa002384f85a39214604f60f
:105f54005c1018f0a9fc214604f51e602df006fa29
:105f6400214604f6e4100bf0fbfe214604f69840ab
:105f740020f09cfa214604f6085003f09fff2146c6
:105f840004f6287023f02aff214604f698702df0b9
:105f9400e3f904f6a2724ff47e43c4f89c2fa4f8ec
:105fa400a03f214604f5855029f0c2fc04f58d502c
:105fb4002146083026f0a6fc04f58e50214609300f
:105fc4002bf060fe214604f594502bf0f7f904f50c
:105fd400c550214618302cf027fc04f5c650214644
:105fe40018302cf08bfa214604f5c75027f09af9a3
:105ff40004f5c9502146083028f0d2fe04f5c950f2
:1060040021461c302bf0f8fd04f5ca502146183007
:1060140029f04efd04f5cb5021461c3028f00cfe2f
:1060240004f5cd5021460c302cf0e4ff04f5cd509e
:10603400214614301bf090fd0122214604f5d25074
:1060440020f092f804f501502146383021f0c2ffc7
:1060540004f503502146203024f0c8fd42f22413f5
:106064000022e2542cf002f942f22813e0502046b8
:0c60740038bd284628f01efc2cf0f4fe7d
:020000040000fa
:020000040101f8
:106080002de9f74f0123002519288df80650064603
:106090008b468df80730744c7fd1744b65711d6849
:1060a00080465846a847002809bf01234ff0010a3f
:1060b0004ff0000a8df806302cf0fafe0f286070c1
:1060c00040f08e800023237118f0d0fd01230222be
:1060d00004210d2025f048ff012307228021042000
:1060e00025f042ff2cf0e4fe6070614bdff88891f0
:1060f0001b7803f01f03082b1cbf082389f800300e
:106100002cf0d6fe0828607079d1092389f8003078
:10611000fa2701202cf024fb554b1b7803f01f03ba
:1061200063702df0c9f863788df80700082b04d050
:106130009df80730002b00f093809df8063043b1a6
:106140005846a847002867d000238df806304ff046
:10615000010a474b1b7803f01f03082b08bf0923d4
:1061600007f1ff3708bf89f8003017f0ff07d0d1db
:10617000baf1000f0ad003233d4a89f80030637852
:10618000082b4bd12df096f82df092f8394a0123c7
:106190001370a37107f0010050e0092805d1032313
:1061a0006371324b80465d687be7062813d102237a
:1061b000012a637103d12d4b80465d6871e7022a85
:1061c00003d12a4b80469d686be7032a06d1274bf3
:1061d00080461d6865e74ff0160862e7804660e775
:1061e000202882d118f042fd214a1378dbb2082b17
:1061f000fbd1637010f0f6f910f096f975e7032300
:106200001b4a89f800306378082b3ff47eaf13787f
:1062100003f01f036370f6e782469ae7137803f0f2
:106220001f036370abe72cf043fe00f01f0008284b
:1062300007d1104a01231370a371002003b0bde8f9
:10624000f08ff3b289f800302cf032fe00f01f001e
:106250008045e8d1074a00231370a371012799e70d
:10626000092ef7d0f0e700bf9c1000208c10002012
:0c627000010001419910002002000141d2
:020000040000fa
:020000040101f8
:10627c0070b591f8783082b00c460546002b58d199
:10628c0094f87930002b63d194f87e30002b70d1c8
:10629c0094f8803053bb94f88430002b37d194f8a9
:1062ac008330002b71d194f87c30002b7ed194f884
:1062bc007d30002b40f0888094f87a30002b40f031
:1062cc00a78094f87b30002b40f0ad8094f87f30a1
:1062dc00002b40f0b88094f88130002b7fd194f8db
:1062ec008200002840f0868002b070bd6846b4f889
:1062fc005a102cf057fc6a4603230021284619f04b
:10630c0057fc0028f0d194f88430002bc7d0684695
:10631c00b4f85c102cf046fc6a4603234a2128464c
:10632c0019f046fc0028dfd194f88330002bbad04a
:10633c002be0684628f092fb6a4608230e2128467b
:10634c0019f036fc0028cfd194f87930002b9bd073
:10635c00684604f1100128f081fb6a4608233321ba
:10636c00284619f025fc0028bed194f87e30002b6d
:10637c008ed0626d042316ba34216a4628460096e4
:10638c0019f016fc002883d0aee76846616f1af04e
:10639c0071fb6a469df806303521284619f008fc39
:1063ac000028a1d194f87c30002b80d0082304f174
:1063bc0041020221284619f0fbfb002894d194f8e5
:1063cc007d30002b3ff478af082304f149020721fc
:1063dc00284619f0edfb00283ff46eaf84e710233c
:1063ec0004f15e020421284619f0e2fb00283ff478
:1063fc0076af79e704f16e01684640f20c43adf8d4
:10640c0000302bf073fb6946284629f02df96be719
:10641c00102304f120020521284619f0c9fb00289d
:10642c003ff44faf60e704f1300168462af096fe66
:10643c009df80430009a0321284619f0b9fb002876
:10644c003ff444af50e7b4f85860022376ba6a467a
:10645c0001212846adf8006019f0aafb00283ff492
:04646c003aaf41e71b
:020000040000fa
:020000040101f8
:1064700080b582b000af40202cf0f0fc0346fb71e9
:106480000f202cf0ebfc0346bb71fb7903f00103fa
:10649000dbb2002b02d0012001f054fffb7903f0a6
:1064a0000203dbb2002b02d0022001f04bfffb798c
:1064b00003f00403dbb2002b06d02cf0fbfe2cf023
:1064c000f7fe032001f03efffb7903f00803dbb287
:1064d000002b02d0042001f035fffb7903f02003ec
:1064e000dbb2002b02d0062001f02cffbb7903f0b9
:1064f0000403002b0cd0554b1b78002b03d0544bbe
:106500005b6801209847534b01221a7028f0d6fd92
:10651000bb7903f00803002b41d04f4b00221a70c7
:106520004e4b00229a714d4b1b78dbb2012b2dd1c3
:106530000522e021022028f039f803461a46474b8d
:10654000da74464b1b7f002b09d0444b0b221a7088
:10655000424b01229a70012029f026fe1fe03f4b9a
:106560005b7f002b0ad02cf0a5fe2cf0a1fe3b4b4c
:1065700002221a70012029f017fe10e02cf09afe7a
:106580002cf096fe012029f00ffe08e02cf092fe80
:106590002cf08efe2f4b00221a70fef74dffbb79b8
:1065a00003f01003002b23d02c4b00229a712b4bad
:1065b0001b78dbb2042b09d12cf07cfe2cf078fe8a
:1065c000254b00221a7022f019ff11e0234b1b7893
:1065d000dbb2082b09d12cf06dfe2cf069fe1e4bae
:1065e00000221a702bf0b4f802e01c4b01221a7141
:1065f000bb7903f02003002b01d02bf057fdbb79b2
:1066000003f00303002b01d02bf050fdfb7903f0c6
:106610001003002b16d00f4b1b78dbb2002b11d0d0
:106620000e4b1b78dbb2002b0cd12cf043fe2cf070
:106630003ffe084b00221a70084b01229a7001207d
:1066400029f0b2fd00bf0837bd4680bdc410002050
:106650008c1000202b010120991000209c1000209c
:020000040000fa
:020000040101f8
:106660002de9f041d0e93153162b044688462e78a7
:10667000d0f8cc0017461dd0142b40f09c80a26ba4
:10668000002a00f09880216891f805c0bcf1010f44
:1066900000f08d80b0f5617f00f28d80162b00f048
:1066a0008c804b79012b5bd039462046bde8f04108
:1066b00001f06abd002ee2d121684a79012a02d197
:1066c000a26b002a73d1b0f5617f74d8021f130c3e
:1066d0006b70d4f8c430110a9970d4f8c430da70f1
:1066e00023685b79012bdfd1d4f8cc30c3f561731b
:1066f000072b40f29d80d4f8c400011d0c3021f01e
:1067000079ffd4f8cc300833c4f8cc30002e79d0df
:10671000a36bd4f8c420b3f860325bba9380a16b4a
:10672000d4f8c420d1f860320133c1f860320023bc
:10673000d3801372d4f8c4301a4632f8011f92780d
:10674000da72a3f80910b8f1000f4bd123685b7916
:10675000012ba9d1d4f8c830162b01d1002ea3d01b
:10676000102101202cf0f6fa054600285ed0d4f85e
:10677000cc1001202cf0eefa286000285ad0d4f872
:10678000cc20d4f8c4102af0bffad4e932232a72fc
:10679000a26b6b60d2f86c320021e9600bb92ce07f
:1067a0000346d8680028fbd1dd60bde8f08192790e
:1067b000012a7ff46faf2248f7e7021f130c6b70ba
:1067c000d4f8c430110a9970d4f8c430da70236850
:1067d0005b79012b88d0002e3ff466afb8f1000f33
:1067e0003ff462afa36bd4f8cc201b69d4f8c4107b
:1067f000204698470028a9d0d7e7c2f86c5218461f
:10680000bde8f081d4f8c4301e71d4f8c4305e7194
:10681000d4f8c430de801e72d4f8c4301a4632f880
:10682000011f9278da72a3f809108fe70548bce7d8
:106830000548bae728462cf093fa0248b5e700bfae
:0c6840000094ffff0081ffff008fffffae
:020000040000fa
:020000040101f8
:10684c00f0b502788c898bb000232825042acde979
:10685c000733adf80e4009938df81e5004d8012370
:10686c00934013f0130f0cd10e46054607aa214690
:10687c000c2330462af09afb18b99df81e30da0921
:10688c0001d10bb0f0bdc3f3c303052bf9d1bdf897
:10689c001c30aa885bba9bb29a1a1104f1d46a888c
:1068ac009a1a1204edd501335a48ab8090f80b3d7f
:1068bc001b077ad59df81f00002700f00f0085f804
:1068cc00a2702bf097fd0446002842d1bdf8203071
:1068dc00bdf80e205bba0c329bb2adf80e2083b122
:1068ec00012bced10df10e01304624f03dfe0028d7
:1068fc00c7d1bdf80e30728904339342c1d8adf8bc
:10690c000e30bdf82440bdf82220bdf8263064ba04
:10691c0052ba14445bba1c44a4b2002c4ad004aa48
:10692c000df10e013046bdf80e7024f027f8013c35
:10693c00a4b20028a5d1bdf81030b3f5245fecd17a
:10694c003a4604ab3146284617f0ecfa0028e4d05e
:10695c0097e795f87a30304a304831496e6e012b02
:10696c00ab6808bf85f87a70a2fb0323db082a7892
:10697c0003eb0313834288bf0b46052aab601cbf95
:10698c0005232b703eb1ab6e0093ea6f002305f12b
:10699c0070012046b0471d2c02d0082c7ff471af3b
:1069ac00284601210cf030fa6be700f6e84027f09e
:1069bc006ff97fe76b69f02b1fd8ea684ff47a7197
:1069cc0001fb03f302eb5302ea60eb6f4bb1da7d90
:1069dc0002f0fd02012a04bfea689a61db69002b10
:1069ec00f5d101220f49284612f094f9284613f0ec
:1069fc0065fb28460df068f943e7783b4ff47a7055
:106a0c0000fb03f043f6982124f028fceb680344c8
:106a1c00eb60dae738c50020cdcccccc7fee36006d
:086a2c0080ee3600c4fd0201fa
:020000040000fa
:020000040101f8
:106a34002de9f0434378012b83b0044608d0022ba0
:106a4400694d7ed0284603b0bde8f04301f000b99b
:106a5400022300f1c808437004f5e47640460f466b
:106a64002cf0fef830462cf021fb04f51c7028f0c5
:106a74003ffe2278c2f34002002a71d1002387f03e
:106a84000101304613f032fd0546002856d1237823
:106a9400190704d5a378023b012b40f29980002109
:106aa40030462cf075fc00225049514d30462cf0f4
:106ab400e1faa1784ff00333c4f8c83105ebc10102
:106ac40030462cf067fca378002b51d0224649496c
:106ad40040462cf0e3fa4ef660224ff4fa51304669
:106ae4002cf0c4fa2246444930462cf0c7fa17b9b0
:106af40023789a074fd43146404612f0dffb05460f
:106b0400e0b900903d4b3e4a214640462bf014f933
:106b140023789b0761d4a378abb320461bf0b8fd60
:106b2400054663785db9032b18bf0323e560e57060
:106b340018bf6370204605f0d7fc83e76378022b07
:106b440080d1e3880bb12389b3b30123204663705a
:106b540025f0b0fc284603b0bde8f04301f078b856
:106b640004f517702bf04cf92278c2f3400285e744
:106b740005f1200130462cf08dfa05f12401304650
:106b84002cf084faa2e74046627904f1700123f004
:106b940015fa0546c5e704f517793a4648461349f8
:106ba4001ef076ff05460028c8d14b46154a164903
:106bb40030462cf0effa9ee7204621f07dffd4f812
:106bc400a430002b3ff43eafd4f8a800984739e72f
:106bd400022130462cf0dcfb65e70c4b0c4a2146c5
:106be40040462bf0b3f896e70098ffffe12204013a
:106bf400146e0301a123040145d1030131330401bf
:106c04002d330401fd000301e14c030189c4030198
:046c1400353304010f
:020000040000fa
:020000040101f8
:106c1800f8b54ff082431b4a9b691b0f17bf936857
:106c2800194b23f47f4343f4a4339360447803233c
:106c3800b4fbf3f303eb4302a41a14f0ff041ed1d0
:106c4800deb205462746b7420ed14ff082439b6914
:106c58001b0f07d019201ef0b5fa20f0500119209b
:106c68001ef0ccfa2046f8bd2979eb78a87803eb1a
:106c7800012101371ef0c2faffb20335e3e7012410
:106c8800f0e700bf003e01448848090030b542786b
:106c9800034612f0030010d19208023301469142d4
:106ca80000d130bd5d8833f8044b04f1824404f50b
:106cb800b03401312580c9b2f1e70120f1e72de9af
:106cc800f04142780323b2fbf3f303eb4301521a7a
:106cd80012f0ff0621d1dff84880dfb204463546be
:106ce800bd4202d13046bde8f0812379e178a07831
:106cf80001eb032189b206f00df9a178082906d124
:106d0800e37888f800300135edb20334e8e751291b
:106d180004bfe37888f80130f5e70126e2e700bf11
:106d2800cc01012050f8022f024b1a6002791a7127
:106d3800704700bf1111002008b5182200212bf060
:106d4800f7f901461020f3f7afffb0fa80f04009d9
:106d580008bd034b1a785b7802700b7001207047ee
:106d6800cc010120114b1a68114bd96821f0f85158
:106d7800d960d968c2f3035212061143d960196960
:106d880021f0f8511961196911431961596921f004
:106d9800f8515961596911435961996921f0f851bc
:106da800996199690a439a61704700bf00030044da
:106db800003e01444ff088410c480a6812f4806292
:106dc8001cbf4ff480634b60094b1968c369c1f35a
:106dd800035123f0f85343ea0163c36122b14ff032
:106de80088434ff480629a60704700bf003e0144b8
:046df8000003004450
:020000040000fa
:020000040101f8
:106dfc00f8b54ff088440025664a674bc4f8b0508c
:106e0c00c4f8b020c4f8b03007460e4622f0b0faf1
:106e1c00236862496248dff8a8e1dff8b0c123f4c7
:106e2c00805323606ff480324ff0ff33c4f8c820d6
:106e3c00c4f8d8304ff6ff724ff48013c4f8e82032
:106e4c0063618d60574903880580574b8ef800505d
:106e5c0008208cf8005047f6f37560608a618d65e8
:106e6c00886643f6965529219a619d659966236c2f
:106e7c0003f44053b3f5005f7ed0236c4b4d23f4e9
:106e8c00784343f470434ff4004223642a6027b9db
:106e9c00474a136e23f440731366464a46491368f7
:106eac0023f0010313604b68580144bf4ff000738b
:106ebc004b60424b0222c3f88021c3f88020bff301
:106ecc004f8fbff36f8f3e4a137843f0010313705b
:106edc005368d907fcd44ff0884308220721596620
:106eec005a661a6812f4404f03d01a6822f44042d2
:106efc001a604ff088434ff080614ff00072996038
:106f0c009a601bf0a9f956b300212e482bf05effb6
:106f1c004ff480702bf054ff2b684ff4fa70002163
:106f2c004ff47a72e3fb0601002325f0affe044612
:106f3c0027f06efac3439c4288bf013420442bf0e7
:106f4c0091fb4ff480702bf035ff1f4b1b889b0778
:106f5c0017d5bff34f8f30bfbff36f8ff8bd3046df
:106f6c002bf080fb4ff480702bf02affbff34f8f78
:106f7c0030bfbff36f8ff8bd0c4d4ff400432b6047
:106f8c0085e72af05bfbbff34f8f30bfbff36f8fea
:106f9c00f8bd00bf556699aaaa9966550020004114
:106fac0000400041002a0044002b00446c000120ea
:106fbc00003e014410e000e000ed00e000e100e0e4
:106fcc00000800402d340401000001420004004080
:020000040000fa
:020000040101f8
:106fdc002de9f041836b9a79012a044640f0bd807b
:106fec00d3f87052002d76d02a7a94f8ac70162a09
:106ffc0000f091804ff0000820461ff0cffb061eda
:10700c0074db2b7a142b00f093800b2e71dd6a68e5
:10701c000c2ea2f10c0201d1002a6ad12b68a16bb3
:10702c00d4f8c400d3f800c0d1f87412c0f800c072
:10703c00b3f804c0a0f804c00c33d4f8c400cb1ac5
:10704c004fea134c80f806c0d4f8c4004fea132c56
:10705c0080f807c0d4f8c400a6f10c0cd61a037241
:10706c00664528bf6646d4f8c430320c5a72d4f840
:10707c00c430320a9a72d4f8c430de72d4f8c40028
:10708c0032460c3029f03afea16b6a68d1f87432a2
:10709c0006f10c00c4f8cc001e442b7ac4f8c8309e
:1070ac00c1f874622b6813449e4208d3eb68002b22
:1070bc006bd01a68c1f870320c32c1f87422a7f187
:1070cc000101b1fa81f14909204601f057f8064651
:1070dc0060b9a36b84e720461bf08cf8064628b9f0
:1070ec006268a36b1a2a53dd03229a713046bde8fd
:1070fc00f081b8f1000f05d020461ff029fb0646a1
:10710c000028f3d120461bf075f806460028e0d085
:10711c003046bde8f0812a68117814297ff46aaff3
:10712c00d3f874320c32934228d04ff0010863e745
:10713c00002ee7d0d5e90012d4f8c40029f0defd0a
:10714c00a16b6a68d1f87462c4f8cc202b7ac4f8ad
:10715c00c8301644c1f87462a4e7d3f86c22c3f8a3
:10716c00702212680c32c3f874221ff0f1fa064632
:10717c000028bbd1a36b01229a7131e720461ff086
:10718c00e7fa06460028d0d0b0e7c1e99c3396e771
:10719c0002229a71256d002da8d0d3f86822e06cdc
:0871ac009108a847a2e700bf0b
:020000040000fa
:020000040101f8
:1071b4002de9f041036803f0df03803b8cb0054602
:1071c4000c46072b00f2b480dfe803f01d7ba9b264
:1071d40085b2a0040b1d1846242200212af0aaff20
:1071e4006a680721042a0346216002d0102a40f06d
:1071f400ba8028686968aa686060002059609a604b
:107204000cb0bde8f081d0e901531d440293294636
:1072140001aa02a8062327f09bf8002840f08a80e0
:10722400dde90167082e40f08380324639464f4835
:1072340029f05afd00287bd107f1080c4ff006080d
:10724400a02301aa294602a804960597cde902c8fd
:1072540027f07ef800286dd1dde9012313449d4217
:107264002dd1302301aa294602a827f071f800285d
:1072740060d1dde9012313449d4220d1434601aa94
:10728400294602a827f064f8002853d1dde90163f8
:1072940099190893029101aa02a804232946cdf85a
:1072a4001880079627f054f8002843d1dde901231c
:1072b4000b93134404219d42cde909123fd02c487d
:1072c4009ee70b1d1846242200212af033ff0122d9
:1072d400034622608de70f1dae6803962422002129
:1072e40038462af027ff696804232360314403a841
:1072f400302302aa27f02cf8002881d1dde90231dd
:107304003a4603a8194408f045fb79e70b1d1846d3
:10731400242200212af00eff06220346d9e70b1d82
:107324001846242200212af005ff02220346d0e752
:10733400104865e7a0f5145000287ff461af0023de
:1073440044f8043b03ae0baf35460fcdbd4220607d
:107354006160a260e3602e4604f11004f4d1286851
:10736400206000204ce704484ae700bfdc2c0401fd
:0c7374009adaffff80dfffff00d8ffff68
:020000040000fa
:020000040101f8
:107380002de9f04fb2f5c07fadf5417d00f2da8016
:1073900093460c464ff4d0720021814658a82af03b
:1073a000cbfe4fea0b235ead03f47f03214643ea95
:1073b0000b63202428465a465c938df8774129f0c8
:1073c000a3fc802305f80b300df10701002300bf5b
:1073d00001f8013f0133102bfad112a82bf018fc51
:1073e00012a802a9802200f055fb8046002840f038
:1073f000a5800bf1190b06ac0df1280a0027cde989
:10740000077709975cad5e4600e02768a3680193a3
:1074100055f8103c616855f80c2c55f8080c5f4085
:10742000019b27605140584055f8042ce368616087
:1074300082ea0307a06023462246012112a8e760e2
:1074400026f0fcfe102e94bfb61b103e002857d12c
:107450001035002ed9d194e80f009df863610aeb36
:10746000080508f110080136b8f1200f8df86361a6
:1074700085e80f00c2d18022514612a800f00afb15
:10748000804600283dd10eab1a46012112a826f0f5
:10749000d5fe8046a8bb0ead0fcdc9f808200eaab8
:1074a000c9f80000c9f80410c9f80c3001211346ce
:1074b00012a826f0c3fe804618bb0ead0fcdc9f84a
:1074c0001820c9f81c30c9f81000c9f8141012a807
:1074d0002bf0a4fb58a84ff4d0712af0edfc5046d5
:1074e00020212af0e9fc02a810212af0e5fc204620
:1074f00010212af0e1fc40460df5417dbde8f08ffa
:10750000804612a82bf08afb58a84ff4d0712af0bd
:10751000d3fc504620212af0cffc02a810212af0eb
:10752000cbfc204610212af0c7fc484620212af037
:10753000c3fc40460df5417dbde8f08f06ac0df172
:0c754000280adee76ff03708f3e700bf11
:020000040000fa
:020000040101f8
:10754c002de9f04f91b00c4600920546222207a877
:10755c0000219a469df868702af0e8fd0022236805
:10756c008df818201b8803f44052b2f5005f68d1e7
:10757c00990666d504a920461ff0d0fb06460028c4
:10758c0060d19df81830002b5bd0012b53d00df13e
:10759c002a01204621f06cf90646002852d19df8ac
:1075ac003230002b4dd0d4f80080b8f800301a07d8
:1075bc004cd48346814603f44052b2f5005f7ad036
:1075cc0013f4404f01d05a067fd513f4406f14bf0b
:1075dc000120002048b1204623f09cf8ff2830d031
:1075ec0038f800100da82bf0b5fca379ab71202254
:1075fc00002105f108002af099fd414b079329461b
:10760c0007a88df83a908df83bb0fbf7f9fe2a6885
:10761c000099138800294ad043f0100313802a687c
:10762c001388002f3fd043f4007313802268138813
:10763c00d8051cd5fee7bdf810204ff6ff739a4213
:10764c00a5d10626304611b0bde8f08f2046019337
:10765c0028f048ffff28f4d018f8002002f00709a2
:10766c00b9f1050fedd102f0180b019ba3e72b68c4
:10767c001988c90500d5fee792789a7023681b8893
:10768c0018072cd4a7b3baf1000f30d028462af033
:10769c0051fe2b683a461844514629f02ffbab8813
:1076ac001f44af80cee723f400739bb2bde723f0f9
:1076bc0010039bb2b2e703f44c42b2f54c4f0ad024
:1076cc0013f4404f07d0590605d4204619f090fc0e
:1076dc00ff2885d1b5e718461df0b6fe7ae720469f
:1076ec000df10f0123f032f820b10646aae7fee7b0
:1076fc003e46a7e79df80f10284623f043f8c1e754
:04770c000200002057
:020000040000fa
:020000040101f8
:10771000f0b540f2032399428db009d040f2012325
:10772000994233d040f20223994249d00db0f0bdc6
:10773000554c2378002bf9d0544d2b78002bf5d0e5
:10774000534e544b96f9002093f900309a42b8bf3b
:1077500033701df0ebfb504b504a1b681288c01a67
:1077600090425bd34e4b96f90010186800232370ab
:107770002b702af085fe4b4b1b78002bd6d14a4b41
:107780001b78002bd2d029f0f3fecfe7474c444fb3
:1077900004f5c075002623686bb1a36a2146002258
:1077a0004bb138682af05cfea36a266018460bb11c
:1077b00026f0e4f8a6623034ac42ecd10db0f0bd56
:1077c0003b4b1a7801a90291002aafd00024214630
:1077d00038481c702bf08cfb0299374a374b032535
:1077e0000220adf80c50087002991b784c7011689b
:1077f000029ac9789170872b22d015d98c2b19d079
:107800008d2b22460cbf0f230b2325492c4c0868d7
:1078100029490225257028f0adff87e703200bf0ea
:107820004ffc00232b7081e73bb9264b1b786bb9cb
:1078300002aaeae722460e23e7e722460b23e4e703
:10784000029a137843f010031370eee71e4c2346a0
:1078500013f8012b02931444adf80c20a5782bf0fb
:107860001afd1a4a1a4b61781b788df80e30d2e94e
:10787000006728448df81e108df81d00cde90467bf
:1078800002aa0023c1e700bf140101201201012058
:10789000d00101200e0101205c0001203e000120ea
:1078a000080800201301012011010120f0f300203d
:1078b00016010120f4fe030120fe00201701012023
:1078c000150101204500012098f900201000012039
:0478d000cf010120c3
:020000040000fa
:020000040101f8
:1078d4002de9f04190f85e3003f00f03012b84b0e2
:1078e4000546884609d0063b012b06d91df018ff32
:1078f4000024204604b0bde8f081b8f1020f18d18d
:107904000d21284614f088fc064620b3ea780121ac
:1079140029f090fa044620bbb8f1010f28d06b7807
:10792400012b25d0042b5fd8dfe803f05c5d315ccc
:107934005c002b78284643f0400300f87c3b27f09a
:10794400b7ff284619f0c8fd0d21284614f064fc41
:1079540006460028dad10324204604b0bde8f081ad
:10796400044630462af030f8204604b0bde8f081e1
:1079740005f18c0738462bf035fb3a4608230321e2
:1079840030461bf0f9fe0028ead16b78cae73c4f79
:107994000021b7f8162d304629f058fa044600287d
:1079a400dfd130461ff0dafb04460028d9d1b8f104
:1079b400020f0cbf0246ea690221304629f052fa4e
:1079c4000028cdd197f80b3d190705d430462af08d
:1079d400ebf804460028c4d12a4829f07bfb78bb85
:1079e400002401e0fee71c46eb789a0706d4214602
:1079f400304601f045ff04460028b2d1684605f13f
:107a0400400126f04dfa694630460df0ddf9044692
:107a14000028a6d1eb781b070dd401461a4823f0a1
:107a2400c9f8184829f056fb80f00101c9b217487b
:107a340026f01ef95de70121134823f0bbf858e74f
:107a440097f8fd0940ba0024adf8010003236a4603
:107a5400502130468df800401bf08efe044600286d
:107a64007ff47fafd7f8282d0ab9d7f8242d5521f4
:107a7400304629f0f7f904460028b1d071e700bf79
:107a840038c500201ccf0020d0d1002020d20020f7
:020000040000fa
:020000040101f8
:107a9400c02a2de9f04108d0b2f5807f20d0802a99
:107aa4001bd06ff01f00bde8f0810c260660044671
:107ab400002344f8043f5209013351f8045b44f8ad
:107ac400045f9342f8d30c2e0dd00e2e3dd00a2e17
:107ad40000f08a800020bde8f0810a260660e6e70f
:107ae4000e260660e3e7574e574a06f11c074ff08f
:107af400010c01e056f804cbc1698468c1f3072383
:107b04000d0ed35c555d43ea0543cdb26340c1f32a
:107b14000744555d145d83ea056383ea0423d0e9d1
:107b2400035483ea0c035d406c404562456903627b
:107b3400836965406b405940b742c0e90a45c0e9d2
:107b44000c3100f11800d5d1c4e73e4d3e4a05f191
:107b540018084ff0010c01e055f804cb416a846821
:107b64008769c1f307230e0ed35c965d43ea06438f
:107b7400ceb26340c1f30744965d145d83ea0663a5
:107b840083ea0423d0e9034683ea0c0383ea040c62
:107b9400446983628cea06067440e3b24fea146ec9
:107ba400c0f82cc0d35c12f80ee00663c4f3072cb3
:107bb400c4f3074612f80cc044637b4083ea0e63a7
:107bc40083ea0c2312f806c0c669046a83ea0c43ec
:107bd400836373405c406140a845c363c0e91041be
:107be40000f12000b8d175e7184e174a06f12407b2
:107bf400012101e056f8041f44698568c4f3072392
:107c04004fea146ed35c12f80ee043ea0e435ffab7
:107c140084fe6b40c4f3074512f80ee0555d83ea19
:107c24000e6383ea05234b40c168056983614b40b9
:107c34005d406c40b742c361c0e9085400f11000d4
:107c4400d8d147e768e20301900f020164e203011f
:020000040000fa
:020000040101f8
:107c540010f51e5f1fd020dc10f5745f1bd000f3fd
:107c6400878010f59e4f0ed079dc10f5d24f05d0e9
:107c740040f3a38010f5d04f40f096800520704764
:107c840010f57e5f1ed10320704710f5725f02d09d
:107c940010f5705f16d10720704710f5025f1dd0f4
:107ca40027dd10f1360ff6d00edd10f1100fead0fb
:107cb40016dc10f11e0f11d010f11c0f0ed010f1b4
:107cc400340f0bd0c00f704710f13e0fdbd038dcff
:107cd40010f58c5fd7d010f1400ff3d10820704716
:107ce400821dd8d0031dd6d010f1080fead103208d
:107cf400704710f5105fced015dc10f5185fcad0b0
:107d040007dc10f51c5fe9d010f51a5fc3d0c00f73
:107d1400704710f5145fbed010f5125fbbd010f59c
:107d2400165fcfd1b7e710f50a5fb4d010dd10f5b8
:107d3400065fb0d010f5045fadd010f5085fc1d177
:107d4400a9e710f13c0fc9dd10f1380fbad1a2e751
:107d540010f50e5f9fd010f50c5fb3d19be710f5c3
:107d64007c5f98d014dc10f59d4f89d11b2070479f
:107d740010f5665fb2d036dd10f5265f83d025dcc2
:107d840010f5645faad010f5405f9bd101207047c5
:107d940010f5785f3ff47faf10f5765f3ff47baf6b
:107da40010f57a5f8ed176e710f59f4f3ff473afed
:107db40010f5d14f86d10320704710f5fe4f3ff4e4
:107dc40062af10f5e24f7ff47daf64e710f5225ff8
:107dd4003ff459af10f5205f3ff45daf10f5245f19
:107de4007ff470af57e710f56e5f3ff454af7ff741
:107df4004caf10f56a5f3ff44eaf10f5685f3ff487
:0c7e04004aaf10f56c5f7ff45daf44e7ff
:020000040000fa
:020000040101f8
:107e10002de9f043044608680d46b0f800808988d3
:107e200085b016461f4608f0200841b96378013b2b
:107e3000042b55d8dfe803f05554626f8d0001a97b
:107e40004ff0000928468df80c901ef06dff9df84c
:107e50000c30012b32d0b8f1000fe7d0002ee5d066
:107e600001a9012256482bf087fa8146002fddd167
:107e7000002800f0938003460246314604f5b070b6
:107e800025f034ff002840f09180324629462046f4
:107e900003f0d2fd002840f0898049463246204652
:107ea0001ff07afe23785907c0d428462af050faea
:107eb0000028bbd043481bf0fdf8b7e7bdf804200d
:107ec0004ff6ff739a42c6d1a3790133dbb2a37197
:107ed000002b6dd084f80690b8f1000fa6d0bde756
:107ee000fee7d4f8f430618a0133c4f8f43004f1c9
:107ef000c40025f009f805b0bde8f083d4f8f030ef
:107f000000220133c4f8f030627020460af0e2fb30
:107f100005b0bde8f083d4f8e8300133c4f8e830a8
:107f200027b1d4f800310133c4f800310023637065
:107f30003a462946244819f0d5fb3b4632462946a5
:107f4000204813f0d3ff20460af0c4fb05b0bde87b
:107f5000f083ab881bb1b8f1000f00d1fee75fb929
:107f600056b12378da0707d533681b88db0603d5bb
:107f7000638843f040036380d4f8ec301148013348
:107f800000263a462946c4f8ec30667007f01cfe1d
:107f900020460af09ffb05b0bde8f0833246294633
:107fa000204603f049fd00283ff440af0e273de78f
:107fb00004f12c001ef098f900289cd0fee700bfc9
:0c7fc000b8d2002020d20020d0d1002038
:020000040000fa
:020000040101f8
:107fcc0070b588b00d460446002608688df81c6014
:107fdc0005aa042127f088fc18b1172815d18df8b3
:107fec001c606378012b39d0022b10d0fee72046a1
:107ffc001df092fb23785a0607d5002262f38613f4
:10800c0023706272204619f063fa08b070bd2a69b9
:10801c0004f140039a42f8d194f85e3003f00f0358
:10802c00072bf2d10df103021121286826f0e4fb95
:10803c000028dcd004aa0121286826f0ddfb0028ea
:10804c00e3d19df81030e27843f004039a42dcd17e
:10805c006378012b0ad0022b25d0fee705a804f18a
:10806c008c0129f05ff90028dcd1cee703aa02a924
:10807c00286823f063fb0028c7d1029904f14c0057
:10808c002bf042f9dde9022304f14000c4e914327b
:10809c00072122f06ffde18920460ff01bfb2378ae
:1080ac0043f0010323700df106020021286826f02d
:1080bc00b5fb0028a9d1bdf80630e2899b0ab3ebc9
:1080cc00922f94d12946204601f09efc00289cd189
:1080dc0004aa0221286826f0b3fb00283bd01728fd
:1080ec0093d101a9286825f063ff70b317288cd1b0
:1080fc00e67816f0080623d131461d4825f0b4fd6c
:10810c0031461c4822f052fd01aa1021286826f0a5
:10811c0073fb50b117287ff478af9df81c30002bff
:10812c000cbf022301232b7564e79df8040028f093
:10813c0061fb94f8713060f3830384f87130ece7e1
:10814c0001210c4822f032fddee70b4bbdf8042078
:10815c00a3f88c2acce7049b13b92278d10601d45e
:10816c00e361bee70121204611f0f4ffb9e700bf3f
:0c817c0020d20020d0d1002038c5002007
:020000040000fa
:020000040101f8
:10818800f0b50368d0f8cc705b7902890e46b0f878
:10819800cc10012b04468bb0d0f8b80049ba00f0d7
:1081a800aa8013465bba2546a0f8013055f8d40fcb
:1081b800d4f8b430d5f804c0c3f804c01860d4f8b3
:1081c800bc301980d4f840c0bcf1000f3cd0d4f8c2
:1081d800c070d4f8b030d4f8c4100697fb1ac3f5b1
:1081e8006c73c91b0133cde90731d4f8b470d4f8e6
:1081f800cc00099038687968276803ab03c37b799a
:10820800012b00f08580d7e9063150ba0091d4f8e7
:10821800c870adf8150003aa614620468df81470a1
:1082280008f02cfc00284cd1089b002b7dd1bdf810
:108238002430d4f8bc209df81410099fc4f8c81045
:108248005bbac4f8cc7013802168d4f8b820d4f88d
:10825800c03049799b1a01291f4434d0d4f8c8305a
:108268001370d4f8b830d4f8d020216c3a441f44a5
:10827800c4f8d020c4f8b870204620f01bff22466e
:108288006ff0d30052f8dc3b5f79012f0cbf4ff041
:10829800020c4ff0000c05eb0c01001b06e000bfc0
:1082a80012f8013d0133dbb213702bb98a4200eb9f
:1082b8000203f5d163453bd0012f13d0012e0cd01a
:1082c80000200bb0f0bd204623f076fc0028f8db38
:1082d800b8422ad3d4f8b820c0e7204619f08cff5a
:1082e8000bb0f0bd002ee9d120461ef059fa002847
:1082f800e7dbe5d1f1e740f2023c40f2022340f22d
:108308000125624518bf2b46d31adb439bb249e7c8
:1083180040f2023040f2022340f20121824218bfab
:108328000b46d21ad24392b26de702480bb0f0bda9
:0c8338000148c6e70094ffff8094ffff9f
:020000040000fa
:020000040101f8
:10834400013810b505281cd8dfe800f003a26a1b29
:108354001baa6449644b00228a711b7803f01f0333
:10836400092b0c4623d14a79032a0ad05f4c4ab917
:108374000978c9b2012912d1104621f05df81923f8
:10838400237010bd022a0ad10b7803f0ff0233b91f
:108394000121084621f050f806232370f1e701215a
:1083a4000022084621f048f816232370e9e7082b39
:1083b400e7d0112be5d0162b05d10120bde81040e4
:1083c400887027f0efbe192bdbd0122bd9d04b7954
:1083d40043b91a461846012121f02ef8434b0422d2
:1083e4001a70cee7022b07d10121084621f024f8a8
:1083f4003e4b04221a70c4e70b78002bc1d13c4bce
:108404001b78002bbdd100221f21012026f0ccf8bf
:1084140000f01f001628b4d0012161710022e4e7a6
:10842400304c0223a37163795bb92378012ba8d163
:108434002af00cfd0028a4d16420bde8104018f0f7
:108444008bb8013b012b9cd801210022084620f067
:10845400f3ff2378042b06d1062323700120bde803
:10846400104027f09fbe234b19780122092962711d
:108474009ebf1a780132d2b21a70197801310022e3
:10848400c9b2012020f0d8ff184b09221a7078e7ee
:10849400144b0120bde810409871987027f082befb
:1084a4002af006ff2af002ff134b1b78002b3ff43f
:1084b40068af0c4b1a7802f0ff04002a7ff461af16
:1084c4005b79013b012b3ff65caf094b1c702af032
:1084d400edfc01212246084620f0aeff034b0922a1
:1084e4001a704ee79c100020010001410200014176
:0c84f4002b010120d8010120c410002041
:020000040000fa
:020000040101f8
:108500002de9f04f89b00446104615460e461f4629
:10851000bdf8488028f074f9814604f1940029f0f0
:108520004ffb814504d013d8002009b0bde8f08f7f
:10853000b4f8b030c6f30806c3f30803b3fa83f304
:10854000b6fa86f25b0952099a4205d0002eebd1a9
:10855000012009b0bde8f08f38462af055fd94f9a6
:10856000d230834201d0f3dbdee7fb7894f8d320ee
:108570009a4201d0d8d2ebe7b4f8b4309845d2d1c2
:108580007b78b4f8d620092b40f28180b7f8093007
:108590005bba9bb29a4202d09a42c5d2d8e7fb7a24
:1085a00094f8d8209a42e5d13b7994f8d4209a42a5
:1085b000e0d17b7994f8d5209a42dbd1e3781b0790
:1085c0006ed4206a3a494ff41b520023a0fb0101ec
:1085d00024f062fb421c8946824641f1000102fb05
:1085e00009f30afb01314ff41b56a2fb0a230b448b
:1085f000a2fb060106fb03112d4a002324f04cfbcd
:10860000139b94f8c8205e7893f800b006eb8606ba
:108610007600b6b24ff0000c02eb8202cde906bc48
:108620005200a6fb0abc06fb09c392b2cde904bc0a
:10863000dde90667a2fb0aab059302fb09bbdde996
:108640000489a6fb002306fb01338e4618eb0201ca
:1086500094f8c7600291494641eb03030393a6fbdc
:1086600000231aeb020106fb0e334beb03030091d0
:108670000193dde90023dde902018b4208bf82425c
:108680000ed0994208bf9042fff462af4ce7b2f5ba
:10869000a06f01d1012383e74ff4a0639a427ce7e6
:1086a00094f8d930ab423ff43fafbff43daf4fe752
:0486b00040420f0035
:020000040000fa
:020000040101f8
:1086b4002de9f04f5f4b1b6883b0002b40f0a48082
:1086c4005d4b1a6802f10108c3f80080b8f1000f8d
:1086d40000f08280594b0193019b1b6898454ff031
:1086e400000760d3564bdff870e156480093dff87b
:1086f4006c91ba46bc464be0def80030db68db68c0
:108704005a68904503f1040403f11806c0f08d8003
:108714005a69d3e902515768a960a7424d601568a8
:1087240008bf5160996ac3f814a0013d156069b18e
:10873400d3e907524f68aa601a6ab742556008bf66
:108744004a600a68c3f828a0013a0a60d96ad9f8cd
:10875400002001268e4001eb8105164300eb8507be
:10876400c9f80060009e7a68d6f800b09668dbf815
:108774002cb0de6050f825609a60594588bf4ff0f0
:10878400010c916801364c6094605f6140f825608b
:10879400def800301b68002baed1019a4ff0ff3396
:1087a4006746136002e0264b26480093009b264a46
:1087b4001b681268db6a03eb830350f82330022b37
:1087c40028bf01275ab3214b1b68002b18bf012770
:1087d400384603b0bde8f08fdff87ce01c4bdef8d0
:1087e40000101c4a1868cef80000196013680133a1
:1087f4001360def800301b68a3b9104b01931a46ce
:108804004ff0ff33136067e70f4a136801331360b7
:1088140029f04cff0027384603b0bde8f08f29f05b
:1088240045ffd0e728f06eff54e7019b67461a60c6
:10883400bce700bf9c000120bc000120ac0001206b
:1088440088000120bcfb0020b4000120c0000120ee
:1088540090000120b00001208c000120a400012020
:020000040000fa
:020000040101f8
:1088640000f1340191e838009c46a6464cf8045dba
:1088740090e8ff0fe54600bd90ec210b704700bf68
:1088840080ec210b704700bf90ec200b704700bfb9
:1088940080ec200b704700bfd0ec200b704700bf6a
:1088a400c0ec200b704700bff0ec0201f0ec0211a9
:1088b400f0ec0221f0ec0231f0ec0241f0ec025158
:1088c400f0ec0261f0ec0271f0ec0281f0ec029148
:1088d400f0ec02a1f0ec02b1f0ec02c1f0ec02d138
:1088e400f0ec02e1f0ec02f1704700bfe0ec0201b1
:1088f400e0ec0211e0ec0221e0ec0231e0ec024198
:10890400e0ec0251e0ec0261e0ec0271e0ec028187
:10891400e0ec0291e0ec02a1e0ec02b1e0ec02c177
:10892400e0ec02d1e0ec02e1e0ec02f1704700bfc0
:10893400b0fc0181b0fc0191b0fc01a1b0fc01b11b
:10894400704700bfa0fc0181a0fc0191a0fc01a123
:10895400a0fc01b1704700bfec4600b52de9005002
:108964002de9ff1f4ff000032de90c0001a9eef7dc
:108974000afcddf840e012b0704700bfec4600b5d9
:108984002de900502de9ff1f4ff000032de90c00e5
:1089940001a9eef728fcddf840e012b0704700bff3
:1089a400ec4600b52de900502de9ff1f4ff0000300
:1089b4002de90c0001a9eef736fcddf840e012b019
:1089c400704700bfec4600b52de900502de9ff1fac
:1089d4004ff000032de90c0001abeef7fafbddf8d4
:1089e40040e012b0704700bfec4600b52de90050de
:1089f4002de9ff1f4ff000032de90c0001aaeef74b
:0c8a040062fcddf840e012b0704700bfdb
:020000040000fa
:020000040101f8
:108a1000002800f0c580f8b50368002b00f0be8088
:108a20005b79012b044616460f467ad063681b2bf0
:108a300069d1206f0025002840f08880636d1bb14c
:108a4000e06c984701304ad0d4f8a03003bb012134
:108a50002046f0f7abfa002840f09b80d4e91d32a5
:108a60000ab9172b44d0162b15d0152b00f08f8088
:108a7000172b32d16368e06e20671a2bdbdd236d84
:108a8000002bd8d000221146e06c9847206fd2e727
:108a9000c4f8a050e2e72389b3f5417f54d223689c
:108aa0001a798ab9e26e5b791278a2b9012bd4f8ef
:108ab00098205ad0042a10d164220121204620f0a7
:108ac0001dfb0028e2d0f8bd012af5d1e26e127834
:108ad000012af1d05b79012bd8d03248f8bd236d43
:108ae000002bb1d02268e06c926f91089847abe7f9
:108af000d4f8a03093b901212046f0f757fa0028a6
:108b000047d1636fafe7204621f078fa10f5d64fd2
:108b10008fd00028d7d1206f00258ce7c4f8a02083
:108b2000a8e719f06dfb0028cdd1a36b002b3ff413
:108b30007daf9b79012b7ff479af2046fef74efa8b
:108b400000283ff473aff8bd1748f8bda56fb542d4
:108b500028bf35468eb9294629f0aef9a36f3bb937
:108b60002367c4f8a0302846f8bd0c2a8ed1a3e7ad
:108b7000236f2b4423672846f6e701462a463846ea
:108b800028f0c2f8a36f206f5b1ba367e3e70748d9
:108b9000f8bd10f5e54f96d10020f8bd0448f8bdaa
:108ba000034870470089ffff0094ffff0097ffff15
:048bb000008fffff34
:020000040000fa
:020000040101f8
:108bb4002de9f04713f0010e9df8245077d11c1fc6
:108bc4000c2c74d8002a00f09d8076469446013619
:108bd4005fea1c2cf6b2fad1022e38bf0226b44644
:108be4000d2d65d8c5f10f046445aa4601dde6b232
:108bf400b446ccf10f0cd44591460f460446984632
:108c040059da0029c6f10f0518bf4ff0400eedb236
:108c1400013ea8f10203f6b25b1046eac3034eea32
:108c2400030384f820312a46089904f2211028f01d
:108c340069f80e2d0ed8c5f10e03dbb204f22f1124
:108c4400c91a04f598724b4602f8013d91424fea65
:108c54001323f9d104f590721146204629f044fefd
:108c6400002f3cd1ba462a46089984f8306104f2b0
:108c7400311028f047f805f23110c5f10f022044f5
:108c8400002129f057fa0023102284f86451c4f813
:108c94005071c4f85891a4f860a184f86581c4f8af
:108ca4005431c4f85c31a4f86221bde8f087fee7d2
:108cb4000d25aa469de70029aad0a8f10203013e8a
:108cc400f6b25b1046eac30343f0400384f8203154
:108cd4002a46089904f2211028f014f8abe7b7f5f6
:108ce4007f4f94f8200194f82111c7f30722fbb2b7
:108cf4000cd242404b4084f8202184f821314ff0bb
:108d0400020ab0e74ff0020c664669e7c04394f8e4
:108d140024a194f822e194f823c184f8200194f862
:108d2400250182ea0a0281f0fe018eea176e8ceabe
:108d3400174c434084f8211184f822e184f823c1bc
:108d440084f8242184f825314ff0060a8be700bf0c
:020000040000fa
:020000040101f8
:108d5400f0b5604c93b00546262208a8002129f0fe
:108d6400e9f94ff2bf032046adf8423029f08efbfb
:108d7400b0b1b4f8b02b4ff6fe739a42a4f608547f
:108d84000ed02b7fde070bd494f80b3d980709d443
:108d940094f8663d190703d0b4f8683d022b01d05e
:108da40013b0f0bd6b7f012bfad195f84730002b3f
:108db400f6d12621484827f073fa0646002868d0e1
:108dc4006b7f012b40d094f80b3d9a0707d494f89d
:108dd400663d1b0703d0b4f8683d022b65d041f60d
:108de400b8033e49e25a0ca825f06ef808a828f00a
:108df400cdfa009508aa3a4b3748314626f0e8faee
:108e04000746a8b904ab0fcb95f81cc005f10c06b6
:108e14004cf0010c85f81cc086e80f006f6494f8d0
:108e24000b1d11f00801bbd12e481df035fab7e730
:108e3400032804d195f84630013b042b43d830462f
:108e440028f0c2fd13b0f0bd95f84770002fbad1d9
:108e54002b460df1100c53f82c0f59689a68db68f7
:108e6400ace80f00102339460deb030230461af02c
:108e740083fc0028dcd108231b4a032130461af066
:108e84007bfc0028d4d102236b771cf04df82862b8
:108e940099e795f84630013b042b81d9052385f8e1
:108ea4004630284628f0bcfe7ae70df10f010f4842
:108eb40027f0b0f90028bbd10caa9df80f10054883
:108ec40028f0f8f992e7052385f84630284628f07b
:108ed400a7feb4e740d2002010c70020e8d300204a
:108ee4006d33040120d2002010d40020f0dd0020d6
:020000040000fa
:020000040101f8
:108ef40030b5144693b0232939d8dfe801f01b229a
:108f04002a3238383a566266383838383838386a47
:108f140038383838387782888f979f3838383838d7
:108f2400a81200f1530323211046602225f09efc71
:108f340013b030bd10460823514a00211af01cfc1e
:108f4400f6e7504b10460121b3f8162d27f07effab
:108f5400eee74c4b1046022193f80b2d27f06affe5
:108f6400e6e7484b93f80b2d120740f1818000206f
:108f7400dee740f606034448adf8043026f088fcea
:108f840003681bbacdf8063003798df80a304379ab
:108f94008df80b3083798df80c30c3798df80d3052
:108fa400214601a825f01afcc2e7364b41f2a40180
:108fb40003f5855220465b5c126807211af0dcfb3e
:108fc400b6e7114613f0f4f9b2e711460ff034f89e
:108fd400aee72e4b1b788df80630114640f2111384
:108fe40001a8adf8043025f0f9fba1e701a9254853
:108ff40024f066fb01aa2046082317211af0bcfbc3
:1090040096e710461821052227f020ff90e7034633
:1090140019211046202225f029fc89e700f12103bb
:109024001a211046202225f021fc81e700f1420399
:109034001b211046102225f019fc79e729f052ff74
:10904400402203461c21204625f010fc70e70d4dfc
:1090540095f8091d05f6085012f01af805f628616e
:1090640001a80df063ff214601a825f0b7fb5fe7d7
:10907400d3f8242d2046032127f0f4fe58e700bf3f
:1090840052cf002038c5002040d2002058330401bc
:020000040000fa
:020000040101f8
:109094002de9f041044682b01f4660300d469046eb
:1090a40028f088fc0f2f00f29f80dfe807f0509d26
:1090b4009d9d9d9d9d9d9d9d9d2b9d9d50082b7fc0
:1090c400590700f1928042462946204626f0c0fa0c
:1090d4002946204618f060f8a3691b7fc3f3800378
:1090e40013f0ff0f00f09880228802f00c031bb9e4
:1090f400e378297e99426fd804f11c060021237974
:10910400e17009e02946204618f046f82646002377
:10911400e37036f81c2b237912f0040240f08280ad
:10912400697e994232d8009229463a46304629f05f
:1091340015f9a378022b1cbf0223a37042463b46b9
:109144002946304602b0bde8f04129f00fbc2b7f20
:109154005a0704f11c0604d5aa790121304629f0e6
:10916400fffb42462946204626f072fa294620464d
:1091740018f012f80023e3702379002f54d10097dc
:109184003a462946304629f0e9f8d2e7012200920e
:1091940030463a46294629f0e1f823790133237110
:1091a4002b7f0e2f43f002032b7717d1a37894f86b
:1091b4005d10062b1cbf0623a37020461cf0c0f9cb
:1091c40094f85d300133dbb2052b28bf052384f806
:1091d4005d3002b0bde8f0810133e370204602b097
:1091e400bde8f04123f0eeb8fee704f11c0630467a
:1091f400aa79002129f0b4fb42462946204626f0ec
:1092040027fa2946204617f0c7ffa3691b7f5b078f
:109214003ff56aaf228871e72646e37036f81c2bc7
:0c922400237979e700227ee7228875e7b5
:020000040000fa
:020000040101f8
:1092300090f82430012b00d0704770b50c4696b0e2
:10924000054602aa1a21206827f048f8064608b108
:1092500016b070bd3c22314607a828f06dff9df87e
:109260005530206843f020038df85530438aadf81f
:109270004e30037a8df852302c3026f09bfbd4e927
:1092800000238df8530092f82e208df8542003f11e
:10929000180007a927f0d4ffbdf80a30bbb98ee04b
:1092a000022b43d0032b09d109ab1022bdf80810c3
:1092b000206820f099f90028cad100bfbdf8141029
:1092c00002a827f001febdf80a30002b5fd002aae9
:1092d000216804a80ff0e4fb0028b9d19df81130f3
:1092e000002bebd19df81030082b33d0d8d9122b9e
:1092f00027d0812be2d104230deb030202a92068c1
:1093000026f058f90028a3d19df80530012b9fd9ec
:109310009df806209df85530111161f30303c2f347
:10932000c00262f304138df85530c7e708230df12e
:109330003502bdf8081020681ef062fb0028bdd081
:1093400086e714aabdf80810206828f0dbfa002888
:10935000b4d07de7bdf81830002bafd0ddf8160093
:109360000390102103a829f091fa0df13d009df81a
:109370000e1027f02df903a90df13e02206829f007
:10938000e3fd95f86e30d90710d4012696e795f8dd
:109390006e30db0702d5002e3ff45aaf2b68002b4e
:1093a0003ff456af696807a8984751e70df13d00b3
:1093b00005f11c0117f026ff0028e6d148e795f8d3
:0c93c0006e30da073ff544afe8e700bf6d
:020000040000fa
:020000040101f8
:1093cc002de9f04f8db0002a00f0b3800a44064618
:1093dc000c46029229f082fc022840f0a48002a8dc
:1093ec003246214619f0b0fc051ec0f29380029b58
:1093fc001a1b002a40f39d805a1e05f101084ff0fc
:10940c00000a02922146424603f801ac02a81af067
:10941c0087ff051e7edb0322214602a827f002fbf4
:10942c0000287bdb454447193a46214602a81af02e
:10943c0077ff051e6edba122214602a827f0f2fa67
:10944c00b0f1000971db96e803000df1100888e813
:10945c000300404629f042fc0238022875d8059bcf
:10946c0021461a7802a825f0edfdb0f1000a5edb6a
:10947c005246214602a81af053ffb0f1000b5bdbf9
:10948c00a022214602a827f0cdfa031e019355db3a
:10949c0096e8030088e80300404629f01ffc0238d8
:1094ac0002284fd80598c36b0733de0842462023a9
:1094bc0003a903961df092ff064630b9039b424662
:1094cc00214602a81ff0b4fd06464046202128f094
:1094dc00edfc002e34db0122214602a829f026fee9
:1094ec0000281bdbeb194b44019a53445b44134497
:1094fc001e4406443246214602a81af011ff051eee
:10950c0008db214602a8302227f08cfa002805db64
:10951c003544054428460db0bde8f08f0546284675
:10952c000db0bde8f08f0a4df4e74d46f2e7554615
:10953c00f0e76ff06b05ede75d46ebe7019de9e7c2
:10954c003546e7e70023db6bffde9af80030ffdee1
:04955c0080c6ffffc7
:020000040000fa
:020000040101f8
:109560002de9f04385b029f043ff5d4f5d4d5e4e20
:10957000dff87c813b68d3f80090b9f1000f00f070
:109580008280db68d3f8009029f0aaf829f042fc29
:109590002b6898420446c0f086808145286040f2de
:1095a0008b800022a9eb040130681cf0a3fc02f0c0
:1095b0009ffb38b94d4b4ff080521a60bff34f8f6d
:1095c000bff36f8f0023cde901330393002201a97c
:1095d000306806f01ffd0028ccd0019b002bf5db86
:1095e000039c636913b1201d24f07cff29f012fc59
:1095f0002b68984281465cd3019bc5f80090013be3
:10960000082be3d8dfe803f024241d0e0524241dd5
:109610000e0094f824309a0755d523f0010384f8fe
:109620002430d3e794f824300299a16143f0010378
:1096300084f82430494420464b464a461ef0ecfe4e
:10964000c4e794f8243023f0010384f82430bde704
:1096500094f82420029ba16942f0010284f824209e
:1096600019444a4620461ef0d7fe0028aed094f892
:10967000243059072bd423f0010384f82430236ac3
:1096800020469847a2e729f02bf829f0c3fb2b6866
:109690008342044607d8d8f800302c601a68b2fa22
:1096a00082f252097ee723f0affa2c6002f020fb31
:1096b00088e723f0a9fa9fe702f01afb2146484603
:1096c0001ef01ef87ee7204611f00afc7ee70299a4
:1096d000a3694a461944204624f018ffcfe700bf8b
:1096e000c4000120cc000120d000012004ed00e0e6
:0496f000c80001208d
:020000040000fa
:020000040101f8
:1096f4002de9f04f154691b00024262282460f46ec
:1097040006a821469b46cde90344059428f012fda2
:1097140095f83030013385f830301bf005fc6b6a66
:109724006a881844e860002a6bd052baadf80c205d
:109734009df80e3095f82920dff8409103f00703d7
:10974400012a8df80e3004bf43f001038df80e306a
:109754002b784b440af104001b7e01905bbaadf8f0
:10976400103028f0e5f98046002861d003a90c22c6
:1097740023f036fc044670bb2b784b441b7e002b35
:1097840058d0064615e02b7809eb830340461b6a44
:1097940033f81e30adf80ac05bbaadf8083023f0d8
:1097a4001ffcf2b20446b0b92b784b441b7e9342a3
:1097b40040d97b89403b402239469bb2404613f056
:1097c40059f85ffa86fe04464ff4807c042202a90d
:1097d40001360028d7d0404628f0f6f8bbf1000f38
:1097e40020d138462a46402300211bf0e1fd2046c3
:1097f40011b0bde8f08f00bfbdf80c1049ba89b2b2
:1098040031b903a829f0c2fb04460028f4d0e5e7e7
:1098140050461ff091f90028f3d1bdf80c305bba23
:109824006b8085e70af14000e96825f08bf8d8e7fa
:109834000324d3e7b8f80a30b8f80c1095f82c20b4
:109844005b1a022a9bb202d0b3f5007f01d9072428
:10985400c1e72b460aac53f8100f2e8c59689a684e
:10986400db680fc406aa0198adf83a60414628f0b7
:10987400b5fd04460028b1d0ade700bf686f030111
:020000040000fa
:020000040101f8
:109884002de9f0478ab013230c46022201a90746aa
:10989400b0f80aa08df8043023f0a2fb804618b17a
:1098a40040460ab0bde8f0870146544a384622f0e3
:1098b40039ff80460028f3d1012c59d05049a1f535
:1098c400bf5025f0a7f9002862d10125dff83c91ab
:1098d400d9f82c41002c3fd009f608560de09df82c
:1098e4002510384622f01eff002833d10135edb291
:1098f400042d3dd06469002c2ed0204628f040f978
:1099040021460028f6d1304625f0baf92146002830
:10991400f0d1304625f0c6f9102238490028e9d1a3
:10992400204627f0e1f9102235490028e2d02046ec
:1099340027f0daf9214605aa0028dbd0314812f0d5
:10994400affc224621460028c9d0384624f020fb2b
:109954000028cbd08046a3e799f80b3d190729d5f9
:1099640099f8663d1a0725d0b9f8683d022b21d134
:10997400bc7a023c384601aaa4eb0a0451460223ed
:109984008df805401bf014fd40460ab0bde8f08791
:109994001b4905aaa1f66c0012f082fc002894d1a0
:1099a400174a9df82510384622f0bcfe0028d1d174
:1099b40002258be702a80022134927f06ffc029cc2
:1099c400002cd5d099f80b3d1b07204602d526f074
:1099d400b3fe48b12146384624f0dafa0135edb237
:1099e4000028b7d1042dc3d0029b02a8196922f024
:1099f40039fe029c002ce5d1bae700bf08d4002050
:109a040044de0020d8d5002064c6002038c50020dc
:020000040000fa
:020000040101f8
:109a14002de9f0470e4688b0044602a9306821f0cb
:109a2400abfe054638b90299a36b994207d0637817
:109a3400022b2dd00225284608b0bde8f0879df8fa
:109a44000c2094f83c309a42f1d194f83f209df8d0
:109a54000f309a42ebd12378d90724d4e3784d49c7
:109a6400da074bbf41f2a70341f2a6039df80d208c
:109a74009df80e20cb5c9b1a1b0614d4227800237d
:109a840063f3c71228462270a37208b0bde8f087ba
:109a94009df80f309df80c2020461ef08bf923789a
:109aa40043f00103237004aa08231621306823f02d
:109ab400d1f940b3172821d14ff0000806af08238d
:109ac4003a461721306823f0c5f930b3172815d169
:109ad4004ff0000902a9306821f018f8824618b343
:109ae400172818d171680b78ff2b4ad00a2210313d
:109af40004f17c0024f024fa55469ce70625284608
:109b040008b0bde8f087244904a805f09ffde0b93a
:109b1400804606afd3e705468de72049384605f071
:109b240095fde0b98146d5e7b8f1000f07d1b9f149
:109b3400000f20d123786ff3000323709ee70146c2
:109b440004aa306815f09efaf1e706af3a461821e8
:109b5400306826f0c1fb58b94ff00108afe701aafd
:109b64001921306826f0b8fb10b94ff00109b1e7ac
:109b74004ff0000ab6e73a463068012115f082fa40
:109b8400d8e74ff47a71002022f044fb421c92b2d1
:109b94007168ace738c5002010ce00203cce002010
:020000040000fa
:020000040101f8
:109ba4002de9f04f446b93b0dde9209a002c00f0ce
:109bb400b7800f460546012118469b46059222f0c0
:109bc400a9ff0028c0f2aa8005f13408414658468e
:109bd40008f052ff002880f2a1800ca826f0b6feff
:109be40006a829f091f808a829f08ef80aa829f007
:109bf4008bf80b2304930b264c46dde91e2306a9a0
:109c0400284620f0bdf905f11c0306aa0ca920bbc7
:109c1400cde901a00094284626f0b4fe42460ca9e2
:109c2400d8b9384610f046fd0146b0b9384622f09e
:109c340071ffa0b9013ee0d13a4c0ca829f002fa18
:109c440006a826f075f808a826f072f80aa826f0e7
:109c54006ff8204613b0bde8f08f0446ede7dde968
:109c64001c2308a928461af0e3fba1460446002851
:109c7400e3d153464a460aa9284620f081f904460e
:109c84000028dad1059e5a463946304601f022feb4
:109c940004460028d1d108a93246084629f056facc
:109ca40004460028c9d108a90aaa084601f012fef0
:109cb40004460028c1d106a90aaa084601f00afef2
:109cc40004460028b9d106a94246084610f0f2fc21
:109cd40004460028b1d1424606a93046f6f77cfb7b
:109ce40004460028a9d108aa3146304601f0f2fd05
:109cf40004460028a1d142463146304610f0dafc31
:109d04000446002899d10146304622f003ff00287a
:109d140093d1049b013b04938ed06ce7024c98e7eb
:109d2400024c96e700b3ffff80b3ffff80b0ffff54
:020000040000fa
:020000040101f8
:109d34002de9f04f084683b00f461ef03dff39462b
:109d440081465c4824f09cff5b4b0190d3f82cb116
:109d5400bbf1000f00f0a7804ff0000a56465946a9
:109d64005448d84624f09eff00283ed15946384630
:109d740029f018f99bf810208242054641d89bf837
:109d84001240610770d5c4f3c30415461022394646
:109d9400584626f0a9ff80b3d6b19bf8128018f07c
:109da400040f46d0c8f3c308b07c43073dd5c0f3c5
:109db400c3009bf812208045c2f3800123d20029fe
:109dc40058d0c2f3c30084428cbf0024012464b180
:109dd4009bf81020aa4206d89bf8129019f0040fa1
:109de40051d0c9f3c309aa465e46dbf814b0bbf1ef
:109df400000fb4d1002e56d0b046404603b0bde8a3
:109e0400f08f4c46c2e7002938d0c2f3c308b07cb7
:109e1400410713d5c0f3c302424515d2c0f3c300b2
:109e2400844294bf00240124d1e730461ef0c4fece
:109e3400bfe758461ef0c0fe8046b5e730461ef028
:109e4400bbfe8045b07c28d89bf812406040c30715
:109e540020d45545bcd8c8d15946164824f010ff23
:109e6400019b8342c1d1b3e7584615461ef0a4feb8
:109e740004468be758461ef09ffea4e758461ef0a2
:109e84009bfe8046c3e758461ef096feaa468146ce
:109e94005e46aae704f0010499e74207bed43046bf
:109ea4001ef08afebce74ff00008404603b0bde850
:0c9eb400f08f00bf40d2002038c5002015
:020000040000fa
:020000040101f8
:109ec0002de9f04704464ff04063594e03600025ea
:109ed0004ff47a7c002200236661f0274ff6fe766d
:109ee0006420c4e906c7c4e90a232062c4e9015515
:109ef0002573e681266104f178000f4629f080f889
:109f000022464c4be56742f8803f39462346c4f869
:109f1000882084f8d150484a04f1e80027f060f91d
:109f200004f5b87023f0faff314604f5bc7024f054
:109f30003dfe424a4248c4f8885104f5ce7304f10c
:109f4000400a04f5c871c4e96612c4f8a4314ff69a
:109f5000ff78c4e963503946504604f1940921f072
:109f600041fc39464846a4f8738021f03bfc50463a
:109f7000a4f8c780a563e56324f0f0fe484624f00a
:109f8000dbfe04f5d877204625f074fc384625f032
:109f900041fc2c49384623f085ff04f5e47023f09a
:109fa000bdff04f5e87028f04bfa04f5f07023f0db
:109fb000b5ff294604f5f47024f0f8fd94f8f21189
:109fc000c4f8f85101274ff0330c41f080013220e2
:109fd000c4f80452c4f80c52c4f8185284f8f211b0
:109fe00084f8f901c4f8fc512046c4f80052c4f8c2
:109ff000085284f8f88184f8065284f80772c4f88d
:10a000001052c4f81452c4f81c520f4984f80c8240
:10a0100084f81a5284f81b72c4f8a851c4f8ac51e1
:10a0200084f80dc217f094fe2046bde8f08700bf0b
:10a030007805ffff2d2b040161330401392b040146
:0ca04000452b040152cf0020d82404015d
:020000040000fa
:020000040101f8
:10a04c002de9f043d5b013ad8846814602ae2846c3
:10a05c00174627f037fd0023404601aa0d2186f84c
:10a06c00403026f035f990bbbdf80630044673b38a
:10a07c0001a901230df10302404625f095fa31198f
:10a08c00b1429df80300a4460cd03378834211d022
:10a09c000139334604e000bf13f8012f824209d086
:10a0ac009942f9d1402c05d00134e4b206f80c00e9
:10a0bc0086f84040012101a826f000ffbdf80630cb
:10a0cc00002bd5d11cb199f80030012b59d0484642
:10a0dc00294619f029fc4146384826f08ffe814666
:10a0ec00e0b195f8fe302b449d4217d296f8408093
:10a0fc002c46b8f1000f15d117b92378052b3ad09f
:10a10c004946204624f066fb60bb204627f0e0fb66
:10a11c0095f8fe3004442b449c42ead3484655b093
:10a12c00bde8f083337821788b4206eb080018bf2a
:10a13c000df109033cd098421a4603f10103e4d017
:10a14c0012788a42f7d1002fdad10529d8d11c4bcd
:10a15c0093f8da39da07d8d54946204624f03afb89
:10a16c000028d2d0484627f02bfc4ff00009484677
:10a17c0055b0bde8f083124b93f8da39db07c4d540
:10a18c00bee73378342b06eb0401a0d001393346fb
:10a19c0004e000bf13f8012f342a98d08b42f9d178
:10a1ac00402c94d034233355013486f840408ee74c
:10a1bc00002fa5d1052ba3d1c9e700bf10c70020e4
:04a1cc0038c5002072
:020000040000fa
:020000040101f8
:10a1d0002de9f04f112b8bb00e4614461f468046da
:10a1e000b1f80a9002f1100500f087807379c3f38b
:10a1f0004103002b7fd0022b0cbf6821602100237c
:10a2000094f8250094f824208df8067000f0030cd3
:10a2100043ea0c1399fa99f94ff0600ccdf800c09d
:10a22000adf80490adf800108df80130002a5dd033
:10a2300020468df8072026f049fa60b92378ff2bd5
:10a2400009d00df1080a20686168a268e368d44665
:10a25000ace80f000fe029464046fff76bfd0346d0
:10a26000002864d059689a680068db680df1080a14
:10a27000d446ace80f0028686968aa68eb680df15d
:10a28000180cace80f00284626f04afaeb4630b12d
:10a290005a463146404614f065f9814610bb2822e3
:10a2a0005946304611f09afd8146d8b930463b46b2
:10a2b00006aa514615f09afd284626f03ffa0028d6
:10a2c00038d194f825303279c3f3001363f3451283
:10a2d00008f10c003271314628f0fcfa08f11c003c
:10a2e00024f056fb48460bb0bde8f08f10f0080f85
:10a2f00008bf40229ce7622182e7538c12482a461d
:10a30000214619f087fe00283ff470af7079c0f342
:10a31000410028f0fdf8810101f47c6141f4c04165
:10a3200049ba89b241f3072323f0300368e74ff0bd
:10a330001409d7e75a463146404616f097ff0028e1
:0ca34000bfd08146cee700bf10c7002050
:020000040000fa
:020000040101f8
:10a34c00f0b587b00646002302a801930d4623f012
:10a35c00f7fe002851d1bdf80c305bb306f11007a5
:10a36c0004a839461ef064fa049c2cb94be01ff08b
:10a37c0053f9049c002c46d0bdf8083062899a42ef
:10a38c0004a8f4d1bdf80a1063699942efd1a389ee
:10a39c00bdf80c109942ead1ab8819449142e6dc25
:10a3ac0021796a7bc1f3400102f001029142ded1b6
:10a3bc00019431e0bdf8084001ab224629463046f5
:10a3cc0010f0f2fec8b901984389a34217d8214670
:10a3dc0023f096fb88b9019cbdf80a3063611af032
:10a3ec009ffd05f10801a06101981ef001fa019989
:10a3fc002f4813f0ddfc002840d1019808b127f05c
:10a40c00dffa07b0f0bd2b4b019c93f8e4395a07e7
:10a41c002ad5002cf5d0ab882a68a18920461af0e1
:10a42c00c3ffa988019826f0b5fd019895f90b108a
:10a43c002c301cf0fbfe0198297b2e3023f030fed3
:10a44c00019c1af06dfda06101994a898b899a4291
:10a45c00d7d838461af0d0ff05f1200230460199c2
:10a46c001cf0c0fe07b0f0bd002cd4d16b7bdb0719
:10a47c00c7d530461ff0fafb019ccae70d4b01997a
:10a48c0093f8e4395c0702d40b7998070ad406f1e7
:10a49c001007384601221df0cffa0021064821f0a2
:10a4ac00cdfed1e730461ff0e1fb0199efe700bf8d
:0ca4bc008ece002038c500207cc500209a
:020000040000fa
:020000040101f8
:10a4c8002de9f84f0a9d1746002d00f0a5804ff0a2
:10a4d800000b064688469946da465c46621e4a44a0
:10a4e800002300bf12f8011f202904d10134a5421e
:10a4f8004ff00103f6d8ac421bd02a1b012a19f8e9
:10a50800040001d90d2871d00a280ed0002b69d17a
:10a51800020667d43d2860d0bbf1000f62d110f06d
:10a528007bf800285edb0af1010a0134a542d5d880
:10a538002546baf1000f6fd00af0070303eb430377
:10a548004feada0a5b000aeb4a0a0733cbeb4a0afe
:10a558000aebd303002e6ad0434568d8cdb34ff039
:10a56800000a09f1ff394d44d0465446b34610e07d
:10a57800314a22fa03f3db0709d4a40110f04cf89e
:10a5880008f10108b8f1040f44ea000413d04d455e
:10a598001dd019f8010fa0f10a03dbb2162be7d979
:10a5a8003d284fea8414e9d108f10108b8f1040ff5
:10a5b8000af1010aebd1230cbaf1010f8bf8003034
:10a5c8001ed94d450bf1010b4ff00008e1d1abeb63
:10a5d80006053d600020bde8f88f0bf1010bbbf1cb
:10a5e800020fa0d96ff02b00bde8f88f621c19f894
:10a5f80002100a2902d0002b8ed0f3e7144695e703
:10a60800230a8bf80130baf1000f09d18bf8024008
:10a61800d0460bf1030bbae700203860bde8f88f8d
:10a628000bf1020b4ff0010a4ff00008afe73b6057
:0ca638006ff02900d8e700bf09004000c7
:020000040000fa
:020000040101f8
:10a6440008b54ff40060eff7f9fa002842d140f65c
:10a654000100eff7f3fa002846d140f60200eff7c5
:10a66400edfa00284ad140f60300eff7e7fa002894
:10a674004ed140f60400eff7e1fa002852d140f63b
:10a684000500eff7dbfa002856d140f60600eff795
:10a69400d5fa00285ad140f60700eff7cffa002880
:10a6a4005ed140f60800eff7c9fa002862d140f6ff
:10a6b4000900eff7c3fa002866d140f60a00eff765
:10a6c400bdfa00286ad140f60b00eff7b7fa00286c
:10a6d4006ed108bd4ff40060eff7d3fa40f60100e5
:10a6e400eff7acfa0028b8d040f60100eff7c9fa4a
:10a6f40040f60200eff7a2fa0028b4d040f60200b8
:10a70400eff7bffa40f60300eff798fa0028b0d04d
:10a7140040f60300eff7b5fa40f60400eff78efabf
:10a724000028acd040f60400eff7abfa40f6050081
:10a73400eff784fa0028a8d040f60500eff7a1fa55
:10a7440040f60600eff77afa0028a4d040f6060097
:10a75400eff797fa40f60700eff770fa0028a0d059
:10a7640040f60700eff78dfa40f60800eff766fab7
:10a7740000289cd040f60800eff783fa40f6090061
:10a78400eff75cfa002898d040f60900eff779fa61
:10a7940040f60a00eff752fa002894d040f60a0077
:10a7a400eff76ffa40f60b00eff748fa002890d065
:0ca7b40040f60b00bde80840eff763ba68
:020000040000fa
:020000040101f8
:10a7c0002de9f0410f4684b00646012107f1100043
:10a7d00022f0a2f9002840f0a880f369002b00f0d5
:10a7e0008680736a002b00f082800146044638465a
:10a7f00022f092f90028c0f2988007f1080821465b
:10a80000404622f089f90028c0f28f80351d294684
:10a81000384608f033f9002880f287802946404600
:10a8200008f02cf9002880f28080684628f06efa43
:10a8300002a828f06bfa42464146684601f04cf8ff
:10a84000044648b1684625f075fa02a825f072fa68
:10a85000204604b0bde8f081b36c002b4cd0bdf9ac
:10a860000430002b59db684628f06efcf36bb0eb2c
:10a87000430f58d8b36c6846984704460028e1d186
:10a88000bdf9043000218b42684616da22f044f903
:10a890002a46694688b1684628f05afc04460028d2
:10a8a000d0d1bdf9043000218b426846eedb04e0d4
:10a8b00009f038f904460028c4d12946684608f052
:10a8c000ddf800282a4669466846f1da3a463046fd
:10a8d00002a9fbf7d7f904460028b3d102a96846bc
:10a8e00008f0ccf8124b041e18bf1c46aae7114c06
:10a8f000204604b0bde8f0812a46694668460ff05c
:10a90000dbfe044600289dd13a46304602a9fbf7fb
:10a91000b9f90446002895d1e0e70021684622f005
:10a92000fbf800289fd0034c8ce7014c90e700bf58
:08a9300080b3ffff80b0ffffc0
:020000040000fa
:020000040101f8
:10a938002de9f04f0c4683b00e2192469b46814686
:10a9480011f068fc002800f09980dff8548100219c
:10a95800b8f8162d064626f077fa074630b1304685
:10a9680027f030f8384603b0bde8f08f30461cf0c9
:10a97800f3fb07460028f2d194f820502544a5425d
:10a9880000f08480019000bf14f8011b08295bd0f7
:10a9980033d913294bd026d91b293dd055290cd1a1
:10a9a8003e4826f095fb40b1d8f8282d002a6ad0f9
:10a9b8005521304626f054fae8b9a542e4d1594663
:10a9c80030460af0fff90446a8b9019b002bc9d00c
:10a9d800484613f0effe0028c4d048462146fcf74d
:10a9e80075ff2746bee71129e7d10122304626f038
:10a9f8001ffa0028e1d00746b1e7042934d0052919
:10aa08002bd00229d9d1d9f81c20304626f028fab3
:10aa18000028d2d00746a2e798f80b3d1b07ccd4f4
:10aa2800304627f0bff80028c7d0074697e799f8bf
:10aa380003309a07c1d401213046fef71fff0028d2
:10aa4800d9d101230193b8e7d8f89429304626f0e4
:10aa580007fa0028b1d0074681e7304625f094fe72
:10aa68000028aad007467ae79af8083052463046b6
:10aa780018f080fe0028a0d0074670e70327384664
:10aa880003b0bde8f08fd8f8242d91e75946304639
:10aa98000af098f900283ff465aface71ccf002016
:04aaa80038c500208d
:020000040000fa
:020000040101f8
:10aaac00f8b5c369002b75d0056e836deb1ac3f531
:10aabc006c7301338b4270d303685a790446c06fb0
:10aacc00012a0e46034626d081420fd860e0236847
:10aadc002a469b6fb84700281bd01bdba84255d8d1
:10aaec00e36f1844b042e067034651d2626d351ae9
:10aafc0022b1e06c904702287cd0e36f216ed4e940
:10ab0c0008701944002fe2d1e3692a4698470028bf
:10ab1c00e3d13b48f8bdd4f88410002932d08142ef
:10ab2c0034d8421ae2672abbc4f88420002e2fd0f6
:10ab3c00636d1bb1e06c9847022833d0216ea26d77
:10ab4c0063688a1ac2f56c721a2b02f1010226dcb8
:10ab5c00a36bd3f86832d4e90850002d4cd0a84729
:10ab6c000028d6d010f5d04f1cd00028d2dbe067df
:10ab7c000020f8bd294428461df036fd0023e06f67
:10ab8c00c4f88430864203d90028d1d01d48f8bdc2
:10ab9c000020f8bd036a002b86d11b48f8bd236842
:10abac009b6fd8e7236d1bb100221146e06c9847d0
:10abbc0063681b2b1ed0a16b2068d1f86832d0f8cb
:10abcc008020934216d2c06f83421cbf4ff4fe709c
:10abdc00a1f888025800834202d8824228bf02465c
:10abec00c1f868222046fcf7f3f9084b002808bf8f
:10abfc001846f8bd0648f8bde3699847b0e700bfb2
:10ac0c00808dffff0094ffff008fffff0097ffff79
:04ac1c000098ffff9e
:020000040000fa
:020000040101f8
:10ac20002de9f04f8fb01746009003a801919a4686
:10ac300028f084f8092025f017ff002800f0a280f2
:10ac4000814628f091fa0546384626f0b1fd189b5a
:10ac5000184446193146012028f07cf804460028a3
:10ac600000f08780384626f0a3fd04eb050b39463b
:10ac700002468046584626f047f805eb0800514644
:10ac8000189a204426f040f84946012203a817f0fc
:10ac9000d1ff074698b10df1180903a81ef04efa2e
:10aca0003146204627f008f94846202127f004f9cc
:10acb000204628f055f838460fb0bde8f08fdde9a2
:10acc000001203a801f0b8fc07460028e3d1189b46
:10acd00098445946424603a824f04ef907460028f6
:10ace000d9d1214603a817f0d5ff07460028d2d1b5
:10acf0001a9b002bcfd01a9f82460df1180983466c
:10ad000003a820f0abff00283ad105eb080221464a
:10ad100003a824f031f998bb494603a817f0bafffd
:10ad200070bb03a820f09aff50bb2a46214603a817
:10ad300024f022f920bb214603a817f0abfff8b995
:10ad400005eb0a0087422ebf2a46b7fbf5f205fb4a
:10ad500012724ab1199b53441a44494611f801cb67
:10ad600003f801cb9342f9d187428246c8d85f46a7
:10ad700093e703a81ef0e2f9034f0df1180993e7da
:10ad800007468ae7014f96e70081ffff0094ffff27
:020000040000fa
:020000040101f8
:10ad90002de9f0410c68248814f0080482b003d136
:10ada000204602b0bde8f0810c4605460df10101d8
:10adb00020461f46164624f01dfc9df80130052b49
:10adc0000fd101a9204624f035fc0df102012046e7
:10add00024f020fc9df80220082a3dd0102a35d00e
:10ade00022b10824204602b0bde8f0819046404ad6
:10adf0003146204605f0bafc04460028f1d19df802
:10ae00000230082bccd1bb7f03f00f03072bc7d137
:10ae1000bb69434507d038610146c7f8188007f180
:10ae20000c0028f077fa019b7a693248013393428b
:10ae300088bf7b61fb60d0f86c399845b0d941463a
:10ae400000f65c10032213f06dfda9e72a4905f511
:10ae500029724ff00008cce7002fc2d00df103019a
:10ae600020461ff079fc234a9df80330d2f86c8904
:10ae7000013bdbb208f07f0293428df8033026d00d
:10ae800008f1ff3202f07f018b4227d008f1010860
:10ae900008f07f029342a4d1424605f128002146e2
:10aea00023f088fd0246bb7f03f00f03072b01d080
:10aeb00031469ee7bb69434593d8f9d1019bf968b8
:10aec000581c814212d099428bd8314691e705f146
:10aed0002800214628f04cf80246e4e705f1280056
:10aee0002146904623f066fd0246dce71d2457e725
:0caef000fcce002038c50020380504010d
:020000040000fa
:020000040101f8
:10aefc00f8b590f87a30c66f043b012b75d9002356
:10af0c000d460446c0e90533002e00f09d80dff8a5
:10af1c0048c132460ce0d07d1162bb4238bf3b4683
:10af2c0003281ad005281dd0012816d0d2695ab38f
:10af3c00116ae769536a206a31f0004118bf0f4665
:10af4c00002b08bf0346674528bf67466345e2d917
:10af5c00d07d116203286346e4d1616909b1b9421d
:10af6c0070d16761a16909b199426cd1a361dde728
:10af7c002a4631462046f7f7edfc002834d1637899
:10af8c009a0642d4f6695eb1f37d062b3146204613
:10af9c00f8d012f089ff0028ead1f669002ef3d11f
:10afac0063789b0631d4e66f002e2ed0022701e089
:10afbc00f66956b3f37d062bfad13146204612f0d2
:10afcc0073ff0028f4d03146204620f0b3fa314606
:10afdc002a460028ecd0f37d022b18bff7752046cb
:10afec00f7f7b8fc0028e3d0f8bd36b1336a43f06c
:10affc0000433362f669002ef8d142780023d10663
:10b00c0043611bd583610020f8bdd4e90513e269c7
:10b01c00114d206a002918bf0a46aa4228bf2a46a9
:10b02c00002b08bf03460c498b4228bf0b469a42a3
:10b03c0028bf1a46c4e905230020f8bd036a8361c2
:10b04c000020e1e7fee7fee7c2690349036a8a4292
:0cb05c0028bf0a46e7e700bf9ac42000a6
:020000040000fa
:020000040101f8
:10b06800f0b500f12c06afb00023044630460c932f
:10b078008df8b73026f05afd05460c98854203d066
:10b0880008b126f09ffc0c95002d6bd00ca920462a
:10b0980008f0b2fa054608bb0c9f7b893033b3f53c
:10b0a800a06f0ed3637843f02003014663703846df
:10b0b80022f028fd0ca9204608f09efa054668b93a
:10b0c8000c9f2622002102a827f032f802aa39464e
:10b0d800304627f081f90546002845d02278637864
:10b0e800052a6ff3451363701cbf0523237063782b
:10b0f80003f00f02072a27d94ff4fa71a06804f168
:10b10800800620f0adf80146304621f0f9fea3682c
:10b1180029482a492a4a666ea0fb0303db0803eb89
:10b1280003138b4288bf1346a3603eb1a36e0093fe
:10b1380028460023e26f04f17001b0470c9808b16b
:10b1480026f040fc2fb0f0bd013262f303036370b8
:10b158000a21fa2020f084f8014604f1800021f049
:10b16800cffeebe70325b9e70c90012215492046ed
:10b178000df0d2fd638800b1a3800133638019f01c
:10b18800d1fe6378e0606ff3030363702046032108
:10b1980021f0eaff0c4890f80b3d1b07ced400f6cf
:10b1a800e8400b211bf076f8c8e70c9808b126f0a8
:10b1b80009fc27f055fe00bfcdcccccc7fee360085
:0cb1c80080ee3600bcfd020138c50020fe
:020000040000fa
:020000040101f8
:10b1d400f0b587b00c46054601aa0868002123f0a3
:10b1e40021fb30b9236923b19b7f03f00f03072ba5
:10b1f40001d007b0f0bd2b79052bfad10df1060271
:10b204000a21206823f00efb0028f2d1bdf8043097
:10b21400bdf806209b0ab3eb922fead102a920685d
:10b2240020f0aafa0028e4d104aa0c21206825f011
:10b2340053f80028ddd1082304aa1621206821f040
:10b2440009fe00285bd01728d3d16b79032b6cd06f
:10b25400082304aa1721206821f0fcfd002858d0f7
:10b264001728c6d1334817f0e3f9284614f02cfe0a
:10b274009df80f309df80c20029928461cf09afd89
:10b2840005f19400034605f14002844605f1c40e1d
:10b294001f685e689968d868d0601033734517607a
:10b2a4005660916002f11002f2d1196811601b79a5
:10b2b40013716046204e23f03dfdb5f87330a6f8b7
:10b2c4008c3abdf804302068a5f85c3002a91ff060
:10b2d4001dfc2846bdf806100cf000faed7815f0b8
:10b2e40008051cd1294606f6e84022f0c1fc29468f
:10b2f40006f698401ff05efc0223237579e70146a9
:10b3040004aa206813f0befe17289ed000289cd003
:10b314006fe704aa0121206813f0b4fea5e706f63e
:10b32400984001211ff046fce6e7024817f080f937
:0cb334008ee700bf2cce002038c50020a2
:020000040000fa
:020000040101f8
:10b34000f0b590f8a06091b00023cde90b33cde9c2
:10b350000d33adf83c30002e44d0037801ad13b16d
:10b36000f31e022b3ed8002319460baa0193044674
:10b37000c5e90133eb602b8205f08afc00285dd122
:10b3800094f8a030032b1cbf032384f8a0300df1e8
:10b390002c0cbce80f002f460fc7dcf800303b80b8
:10b3a0000027237853b1b4f84e20bdf814309a42e8
:10b3b00026d000220121204613f04cf9284625f022
:10b3c00085f938b9013e042e13d8dfe806f02a24a7
:10b3d0000d0d0d0094f8a030033b022b02d8022380
:10b3e00084f8a03011b0f0bd032104f124001df059
:10b3f000c5fb29462046012211f00cfc11b0f0bd1e
:10b400001022294604f13e0025f070fc0028d0d11e
:10b41000002fced1e6e7022104f124001df0aefb9f
:10b42000e7e7d4f8942004f18c039a4204f1240055
:10b4300014bf002101211df0a1fbdae706af394658
:10b44000184808f0b9f9a0b997e80f0094f8a0706f
:10b4500085e80f00042f4ff03503adf814309df848
:10b46000283016d0042284f8a13084f8a0200127c7
:10b4700097e70baa0121204605f00afc38b994f899
:10b48000a030052b83d0052384f8a0307fe7002768
:10b4900087e794f8a1209a42f9d084f8a1300127d7
:08b4a0007fe700bf00d7002088
:020000040000fa
:020000040101f8
:10b4a8002de9f043044685b000f12408019124f009
:10b4b8007dfda36bdff84c9100273e46002b42d15f
:10b4c800019d002d7ad0002e59d026f0a5fd27f039
:10b4d80003f924f06bfd94f84430ff2b04bf0023dc
:10b4e80084f8443094f84530ff2b04bf002384f8d7
:10b4f800453026f091fd01a902a811f0abf800280b
:10b5080030d124f053fda36b002b3cd126f084fdf1
:10b518002368002b59d00199404624f057fd204656
:10b528000df0baff00f0e0fb38b94ff08053c9f8ce
:10b538000030bff34f8fbff36f8f012624f036fd25
:10b54800a36b002bbcd02268013ba363002a54d014
:10b558002369002b42d126f05ffd0127384605b04c
:10b56800bde8f08320460df097ff00f0bdfb24f006
:10b578001dfda36b83b126f04ffd0126dee702a86f
:10b5880026f0caf8a1e726f047fd20460df084ff13
:10b59800012600f0a9fbd1e726f03efd1fb9384689
:10b5a80005b0bde8f08324f001fd616a19b1236b91
:10b5b8001968c1f10501a0680cf088ff26f02cfd80
:10b5c8000027384605b0bde8f08324f0effca068fa
:10b5d8000af048ff074626f01ffd9ce704f110001b
:10b5e80006f0caf90028b6d0064b4ff080521a6010
:10b5f800bff34f8fbff36f8fade726f035fda06027
:08b60800a6e700bf04ed00e01d
:020000040000fa
:020000040101f8
:10b610002de9f0470e4698b0002489890694074624
:10b6200091469846304602aa0c23cde90244cde962
:10b630000444adf81c40adf8061025f0bdfc0446ee
:10b64000002843d1bdf806209df80a300c32adf831
:10b650000620da093ed0c3f3c30503f002031d43fd
:10b6600038d1bdf8081049ba89b238461df066fadb
:10b67000c9f80000002876d0402308aa294625f002
:10b680009bfcdff8eca09df82020bdf80c30d9f829
:10b690000010069152445bba127e05959bb2402180
:10b6a0009a42adf81c101ad09df80b2012075cd0fe
:10b6b000002b5ad10df10609bdf80e2052ba92b2f4
:10b6c000494630461bf098fc044618b3204618b093
:10b6d000bde8f0870224204618b0bde8f0870df1e0
:10b6e000060962b9e8e700bf9df82020bdf80630e2
:10b6f00052440433127eadf806308a42dcd9494602
:10b7000005aa304623f02efa01350446e9b2002896
:10b71000ead0dbe7bdf8102052ba92b24946304673
:10b720001bf06afc04460028d0d1bdf8122052baa2
:10b730004946304692b21bf05ffc04460028c5d152
:10b740009df80b0000f00f0026f05afe88f800006c
:10b750000028bbd19df82030032bb7d138460ca967
:10b7600015f0b8fdb2e71724b0e70624aee700bf36
:04b77000686f0301fa
:020000040000fa
:020000040101f8
:10b774002de9f0410e4684b03a21044626f0e4fc5b
:10b7840000286fd023784ff0ff370025b4460020ff
:10b79400024600bfa3f13001c9b203f0df06092954
:10b7a400a6f1410e05d9bef1050f20d8a6f1370147
:10b7b400c9b2013041ea0212042892b214f8013fde
:10b7c400e8d152ba2df815200deb45016a1c002b67
:10b7d4005ed02e2b51d03a2b52d13d46072a04f18c
:10b7e400010163782f461bdc0c461546cfe7002881
:10b7f400e7d1013744d13a2b42d163783db93a2b92
:10b804003ed1a378002b5ad002342f46bfe7002b39
:10b814004cd02a46072a04f1010163782f46e3dd60
:10b8240066466bbb7b1c2fd0062a29dc6c46c2f112
:10b834000805d21b04eb470806d0781904eb400036
:10b84400520041461cf0d4fe6a004046002126f016
:10b8540071fc0fcc306010207160b260f36004b0f2
:10b86400bde8f0813146204615f090fb00280cbf5e
:10b874000420002004b0bde8f081062a664609ddf4
:10b88400002004b0bde8f081082af9d16c46e0e755
:10b894006646c7e7a4f1040c14f8013c3a2b04f102
:10b8a400ff300ed060450446f6d1bae7062d664651
:10b8b400e6dc6c4604eb4508c5f10805c4e76646ba
:10b8c400f7e7204615f062fb10b123782a46a8e773
:04b8d400aa1ca7e71c
:020000040000fa
:020000040101f8
:10b8d8002de9f047064686b0002001238e429046a7
:10b8e8000290cde90330059300f08a8046450f4663
:10b8f80000f09080fc887cb104f18042013a3b68fa
:10b9080053f8221003eb820321b156e053f8042dbb
:10b91800002a52d1013cf9d1b8f80650002d5ad06e
:10b9280000244ff0010905f18042013ad8f80030af
:10b9380053f8221003eb820321b13ce053f8042da5
:10b94800002a38d1013df9d121464ff0010942f2d0
:10b958001073994268d8f388994235d80021304647
:10b968001ef0a2fb824680b9d8f8003039680095ed
:10b97800224630681bf0c4fdb9f1000f3bd1bb88eb
:10b98800b8f8042013fb02f3b380049820b1bdf883
:10b998001610890024f04afa029800220123cde902
:10b9a800042320b1bdf80e10890024f03ffa504658
:10b9b80006b0bde8f0872919c9e7b8f80650002d88
:10b9c800c2d04ff00009aee730461ff025fa824694
:10b9d8000028c3d0d9e7294630461ef065fb8246c9
:10b9e8000028d2d1d8f8003039683068cdf800a0e6
:10b9f80052461bf085fd0123b3804ff0000ac4e7cf
:10ba080002a80ef0f5f882460028bed1464502afde
:10ba18007ff470af04a831460ef0eaf88246002899
:10ba2800b3d10df1100865e76ff00f0aade700bf5d
:020000040000fa
:020000040101f8
:10ba380070b588b0002314688df810308df81c306c
:10ba4800238813f0080400f0818003f44053b3f511
:10ba5800005f02d0082008b070bd064610460d46ab
:10ba6800144622f077f80028f4d16946204623f0de
:10ba7800bdfd9df80030052becd10df103012046ea
:10ba880023f0c4fd9df80330082be3d10df101012b
:10ba980028461ef05dfe0df1020120461ef058fefc
:10baa8009df801209df802309a42d3d101a9204681
:10bab80023f0bcfd02a920461cf0dcfe9df81030e6
:10bac800002b46d0012202a92e4827f051fc05463a
:10bad8009df81030022b4cd0002dbbd02868696827
:10bae80002ab03c302228df81020274a9df80230ca
:10baf800d2f86c29013bdbb202f07f018b428df852
:10bb0800023039d0511e01f07f018b4237d001320b
:10bb180002f07f0293429dd106f17402ab7f03f0dd
:10bb28000f03072b03d101996b69994292d302a99c
:10bb3800204604f017fe00288dd1ab7f03f00f03d9
:10bb4800072b88d1019b01336b6184e7204608b03d
:10bb580070bd284605a91bf0e3f89df81c30002ba2
:10bb68003ff478af05a90122064827f001fc0546f5
:10bb7800aee7002db9d16de706f16402cee706f114
:0cbb88005402cbe7b8d2002038c50020e2
:020000040000fa
:020000040101f8
:10bb940070b590b00e46044602a826f06ffe282326
:10bba40002a906aa304623f003fd02a8282125f0a5
:10bbb40089f99df81e301bb10025284610b070bdd0
:10bbc40020466b4602aa31461df074fe0446002846
:10bbd40045d1bdf80a3073b9eee7002c18bf032431
:10bbe40001a826f01bfc014602a825f06bf9bdf85c
:10bbf4000a30002b37d002aa314601a81cf052f8b3
:10bc040005460028d9d19df80430012be8d96d2bc5
:10bc1400e3d1002c3fd1029b039301a826f0fefb45
:10bc2400014603a826f030fe01a826f0f7fb0628fb
:10bc340031d8bdf80c302a2b0bd0bdf80840bdf824
:10bc44000a2014440833a4b2e41ab4fa84f464094c
:10bc5400c6e79df80120002aefd10224c0e705467b
:10bc6400284610b070bd14f0ff0fa6d0022c14d9d2
:10bc7400032ca2d19df80e1004a825f0d3fa04a831
:10bc8400bdf80c4026f0cafb04aa03462146304600
:10bc940019f08efb91e706258fe7bdf808100839e7
:10bca40089b2082230461df0d9fc022c11d19df82e
:10bcb40000308df81e30bdf81c4064ba083c64baec
:10bcc40006aa304628230021adf81c4019f070fb69
:10bcd40073e79df801406a46013c0223282130465f
:0cbce4008df8014019f064fbe5e700bf9b
:020000040000fa
:020000040101f8
:10bcf0002de9f04b24f05ef9494b1a68013a1a60bd
:10bd00001b68002b73d1474a1268002a6fd0dff8f6
:10bd10003081dff83091dff830c14ff0010b00bf08
:10bd2000d8f80020002a4ad0d8f80c30db68d9694e
:10bd3000186a9a6a88601d6a5468696003f118017c
:10bd40008c42116808bf5060013900209862116070
:10bd50005869d9f800604468d3e902121d1dac424d
:10bd60008a60516008bf4260da6a02eb82040ceb21
:10bd700084070bfa02fe4eea060e06687968c9f8d7
:10bd800000e0013ed1f808e006602748c3f80ce067
:10bd900006685cf82400f66ad1f808e09960013082
:10bda000b242cef804508d605f614cf82400b7d9e0
:10bdb0001e4ac2f800b0d8f80020002ab4d13bb126
:10bdc0001b4b1b681b6843bb1a4b4ff0ff321a60ba
:10bdd000194e346844b10125fcf76cfc08b1134bd3
:10bde0001d60013cf8d13460104b1b682bb9002456
:10bdf00026f016f92046bde8f08b0b4a0f4b12686f
:10be00004ff080521a60bff34f8fbff36f8f012442
:10be100026f006f92046bde8f08b25f075fcd7e743
:10be20009c0001209400012088000120c000012016
:10be30008c000120ac000120b400012004ed00e0e2
:0cbe4000ecfe0020a4000120bcfb002050
:020000040000fa
:020000040101f8
:10be4c002de9f04f4ff40074adf5077d00250e463b
:10be5c0080462946174606a8224699468df8155065
:10be6c0026f064f930461b21adf8164008f0a8f90d
:10be7c00044620b120460df5077dbde8f08f1b214f
:10be8c00384608f09df904460028f3d106f1310339
:10be9c0023f001031b7e73b307f1310525f0010577
:10beac00687e26f0a5fcb0f5007fadf8160005d92c
:10bebc00032420460df5077dbde8f08f909b687e2e
:10becc00d3f828b0d3f83ca026f092fc6a690df1a7
:10bedc001503009302fb00020df11603584606a948
:10beec00d047b8b9687e26f083fcbdf81630834283
:10befc0012d90724bee7314640461ff095f9909bb6
:10bf0c005d6a002db6d090984a4639462346806a21
:10bf1c00a847afe70446ade71c49404623f024fa96
:10bf2c0005460028c4d0cde900079df815203346fe
:10bf3c000121404603f032f818bb28461af0eaf803
:10bf4c00f8b9bdf8162006a9284621f045f8c0b965
:10bf5c00314640461ff068f9909b909a90999b6be4
:10bf6c00d26b896a0393909b5b6a0292cde9003194
:10bf7c004a464046064b2946f7f7c8fc00283ff4d2
:10bf8c0079af0446284625f01bfd73e71c1a040103
:04bf9c00202f04014d
:020000040000fa
:020000040101f8
:10bfa0002de9f04389b00f460026114404461d4692
:10bfb00003aa04a830230497cde90566079622f06a
:10bfc000c9f920b1a0f5745009b0bde8f083dde9ee
:10bfd00003361e44314602aa04a827f0a1f800281f
:10bfe000f0d1029b012b73d1042303aa314604a88c
:10bff00022f0b0f90028e5d1dde9038707eb08035b
:10c00000b34204930ad0a02303aa314604a822f025
:10c01000a1f9002839d010f1620fd3d14246394638
:10c0200020461df037ff0028ced1049bb34209d033
:10c030003146a12303aa04a822f08cf958b110f1cb
:10c04000620fbfd1109b009342462b4639462046d3
:10c0500023f0d0fdb8e7dde903361e4403aa04a8a7
:10c0600031461cf0c9f80028acd1dde903310b449e
:10c070009e4231d1721a204622f000ff0028a3d040
:10c0800010f59d4fded016489ee7dde90332002b08
:10c0900002eb030922dd13780593062b1ad106aab9
:10c0a000494604a822f056f968b9049b069a0793fa
:10c0b0001344994504930fd1214605a81ff096fc1f
:10c0c0000028abd080e7b0f574507ff47daff3e784
:10c0d000044879e7044877e7044875e7044873e7bc
:10c0e00000c3ffff80c2ffff9ec2ffff9ac2ffff97
:04c0f000a0c2ffffec
:020000040000fa
:020000040101f8
:10c0f4002de9f04188b0002a00f08f800c4602f14f
:10c10400ff38054605a81e46174626f0dffd14f83d
:10c11400083073b1109b00933a460f9b2146284682
:10c1240005f0aafc002833d10026304608b0bde84b
:10c13400f0810e9b3c4a3d49cde9006304ab029378
:10c1440005a8234603f09afb064600283dd010f5c7
:10c154009c5f64d010f5985f63d010f5845fe4d1e0
:10c1640014f80830002bd5d104aacde9013200938c
:10c174002f4a3049234605a803f080fb06460028d1
:10c184003fd010f5845fc5d0304608b0bde8f081db
:10c19400284623f0adfd284626f0d0ff022025f0e6
:10c1a400b5f90146284620f09dfc48b9109b009340
:10c1b4003a4621460f9b2846fff7f0fe0028b3d0ed
:10c1c400284623f095fd1c4eafe7022025f09ef98a
:10c1d4000146284620f086fc064630b1284623f066
:10c1e40087fd05a823f064fd9fe7109b0093dde91c
:10c1f40005120f9b2846fff7d1fe06460028f0d013
:10c20400ece7109b0093dde905120f9b284605f02f
:10c2140033fc06460028e4d0e0e7074e85e7074ee6
:10c2240083e7074e81e700bf9ce90201bce90201f4
:10c23400dce90201f8e9020100c3ffff80c4ffff4b
:04c2440000c4ffff34
:020000040000fa
:020000040101f8
:10c2480080b582b000af78600b46fb70fb7803f0d6
:10c258000303dab2494b1a70484b1b78002b09d0fc
:10c26800464b1b78fa78d31adbb20433dab2444b64
:10c278001a7002e0424afb781370424b424a1a6035
:10c28800424b00221a706ee0404b1b781946fb782f
:10c298003a4a12789b1a994222d03c4b1b781a468c
:10c2a8007b6813441b781946384b1b7801337a682e
:10c2b80013441b781b0241ea0302344b1b780233f8
:10c2c80079680b441b781b041a43304b1b780333e3
:10c2d80079680b441b781b0613432d4a13602fe023
:10c2e8002b4b00221a60254b1b78002b08d0274bbc
:10c2f8001b781a467b6813441b781a46244b1a602d
:10c308001e4b1b78012b0bd9204b1b7801337a6805
:10c3180013441b781a021e4b1b6813431c4a1360f4
:10c32800164b1b78022b0bd9184b1b7802337a68f3
:10c3380013441b781a04164b1b681343144a1360e2
:10c34800104b1a68124b1b681946104627f088f8dc
:10c358000e4b1b780433dab20c4b1a70094b1b686e
:10c368000433084a1360094b1a78054b1b789a4224
:10c378008ad300bf0837bd4680bd00bf2201012017
:10c3880023010120e80001200001014124010120ce
:04c39800ec00012094
:020000040000fa
:020000040101f8
:10c39c002de9f047044623f007fe3f4a3f4e136851
:10c3ac00013313603368002b45d03d4fe56a3b6881
:10c3bc00002b3ad0dff8f080dff818e1dff818c175
:10c3cc0005eb8502920008eb020958f802a0d9f897
:10c3dc000410a1608b68e3608b68201d58600af123
:10c3ec0001038860def80010dcf80000c4f814903b
:10c3fc0048f802300123ab4003430131ccf8003044
:10c40c00cef8001025f006fe3b6863b13268e36a93
:10c41c00d26a9a4207d2234b4ff080521a60bff374
:10c42c004f8fbff36f8fbde8f0873368db6aab4289
:10c43c0098bf3460bee734601368012b02d0e56a04
:10c44c00174fb7e71848dff89480184d144f25f0b4
:10c45c006df9174825f06af9164825f067f9164862
:10c46c0025f064f9154825f061f9404625f05ef990
:10c47c00284625f05bf9124825f058f9114825f0ab
:10c48c0055f9114825f052f9104a114bc2f80080a9
:10c49c001d60e56a8ee700bf940001208800012032
:10c4ac00b800012004ed00e0bcfb0020d8fe002009
:10c4bc00d0fb0020e4fb0020f8fb00200cfc00204b
:10c4cc00ecfe002014ff002000ff00208c00012057
:10c4dc0090000120a0000120a4000120c4fe002037
:020000040000fa
:020000040101f8
:10c4ec0070b50546adf5627d00f1c8066b78dc1eb3
:10c4fc00012c01a94ff4617230462ed8032b65d064
:10c50c00fcf780fa041e36dc14f5d54f45d027dc39
:10c51c0014f5ef4f58d014f5e34f0dd014f5f14f3f
:10c52c0068d0d5f8cc301b2b37d0022130462822ce
:10c53c001cf0defd042109e0d5f8cc301b2b2cd0ef
:10c54c000221304614221cf0d3fd04216b78033bee
:10c55c00012b02d828461df06df90df5627d70bdda
:10c56c0014f5d14ff9d0002cf7d014f5d24fd8d107
:10c57c000df5627d70bdd5f8b430a2b201a9002bc7
:10c58c00b4d0d5f8b8009847b0e714f5d14fe4d043
:10c59c00002ce2d014f5d24fdfd0304626f07efdd1
:10c5ac00ab78002bd9d130466a7905f170011df0ba
:10c5bc0001fdd2e714f5e34fefd0e6dc14f5f14fb3
:10c5cc0018d014f5ef4fe8d10421bfe71df010fd92
:10c5dc00d5f8cc301b2b04460ed010f5d54fdcd043
:10c5ec0019dc10f5ef4fefd010f5e34fa8d010f594
:10c5fc00f14f98d10121a9e76b78042b1cbf0423c0
:10c60c006b70d5f8ac3000202871002bd2d0d5f847
:10c61c00b010984778e710f5d14f9ed000289cd0e9
:0cc62c0010f5d24f7ff47faf97e700bffe
:020000040000fa
:020000040101f8
:10c638002de9f04389b0002800f099800368002ba9
:10c6480000f09580d0f80890b9f1000f00f08f80c5
:10c658009d7895420e46144607465cd3e8462a461e
:10c668003621484625f064fd3b684d4428469a78b3
:10c678005c2125f05dfd032c71d90423a9f1040c7c
:10c68800ae4600e00346f1185cf8035051f8042c5c
:10c69800181d6a4084424cf80320f3d29c42754628
:10c6a8000ed9ac4609eb0300027811f8015b01339f
:10c6b8006a409c4200f8012bf6d8032c654653d9f2
:10c6c8000423a5f1040cae4600e00346f2185cf81a
:10c6d800035052f8041c181d694084424cf803109a
:10c6e800f3d29c42754609d91d44297812f8010bea
:10c6f800013341409c4205f8011bf6d8384621f029
:10c708004dfe054660b93b6849469a78384624f09c
:10c71800b5f9054604e021f041fe054640b1e8467a
:10c728004046202125f0c4fb284609b0bde8f08327
:10c7380022463146384624f0a1f9e8460546002845
:10c74800eed14146384624f0a7f905460028e7d13e
:10c758003b68d7f808905c789d7846467fe7002cc0
:10c76800ccd0002331469ce732460023bce7014d7c
:08c77800dae700bf00afffff8c
:020000040000fa
:020000040101f8
:10c7800038b500f087fa374b374d1868374c4ff201
:10c79000d02320f49f7020f001001b6840f01100ae
:10c7a000984720f001fa11f0bbfc26f033fe1cf094
:10c7b000c5fd1cf0a3fd1bf085fd22f07bfd0220d2
:10c7c000ebf7f2ff2a4b2b4a2b491960116e2b48cd
:10c7d000586021f440711166116e2948986041f447
:10c7e00080711166274add601a6127492748284d64
:10c7f000284a59619861dd611a6227492748284d06
:10c80000284a59629862dd621a632749274a2848f4
:10c81000284d5963986300210d20c3e90f520ff092
:10c8200061ff254900200af065f9002314222060e9
:10c830000121224815f0f6f807f09af82049002067
:10c8400019f008fb00216060084624f085fe0222f2
:10c8500080211c4824f06af924f01efabde8384013
:10c8600013f00cbe00240144811f04012810002095
:10c8700030100020003e014431160401512604010d
:10c88000251a0301490b0401bd920301951f040100
:10c890002d0b04011916040119a20301591f0401eb
:10c8a0006d1f0401451f0401e91504011134040141
:10c8b000011604010d340401e831040120100020a8
:08c8c000082e040124100020e1
:020000040000fa
:020000040101f8
:10c8c80070b505468eb0494822f0eef8484822f087
:10c8d800ebf8484821f022fc2422002104a825f086
:10c8e80027fc022404aa262303214348adf8344038
:10c8f80021f0ccff08b10eb070bd404e059904463a
:10c90800224606f65c1012f009f8dde906312246e7
:10c91800c6f8943906f65c1023f0e8f89df8113053
:10c92800bdf8342023f0020343f00403052aeb701a
:10c93800e1d19df81030ab70023b022bdbd8bdf87b
:10c948001210c1f30803c3b909a92d4824f0f0fb5c
:10c958000bab03cbbdf81230c5f8d0014ff6fe7211
:10c968009342c5f8d411c6d0c3f308036bb92b782a
:10c9780043f004032b700eb070bd06f5216026f05d
:10c9880017f8bdf81230eb81dee7002001ac022673
:10c99800cde9010022460a2304211748adf80c60ae
:10c9a80021f074ff0028a6d105f14006304622f098
:10c9b800d1f994e8030086e80300bdf8123095f831
:10c9c8005e20bdf80c10a5f8601003f47c4342f01b
:10c9d800f002a5f85c30304685f85e2001211ef093
:10c9e800cbf8b5f85c302b82c1e700bf00ce002041
:10c9f8002cce002018de00208cc5002038c5002071
:04ca080048cf0020f3
:020000040000fa
:020000040101f8
:10ca0c002de9f043846d00f15005a54289b002d0a8
:10ca1c001c78812c02d009b0bde8f0839c88b0f85a
:10ca2c004c6064baa4b2a642f5d189461c460423d4
:10ca3c00164680460deb03028989484624f0b6fa67
:10ca4c000028e8d13346019f53f8100f59689a68b3
:10ca5c00db683fba0df1080cace80f00019718f039
:10ca6c005ffa019ab9f80ac096f82410e7888df895
:10ca7c001e104ff6fe73801ab9f80c20b8f8461049
:10ca8c00b8f83e60984288bf4ff6ff73aceb020ccf
:10ca9c00d8f84020adf81ac08cbf184683b21044a9
:10caac00b8f84420adf81830994238bf1946934273
:10cabc0028bf134698f84820c8f840007fba0136c2
:10cacc00adf81c70a8f83e60a8f84610a8f84430e1
:10cadc0002b3d8f82030002b9dd002a8d8f828102b
:10caec00984798f84830002b95d1b8f82e30002b89
:10cafc0091d1e288b8f84e1052ba92b28a428ad1d9
:10cb0c00d8f82430002b86d0d8f8281008f13c0037
:10cb1c00984780e7b8f82e30002bdad1e288b8f8c5
:10cb2c004e1053ba9bb28b4204d0d8f82030002b55
:10cb3c00d3d1e1e7284624f025ffd8f82030002b8c
:04cb4c00cbd1cee794
:020000040000fa
:020000040101f8
:10cb50002de9f04192b004460ca898460d461746c0
:10cb600023f0f6fe04a826f0d1f806a826f0cef8a9
:10cb700008a826f0cbf80aa826f0c8f8636b002bab
:10cb800000f08280012118981ff0c6ff002807db03
:10cb900004f134063146189805f070ff002813dbc5
:10cba0003a4d0ca826f050fa04a823f0c3f806a8c2
:10cbb00023f0c0f808a823f0bdf80aa823f0baf8bb
:10cbc000284612b0bde8f081012119981ff0a4ff9a
:10cbd0000028e5db3146199805f050ff0028dfda20
:10cbe0002a463b4604a9204617f024fc05460028a7
:10cbf000d7d13246199906a8f3f7f0fb054600286d
:10cc0000cfd106aa04a908a8fef766fe05460028ab
:10cc1000c7d108a9324608460df04efd054600284a
:10cc2000bfd106aa18990aa8fef756fe05460028a5
:10cc3000b7d10aa9324608460df03efd0546002848
:10cc4000afd10aabcde901800093204604f11c036b
:10cc500008aa0ca923f0b4fe05460028a1d10ca80f
:10cc600025f058f800289bd10ca9324608460df053
:10cc700023fd0546002894d118990ca805f0fefe66
:10cc8000054600288dd08be7014d99e700b2ffffe4
:04cc900080b0ffff72
:020000040000fa
:020000040101f8
:10cc940030b44ff0884200bfd2f800319905fbd57b
:10cca400444a536823f4704343f480535360536af3
:10ccb400db07fcd54ff088423f4b4049404d0020f4
:10ccc400c2f8b0004ff400740120c2f8b050c2f8aa
:10ccd400b0101c60194698600b6813f00103fbd177
:10cce4003848344ab0f8ba44354d44f00204a0f848
:10ccf400ba44b0f8ba4404f0fd04a0f8ba444ff0c2
:10cd04008840d0f8004124f07f44c0f80041046d0d
:10cd140044f0405444f00c040465d46824f07e04c8
:10cd240044f00404d460c0f8b030244c264bc0f85e
:10cd3400b050c0f8b0400b62536a03f00303032bf6
:10cd4400fad11d4a214b136001239360136813f039
:10cd54000103fbd14ff0884148f20900c2f85001a9
:10cd640040f201254ff400444ff4104015679467d6
:10cd7400092508660f4a164c0b6747f6ee70c1f892
:10cd84008030c1f89050c1f8c040c1f8d030c1f82b
:10cd9400e000536843f010035360136843f0887352
:10cda40043f010034ff03330136030bcc1f8b000cf
:10cdb400704700bf00400141000a0044aa9966552b
:10cdc400556699aa00200141280201c007012000ec
:04cdd400cf038020e9
:020000040000fa
:020000040101f8
:10cdd8002de9f04385b00446894601921f46002696
:10cde800dff82c8107e025f017f920460cf054fbfa
:10cdf800fef77aff012623f0d9f8a26be36b9a427b
:10ce080043d3022f5dd0019d002d65d0002e38d070
:10ce180025f002f925f060fc23f0c8f894f84430b6
:10ce2800ff2b04bf002384f8443094f84530ff2bcf
:10ce380004bf002384f8453025f0eef801a902a8c4
:10ce48000ff008fc00284dd123f0b0f8a26be36b7b
:10ce58009a42c8d125f0e0f8019904f1100023f0b6
:10ce6800b5f820460cf018fbfef73eff0028c1d1ac
:10ce78004ff08053c8f80030bff34f8fbff36f8f68
:10ce8800b8e702a824f048fcc2e749463a462046db
:10ce9800a56b11f06ffea36c6bb3022f19d020465f
:10cea80017f048fb38b11a4b4ff080521a60bff3a5
:10ceb8004f8fbff36f8f25f0aff8012005b0bde8a5
:10cec800f0833a4649462046a56b11f053fea36c01
:10ced8008bb1002de3d0eee725f09ef8284605b08b
:10cee800bde8f08320460cf0d7fafef7fdfe0020df
:10cef80005b0bde8f083636a13b90028dbd0d2e738
:10cf080004f1240004f038fd0028d4d0cbe700bf9a
:04cf180004ed00e044
:020000040000fa
:020000040101f8
:10cf1c00084b41f202029852074a118041f2040177
:10cf2c005a5842f480125a50044a1368db02fcd45b
:10cf3c00704700bf00200141003001410430014125
:10cf4c00094b41f2020241f2040198525a5842f440
:10cf5c0080225a5019440a685203fcd441f2280228
:10cf6c00985880b2704700bf002001412de9f04174
:10cf7c0017460d46ed1b0135012406469846ac407c
:10cf8c00fff7deff013c04fa07f504ea080420ea87
:10cf9c000500bc400443a1b23046bde8f041fff7a8
:10cfac00b7bf38b515460c46641bfff7c9ff0134f3
:10cfbc000123a340013bab401840284180b238bd4f
:10cfcc00074b41f614615a5842f004025a50194466
:10cfdc000a685207fcd441f60c62985880b270472c
:10cfec000020014170b5800086b2fff7e9ff0546cd
:10cffc0000bf00bf00bf0824b44200d370bdfff7d0
:10d00c00dfff854288bf04f2e244641b10fa84f40b
:10d01c00a4b20546f0e7f8b54ff47a744cf25033ed
:10d02c0060430025b0fbf3f41e46a7b203fb1404c7
:10d03c00bd4207d164b14ff6f8702040bde8f8400e
:10d04c00fff7d0bf30460135fff7ccffadb2efe7ad
:04d05c00f8bd00bf5c
:020000040000fa
:020000040101f8
:10d060002de9f0438bb00c4605460323086802aa5d
:10d0700014211ff0f1fe10b10bb0bde8f08304aa3b
:10d08000082316212068bdf809601ff0e5fe00287e
:10d09000f2d10df106021521206821f0c5fb002810
:10d0a000ead10223237504a823f084fa37490746fe
:10d0b00004a802f0cdfa364b76ba93f8ee29f6b210
:10d0c000b24233d00fbb00281fdb3ed006a9314847
:10d0d0001cf07afb002846d02b79012b39d004a80c
:10d0e00021f0d4fc2b79bdf806202e73012bc5e965
:10d0f0000a01ea8201d001232b71fa2105f5c870db
:10d100001ff002ff00236b82b6e706a824f0a4f804
:10d1100006aa3146284600230af094fe626831468a
:10d120001032284600230af08dfea5e7b3f8ec394b
:10d13000bdf806209a42c5d1002f9dd10028e4db1e
:10d1400003d06b78012b97d0c0e7134825f048ff38
:10d1500092e704a8d5e90a8921f098fc894508bf1f
:10d160008045bcd388e706a804a902f071fa00281c
:10d17000b2db03a907481ff06ff90028acd1039a6e
:10d180004ef65f239a42a7d876e700bf10ce002064
:0cd1900038c500202cce002018e600203e
:020000040000fa
:020000040101f8
:10d19c002de9f04f87b0002b5bd000f1040804465a
:10d1ac00404617461e46894625f0f4f9e269834647
:10d1bc00002a49d0626a002a46d03a784ab9012e30
:10d1cc0047d1484620f044f90546284607b0bde84b
:10d1dc00f08f00f1010ab2453bd80246791c484653
:10d1ec0020f0baf905460028efd1012109f1100011
:10d1fc001cf058ff05460028e7d13b780393042b1d
:10d20c0052d0039b023b012b23d8b24521d10021e4
:10d21c00404622f099fd012809f1080614d1014677
:10d22c00404622f091fd012807460dd104a825f0b7
:10d23c0067fd4a4631462046f8f71efd054650b1bb
:10d24c0004a822f071fdc0e71e4d284607b0bde8ca
:10d25c00f08f1d4db9e73a46414604a81ef076fc06
:10d26c0005460028ecd1022104a824f063f90546f8
:10d27c000028e5d10090434604aa31463046f7f722
:10d28c0013f805460028dbd10146304622f05cfd40
:10d29c00039b03f0010b8345d2d041463246304606
:10d2ac0025f054ff0546cbe74fea4b020132b24260
:10d2bc00cfd15a4607eb0a0109f1080020f04cf9ce
:0cd2cc00054682e780b1ffff80b0ffff45
:020000040000fa
:020000040101f8
:10d2d80070b5d0f8b820b2f81b3003f4684343f4b3
:10d2e8008f6343f00703a2f81b30d0f8b830002151
:10d2f80091801a7f61f3c3021a770278d207044635
:10d308001cd54278013a00f1b801042a74d8dfe844
:10d3180002f0407358031e00e27a9a719a76d4f8a4
:10d32800b830364804221a76d4f8b830227e5a76b5
:10d3380006f084f80546d8b9d4f8b830002220465b
:10d348009a801946bde870400b23faf75dbde27a72
:10d358009a719a76d4f8b830294804221a76d4f803
:10d36800b830227e5a760bf037fc05460028e3d009
:10d3780061794b1c637124f0d7ff04f12c062b7fd5
:10d38800db0634d500233046a37118f0a9ff68bb2b
:10d3980070bd04f12c0630464ff6ff7125f002fbf4
:10d3a80020461bf0a7fa05460028c5d0237c8371c8
:10d3b8008376002124f0b8ff04232b76237e6b7636
:10d3c800dde7204618f092f805460028b4d0e37a45
:10d3d8008371837621794b1c237124f0a5ff0423e4
:10d3e8002b76237e6b7604f12c06c8e7fee72946e8
:10d3f80020460cf03ff9c5e7fee700bfd0d100207a
:04d4080020d200200e
:020000040000fa
:020000040101f8
:10d40c002de9f04399b004460ca80f4608919046bc
:10d41c00994623f097fa12a823f094fa0aa825f05b
:10d42c006ffc261d04f16c030093304604f1b40329
:10d43c0004f19c020ca915f097fb054660b10ca8f1
:10d44c0025f0fcfd12a825f0f9fd0aa822f06cfcd1
:10d45c00284619b0bde8f083219a0292209a04f173
:10d46c003803cde90032012104f1f40304f1ec029c
:10d47c000aa810f011fe05460028e0d1219b01936b
:10d48c00209b00930aaa0cab12a9304623f084fa15
:10d49c0005460028d3d194f86430089a012bb8447f
:10d4ac0031d090453fd3a8eb0203cde9002312a95c
:10d4bc0009aba26e30461ef0fbfa05460028bed121
:10d4cc00219994f86420194b0691209953f8222045
:10d4dc000292cde9048112a9089b0191099d0aa928
:10d4ec0008aa009103921d4431460caba26e207821
:10d4fc00089501f0fdfe05460028a0d1089bdf1b16
:10d50c00c9f800709be790450dd3a8eb020309a95d
:10d51c0030461ff0b3ff0546002890d1dde9082303
:10d52c001a440892bde7024d89e700bf303104016f
:04d53c0000b1ffff3c
:020000040000fa
:020000040101f8
:10d540002de9f04f00f14803d1b0cde90313683065
:10d55000059048aa53f8041b42f8041b8342f9d1f2
:10d56000424b0293dde94a8bdde94ee3404a0192ea
:10d57000da46dde94c49dde9481c06a800259b4652
:10d5800049e007684feaf74250e90e6382ea7742c2
:10d5900082ea972250f8147c3e444feab34787ea68
:10d5a000f317164487ead3031e444feaf4238eeaa6
:10d5b000090283eab413224082ea0e0283ea74630a
:10d5c0001344334441ea0c029b444fea713701eaa9
:10d5d0000c0302ea08021a4387eab107019b86603e
:10d5e00087eab15701359b441744402d0beb0a06df
:10d5f00000f104000beb070314d0c246e0468c4652
:10d600001946029b1a46f34652f8043fcde901320f
:10d61000ce46a14634460f2db3d8039b53f8256060
:10d6200036bac2e7cde948311a46cde94d490693ed
:10d63000cdf83ce14c96cdf828c10797cdf82c8168
:10d6400049a9dde9043401e051f8042b18681044bd
:10d6500043f8040ba342f7d106a84ff4947124f0c9
:10d660002bfc002051b0bde8f08f00bf90120201ea
:04d67000982f8a4223
:020000040000fa
:020000040101f8
:10d674007fb5032101a801f05bff464a9df80630ff
:10d684001178454a454d12781940511a4a424a4187
:10d694004349ea7209789df805200a4214bf012122
:10d6a4000021697202f003018c1e604201f1ff3c0b
:10d6b4006041dcf1000141eb0c01297312f0400fd1
:10d6c400c3f3810114bf062608260229a87239d1a2
:10d6d40002369b09022b8df806303dd1b41ce4b20e
:10d6e400130716d5012221460df1030000f048ff6f
:10d6f4009df80330c3f3c1038df803302bb1012b24
:10d7040003d0022b0cbf05230923053453fa84f4f8
:10d71400e4b29df80620022a26d1314602a800f080
:10d724002fffdde90223c5e900239df806302b72a3
:10d734009df8053003f00303032b1ed000236b7305
:10d7440004b070bd032902d10836f6b2c1e701293d
:10d7540004bf00216973bce7032b0bbf06f1080467
:10d764000024e4b26c73bbe7032adad10822314601
:10d774000deb020000f004ffd3e7012221460df176
:10d78400020000f0fdfe9df80230042bd6d10123e7
:10d794006b73d5e7d6010120d501012090ff00204d
:04d7a400d40101208b
:020000040000fa
:020000040101f8
:10d7a800f0b540f2ff7681ea030c16ea115e1ebf5f
:10d7b800b64516ea1355b54252d021ea465141f40e
:10d7c8008011a1fb024723ea465343f48013ae4479
:10d7d800a0fb03650cf0004c36197d41a1fb034703
:10d7e80047f10003a0fb0217f619654153f1000346
:10d7f800094218bf46f0010640f2fe74b3f5007ff7
:10d8080013d2aef5806ea64523d24cea0331280325
:10d8180041ea155140ea16503203450872f10042b8
:10d8280050f1000051eb0e51f0bdaef2ff3ea6459f
:10d838000fd24ceac321e80241ea555140ea56505a
:10d84800f202450872f1004250f1000051eb0e510e
:10d85800f0bd1eea0e0f2dd50cf000410020f0bde2
:10d8680016ea115f04bf01f000410020004218bf12
:10d8780041f0010116ea135f04bf03f000430022e0
:10d88800124218bf43f0010306ea1354b44218bf0a
:10d89800b64503d00cf000410020f0bd21f0004156
:10d8a80023f00043b1eb065f0cd8b3eb065f09d851
:10d8b80041b13bb10cf0004141f0fe4141f470012f
:10d8c8000020f0bd40f20001c7f6f8710020f0bd5d
:020000040000fa
:020000040101f8
:10d8d8002de9f04f90f86460464cd0f8688054f811
:10d8e80026408fb005468f1815f8049b09940c91b3
:10d8f8007dd2199a019200f1200600f1e40b00f1a3
:10d908006c0a189a0092cde90a13044653465a46ff
:10d918003146284614f0dafb10b10fb0bde8f08f9d
:10d928000c9b00930da8fb1a0193424603465146ef
:10d9380028461ef0bff80028efd119980690dde9b7
:10d948000c321898cdf800b0cde90470099803ebb3
:10d95800020c0caacde901a003923346424629469f
:10d968004846cdf830c001f0c5fc0028d5d10c9b45
:10d978009f423cd3199a019204f1ec0a189a00923a
:10d988008434234652463146284614f09ffb00282b
:10d99800c3d10c9a00920df1340cba1a0192634665
:10d9a8004246214628461ef085f80028b5d1099838
:10d9b800199a0692cde90140189acdf800a0294697
:10d9c800dde90c45cde904720caa03922c443346d8
:10d9d800424648460c9401f08dfc00289dd10c99d4
:10d9e8000a9a0b9b891a19600fb0bde8f08f02489c
:0cd9f80093e700bf3031040100b1ffffd5
:020000040000fa
:020000040101f8
:10da04002de9f04f89b000287fd000297dd00c4645
:10da140015468246002a3ad08b1813f8016c002e62
:10da240035d13e49204615f053fa80b3012d69d90a
:10da3400b046b146b34604af05a825f047f9002324
:10da4400cde901370093364a3449234605a801f04d
:10da540015ff064648bbdde90431069aed1a1c445d
:10da6400002955d0cde9000001235046e8f7e6fd32
:10da7400064605a822f01cf94eb316f5225f3fd0e6
:10da8400b9f1000f08bfb14608f1010821e00023f5
:10da9400cde900332a46214650460123e8f7cefd5e
:10daa4008146484609b0bde8f08f10f5a45f27d041
:10dab40010f5845f17d1bbf1000f0fd1194bb9f1e9
:10dac400000f08bf9946484609b0bde8f08f4ff0f3
:10dad400010b012db0d8bbf1000fefd0c146484671
:10dae40009b0bde8f08f05a822f0e2f8049bb9f173
:10daf400000f08bfb14608f10108ed1a1c44e8e71d
:10db0400b146cee7dff81c90cbe7dff81c90c8e7fe
:10db140005a822f0cdf8a6f52056b1e7e8ad03013b
:0cdb240004ae030180d8ffff00d8ffff13
:020000040000fa
:020000040101f8
:10db30002de9f04fadf5077d144607464ff400720e
:10db4000884606a8002199469df848a224f0f4fad8
:10db50002046172106f03afb054620b128460df570
:10db6000077dbde8f08f04f1310626f001066589d6
:10db7000a389707eed1a24f041fe854205dc63899d
:10db8000a1895b1ab3f5007f05dd032528460df555
:10db9000077dbde8f08f06aa9bb2204619f07cf8fd
:10dba000909b0590707e9d6bd3f828b024f026fee4
:10dbb000726996f818c0919b019302fb00f2059bd5
:10dbc000cdf800c006a95846a84705460028c5d18b
:10dbd000337e43b31e49384621f0ccfb83460028f0
:10dbe000d3d0cde900044346327e0221384601f00d
:10dbf000dbf998b9baf1000f24d0909b9a6bd3e966
:10dc0000093100240392cde9011400934a463846b5
:10dc1000104b5946f5f780fe00289fd00546584620
:10dc200023f0d4fe9ae7414638461df003fb909b53
:10dc30005e6a002e92d090984a4621462b46806a12
:10dc4000b0478be7414638461df0f4fad5e700bff0
:08dc50001c1a0401202f04013d
:020000040000fa
:020000040101f8
:10dc58002de9f8430026804604468446b1463346fb
:10dc6800354606e00133dbb20136232e04f1040405
:10dc78001fd0e778002f4cd02788bcf800e0774504
:10dc880007d08e4523d04b4584bf99466046002374
:10dc9800a4468f42e6d1a77897425ad003f1010ee5
:10dca8005ffa8efe65b10136232e734604f1040433
:10dcb800dfd11446c2780f4646462ab36bb9fee751
:10dcc800d71b3f06efd50233dbb22546cce7002d44
:10dcd800d9d10133dbb22546d5e7bcf800208a420a
:10dce80004d11db90133dbb208f18c0599453cbf5d
:10dcf80099466046b9f1010f32d99db3b5422fd983
:10dd080035f8043cbb422bd185420ed2b54210d225
:10dd1800fee708eb86001446c278002d08bf0546ca
:10dd28000f464646002aefd0c8e707d9b0421bd2b3
:10dd3800fee7421b2946281d1af058fc05230d480a
:10dd48002f80ac70eb7008211ef07afa0020bde835
:10dd5800f88308eb86060523f3700220bde8f883f4
:10dd68000220f4e70546e9e7043d2a1a011d1af0e6
:08dd78003dfce3e77cc500203f
:020000040000fa
:020000040101f8
:10dd80002de9f04fcbb007460c46154600214ff465
:10dd90008c7204a824f0d0f900232a4621467b6027
:10dda00004a8f9f777fe0290002869d1049c059b2e
:10ddb000039403eb840306aa02eb830a52f82300c0
:10ddc000daf80c307b61dae90112aaf1100304f1f0
:10ddd000ff3b0193bbf1000f07f118033c60b860f3
:10dde000c7e90312009340dddff8ac902949dff862
:10ddf000ac80dff8ace0dff8acc02837aaf1140a39
:10de0000a7f11002504600bf50f8044fe6b2230eaf
:10de1000c4f307258e5dcb5c4d5d59f8266058f83c
:10de200023305ef82550c4f3074473400c5d5cf862
:10de300024406b40634042f8043bba42e4d1bbf15a
:10de4000010b02f11007aaf1100ad9d1039b019925
:10de500003f18052c3eb037301eb03130099013a02
:10de600001eb0212103300920193019a0098d2e95b
:10de70000031036013469268db68c360c0e9011299
:10de800004a84ff48c7124f017f802984bb0bde849
:10de9000f08f00bf900f020104dd000104e90001d2
:08dea00004e1000104e50001aa
:020000040000fa
:020000040101f8
:10dea8002de9f041826bd3689b7a013bdbb2092be9
:10deb80006d8012101fa03f340f24f310b4205d194
:10dec8004368013343600020bde8f08101680b79a5
:10ded8000646002b36d192f89832002bf0d0d2f8b3
:10dee8000852002d63d02d68002d63d0ac6840f235
:10def8007a339c4224d84ff0070840f2813700bf9c
:10df0800d6f8c420210c02f80810d6f8c4204244e0
:10df1800210a5170d6f8c420424408f103089470cd
:10df2800d6f8c400e9684044224622f0e9fed5f854
:10df38009051a044a7eb080275b1ac68a242dfd2a9
:10df48001f48c1e7012bd2f80852cad13db32d684a
:10df5800002dcbd11b48b7e7a8f10705c5f307404b
:10df6800c5f30721edb2d6f8c4201071d6f8c42045
:10df78005171d6f8c4209571d6f8c420c6f8cc8063
:10df880016210b23c6f8c8101370736801221344b6
:10df9800736030461146bde8f041f8f75dbbcb6cc5
:10dfa800002bd7d01a68002ad4d01d689ce7cb6c08
:10dfb800002bfad1294628464ff00708d3e700bfbf
:08dfc8000096ffff0094ffff2b
:020000040000fa
:020000040101f8
:10dfd0002de9f04700f16c0988b082464c4600f10b
:10dfe000fc0802ae94f8223013b1e369002b3dd156
:10dff00024344445f6d1002501953c4c324601a914
:10e00000204622f019fc002858d19df81970c7f35a
:10e010000017002ff2d005464c4600bf94f822307e
:10e02000bbb9002d08bf254624344445f6d175b14f
:10e0300096e80f009df818402c7485e80f00012425
:10e04000002385f82240eb61bdf81c302b843d464f
:10e05000d3e7227c9df818309a42e5d1314620461c
:10e0600022f042fb0028dfd02546ede700231f4dbc
:10e070000193324601a9284622f0defbb0b900bf69
:10e080009df81930db06f4d59df81820237c9a42c0
:10e09000efd13146204622f027fb0028a8d1324696
:10e0a00001a9284622f0c8fb0028e9d021461048e3
:10e0b0001cf0dafc002384f8223099e75db1baf84d
:10e0c000143013b108b0bde8f087504620f05cfd75
:10e0d00008b0bde8f0870af13c0023f059fc0af1d2
:10e0e00004001ff08ffe08b0bde8f087d8d50020ef
:04e0f00064c60020e2
:020000040000fa
:020000040101f8
:10e0f400f0b504469bb0242206a8002124f01af8a7
:10e10400637802229342adf83c204fd0da1e012af4
:10e114000ed92422002106a824f00cf8262306aaee
:10e124000321394820f0b4fb00283dd110af16e09c
:10e13400364a8df8183010685168a3700bad03c5ca
:10e14400d4f8d001d4f8d411e289adf81a200dab7b
:10e1540003c3a56b0a950522adf83c2010af2c4de6
:10e16400a369d5f89429d5f86c190791134405f5da
:10e174001960089325f0caf8a169e3788df819307d
:10e1840026260c183b4606aa009605f154000321e6
:10e19400099414f02df928b9dde90823c5f89c2960
:10e1a400c5f898391bb0f0bd0020fbe7174e8df879
:10e1b400183030687168a3700bad03c52546d4f8d8
:10e1c400d001d4f8d411e289adf81a200dab03c301
:10e1d40055f8400fa36b69680a930a2203ab03c383
:10e1e40010af00920522b4f86050adf83c203b46d5
:10e1f400a6f6c61003aa0421adf8145014f0f8f8da
:10e204000028acd0cee700bf8cc5002052cf002040
:04e2140038c50020e9
:020000040000fa
:020000040101f8
:10e218002de9f04fd2f800c089b01d4606920cf1e6
:10e2280002025300159addf84cb002ebc50aaa00a9
:10e2380003f008030792524407460c4663440492cd
:10e24800032600bf03fb0cf2c2f10202013e02fbef
:10e2580003f3f7d1ddf81c8015985b42424631463e
:10e26800059323f065ff059a0292049a0392069a91
:10e278000092159a019501231360dde914212b46bc
:10e28800084605f061fe159842462146404422f0b2
:10e2980037fd42461599384622f032fd049b039318
:10e2a800059bcde90153069b00933a462b46394618
:10e2b800384605f049fe002e39d10bf1ff3b1f26e9
:10e2c800129bddf8548053f82b40f44004f001040d
:10e2d8004ff0000902e000bf4ff001094b4622460b
:10e2e80053405a421343db17c2456fea03034146c2
:10e2f8002a46504601d01ef03bfc079b9844b9f1d2
:10e30800000fe9d0049b0393059bcde90153069bbd
:10e31800009352462b463946384605f015fe002e26
:10e32800bcd1bbf1000fb9d109b0bde8f08f013ef7
:04e33800c6e700bf75
:020000040000fa
:020000040101f8
:10e33c002de9f04786b000240e9e346083b19142e3
:10e34c0003d9414806b0bde8f087531a052bf8d91c
:10e35c003e4b0b604ff001038b8001f1060800e08f
:10e36c0088460546806b0023f43017460c4605930f
:10e37c0021f0aafc00283dd1b845e2d8a7eb080350
:10e38c00032bded9c1464ff0010329f8043ba86bdf
:10e39c00d0f8f01119b1d0f8f431002b44d12b681e
:10e3ac00da6901929b690093a7eb0802f430043af6
:10e3bc0005ab4946fff78afa0028c3d10599d5f871
:10e3cc0038a0012024f0c0fcab6bcaf8f001d3f8e4
:10e3dc00f001002836d0059a494622f08ffcaa6b32
:10e3ec00059bc2f8f431bdf81420043352baa8f8d6
:10e3fc00022098442b681b7a7bb14745a1d3a7eb2d
:10e40c000802042a9dd94ff00123c8f800302b686c
:10e41c001b7a88f8043008f10508a8eb04040020e6
:10e42c00346006b0bde8f0874f45059389d3a7eb60
:10e43c000902934285d81a464846039322f05efca3
:10e44c00039bd0e702487de70096ffff000b00021c
:04e45c000081ffff3d
:020000040000fa
:020000040101f8
:10e460002de9f04f0e4649683568d6f80890f768f0
:10e470008bb0cde903230029acbf25f002050121b3
:10e4800015f010030593039b8346d3e900232fd097
:10e4900052ea03002cd0a9f10208346915f00800f3
:10e4a00004f1ff3408904ff00000385518bf08f110
:10e4b000ff388a46012c1ddc059b002b54d1089b9c
:10e4c00013b1013c20233b5532690095013a4b467c
:10e4d000121b391958460ef07bffdbf80430db05c0
:10e4e00003d573689842b8bf18460bb0bde8f08feb
:10e4f000c846d2e752ea030009d1baf1000f06dca0
:10e50000a8eb010050440028d6dda807d4d502f0be
:10e510000f000928d4bf00f1300e00f1570e049807
:10e52000a0f1410cbcf1190f04f1ff3410d84ef0ea
:10e53000200cacf1610cbcf1190f09d8704609919f
:10e54000cde9062324f021f9dde906230999864661
:10e55000100940ea03704fea131c07f804e00af1bf
:10e56000ff3a02466346a5e7039bd3e9000150ea60
:10e570000103a4d03a19049b02f8013c023c302369
:04e580003b559ce784
:020000040000fa
:020000040101f8
:10e5840080b588b000af78600b46fb701346bb7053
:10e59400bb7803f003033b613b69002b03d14ff0cd
:10e5a400ff33fb600fe03b69012b02d1ff23fb60cb
:10e5b40009e03b69022b03d14ff6ff73fb6002e0d5
:10e5c4006ff07f43fb603b69002b05d0ba783b6951
:10e5d400d31a0433fb6101e0bb78fb61fb7803f1e0
:10e5e400824303f58133bb6100237b6151e0ba7838
:10e5f4003b69d31a7a699a4222d0b86924f030ff71
:10e60400b8607a687b691344ba68d2b21a70bb687e
:10e61400190a7b6901337a681344cab21a70bb6859
:10e62400190c7b6902337a681344cab21a70bb6846
:10e63400190e7b6903337a681344cab21a7022e054
:10e64400b86924f00dffb8603b69002b05d07a68e7
:10e654007b691344ba68d2b21a703b69012b07d99b
:10e66400bb68190a7b6901337a681344cab21a7009
:10e674003b69022b07d9bb68190c7b6902337a68a2
:10e684001344cab21a707b6904337b61bb690433d7
:10e69400bb617a69fb699a42a9d300bf2037bd46a2
:02e6a40080bd37
:020000040000fa
:020000040101f8
:02e6a6007047bb
:020000040000fa
:020000040101f8
:10e6a8002de9f043adf5057d0c460746002190465f
:10e6b80004a84ff400721e4623f03afd20461b21a1
:10e6c80005f080fd054630b96389a1895b1ab3f569
:10e6d800007f05dd032528460df5057dbde8f0839f
:10e6e8009bb204aa204618f0d3fa313424f001046e
:10e6f8008146607e24f07ef86269257e8c9b0193ba
:10e70800009502fb00f2b56830694b4604a9a8479a
:10e7180005460028dfd1237e33b9f86c0028dad00b
:10e7280023f050f9fd64d6e72349384620f01efe51
:10e73800064640b306f1310525f001055f220221a6
:10e748001ff0f0ff63886b802146304611f8042bd8
:10e7580002f00f0224f072f862696a61237e2b7658
:10e76800617e69763046009101211bf049ff05461c
:10e7780058b1052dafd0304623f024f928460df5c1
:10e78800057dbde8f0830125a5e7314638461ff031
:10e798002df905460028ecd1cde90200cde90000ad
:10e7a80042463846054b3146f5f7b2f8054600288b
:10e7b800dfd105258fe700bf1c1a0401202f0401b3
:020000040000fa
:020000040101f8
:10e7c8002de9f04704469df820709846002b67d045
:10e7d8000d46164601eb03091ce095f800a0a4f8c5
:10e7e800622193f840318aea03033370b4f8603148
:10e7f800102b26d05a1c92b22344a4f8602193f817
:10e80800202101358aea020a4d4506f1010683f8fe
:10e8180020a145d0b4f86231102b1bd05a1c92b2fb
:10e828002344002fd9d096f800a0a4f8622193f8c9
:10e8380040318aea030a85f800a0b4f86031102b49
:10e84800d8d104f590721146204624f04bf80023e5
:10e858000122d1e794f864210e2a15d894f83f31a3
:10e868000133dbb284f83f3173b904f2311111443a
:10e8780004f23f1206e000bf12f8013d0133dbb29b
:10e8880013700bb98a42f7d104f5a07204f5987198
:10e89800204624f027f80023a4f862310122bfe7bc
:10e8a800d4e9562343449342c4f85c310ed3b4f8f8
:10e8b80060316bb994f8642102f231102044c2f13e
:10e8c8000f020021bde8f04723f032bcbde8f08715
:10e8d80004f590721146204624f004f8eae700bfd8
:020000040000fa
:020000040101f8
:10e8e8002de9f0418b880c6884b0002726889df8b4
:10e8f80028808df80c7013b904b0bde8f081044687
:10e90800084601a9154618f00bfa01a901223b484f
:10e9180006f0200624f02cfd00284ed006b3002d6a
:10e928006ad00e2d1dd13946263080221ff0a6fb55
:10e93800bdb9d4f8d0300133c4f8d030d4e9372386
:10e9480001320133c4e937239df80c30012b22d062
:10e95800d4f8d4300133c4f8d43004b0bde8f08121
:10e968002db3b8f1000f41d1d4f8d0300b2d03f1fd
:10e978000103c4f8d0302ad1d4f80c310133c4f8db
:10e988000c316ebbd4f8e4300133c4f8e4309df8a0
:10e998000c30012bdcd1bdf804204ff6ff739a42ee
:10e9a800d6d1d4f8d8300133c4f8d830a4e7d4f895
:10e9b800d0300133c4f8d030e4e7002dd1d1d4f8f9
:10e9c800d0300133c4f8d030002eb7d1dae70f2d9c
:10e9d800d7d1d4f810310133c4f81031002ed1d07a
:10e9e800d4f8dc300133c4f8dc30ade7d4f8fc30bf
:10e9f8000133c4f8fc307fe7012195e7b8d2002045
:020000040000fa
:020000040101f8
:10ea08002de9f04f85b00e46009008783a289146d7
:10ea180043d0ff230193002781455ffa87f84ed042
:10ea2800b3464ff0000a03ac08e09df80c1001eb68
:10ea38000a1abaf5803f23d21bf8010f21465d461a
:10ea48001df016fc0028f0d05e4519d09bf8001088
:10ea58002e2952d03a2901d0494511d1082f0fd07b
:10ea6800009b9afa9af223f817209bf8000008f105
:10ea780001083a285ffa88f806d001372e46cbe716
:10ea8800062005b0bde8f08f9bf801003a280cd0ad
:10ea98000bf1010501372e46bee74b783a2befd133
:10eaa8000023887801930236b5e7019bff2be7d155
:10eab800cdf804809bf802000bf10205dde7b8f100
:10eac800080f18d000250824019bff2bd8d00099e7
:10ead800a8eb0302d2b201eb430ba01a01eb4000f2
:10eae8005200594619f082fde21b58465200002197
:10eaf80023f01efb45b90020c3e7b8f1060fbfd8c5
:10eb080003d001250624dfe703ac4a4631462046f8
:10eb180018f0baf90028b4d1009a039bd360b0e783
:020000040000fa
:020000040101f8
:10eb280030b50378db0685b032d404460ef00efd0e
:10eb380008bb2379052b1cd8dfe803f0575a2f4070
:10eb4800030c04f10b0120461df0bafd002868d023
:10eb580023790bb10023237104f1940020f0e8f825
:10eb6800204605f01df9014619b104f5c8701ef0dc
:10eb7800c7f905b030bd204601f036f90028d8d1d4
:10eb88002379052b4ad00523237140f2e241ece7b3
:10eb980001210bf0e1fa05b030bd032323710021f8
:10eba80004f194001bf0e8ff237824486ff3c303b3
:10ebb80000222370227201211bf0faff237a01330d
:10ebc80023726946204616f081fda8b99df8001009
:10ebd80020460cf045fe9df80030012b1ed00bb1ed
:10ebe800022bc6d140f2ee21bfe700236382c0e7c3
:10ebf800204615f04bffbce7204613f097fe23791b
:10ec08000028a6d0042b1cbf042323710121204611
:10ec18000cf026feff23e372a18aa5e740f2e24149
:10ec2800a3e7e57a684622f013fb29466a460123e2
:10ec3800204609f003f9a18a96e700bfd0d1002049
:020000040000fa
:020000040101f8
:10ec48002de9f0478e8984b00d4691469a463146a3
:10ec58002846022301aa22f0abf9044638b131460e
:10ec6800284623f027fe204604b0bde8f08702219d
:10ec7800284622f091f99df80430112b0bd0292b4e
:10ec880009d0e02148461ef0d9fe04460028e6d106
:10ec98009df8041000e0e12148461ef0cffe04462e
:10eca8000028dcd19df805804feac80808f106085d
:10ecb800b8f1ff0f26d89af800302bb33c2b23d09d
:10ecc8000746ab896a8943443b44934245dc9df837
:10ecd80004308af800305ffa88f148461ef0aefe2c
:10ece80004460028bbd148464346aa8929461cf059
:10ecf800d1fa04460028b2d108eb0701284622f0d1
:10ed08004bf9b0e70124aae703a84246a98923f0f2
:10ed1800b3fabdf80e70002fd3d003aa294602a873
:10ed280018f0beff0446002899d102a823f074fb0e
:10ed3800014603a822f0c4f8bdf80e70002fecd1ec
:10ed48009df80830012bbcd802a823f065fba8eb7e
:10ed580000081ffa88f80746b3e706247fe700bfd4
:020000040000fa
:020000040101f8
:10ed68002de9f043b1f80c8083b00f469146414637
:10ed780038466a46082322f01bf90446f0b9bdf864
:10ed88000050bdf802606dbaadb225f00f039bb21a
:10ed98004ff2b00276ba9342b6b217d005f47f4369
:10eda800b3f5704f3fd006f47f43b3f5704f50d0a2
:10edb800f02148461ef042fe0446e8b14146384676
:10edc80023f078fd204603b0bde8f08326f00f025b
:10edd8009a42e3d1f32148461ef030fe044600284b
:10ede800ecd106f00f0141ea0511c9b248461ef000
:10edf80025fe044640b1e1e76946042248461ef074
:10ee080059fe04460028d9d1bdf8061049ba48462b
:10ee180089b21ef027fe04460028cfd138460821c3
:10ee280022f0baf8cee7f22148461ef007fe044663
:10ee38000028c3d1e9b248461ef000fe0446002867
:10ee4800bcd1314648461ef00dfe04460028dbd0f2
:10ee5800b4e7f12148461ef0f1fd04460028add183
:10ee6800294648461ef0fefd04460028a6d1f1b208
:10ee780048461ef0e3fd04460028c5d09ee700bfc3
:020000040000fa
:020000040101f8
:10ee88002de9f04f95b0dde920643768a7427cd8ba
:10ee98000d4698469246e31b814632461e992846ff
:10eea8001cf0eefd074618b1384615b0bde8f08fe6
:10eeb8001e9822f02bff002869d108a821f044fdf4
:10eec8000ea821f041fd04a823f01cff06a823f09a
:10eed80019ff33689c4258d3e31a324608a92846da
:10eee8001cf0cefd074678b933689c420bd9591cf3
:10eef8008c42316007d393f800b0641aa34502d856
:10ef0800bbf1000f10d1234f08a824f099f80ea8e0
:10ef180024f096f804a820f009ff06a820f006ffc0
:10ef2800384615b0bde8f08f5a4604a81ef016fb07
:10ef380007460028e8d106aa336803921f9a02926e
:10ef48001e9a01925b4408aa0092484633605246d2
:10ef58004346294605f070fc07460028d4d104ab87
:10ef68000093cdf8048028461e9b06aa0ea921f01e
:10ef780031fd07460028c7d108a90ea81cf066fd78
:10ef8800054b071e18bf1f46bee7024f8ce7034f0d
:10ef98008ae700bf80b0ffff00b2ffff80b3ffff2a
:020000040000fa
:020000040101f8
:10efa8002de9f04786b003f13105dde90e4925f07a
:10efb800010501291e462046884617464ff00001e4
:10efc8006a780cbf1b2517251ff0acfb314603a838
:10efd8001af0acfa00286ad1bdf81230013b9bb296
:10efe8004ff6fd7293424ad80646bdf810a021e0bc
:10eff8000126bdf812204ff6ff739a425ad0bdf889
:10f008001400039b801a80b20090514620461cf0e1
:10f01800d9f800284bd103a822f052fcbdf81230d1
:10f02800013b9bb24ff6fd72934227d8bdf810a062
:10f0380000283cd15545dcd8002ed9d109f131063c
:10f0480026f001063b467269717e00910132414605
:10f0580020461bf0d5fa50bb726904f1310323f046
:10f06800010301325a61727e5a76baf11b0f1f767c
:10f0780002d0baf1170fbbd10126cce7beb909f10e
:10f08800310525f0010541466a696b7e009301321e
:10f098003b4620461bf0b4fa48b96a6904f13103cb
:10f0a80023f0010301325a616a7e5a761f7606b050
:0cf0b800bde8f08700235b88ffde00bf8e
:020000040000fa
:020000040101f8
:10f0c4002de9f04f1546e5b00aa80f469b46bdf85a
:10f0d400b891ddf8bc8121f099f96a89012fa2eb7e
:10f0e4000904a4b20bf1100a56d109f105039342a5
:10f0f40068d8043c5646a4b2da4604a906f10800ce
:10f1040022f09cf80df1180b04a85b460522d8f8f0
:10f11400011021f07fff3048d8f80510d0f86c3981
:10f1240009ba8b424bd000f65c1020f0d1fc0146aa
:10f134000aa821f0a3f90d23cde900b32246042344
:10f144002a210aa8f9f734fd314610220aa80cf046
:10f15400b7fa514610220aa80cf0b2fa41460a2224
:10f164000aa80cf0adfa009723464a4629460aa895
:10f1740013f06ef903a90aa817f0b0fd77b903a933
:10f18400284604221df02cff04460aa823f09ef80a
:10f19400204665b0bde8f08f5e46aee7698900237e
:10f1a4000439009303aa89b20423284614f068fba7
:10f1b40050b12846042123f079f80024e5e700f54e
:10f1c4001761b5e70624e0e70824dee70aa823f080
:0cf1d4007df823f047fe00bf38c5002086
:020000040000fa
:020000040101f8
:10f1e0004278002a5fd0f8b511f0040605460c46b7
:10f1f00002d0c379012b57d0a20736d114f4405f57
:10f200000dd0eb781b0707d595f85e301f0703d0ac
:10f21000b5f86030022b02d06b78022b4bd0a005e2
:10f220000cd5002e5ad0304822f03afb6b7813b13f
:10f23000284607f04bfb2d48fef7cafe14f4827fe8
:10f2400005d0e10529d46b78023b022b25d9620257
:10f250000ad5274a92f8ee391f2b14d8d2f8f02994
:10f2600022fa03f3db070ed5f8bd05f5e47739463e
:10f2700020481ff0d1fc20b36b78022bbed128466a
:10f2800023f01ef9bae76b78002bedd00022284658
:10f290001146bde8f84017f087bf2846fef72aff61
:10f2a0006202e1d5d5e770470023022ac371a3d1da
:10f2b00023f006f9a0e7284623f002f9a005bdd502
:10f2c000afe705f5e87023f0bbf83946094818f0b8
:10f2d0002ffd1021084822f051fbcde7642105f1f4
:10f2e0007c001cf017fa9ee7f0dd002098c7002094
:0cf2f00038c5002064c6002060c5002066
:020000040000fa
:020000040101f8
:10f2fc002de9f04391b01b9f1c9d3c68ac427fd81c
:10f30c0081460aa81e460d46904621f01bfb06a816
:10f31c0023f0f6fc08a823f0f3fc1e9b01931d9b25
:10f32c00009306aa0aab3146284612f0cdfe0446dd
:10f33c0060b10aa823f082fe06a820f0f5fc08a80c
:10f34c0020f0f2fc204611b0bde8f08308ab03932b
:10f35c001a9b0293199b01930aab009348463346c0
:10f36c004246294605f066fa04460028e1d108a970
:10f37c00189a0846fcf7aafa04460028d9d108aa1c
:10f38c0006a9104623f0e2fe04460028d1d108a9b4
:10f39c0005f1340208460bf089f904460028c8d15f
:10f3ac003b681c9a0093d31a01934246284605ab3e
:10f3bc000aa91cf07dfb04460028bad13b68059acb
:10f3cc0013443b6008a823f0e5f83b681c9a0590b1
:10f3dc00934217d8d11a421c914213d3ff2811d84b
:10f3ec005a1c3a6018703968059a08a822f04afd30
:10f3fc00044600289dd13b68059a13443b6098e76e
:0cf40c00014c9fe7004c94e700b1ffffab
:020000040000fa
:020000040101f8
:10f41800f8b5431e0a334fd800f1080414f0070367
:10f4280005d0c3f10803da43a24245d31c4423f0b4
:10f4380053f9374803682246002b4ad0002a40db9c
:10f44800002c3ed0dff8dcc0dcf80070a74238d3cf
:10f45800304d2b6803e01a6822b11d4613465968df
:10f46800a142f8d302689a422bd02e681a682a6003
:10f47800081b102806f1080608d903eb040e2146dc
:10f48800cef804005c601a51c5f800e0224a106802
:10f498007f1a8742214838bf17600268ccf800708d
:10f4a80041f000410024013259601c600260fcf701
:10f4b8001bfc46b13046f8bd23f00ef9144802682b
:10f4c80032b1fcf711fc002622f092fd3046f8bd5f
:10f4d8001446134b134e0f4fdff83cc0590712491f
:10f4e80018bf073321f0070118bf23f007031d4693
:10f4f800cb1a3360002a4ff00006c1e900660160ac
:10f508007e60ccf80030c5e900133d60d9db97e791
:10f5180074000120300001207c00012080000120bf
:0cf5280034110020780001202cc50020c8
:020000040000fa
:020000040101f8
:10f5340080b588b000af78600b46fb70fb7803f0b1
:10f544000303fb60fb68002b03d14ff0ff333b61e7
:10f554000fe0fb68012b02d1ff233b6109e0fb684c
:10f56400022b03d14ff6ff733b6102e06ff07f4340
:10f574003b61fb68002b05d0fa78fb68d31a04338f
:10f58400fb6101e0fb78fb612f4bbb6100237b61d6
:10f5940051e0fa78fb68d31a7a699a4222d0b869a2
:10f5a40023f05effb8607a687b691344ba68d2b20c
:10f5b4001a70bb68190a7b6901337a681344cab2aa
:10f5c4001a70bb68190c7b6902337a681344cab297
:10f5d4001a70bb68190e7b6903337a681344cab284
:10f5e4001a7022e0b86923f03bffb860fb68002b77
:10f5f40005d07a687b691344ba68d2b21a70fb6882
:10f60400012b07d9bb68190a7b6901337a68134453
:10f61400cab21a70fb68022b07d9bb68190c7b6944
:10f6240002337a681344cab21a707b6904337b616b
:10f63400bb690433bb617a69fb699a42a9d300bff1
:0cf644002037bd4680bd00bf0002014120
:020000040000fa
:020000040101f8
:10f650002de9f00b06880b88b4b24ff6ff72944286
:10f660009db223d09542d1f8027027d05bbad0f872
:10f6700002204ff000081ffa83f93fba18eb070485
:10f6800076ba4ff0000b12ba49f100051ffa86fc5a
:10f690001beb02084cf100094d4508bf44452bd037
:10f6a00013d34ff0ff30bde8f00b7047d0f80220c5
:10f6b000571c14d0a542d1f802700ad17a1c27d168
:10f6c000cb884ff6ff72934237d10120bde8f00b93
:10f6d00070475bba4ff000081ffa83f9cde7c7887f
:10f6e000a742e7d1bd42dcd1d1f80200431cd8d1fa
:10f6f000cb88ab42ead101e0c788cb885bba9bb22a
:10f700007fbabfb25a08b2eb570f08d0c9d2dce7b4
:10f71000d0f802204ff000084ff6ff79ade707f070
:10f72000010703f00103bb4205d0002f0cbf4ff0cf
:10f73000ff300120cae70020c8e7d0f802204ff0d0
:10f74000000876ba12ba18eb02041ffa86f949f1da
:10f7500000054ff6ff794ff0ff384d4508bf44458f
:08f760009fd1c788cae700bf72
:020000040000fa
:020000040101f8
:10f768002de9f047436f13f0100884b06ed1002ada
:10f7780054d013f0080869d10c46590716460546b7
:10f78800426a5fd4964261d80078697843f00403ee
:10f7980080ea12206b674a40eb6a28706a7005f1ac
:10f7a800380700bf03f1020909f00f09c9f1100c6d
:10f7b800b44528bfb446bcf1030f05eb090e3ed98a
:10f7c8000423aef1040a00e00346e1185af80300e6
:10f7d80051f8042c4240181d60454af80320f3d91b
:10f7e800634509d27344e6441a7811f8010b424084
:10f7f80003f8012b9e45f7d1eb6ae1446344b9f164
:10f80800100fa6eb0c066444eb620bd06a6a9342b5
:10f8180008d0002ec6d16a6a9a421ad0404604b06f
:10f82800bde8f08703ab009310222b4629463846e3
:10f8380009f0a2fcb0b9eb6a002eb3d1ebe70023c4
:10f848002146cfe7c36a99199142a8d96ff00c08ed
:10f85800e4e76b6fee6243f0080340466b6704b061
:10f86800bde8f0876b6f804643f0100340466b6736
:08f8780004b0bde8f08700bff9
:020000040000fa
:020000040101f8
:10f880002de9f04385b0002870d0074618460c4695
:10f890001e46914613f01efb8046002864d0494660
:10f8a000304613f017fb054600285dd080455bd23b
:10f8b000204621f07dff18f8003008eb0004202bd3
:10f8c00008bf14f8013f0d2b08bf14f8013f0a2ba5
:10f8d0004ad1484621f06cff2b5c2a18202b08bf28
:10f8e00012f8013f0d2b08bf12f8013f0a2b08bf89
:10f8f00001320134921b0e9b2e1b152e1a6020dc48
:10f90000a54235d90021009603aa08462346faf7f6
:10f91000dbfd2c3030d0039941b3012023f01afadb
:10f92000054638b32346009603aa0399faf7ccfd9f
:10f93000044678b9039bc7e90053204605b0bde8eb
:10f94000f08316220d49204621f0d0f90028d7d1a6
:10f950000b4cf2e72846039920f06cfaa4f5885482
:10f96000204605b0bde8f083064ce6e7064ce4e728
:10f97000064ce2e7064ce0e7064cdee7f81404012b
:10f9800000ecffff80efffff80ebffff00efffffca
:08f9900080eeffffd4eeffff43
:020000040000fa
:020000040101f8
:10f998002de9f04fdff80ca183b090460646894662
:10f9a800144631236a46494630461ef0cffc0028eb
:10f9b8006bd13768009b1f44302301aa3946304673
:10f9c8001ef0c4fc38bb019b3168002b01eb030b14
:10f9d80057dd22460b7842f8043b59460623304649
:10f9e8001ef0b4fcb8b932686168a2605318abeb7a
:10f9f80003000028336044dd505c1e2828d9254dbb
:10fa0800d8f8180022f018fa0023c8f81830284649
:10fa180003b0bde8f08fa0f50e55002df0d1336886
:10fa28009f420ad001202077202123f08ff9a0617e
:10fa380004460028c0d1184de2e7b94528d0202156
:10fa4800012023f083f9a06104460028a9d1f2e738
:10fa58002afa00f0c007d2d501333360535ce36063
:10fa680004f110025946304612f094fb0028d2d116
:10fa780033682269636113449b45336003d1a061f5
:10fa8800cee7064dbce7064dbae7a0f50e55b7e739
:10fa98000025bce71edcffff80d7ffff20dcffff4f
:08faa8001adcffff08105850a2
:020000040000fa
:020000040101f8
:10fab0002de9f04f054685b0084691461df0aafd98
:10fac00000287ad02b8982899a4265d8c2899a42c5
:10fad00062d3837a0b2b044603d1ab6b5b789b0715
:10fae0005ad5204620f0b6f938b1ab6bd3f8f831cf
:10faf000002b51d01b88002b4ed0204622f078fde1
:10fb000020b128681ff092fa002845d020461df049
:10fb100097fd8246002839d02b68de6c002e3bd042
:10fb20004ff0000b3068cdf804b0cc30514622f0d5
:10fb300017fda8b301ab0122214630680bf032fd5e
:10fb4000804668bbbaf1040faa6b1dd13368d2f8a6
:10fb5000f871cc3393e8030002ab83e80300184646
:10fb600023f0c2f80238022829d8039b388893f87a
:10fb7000008020b914e000bf37f8020f80b123f0f5
:10fb80007df84045f8d1aa6bc2f80862204620f003
:10fb9000a3ff48b9c9f80040002005b0bde8f08fc8
:10fba000b668002ebed1f7e721f046fc0146284694
:10fbb0001bf0c6f80028edd1eee70248ede798f813
:08fbc0000030ffde0094ffff9e
:020000040000fa
:020000040101f8
:10fbc8002de9f041037e86b000248df81440dc074f
:10fbd80035d58b8815460e4604469bbb3b4f97f898
:10fbe800ba3d03f00f03072b04d097f8663d13f0d6
:10fbf8000f0850d00b2d1ad00f2d18d0002d35d04e
:10fc0800637e5d1c05f00f0565f3030363763046dc
:10fc180022f09afb002814bf0f2304239d4233daf5
:10fc2800237e5a070bd443f00403237603e0237e94
:10fc380043f0040323762046012111f077fa06b039
:10fc4800bde8f08103a9304617f06af81f4f204835
:10fc5800012203ab009231462a460ef0e1f997f8eb
:10fc6800ba3d03f00f03072bbfd1c3e7627e237ea3
:10fc780012f0f00fc3f3800304d0f03212f0f00f4b
:10fc880062761bd0002bdad0238b23f4706323f029
:10fc980004032383cfe704f10c0021f075fee27a18
:10fca800238b68f3870203f0800307f60850e2729b
:10fcb800238315f033fd06b0bde8f081e27a65f3e1
:10fcc8008702e272002bb6d0dee700bf38c50020fd
:04fcd800d0d1002067
:020000040000fa
:020000040101f8
:10fcdc002de9f0430d6885b0002401942c799df832
:10fcec0030709df83460e4092ad04468002c50d060
:10fcfc006c89b4f5a06f27d880468946374802f145
:10fd0c0008011d46144621f0e9fa10bb98f80030a2
:10fd1c0003b11fbb3246494601a817f07bff01997e
:10fd2c00044648b94046fbf72fff00220198019288
:10fd3c00d8e901319847019911b1084621f040feec
:10fd4c00204605b0bde8f0830224204605b0bde88e
:10fd5c00f083dfb198f80030002bdbd0112d1ad0d6
:10fd6c003a2dd7d104f1180108f124001af0b2fd94
:10fd7c000028cfd0d9f80000082381890deb0302ad
:10fd8c0021f014f99df80830802bc3d1019902247d
:10fd9c00d2e70424d4e7d9f80000082381890debbd
:10fdac00030221f003f9bdf80a100d4849ba89b2d3
:10fdbc001ff0dafc40b1bdf80a10094849ba89b203
:10fdcc001ff0c2fc0028a5d001990424b4e70198c7
:10fddc0008b121f0f5fd23f041f800bf40d200201e
:04fdec00c0c500206e
:020000040000fa
:020000040101f8
:10fdf000f0b500f1940600f1400585b004463146a7
:10fe00002846082220f072ff30b96378022b64d0b4
:10fe1000014628461af0b4fe0b2120460cf0fef9ec
:10fe2000074600285dd094f8d13004f1c9020421be
:10fe300013f0a4fc054628b1384621f0c7fd28463a
:10fe400005b0f0bd38461ef041ff05460028f3d14d
:10fe5000e2780121384620f0efff05460028ebd17b
:10fe6000e2690221384620f0ffff05460028e3d171
:10fe700005221221384620f0ebff05460028dbd191
:10fe80001e4b93f80b3d1a0705d4384621f08efe21
:10fe900005460028d0d1e3789b0726d50323184ace
:10fea0000d21384613f06afc05460028c4d13846b7
:10feb00021f026fa05460028bed1072130461af067
:10fec0005ffe314668461df0edff6946384604f096
:10fed0007dff05460028b2d0aee71825284605b0bc
:10fee000f0bd0325284605b0f0bde1793846f9f7a5
:10fef000c9fc054600289fd10223d0e738c5002061
:04ff0000d424040100
:020000040000fa
:020000040101f8
:10ff04002de9f0413a4a0b7f16684d7e13f0040f39
:10ff140082b00c46804614bf022701270eb1d907d0
:10ff24005ed5204622f05cfc70bb1ef051fb04f150
:10ff340018014e20f3f71ef92e4e04f11901592031
:10ff4400f3f718f92c4822f0d5ff3378022b03d0ad
:10ff54000d2002b0bde8f081a07913f0d1fa274b4f
:10ff6400a2881a700035204618bf0125019321f09c
:10ff740077fc2a46394620b368460df029fd28b39c
:10ff8400012002b0bde8f08120461cf0dffe00280d
:10ff9400cbd0237f9a07c8d4db06c6d4184b20469f
:10ffa400197823f08ff9174b196820464a1c1a60f8
:10ffb40023f08af9144ba3601449204623f07ef9f8
:10ffc400b3e7684616f0acfc0028d9d140460323b9
:10ffd4002146337022f04afa002002b0bde8f081d5
:10ffe40017f0d8fab1b20246204623f069f998e72f
:10fff400500001201501012020260401b0fa002040
:020000040102f7
:100004000f0101205800012050ff0020180001209a
:020000040000fa
:020000040102f7
:10001400f0b5044685b00f4601921ff0c9ffa56be9
:10002400002d57d1019b002b36d002a821f076fb7e
:100034003a4e21f0f3ff22f051fb1ff0b9ff94f880
:100044004430ff2b04bf002384f8443094f8453037
:10005400ff2b04bf002384f8453021f0dfff01a902
:1000640002a80cf0f9fae0b91ff0a2ffa36b2bbbb6
:1000740021f0d4ff019904f124001ff0a9ff2046c8
:1000840009f00cfafbf732fe88b31ff091ffa56b61
:1000940005bb019b002bccd121f0c0ff002005b093
:1000a400f0bd204609f0faf9fbf720fe1ff080ffaf
:1000b400a36b002bf0d021f0b1ffe6e721f0aefff7
:1000c400204609f0ebf9fbf711fe1ff071ffa56b59
:1000d400002dded0394620461ff05af82369013d31
:1000e400a56363b921f09aff012005b0f0bd4ff07c
:1000f40080533360bff34f8fbff36f8fc5e704f1b5
:10010400100001f03bfc0028ecd0044b4ff080526f
:100114001a60bff34f8fbff36f8fe3e704ed00e086
:020000040000fa
:020000040102f7
:10012400f8b507460e4651b3384b04221b7ff02125
:100134002c201bf07bff364d2b781bb1334b1a7fe1
:10014400344b1a70012f344c20d8072301220e217e
:100154002c201bf06bff36b12c4b1a7f2f4b1a70df
:100164002f4b01221a70012f17d1e378122b3fd99c
:1001740040f2572022f0f2fa0023e3700de00b4620
:100184000422f0212c201bf051ffd4e71f4b012245
:100194001b7d0e212c201bf049ff224e0820f2f774
:1001a40017f9306801780139c9b2fcf74bf83368a4
:1001b4001d4a1b785b002433dbb282f84730a978f0
:1001c40001232370cb1a5942594100221920f5f713
:1001d40055ffa8b122f06afe00f01f0019280fd1c4
:1001e40094f8230023f060f8104b02221a70f8bd33
:1001f400002bd2d0972022f0b1fa0023e370cce791
:100204006420bde8f84010f0a7b900bfca10002070
:10021400c41000202a0101209c1000202801012084
:100224002901012088100020000001410200014141
:020000040000fa
:020000040102f7
:100234002de9f0419eb0064604af684620f07efeec
:1002440026220021384621f075ff314602a81ef00f
:100254007dfa029c002c4dd00ead1be01a988df84f
:100264006c80400000eb0c01cde919106189403924
:1002740089b2204615f09cf89df86dc01cf0010f62
:1002840040d0199968461ef04bfb02a819f0c8f932
:10029400029c7cb36189403989b240232a462046b6
:1002a40020f088feddf800c0199baceb0303002ba3
:1002b40021463046e5db9df86de01ef0020f4ff05d
:1002c40040032a4606d09df86ce00ef1ff38bef1db
:1002d400000fc3d11af0acff179c00221c23114657
:1002e400002cd2d01898a04702a819f099f9029cc2
:1002f400002ccfd1694606f108001cf019fe1eb08f
:10030400bde8f08112ab0fcb0df1200e8ee80f008b
:1003140095e80f009df835e0ccf3800c87e80f00da
:100324006cf3041ebdf858308df835e021463a468a
:0c0334003046adf832301bf00dffa2e7a0
:020000040000fa
:020000040102f7
:1003400070b584b00d4610460df10301144621f03e
:1003500077ff50bb9df80330db071ad50df1020182
:10036000204621f06dff00bb9df80230a1885a1c89
:1003700091421ad32268d05c00f0f002e02a5bd0f0
:1003800000f0f800f02810d111228df8042001ae01
:1003900014e001ae3146204621f052ff28b90df19c
:1003a0000201204621f04cff18b10626304604b069
:1003b00070bd9df80230a2889a42f6d30933db085b
:1003c000013b3146022228468df805301cf00afe1a
:1003d0000028ead10221284620f0e2fd9df8022003
:1003e000216828461cf0fefd06460028ddd19df858
:1003f0000210284620f0d4fd20469df8021021f07e
:100400002fff9df8021002a802311bf0cdf8002842
:10041000ccd102a822f004f802a9024628461cf01a
:10042000e1fd06460028c0d102a821f0f9ff0146ef
:10043000284620f0b5fdb9e701ae314616f08cff35
:0c0440000028b2d19df80230b8e700bfe0
:020000040000fa
:020000040102f7
:10044c0030b583b000230d46104669461446adf80e
:10045c000230adf8043021f0edfe28b99df80030e3
:10046c0003f0f802f02a02d0062003b030bd03f0ee
:10047c000303022b286068604ed0032b23d0012b82
:10048c000df1020120460ad01ef0feff0028ebd130
:10049c0001a920461ef0f8ff002852d0e4e71ef018
:1004ac00f3ff0028e0d10df10101204621f0c2fe3e
:1004bc000028d9d19df80130bdf8022043f47043d7
:1004cc00adf8043013e00df10101204621f0b2fe2d
:1004dc000028c9d19df801104ff2b00201f00f03b2
:1004ec00134342ea1112adf80430adf802209df826
:1004fc0000105bba52ba6b804b072a80b4d42046ea
:10050c000df106011ef0c0ff0028add1bdf806307c
:10051c005bbaeb8003b030bd0df10101204621f038
:10052c0089fe0028a0d19df801306fea03536fead1
:10053c00135301a92046adf802301ef0a5ff002888
:0c054c0092d1bdf80220bdf80430d0e7c9
:020000040000fa
:020000040102f7
:100558002de9f04f384d83b081462b4600241968a9
:10056800303349b10134082cf9d1d9f800001df015
:1005780001fa03b0bde8f08f4fea440808eb04071e
:100588003f01ee193046282221f0d2fdd9e9002397
:10059800b2621a4612f801abea515344a6f804a015
:1005a80093f802b022f073fe244bd9f80410ef59e7
:1005b800d3e9002358448a44707521499af8010008
:1005c8000978b075c6e90223b1713b781d4e13f066
:1005d800200327d1444405eb041505f110021a4ff6
:1005e800d079397863f30000d071e9b11749184b15
:1005f8000968296117491b7809782b75c3b261f31b
:1006080041030021d371397000231a4640f20124b6
:1006180001a911483370adf8044020f0f9ff03b088
:10062800bde8f08f3378d5e729612975d37961f36f
:100638004103d371e8e700bff0f300201000012068
:10064800cf010120ce010120efef00204c00012056
:0c06580046000120470001202410002073
:020000040000fa
:020000040102f7
:100664002de9f0410446e2b0002308a803930e46a6
:100674001ff0ccfe25682b881b070bd520461ff0e6
:1006840035ffff28034605d003a92046ed5c1ef084
:10069400cfff28b108a821f019fe62b0bde8f081af
:1006a40004af05f00702039930463b4620f0b2fc44
:1006b400a16808a81ff0e2fe204618f0edff861e90
:1006c400204610f0cdfcd4f80080ff2818bf08ebba
:1006d4000005204608bf00251df066faf6b2a5eb1a
:1006e40008010d250246c9b200973346019508a8b2
:1006f400f8f75efa204610f0b3fc2168ff2814bf17
:1007040040180020421ad2b208a80af0d9ff2046a5
:1007140010f0a6fcff281cbf25682d18204608bf32
:1007240000251df041fa00220346009229462a467c
:1007340008a81ff0b1fe204618f0aeffa388216878
:10074400181a014408a816f0c9fa237f43f01003cd
:10075400237708a821f0bafd62b0bde8f08108a8ab
:0807640021f0b4fd22f07efb40
:020000040000fa
:020000040102f7
:10076c002de9f0410446e6b000230ca803930f4694
:10077c0016461ff047fe25682b881b0765d52046bb
:10078c001ff0b0feff28034667d003a92046ed5c9e
:10079c001ef04aff002860d10df1100805f0070289
:1007ac0003993846434620f031fc31460ca81ff023
:1007bc0061fe204618f06cff861e204610f04cfca3
:1007cc002768ff2818bf3d18204608bf00251df0dc
:1007dc00e7f9f6b20d23e91b0246cde90083c9b255
:1007ec0033460ca8f8f7e0f9204610f035fc2168e8
:1007fc00ff2814bf40180020421ad2b20ca80af0ed
:10080c005bff204610f028fcff281cbf25682d1824
:10081c00204608bf00251df0c3f9012203460092b3
:10082c0029462a460ca81ff033fe08a90ca816f07e
:10083c0051fa204618f02cffa3882168181a01449d
:10084c00324608a820f04cfa38b900240ca821f044
:10085c0039fd204666b0bde8f0810824f6e70ca807
:08086c0021f030fd22f0fafa40
:020000040000fa
:020000040102f7
:10087400f0b5bfb0074620a80d461ff0d5fd3d4b8f
:10088400019300232c680493cde90233cde90533a9
:100894000d228df810200793204601a91c22668999
:1008a4001cf09efb044628b120a821f01ffd204621
:1008b4003fb0f0bd01222946384619f091f80446ac
:1008c4000028f1d120a822f015f829684b890a3ba9
:1008d4009b1b06f10a029bb292b220a817f0d2f831
:1008e40033460022296820a817f0ccf808a920a8cc
:1008f40021f004fd08a910aa05f10a0001f018fc72
:1009040004460028d0d1314628681df0fdf8286837
:100914001ff0a2fe04460028c6d12b681c221846ec
:1009240001a95e891cf05cfb04460028bcd1024688
:100934002946384619f054f804460028b4d110a9c1
:10094400402228681cf04cfb04460028acd12868df
:1009540045890a3dad1b6dba01aa31460a23adf89b
:100964000c5014f025fd9fe720a821f0bffc22f0d5
:0809740079fa00bf001800ff32
:020000040000fa
:020000040102f7
:10097c002de9f04f202a89b07bd890460269894630
:10098c00054640f20116002a68d0284609f012fdef
:10099c000446002864d12a69002a12dd8246ab463f
:1009ac002b460121dc691f6abc4238bf00215f6afb
:1009bc000130012f08bfa244824203f11403f1d18c
:1009cc0029b9013edfd16ff03b046e4649e0baf124
:1009dc001f0ff6d96e4620220021304621f0a6fbcf
:1009ec003146284620f056f80446d0bb284618f06d
:1009fc009ffb284622f09cf9092020f02ff8224674
:100a0c000146284612f010f9044650bb28461df04a
:100a1c00c3fc044628bb20223146284620f02cf883
:100a2c000446f0b9092020f019f83346202231464b
:100a3c0018f09efb0446a0b92a69002a08dd03467b
:100a4c00014601339342cbf81c100bf1140bf8d177
:100a5c0042464846314620f051f902e06ff03f041f
:100a6c006e463046202121f021fa204609b0bde81f
:080a7c00f08f6ff03b04f8e776
:020000040000fa
:020000040102f7
:100a8400002979d0002a77d0d368002b74d0d2e91a
:100a94000430834270d32de9f04394691b1aa342b6
:100aa40091b065d3144608460d461ef0f7f9d4e913
:100ab40005622369b118b2f5617fa3eb010359d82c
:100ac400032855d12a699a4203d92c4811b0bde8ac
:100ad400f083d5f80880e768d5f8049000940822dc
:100ae400434609a801920c2105f1140210f0fcfe02
:100af400d4e903323744fb1a29692068d4f818c0b2
:100b04000397d21a0492019706916168cdf808c040
:100b1400b4f818c004f118030d26059300960cae22
:100b24006a68334603c69cfa9cf605f1380094f8cb
:100b340008c0b4f80950adf83b6009a98df838c075
:100b4400adf8395011f060fa0028bfd1c145bdd0cd
:100b54006369072bb9d92368626847f8042c47f8fe
:100b6400083cd4e90523083a0833c4e90523ade772
:100b74000348abe70348a9e7014870470096ffff25
:080b84000094ffff008fffff4a
:020000040000fa
:020000040102f7
:100b8c001a2810b503d8394bc340db075dd4384b5a
:100b9c005a6822f010025a605c6a14f04004fbd1cf
:100bac0042f2780127200ff043fd21462d200ff053
:100bbc003ffd44f228712e200ff03afd4ff0884390
:100bcc002c4ac3f8b040c3f8b0202b4ac3f8b0206d
:100bdc0003f520634ff400721a6001229a601a68c0
:100bec00d407fcd4254ab2f8ba3443f00203a2f875
:100bfc00ba34b2f8ba3423f002031b041b0ca2f86b
:100c0c00ba344ff08842d2f8003123f07f43c2f857
:100c1c000031174a536a9807fcd5194b4ff4807270
:100c2c001a6001229a601a68d107fcd44ff08843ed
:100c3c004ff03332c3f8b0200d4b5a6842f010021b
:100c4c005a605a6a5206fcd510bd4af27801272028
:100c5c000ff0eefc02212d200ff0eafc44f22c7177
:100c6c002e20bde810400ff0e3bc00bf0020830431
:100c7c0000400141556699aaaa9966550020014188
:040c8c00000a004416
:020000040000fa
:020000040102f7
:100c90002de9f04380468db0007800268946154640
:100ca000cde90766cde90966adf82c60cde90066af
:100cb000002853d0172407ab4a466946324800f053
:100cc00067f80746002859d198f8a030033b022b5b
:100cd00005d8bdf82c20b8f84e309a4217d01eb176
:100ce000079a029b9a4226d0172c06d0102229463a
:100cf00007a81ff0fbff0028ddda07ac0fcc286047
:100d0000206828616960aa60eb600024d3e71022a4
:100d100007a908f13e001ff0e9ff0028dfd107ac6a
:100d20000fcc28602068286138466960aa60eb60b3
:100d30000db0bde8f083089a039b9a42d4d1099a7a
:100d4000049b9a42d0d10a9a059b9a42ccd1bdf815
:100d50002c20bdf818309a42c6d1e0e7cde9020058
:100d6000cde90400adf8180002aa12230c210748af
:100d70001df090fdb0fa80f676099be727463846cd
:100d80000db0bde8f08300bf00d700208cc5002067
:020000040000fa
:020000040102f7
:100d90002de9f04385b05d2506460c46174698467a
:100da0008df807502146304615f0f4fb0546002823
:100db00034d1f7b9216891f90230002bb4bfca7859
:100dc000ca79122a2cd80df1070c00232e48cdf831
:100dd00008c0012502aa8df80c5020f0c1fa0023aa
:100de000c4e900030028ddd11725284605b0bde879
:100df000f083d4f8049099f80130023bdbb2112b58
:100e000031d8022bced1b9f80220204952ba92b281
:100e100040461df05bf8b9f8043018e02168d2e7cd
:100e2000002bb4bf043108310b468df80c20029121
:100e300053f8016f58689a68db68c8f80c30c8f836
:100e40000060c8f80400c8f80820b1f811306268e2
:100e50005bbaa8f81030538828465bbaa8f812305d
:100e600005b0bde8f0834b4653f8040f59689a6803
:100e7000db68c8f80c30c8f80000c8f80410c8f8df
:100e80000820b9f81430e2e7d8d50020e8d30020d4
:020000040000fa
:020000040102f7
:100e9000f0b58379c3b00022d90705468df8042147
:100ea00006d52846002201211af01efd43b0f0bdf0
:100eb000324821f0edfa0028f3d0314e96f80b3d80
:100ec0009a0727d541f6b8024ff6fe73b25a9a42f6
:100ed000e7d002a803222b4920f0e2f9029c14b3c8
:100ee0009df804310f2b39d001270ae0029b02a89c
:100ef00019691bf0b9fb029cacb19df804310f2bb2
:100f00002cd0237d002bf1d1214605a813f040fe03
:100f10002775ebe796f8663d1b07c2d0b6f8683d2b
:100f2000022bbed1cee79df80421002ab9d0164b82
:100f300005a9cde900352846002300f0a3fc0446ae
:100f400070b9ab7943f00103ab7196f80b1d11f04a
:100f50000801abd10d4815f0a1f9a7e70f22e6e78c
:100f60000022012128461af0bffc032c9ed12846fe
:100f7000012120f06bfe43b0f0bd00bf40d2002045
:100f800038c5002064c600207d33040120d2002033
:020000040000fa
:020000040102f7
:100f9000637c777bf26b6fc53001672bfed7ab7636
:100fa000ca82c97dfa5947f0add4a2af9ca472c0e1
:100fb000b7fd9326363ff7cc34a5e5f171d831154e
:100fc00004c723c31896059a071280e2eb27b2756f
:100fd00009832c1a1b6e5aa0523bd6b329e32f84e7
:100fe00053d100ed20fcb15b6acbbe394a4c58cfdf
:100ff000d0efaafb434d338545f9027f503c9fa8b3
:1010000051a3408f929d38f5bcb6da2110fff3d280
:10101000cd0c13ec5f974417c4a77e3d645d197334
:1010200060814fdc222a908846eeb814de5e0bdb2e
:10103000e0323a0a4906245cc2d3ac629195e47965
:10104000e7c8376d8dd54ea96c56f4ea657aae08bf
:10105000ba78252e1ca6b4c6e8dd741f4bbd8b8a5a
:10106000703eb5664803f60e613557b986c11d9ec0
:10107000e1f8981169d98e949b1e87e9ce5528df37
:101080008ca1890dbfe6426841992d0fb054bb1663
:020000040000fa
:020000040102f7
:1010900052096ad53036a538bf40a39e81f3d7fbed
:1010a0007ce339829b2fff87348e4344c4dee9cb37
:1010b000547b9432a6c2233dee4c950b42fac34eac
:1010c000082ea16628d924b2765ba2496d8bd12562
:1010d00072f8f66486689816d4a45ccc5d65b69206
:1010e0006c704850fdedb9da5e154657a78d9d84aa
:1010f00090d8ab008cbcd30af7e45805b8b34506ca
:10110000d02c1e8fca3f0f02c1afbd0301138a6be3
:101110003a9111414f67dcea97f2cfcef0b4e67313
:1011200096ac7422e7ad3585e2f937e81c75df6ec1
:1011300047f11a711d29c5896fb7620eaa18be1b27
:10114000fc563e4bc6d279209adbc0fe78cd5af4cd
:101150001fdda8338807c731b11210592780ec5f13
:1011600060517fa919b54a0d2de57a9f93c99cef6f
:10117000a0e03b4dae2af5b0c8ebbb3c8353996170
:10118000172b047eba77d626e169146355210c7dae
:020000040000fa
:020000040102f7
:101190002de9f04704688c428eb0884645d2064659
:1011a0009146154616e0ab6853b1eb68002b53d15e
:1011b0001021012021f0cefde860002851d0054625
:1011c00097e8070085e80700029c33681c44444503
:1011d00034602bd22822002104a820f0adff234642
:1011e0006a4613f8014b336041463046019410f0d3
:1011f000d5ff824628bb019b3168009a039103f01a
:10120000c003802b029222d101af384604a9f5f722
:10121000d1ff044610b110f5025f27d1049b042bc7
:10122000c1d10b9820f00cfebde71546144b0022ef
:10123000a04514bf1c4614462046ea600eb0bde827
:10124000f087a0f5145420460eb0bde8f0870d4c91
:1012500020460eb0bde8f0870b4c20460eb0bde82e
:10126000f0870a4c20460eb0bde8f087d9f80c0094
:1012700020f0dcfd2046c9f80ca00eb0bde8f087d8
:101280009adaffff9edaffff00dbffff96daffff2f
:020000040000fa
:020000040102f7
:10129000982f8a4291443771cffbc0b5a5dbb5e9e1
:1012a0005bc25639f111f159a4823f92d55e1cab55
:1012b00098aa07d8015b8312be853124c37d0c55e3
:1012c000745dbe72feb1de80a706dc9b74f19bc12b
:1012d000c1699be48647beefc69dc10fcca10c241b
:1012e0006f2ce92daa84744adca9b05cda88f976ff
:1012f00052513e986dc631a8c82703b0c77f59bf69
:10130000f30be0c64791a7d55163ca066729291494
:10131000850ab72738211b2efc6d2c4d130d385331
:1013200054730a65bb0a6a762ec9c281852c7292f3
:10133000a1e8bfa24b661aa8708b4bc2a3516cc721
:1013400019e892d1240699d685350ef470a06a105a
:1013500016c1a419086c371e4c774827b5bcb034a9
:10136000b30c1c394aaad84e4fca9c5bf36f2e6847
:10137000ee828f746f63a5781478c8840802c78cd6
:10138000faffbe90eb6c50a4f7a3f9bef27871c6d9
:020000040000fa
:020000040102f7
:10139000544c532d45434448452d45434453412d1a
:1013a000574954482d4145532d3235362d43434d31
:1013b0002d380000544c532d45434448452d45439a
:1013c0004453412d574954482d4145532d3132380e
:1013d0002d43434d00000000544c532d45434448d9
:1013e000452d45434453412d574954482d414553bc
:1013f0002d3132382d43434d2d380000544c532da0
:1014000050534b2d574954482d4145532d323536b5
:101410002d43434d00000000544c532d50534b2d91
:10142000574954482d4145532d3235362d43434db0
:101430002d380000544c532d50534b2d57495448d0
:101440002d4145532d3132382d43434d00000000ce
:10145000544c532d50534b2d574954482d4145530f
:101460002d3132382d43434d2d380000544c532d2f
:1014700045434a50414b452d574954482d4145530a
:101480002d3132382d43434d2d380000000000bf70
:020000040000fa
:020000040102f7
:1014900038b53b4ca37883b323782bb12378022b48
:1014a00002d023780b2b28d1364d2b6873b1002343
:1014b000a370354b5b7fa3b9237f93b394f820309f
:1014c0007bbbe37f6bbb1df0adfe13e08c2017f000
:1014d000f5f828600028ead10123a3701ef064fe0d
:1014e0000be00620f0f776ff21f0e2fc00f01f0091
:1014f0000628f6d1002021f0d9fe2448437a2bb1ea
:10150000002110f0e1fe08b10cf048fe2378013b09
:10151000092b33d8dfe803f0151a32262e2a32328f
:101520001e221620f0f756ff21f0c2fc00f01f002b
:101530001628f6d10023042210212e201af014fdc3
:10154000d8e70020bde8384008f040bcbde838408e
:1015500007f014b8bde8384012f030b8bde83840a4
:1015600011f088bcbde8384017f048bfbde83840ee
:101570000ef042b8bde838400bf0a6be38bd00bf43
:101580009c100020dc000120ca1000207c100020ec
:020000040000fa
:020000040102f7
:1015900038b53a4b3a4ad3f8243d934205461ad916
:1015a000027e9107c2f3800341d5002b57d1697e9b
:1015b000ab6811f0f00f23f07c4247d14ff4fa747e
:1015c0003ab1c3f319039c4228bf1c46002c08bf44
:1015d0000a24204638bd4ff47a7404fb03f4027edb
:1015e000b4f57a6f88bfa4f57a64c2f380039207da
:1015f00002d5b4f5fa7fd8d243b1b4f57a7f28bfcb
:101600004ff47a741f481ef081ffc0b9697eab6841
:1016100011f0f00f23f07c4201d0bb2c16d8002a29
:10162000d4d0c3f319039c4228bf1c46cee7cbb1ec
:1016300014484ff47a741ef069ff0028e6d0114870
:101640001ef064ff844228bf0446dfe7bc24002a62
:10165000bfd0c3f319039c4228bf1c46b6e74ff422
:10166000fa74cfe7417e836811f0f00f23f07c42db
:10167000ecd1054c002aa4d1abe700bf38c500204f
:0c1680009ac420001ccf0020d8edff7f92
:020000040000fa
:020000040102f7
:10168c00f0b5002285b005460e4618f0a5f908b154
:10169c0005b0f0bd4ff0ff240290adf80c000a220b
:1016ac0001a9306801941bf097fc0028f0d1328915
:1016bc000132328195f87940002c35d02d4fe880dd
:1016cc00d7f82c4134b944e0e37c6ff34103e37465
:1016dc006469d4b1a37c9a07f6d5db072046f3d511
:1016ec001df016fa0028efd032462146284611f09c
:1016fc005bf80028ccd1e37c43f00203e374eb8865
:10170c000133eb806469002ce4d1eb880bb300222d
:10171c003146284618f060f90028b9d131462846e0
:10172c000ff006fe05b0f0bd95f87830002beed02a
:10173c002346696f324601eb0311284611f034f849
:10174c000134e3b20028a3d195f878209a42f0d85e
:10175c00dde732460849284611f026f8002897d1d3
:10176c0097f8e33e43f0020387f8e33eeb8801333e
:0c177c00eb80cce738c5002008d400202a
:020000040000fa
:020000040102f7
:101788002de9f04f91b00e46009392461c46b5895c
:101798000395134606a90df11502bdf86870804639
:1017a800eef770f840bb06a9282230461bf016fc5d
:1017b800814608bb282130461ff0eefb9df81550e6
:1017c8004ff0000c3b46224631464046002d36d0ad
:1017d800a5888db125682d7805f0f00ebef1e00fd3
:1017e80005f0f80b0ed0bbf1f00f05d18df815c040
:1017f80015f0d2fd0028e1d04ff00609484611b097
:10180800bde8f08f05f0010305f00e050e2d06d09a
:101818008df81530fef790fd0028cfd0ece70121b8
:1018280020468df815c020f017fd00972346524634
:1018380031464046fff7a4ff0028bfd0dce7a7b138
:10184800039ba7f12804e41a64baa4b20399adf87b
:1018580016400431304689b202230df1160213f006
:10186800a5fd484611b0bde8f08fa488b389283c8f
:0c1878001c44039be41a64baa4b2e7e726
:020000040000fa
:020000040102f7
:101884002de9f0458fb08a46164604a82622002189
:101894001f46364d20f04efc41f6b8024ff2bf030e
:1018a400aa5aadf832304ff6fe739a4248d0272137
:1018b40005f5ec701df06cfd8046a0b10e233601d9
:1018c400022203a98df80d608df80c301bf088fb03
:1018d400044670bb3246514640461bf081fb044629
:1018e40038bb2fb1fee7032420460fb0bde8f085d6
:1018f40095f80b3d9a0707d495f8663d1b0703d06e
:10190400b5f8683d022b20d041f6b8031849ea5acd
:1019140008a81cf0d9fa04a81ff038fd179b0093ff
:1019240004aa169b134841461df052fd04460028a4
:10193400dad0404620f048f820460fb0bde8f085e4
:101944000d2420460fb0bde8f0850df10b010a48c7
:101954001ef060fc04460028ebd105f6085008aae6
:101964009df80b101ff0a6fcd5e700bf38c500207a
:0c197400e8d3002010c70020f0dd0020a8
:020000040000fa
:020000040102f7
:10198000c368d9688b6a2de9f041d1e907425d68e7
:10199000a26001f1180054608542304c08bf5a60c3
:1019a0001a682468013a00258d621a60ca6a002c00
:1019b00046d18b684869cc689c604568cc68dff884
:1019c000b4c063600e1db54202eb8203244d08bf14
:1019d00044609b000468ef1804f1ff3e7c68c0f887
:1019e00000e0a068dcf800e0c8600120904040ea18
:1019f0000e0055f803e0d4f80880ccf80000dff8ba
:101a000078c08c600ef10100c8f80460a660dcf8b4
:101a100000404f61e85023686bb11ff075feca6a41
:101a2000104b1b68db6a93423dbf0f4b01201860cf
:101a30000020bde8f0810d4b4ff0ff311960efe75a
:101a40000b4bd3e90054a6680e62a668cc61013541
:101a500070601d60a0608b62e2e700bf9c00012007
:101a6000bcfb002088000120c0000120ac00012048
:0c1a7000ecfe0020a40001208c000120ee
:020000040000fa
:020000040102f7
:101a7c002de9f0418d188ab08c46002406461f468d
:101a8c00294605aa06a83023cdf818c08df80e40bb
:101a9c008df80f401cf058fc28b1a0f5745420466a
:101aac000ab0bde8f081dde9052303eb02084146ed
:101abc0004aa06a821f02efb0028eed1049b002bd3
:101acc0043d10df10f02009207ab0df10e0241460e
:101adc0006a80ff07ff904460028e0d105aa41467c
:101aec0006a804231cf030fc0028d6d1059b83b338
:101afc009df80e001ff006fd48b3014630461af063
:101b0c00edff04460028cad19df80e30023b012b94
:101b1c001dd807a8314619f063ff044688b9109bfd
:101b2c000093dde905213b463046faf733fa0446cb
:101b3c0038b9dde90513084a0b449d4218bf144619
:101b4c00ade730461ef0d0f8a9e7044ca7e7044ceb
:101b5c00a5e7044ca3e700bf9ac2ffff80c2ffffba
:081b6c0080c3ffffa0c2ffffd0
:020000040000fa
:020000040102f7
:101b7400002a73d02de9f047d76890b0002f6bd0be
:101b8400d2e90436b34267d390699b1b834263d383
:101b9400084615460c461df081f903283e445bd1e6
:101ba400d4e901139942aa694ad0072a44d9696938
:101bb400083a0831c5e9051206f10807216991427e
:101bc4003ad8521a0821aa6109a80096019104f191
:101bd40024020c210ff088fe2369286869682e8b83
:101be400d5f818a095f808e0b5f809c0069308aa36
:101bf4000592d5e90328a7eb020903eb0a02029236
:101c0400a8eb09080d220cab0397cdf810800197bf
:101c140003c3009276ba0cab09a96268adf83b60c5
:101c240004f174008df838e0adf839c00ff00cf908
:101c340048b110f5c64f00d1094810b0bde8f0878f
:101c440037462e46bae7a969089a064b914218bf4f
:101c5400184610b0bde8f0870248eee70148704727
:081c6400808effff0094ffffda
:020000040000fa
:020000040102f7
:101c6c00f8b50368846f5b79012b12d0032c67d90c
:101c7c00c16e354a8b784d78c9781b0243ea05430f
:101c8c000b430433c0f898309c4234bf10460020fc
:101c9c00f8bd0b2c54d9c26e53789578d1781b04af
:101cac0043ea05230b430c33c0f89830d579967969
:101cbc0091785778937a92f803c02d0245ea06453d
:101ccc000902167a41ea0741577a35431b0241ea69
:101cdc000c01d67a43ea0743a94243ea06032fd301
:101cec00491b8b422cd80c339c4229d3816bc9b134
:101cfc00938844685bba1a2c9bb21bdcd1f8644203
:101d0c009c420fd0a3421dd8d1f8781201399942c8
:101d1c0006d11378032b03d0f5f75af90028b7d165
:101d2c000a48f8bd13f078ff094b012814bf0020b6
:101d3c001846f8bd1478012cf4d0d1f86442e1e7d0
:101d4c000448f8bd0248f8bd808fffff809affff62
:081d5c00809bffff008effffda
:020000040000fa
:020000040102f7
:101d64002de9f0410368dff8e88003f0c00382b096
:101d7400036004460e4620f079fa207120f076faca
:101d840000252f4b6071a360a571404621f012f924
:101d94000b230f22e0603146a2612374237765820e
:101da4006561c4e9085504f128001ff057f923467a
:101db4002449254ac4e92f1543f8c42f04f5b0700b
:101dc400c4f8cc30c4f85851a4f85e511bf078ff25
:101dd4006846c4f8a452c4f8a852c4f8ac52c4f873
:101de400b0521ff023f988222946a4f85c5104f16b
:101df400d00020f09ff92378264643f0010306f82b
:101e04002c3b30461af0c6fa08f65c1009f0b6fd11
:101e14002189204619f0a8fa694630461ff08af94c
:101e240004f529773046618e20f0c4fd38462a46f1
:101e340006491ff007f9204602b0bde8f08100bf53
:101e4400ffff0b0b4d29040141290401280504015e
:041e540038c500206d
:020000040000fa
:020000040102f7
:101e58002de9f0410024f6b040230d46064617460a
:101e6800084616aa2146cde90244cde90444cde945
:101e7800064408941ff09cf89df85830033b012b4a
:101e880002d89df8893013b976b0bde8f0813b4699
:101e98002a4602a9304619f01bfb2146342209a81c
:101ea80020f046f9ff222146adf834200df1d8087c
:101eb80002a809ab26aa4027cde92645cdf83080ef
:101ec800adf8a07001f06af904460028dcd10df1e4
:101ed80036001ef0f7fb0028d6d021463b4626aa3e
:101ee80028468df85840adf85a408df888401ff0c4
:101ef8005ff8ddf8ccc026ab00932246bcf1000f9a
:101f080008bfac46434616a93046cdf88cc00ef043
:101f1800e9fd04460028b7d116aa269930460123c0
:101f2800f7f7e4fb3b4616aa214628461ff040f87f
:101f3800269b249316aa3b462146284613f036fad8
:041f4800a2e700bf4d
:020000040000fa
:020000040102f7
:101f4c002de9f041cc7805460734487801ebd404f0
:101f5c000e46043400f1020c06eb0c039c423cd2fe
:101f6c002378da0727d55b104bd0022b47d10321fe
:101f7c00304612f01df86378a11c1a1fd14238d2da
:101f8c002b4f0a460ee098b1837803f00f033b43c6
:101f9c005bba9bb222f8043b6378a3f1040c8c442b
:101fac00624526d853885bba03f44063002bead110
:101fbc004ff6ff63eee767780237ffb228463a46e2
:101fcc00214619f057fc7078c01bc0b200f1020c0e
:101fdc0006eb0c039c427070c2d3f3780733a0eb72
:101fec00d300c0b2a0f10200b0fa80f04009bde805
:101ffc00f081707800f1020c02331c44ace763787a
:10200c00fae76378a71cda1ed742f5d23a464ff0ae
:10201c00ff386ff0010e00bf82f8008082f801e0fb
:10202c006378d91e033239448a42f5d9e4e700bffc
:04203c0000fcffffa6
:020000040000fa
:020000040102f7
:10204000002962d084462de9f043374a374e384f95
:1020500000200cf1010e16e09468d568d2f81080cb
:10206000631c434528bf00239d4230d075681cf88f
:10207000008005f00705012d36d007f804800130f7
:102080008142936023d9736803f00703012be3d1e6
:102090009568d468d2f810806b1c434528bf002394
:1020a0009c4214d0d6f804801ef810901cf8104002
:1020b00008f0070844ea0924b8f1010f5ffa84f92f
:1020c00019d00130814207f805909360dbd8916800
:1020d000d36899423cbf12698918cb1a13b1134bcc
:1020e00001229a75bde8f0836500013507f8148078
:1020f00000247c55c3e74fea450808f10108240a8b
:1021000007f8159007f80840b9e7074a08469168ac
:10211000d36899423cbf12698918cb1a1bb1034b93
:1021200001229a757047704720fd0020000c004086
:04213000f0ef0020ac
:020000040000fa
:020000040102f7
:102134002de9f041aeb006ad044628468846164661
:1021440020f0fcff0ea821f039f908a820f0dcfdee
:102154000aa820f0d9fd02201ff0d8f9014628462c
:102164001af0c0fc80b1012428461df0c1fd0aa864
:102174001df0defd08a81df0dbfd0ea820f0feff1b
:1021840020462eb0bde8f081244f0290cde900072f
:10219400034694f87d2021462846f9f7a9ff044612
:1021a400002839d195e803000cab83e803001846f6
:1021b40020f098fd0238022894bf0d9921460ea8fc
:1021c40016f0faff20bb09232024cde90370cde9e2
:1021d4000143cdf8008026ab0aaa0deb04010ea83a
:1021e4001cf0f2f8a0b908a820f0d8f9202800d9ea
:1021f400fee72246314608a81ff048fe40b92246b1
:1022040006f120010aa81ff041fe04460028abd0c5
:10221400f5f71efd0446a7e70624a5e7e12204011d
:020000040000fa
:020000040102f7
:10222400f0b501f1310323f0010387b093f90130d4
:10223400002b074623da00f10c030fcb02ad85e82f
:102244000f0006248df8074029462f481ff030fb65
:1022540030b9022438461ff0e3fc204607b0f0bd35
:1022640029462a481cf0d6fcf0b19df80740062cfc
:1022740048d8dfe804f0332a25201b1b1b000e4638
:102284000df10702042130461cf0bafa0446002876
:10229400e0d102ad01462a46304610231af0dafd99
:1022a40004460028d0d0d5e70446d3e7384615f0d5
:1022b4002df80024d1e7384619f0c6fa0024cce7fb
:1022c400384614f0ffff0024c7e707f12c04214629
:1022d4000e481cf09ffc38b90446bee712f024fef9
:1022e400032338627b77b8e7384614f0ebff012309
:1022f4007b7712f019fe21463862044815f016fd6a
:102304000024aae70024a8e7f0dd002064c600202a
:020000040000fa
:020000040102f7
:102314002de9f04316884f1c46f00804148087b05a
:1023240084463d46022400bf15f8010f28b9013444
:10233400102cf9d107b0bde8f08398464b78022bf6
:102344000d4691462cd00c2c35d80a2c10d946f0c9
:102354000902a9f80020697840461bf071fb0028a7
:10236400e8d105f10b01404605221bf0a5fbe1e78e
:1023740001aa604600211df04bfbea789df8143059
:102384009a4205d101a80822291d1ef0adfc18b3fc
:102394002946404610221bf08ffb07b0bde8f083ae
:1023a4000f2cd0d146f00b02a9f80020c97b40467f
:1023b4001bf046fbbee746f00a02a9f80020697844
:1023c40040461bf03dfb0028b4d105f10d01404609
:1023d40003221bf071fbade7b9f8003043f00403ae
:1023e4003946a9f80030022240461bf065fb00285c
:1023f400a0d105f10c01404604221bf05dfb99e7d6
:020000040000fa
:020000040102f7
:10240400f0b585b01446064602a80f461d4620f0d6
:102414007bfc204600211af07dfba8b929463046f2
:10242400f8f7ccf9044628b102a81df081fc204637
:1024340005b0f0bd38461bf00ff8044602a81df0a5
:1024440077fc204605b0f0bd012120461af062fb5e
:1024540088b930462946f8f7b1f904460028e3d193
:10246400294638461af0aefa044602a81df060fc6c
:10247400204605b0f0bd4ff0ff3120461af04afb6c
:1024840020bb29463046f8f799f904460028cbd1f9
:10249400294638461af096fa04460028c4d108376b
:1024a400014638461af036fb3a460546311d02a865
:1024b40020f050fe04460028b6d12a1c18bf012281
:1024c400384602a90bf084f90446ade74ff0000c3e
:1024d40022462b463946cde900cc3046eef754f976
:1024e400044602a81df024fc204605b0f0bd00bf40
:020000040000fa
:020000040102f7
:1024f40091422de9f843064602d8531a012b07d816
:102504003046354a322120f069f83348bde8f88373
:102514000c46806b34f8027b1546203028220021bb
:102524001ff008fea542ebd37fbabfb22b1bbb4200
:10253400e6d3e3199c4238d2012fe1d9b6f80880da
:10254400002740f2033eac4634f8021bf04549ba7a
:102554008db20dd07a1c132a04d81037b06b20f832
:1025640017101746a3422dd91a1b012aecd8c7e726
:102574002a0a033a012af5d8eab2032af2d1b26b45
:10258400d6f8009012b1107a012817d0d9f85c005f
:102594000028e7d002882ab9e4e700bf30f8022f08
:1025a400002adfd0aa42f9d1d4e7a542a8d1304607
:1025b4000a4a282120f012f80848a7e7d06c00281e
:1025c400e8d1e3e7a4459bd1002ff0d0b36b1037db
:1025d400002023f8170099e7008dffff0092ffff0a
:020000040000fa
:020000040102f7
:1025e4002de9f0438db0b2f5806f149f6cd8b7f528
:1025f400807f66d8054614460e4620220021684690
:1026040098461ff097fd2969ea69914202dc6b69db
:10261400002b44d03a4641460023284602f050ff9e
:102624008146c0bb54b305f1200805f10c073a46b6
:1026340013681bba013319ba11604bb9aa4207d007
:10264400043a13681bba013319ba1160002bf5d090
:1026540008ab2a46012140461bf0eefd8146b0b985
:10266400102ca14628bf4ff0100930464a4608a94d
:102674001ef048fbb4eb09044e44d8d16946284601
:1026840006f0bcfe814610b92b6901332b61684604
:1026940030211ff00ffc48460db0bde8f083002f39
:1026a400c0d03a4641466846f4f768fe81460028a1
:1026b400edd16946284606f0a1fe81460028b1d036
:1026c400e5e76ff03709e6e76ff03509e3e700bfa8
:020000040000fa
:020000040102f7
:1026d40038b5437823bb027812f0010340d0438815
:1026e4005d06044613d5062242704ff6bf721340ae
:1026f40004f1c405638028461ff048f96378062b6b
:102704000ed8dfe803f03328231e1e1e130099079a
:1027140007d45d072fd5022242704ff6fb72e6e71d
:1027240038bd012242704ff6fd72e0e7e17a04f110
:102734002c001bf0edfa28466421bde838401af05d
:10274400e1bb2046bde83840faf7c4bd2046bde8e9
:10275400384008f073b92046bde8384016f0ecb8ac
:102764004380bde83840c4301ff010b92046bde8ae
:10277400384012f03db8190711d49d06c3f3001177
:1027840012d5b1b1920714d4028802f0fd0242f4ca
:10279400806242f0020202804ff6ef72a7e7032242
:1027a40042704ff6f772a2e70029dfd0042242708c
:0c27b400f2e7052262704ff6df7298e732
:020000040000fa
:020000040102f7
:1027c00038b508461d46144619f026f825285ad86b
:1027d000dfe800f01a5959595959215959595928be
:1027e00059595959595959592f5959595959363dc2
:1027f000595959595959444b52132a46214623488d
:1028000016f07cfa012038bd2a462146204804f003
:10281000b7fe012038bd2a4621461e480ff02efb88
:10282000012038bd2a4621461b4820f079fd0120b1
:1028300038bd2a462146194800f094fd012038bdd4
:102840002a462146164820f06dfd012038bd2a4653
:10285000214614480af0fefe012038bd2a462146d2
:10286000114812f0bff9012038bd2a4621460e4812
:1028700013f0dcfe012038bd2a4621460a4808f044
:1028800051fa012038bd002038bd00bf18de0020fd
:10289000d0d40020e4de002000ce0020b4de0020f2
:0c28a0002cce002090de002001d700208c
:020000040000fa
:020000040102f7
:1028ac00f0b585b004460a9d0088b5f80cc06e8959
:1028bc00a6eb0c068e461ffa86fca178adf802c07a
:1028cc001f460ef1ff330ef10f0e00bf13f8016f10
:1028dc0001b936020644b6b2864206f1010034bf95
:1028ec0080b2304681f001019e45a1702080edd16f
:1028fc00531e02f10f0600bf13f8012f01b912028b
:10290c00024492b2824202f1010034bf80b21046fe
:10291c0081f001019e42a1702080edd161462046dc
:10292c0015f0def9394615f0dbf901ab0df10202b9
:10293c00a98928460af088fdbdf8086016b30198ed
:10294c002288a178013e10fa86f6013810f8013f72
:10295c0001b91b0213449bb2934203f1010234bf31
:10296c0092b21a4681f001018642a1702280edd10b
:10297c0001aa0df1020128461ff09cfcbdf808606d
:08298c00002edcd105b0f0bd06
:020000040000fa
:020000040102f7
:1029940010b50446816c16f08ffb2268d4f8c4107d
:1029a400a36b12799b69043120469847d4f8c4304c
:1029b400142210201621c4e932101a70a26b137865
:1029c400002b46d023681979e1b90f216160587949
:1029d400012804f1d4011ed00022c4f8d4204a6096
:1029e400a16c626b2164e2625b79012b36d0012217
:1029f40011462046f3f732fe18b923685b79012ba0
:102a040030d010bd0129e2d10a2161605879012832
:102a140004f1d401e0d1236cc2f87c32086849681f
:102a2400c2f88412c2f8800294f8d5300133002130
:102a3400dbb2c4f8d610a4f8da1084f8d530b3b9f0
:102a440094f8d4300133dbb284f8d4307bb909482c
:102a540010bdd4e9003101316160b8e7204619f0b6
:102a6400c7f8c4e72046bde81040f4f7b5ba2368b8
:082a7400b6e700bf8094ffffec
:020000040000fa
:020000040102f7
:102a7c00c388ca88f0b47bb103f18045013d04687a
:102a8c0054f8256004eb850426b13de054f8045d50
:102a9c00002d39d1013bf9d19ab302f18044013cac
:102aac000f6857f82430002b48d107eb840402e060
:102abc0054f8045d9dbb013afad113b3b0f904008c
:102acc00f0bc7047002a02ddbcf1000f41d103f1cc
:102adc008043013b066857f8234056f823009b00bf
:102aec00844206eb030107eb03022cd307d92de03c
:102afc0051f8045d52f8044da54224d826d38e42d9
:102b0c00f6d10020f0bc7047002ad7d002f18044e7
:102b1c00013c0f6857f82450002dc6d000e06bb173
:102b2c009342cbd80ad3b0f904c0b1f90420bcf15c
:102b3c00000fc7dd002acada0120c1e7b1f9043061
:102b4c00f0bc584270476046f0bc7047ccf10000b6
:082b5c00b6e74ff0ff30b3e7cc
:020000040000fa
:020000040102f7
:102b64000023834200d1704700bf00bf00bf00bff5
:102b740000bf00bf00bf00bf00bf00bf00bf00bf59
:102b840000bf00bf00bf00bf00bf00bf00bf00bf49
:102b940000bf00bf0133e4e7034a536823f4006332
:102ba40043f00103536070470040014108b550b938
:102bb4005d20faf7c9f94ff6ff3101405d20bde809
:102bc4000840faf7a9b95d20faf7bef940f480612c
:102bd40089b2f3e7054a41f20403d15818b921f048
:102be4004001d150704741f04001fae70020014113
:102bf400054a41f20403d15818b921f00201d15019
:102c0400704741f00201fae70020014108b50c4b7e
:102c14005a6842f400025a605a6ad106fcd540f25e
:102c24007710fff79dff074ad2f8303443f0800352
:102c3400c2f83034024b1a6ad203fcd508bd00bf77
:082c44000040014100200141a4
:020000040000fa
:020000040102f7
:102c4c002de9f04190f8fe300344984282b056d200
:102c5c002d4f05460446002603780c2b0fd8dfe8d1
:102c6c0003f031472c230e1e0e190e0e0e0e07000c
:102c7c0016f0fefd69460090384606f0dbf920465a
:102c8c001ef026fe95f8fe3020442b44984237d295
:102c9c000446e1e7811c1d480ff054f8efe7811c56
:102cac0038460ef02bf8eae7014668461ef014ff92
:102cbc00694617481ef0fcfee1e7811c154817f029
:102ccc0099fddce7b0f80380134898fa98f85ffa9e
:102cdc0088f841460ff018fc06460028cfd01ef0ad
:102cec00e1f8424603460d490d481cf0ddfbc6e7f2
:102cfc004188094849ba89b218f032fbbfe700266f
:102d0c00304602b0bde8f08194ce002040d20020c5
:102d1c006cce002064ce00201ccf00200498030150
:042d2c00801104010d
:020000040000fa
:020000040102f7
:102d30004389002b6ad02de9f043884683b00446ce
:102d400029e06a461546022313f0a6ff6a786389d4
:102d5000961cb3422bd395f80090b9f1000f2ad1fd
:102d6000042a24d1606804f1080788b306236a4660
:102d700039461cf01ffc2a78d5f8023052b3d8f837
:102d8000003043ea0903c8f80030314638461ef0e7
:102d90009bf86389c3b1012b09d960682189002898
:102da000cfd125680d446a78961cb342d3d2062051
:102db00003b0bde8f08304f10807314638461ef041
:102dc00083f86389002be6d1002003b0bde8f083cf
:102dd000d5f80230dff838901bba5a005b0803f0d0
:102de000553302f0aa321a439300910801f03332ae
:102df00003f0cc3313431a091b0102f00f3203f026
:102e0000f03313431bba03ea0909b8e700207047ff
:042e100000f8ff07c0
:020000040000fa
:020000040102f7
:102e140070b502788cb000230546cde90233cde9c4
:102e24000433adf818307ab190f8a0300c46052b75
:102e340052d8dfe803f009090951092507ac0fcc82
:102e440002ae0fc62368338002a81df03dfca8b96a
:102e5400b5f84e20bdf818309a423fd095f87a3034
:102e640013b1002385f87a300122114628460bf06d
:102e7400effb02a92846012209f0cafe0cb070bd7e
:102e8400012624b195f87a30012bddd800240023e3
:102e9400cde90733cde90933cde90033adf82c3062
:102ea40007ab324669461248fdf770ff88b9002c1b
:102eb400c4d1bdf82c20b5f84e309a42f0d110227e
:102ec40007a905f13e001df00fffb0fa80f4640974
:102ed400e6e7002cdbd1b7e70026d2e7102202a9ef
:102ee40005f13e001df000ff0028c7d0b6e700bf83
:042ef40000d70020e3
:020000040000fa
:020000040102f7
:102ef8002de9f04f056883b0a1eb050cbcf1000f7c
:102f08009df830909df834a060dd95f800c0bcf1c4
:102f1800300f4dd101359046056001aa04460e4692
:102f28001f460ff037f9834600283dd12368019ae0
:102f38001a44964247d1b34236d25a1c22601d78b1
:102f480008ea0503bb420dd032e00eeb0c03b34296
:102f580003f1010227d222601ef80c5005ea08038b
:102f6800bb4225d101aa314620460ff013f909eae0
:102f7800050318bb5345d4f800e0ddf804c0e4d1dc
:102f88002946dde90e5063467246002dddd0a8477c
:102f9800a0b9d4f800e0ddf804c00eeb0c03b3428e
:102fa80003f10102d7d32360584603b0bde8f08f80
:102fb8006ff0610b584603b0bde8f08f8346584662
:102fc80003b0bde8f08f6ff0650bede76ff05f0bb6
:042fd800eae700bf65
:020000040000fa
:020000040102f7
:102fdc008b4228bf0b462de9f041dd08c91a069c2f
:102fec0003f00703002d48d06e1e88469c46002532
:102ffc0052f8087b50f8083b52f804ec50f8041ccb
:10300c00e4fb6735e4fb6e1540f8083c40f8041c03
:10301c0052f8087b50f8083b52f804ec50f8041caa
:10302c00e4fb6735e4fb6e1540f8083c40f8041ce3
:10303c0052f8087b50f8083b52f804ec50f8041c8a
:10304c00e4fb6735e4fb6e1540f8083c40f8041cc3
:10305c0052f8087b50f8083b52f804ec50f8041c6a
:10306c00e4fb6735e4fb6e1540f8083c40f8041ca3
:10307c0016f1ff36bcd2634641465e1e53b100bf0b
:10308c0052f8043b0768e4fb637540f8047b16f1c7
:10309c00ff36f4d24a1e49b10368013a5d1940f873
:1030ac00045b2cbf01250025531cf5d12846bde837
:0430bc00f08100bfe0
:020000040000fa
:020000040102f7
:1030c0002de9f0412d4f3b78804603f0ff043bb1e2
:1030d0007b780f2b0cbf812486242046bde8f0812d
:1030e000274d4ff08046c5f88060bff34f8fbff388
:1030f0006f8f244b07221b7880210123152018f0a5
:103100007eff10232246ff210e2018f078ffc5f81d
:103110008060bff34f8fbff36f8f202385f81e337e
:10312000c5f880612e60184b022219790620f2f74b
:10313000a7ff50b9234607228021152018f05fff12
:10314000124b0c221a708524c7e7204620f0aef8f7
:1031500004233b700e4bff221a704ff470700d4b1e
:1031600000fa08f01c7000f570700b4bc008186076
:103170000a4b18600a4b1c70afe700bf9c10002080
:1031800000e100e00f000141c41000200e000141e9
:103190000700014121010120e0000120e40001209d
:0431a00020010120e9
:020000040000fa
:020000040102f7
:1031a400f0b58db01c680025cde90555adf81c506f
:1031b400002c47d18668002e60d0002945d1018ab1
:1031c400b0f812e0adf812101c464ff0100c212399
:1031d40008af054600920193724630460df1120184
:1031e400cde9027c002309f097fd60bb099ebdf880
:1031f4002e10bdf82a20bdf82c30059052ba5bbac7
:1032040036ba49bae28023812660a180e268a868c0
:10321400bdf812300690adf81c3042b30092012183
:10322400268a0196103b02919bb201460df11202cf
:10323400384611f0d9fb30b904f1120630461df0be
:1032440043fa40b900200db0f0bd818ab0f816e011
:10325400adf81210b8e72434cde900642846002301
:1032640005aa012107f084fe1728ecd1eae70df145
:10327400120118f07df90028ded0e4e71720e2e718
:020000040000fa
:020000040102f7
:10328400f0b59fb0074603a81df058fe07ad002314
:10329400194626222846cde912331ef04bff07f1ca
:1032a400380105a815f0c8fa059c34bb51e0cdf8e7
:1032b40050c08df876e06189343989b212f078f81b
:1032c40019ab0fcb15ae0df12c0c8ce80f0096e862
:1032d4000f00bdf87460adf83e6085e80f0021462c
:1032e4002a46384619f08ef9149903a81bf018fbe6
:1032f40005a816f095f9059c5cb36189343989b247
:10330400342311aa20461df055fe0399149e01f69c
:10331400b83c891b002920464ff0340311aae3db93
:103324009df87660012e06f1010e2146bfd938467c
:1033340016f0b0fb12991c20002200230029d7d0dc
:1033440000901398884705a816f06af9059c002c8c
:10335400d3d103a907f13c0019f0eafd1fb0f0bd79
:020000040000fa
:020000040102f7
:10336400f0b501f1310424f0010485b06378022b37
:1033740001d005b0f0bd0d46174606460df1030217
:10338400362128461bf03cfa0028f2d102aa372144
:1033940028461bf047fa0028ebd10df10a02382128
:1033a40028461bf03ffa0028e3d103a9284618f069
:1033b40077f80028ddd1306a08b11ef005fb13212f
:1033c4001e481cf06dff30620028d2d003991cf017
:1033d400aff90028cdd13923022201a9306a8df832
:1033e400043019f0fdfd0028c3d1039bbdf808107b
:1033f400bdf80a209df803c07077c6e90433318311
:10340400728306f1240086f81cc04ff47a7119f017
:1034140079fd3b4653f8100f59689a68db680fc66c
:10342400237813f0300fa4d13b78ff2ba1d03a4678
:10343400294602481af0f0fa9be700bf10c70020a3
:020000040000fa
:020000040102f7
:1034440070b590f834309c0788b021d58269fab100
:1034540043f008030d6880f8343053795b091bd0be
:10346400032b13d12b4b0124b3f8643dadf8143076
:1034740005aa234629468df81c4006f035fa2b7f11
:1034840028466ff341032b7708b070bd5389c3827c
:103494000025284608b070bd0446102110461cf0d3
:1034a4007dff38b329461c4816f0b6fc05460028b3
:1034b400eed0a26994f83430608e218e019103f02d
:1034c40001030026029000932946039604f11c038d
:1034d4002046f0f7ddf80b21e082a0691cf05effc6
:1034e4000028ccd0a3691a799207c8d55b89e382f6
:1034f4003546cee709481df0edfda2690028d9d074
:10350400937903f00f03012bd4d1137943f0020311
:103514001371cee738c5002060d400201ccf0020f2
:020000040000fa
:020000040102f7
:103524002de9f041044682b001aa6946b0f86c5016
:1035340009f024fa94f86e30da0904f180004ad1d3
:103544002388616f05eb85051b064fea45152ad4d0
:10355400019b19441df00afd94f86e3043f080037a
:1035640084f86e301ff062f8009e616f07462944ac
:1035740021486167ddf804801ff00efc238813f0f6
:10358400800fa3781bd013f0fd0f09d094f86e10b0
:10359400194801f07f0108eb06033a461ff0d6fef6
:1035a40002b0bde8f081009bc91a29441df0defc7d
:1035b400009e616fa6f5a07600968f1bd7e7072bb8
:1035c400eed194f86e100c4801f07f0118f0acfbba
:1035d40002b0bde8f081616f009a6ff3c71384f8fd
:1035e4006e30891a1df0c2fca378072bd8d102488b
:0c35f40016f0d4fdd4e700bf38c500205d
:020000040000fa
:020000040102f7
:1036000070b5002384b04b600b8128220c460a3130
:10361000cde9013303938df80620064612f00af82f
:10362000054610b1284604b070bd738820684ff479
:1036300080755bba0c2201a9adf80850adf80e50a8
:10364000adf8043019f0cefc05460028ead1216817
:103650004b89a380f06e1bf073fa05460028e1d178
:103660001d4b206800930422694619f0bbfc0546f7
:103670000028d7d121463046f7f740fc0546002800
:10368000d0d121463046fef701f805460028c9d1c1
:1036900023892068294601aa5dba0c23adf80c5095
:1036a00011f088fe214630460ef0bcfa054600288f
:1036b000b8d130462146fdf7ddf805460028b1d1e6
:1036c000206801aa4ff400740c232946adf80e407f
:0c36d00011f070fea6e700bf000600012c
:020000040000fa
:020000040102f7
:1036dc004378023b022b00d9704730b50d4685b0bc
:1036ec0004460df10602002128681bf097f808b17a
:1036fc0005b030bd02a9286818f03af80028f7d1b7
:10370c0062782b69022a1cd0002bf1d09b7f03f02e
:10371c000f03072becd12378d90733d4e378224954
:10372c00da074bbf41f2a70341f2a6039df80d2027
:10373c009df80e20cb5c9b1a1b0623d402232b7501
:10374c00d6e704f140029342d2d1bdf80620b4f87a
:10375c005c309a4224d10299a26b9df80f309142b1
:10376c0003d194f83f209a4208d09df80c202046b3
:10377c0014f01cfb237843f00103237011f0d0fbf1
:10378c00a064c8e74ff47a71002018f03ffd696817
:10379c00421c92b204f17c0010311af0cdfbcde743
:0c37ac00204611f0b9ffa3e738c500204b
:020000040000fa
:020000040102f7
:1037b8002de9f0434ff000088db0cde900880746a9
:1037c8000c464ff0170902aa6946384605f094fbe3
:1037d800054620bbb9f1170f9df818c002ae40d0be
:1037e800237ca3eb0c031b0607adb64608d5bee841
:1037f8000f002060def8000020616160a260e360d5
:10380800e045e0d20fce0fc533682b6002aa6946a7
:103818003846e04605f070fb05460028dad0b9f1d5
:10382800000f1ad1cde9009902aa6946384605f079
:1038380063fb90b99df81820217c531a9142dbb2a2
:10384800f2d0802bf0d88df82c8007ad0fcd2060fa
:10385800286820616160a260e36048460db0bde859
:10386800f0830fce0df1080e206030686160a26011
:10387800e3602061bee80f000df11c0eaee80f00fa
:0c3888003368cef80030e046a9469ce70b
:020000040000fa
:020000040102f7
:103894002de9f041d0f800c09cf80570012f0bbf52
:1038a4000d2505250b260326aa4257d30c781c7236
:1038b400143c032c52d84c785c728c789c72b1f80e
:1038c4000140bcf800c064ba012fa4b217d0a445cb
:1038d40044d3c46d276864685c601f605d618c5b61
:1038e400d96061ba89b20d441d619961002935d04e
:1038f40001684979012917d00020bde8f0814ff60d
:10390400ff6840f2022740f2012e444518bf774673
:10391400e41be443a4b2644520d80c4654f8037f66
:1039240064685c601f60d9e71988954249ba89b216
:1039340014d8b0f880208a4207d001328a4202d0db
:103944000748bde8f0810748d7e7c56dc36504465d
:1039540009f0b0fbe5650028ced0f1e70248cce7da
:0c3964000099ffff809bffff008effff1b
:020000040000fa
:020000040102f7
:103970002de9ff412f4b00211960998001a8cde965
:103980000111039116f01afd15f098fd20b185255f
:10399000284604b0bde8f08112f074fb0028f6d18f
:1039a00016f02afd19f028ff0028f0d1012019f0a7
:1039b0005bf905460028ead1dff88c80d8f80030a2
:1039c000d8f8042013f1ff3642f1ff374ff0ff33f0
:1039d0006ff00202bb4208bfb24221d3164b4ff038
:1039e0008042c3f88020bff34f8fbff36f8f202139
:1039f00083f81e13c3f880211a6008f0abf98c20fd
:103a000014f05cfe0d4bff2118600d481ef0defe29
:103a10000c4b4ff0a2725a61002283f82120b7e7c5
:103a2000002400bf1df0dcfe08f804000134082c5f
:103a3000f8d1c3e7c410002000e100e0dc00012061
:0c3a40007c1000209c100020ca10002008
:020000040000fa
:020000040102f7
:103a4c0070b590f834308ab06ff3000380f83430de
:103a5c000446282308460d466a4600211df0a6faa6
:103a6c009df80830ff2b3ed02a4e04f11c0202a90f
:103a7c00204618f09bfe96f8093d012b23d99df8a2
:103a8c001820ff2a0ad1022b30d04ff6ff720123e7
:103a9c00e28484f82e3000200ab070bd06a81ef017
:103aac006bf8054698b996f80b3d03f00a030a2b00
:103abc002ed006f608501df005fc0123e08484f896
:103acc002e302846e8e706a818f0b0fd58b19df84e
:103adc001830ff2bd9d006a804f1260118f04efea1
:103aec0000200ab070bd02200ab070bd2b799b0774
:103afc00cbd5ab7903f00f03012bc6d006f60850db
:103b0c001df0e0fb0123e08484f82e300020c3e795
:083b1c00fee700bf38c50020e0
:020000040000fa
:020000040102f7
:103b2400f8b5d48884b104f18045013d136853f895
:103b3400256003eb85032eb14fe000bf53f8045d0d
:103b4400002d4ad1013cf9d1cb88002442f21075f2
:103b5400ab424dd81746c2889a420e46054640d31a
:103b6400a34228680cd8ea889a4219d83a6831687e
:103b7400234614f061fb10bb0123ab800020f8bd89
:103b8400ae42f0d031681b1b4fea840c9a006144aa
:103b940060441df0b7f8f388ea8828689a42e5d9aa
:103ba400d21a920000eb830000211ef0c3fa2868a9
:103bb4003a683168234614f03ffb0028dcd02968ba
:103bc400eb8801eb840102461b1b084619f00afd31
:103bd4000028d1d06ff00900f8bdcb88a342b5d23c
:103be400f8e7194617f01af90028c8d1f388b7e79f
:083bf4006ff00f00f8bd00bfe7
:020000040000fa
:020000040102f7
:103bfc002de9f74f024616f0aafc88b152e906846b
:103c0c00d2e90c75d2f828a00026104611f002fb60
:103c1c006eb11ff051f911f0fdfa5eb11ff047f9ca
:103c2c00044680460126054607468246ede7404697
:103c3c001ff0f8fa1ff0fafad0f8008098f8273045
:103c4c00012b0cbfd8f8003008f17803009327f053
:103c5c00030b4ff00009ca4523dd2f6807b12f4431
:103c6c006b460022394608f1200002f013fd38b1f2
:103c7c000cf04efd13f0aafd13f0a8fd1ff0eef8aa
:103c8c003b6801901b690d499c463846012301aaeb
:103c9c006746b847002818bf064609f101095d447c
:103cac00d9e746b1042018f03ff9054b0360054aeb
:103cbc00024918f005f920461af0d6fc742e0401be
:083ccc00c8200401a7e6010174
:020000040000fa
:020000040102f7
:103cd400f0b5054683b068461df030f92b78012b0a
:103ce40024d92a6f12b395f87a20072a45d8dfe839
:103cf40002f0424442441f44041d009ae968ec6ff8
:103d0400521a002a3cdb022285f87a2074b195f815
:103d14007960002e3cd095f87a20052a0cd1022b2c
:103d240004d002232b7028461df064fa03b0f0bdc2
:103d3400ec6f002cf3d001260227e37d062b0cd870
:103d4400dfe803f00a0b0a0b0a0b0400a169009bcd
:103d54005b1a002b18dbe7750126e469002cecd113
:103d64002b78002edbd1042be0d1694605f18000cd
:103d740019f0def8dae7ec6fc8e7052af3d0ec6f48
:103d8400002cf0d00026d7e768461af0c9fde4e716
:103d940095f87820002ac9d095f87a20052acad146
:043da400bde700bfb8
:020000040000fa
:020000040102f7
:103da80070b54479022c054626d0032c4ff0000646
:103db80029d0fcb9ab79052b1cd8012202fa03f3f0
:103dc80013f00a0f35d113f0310f13d06b78022b93
:103dd80039d0eb8a4ff6ff74a34230d0297b2048b4
:103de8000ef094fb1e48e98a17f0bcfaec822846cc
:103df80011f094fc304670bd1a481af055fe40b1d7
:103e080000266e71d6e7467117481af04dfe6c7998
:103e1800cfe7144818f004fb2b790322022b18bfb4
:103e28002c716a713221002019f028f86c79461c2f
:103e3800bfe72846002106f0dbf9304670bd28466a
:103e480011f06cfcd6e7e97811f00804d2d12146cc
:103e5800064819f00bff2146054816f0a9fec9e7e8
:103e68001ccf00202cce002000ce002020d2002025
:043e7800d0d1002085
:020000040000fa
:020000040102f7
:103e7c0003685b7a002b60d02de9f00fc16d91f8cf
:103e8c000480ca7991f805a08c7891f803b042eac5
:103e9c00086291f8068042ea0a4c4cea0822d0e902
:103eac0022894bea0423994508bf904582b026d25b
:103ebc00b2eb0801009163eb09010191dde90067a8
:103ecc00002f08bf402e39d2d0e924513446b046d9
:103edc00a6f12007a14005fa07f7c8f120063943df
:103eec0025fa06f605fa08f4314344f00104c0e95a
:103efc002441c0e9222302b0bde8f00f7047b8ebb3
:103f0c00020669eb0307002f08bf402ef3d20123f2
:103f1c00d0e92414a6f12002c6f1200503fa02f21e
:103f2c0023fa05f52a4303fa06f622430e43c0e9a9
:103f3c00246202b0bde8f00f7047704701240021e5
:043f4c00d5e700bff6
:020000040000fa
:020000040102f7
:103f50002de9f04f87b00f46ddf844a0129c139d69
:103f600003944feaca04059090462846221d00217a
:103f70000293109e1ef0e0f84fea8a030493baf110
:103f8000000f4cd0043f0af1020905eb030b2b682c
:103f9000d8f8002057f8044f009402fb0434039b28
:103fa000424603fb04f44946029b2846fff716f8f5
:103fb000284600945346324649460435fff70ef82a
:103fc000ab45e4d1049b5bf82ac0a3f1040e059b2a
:103fd000043ede44abf104021d1f002052f8041f12
:103fe00056f8044f0b1aa3422cbf002701271b1bb6
:103ff00081422cbf3846781c964545f8043fedd1e8
:1040000080ea0c0043421843c017049a05991092a5
:1040100000235a4607b0bde8f04f0cf0dfb828681f
:04402000ab46efe7d5
:020000040000fa
:020000040102f7
:104024002de9f0419eb0279f002f5bd0044608a8dd
:104034001e46154688461ef067fe0aa81ef064fe5a
:10404400299b0593289b0095cde90373204604f131
:104054006003cde901680aaa08a901f055fe0446e7
:1040640048b108a81bf064fe0aa81bf061fe2046b4
:104074001eb0bde8f081482221460ca81ef05af873
:104084001eab0ca907a80aaa07930cf049ff051e4a
:1040940022db08aa0ca907a80cf042ff00281ddbac
:1040a40005442a460ca907a810f03ef9061e17dba2
:1040b4000ca907a830221cf0b9fc00280edb3544fb
:1040c400259b0544ab420fd32a46079924981cf03c
:1040d40019fe269b1d60c4e72c46c2e70446c0e7d0
:1040e4003446bee7014cc2e7014cbae780b0ffff9b
:0440f40000b1ffff19
:020000040000fa
:020000040102f7
:1040f800f8b5324d6b686c6b9b69984768616b6962
:104108002869d5e90a67834298bf03f58033181aee
:10411800321847f10003c5e90a23002c3dd095f871
:104128003030013385f8303013f0c2fa6c6becb1e3
:10413800a368dbb901260ce0e36883b1e06910f0fd
:10414800cdf9e3680bb1206998476c6b74b1a3682b
:1041580063b9a378267520466675002becd010f05d
:1041680091f9a378002becd16370eae7144f00248f
:104178003e4600bf07eb441300215a7d01341ab1b3
:10418800b2785975012a12d0052c06f12006f1d112
:1041980095f83030013b85f830301ff03df9044682
:1041a80007f0bcfc2046bde8f8401ff037b972683c
:1041b8009a60304605f0b8fde6e700bf60fd0020d4
:0441c800f8f80020e3
:020000040000fa
:020000040102f7
:1041cc0070b586b000231b298df80830019301d0ff
:1041dc00172929d10a460446014603a813f082fb8d
:1041ec000546f0b9bdf812304ff6ff76b34217d042
:1041fc00bdf814100398c91a01aa89b212f046fd31
:10420c0004f13100bdf8123020f00100b3424561d9
:10421c0005763ad0032b07d8dfe803f02c2c1d0ac7
:10422c001725284606b070bd0725284606b070bd78
:10423c009df805309df804109df806201b0103eb3a
:10424c00013303eb1213c2f3c00102f00702436106
:10425c0001764276e5e79df805309df804101a09c1
:10426c0002eb0112c3f3c00103f0070342610176b4
:10427c004376d6e79df804301909c3f3c00203f066
:10428c000703416102764376cbe76b88ffde00bf04
:020000040000fa
:020000040102f7
:10429c002de9f04107461cf099f8044600283dd062
:1042ac00204616f01bfa2379d90706463ad5c3f3f4
:1042bc008015002d36d101222146384603f064fecc
:1042cc0002282fd02279637942f010025e09227104
:1042dc002cd0032e0dd1d3b265f3041323712046d9
:1042ec0016f0fcf905462379da0714d52046bde80b
:1042fc00f081237965f304132371204616f0eef94f
:10430c004ff00208054642462146384606f004ffa7
:10431c002379db071bd52c46002cc1d10024204669
:10432c00bde8f0813446002cbad1f7e72146384677
:10433c00fff786fb237966f304138046237120462e
:10434c0016f0ccf90546b8f1000fccd0dbe72146ce
:10435c0038462c461bf0f8fa002ca1d1dee700bf42
:020000040000fa
:020000040102f7
:10436c0030b50268836b12799b6985b0044682f084
:10437c00010201a99847204601211df08dfd05463b
:10438c0018bb636f162b37d1e36e1a78142a33d10e
:10439c002268d4f898105279012a15bf10221822dd
:1043ac0004200c2091422ed118440c2201a911f0aa
:1043bc00e3fb054670bba26b2368127862b9626896
:1043cc00013262605b79012b0fd001a80c211df02a
:1043dc006dfd284605b030bd1a7952b1012af1d1d4
:1043ec000f2262605b79012befd1204611f03cfc6f
:1043fc00ebe70a226260e5e720460a22022114f06c
:10440c0077fe084de1e720463222022114f070febf
:10441c00054ddae720463322022114f069fe034de4
:10442c00d3e700bf0089ffff008dffff0092ffff65
:020000040000fa
:020000040102f7
:10443c002de9f0414768974241d0044608460d46a5
:10444c001df0b0f9022f19d9a26813782a2b15d1b7
:10445c0053782e2b12d188b12b782e2b0ed06e1eaa
:10446c0006442c46c5f1010c04e000bf14f8013fd2
:10447c002e2b07d0b4420ceb0401f7d14ff0ff30d8
:10448c00bde8f081013f401ab842f7d110442944ed
:10449c0002e000bf11f8013f12f8015f25f0200483
:1044ac009d42a4f1410485ea030603d0202ee5d1f8
:1044bc00192ce3d89042edd10020bde8f08183683f
:1044cc00002ff9d001eb070803f1ff3c08f1ff388e
:1044dc004c1e00bf14f8013f1cf8016f23f02002a2
:1044ec00b342a2f1410283ea060e04d0bef1200fc2
:1044fc00a3d1192aa1d84445ecd10020dde700bf97
:020000040000fa
:020000040102f7
:10450c00f0b5012b9db03fd817460d4606461c460c
:10451c0001a86c2200211df009fe24b31c4a1d4b7e
:10452c00139214931c4a1d4b159216931c4a1d4b47
:10453c00179218931c4a1d4bcde919231b9435b1c6
:10454c002a46314601a807f073ff044620b93946c4
:10455c0001a801f06bfe044601a86c211df0a6fc1d
:10456c0020461db0f0bd124a124b13921493124afe
:10457c00124b15921693124a124b17921893124a19
:10458c00124bcde91923d9e76ff07304e8e700bfac
:10459c00d89e05c107d57c3617dd703039590ef71a
:1045ac00310bc0ff11155868a78ff964a44ffabee0
:1045bc0067e6096a85ae67bb72f36e3c3af54fa5a8
:1045cc007f520e518c68059babd9831f19cde05bd4
:020000040000fa
:020000040102f7
:1045dc002de9f0418cb0054602ac884620462622d7
:1045ec0000212f1d1df0a2fd38461df09dfa98b13b
:1045fc002b4601a933f8642fadf805209b788df874
:10460c0007300422012306468df8043018f0e4fc30
:10461c0028b130461df0d4f90cb0bde8f08131461c
:10462c00284616f0e3f90028f3d13146284615f058
:10463c0069fa0028edd14246314628460ef014f9ad
:10464c000028e6d12846424631460cf00dff0028e2
:10465c00dfd14ff4606301a904223046019318f0b6
:10466c00bbfc0028d5d142460a4906a819f028fc03
:10467c00094b0fcb84e80f0040f223232246384627
:10468c003146adf82a301df0a5fe0028c1d10cb082
:0c469c00bde8f081e8d3002020d400200d
:020000040000fa
:020000040102f7
:1046a8002de9f041884686b0012300274ff6fe71b8
:1046b8000df107020546a8f800108df807308df8af
:1046c8000c3002923e463c463946002302aa254851
:1046d8001cf042fe074680b30023cde9040304a979
:1046e800284611f053ff0028eed1059b5a78023a6c
:1046f800062a03f10400f2d9e4b11b4a598892f85a
:10470800472d49ba920292b289b28a4212d0b4f8bd
:1047180002c09cfa9cfc1ffa8cfc6245dfd093f81f
:1047280004e03278964505d8d9d1614584bf06465c
:104738001c46d4e706461c46d1e784b163885bbab9
:10474800a8f80030337888f80830b6f80120d6f891
:10475800033052ba1bbaa8f80220c8f8043006b0d1
:0c476800bde8f081d8d5002038c5002045
:020000040000fa
:020000040102f7
:104774002de9f84f164604460068ddf828a088465f
:104784009b461ef0effcb6f5806f51d8baf5807fda
:1047940051d8e36b81468bb3636b012b03d0e26a80
:1047a400a36b9a422add524600235946204603f061
:1047b4003ffd08bb4ff0000a8eb92de020461af0e9
:1047c400d9fb3946c0b920460ef062fa2a4639466a
:1047d40090b940461cf096fa761ba8441cd020469b
:1047e40017f03afa04f10c074e4535464a46394665
:1047f40028bf4d460028e1d0bde8f88fbbf1000f7b
:10480400dad0baf1000fd5d052465946204600f00e
:1048140093fd0028d0d0efe752465946204600f0d9
:104824008bfd0028e8d1e36a0133e362bde8f88f29
:0c4834006ff00200e0e76ff00400dde729
:020000040000fa
:020000040102f7
:104840002de9f047c2b081460baf4c9802970d4658
:1048500016469a461cf0acff0df205148046cdf8c2
:1048600000a033462a4602a8214612f005fe10b1e8
:1048700042b0bde8f0874a9b00932a463346214662
:1048800002a812f0f9fd0028f2d14b9b00932a46b2
:104890003346214602a812f0effd0028e8d1029b22
:1048a000e21a032a2ddd98fa88f21a600298043081
:1048b000a042029025d8241a444522d342464c995e
:1048c00084181cf021fa484602941cf0cdf8e21b33
:1048d000394603ab14f052fc0028c9d148461cf0fd
:1048e000c3f81ef041fc03a902464d9818f03afea9
:1048f0000028bdd14d9905f13402084605f0dcfed3
:0c490000b6e70148b4e700bf00b1ffffbc
:020000040000fa
:020000040102f7
:10490c00c388ca8870b4002b54d003f18045013d94
:10491c00046854f8256004eb850426b11ce000bf44
:10492c0054f8045dc5b9013bfad1002a3fd002f11d
:10493c0080440d68013c55f82410c1b905eb840185
:10494c0003e000bf51f8044d7cb9013afad1181cb0
:10495c0018bf012070bc704732b302f180440d685f
:10496c00013c55f824100029e8d09a421cd39a42f5
:10497c0003d94ff0ff3070bc704703f18043013b0b
:10498c00046855f8231054f823009b00884204eb6c
:10499c0003022b4408d8ecd3a24208d052f8040de1
:1049ac0053f8041d8842f6d9012070bc70470020d2
:1049bc0070bc7047002afad002f180440d68013cab
:0c49cc0055f82430002bb9d0d3e700bf11
:020000040000fa
:020000040102f7
:1049d800436f162b10b504462cd0142b12d0152b70
:1049e80005d022685279012a2ad0002010bda36f71
:1049f800022b40d1e26e1378022b3ed0012b2cd033
:104a0800204810bda36f012b35d1e36e1b78012b15
:104a180031d123685b79012be7d16368a06b0a2b3e
:104a280011d00c2b0fd0184a184b00280cbf104679
:104a3800184610bdfdf716f90028d7d1636fcce7eb
:104a4800172b11d0a06b0028d0d063681a2bccddaf
:104a5800204618f06dfd002010bd53787bb1642b03
:104a6800084808bf002010bd63681a2bc8dda06b7a
:104a78000028edd1bae7064810bd064810bd064823
:104a880010bd00bf8099ffff0099ffff809bffffcb
:0c4a9800008effff8088ffff8087ffff7b
:020000040000fa
:020000040102f7
:104aa40038b5314b0a221a74012440f20a22022832
:104ab40005465c74a3f819203ad003d8f8b1002451
:104ac400204638bd10284cd01128f8d103230022e9
:104ad40007210c2017f0c3fa002302220421172017
:104ae40017f0bdfa2346052220210c2017f0b7fa4f
:104af400234600220f21152017f0b1fae0e7034600
:104b0400024607210c2017f0aafa2b4602220421a0
:104b1400172017f0a4fa2b46052220210c2017f0a9
:104b24009efa2b462a460f21152017f098fac7e75c
:104b34002346002207210c2017f091fa00230222b9
:104b44000421172017f08bfa0023052220210c20c2
:104b540017f085fa00231a460f21152017f07ffa63
:0c4b6400aee70223e5e700bfca10002006
:020000040000fa
:020000040102f7
:104b700053ec102bc3f30a512de9f04140f2fd70c4
:104b80004e1e86421d4645d8a1f2ff30002835db77
:104b9000332831dc284bc0f120084ff0ff3c03faea
:104ba00008f2a1f21f412cfa00fc10ee104a4cea68
:104bb000020c23fa01f24cea020c23fa00fe04ea8a
:104bc0000c0605ea0e0724ea0c0256ea070425ea59
:104bd0000e030fd0002a73f100040bda4ff4801596
:104be00005fa08f425fa01f10c43121925fa00f030
:104bf00040eb030343ec102bbde8f081002a73f176
:104c0000000303db9fed080bbde8f0819fed080b6f
:104c1000bde8f0810029efd10a4603f0004343ece0
:104c2000102be9e7aff30080000000000000000057
:0c4c3000000000000000f0bfffff0f00bc
:020000040000fa
:020000040102f7
:104c3c00f0b5c9b00578002308460c461746adf808
:104c4c0006301df0dbfd0128204638d01df0d6fdc6
:104c5c00032801d049b0f0bd244b8df81d5007ae90
:104c6c001b682bb1224b28461b680df10601984797
:104c7c0020461ef02dfbbdf8063001460df11e023c
:104c8c0020461ef029fbbdf806308342e2d10023fa
:104c9c001a463146174833701cf0b8fc20461df0fc
:104cac0099fa03460028d5d14ff4117202a8cde928
:104cbc0002470593adf810200ef0d6fccae71df0a4
:104ccc0089fa0028c6d1094b079407ae1b68776098
:104cdc0040f2452232811bb128460baa0aa99847fb
:104cec0030460ef0c1fc49b0f0bd00bf48000120b9
:084cfc0034c5002078100020ef
:020000040000fa
:020000040102f7
:104d040070b50446007862f3000063f3410020703c
:104d1400236803f0f303042543f48023656043f020
:104d2400080300250e46236029462581e56004f129
:104d3400100026221df0fef92346314604f1380006
:104d44001f4a1cf04bfa23461e4a43f8902f29466b
:104d5400c4e92634c4e92855c4e92a55c4e92c55c4
:104d6400c4e92e55c4f8c05004f51c704ff45272b7
:104d74001df0e0f92946c4f8b855c4f8bc55c4f888
:104d8400c05504f1700020221df0d4f9294604f125
:104d9400c8004ff480721df0cdf9294604f5e47083
:104da40094221df0c7f9c4f85c52c4f86052c4f8e8
:104db4006452c4f86852c4f86c52204670bd00bff7
:084dc40029330401812f0401d1
:020000040000fa
:020000040102f7
:104dcc002de9f0430c4691b0a268e3684968dff81e
:104ddc00b4800646206800270aacadf83c700e97ec
:104dec000fc408f6b86595e80f0006ac84e80f0010
:104dfc0044f64c5cff253946304601230df10b027d
:104e0c008df83c50adf83ac01cf0d0f89df80b5022
:104e1c0075bb0df10c094a460a23012130461cf0e2
:104e2c00c5f8d8f86c79d8f89429cdf80d2007f08e
:104e3c007f0001304a460a2301218df815003fba44
:104e4c003046cdf8117010f0affa0b230093cdf86b
:104e5c00049029462346324608f60850faf72cf9f6
:104e6c0010b111b0bde8f08308f65c101cf0d2fa5a
:104e7c002246314602481df0adfa11b0bde8f08370
:084e8c0028d3002038c50020e6
:020000040000fa
:020000040102f7
:104e94002de9f0412c4d88b0804600f1140600f154
:104ea4009407b37c9a0705d42036be42f9d108b0e2
:104eb400bde8f0810023019302aa01a928461bf052
:104ec400b9fc60bb9df819301b07f5d59df81a4055
:104ed400c4f38004002cefd19df81830402bebd1a3
:104ee400314602a81af024fe0028e5d0d8f8043090
:104ef4005bb102a91548984738b13146144815f0fa
:104f0400b1fdb37c64f34103b3743146404618f0f9
:104f140061fa0028c8d00f481df000fec4e7f36909
:104f2400002bc1d1b37c13f00104314603d04046b9
:104f340016f026fdb8e7064815f094fdb37c64f33b
:104f44004103b374b0e700bfd8d5002038c50020b2
:084f540064c6002040d20020d9
:020000040000fa
:020000040102f7
:104f5c00f0b590f8263083b000259b0706468df8f7
:104f6c0006500f4600f114048df8075048bf00f1ad
:104f7c0094020fd5e3693bb1002d46d0e9695b1a69
:104f8c0035ea230528bf2546203494422ed0a37c35
:104f9c009907efd425460023eb617a7cd30914bf23
:104fac00397c8021c2f38002204616f05ffb394623
:104fbc0020461df0efff39460df1070214481cf096
:104fcc00d5f99df807306b760df106022146304677
:104fdc0004f080f80023294630462b7618f0f6f9b9
:104fec0021460c4812f09efe03b0f0bd002dfbd004
:104ffc00ab7c9b072c46ced52946064815f02efdda
:10500c00ab7c6ff34103ab74c5e72546bce700bf2f
:08501c00d8d5002064c6002075
:020000040000fa
:020000040102f7
:10502400f0b58db004460ff07fff6168a268e368b5
:1050340094f837c094f838700646206802ad0fc55e
:105044002346002253f8100f0a9259689a68db68c5
:1050540006ad0fc54ff000036cf3c30394f836207c
:105064001f488df82c2067f304138df82d301df0a4
:10507400f5fc00b3042236ba0deb02010546019695
:1050840017f0aeff18bba18d6b898b4203d2284663
:1050940018f03afdd8b91348b4f84c30b0f884206d
:1050a400a4f84e20803002aa294608f0cbfd70b93e
:1050b400a38f0133a387e38d013b9bb2e38504f106
:1050c400500043b1216b17f01dff0db0f0bd284611
:1050d4001cf07afcefe7a18e17f014ff0db0f0bdc1
:0850e400b8c5002038c500200a
:020000040000fa
:020000040102f7
:1050ec002de9f0470578a0b0002d56d00c78ac42d5
:1050fc0053d101f168080c460546414668301f46fd
:10510c001646fdf7b5fc002847d104f17009494655
:10511c0005f17000fdf7acfc00283ed104f1780ad3
:10512c0005f178005146fdf7a3fc002835d102a803
:10513c0025461bf007fc08a813f014f808a815f86e
:10514c00601b06f0c1f804f11c03e6b1cde9006761
:10515c002a4602a908a8ebf713fb044648b102a89b
:10516c001bf0e2fb08a80bf0a1fe204620b0bde826
:10517c00f087414602a8fdf77bfc20b9494604a8fc
:10518c00fdf776fc08b1074ce9e7514606a8fdf798
:10519c006ffc04460028e2d0f5e7024c204620b014
:0851ac00bde8f08780b0ffffb1
:020000040000fa
:020000040102f7
:1051b4002de9f041804608460d461bf085fa08b1fa
:1051c400bde8f08198f89d6008f16d0404eb0617c2
:1051d400bc4209d01022294620461bf085fd002838
:1051e400eed01034a742f5d1032e12d0731c88f8e8
:1051f4009d3008eb06162c686868a968ea68c6f84a
:105204007920c6f86d40c6f87100c6f87510bde87f
:10521400f0813146002016f0e5ff98f89d600446c1
:10522400e6b1013ef6b2320103b2b2eb031f88f8d5
:105234009d6010d008eb061308eb001453f86d7f43
:1052440058689968db68c4f87930c4f86d70c4f89c
:105254007100c4f87510032eb2d0c7e70fce08eb67
:10526400041404f16d05c4f86d006960aa60eb6074
:04527400ffde00bf9a
:020000040000fa
:020000040102f7
:1052780070b50b469cb0054600241846898903aad8
:105288003023cde910441bf093fe08b11cb070bd6b
:10529800044603a90faa284611f06ef80028f5d095
:1052a8009df80c3003f00703042b25d19df80d3031
:1052b800002b2fd00d9b1bbaf3b10e9ae2b11b49fc
:1052c800ae6c8b424ff00002194925d864184ff094
:1052d800000141eb06061c1942eb0606014628466a
:1052e80014f0d6fb10990029d0d000200090224657
:1052f800334611988847c9e701240146284614f027
:10530800c7fb10990029c1d00094002200231198ee
:105318008847bbe70524f0e764184ff0ff3141ebfd
:1053280006061c1942eb0606d8e700bf807eaa8352
:045338008081557c9f
:020000040000fa
:020000040102f7
:10533c002de9f04705468ab00068884691461df075
:10534c000dff0646b8f1000f51d0b9f1000f14bf94
:10535c000227012700238df8043021e002a92846fa
:10536c000df092fc3246044602a9c0bb2846f7f762
:10537c005df932460446514688bb284619f0f6fdc5
:10538c005146044658bb28460df07efc044630bb03
:10539c009df804300133dbb2bb428df804301ed2d1
:1053ac00284616f055fc05f10c0a044632465146c7
:1053bc00a8b9284619f0dafd0122044601a970b9f2
:1053cc00284619f0d3fd044648b9022fc6d14a46e7
:1053dc004146284619f0cafd04460028bed002a852
:1053ec0020211cf063fd20460ab0bde8f0870127a0
:0453fc00b0e700bf57
:020000040000fa
:020000040102f7
:10540000f8b50c46002858d0002948d00a6803682f
:105410009a4244d14a6843689a4205463fd1a168fe
:10542000a8681bf063fc002839d1ee68e768be422b
:1054300038d00c2e01d0132e31d10c2f01d0132fc8
:105440002dd122692b69934229d16a696169b3b16f
:10545000013b13440139013a12f8016f11f8017f41
:1054600026f02000be42a0f1410086ea070c04d0dd
:10547000bcf1200f13d1192811d89342ecd12a7f07
:10548000237f9a420bd1ad69a469b5b13cb12a68ba
:1054900023689a4203d162686b689342bfd04ff091
:1054a000ff30f8bd23692a699a42c2d161696869ef
:1054b0001bf01cfc0028bcd1e1e7201c18bf012018
:0454c0004042f8bdb1
:020000040000fa
:020000040102f7
:1054c4002de9f0438769b7f5c07fe1b053d8c7f53c
:1054d400c0749c424fd3c3f5c075ed1b95424ad3ab
:1054e4000446914688464ff4c072002168461e4621
:1054f4001cf020fe3a466946d4e94e30984700280d
:105504003cd1a5693eb1d4e94e3032460deb0501dc
:10551400984798bb3544b8f1000f02d0b9f1000f99
:1055240019d12a4669466846f1f728ff054640b175
:1055340068464ff4c0711cf0bdfc284661b0bde85c
:10554400f0836946204603f059ff05460028efd151
:1055540001232361ece741464a460deb05004d4427
:105564001bf0d0fb2a4669466846f1f707ff05465b
:105574000028ddd1e5e76ff03705dee76ff033058e
:04558400dbe700bfa2
:020000040000fa
:020000040102f7
:10558800f0b52d4b05460e46174693e8070087b041
:1055980003ac03c424f8022b120c2270002d38d05f
:1055a800002e36d068682c46a8b1002500952b46f9
:1055b8002a46032112f04eff012802d0012007b02d
:1055c800f0bd00952b462a460521606812f042ff7f
:1055d8000128f3d16560237830338df81530dfb1b9
:1055e800164b0093314603a82346012212f0a8f86f
:1055f80005466060e5b11df009fc002302460093f2
:105608002846012112f026ffb0fa80f0400907b0c1
:10561800f0bd032007b0f0bd094b00933a46314670
:1056280003a8234612f08cf805466060002de2d1ed
:10563800042007b0f0bd00bf382e04011932040160
:045648001132040116
:020000040000fa
:020000040102f7
:10564c002de9f04383b089460146684690461d46d5
:10565c0019f078f8009c002c4cd005f1100708f1db
:10566c00100605e0684613f0d7ff009c002c41d0d3
:10567c006189403989b22a46402320461bf096fcaa
:10568c001022314638461bf02bfb40b12b7cff2bf4
:10569c0005f1180003d01af0a7f80028e2d02a8ce4
:1056ac00b8f822309a42ddd109f1310222f0010220
:1056bc001378c3f30113023b012b0fd804f1310112
:1056cc0021f0010153884a885bba52ba9bb292b25c
:1056dc009a42c7d1204603b0bde8f0832146484624
:1056ec0015f088fd0028f5d1684613f095ff009c55
:1056fc00002cbdd10024204603b0bde8f08300bfd0
:020000040000fa
:020000040102f7
:10570c002de9f0411f468cb01446064626220d4664
:10571c0002a800211cf00afd0ff002fcb9793a68ce
:10572c0097f804c07f7901238b4002f54331013b8c
:10573c0001f5a07102fb03f2b2fbf7f20cfb0212b3
:10574c0010440df1080c0190274604f1200838682c
:10575c007968ba68fb68e646aee80f001037474533
:10576c00f446f4d13868cef80000bb88aef80430ab
:10577c002246294630460af0cbf810b10cb0bde8f1
:10578c00f08130460af0fcf86989284617f01cfbba
:10579c0004460028f2d02c2201a917f01dfc58b9a0
:1057ac0021460122304612f047f9301d019919f0bb
:1057bc00c5f80cb0bde8f08120461cf001f9dde71e
:020000040000fa
:020000040102f7
:1057cc002de9f0418cb0044615460e4602a8002186
:1057dc0026221cf0abfc2946204615f07bf820b99c
:1057ec00002420460cb0bde8f0810023812219462c
:1057fc002248cde900338df800201bf0d3fc804605
:10580c000028edd004226946b78917f0e5fb044661
:10581c0030b140461cf0d4f820460cb0bde8f08105
:10582c0073893a1d92b29b1a9bb23146404607f0df
:10583c001df804460028ecd12b462e7853f8100f97
:10584c0059689a68db6806acff2e0fc405d028682f
:10585c006968aa68eb6802ac0fc402aa3a234146f5
:10586c000648f4f7affc04460028d2d16a46082358
:10587c00b8f80c1040461bf099fbb2e794c5002019
:020000040000fa
:020000040102f7
:10588c002de9f0431c468bb080460f469146684686
:10589c00262200211cf04afc238c13b13a8a9a422e
:1058ac003fd104f1200c6e4620686168a268e36861
:1058bc0035460fc5103464452e46f5d12068286056
:1058cc00a388ab8004a81af0fbfe20bbbdf82230e5
:1058dc001bb97b8c2bb3adf8223068461af0f0fe66
:1058ec0028b138687968ba68fb686c460fc43b8a83
:1058fc003bb901233a46394640460af0c9f938b952
:10590c003b8aadf820306a464946404608f08efa8c
:10591c000bb0bde8f08307f1120420461af0d0fe5c
:10592c0018b107200bb0bde8f083d7f81200d7f8f8
:10593c001610d7f81a20d7f81e3004ac0fc4c5e7e0
:020000040000fa
:020000040102f7
:10594c004b1e012b70b50d4604462dd9022d03d0ec
:10595c00032d30d005b170bd244a41f6d40304f1b7
:10596c002c05d25c002a34d0002384f83c20e3625e
:10597c0028461f496b60ab60eb6004f124061df0f8
:10598c0009fb30461cf0eef850bb33687268a2631a
:10599c006363012363770ff0c3fa2062294615482d
:1059ac00bde8704012f0beb9037fdb0712d420466d
:1059bc0011f084fccae704f12c0529460d4819f0b6
:1059cc0025f90028c7d1094a41f6d403d25c002a34
:1059dc00cad1fee70246084908480cf0a5fce6e7e8
:1059ec0020460ff0a5f80028d3d0b4e738c5002026
:1059fc00fcdd002064c600206d33040110c70020bc
:020000040000fa
:020000040102f7
:105a0c00f0b589b000232b4d0193064602aa01a9db
:105a1c0028461af00bff002835d100bf9df819302d
:105a2c001807f3d59df81a305907efd49df81830a4
:105a3c00402bebd1736823b102a91f48984700286b
:105a4c00e4d106f1140406f19407a37c9a071cd444
:105a5c002034bc42f9d1184bd3f82c4144b1214627
:105a6c0002a81af061f80028d0d16469002cf6d194
:105a7c0002a93046fff76cfa02aa01a928461af0cf
:105a8c00d5fe0028cad009b0f0bd214602a81af0f4
:105a9c004bf80028dcd0e369002bb7d09df8193007
:105aac005b07b3d50023e36121460122034812f0c2
:105abc005bf9abe7d8d5002038c5002064c60020c0
:020000040000fa
:020000040102f7
:105acc00f0b589b000241746302304aa8df80e4097
:105adc008df80f40054618f037fc20b1a0f5745432
:105aec00204609b0f0bd2e68049b0df10f021e4438
:105afc000092314605ab0df10e0228460bf06af907
:105b0c0004460028ecd104aa3146284612f06efb5c
:105b1c00d0b92b68049a13449e4229d19df80e00eb
:105b2c001bf0f0fc30b30146384616f0d7ff0446a4
:105b3c000028d5d19df80e30023b012b07d90e4c15
:105b4c0038461af0d1f8cbe7a0f56c54c8e705a895
:105b5c00394615f045ff04460028f1d1296838462e
:105b6c00721a19f085f92e6004460028b8d0e7e7c0
:105b7c00024cb5e7004cb3e780c3ffff9ac4ffffac
:020000040000fa
:020000040102f7
:105b8c00f0b5876b0368d7f8fc6185b016b1d7f810
:105b9c0000422cb99e6e002e49d0dc6e002c46d0f3
:105bac00052905460ed163ba422ca7f8f83207f244
:105bbc00fa233ed81846224600211cf0b7fa0346b9
:105bcc00234417e0082932d1da6901929b690093ca
:105bdc0007f2fa22422303a907f1500005f04cfc0e
:105bec0018bb039bbdf80c203b4452ba03f2fa23ba
:105bfc00a7f8f82207f54f77fa1a012a19dd62bacd
:105c0c0023f8022b9f4214d3ff1aa74211d331461b
:105c1c00224618461bf072f8aa6b0346234402f581
:105c2c003e715b1ac2f83c33002005b0f0bd02484f
:105c3c00fbe70248f9e700bf0094ffff008fffff6e
:020000040000fa
:020000040102f7
:105c4c002de9f0410568a1eb050cbcf1000f82b009
:105c5c0053dd95f800c0bcf1300f4bd10135056018
:105c6c00174601aa04460e4698460cf091fa0546d2
:105c7c00002836d12168761a002e3edd019b08786b
:105c8c003a46002b42f8040b01eb030635dd0b788a
:105c9c00062b2fd101312160204631460cf078fac9
:105cac000546f0b921687868b9600b18b3422360d7
:105cbc001bd04246095c42f8041b01332360314679
:105ccc0020460cf065fa054658b92368d8f804202c
:105cdc00c8f808301344b3420cbf05466ff0650595
:105cec002360284602b0bde8f08140460c211cf030
:105cfc00ddf8f6e76ff06105f3e76ff05f05f0e7ad
:020000040000fa
:020000040102f7
:105d0c002de9f047acb006469df8d800346c8946b6
:105d1c00924698461af0a2fe00284ad0073407464d
:105d2c0009a81cf0edffe4081ba81cf08df80ba9ca
:105d3c00224640461cf0a6f8054648b11ba81af0ae
:105d4c0063fe09a819f0f0ff28462cb0bde8f087d7
:105d5c00dde9342309a930460ef066fb0546002820
:105d6c00ecd10bab2246191909a81cf08bf805468f
:105d7c000028e3d163000baa39461ba80ff0d4fe10
:105d8c0005460028dad1399b0693389b0593379b3f
:105d9c0004931bab0393359b0193074c349b0093eb
:105dac0052464346494630460294f3f7f5fe054603
:105dbc00c4e7024dc8e700bf691e040180b0ffffb5
:020000040000fa
:020000040102f7
:105dcc00f8b52c4d2c4c2b7e5b074bd5ae6aa36ad9
:105ddc00206be16a0133834228bf0023994227d00c
:105dec00e16a9942efd06a6802f00702012af1b227
:105dfc002cd0a26a21488154a36294f83430002b31
:105e0c00e1d0e36aa26a934284bf216b5218d31a81
:105e1c00226a002ad7d0616a94f83c2002f0ff0075
:105e2c000ab3a26b9a42ced8236a00209847cae7dd
:105e3c00226a002ad4d0616a236a01209847a36a97
:105e4c00226b0133934228bf0023c9e7d4f828c042
:105e5c000a4f4fea4c000130c6f3072207f81c101a
:105e6c003a54c9e7f8bda26b9342acd1236a984768
:105e7c00a9e700bf000c004020fd00203cfb0020e7
:020000040000fa
:020000040102f7
:105e8c0030b5cdb004460ba81bf01cfe0ba9204668
:105e9c000df04afd20b120460cf0c6fb4db030bdd4
:105eac000e210ba81cf09afd0028f4d0034653f8e1
:105ebc00020f596801ab03c301a81d49f9f7c2fbd6
:105ecc00002811dd0ba8332119f0defb0ba83421bf
:105edc0019f0dafb0ba90122164808f0c5fa204686
:105eec000cf0a2fb4db030bd05210ba81cf076fdcb
:105efc000028d0d0034603ad53f8020f59689a68b6
:105f0c00db680fc507a90c481bf0ccfe079a039b56
:105f1c009a42d7d1089a049b9a42d3d1099a059bed
:105f2c009a42cfd10a9a069b9a42cbd1b3e700bfd3
:0c5f3c0010ce002000ce002094ce0020eb
:020000040000fa
:020000040102f7
:105f4800f8b591f90230002b0e46054601f102041e
:105f58004edbcb7906227078134454fa83f4811c03
:105f680073189c420ed22278637812f0010f4fea20
:105f7800620703f102021dd0062f10d014447318d3
:105f88009c42f0d396f90230002b34dbf3790622d9
:105f98001344dbb2181ab0fa80f04009f8bdb378a0
:105fa80003f00f03a3f57c735bba63807078144425
:105fb800811ce4e70233dfb23a462146284615f051
:105fc8005bfc96f902207378002a0adbf079063028
:105fd800c2b29b1adb1bd8b21044c0b27070811ccd
:105fe800bee7f0780230c2b29b1adb1bd8b2f3e7e7
:0c5ff800cb780222afe7f3780222c9e761
:020000040000fa
:020000040102f7
:106004002de9f047012adde908784dd8044604302b
:106014001e460d4691461cf0c1fae369824663b3fd
:10602400636a53b3002105f1100016f073fd38b90b
:10603400b8f1000f3ad0012338703360bde8f0871f
:10604400b9f1000f1cd14fea4a03013343453360d1
:106054002cd83946042301f8013b524628461bf04c
:1060640015ff0028ead10af1010105f108003944bd
:106074005246bde8f0471bf009bf0d48bde8f08764
:106084000af101034345336010d8002105f10800eb
:1060940019f05efe3946023001f8010b52462846db
:1060a400bde8f0471bf0f2be0248c7e70248c5e767
:0c60b40080b1ffff80b0ffff00b1ffffd4
:020000040000fa
:020000040102f7
:1060c0002de9f041046fddf8188034b1446f24b13c
:1060d000846e14b1c46e002c3dd100293fd0541ef3
:1060e0001f2c3cd804460e46012011461f4615467b
:1060f0001cf030fea066a0b3e5662a4631461af0d1
:1061000003fea7b108f1ff33b3f5617f0fd241461b
:1061100001201cf01ffe206728b3c4f8748042469b
:1061200039461af0f1fd00252846bde8f081a06e41
:106130000f4d28b1e16e19f07dfe0023c4e91a333a
:10614000206f0028f0d01cf00bfe0023c4e91c33a4
:106150002846bde8f081074d2846bde8f081044d92
:10616000e2e7054de0e7a06e0028fad0024de1e736
:0c617000008fffff808fffff0081ffff0a
:020000040000fa
:020000040102f7
:10617c009042f8b506464cd08842144602d003f043
:10618c0035fda8b92546ec880123b3807cb104f118
:10619c008043013b2a6852f8231002eb830321b1a0
:1061ac0007e000bf53f8041d19b9013cfad10020d7
:1061bc00f8bd42f210739c4235d8f3889c422ad821
:1061cc00356823462946284613f08aff05eb8402de
:1061dc00054660b9ebe7ba003168043a0a44136823
:1061ec005b193c4642f8043b4ff00105dfd3f388c2
:1061fc00a34242f2107104f10107f0d88f4212d879
:10620c00bb42e8d23946304614f004fe0028e2d0f6
:10621c00f8bd0d46b7e72146304614f0fbfd0028cb
:0c622c00c6d12a68cce76ff00f00f8bd67
:020000040000fa
:020000040102f7
:1062380070b504468020236c03f03f035a1c382aab
:10624800e0540d4604eb02003ed8c2f138020021aa
:106258001bf06effd4e91031da02d80002f47f0295
:1062680042ea106242eac362000a5b0f00f47f4010
:1062780043eac10302431bbae263a36321462046f3
:10628800f7f75af90646c8b9a36c1bba2b60e36c3a
:106298001bba6b60236d1bbaab60636d1bbaeb60f6
:1062a800a36d1bba2b61e36d1bba6b61236e1bba1e
:1062b800ab61a36e13b9636e1bbaeb6120466c2108
:1062c8001bf0f6fd304670bdc2f1400200211bf004
:1062d8002fff21462046f7f72ff906460028edd173
:0c62e8000146382220461bf023ffb3e7dc
:020000040000fa
:020000040102f7
:1062f4002de9f84f0446894690461f469df82c60c8
:1063040014f018fe002841d00eb9002f42d0631ead
:10631400033335d8a3b2042b32d8dff88ca05d0147
:106324000aeb050bdbf81c309c4229d11af8053026
:1063340033b3b8f1000f23d0c84521d358460ef02b
:10634400a3f8184b0a9893f83010cbf810000023e8
:10635400a8eb09028bf814308bf802608bf8153027
:10636400cbf80480cbf80c70cbf808205846a9b9b8
:106374000cf01efd0aeb050301225a70002400e014
:10638400012418f085f82046bde8f88f0124204642
:10639400bde8f88f18f07cf80124f4e703f0c6fc9c
:0c63a400e8e700bf60fd0020f8f80020d2
:020000040000fa
:020000040102f7
:1063b0002de9f843264a274b274c284d2d681768ae
:1063c000d3f80080226823684ff0000c064682f85c
:1063d00051c0181d894618f085f840b92368204936
:1063e000d86a0b680122824023ea02030b60731c07
:1063f00015d023682168ad195d600ad23846043192
:1064000015f030fd174b1a68aa4288bf1d60bde821
:10641000f88340460431bde8f84315f023bdb9f1d7
:10642000000fe6d0104b25685a68216890682668ee
:10643000aa60c86018682168956827680436043126
:1064400001306e60186091607b61bde8f88300bf29
:106450008c0001209000012088000120bc00012058
:0c646000a4000120ac00012000ff00207f
:020000040000fa
:020000040102f7
:10646c0030b32de9f0412a4cc36a2268d26a9342b8
:10647c0015d28269002a04db2268d26ac2f10502b5
:10648c008261244d426903eb830305eb83039a423b
:10649c000fd02368db6ac3620120bde8f08123685a
:1064ac00406cdb6a98422cbf00200120bde8f081d3
:1064bc007047071d0646384618f00ef8dff858c02e
:1064cc0040b9f16adcf8003001228a4023ea020369
:1064dc00ccf800302368dcf80080db6af36203eb55
:1064ec0083029200ac1855f802e06168b1608868cc
:1064fc00f06088684760012000fa03f3864443eaa1
:10650c0008038f60ccf80030746145f802e0cde7e9
:0c651c0088000120bcfb0020a40001202e
:020000040000fa
:020000040102f7
:1065280010b52a4b2a4a997b1170d97b5170294999
:1065380002321c4613f8010b02f8010b8a42f9d10a
:10654800254b227b1a70627b03f8012f6021a37c04
:106558000522082015f081fd637d00220f212f20e0
:1065680015f07bfda37d032208212e2015f075fd73
:10657800e37e0422f0212f2015f06ffd207efef728
:106588008dfa0022e37c1f21082015f066fde37ccc
:106598000a3b03eb83035b004ff6fe7119400f20a3
:1065a8000af048f8e07d09f05df8002203460f2163
:1065b800052015f052fd637f3bb10620ebf706ff7f
:1065c8000020bde810401cf06dbe10bdca100020b0
:0c65d800220001412c0001412000014183
:020000040000fa
:020000040102f7
:1065e40010b52b4cff2184f8411094f8422002f09e
:1065f400800242f07a0284f84220102284f8451086
:1066040084f84820212284f84920012284f84a2071
:10661400022284f84c20227942f040022271e27d69
:1066240042f08802e2751b4a118a41f4204111822a
:10663400518a89b25182227a42f06002227208227f
:10664400a270637803f01f03082bfad11cf02efc10
:10665400114b58700723e37094f82e3043f0a003d5
:1066640084f82e300023a3730c23a373637a43f0be
:1066740007036372237b43f08003237394f82f3062
:1066840043f0030384f82f303623637610bd00bf34
:0c66940000000141005001419c1000205a
:020000040000fa
:020000040102f7
:1066a0002de9f3411e460378472b0d460246c1797a
:1066b00013d143784e2b10d18378552b0dd1c3784d
:1066c000432b0ad10379462b07d143794f2b04d1b1
:1066d0008379522b01d1002931d0104613f003ffea
:1066e00080f00100c0b200230024019453bb58bbca
:1066f00001290abf52f8203ca2f12003783b01296e
:1067000008bf52f8202c1c6818bf58320192236829
:1067100020469b689847c8b1019b1b6801930227dc
:106720002b6801aad3f81080214601232846c047d0
:1067300070b1019b3360384602b0bde8f08101239f
:106740000846d1e7034ce2e7034ce0e70127e7e71f
:0c6750000746f0e7503204015832040103
:020000040000fa
:020000040102f7
:10675c002de9f0430c46804654f8080f91f801904f
:10676c000f468db03e466168ff799c469646e368bd
:10677c00a268002506ac0a950fc456f8180f0195af
:10678c00b268f36871688df82c7002ac0fc44fead4
:10679c0029164ff0000366f30103bcf1110f8df8bd
:1067ac002d309df8502006d0bcf13a0f03d028466e
:1067bc000db0bde8f083714601a8644611f02afac9
:1067cc000199054618b9112c12d03a2c08d0002981
:1067dc00edd008461bf0f4f828460db0bde8f08368
:1067ec0002aa08f1240007f0f3fe05460199eee732
:1067fc0002aa08f12c0009f083faf6e7019808b117
:08680c001bf0def81cf02afb72
:020000040000fa
:020000040102f7
:106814002de9f0470d4686b011461446064610236e
:10682400284602aa1af0c6fb8046b0bbbdf80a305f
:106834006a8910345bba0c3ba4b21ffa83fa131ba7
:106844009a452edc0d2300932246534629463046b2
:106854000df0a2f958bbbaf1000f1ed0052710e0c5
:10686400304601f099fa04eb0a031c3ba3eb09033d
:1068740009f11c041ffa83fa00bba4b2baf1000f99
:106884000bd0224629460097534630460df084f932
:106894002946814602460028e2d1404606b0bde8ba
:1068a400f0874ff00608404606b0bde8f087024680
:1068b4002946304614f0baf80028ccd08046404629
:0868c40006b0bde8f08700bf3b
:020000040000fa
:020000040102f7
:1068cc002de9f041b0f87e315bba4ff6fe729bb207
:1068dc00adf5027d9342044600f5b8786e4644d07f
:1068ec000023234f336001ad07e0b4f87e312a78e2
:1068fc005bba103bdbb29a4213d02b46e28931468d
:10690c0038461af01bfd0028efd04146194814f008
:10691c00a5f84ff0ff326ff0010384f87e2184f864
:10692c007f3100233360124fe2892b4631463846c3
:10693c001af004fd68b92a78b4f87e31a2f57c729d
:10694c005bba92b29bb29a42eed04ff6fe718b427a
:10695c0003d00df5027dbde8f08152baa4f87e217a
:10696c004146044811f0def9dde701add9e700bf7f
:08697c00d8d5002064c60020fc
:020000040000fa
:020000040102f7
:1069840070b504460df078fc236cb0f5617f28bf28
:106994004ff4617006463bb19b8eb3f5417f04bf53
:1069a40020f00f0606f1ff3623681a791ab96368d6
:1069b400013b012b17d9a36bbbb1b3f88802a0b17b
:1069c4002ab3b4f8dc50002d31d0854228bf0546e7
:1069d400204610f073fd002806dba84220d22d1ab1
:1069e400ae4228bf2e46304670bdb4f8dc50002db0
:1069f400f9d01ab96268013a012a0cd9002be7d000
:106a0400b3f888020028e3d0002dded10fe06368dc
:106a1400013b012b06d8204610f050fd0028e3db93
:106a2400044870bdb4f8dc500028d1d0ece705462a
:086a3400cee700bf808fffffd9
:020000040000fa
:020000040102f7
:106a3c00013988b20f2823d82de9f041264931f8c5
:106a4c00104040f60b018c4284b01bd8d2b1cbb1b4
:106a5c001146a4f50065214a40f60400844232f840
:106a6c00152013d01e4d901c535328441a461af06f
:106a7c0045f92046e2f790ff002004b0bde8f08114
:106a8c0017207047172004b0bde8f081154fdff8d0
:106a9c0050c03e784ff0130818fb0625a81c1a4668
:106aac00604425f80c3065441af028f906ebc6034f
:106abc0006eb430601a80395adf80880adf8044039
:106acc00adf80660e2f7e2ff3b78002001333b7043
:106adc0004b0bde8f08100bf34ff0301a8fe002024
:086aec00180800201901012027
:020000040000fa
:020000040102f7
:106af40000294dd000284bd12de9f843264c0646f9
:106b040004f138000d461af02bf8012803d04ff099
:106b1400ff30bde8f8832b686360db68984707465d
:106b2400e8201e4ae7600023a7fb000116f0b2f834
:106b34006368297984f8306002304ff6ff7247f6b3
:106b4400ff754ff000084ff000091b6826612062b2
:106b54002172e561a26166633146c4e90a8910487d
:106b6400984763681a6912b1208b90476368e0699b
:106b74005b6980b2984763685b689847a0220021ec
:106b840008481bf0d7fa022303482370bde8f883b2
:106b94004ff0ff30704700bf60fd00200048e8015f
:086ba400f9400201f8f800209d
:020000040000fa
:020000040102f7
:106bac00f0b5abb00df103001cf022f99df8031009
:106bbc0011f0fb043dd12146882208a81bf0b6fa3f
:106bcc001d4bcdf85a400fcb04ad85e80f001b4d83
:106bdc00adf85e4010ac84e80f0095e8070001abff
:106bec0083e80700164b1e9314ab03c3154823f818
:106bfc00022b154c154e259440f20115120c1a70ef
:106c0c000124adf89f500068114d8df8a34040f25f
:106c1c0001274ff607524ff0013308a98df8704049
:106c2c00adf86270cde919621b95cdf89a301bf066
:106c3c00c9fa2bb0f0bd00bfc0210401c02704016c
:106c4c0034120f000c08002000f8ff07030405069f
:046c5c0000fb010038
:020000040000fa
:020000040102f7
:106c600070b584b0044601ae31462548fdf71cfde1
:106c70002588bdf80430ab424ff6fe721ed0934219
:106c80001ad0029b95420cbf01250325b3f5967fd0
:106c900021d24ff49673029396e8070084e8070028
:106ca0002246294617481af0c7ff224629461648a9
:106cb00016f050fb04b070bd0225ede7934217d0eb
:106cc0009df80c10227a029b91420ad0b3f5967f70
:106cd0004ff00305ddd30d490d4a8b4288bf1346a3
:106ce000d9e7bdf806106288914203d00425cde7ac
:106cf0000025d1e765689d420cbf05250425c5e741
:106d000000d7002010de002018de00209ac42000ea
:046d10009bc4200000
:020000040000fa
:020000040102f7
:106d14002de9f0478246c4b026a80c469946904611
:106d2400dde94c569df8387119f07efb9af8023073
:106d3400234337d130687168b268f3680df1580c99
:106d440064460fc430697169b269f3690fc4286875
:106d54006968aa68eb681eac0fc428696969aa69e6
:106d6400eb694ff0280e0cad40260fc4cdf80ce0b3
:106d74004a4641463846114bcdf800c0cde901657d
:106d840016f096fb26a81bf0b5fd2946282226a856
:106d94001bf0b6fd04a926a81bf0b0fa04a9084804
:106da4001af07aff26a81bf0a1fa44b0bde8f087d8
:106db40026a81bf09bfa1cf055f800bf806e030157
:046dc40094ce002049
:020000040000fa
:020000040102f7
:106dc80070b5044682b000683d238df806300e4643
:106dd800e8b14ff4807116f081fe0546a0b16368f2
:106de800002b36d023891a180132ff2a0cd8013318
:106df800034401220df1070130468df807301af0df
:106e08003bf878b102b070bd072002b070bd616870
:106e1800e9b120890028f5d0024630461af02cf84e
:106e280002b070bd2a46216830461af025f80028bd
:106e3800e8d101220df1060130461af01df80028ac
:106e4800e0d13046228961681af016f8dae7084678
:106e5800d8e701220df1070130468df807501af0e6
:106e68000bf80028ced12a46216830461af004f8db
:046e7800c8e700bfa8
:020000040000fa
:020000040102f7
:106e7c00f0b58e894c8983b0a41b0d23a4b200936a
:106e8c00324623460d4607460cf082fe28b10246d8
:106e9c002946384613f0c6fd40b90223009332460a
:106eac002346294638460cf073fe08b903b0f0bdf2
:106ebc000246294638460bf007fd0028f6d101237f
:106ecc00009332462346294638460cf061fe0028d2
:106edc00ecd00246294638460cf086fe0028e5d157
:106eec000e23009332462346294638460cf050feba
:106efc000028dbd003210091234632462946384630
:106f0c000cf046fe0028d1d0024629463846fff741
:106f1c007bfc0028cad1384603b0bde8f04007f02e
:046f2c00ffbf00bfe4
:020000040000fa
:020000040102f7
:106f300044f222230380d1e910322de9f04fb1f859
:106f40000080b1f802e0b1f804c0cf880e894d8905
:106f50008c89b1f848b093fa83f992fa82fa98fad8
:106f600098f8ca89c0f81890c0f814a08b69a0f8e6
:106f70000280d1f81c8093fa83f998fa88f8c0f857
:106f80002090c0f81c807fba76ba07810f6a4681cc
:106f90004e6a3fba36ba52ba9bfa9bf39efa9efeed
:106fa0009cfa9cfc6dba64ba87624662a0f804e061
:106fb000a0f806c08581c48102824382d1e90a32e9
:106fc0001bba12bac2620363d1e90c321bba12bafd
:106fd00042638363d1e90e321bba12bac2630364ff
:046fe000bde8f08f89
:020000040000fa
:020000040102f7
:106fe40070b59eb090f8342000238df828308df8c9
:106ff40032308df87030930701d41eb070bd054651
:1070040008460c461af026fd0646204616f0ccfd2e
:1070140008a9adf804002046009611f02dfc0028c4
:10702400ebd10df12a0120460ff07cfe0028e4d1bb
:10703400214602a803f076f99df80d20144808a90a
:1070440002f0010212f08efe23681b7803f007039e
:10705400012bd2d1684618f0ebfc0028cdd168464c
:1070640018f0f6fc70b9bdf80430002bc5d0009bb5
:107074001b7803f0e003602bbfd1694628460ff06c
:1070840061fabae769462846f3f75ef9b5e700bf47
:0470940060de00209a
:020000040000fa
:020000040102f7
:107098009033040103000000487b0001607b00017d
:1070a80000010000747b000103000000787b0001f0
:1070b800887b000104000000947b000103000000ad
:1070c800987b0001ac7b000100080000c07b000138
:1070d80003000000c47b0001dc7b000120000000ed
:1070e800f07b000109000000fc7b0001147c00011a
:1070f80000000100307c000103000000347c000126
:10710800507c000108000000687c000103000000ba
:107118006c7c0001887c000102000000a07c00015a
:1071280003000000a47c0001c47c000101000000f1
:107138000000000000000000000000000000000047
:047148000000000043
:020000040000fa
:020000040102f7
:10714c002de9f043a5b004460ca8884605911646d7
:10715c0011f008f806a819f0f5fb271d04f19c03a3
:10716c000093384604f1840304f16c0206a90bf079
:10717c00fbfc054660bb94f864300df114096bb947
:10718c00494632460ca818f04ffd054600bb9df849
:10719c00302023799a4225d194f86430124acdf8e4
:1071ac000890c3f10103254652f8233015f8cc0b97
:1071bc00019346440396a26e0095394606abf7f749
:1071cc005dfe054620b9059a084bb24218bf1d4614
:1071dc000ca809f06bfe06a81bf030ff284625b062
:1071ec00bde8f083024df3e73031040180b0ffffbe
:0471fc0080b1ffff60
:020000040000fa
:020000040102f7
:1072000070b5013989b20f2984b006d9244b0132f7
:107210001c8b31d0172004b070bd2248204b30f8b1
:107220001100a0f5006133f81140531c32d040f634
:1072300004039842eed102ebc20302eb43021a4d63
:10724000adf80400144463194ff0ff316151132667
:10725000d96059609960c3f80f1001a8adf80620f5
:107260000393adf80860e2f717fc104a137800208a
:10727000013b137004b070bd002540f60c00e2f72e
:1072800073fb09482a462044ff211af055ff0020cd
:1072900004b070bd064bc2b233f81250efe700bf26
:1072a000a8fe002034ff0301180800201901012066
:0472b000d0150401f0
:020000040000fa
:020000040102f7
:1072b40030b5294d294c83b02b7edb0738d5a26825
:1072c400e3689a4236d0696801f00701012903f1a5
:1072d400010233d02249cb5c8df806302169bdf818
:1072e40006308a4228bf0022e2606a6802f0070280
:1072f400012a18bfdbb2ab62237d002bdcd02269ec
:10730400a168e36899423cbf20690918cb1a216837
:107314000029d1d06168207f013ad31aa269c0b193
:107324009342c9d32368032098472b7edb07c6d436
:1073340003b030bd01232b7503b030bd590008489c
:10734400013110f81330415c8df807108df80630c8
:10735400c4e79342b0d1e5e7000c004020fd0020d3
:04736400f0ef002026
:020000040000fa
:020000040102f7
:107368002de9f8439500074628460e469846f8f753
:107378004ff8002844d081465420f8f749f80446cd
:10738800002841d0542200211af0d2fe2a46c4f81f
:1073980030904846a5211af0cbfe236b043d1d44ce
:1073a80025f0070576b1731e04f133010f3600bfcf
:1073b80013f8012f01f8012f0ab1b342f8d10023c5
:1073c80084f84330089e042e28bf0426e6626664cb
:1073d800201d1bf009ffc6f1050604f118001bf07b
:1073e80003ffa6612461646242463946284616f0c6
:1073f800a7f9099b206003b11c602046bde8f8830b
:1074080004462046bde8f883484603f065fd20465b
:04741800bde8f88350
:020000040000fa
:020000040102f7
:10741c00830644bf404200f01f0027494abf404248
:10742c0000f03f0343b291f91b009842a8bf1846e5
:10743c0091f8223043b1214a92f91f30834208dc83
:10744c00897e401a40b204e01d4a92f90f30834203
:10745c00f6dd92f9002082420edb83421bdd13f134
:10746c00200f25db1f2b25dc002bbabf03f01f00e0
:10747c0040f02000d8b20be012f1200f18db1f2acd
:10748c0018dc002ababf02f01f0040f02000d0b276
:10749c0040f08000704710f1200f09db1f2809dc39
:1074ac000028babf00f01f0040f02000c0b2efe788
:1074bc002020ede71f20ebe79c1000204c01012061
:0474cc00800101201a
:020000040000fa
:020000040102f7
:1074d000f0b50379c28983b00e4641790546c3f3fe
:1074e0004003c1f341048df80430406a8df8054033
:1074f000490901ab6f8906f009ff0446002832d024
:10750000be4228bf3e4633460022294605f0b4f964
:1075100038b9ab896289b34228bf33469a4203d255
:10752000fee7e36913b3fee7a381a879a379217984
:10753000627960f30303a3712b79db0963f3c7114d
:1075400021716b79c3f3c10363f3c4026271ab6948
:10755000a3612a8a6b8a638222822b7a2372aa8d84
:10756000eb8de385a285204603b0f0bd256a002d92
:10757000d9d12146606a18f00df82c46f3e700bf18
:020000040000fa
:020000040102f7
:1075800030b501f1310323f0010387b05d78022d9e
:107590000ed11b7813f0300f0c4602d11378ff2b5d
:1075a0002ad102aa10230021204615f055fc08b16b
:1075b00007b030bd20466a460823032115f04cfc75
:1075c0000028f5d1154dd5f82c41002cf0d005f64a
:1075d000d865102202a9204619f088fba0b92a68b4
:1075e000009b9a420cd021460d481af063f980b1f5
:1075f0000c4814f02bf9dbe70b4816f00ffad0e734
:107600006a68019b9a42eed16469002ce1d107b00f
:1076100030bd2146054813f027fac9e738c50020d8
:10762000f0dd002018de002010c7002064c6002016
:020000040000fa
:020000040102f7
:1076300038b545788d4218d004464170042127485a
:107640001af09cf92946204603f024fd6378042ba8
:1076500009d8dfe803f0242c34033a00b4f82631cb
:107660000133a4f8263135b938bd04211b48bde8e3
:10767000384019f04dbc002104f1400013f080faad
:10768000012df1d16378022beed1e378227883f0db
:107690000803c3f3c00363f34512227038bdb4f886
:1076a00020310133a4f82031002dddd0e3e7b4f818
:1076b00022310133a4f82231002dd5d0dbe7b4f814
:1076c00024310133a4f82431dae7b4f82831013346
:1076d000a4f82831002dc7d0cde700bf60c5002039
:020000040000fa
:020000040102f7
:1076e00010b5044608f0bafb20460221fff7a0ffc0
:1076f00023790bb10023237144f6206104f5c8708f
:1077000015f002fc00231f4a6371a4f8093092f8b7
:10771000e41963f3041182f8e419204609f0defe4f
:10772000e38a4ff6ff7293420dd06378023b012b40
:1077300009d8237be2820121994003224ff47a7316
:10774000114818f027f9228ab4f85c304ff6fe7120
:107750008a4201d09a4205d123820c48bde81040ec
:1077600006f04cbeb4f868310133a4f86831204605
:1077700009f0e8feb4f85c3023820448bde810400c
:1077800006f03cbe38c5002074de00201ccf00206f
:020000040000fa
:020000040102f7
:107790002de9f04389b003af002600978046894663
:1077a000154600f110011c46383004ab1022cde91b
:1077b0000466cde906660396109e01f0e1fc0746db
:1077c00070bb04ab032d03eb090137d904238446b6
:1077d00000e00346e218c81852f8042c50f8040cd4
:1077e000f7184240181d854247f8042cf1d267462d
:1077f0009d420dd919441e4423442c4413f8012bf7
:1078000011f8010ba34282ea000206f8012bf5d120
:1078100004a810211af050fb384609b0bde8f083e7
:10782000d8f8743043f0100304a8c8f8743010215d
:107830001af042fb384609b0bde8f0830346d7e7ab
:020000040000fa
:020000040102f7
:107840002de9f04191424ff000041c6002d8541a17
:10785000052c02d82348bde8f081846b066801f14d
:10786000060e24b1257a012d01d1e56c0db9f56d17
:10787000b5b32c8894b3f446884640f2033702e04f
:1078800035f8024f9cb10689be42f9d1260a033e63
:10789000012ee1b2f4d80329f2d16245a2eb0c0625
:1078a000d8d3012ed6d964ba2cf8024be8e7bceb4a
:1078b0000e0e13d01ffa8efe0ef10205aceb08027d
:1078c0006dba9efa9efe4ff45066a8f80250a8f8d2
:1078d00004e0a8f8006020461a60bce70248bae756
:1078e0000248b8e70096ffff0094ffff80a1ffff6a
:020000040000fa
:020000040102f7
:1078f0002de9f041824288b006460c4621d06f4601
:10790000194610463b460eaa05f0a4fdbdf804201a
:1079100003e015f03bfbbdf804201346214630463a
:1079200062b1009a0df046fdbdf80430bdf8382074
:10793000234439460ea89cb2002aead108b0bde81b
:10794000f0818b42dbd2bdf8382014441344a4b23a
:107950009db2002af2d06f46202a904628bf4ff0f1
:107960002008a5eb0805adb2a4eb0804a2eb080cb7
:10797000294643463a46a4b23046adf838c00ff027
:107980008bf93a464346214630460df013fdbdf8cb
:0c7990003820002ae0d108b0bde8f081ea
:020000040000fa
:020000040102f7
:10799c00f0b58b89816085b00c4601aa1946002789
:1079ac00adf8023005460c232046cde9017703974c
:1079bc0019f0fcfabdf80230bdf808200c339bb26c
:1079cc00adf802300df102068ab13146204613f0b3
:1079dc00cbfdbdf80820bdf80230013752ba043394
:1079ec0092b2b9b29bb28a42adf80230edd8bdf872
:1079fc000a202b8252ba314692b220460ff0f6fa88
:107a0c00bdf80c2052ba314692b220460ff0eefa75
:107a1c00bdf80e20bdf80230ab8252ba314620467a
:107a2c0092b20ff0e3fabdf80a20bdf80e3052ba4c
:0c7a3c005bba6a82eb8205b0f0bd00bfaf
:020000040000fa
:020000040102f7
:107a480070b5274d044628460e461bf091f90028cc
:107a58003bd195f8d431c3b3b5f8ec294ff6ff7391
:107a68009a4234d0204608f02dfa04f5e4711d48f6
:107a780010f05af904f5fc711a4816f037fa04f5b3
:107a88000371184816f032fa2046e18908f0e2f945
:107a980000236382144819f0b3fc76b9012363719b
:107aa800e2894ff6fe739a4209d000256572204696
:107ab8002946eff70bff284670bd012ef0d120466e
:107ac800002102f095fb002070bd0d2070bd19f05b
:107ad800b5ff014605f6e41013f044fcc2e700bf09
:0c7ae80038c5002064c6002094ce0020a9
:020000040000fa
:020000040102f7
:107af4002de9f0418eb080460f461546002104a8ba
:107b040026221af017fb4ff2bf0305212148adf8d6
:107b1400323018f0c5fb002837d0064695b10a224a
:107b24002b798df80c2003a902228df80d3015f065
:107b340057fa044610bb2a792968304615f050fae2
:107b44000446d8b94ff6fe739f4206d03a46022146
:107b5400304619f07bf9044680b904a816f030fbce
:107b6400cdf8008004aa0c4b0a48314617f030fccb
:107b7400044618b920460eb0bde8f081304619f02d
:107b840023ff20460eb0bde8f081032420460eb04a
:0c7b9400bde8f08110c700201130040192
:020000040000fa
:020000040102f7
:107ba000882910b536d012dc812943d003dc802926
:107bb00040d0002010bd82290ed08429f9d1196847
:107bc00002b30a1d1a60b1f90020d3171ee0a029e4
:107bd0002bd00bdc9029ecd11968073121f007017b
:107be00001f108021a60d1e900230fe0c02901d099
:107bf000f029ded11a68111d196013680360002393
:107c0000436005e00a1d1a600a880023c0e90023ca
:107c10000120cfe7196822b10a1d1a6091f90020ee
:107c2000d3e70a1d1a600a78efe71a68111d196078
:107c30001268cae719681ab10a1d1a600a68c4e70f
:0c7c40000c1d1c600b68c0e90032e1e77d
:020000040000fa
:020000040102f7
:107c4c0070b588b004ac054620460e461bf072fa9f
:107c5c00022019f057fc0146204614f03fff30b1ca
:107c6c000125204618f040f8284608b070bd1d4a82
:107c7c00029000900192034695f87d2029462046fb
:107c8c00f4f732fa054628bb94e8030006ab83e808
:107c9c00030018461bf022f80238022898bf079df3
:107cac002022314605f168001af0ecf848b905f1cc
:107cbc00700006f1200120221af0e4f80546002895
:107ccc00cfd0eff7c1ff0546204618f00df8284637
:107cdc0008b070bd204618f007f80625284608b0f5
:087cec0070bd00bfe12204019c
:020000040000fa
:020000040102f7
:107cf40070b594b00646684619f020f906f13c01c7
:107d040002a810f099fd029c14b92fe0129c3cb318
:107d1400402304aa0021204619f04cf9139d002d9c
:107d2400f4d1009b079a9b1a002b2146304610dba6
:107d34009df840209df838309a4222d204f0a0f9f0
:107d44002b4604aa2146c0b901464023204619f017
:107d540031f90799684616f0e3fd129c002cd7d13f
:107d640002a811f05dfc029c002cd1d1694606f1f9
:107d7400400019f015fe14b070bd3046f1f7b8fca0
:107d8400e7e71c220ff0a6f802a811f049fc029cb8
:087d9400002cbdd1eae700bf9d
:020000040000fa
:020000040102f7
:107d9c00f0b50c4689b0114605461c23204601aab5
:107dac0019f004f90646c8b9bdf80630b3f5c05f42
:107dbc0017d105f16c0402affc3500bf94f82230ea
:107dcc0043b1e3692046394623b91bf0e7f8237c1d
:107ddc0083420ad92434a542f0d11726304609b083
:107dec00f0bd0626304609b0f0bd069b94f812c0d3
:107dfc00079d93fa83fe1ef1000318bf012363f362
:107e0c00000c97e80f002dbac4e906e5003518bf41
:107e1c000125674684e80f0065f34107032302251b
:107e2c00a774657484f82230214602480ff07aff5b
:087e3c00d4e700bf64c600207a
:020000040000fa
:020000040102f7
:107e44001f2940d82de9f041264fd7f8f049cc40fe
:107e5400e40782b034d50c460f219846164604f048
:107e6400dbf9054660b30379047243f0020303713e
:107e740097f8ee1949ba0024adf801106a460323b5
:107e840014218df800400bf077fcb0b9b8f1000f65
:107e940021d0b8f1010f09d168461af0b5fd6a4640
:107ea4000823162128460bf067fc30b9b7f8ec29f3
:107eb4001521284618f0caff30b1284619f084fd70
:107ec40002b0bde8f081704731462846fcf77cffdc
:107ed4000028f5d0f1e7284616f008ff0028e5d081
:087ee400ebe700bf38c50020e8
:020000040000fa
:020000040102f7
:107eec002de9f04f87b0cde901210027824603939d
:107efc003d46b9464a460199504610f099fe8146d6
:107f0c00b0b3c6784378f21d00ebd20202330432d0
:107f1c000344cde90423029a83789342ead10db14c
:107f2c00b742e7d2002104a813f00cfd83460028c9
:107f3c00e0d0427800f10208d31e18eb030ff1d207
:107f4c0044460db1be4207d937462546d31e0334ed
:107f5c0043449c42f5d9e5e72a462146504611f0a8
:107f6c0049fe0028c4bf374625469bf80120ede7a3
:107f7c0035b12b88039a5bba138007b0bde8f08f3c
:087f8c00042007b0bde8f08fee
:020000040000fa
:020000040102f7
:107f94002de9f0418ab00c4607460cf0c5ff0646b1
:107fa400207910f0010004d0a08998b961794d09b5
:107fb40014d00ab0bde8f081032a0bd023f03003bb
:107fc40043f0300501466a46204628238df80150c7
:107fd4000df0eef900200ab0bde8f08129466a46aa
:107fe40028232046d4f8188018f0e4ff02a9114889
:107ff40016f010fe0028edd1a6eb0806b6f5fa7fc0
:10800400e8d39df80130c3f3011212b1b6f57a7fbb
:10801400d2d302222146384603f082f82379db07c3
:1080240005d42146384617f093fc0220c1e702200c
:08803400bfe700bf64c6002095
:020000040000fa
:020000040102f7
:10803c00284bf0b5d3f8242bd3f8285bd3f82c0bb2
:10804c00d3f8304bd3f8346bd3f8147b2a44024466
:10805c00d3f81c5bd3f8180b22443244d3f8204bd2
:10806c00d3f8386b00eb050c8bb03244a4449cfa6b
:10807c008cfc12ba3fbad3f8b80ad3f8ec6ad3f82e
:10808c00fc5ad3f8004bcdf80620cdf816c0cdf82d
:10809c000270d3f8bc2ad3f8f43a2dba90fa80fec9
:1080ac0012ba1bbacdf80e5036ba24ba42f20945b0
:1080bc006846cdf80a60cdf81240cdf81ae0cdf83c
:1080cc001e20cdf82230adf8005016f083fb0bb01b
:0880dc00f0bd00bf38c5002013
:020000040000fa
:020000040102f7
:1080e40002b9fee7438803f4704343f08f034380ef
:1080f4000b7810b48478db0963f3000484700b7884
:10810400e4b2c3f3801363f3410484700b78e4b2e4
:10811400c3f3401363f3820484700b78e4b2c3f3b3
:10812400001363f3c30484700b7883f00403c3f374
:108134008003e4b263f3041484700b7883f00203c5
:10814400c3f34003e4b263f3451484700b78e4b2e0
:10815400db4363f38614012a847012d94a78c37806
:10816400d209e4b262f3c71484704a7882f0400200
:10817400c2f3801262f30003c3704a7862f34303cc
:08818400c3705df8044b704765
:020000040000fa
:020000040102f7
:10818c0002b9fee738b50b460446002118461546e1
:10819c0019f0ccffa278d107034604d5027862f01f
:1081ac007f020270a278910704d51a7842f040023f
:1081bc001a70a278500704d51a7842f020021a706f
:1081cc00a278110704d51a7842f010021a70a2781e
:1081dc00d00604d41a7842f004021a70a2789106e0
:1081ec0004d41a7842f002021a70a278500616d5fe
:1081fc00012d13d9a1785a78c9091cbf42f080020d
:10820c005a70e178c90758bf42f0400242f0380278
:10821c005a70e178c1f342010a435a7038bd1a789a
:08822c0042f001021a70e3e7c1
:020000040000fa
:020000040102f7
:108234002de9f043076be1b0002b3cd007eb470579
:108244006d08b2f5807f40d81544b5f5c07f3cd8a1
:108254000446164688464ff4c07200216846994683
:1082640019f068ff3a466946d4e90f30984778bb5d
:10827400256bb9f1000f09d0d4e90f306a080deb72
:108284000501984720bb236b05eb5305b8f1000f9c
:1082940000d096b92a4669462046fdf74df80646b1
:1082a40008b90123e3622946684619f003fe304603
:1082b40061b0bde8f0833d46c3e70deb05004146e0
:1082c400324618f01ffd3544e4e76ff00406eee78c
:0882d4006ff00806ebe700bfa4
:020000040000fa
:020000040102f7
:1082dc00012930d8002330b4c0e91033b9b1174ca0
:1082ec00174d184a184bc46404f147548564026551
:1082fc00164d436504f5da14154a164b81660a349b
:10830c00c0e91654c0e9182330bc00207047124d48
:10831c00124c134a134b8564c464134d134c026501
:10832c004365134a134b8166c0e91654c0e9182300
:10833c0030bc002070476ff07300704707d57c3657
:10834c00d89e05c117dd703039590ef7310bc0ffbf
:10835c00a78ff964a44ffabe67e6096a85ae67bbbe
:10836c0072f36e3c3af54fa57f520e518c68059b0b
:08837c00abd9831f19cde05bb2
:020000040000fa
:020000040102f7
:10838400d0f8a03010b50446002b3bd10121e0f712
:108394000bfe002835d1636f142b37d1a16c626baf
:1083a4002368e163a2625b79012b15d1b4f88030b4
:1083b4000133002000219bb2a4f88030c4e92201db
:1083c400c4e924014bb3236ed91c03f10b020d3312
:1083d400e165c4e919230fe0e36d00225a601a60d5
:1083e40023685b79012beed0236ea3f10801da1c1c
:1083f4000533c4e91923e1656268e366013262600a
:10840400002010bd0023c0f8a030c4e720460a2293
:10841400022110f071fe024810bd024810bd00bfd9
:088424000089ffff8094ffffb7
:020000040000fa
:020000040102f7
:10842c0000b5264e264d306083b00024adf80040d8
:10843c001af048ff30601af093fc204619f020fa2d
:10844c001af0c6ff044638bb69464ff0ff321d4890
:10845c0019f07cfdbdf8001001f47f43b3f5407fab
:10846c0027d0b3f5806f1fd0b3f5007f18d02b78d1
:10847c00002be5d040f20143002201a91148adf8d0
:10848c00043019f0c3f80028dad101232b701af04c
:10849c009fff04460028d7d030681af015ffcfe7ad
:1084ac003068eff72ff9e2e730682c7018f076fca3
:1084bc00dde7306818f026fbd9e700bf0c08002078
:0884cc0018010120241000201a
:020000040000fa
:020000040102f7
:1084d40048b1426cc36a914238bf11468b4202d004
:1084e400826c012a00d0704782692de9f041204d49
:1084f400c162002a03eb83034269a8bfc1f10501ed
:1085040005eb8303a8bf81619a4201d0bde8f081e5
:10851400071d0446384615f0e3ffe8b1e36adff8c7
:1085240054c00121994003eb83039b0005eb030e28
:10853400ee58def80420dcf800809068e060906873
:10854400a260013641ea08014760ccf80010976048
:10855400c4f814e0ee50d9e7dff818c0e36adcf899
:1085640000200121994022ea0102ccf80020dae738
:08857400bcfb0020a400012063
:020000040000fa
:020000040102f7
:10857c0038b5244c00232370e37ca179072b96bfdc
:10858c00214a8523d35c02291dd0204a1078022869
:10859c0019d0012919d01278012a08bf8423e27f4f
:1085ac0012b10023e3778c23607f58b9a27f18495e
:1085bc006ab90968184611f0b1fd00232377a37737
:1085cc0084f8203038bd8323e9e78423e7e7237f51
:1085dc008bb194f8203073b10e4d09682a6832b112
:1085ec000df06afb2b68186815f0c2f9e5e78c20d2
:1085fc000df062fbe1e70022096810460df05cfb10
:10860c00dbe700bf9c1000202832040199100020e9
:08861c00c0100020ec1000204a
:020000040000fa
:020000040102f7
:108624002de9f041d2e900230c4686b007465fea03
:10863400d37820684968a5680590e66841d052421d
:1086440063eb4303002908db20f002000590b8f136
:10865400000f02d1059948072ad5691e05a8029082
:108664000a20cde90010204606f03afbb8f1000fcd
:1086740002d1059b59071fd5b8f1000f00f1ff3057
:1086840014bf2d232b2333542269059b0093013af5
:108694002b46121a3118384604f098fe7b68db0525
:1086a40003d563689842b8bf184606b0bde8f081a8
:1086b4000807d2d42946d1e71a07e5d50138202383
:0886c400e1e70029c0dac5e777
:020000040000fa
:020000040102f7
:1086cc0030b51a46c3b0044605ab104600250df173
:1086dc0007028df8045101f09ff9a37930b99df888
:1086ec00072003f0010322b903bbfee7db0708d424
:1086fc00fbe72bb1014605aa204606f06dfd1ae0fa
:10870c00f3e705aa2946204606f066fd02a914489f
:10871c0015f056f9e8b9bdf80a1001291bd801214a
:10872c00a379da0712d5a3889bb1fee705aa01212c
:10873c00204606f051fd9df80730002be6d1a379b9
:10874c0013f0010102d0a3881bb1fee7204613f001
:10875c00dff843b030bd012013f058fd0146dfe7d0
:04876c00f0dd00201c
:020000040000fa
:020000040102f7
:1087700070b50c460546114620461a46f3f7acf88c
:10878000064608b1304670bdab6c002b39d0b4f949
:108790000430002b2ddb20461af0d6fceb6bb0eb3f
:1087a000430f2cd8ab6c2046984706460028e9d1e9
:1087b000043508e014f0b0f92a46214648b12046b5
:1087c0001af0c6fc90b9b4f9043000218b4220465f
:1087d000f0db29462046faf751f900282a462146bf
:1087e0002046cfdbfbf79ef90028f2d00646304644
:1087f00070bd0146204614f08ff90028cbd0044efe
:10880000c0e72a1d21462046bde8704001f054bf54
:0488100080b0ffff36
:020000040000fa
:020000040102f7
:108814002de9f043064691b0846b05a889461746b6
:108824001af08afad6f8348004f52374b8f1000fec
:1088340039d01e491e4b2046002f0cbf0f461f4641
:108844001af094fc0022014605a80af0f1f9054645
:1088540030b105a810f070fc284611b0bde8f083d3
:10886400214605a813f0def905460028f1d108a930
:1088740005a818f013f905460028ead1b36bcdf822
:10888400049020240c2202920094de693a4608f1f6
:1088940030000deb04033021b04721460deb0400fa
:1088a40019f008fbd5e7d6f83080c2e794fc030141
:0488b400a4fc03011c
:020000040000fa
:020000040102f7
:1088b800f0b505684f1b002f83b048dd2f78ba420a
:1088c8003fd10135056001aa04461e4609f062fc45
:1088d800a0b90199002937d0226813781d0633d42e
:1088e80073b95518013202e01378013243b9a91a55
:1088f800aa4222600191f7d10023336003b0f0bd92
:10890800042921d804d1236893f90030002b1bdbfc
:10891800019b00215a1e01923160002beed0256880
:108928006f1e2a461f441d4412f8013b43ea0121e9
:10893800aa42a7eb0203316001932260f4d103b08d
:10894800f0bd6ff06100d9e76ff06300d6e76ff014
:048958005f00d3e702
:020000040000fa
:020000040102f7
:10895c0053098b4249d8f0b402f01f0538d01f2ab6
:10896c0030d903f18044071f013ccb1a00eb84047f
:10897c0007eb830c3a4600bf54f8046f42f8046fbf
:10898c006245f9d199421dd903f18043013b89001d
:10899c0000eb83037a18002443f8044f9a42fbd16e
:1089ac0075b14218c5f12006002400bf52f8041d11
:1089bc0021fa05f323438242136001fa06f4f5d140
:1089cc00f0bc7047002dfbd00029f9d08900e8e7f6
:1089dc0035b91f2af4d90029f2d02b46071fd3e74b
:1089ec008a00f0bc002119f0a1bb8a00002119f00b
:0489fc009dbb00bf60
:020000040000fa
:020000040102f7
:108a000030b583b004460189006801230df10302eb
:108a100018f0d2fa00283cd123899df803200133b5
:108a20009bb2ff2a23810dd14ff6ff712268e180ae
:108a300052899a4204d806204ff6ff73c4f80630d4
:108a400003b030bd120901a92046adf8042007f09b
:108a50009dfe0028f0d19df803300df1060103f0d2
:108a60000f032046adf8063007f090fe0028e3d152
:108a7000236821895a89bdf80630521a9342dadcfc
:108a8000a288bdf80450e3802a440b442381a280cd
:108a9000d6e74ff6ff730020e38003b030bd00bf80
:020000040000fa
:020000040102f7
:108aa0002de9f0410f4682b01146164604460223d6
:108ab00038466a4616f07efd054620bb9df801103b
:108ac0009df800302370ff2926d0607002314ff0ee
:108ad00002083368c4f80230a388994204f1020600
:108ae00015d889b2304619f0d1fe6388a1887a89f9
:108af0000b449bb29a420ad33368c4f8063041460d
:108b0000a01d18f0e1f9284602b0bde8f081062565
:108b1000284602b0bde8f08104230deb0302314684
:108b2000384616f047fd48b9bdf8061049ba89b273
:108b30000123043163704ff00408cae70546e2e7f9
:020000040000fa
:020000040102f7
:108b400038b500f4405580f48072b5f5005f0446f6
:108b5000c2f3002200f4406131d0081c18bf01208c
:108b600048b98912022902f1020009d003292bd049
:108b700041b1ff2038bd8912022902f10400f5d16c
:108b80000230c0b2b5f5005f04f440430dd0002bb5
:108b9000f0d062065cbf0230c0b29b13022b1bd028
:108ba000032b08d10830c0b238bd04f44c42b2f5f2
:108bb0004c4fecd1f1e7002b18bfff2038bd0cf073
:108bc00049fc0028d7d1cce70830b5f5005fc0b22a
:108bd00004f44043dbd1e8e70230c0b238bd00bf47
:020000040000fa
:020000040102f7
:108be00070b58ab004460d4601a80021222219f072
:108bf000a3fa20460df1120103f046ffa8bb9df831
:108c00001a202c68022a26d01a4bb3f8162aadf87f
:108c1000082001228df81020b3f8ec1907a819f0ec
:108c200083fe032140f60500adf80410adf82200e4
:108c300001aa11480426002321468df8246009f07a
:108c4000d9fe204619f084fb10b12b6800225a7619
:108c500020460ab070bd094b1868596802ae03c6b9
:108c6000a3f61a238df81020d6e7002420460ab078
:108c700070bd00bf38c50020d0d1002052cf0020e9
:020000040000fa
:020000040102f7
:108c8000f8b546787eb3012e13460d4604462bd127
:108c90000289002a38d1194651f8107f4e68886839
:108ca000c968e16227626662a0625a8c628693f8a4
:108cb000252094f83510c2f3800262f3820184f813
:108cc00035101f685e689868d968a2782761666168
:108cd000a061e1611b8c2386042a20d0002120465c
:108ce000edf7a8fe30b1f8bd1146103016f072fd58
:108cf0000028f8d06378032b09d0e5602046f3f70d
:108d0000f5fb0023e360f8bd013a0281c3e71022be
:108d100004f1200104f1c8000ef01afcede7fee7b3
:020000040000fa
:020000040102f7
:108d20002de9f04390f87a90c46f11f809304b4563
:108d30008db080460f4616461abf80f87a3001255e
:108d4000002574b1012e204602d1236a002b05dada
:108d5000e37df95c07f000ff0543edb2e469002c08
:108d6000f0d1b9f1060f03d098f87a30062b03d072
:108d700028460db0bde8f08398f8a030042b18d039
:108d8000052b01d0032bf3d14346b8f84e6053f8be
:108d90003e0fadf8186059689a68db6802ac12267d
:108da0000fc4009607ab02aa0c21044809f022fb6d
:108db000dee70c21014819f033fad9e78cc5002011
:020000040000fa
:020000040102f7
:108dc00007294ad8dfe801f0060f1a2331383e049c
:108dd00001207047807f00f00f00a0f10700b0fa7b
:108de00080f040097047807f00f00f00012835d0e7
:108df000063801288cbf002001207047807f00f0da
:108e00000f00a0f10400b0fa80f040097047837fa2
:108e100003f00f03072b20d8012202fa03f313f00b
:108e2000f20f14bf104600207047837f13f00f0f1e
:108e30000cbf012000207047807f10f00f0018bf8a
:108e400001207047807f00f00f00012805d0063810
:108e5000012894bf0020012070470020704700bf08
:020000040000fa
:020000040102f7
:108e6000540d01015c0d0101640d01016c0d010146
:108e7000740d01017c0d0101840d01018c0d0101b6
:108e8000940d01019c0d0101a40d0101ac0d010126
:108e9000b40d0101bc0d0101c40d0101cc0d010196
:108ea000d40d0101dc0d0101e40d0101ec0d010106
:108eb000f40d0101fc0d0101040e01010c0e010174
:108ec000140e01011c0e0101240e01012c0e0101e2
:108ed000340e01013c0e0101440e01014c0e010152
:108ee000540e01015c0e0101640e01016c0e0101c2
:108ef000740e01017c0e0101840e01018c0e010132
:020000040000fa
:020000040102f7
:108f00002de9f04385b05c23234f8df807300646ea
:108f10000c469046214630460df03cfb2168054644
:108f200080b991f90230002bb4bfcb78cb798df8a2
:108f30000c30b4bf01f1040901f10809012bcdf88f
:108f4000089015d800230df1070c012502aa384618
:108f5000cdf808c08df80c5018f002fa0023c4e9cf
:108f600000030028d6d11725284605b0bde8f083b8
:108f700089780a4801f00f01424618f09df999f8e6
:108f8000013088f8103063685b8828465bbaa8f81f
:108f9000123005b0bde8f083d8d5002040d20020c3
:020000040000fa
:020000040102f7
:108fa0007f2947d00388c3f3072313f0f80f70b568
:108fb00018bf8578c170044640784fead00208bfd8
:108fc000ff25072a98bf013202f01f0262f3c70093
:108fd00001eae17360705b4221889bb2db00c1f360
:108fe0000a00561e9bb206fb003393fbf2f262f3bb
:108ff0000a01218020460ff041fe022d10d80f4bb0
:109000001d441623984295f8201095f824200ed878
:10901000904210d8884294bf00200120a07070bdfb
:10902000142398424ff00a024ff00201f0d90320b6
:10903000a07070bd70470220a07070bde8c703012a
:020000040000fa
:020000040102f7
:1090400010b5044682b00868019080b20128b4f8d7
:109050007c309cbf0220adf80400834209d000ebb5
:1090600040001d4bc0eb4010a3fb00304009a4f8aa
:10907000460094f87c209df804309a420ed0019866
:10908000e0674ff48011154818f078fcb4f87c20a4
:10909000b4f844309a4219d902b010bd94f87d203a
:1090a0009df805309a42ead194f87e209df806306a
:1090b0009a42e4d194f87f209df807309a42ded19d
:1090c0004ff48011054817f023ffdfe7204602b078
:1090d000bde8104019f084bd1f85eb5160c500202c
:020000040000fa
:020000040102f7
:1090e000f0b5264bb1b005461b68019312a80c469b
:1090f000174617f09bf9284602a90ef04bff4ff4d4
:10910000807612a819f0f8fb227c0732d20821469b
:1091100012a819f0f7fb04220deb020112a819f0b6
:10912000f1fb0122394612a819f0ecfb202202a91a
:1091300012a819f0e7fb0aa912a819f0e1f804f146
:1091400008050aa9284619f0affc28460df078ff5b
:1091500040b13b78013e0133b6b23b70002ed0d116
:10916000012400e0044612a819f0c2f8204631b0ec
:10917000f0bd12a819f0bcf819f076fe8433040192
:020000040000fa
:020000040102f7
:109180002de9f041066882b0ddf820c07eb3347965
:10919000002514f01f04ccf8005032d0757905f08a
:1091a000f005102d0ed0902d25d0994206d1c3691f
:1091b000ebb9b2fbf4f304fb1324c4b9134802b0b7
:1091c000bde8f081a2421ed18e46f179104cccf858
:1091d0000020c1f38401724654f8214090f9081030
:1091e0006468406ba44602b0bde8f041604709489e
:1091f00002b0bde8f081cde9002c406becf73cfcff
:10920000dde70548dbe70548d9e700bf809fffffa2
:1092100090010120009fffff809cffff809dffffca
:020000040000fa
:020000040102f7
:10922000002848d00268002a45d0826b002a42d02c
:1092300042681b2a3fd010b5044608f0e1ffb0b9e0
:1092400023685b79012b13d0204614f0b7f970b96d
:1092500023681b79b3b9606830b3012827d0204652
:10926000dbf7ecff23681b79012b17d068b910bd21
:10927000a36b9b79012be7d12046edf7affe0028c9
:10928000e2d010bd012b09d00c4894f8a430002b7b
:10929000edd02046bde8104014f090b92046daf732
:1092a00049f80028e3d0f0e70123636010bd2046b1
:1092b000e5f728fdd6e70148704700bf008fffffa4
:020000040000fa
:020000040102f7
:1092c00038b50b680160b3f1033f3fd18b69002bc8
:1092d0003ed00b88038100230446c0f8b03040f232
:1092e000b131012019f036fda06588b140f2b131ed
:1092f000012019f02ffdc4f8b00010b3204607f08c
:109300004df82046ebf7fef80546e8b9284638bd8b
:10931000104d19f025fdd4f8b00019f021fd0023ff
:109320002360a365c4f8b030c4e91733c4e9193326
:10933000e366c4e92d33c4e92f33c4f8c4302846aa
:1093400038bda06d034de4e7a06de2e7024ddde717
:10935000024ddbe70081ffff80a1ffff008cffffd4
:020000040000fa
:020000040102f7
:10936000adc0000008f00301280904000303030353
:10937000afc0000090130201280904020303030395
:10938000acc00000b4130201260904000303030368
:10939000aec00000d8130201260904020303030330
:1093a000a5c00000fc130201280905000303030304
:1093b000a9c00000181402012809050203030303d1
:1093c000a4c00000341402012609050003030303ae
:1093d000a8c000005014020126090502030303037c
:1093e000ffc000006c14020126090b0203030303f3
:1093f000000000008c1402010000000000000000ca
:020000040000fa
:020000040102f7
:109400002de9f04389b004460e466846202200212b
:1094100018f092fe04f120056f4604f10c08424654
:1094200013681bba013319ba11604bb9a24207d0b5
:10943000043a13681bba013319ba1160002bf5d036
:109440003b4622460121284614f0f8fe8146b8b971
:10945000103708ab9f42e2d1adf1040307a800bf6b
:1094600053f8042f56f8041b984282ea01021a604e
:10947000f6d1284680226946eef70cfb814638b1ca
:109480006846202118f018fd484609b0bde8f08371
:1094900004ad0fcd20606160a260e360f0e700bf23
:020000040000fa
:020000040102f7
:1094a00070b5054616f086fd95f8454064b2002c6f
:1094b0001bdd05f1240606e00bf040f870b9013c15
:1094c000e3b25cb28bb1ab6c2846002bf4d16b6a73
:1094d000304653b1f8f754fa0028f0d0013c19f0a7
:1094e000a5fce3b25cb2002bedd1ff2385f845303b
:1094f00018f096fd16f05efd95f8444064b2002c1d
:1095000016dd2b69a3b105f1100605e0013ce3b2bd
:109510005cb26bb12b695bb13046f8f731fa0028c9
:10952000f4d0013c19f082fce3b25cb2002bf1d123
:10953000ff2385f84430bde8704018f071bd00bfce
:020000040000fa
:020000040102f7
:10954000f8b5234c2378054603f0ff06002b3cd1e9
:1095500017f0b0fb0f2801d115f03cf86b681d4dda
:10956000012767772b601b78013be37004220023ff
:10957000f0212c2012f05cfd07233a460e212c200e
:1095800012f056fd03202770e8f724ff28680178c1
:109590000139c9b2f2f758fe2b680f4a1b78bb405d
:1095a0002433dbb282f84730002211460920ecf761
:1095b00067fd40b119f07cfc00f01f00092802d1c2
:1095c000064b02221a703046f8bd8626fbe700bf24
:1095d0009c10002088100020000001410200014181
:020000040000fa
:020000040102f7
:1095e0002de9f04302f1310424f0010485b06578df
:1095f000013d032d24d80e461e49074698461546c0
:1096000015f0b8fe814698b32178c1f3011121b35a
:1096100001291ad1324615f089f82946484617f033
:10962000e7fb044690b9cde90200cde900004246cf
:109630003846114b4946eaf76ff9044608b105e090
:109640000724204605b0bde8f0830724484618f0fb
:10965000bdf9204605b0bde8f0833246022115f081
:1096600065f809f1310323f0010362885a80d4e7d9
:0c9670000324e6e71c1a0401202f04016b
:020000040000fa
:020000040102f7
:10967c000b681b881b0700d4704770b50c4682b072
:10968c0005460df10301204615f0beff9df8033091
:10969c00082b21d0102b01d003b3fee705f529735d
:1096ac00a360d5f85811174e0131b369c5f858119c
:1096bc002046019315f08af901a920460ef022faf2
:1096cc00ff21204611f05ef8227f1036130703d4d9
:1096dc0031462046f6f7c0ff02b070bd227f0a4b20
:1096ec00a360d10705f13606f0d4a3f6c4151969a9
:1096fc00204615f06bf9d5f8d4390133c5f8d439b7
:0c970c00227fe3e728050401fcce0020ca
:020000040000fa
:020000040102f7
:109718000101010101010101000101010101010132
:109728000001010101010101010101010101010122
:10973800020101010101010102010101010101010f
:1097480002010101010101010200000001020304fc
:109758008081000000000000b448030106000000fa
:10976800bc48030111000000c048030129000000a3
:10977800c44803012b000000c84803012c00000066
:10978800d04803013a000000d84803013b0000001c
:10979800e04803013c000000e8480301a448030135
:0c97a800a8480301ac480301b0480301cd
:020000040000fa
:020000040102f7
:1097b4002de9f0410d4682b01146164607469846fb
:1097c40028466a46042315f0f3fe044650bb9df870
:1097d400023003f0c003402b28d00bd873b908f132
:1097e400080016f063ff78b3b8f80e10adf8041053
:1097f40089b205e0802b14d0c02b12d0bdf8041020
:109804009df8032049ba89b23846f4f723fa18b10f
:109814006b7913f0180f13d10446204602b0bde84b
:10982400f0810624204602b0bde8f0816a46314644
:109834000623284615f0bcfe0028dfd00446ece7da
:0c984400089a00231370ede70224ebe704
:020000040000fa
:020000040102f7
:10985000f0b5937cdb0983b0144605460e4633d041
:1098600001290cbf202140211e4818f087f822460c
:1098700031461d4812f068fe05f114039c4203d3e3
:1098800005f174039c421dd3af68dfb1a17c237c3a
:109890008df804304b0700941bd5c1f3c3009df82d
:1098a0000530e47cea6860f30303c1f3000161f36f
:1098b0000413c4f3000464f3451331468df80530f6
:1098c0006846b84703b0f0bd01290cbf0121022151
:1098d000cae720460ff072f9af68a17c00f00f00d4
:0c98e000dde700bf60c50020ccc90020ff
:020000040000fa
:020000040102f7
:1098ec00f0b58bb007460d4614460021222201a884
:1098fc001e4618f01bfc1f4bb3f8162aadf80820b7
:10990c004ff6fe7101208a428df8100027d0227a82
:10991c00022a24d06068b3f8ec19227a2368cdf8b7
:10992c00160007a88df81a20cdf8123040f6050461
:10993c0018f0f4ff01aa0023384629460127adf898
:10994c000470adf8224009f04ff83146284617f064
:10995c008dfb2846002114f037f90bb0f0bd064af8
:10996c00106851684ff0020c02aa03c28df810c0a7
:0c997c00d0e700bf38c5002052cf00200b
:020000040000fa
:020000040102f7
:1099880038b591f870300c461546d3b1a08e40ba60
:10999800c0f3851018f008fd287094f83a303a2b77
:1099a8001dd0112b02d00023184638bdb4f85e3004
:1099b8005bba9bb244f64c52934219d103232b70e5
:1099c800f1e7144b01f1200201f1340001f07ef8b7
:1099d80003460028e8d1012384f87030d6e794f9cb
:1099e8005c30002bdfdb03232b7094f83a30d8e788
:1099f80004f14c0204f13c0107480af007fb002877
:109a0800d1d0a08e40bac0f3851018f02ff90023ea
:0c9a18002870c9e738c5002010c70020e6
:020000040000fa
:020000040102f7
:109a2400f0b5062583b0157058b931b101f1310094
:109a340020f001004078442807d00624204603b0d3
:109a4400f0bd0446204603b0f0bd0d46284604216f
:109a540016461f4614f0d4fe04460028eed101aa8f
:109a64000e21284616f038fcf0b9bdf806301a0766
:109a7400e3d1ff2be1d8bbb197f8f020531c0f2a98
:109a84001cbf87f8f03007eb02124ff0100308bf39
:109a9400002201a9284615f08bfd102101a817f01a
:109aa40011fabdf80630e6e797f8f0301bb13378c9
:0c9ab400002bc3d1c1e71c46c0e700bf77
:020000040000fa
:020000040102f7
:109ac000f0b58db006460f461446002102a82622a6
:109ad00018f032fb4ff2bf0321211f48adf82a30a6
:109ae00015f058fce0b16179c1f3410105460bf076
:109af00039fc0df102022121204614f095fe30b907
:109b0000bdf802202121284617f0a2f928b92146e4
:109b10002a4630460af0d6fa20b1284617f056fffa
:109b20000db0f0bd0146012201a816f03ffe01a9cb
:109b30000422284613f056fa0028f1d1394630465f
:109b400002aa0cf04dfd02aa2946034815f052fc6a
:0c9b50000028e2d10db0f0bd10c70020cd
:020000040000fa
:020000040102f7
:109b5c0000284ad038b50446d0f8b00030b140f2f5
:109b6c00b13116f061f90023c4f8b030a06d28b102
:109b7c0040f2b13116f058f90023a365606c20b1a6
:109b8c0015f0d0f9606c19f0e5f8a36b8bb1204699
:109b9c0000f05cfca06b19f0ddf8a06c15f0c2f9bc
:109bac00a06c19f0d7f8606b14f0bafb606b19f06d
:109bbc00d1f8206b20b114f0b3fb206b19f0caf86c
:109bcc00d4f8e05035b1284617f0ecfd0146284694
:109bdc0016f02af9d4f8e40019f0bcf820464ff43a
:0c9bec008071bde8384018f061b9704786
:020000040000fa
:020000040102f7
:109bf800884249d0f8b5cd8806460f46c08865b377
:109c08006c1e17d0096851f824308bb12c46b7f96f
:109c18000430b380a04235d242f210739c420ed970
:109c28006ff00f00f8bd51f82350002defd11c46fe
:109c3800631ef8d1b7f90430b380c8b901242146ae
:109c4800304611f0e9f80028ecd1a5002a46396819
:109c5800306817f055f80020f8bd0028e2d001233d
:109c68008200b3803068294618f062fa2846f8bda9
:109c7800042501243368021b92005819002118f0aa
:0c9c880057fae3e7a500f5e7002070475d
:020000040000fa
:020000040102f7
:109c9400f0b58bb00446109d049306a81d440e46ef
:109ca400174619f031f808a819f02ef8294604a827
:109cb400302305aa14f04cfb50b9dde904321344f7
:109cc4009d422dd106aa294604a80df0affb50b140
:109cd400a0f59f4406a816f02bf808a816f028f85b
:109ce40020460bb0f0bd04a808aa29460df09efb3f
:109cf4000028edd1119b029308ab019306ab0093ae
:109d0400204604f168033a463146f2f71fff044641
:109d14000028dfd1049a034baa4218bf1c46d9e796
:0c9d2400014cd7e700b4ffff1ab0ffffae
:020000040000fa
:020000040102f7
:109d3000002843d02de9f043dff88ce0d0f808c0cc
:109d4000def834307bb3e0464ff0000900210024f8
:109d5000002500e013469a68a61845f10007b945aa
:109d600008bfb04516d399689a69641845f1000593
:109d70001946002aeed1826198618369aceb040434
:109d80008460e3b1002280689968091a99601046de
:109d9000bde8f08379b9aceb0404cef834000122bd
:109da00084608361efe70122c0f808c0cef8340078
:109db0001046bde8f0838a690b46dce770471a4617
:0c9dc0001046bde8f08300bf60fd0020ed
:020000040000fa
:020000040102f7
:109dcc00f8b5204f204d3b78002b32d01f4c237818
:109ddc007bb3eb7c052b2cd11d4e33784bb31d4b39
:109dec00997801232b70cb1a594259410022192022
:109dfc00ecf740f968b119f055f800f01f0019287c
:109e0c0007d195f8230019f04bfa134b02221a7064
:109e1c00f8bd237813b1642006f09afb3378013b2c
:109e2c0033702378013bdbb22370002bf0d13b70f5
:109e3c00eee702232b700123ab700020bde8f84045
:109e4c0016f0acb9290101209c100020280101203a
:0c9e5c002a010120c41000200200014176
:020000040000fa
:020000040102f7
:109e6800f0b500f1310424f00104231ac289143b2f
:109e78009a4285b000d2fee787890023e360236019
:109e88006360a36023616361a361e78139460423aa
:109e98002246054617f08cf8064630bb237803f0b7
:109ea8000f03082b24d8391d89b2221d284617f024
:109eb8007ff80646c8b901a829460ff037fb0646c1
:109ec80098b94ff6ff7702e0fef796fd90b9bdf816
:109ed8000a30bb4201a8f7d1bdf80c10e389c91ab2
:109ee80089b22846218217f057f8304605b0f0bdf0
:089ef8000626fae70646f8e72a
:020000040000fa
:020000040102f7
:109f00001c50010120500101285001013050010175
:109f100038500101405001014850010150500101e9
:109f20005c50010168500101785001018450010129
:109f30008c5001019c500101ac500101b450010151
:109f4000cc500101d8500101e0500101f050010155
:109f50000051010118510101285101014451010131
:109f60005051010158510101685101018451010111
:109f700090510101a0510101ac510101c0510101f9
:109f8000c8510101dc510101ec510101fc510101f9
:089f90000c5201011452010101
:020000040000fa
:020000040102f7
:109f9800f8b5056805b9f8bd0746002347f8103b32
:109fa800044629461848f5f717f92946174810f0c6
:109fb80073fd2946164816f081fc294615480ff00e
:109fc80093fe2946144812f083fc2946134802f0f0
:109fd800a9f92946124814f029ff2946114808f022
:109fe80015fc267e07ebc606b742d4d018340836cf
:109ff80054f8083c284613b154f8041c9847083410
:10a00800b442f5d1f8bd00bf40d20020b4de002034
:10a01800e0d6002018e6002010de002018de002020
:08a0280098c80020ccc90020fb
:020000040000fa
:020000040102f7
:10a030002de9f04186b006460c4605a8174698461d
:10a0400014f04cfc05aa2146304603ab0ff034fc5b
:10a05000054648bbbdf816306bb929e013f0c00fb8
:10a060002fd104a818f0dcf9014605a816f02cff42
:10a07000bdf81630e3b105aa214604a80df014fe80
:10a0800088b99df81030012bebd96d2be6d1cdf8b6
:10a09000008007f1080305aa214606f14000fff7fa
:10a0a00089fb0028ddd00546284606b0bde8f081d2
:10a0b0002046bdf8141018f001fc284606b0bde893
:08a0c000f0810225f0e700bf6a
:020000040000fa
:020000040102f7
:10a0c800f0b500f17003044693e8070094f87a604d
:10a0d80087b003ad072e85e8070030d023784ff40a
:10a0e800e162042ba26005d02046042300f8803bdf
:10a0f80017f04afce26f6ab300231846114602e0e3
:10a10800084639466fb1ce7dcf69072ef8d188b1a0
:10a11800c6690eb1f669c661cb610b463946002f98
:10a12800f1d1666e26b1a16e009100202946b04794
:10a1380007b0f0bd002aefd0d269e267ece7002251
:10a1480022675a609a6094f87a30072b18bf84f80f
:08a158007a60c3e71346e4e757
:020000040000fa
:020000040102f7
:10a16000012970b5044638d0637833b304f1800018
:10a1700004f17c0517f00cfc284614f0f7fb1a4894
:10a1800018f04aff204605f0a1fe04f503711748b8
:10a190000ff0dcfc04f5fc7114480ff0d7fc04f55b
:10a1a000f071124810f060fc04f5e4710f4810f0f3
:10a1b0005bfc00212046fdf73bfa2378da060bd53d
:10a1c000d4e962206ff3041300212370c4f88811ce
:10a1d00012b1bde87040104770bd054814f068fc2e
:10a1e000044814f065fcbfe794ce002064c600204c
:08a1f00000ce00202cce00205f
:020000040000fa
:020000040102f7
:10a1f80038b543782bb302791abb012b437918bfc2
:10a208004282012b0d4604462fd004f1940014f02d
:10a218008ffd2379a571022b1cbf02232371022d08
:10a2280004d1b4f82e310133a4f82e31204609f0b8
:10a2380061fd014604f5c87012f062fe6378012bd7
:10a2480000d038bd638a01339bb203b16382b4f88e
:10a258002a31e178013311f00801a4f82a31f0d14c
:10a268000748bde8384003f031b9064814f01cfc33
:10a2780010b902236371c8e700236371c5e700bf03
:08a288001ccf002000ce0020d5
:020000040000fa
:020000040102f7
:10a29000f0b58db0054602a816f052fe00232946ff
:10a2a00004a801930ef0cafa049c06ae01af64b98b
:10a2b00022e00bf0a7f82146012238460df0c2fb40
:10a2c00004a80ff0aff9049cb4b118233246002162
:10a2d000204616f071fe029b069a9b1a002b21461f
:10a2e0002846e6da114602a814f01cfb04a80ff079
:10a2f00099f9049c002ce8d102a9281d12f01afe3d
:10a30000394630460ef09afa069941b128460ff0c8
:10a310003bfc30460ff086f906990029f6d1384605
:08a3200014f024fb0db0f0bda8
:020000040000fa
:020000040102f7
:10a3280030b500230d4683b0044603604360836064
:10a33800c360036143610146284616f0c7f8002848
:10a3480035d10df10601284616f0b2f8e0b9bdf88e
:10a35800063062794ff6ff715b1ab3fa83f35b0933
:10a3680063f341022b6862711b8813f008030dd157
:10a37800627963f300026271ab79a3706b7de3705d
:10a38800ab7d237103b030bd2388e2e70df10601f0
:10a39800284615f03bf99df80620637912f0f70f6f
:10a3a8000cbf0122002262f300036371e4e7214637
:08a3b800284616f07df8c4e709
:020000040000fa
:020000040102f7
:10a3c0002de9f0430369002ba3b03add0026804657
:10a3d000354604460df1080907e000bfd8f81030f3
:10a3e00001359d4204f1140422da626a0023012a35
:10a3f000d4e9057001934ff0800201ab494608bfd4
:10a400000126b8470746a0b9019b002be6d04a4673
:10a41000e9b2404600f0a6ffc0b9e369019a1344cf
:10a42000e361d8f8103001359d4204f11404dcdbff
:10a430004eb14846802117f03ffd384623b0bde8b5
:10a44000f0830df108096ff03c07f2e70746384644
:08a4500023b0bde8f08300bf5a
:020000040000fa
:020000040102f7
:10a4580070b5846b002c46d0e3790546002b3dd1be
:10a4680022460023a364137aa3bb002604f52370b5
:10a47800e6640ef05ffe04f150000df053fe04f1a7
:10a48800f40018f04dfed4f8f00118f065fcd4f88b
:10a49800f801c4e97c6618f05ffcd4f8fc0118b137
:10a4a800d4f8001215f0c2fc04f5037015f01efc78
:10a4b800d4f8580218f050fcd4f86c0215f056fc89
:10a4c800284615f083fc20464ff45071bde87040d3
:10a4d80017f0eebce06c18f03ffcc6e7a06c18f073
:08a4e8003bfcaa6bbde770bd4f
:020000040000fa
:020000040102f7
:10a4f00038b54271017109b902228271184a1949ad
:10a50000c2634ff47a7501224ef660240164022b77
:10a510004ff0033142724281c0e91f5401600bd1f8
:10a52000114a1249c260124c124b84640022c0e9e5
:10a5300017124366002038bd044618f025fe216836
:10a540000d4a0e4b0e4de060b1f1033f18bf1346ac
:10a550000c4ae3650021a564c4e91812002038bd47
:10a560005930040161300401942c04019c01012044
:10a5700090250401a43304010c010120980101205d
:08a5800080250401a033040151
:020000040000fa
:020000040102f7
:10a588002de9f04184b007469df82c0015460e468b
:10a59800984616f065fa044618f0e2fd286001a80e
:10a5a80018f0c8fb214601a8002208f03ffb04462a
:10a5b80058b101a80ef0befd3846502202210ef017
:10a5c80099fd204604b0bde8f08101a813f0e6fe2d
:10a5d80004460028edd1b96b402201f52e7101a87f
:10a5e80016f04cfa04460028e3d141460a9a01a81d
:10a5f80016f044fa04460028dbd1314601a816f0cb
:10a608004bfa044601a80ef095fd002cd4d1204643
:08a6180004b0bde8f08100bfb1
:020000040000fa
:020000040102f7
:10a6200070b40146a0f14002d2b2c9b20446a0f112
:10a630004603dbb2e4b2c4f17a06c1f15a05360a28
:10a640002d0a613c413945ea112146ea142422eae7
:10a65000010223ea04031343dbb20146421dd2b2d6
:10a66000c9b2c1f13904240a303944ea112122ea7d
:10a6700001021343dab2014600f11403dbb2c9b29e
:10a68000c1f12b04240a2b3944ea112123ea0103e6
:10a690001343dbb202461130c0b2d2b2c2f12f0175
:10a6a000090a2f3a41ea122220ea0200184301382f
:08a6b00040b270bc704700bf0e
:020000040000fa
:020000040102f7
:10a6b8002de9f04184b000274ff001130446884685
:10a6c800104602a901ae15460197cde90263f8f7d5
:10a6d800d1f9b84235db424638462b462146e1f7e8
:10a6e80079fa804620bb074603e000bf07f0c6f8aa
:10a6f80010bb4ff0011302a920460393cde9017660
:10a70800f8f7b8f900284ff001032a4621462046f9
:10a71800ecdb02e007f0b2f870b929462046f8f7fa
:10a72800a9f900284ff0ff332a4621462046f1dade
:10a73800404604b0bde8f0818046404604b0bde81c
:08a74800f0816ff00908f3e74e
:020000040000fa
:020000040102f7
:10a750002de9f84381460d4617461e469df8208098
:10a7600010f0eafbc8b11d4b93f90030022b06d064
:10a770004ff0ff3413f08efe2046bde8f883002d25
:10a78000f6d04d45f4d3164a0024137853b1013462
:10a79000052c02f12002f8d1eae74ff0ff34204601
:10a7a000bde8f8830f481375b0f800c053750cf17d
:10a7b0000101a5eb090389b293604ff6ff7399423b
:10a7c00008bf012144ea0c44012382f8028055604d
:10a7d000c2e90376d46101801380cbe760fd0020dd
:08a7e000f8f80020ca01012075
:020000040000fa
:020000040102f7
:10a7e8002de9f843eff311864ff0200484f3118824
:10a7f800bff36f8fbff34f8f856bc46ba54206d332
:10a80800022b04d0002086f31188bde8f88390f865
:10a818004550d0f8389017466db21a469846044607
:10a8280004f0a8f96b1c0fd1a36cd3b1b8f1020fd7
:10a8380002d1b9f1000f0fd1204609f07bfe58b1c3
:10a8480057b101203860dee718f0e6fa854203d2f6
:10a8580001356db284f84550012086f31188bde8b2
:10a86800f883636a002bf7d004f12400f7f784f823
:08a878000028e5d1f0e700bf64
:020000040000fa
:020000040102f7
:10a88000430700d4704730b583b017f093ff18f03a
:10a890001ffb1b4b0128187026d044b2e4b10228dc
:10a8a00001d003b030bd174b1749012500201d70a2
:10a8b00012f092f9154b1c6844b118f0abfa002362
:10a8c00002462946204600930df0c8fd012003b042
:10a8d000bde8304010f068bb20460d4912f07cf90d
:10a8e000084b20461c70f2e7064c2378002bd8d08a
:10a8f0000020084912f070f9002318462370e6e79b
:10a900001d0101201c01012054d90201d8000120a1
:08a9100098d9020178d9020177
:020000040000fa
:020000040102f7
:10a918002de9f041adf5047d0c460646174602a820
:10a9280004a94ff40072984617f010f8174b1b78db
:10a93800a34203d20df5047dbde8f081144d1549fd
:10a948002a5d02a814f0f2fd0e21304613f0c6f875
:10a9580008350544334600950e220f4902a814f025
:10a96800e5fd4246394602a80df004ff02a80b4a4d
:10a978000b4914f0dbfd04ab2046094a102118f0fe
:10a9880013fc0df5047dbde8f08100bfc80101206e
:10a99800980e0401c06b0301c86b0301d46b03015b
:04a9a800d86b030164
:020000040000fa
:020000040102f7
:10a9ac0070b584b06d460646284618f0c3fb0220ed
:10a9bc0016f0a8fd0146284612f090f8044638b16e
:10a9cc00284615f091f9002c2ddb002004b070bd49
:10a9dc0095e8030002ab83e80300184618f07ef9f3
:10a9ec00023802288cbf21460399114a0023032008
:10a9fc0011f0fcff04460028e2d17d2231462846a6
:10aa0c00eef7defc041edbdde2b2c2f17d01314467
:10aa1c0086f87d4030460df0e7fd284615f064f9c8
:10aa2c00002004b070bd2046edf70ef904b070bde7
:04aa3c00e12204010e
:020000040000fa
:020000040102f7
:10aa4000f0b50378d90783b0044614d500f1100798
:10aa500000f114063046394617f01cf858b9628ade
:10aa6000217c04f12c058ab123785b072cd528467c
:10aa700001f080fa40b1236a002060700bb1616a76
:10aa800098472046f7f726fe03b0f0bd284613f09e
:10aa900041f9284617f008f8236a024601a843b195
:10aaa0007f2a06d0217c8df804108df80520616a7c
:10aab00098472378da0739463046dcd516f0eaffa6
:10aac0000028d8d1217ce1e7284613f023f9217c26
:04aad000628acce7e3
:020000040000fa
:020000040102f7
:10aad400f0b5064603c989b006ac84e803002146f4
:10aae40004a817461d4613f02ffb10b9bdf8143007
:10aaf40013b9bdf81c3013b9172009b0f0bd069b7b
:10ab04001b7803f0e003602bf6d105f51e65009475
:10ab14003b4628460df10f023146e4f7b5fe002806
:10ab2400ebd1b379112b11d03a2b08d0062be4d1f9
:10ab340006f128012046142217f088fbdde706f110
:10ab440028012046082217f081fbd6e79df80f3034
:10ab540006f12801002bf4d022462846f5f774fcb0
:04ab6400cbe700bf7c
:020000040000fa
:020000040102f7
:10ab68002de9f843dff88880d8f82c41002c35d03f
:10ab78000746002508f56d6915e013f0010617d0a2
:10ab8800204613f0c7ffe37cc3f34003984218d074
:10ab9800a3b1a37c990710d513f001060ed1013596
:10aba800adb2646994b14c45fbd0a37c9807e4d45a
:10abb800e27c9207f5d59907eed401263046bde828
:10abc800f8830028ebd16469002cecd135b1fe88fc
:10abd800761b18bf01263046bde8f88398f8e36e67
:10abe800c6f3400686f00106f6b23046bde8f883a3
:04abf80038c500203c
:020000040000fa
:020000040102f7
:10abfc000378023b032b36d8dfe803f03102333104
:10ac0c0030b583681c4d1d490446a5fb035362787f
:10ac1c001b48db0803eb0313834288bf0b466ff31f
:10ac2c004512022183b0a36062702170204616f099
:10ac3c00ddfa656e3db1a36e0093e26f002304f163
:10ac4c0070011c20a84794f8a230ff2b0cd00133c4
:10ac5c00dbb2022b84f8a23006d803b030bdf0f77b
:10ac6c00fdb9f9f731b870472046012103b0bde8b2
:10ac7c003040f8f7c9b800bfcdcccccc80ee360054
:04ac8c007fee360021
:020000040000fa
:020000040102f7
:10ac90002de9f04104680546dcb11f4e01e064690e
:10aca000bcb1e37cdb07fad5224600212846fef73b
:10acb000cffde37c6ff34103e3742046314617f088
:10acc000f9fe224601212846fef7c2fd6469002ce8
:10acd000e7d16c68f4b1114fa7f1500803e0b4421a
:10ace00008d02469b4b10023bc420d4e1946224657
:10acf0002846f4d109f0a4fe20464022414617f030
:10ad0000a7fb224600230121284609f099fe246969
:10ad1000002ce8d1bde8f081e8d3002038d4002031
:04ad20004cd40020ef
:020000040000fa
:020000040102f7
:10ad2400f0b5084683b00d46174614f011fb08b978
:10ad340003b0f0bd022301aaa989284616f03af906
:10ad44000028f5d19df80430122bf1d1ae899df87d
:10ad540005300236b6b20bb3044601460ae0222b94
:10ad6400114801d114f084fd01349df80530e1b29d
:10ad74008b4213d9314489b201230df103022846d1
:10ad840016f018f90028d3d19df80330092be6d129
:10ad940001468822054817f0cdf9e5e73a462946e9
:10ada400034812f039fec3e740d20020eccf002064
:04adb40010c70020a4
:020000040000fa
:020000040102f7
:10adb8002de9f04788b0054604a8884616461f4680
:10adc80017f0a0ff06a817f09dff06a801210ff0b5
:10add8006bf9044648b104a814f0a8ff06a814f0bb
:10ade800a5ff204608b0bde8f08705f1380305f156
:10adf800ec090093cde901674a4605f1f4034ff0e9
:10ae0800ff3104a803f04af904460028e3d105f10c
:10ae1800b40304aa05f1040a00920193504605f10f
:10ae2800cc0306aa414615f0d5fd04460028d2d128
:10ae3800cde900674a4650464346414615f0aefd07
:04ae48000446c8e70d
:020000040000fa
:020000040102f7
:10ae4c002de9f04f85b04ff0ff361c4605460391b7
:10ae5c009246334600232146104604f06bfa00f16b
:10ae6c000708b8f1270f4fead80381468cbf1e277d
:10ae7c00fa27029314e02846fdf76afd013f2246ab
:10ae8c002946039820d00ff0fdff224683465146f9
:10ae9c00284609f0c7ff32460bea00039a420fd14d
:10aeac000f9b0093029a0e9b2146284607f01cff2d
:10aebc0028f007020646a2eb090221460028dad048
:10aecc00304605b0bde8f08f6ff00d06304605b08a
:04aedc00bde8f08f4e
:020000040000fa
:020000040102f7
:10aee00040b138b550f8043c002b02da50f8082c79
:10aef0000ab138bd704723f0004340f8043c0446d3
:10af000017f0eefb174854f8041c0368164a0b446c
:10af10000360a4f1080000e01a4613689842fbd8c9
:10af200054681519a84218d04418a3420bd00360e6
:10af3000824218bf10600d4a136801331360bde8e8
:10af40003840f0f7d5be0a4c2468a342efd0d3e9cd
:10af50000034214403604160eae721445160104617
:10af6000e2e700bf780001203000012084000120ca
:04af70007400012048
:020000040000fa
:020000040102f7
:10af74002de9f04104460d4607ca90b0a768ddf8f4
:10af8400588006ae86e80700002f35d032462946a1
:10af940020461f4602f094fe30bb45bb238a628ada
:10afa400adf816301a210096a068039109ad1c2152
:10afb400cde901153b460df1160101f0adfe98b93e
:10afc400ddf82e20c8f800200a9bddf83a20c8f8e6
:10afd4000c20179addf83240ddf83610c8f804402a
:10afe4001bbac8f80810136010b0bde8f081a38a3a
:10aff400e28aadf81630d5e7172010b0bde8f0812d
:020000040000fa
:020000040102f7
:10b0040010b5044682b0006821891ee09df8051041
:10b0140011f0c00028d0c02823d12189206815f060
:10b02400c9ffe0b9638913b9238902336381bdf889
:10b0340006102068a389828949bac1f30d0111441d
:10b0440089b28b420dd92181a18101230df1050221
:10b0540015f0b0ff02230df106020028d6d002b08d
:10b0640010bd062002b010bd41b12389a171013386
:10b074009bb219442181a38002b010bd638923b916
:10b084002389013363811720e9e71720e7e700bf2d
:020000040000fa
:020000040102f7
:10b0940070b5044621480e4611f01effd4e90c2574
:10b0a400d4f860312063801ad4f86421616361ebc1
:10b0b40005051b1845eb0202c4e95832042e0bd8cf
:10b0c400dfe806f00b131b230300d4e956321818eb
:10b0d40042eb0505c4e9560570bdd4e94e32181893
:10b0e40042eb0505c4e94e0570bdd4e95032181889
:10b0f40042eb0505c4e9500570bdd4e95232181875
:10b1040042eb0505c4e9520570bdd4e95432181860
:10b1140042eb0505c4e9540570bd00bf4cc50020d1
:020000040000fa
:020000040102f7
:10b124000b7913f0010f00d1704770b56ff3000372
:10b134000c46164605460b712046002117f0bcfb51
:10b1440096b1237962796ff3c3032371530920d035
:10b154001021204615f022f9a8b1324621461248a2
:10b16400bde8704008f080bf63795b09f0d12379b2
:10b174001b070ed52b6c01332b641021204615f0d0
:10b184000df90028e9d10b21204615f007f920b963
:10b1940070bdab6c0133ab64dae721460348bde80c
:10b1a40070400bf05db900bf60d4002040d2002095
:020000040000fa
:020000040102f7
:10b1b4002de9f04104460d46d1e9000186b004ae04
:10b1c40086e80300904620460df10b0229461f46ef
:10b1d400fef7d8fb044618b1204606b0bde8f0815e
:10b1e4009df80b20012103a817f0a8fe03ab22460b
:10b1f4002146114803f088f83860d0b10146cdf8f3
:10b204000080334605f120020c48f6f7bbfa0446e9
:10b214000028e1d1bdf814200499386811f0e0fe4b
:10b2240004460028d8d13868bdf8141015f0b6fecd
:10b23400d2e70324d0e700bf8ec5002018cf00203a
:020000040000fa
:020000040102f7
:10b2440010b5437f04469bbb94f8473033b1013bb0
:10b25400dab2b2fa82f384f847205b0994f8461014
:10b26400b4f84420b1b10139c9b284f8461089b99f
:10b2740042b1013a92b2a4f844201ab9637f0bb1e7
:10b2840001236377201d13f081fb2046bde81040a5
:10b2940016f0c6bc2ab1013a92b2a4f84420002a9e
:10b2a400ecd0002beed12046bde8104016f0b8bc1f
:10b2b40009f03afe236a03f5c333a033181a0028b1
:10b2c400c2da94f83e3043f0010384f83e30bbe721
:020000040000fa
:020000040102f7
:10b2d40070b504460d4605f0edfd20460cf046ff22
:10b2e400032d257026d1154ba360a361a3632362ac
:10b2f400a3621349134b144aa16462601349144ea8
:10b30400144d1548e0614ff00112c4e90b3261623b
:10b3140066616563201d17f015ffe06304f13400d6
:10b3240017f010ff00230122c4e91002c4e9163308
:10b33400184670bd00230948237070bd0100080041
:10b3440049b700018c330401d4fb030194fb0301ce
:10b3540054fb0301b4fb030174fb030180b1ffff41
:020000040000fa
:020000040102f7
:10b364002de9f043202b8bb01e46054688469146b6
:10b374002ed8dbb202afec688df804808df805306e
:10b3840084b9092015f06efb22460146284607f0d1
:10b394004ffc044668b9284613f002f8044640b945
:10b3a4000123eb60022201a9284615f069fb04463b
:10b3b40038b13846202116f07dfd20460bb0bde89b
:10b3c400f08332464946284615f05afb0446f0e716
:10b3d400092002af15f046fb324649463b460df0c4
:10b3e400cbfe04460028e4d120231e46b946c2e71a
:020000040000fa
:020000040102f7
:10b3f40070b5456f05f00303032b84b02cd1836a29
:10b404006bb3046a416a027809b142f04002016bed
:10b41400023b5b084e1e46eac3031a43027051b155
:10b42400002200bfc2f10f030132d2b29142c454d0
:10b434004fea1424f6d8ccb903ab04460093014672
:10b44400034610223830fdf799fe30b1636f43f0a4
:10b454001003636704b070bd002004b070bd426b7c
:10b46400023a012a08d803621c46cbe745f01005ce
:10b4740045676ff00c00f0e76ff00c00ede700bfdc
:020000040000fa
:020000040102f7
:10b484002de9f043847885b0012cdde90cce33d16d
:10b49400046c00f104097cb300f19c081e460023ef
:10b4a40017460d460446029300f1840200f164033a
:10b4b400cde900ce4146484607f03cff10b105b047
:10b4c400bde8f083404617f069f8864214d3226c35
:10b4d40012f0070318bf012303ebd20348462b6085
:10b4e40016f00cfc02282a683946404608d005b0fc
:10b4f400bde8f04316f0cabc044805b0bde8f083cb
:10b5040005b0bde8f04316f0b7bc00bf80b0ffff44
:020000040000fa
:020000040102f7
:10b514002de9f04190b0064602a80f46154698461c
:10b5240015f014fa08a800bf00f1080417f0ecfbaa
:10b5340010ab9c422046f7d12a46434602a9304626
:10b54400f6f75eff054680b108a800bf00f10804c5
:10b5540014f0eefb10ab9c422046f7d102a815f084
:10b56400e7f9284610b0bde8f081dde91623394635
:10b574003046f6f745ff05460028e5d108ab0093b1
:10b5840002aa3b4639463046def7b8fe0546002897
:10b59400dad139463046e6f739f90546d4e700bf33
:020000040000fa
:020000040102f7
:10b5a400012a70b51e46054614d080210ef060fdb8
:10b5b400044638b91c492846082207f009fb60bb39
:10b5c400204670bd3368184943f4006333604ff07c
:10b5d400ff34f0e7897a0a290dd9002128460ef0b4
:10b5e40047fd044698b13368104943f4006333605f
:10b5f4004ff0ff34dfe78a4012f0820f09d112f4d2
:10b60400c06f08d112f01c0118bf8021e6e707497a
:10b61400d1e72021e2e70821e0e7336843f48053cf
:10b6240033604ff0ff34cbe7681404017414040151
:020000040000fa
:020000040102f7
:10b63400f0b51f4d1f4e2b7883b014465bb93068ac
:10b64400411c22d0002a2fd11a480af089fb1a4b38
:10b654001c6003b0f0bd002af6d03768204615f010
:10b66400e1fa7b1c16d00123024601930096134b8a
:10b6740000213846faf73cfe384603f0d3fe002397
:10b684002b700d4b1c6003b0f0bd002adcd02046ab
:10b6940015f0c8fa15f0aafa01230246054907482d
:10b6a40009f0c0fc3060eae709f092fcd5e700bf7e
:10b6b400d1010120ac01012060000120655d03017e
:020000040000fa
:020000040102f7
:10b6c4002de9f041d0e954731344bb4200d9fee79d
:10b6d400164604462ab3571eb0f860310f444d1e77
:10b6e40000f590780ee01a468bb22244a4f860313b
:10b6f40015f8010f92f82011af4281ea000182f897
:10b7040020110bd0102b03f10101ecd1424641462c
:10b71400204617f0e9f800220123e6e7d4e9547340
:10b724003344bb42c4f8543101d0bde8f081b4f8cd
:10b73400603123b90023a4f86031bde8f08104f539
:0cb7440090721146204617f0cff8f3e792
:020000040000fa
:020000040102f7
:10b7500003784a2b3ed8dfe803f02d37333b26260b
:10b760003d333d3d3d3d353d3d3d3d3d3d3d3d3d1b
:10b770003d3d3d3d3d3d3d3d3d3d3d3d3d3d3d3df9
:10b780003d3d3d3d3d3d3d3d3d3d3d3d3d3d3d39ed
:10b790003d3d3d3d3d3d3d3d3d3d3d3d3d3d3d3dd9
:10b7a0003d3d3d3d2d0010234078984234bf0020a0
:10b7b000012070474378022b0ed9023015f074b87f
:10b7c0000823f1e717f040b90223ede715f0e4bcd8
:0cb7d00017f034b90120704700207047ca
:020000040000fa
:020000040102f7
:10b7dc0070b504468cb026220d4602a8002116f046
:10b7ec00a5fc63784ff2bf029b07adf82a202dd43d
:10b7fc0023781848002b0cbf0d211c2114f04cfd94
:10b80c000646c8b195f8fe20294611f0e5fb054621
:10b81c00b0b902a812f0d0fc009402aa0e4b0d484d
:10b82c00314613f0d1fd054650b96378284643f0f4
:10b83c00020363700cb070bd032528460cb070bdbc
:10b84c00304616f0bdf828460cb070bd18252846b9
:0cb85c000cb070bd10c700201d330401ab
:020000040000fa
:020000040102f7
:10b86800f0b500f18c060c4685b00546304617f059
:10b87800b7fb012c36d0002c36d0022c0cbf802709
:10b8880000270921284600f0c5fc044638b1ea78ab
:10b89800012115f0cdfa20b1204616f093f805b035
:10b8a800f0bd324608230321204607f063ff002835
:10b8b800f2d13a460e21204615f0bafa0028ebd10b
:10b8c80005221221204615f0bffa0028e4d1684667
:10b8d80015f0cafc69462046f9f774fa0028dbd14e
:0cb8e80005b0f0bdc027cce78027cae700
:020000040000fa
:020000040102f7
:10b8f40030b5204b93f80b2d0d46910785b00446c7
:10b904000ed493f8662d120706d100232360204637
:10b9140014f0acff05b030bdb3f8682d022af4d1a1
:10b9240041f6b8014ff6fe725b5a9342edd001a97d
:10b93400114812f049f8a5b90299b1f5967f38bfbc
:10b944004ff4967148080130093911f099fa2368c7
:10b954000bb18342dbd92060204614f087ff05b089
:10b9640030bdbdf8061001294ff00100efd910f0e9
:0cb9740051fcece738c50020f0dd00209d
:020000040000fa
:020000040102f7
:10b98000f0b597b001690eaa054608f0f3fb002256
:10b99000144602ae0aaf0ea905f1140015f054fbcf
:10b9a0003046224612a90a94746006940294cde9a6
:10b9b0000744c6e902440994c7e90144fc6015f054
:10b9c00043fb29690eaa2846013908f0d3fb224619
:10b9d00012a906a815f038fb29690eaa28460131dc
:10b9e00008f0c8fb224612a9384615f02dfb2a693b
:10b9f0000548019702f07f020132009606ab08214c
:0cba000004f0a4f817b0f0bd48cf0020ff
:020000040000fa
:020000040102f7
:10ba0c002de9f041cc8882b07cb104f18045013d38
:10ba1c000b6853f8256003eb850326b10be000bfe0
:10ba2c0053f8045d3db9013cfad1002102b0bde8e8
:10ba3c00f0410ef037bb002af7d0631c42f21075b0
:10ba4c00ab421fd81646c28893420546884612d888
:10ba5c0041462846fef7caf8074640b9013e009613
:10ba6c002346d8f80020e9882868f7f7b1fa384659
:10ba7c0002b0bde8f08119460ff0ccf9074600285a
:0cba8c00e6d0f4e76ff00f07f1e700bf11
:020000040000fa
:020000040102f7
:10ba9800f0b58bb004460d4668462822002116f002
:10baa80047fb74b363681a4612f8017b00923b4463
:10bab800adf804709e7817f0eafb63681249134ae0
:10bac80030443b448df81500d1e900675b78117864
:10bad8008df816309df817200d4bcde9026761f3fc
:10bae80000021b788df817208df80630094c68463f
:10baf800224616f06dfe084ba2881a706b600bb0d8
:10bb0800f0bd024b1978f1e710000120ce010120a9
:0cbb1800cf01012048fe002024fa00208c
:020000040000fa
:020000040102f7
:10bb24002de9d04f204c636b626922611bb19a6886
:10bb3400b2f5004f30d3636947f6ff76002716eb62
:10bb4400030a47f1000b63689b69984721698142a6
:10bb540082b24ff0000306d94ff6ff7152184ff02e
:10bb6400000141eb0303216a12eb010843f10009d0
:10bb7400cb4508bfc2453abf5218e261c4f81ca0c5
:10bb8400e3699bb20bb90123e361e069636880b2a6
:10bb94005b69bde8d04f18479e686369002716ebc0
:0cbba400030a47f1000bcee760fd002013
:020000040000fa
:020000040102f7
:10bbb00030b3c36b13b370b5056ca5fb033500231d
:10bbc000002d36d104460e4614f0f4f9d4e90f32b4
:10bbd0002168a56303fb02f39a1aff200a440b4471
:10bbe00084f84400c4e90232616084f84500beb9bb
:10bbf000236933b916f014fa012070bd1846704756
:10bc0000704704f11000f5f7bbfe0028f2d00a4b94
:10bc10004ff080521a60bff34f8fbff36f8fe9e789
:10bc200004f1100015f088fd04f1240015f084fde6
:0cbc3000e0e7184670bd00bf04ed00e026
:020000040000fa
:020000040102f7
:10bc3c001d4b1b681bb11d4b01221a6070471b4a20
:10bc4c0010b51b4c136023681b6b1a68b2f1a53f2f
:10bc5c0003d15a68b2f1a53f1dd021682068343158
:10bc6c0016f0baf9134b1b68b3fa83f3dbb2c3f1ca
:10bc7c001f03114a03eb83039b00d0180833416860
:10bc8c00496841601344994204bfc1684160cb6864
:10bc9c002360236810bd9a68b2f1a53fddd1db6843
:10bcac00b3f1a53fd9d1dde79c000120c0000120f4
:0cbcbc0088000120a4000120bcfb002037
:020000040000fa
:020000040102f7
:10bcc80038b1836cc16a426c013b9142836400d0f5
:10bcd8000bb1002070472de9f04100f1040804463b
:10bce800404612f0fbfb174d30b9e16a2b68012280
:10bcf8008a4023ea02032b60636c134ee36203eb72
:10bd08008302920006eb020cc3f10500dcf8041074
:10bd1800a1608f68e760d1f808e0b758a061cef855
:10bd280004800120d5f800e0c1f8088000fa03f388
:10bd3800074443ea0e03c4f814c02b60b750bde8ab
:0cbd4800f08100bfa4000120bcfb002023
:020000040000fa
:020000040102f7
:10bd540019482de9f0410921074616f035fd032164
:10bd64001648dff87080164d16f02efd444608f193
:10bd74004806256021463846083410f0d1ffa64213
:10bd840005f18c05f5d10f4c0f490c48c8f8484013
:10bd940010f0c6ff04f12c030c490848c8f85030d1
:10bda400583410f0bdffc8f8584009490348bde8ad
:10bdb400f04110f0b5bf00bfb0ff0020bcff002071
:10bdc40068e6002054eb002068fc002070fc002092
:08bdd40078fc002020fc002097
:020000040000fa
:020000040102f7
:10bddc0070b51646c289964204460d4605d820e039
:10bdec007c3292b2b242e2811bd26179606ac1f3b9
:10bdfc0041010cf0ddfc50b3e289236803604f2a4b
:10be0c002060edd804f13003303010449918c2f1a1
:10be1c00500214f073ffe2897c3292b2b242e2819a
:10be2c00e3d36189a3893144334489b29bb2921b19
:10be3c009942e281618100d2fee7a3814db1204697
:10be4c0033462a46002109f0affa002070bd0320ca
:08be5c0070bd284670bd00bf57
:020000040000fa
:020000040102f7
:10be6400037ed90770b5044600f10c061ad51c4ba5
:10be740093f8e429520715d493f8ba2d02f00f026f
:10be8400072a05d093f8663d03f00f03012b1dd15b
:10be9400304615f07bfd13480cf00efd0546c8b185
:10bea4000d280dd1304615f071fde27a238b6ff326
:10beb400870203f080030d25e2722383284670bdb8
:10bec4002046012105f034f9284670bd063b012bbc
:10bed400e8d8dde72046294605f02af9284670bd52
:08bee40038c500201ccf00202e
:020000040000fa
:020000040102f7
:10beec0070b5047ee60721d51e4c94f8665d2d07cf
:10befc001cd0b4f8684d022c18d90c68248824077f
:10bf0c0014d51e460b7f0446980715460fd46eb900
:10bf1c0065b1237e2a6866f3c60323761388db0695
:10bf2c001ad52046bde87040fff796bf70bd084695
:10bf3c0016f008fa0028ead0002ef2d1002df0d02d
:10bf4c00237e2a6866f3c60323761388da06e8d4c0
:10bf5c00204607f0a9f8e4e72046bde8704007f05a
:08bf6c00a3b800bf38c5002096
:020000040000fa
:020000040102f7
:10bf740070b58378062b04d801259d4015f0790f00
:10bf840034d1857cc5f34005164604468db9038833
:10bf940018489b0708d50cf071f9a378052b01d03c
:10bfa4000523a370284670bd0ff0befe054658b1a8
:10bfb400fee7022b1cbf022383707f211c30002567
:10bfc40016f0dafc284670bda378052b1cbf0523a8
:10bfd400a3707f23e37408f0a7ff3044606100215d
:10bfe40004f1600010f0baff284670bd0d25284604
:08bff40070bd00bf38c500203c
:020000040000fa
:020000040102f7
:10bffc002de9f04100f13808044640460f4615463d
:10c00c0015f092fd58b3e1788279037961f303025c
:10c01c008271227862f3410339460371aab2064653
:10c02c0010f0daff074670b9d4f8bc3004f11002f6
:10c03c00d3b13146d4f8c000984707461fb9e77012
:10c04c002846bde8f081304615f0bafc0023032fda
:10c05c00e370084818bf6ff04d00bde8f081e07048
:10c06c00a0f5d140bde8f0814046314616f0b2f95a
:08c07c000746e3e78097ffff90
:020000040000fa
:020000040102f7
:10c084002de9f04190b040230d4606466a46084625
:10c09400002114f08fff9df80030032b03d19df88d
:10c0a4002b70052f03d0012010b0bde8f08104a946
:10c0b4003046f9f77df869892846fbf707fa804688
:10c0c4000028f0d000246a460146012330460d952d
:10c0d4008df80070adf802408df83040edf708fba4
:10c0e40029466a46304604250123adf802408df8fe
:10c0f4003040cdf838808df80050edf7f9fa20463d
:08c1040010b0bde8f08100bf9e
:020000040000fa
:020000040102f7
:10c10c00f0b593b00df1030301aa04460d46eff709
:10c11c0079fa08b113b0f0bd2a460199204601f016
:10c12c0009fe0028f6d09df8036001995eb1204607
:10c13c00fff7a2ff0028edd020469df803200199bf
:10c14c000af0c4fee6e720462a46f5f77ffe019981
:10c15c0020460df005fc88b1019f02aa3146402310
:10c16c00384614f023ff0f9933462a4620460029ff
:10c17c0008bf39460af0cefe13b0f0bd2a46204661
:08c18c0001990ef0c3fbc5e7a9
:020000040000fa
:020000040102f7
:10c19400f8b504461b4b00254ff4e1604ff4e1521f
:10c1a400c4e90723a0602346c4e90055c4e9045543
:10c1b400a5616562a56204f12c00134a15f00ef81e
:10c1c4002246124b1249e366c4e91955e567234632
:10c1d40042f8801f0f48c4f8882043f88c0f0127c9
:10c1e4000726c4f8a050a567c4f89850c4f89c501a
:10c1f40025676567c4f89430204684f8a07084f8f5
:10c204007a60f8bd007512004533040194fd020103
:08c21400792a04014133040101
:020000040000fa
:020000040102f7
:10c21c0070b586b0044603220d4602a8002116f024
:10c22c0089fe04f1e80002aa002116f0cbf80446be
:10c23c0038b3a5f11003012b8cbf0023ff238df81d
:10c24c0007308379c571012262f3030383710df109
:10c25c00070110f0c1feb8b99df8073003ae43b921
:10c26c00152331460a2220468df80c3010f0b4fe0e
:10c27c0050b93146012220468df80c5010f0acfe1e
:10c28c0010b9204606b070bd204615f099fb00246d
:08c29c00204606b070bd00bf92
:020000040000fa
:020000040102f7
:10c2a40000232de9f041074613741d4816468846bd
:10c2b40015f018f838bb00242246414638460cf0e5
:10c2c400bbfc03210446b8b107f076fe05460028fe
:10c2d400f2d0e278337c9342eed2211d304616f040
:10c2e400a5f8ab7803f00f037374ab780122c3f3a2
:10c2f4000013b374f274dfe7337c002b0cbf1720f8
:10c304000020bde8f08140220649304616f08ef840
:10c314004ff480720123a6f81120f374cbe700bf19
:08c3240040d20020e8d3002004
:020000040000fa
:020000040102f7
:10c32c0030b50546880587b00c461dd41b4816f061
:10c33c00a9f8b0b1610704d5194b93f8083d5a0719
:10c34c0025d4e30703d595f84730012b01d107b06d
:10c35c0030bd012385f84730284615f05dfc07b049
:10c36c0030bd686407b030bd0e49a1f5bf5012f066
:10c37c004dfc0028dad00b4901aaa1f66c00fff79e
:10c38c008bff0028d2d028460af098ffcee728462b
:10c39c000af0b8ffe307dad5d5e700bf40d200209a
:08c3ac0038c5002044de00202a
:020000040000fa
:020000040102f7
:10c3b40070b5204cd4f82c2182b00d46002a37d019
:10c3c4000023526901339bb2002afad11b01fe2bd0
:10c3d4001cdd04225bba4ff608760deb02012846f9
:10c3e400adf80630adf8046010f0fafd60b9d4f889
:10c3f4002c4114b919e06469bcb1102221462846c5
:10c4040010f0eefd0028f6d002b070bddbb20826b5
:10c41400022201a928468df805308df8046010f039
:10c42400dffd0028e3d002b070bd002002b070bd73
:08c434001346ece738c50020b7
:020000040000fa
:020000040102f7
:10c43c002de9f041046ca318074616460d4603641b
:10c44c0004f03f0402d3436c01334364acb1c4f138
:10c45c004008b04504d9324612bb1046bde8f08105
:10c46c0029464246381914f049fc39463846f1f74a
:10c47c0061f8f0b9403e264445443f2e4ff000048d
:10c48c00e9d929193846f1f755f84034321b70b9ff
:10c49c003f2af6d83f2c0ad925440446002adcd082
:10c4ac002946381914f02afc0020bde8f0814ff021
:08c4bc00ff30bde8f08100bf74
:020000040000fa
:020000040102f7
:10c4c40089009942f8b531d31bd923f0030503f051
:10c4d40003044559e40025fa04f414f0ff0f2fd1a6
:10c4e4001c4605e0865926fa05f515f0ff0f27d1fd
:10c4f400013404f00305a14224f003064feac50504
:10c50400f0d19c4683b1571e002400bf24f00305dc
:10c5140004f003064559f6000134f540a44507f834
:10c52400015ff3d8994204d30020f8bd8c4600295a
:10c53400e9d1104608445a1a002115f0fbfdf3e72f
:08c544006ff00700f8bd00bf15
:020000040000fa
:020000040102f7
:10c54c00f0b51d4d1d4e2b7883b0144663b9306881
:10c55c00411c07d112bb194809f0d6fb184b1c60c3
:10c56c0003b0f0bd08f030fd002cf4d03768204645
:10c57c0014f062fb7b1c14d001230246019300963d
:10c58c00104b00213846f9f7affe384602f046ff53
:10c59c0000232b700a4b1c6003b0f0bd204614f036
:10c5ac004bfb14f02dfb012302460449054809f00e
:10c5bc0073fc3060ece700bfd2010120b001012018
:08c5cc0064000120155d03016c
:020000040000fa
:020000040102f7
:10c5d40008b5194b9847194b9847eff3108172b679
:10c5e400174ad2f8883043f47003c2f88830bff396
:10c5f4004f8fbff36f8f01b962b6124a936823f06d
:10c60400010393601346da6812f0010ffbd10d4b5e
:10c6140024225a6001229a600ef034fd0a4b23f062
:10c624007f03074a9360094b9847094b9847094b86
:10c63400984716f063f8fee7c12604016758010124
:10c6440000ed00e000200041000200011936030162
:08c6540067580101675801015c
:020000040000fa
:020000040102f7
:10c65c00f8b50e4605461d4c13f0a6fc1c4a216885
:10c66c00136893f8513043b11368002283f85120ba
:10c67c00012415f0cffc2046f8bd3268501c20d0a8
:10c68c00dff850c0d5e90003dcf80070b84208d0e0
:10c69c008b4206d800233360012415f0bbfc2046e6
:10c6ac00f8bdcf1aba42f5d9521a1a44dcf8001068
:10c6bc00236832600024c5e9001315f0abfc20465a
:10c6cc00f8bd1c4615f0a6fc2046f8bdbc000120a8
:08c6dc0088000120b0000120dc
:020000040000fa
:020000040102f7
:10c6e40038b505460c46e5f70ffad8f70bfb054bb2
:10c6f40005481d80054b0c221c801421bde83840e0
:10c7040014f012ba90fe0020f000012092fe0020e6
:10c7140030b5044685b00d46ac4201d905b030bdf4
:10c7240069462046ddf78af9d8b1bdf8021041b94f
:10c734004ff0200383f31188bff36f8fbff34f8f44
:10c74400fee700222046d8f78ffb10f0fd0f08d03b
:10c754004ff0200383f31188bff36f8fbff34f8f24
:08c76400fee70134a4b2d7e79f
:020000040000fa
:020000040102f7
:10c76c005028f7b505460e4614461f4607d1d01c77
:10c77c0020f0030050f8043b3b6003b0f0bd00f028
:10c78c000f030c2b2ed8dfe803f025071d25292dd0
:10c79c002d2d2d182125290001a9204613f084fcec
:10c7ac00019b002be8d005f07002102a08bf26462a
:10c7bc0033442a0648bf1b68dee701a920460ff068
:10c7cc0065fbede7204630f8023beae7204630f9fe
:10c7dc00023be6e7204650f8043be2e7204650f8df
:08c7ec00083bdee716f042fdf8
:020000040000fa
:020000040102f7
:10c7f4002de9f0431d4d83b004469df82c901f464f
:10c8040005eb00182abb0846164614f00bfa4346fb
:10c814000146cdf800903046154a13f099fb0346c3
:10c824005a1c4fea04140dd018462b5102f0fafd9d
:10c834002b190a9a5f609a6020b901221a7303b017
:10c84400bde8f0832c4400231420237303b0bde817
:10c85400f083084614f0e6f94346cdf80090044a04
:10c86400002113f075fb0346dae700bf80fc0020cb
:04c874004d47030128
:020000040000fa
:020000040102f7
:10c878002de9f04186b04c89adf806301e46d31834
:10c888009c4232db448926440f46b1b205469046a5
:10c8980011f038f9064618b1304606b0bde8f08107
:10c8a8000df106024146384603ab00f0cffdbdf856
:10c8b800102003e010f066fbbdf810201346214657
:10c8c8002846002ae8d0039a08f070fdbdf8103019
:10c8d800bdf80620234403a90df106009cb2002ae6
:10c8e800e8d1304606b0bde8f0810626304606b0ed
:04c8f800bde8f08126
:020000040000fa
:020000040102f7
:10c8fc00f0b5002385b00c461546104619463c226f
:10c90c008df80c3015f012fc54b323681b785b07c0
:10c91c000ad101af394620460bf0aaff064620b9d2
:10c92c009df80c30022b03d00626304605b0f0bd26
:10c93c0097e8030005f1320785e8030039462046e5
:10c94c0013f0c2fd80b9a37985f8363094f915300f
:10c95c0085f83730a37d85f83830304605b0f0bd0a
:10c96c000726304605b0f0bd3946204613f09efd33
:04c97c00e9e700bf28
:020000040000fa
:020000040102f7
:10c980002de9f8431d4cb0f86c70814620461546e1
:10c990000e4616f029fdd9f87830a0eb03082046a2
:10c9a00016f002fa99f87c30154a1844c317a0fb18
:10c9b000080108fb0311002310f06ef999f87d308f
:10c9c000804603eb830320465c0016f00ffd00b2a7
:10c9d00000eb800004eb4000404407eb87073f0179
:10c9e00000f50073bb4200f5ac5028bf3b46b8428f
:10c9f00028bf384633602860bde8f88338c500207a
:04ca000040420f00a1
:020000040000fa
:020000040102f7
:10ca040070b5b0f86c408c4218d090f86e4062f368
:10ca1400060480f86e401a460446a0f86c10a0f88c
:10ca24007030049b164816f0b1f904f1800014f03c
:10ca3400c1ffb4f86c3083b9012070bd90f86e402a
:10ca4400b0f8705004f07f06964214d062f30604e6
:10ca54009d4280f86e40ded1eee7094816f0c2fc34
:10ca640094f86e3060676ff3c71384f86e30204615
:10ca7400f6f756fde0e79d42c7d1002070bd00bf28
:04ca840038c5002091
:020000040000fa
:020000040102f7
:10ca880010b41e4b93f8ba2d02f00f02072a0c4679
:10ca98001fd093f8662d02f00f02012a0fd1b3f8c8
:10caa800161a4ff6fe72914203f648521cd0938b29
:10cab80023800123237200205df8044b7047063a57
:10cac800012a98bf03f6485205d90b205df8044b9c
:10cad800704703f69c52b3f8161a4ff6fe73994244
:10cae80002d0074b9a42e2d1134603cb02232060bf
:10caf8006160237200205df8044b704738c5002040
:04cb0800d4d2002063
:020000040000fa
:020000040102f7
:10cb0c0070b591f8fe500e4604460178adb91b483d
:10cb1c0012f09afc637865f300032546637015f8f0
:10cb2c00081b30462a4610f0dbfab8b908f0f8f9c1
:10cb3c0023786060012b1ad070bd32460f4812f07a
:10cb4c0073fc6378254643f00103637015f8081bea
:10cb5c0030462a4610f0c4fa0028e7d0284615f0d3
:10cb6c0049ff08f0ddf923786060012be4d13146f0
:10cb7c000348bde870400bf07bbf00bf8cc50020a4
:04cb8c002cce00208b
:020000040000fa
:020000040102f7
:10cb90002de9f04184b007460a9e0d4690461c469a
:10cba000307808b9237873b928680223818903aae9
:10cbb00014f002fa38b923782c2b1bd006d84bb1cd
:10cbc0002b2b08bf022004b0bde8f0813b2b0dd019
:10cbd0003c2bf8d13346424629683846fdf728faff
:10cbe0000028f0d19df80c302370d9e7022004b062
:10cbf000bde8f08132780121cde90021384629468f
:10cc00004246f3f76bf8296838460cf073fe0028ab
:04cc1000e8d0d8e7a9
:020000040000fa
:020000040102f7
:10cc140003782de9f0410e4643b1b0f84e200b8a5b
:10cc24009a4224d005252846bde8f08100f12c075e
:10cc340004463846904607f083fe05460028f2d1a4
:10cc4400314638460df082fe0546e0b9204612f022
:10cc54009ffdb8f1010f12d10d480cf067fed4f816
:10cc6400983063b1d4f89c1030469847dbe700f164
:10cc74003e011022304614f037f80028d2d10025a6
:10cc84002846bde8f081384611f0baf8cbe700bf7a
:04cc94002cc9002087
:020000040000fa
:020000040102f7
:10cc9800f0b587b000260f460988adf812600290fb
:10cca80015461c46adf81010adf81410012602a860
:10ccb800fef7a4f960b1172808d12e23012c2b7098
:10ccc80025d00020bdf8123068703b8007b0f0bd59
:10ccd80033460df1070202a829464ff02e0c26b95b
:10cce80001f801cb013c0d46a4b2402c264629464a
:10ccf80028bf40268df8076007f04afe0028e5d1d6
:10cd08009df80730e41a0646a4b21d44cfe7032075
:04cd180007b0f0bdb3
:020000040000fa
:020000040102f7
:10cd1c002de9f04f87b08b46ddf840800988bdf8cf
:10cd2c004490129fbdf84ca0adf80e20adf8161033
:10cd3c0006461d46bdf80e4043460df10e020df1a0
:10cd4c0016013046dcb103f06dff3b464a460df14f
:10cd5c001601a8b9cdf800a03046bdf8164003f076
:10cd6c0097ff172805f1ff32e4d048b95db13b8934
:10cd7c005bba0a331c4495b2adf81640dae71720bb
:10cd8c0007b0bde8f08fbdf81630abf8003007b037
:04cd9c00bde8f08f6f
:020000040000fa
:020000040102f7
:10cda0002de9f04114464a892344934231d89eb27a
:10cdb000b4428846054611d32fe06a8852ba92b22f
:10cdc000131d1919b1429bb203eb040121d8288825
:10cdd000b0f5007f0ed08cb2a6421ed904232a469d
:10cde0002146404614f0e8f807460028e5d03846ca
:10cdf000bde8f081032a0cd90c2b28bf0c23214657
:10ce000040462a4614f0d8f8284611f00ff80028ba
:10ce1000edd106273846bde8f08117273846bde832
:04ce2000f08100bfde
:020000040000fa
:020000040102f7
:10ce2400f8b5cbb213f002051fd1c6789e4209d0e3
:10ce34000446c170f1f75cf96278931e022b03d9a2
:10ce4400012a15d02846f8bde0782178c0f34007c0
:10ce5400c6f340039f42c1f3401112d00023638202
:10ce6400204608f05dfc2846f8bd07252846f8bd95
:10ce74002046658203f028f829462046fdf7baf9d2
:10ce8400e0e751b1022addd1e1892046faf726fc18
:10ce940020460021eaf71cfdd4e73307f2d5010749
:04cea400f0d4dbe704
:020000040000fa
:020000040102f7
:10cea8002de9f0478046c8784c78073001ebd00070
:10ceb8000234214482b00430cde900011746994676
:10cec8000024022168460ef03ffd0546e8b143788c
:10ced800861c043bde42f4d2b2460be00af08aff1d
:10cee8000028c8bf54466b78043b0af1040a33444f
:10cef8009a45e6d85046b8470028f4d0224651460d
:10cf08004046002cead15446ede734b123885bba99
:10cf1800a9f8003002b0bde8f087042002b0bde8ef
:04cf2800f08700bfcf
:020000040000fa
:020000040102f7
:10cf2c0010b51d4b93f8092d044622b193f80b1d37
:10cf3c0011f008012bd094f82430012b02d0022bd5
:10cf4c0007d010bd04f1100014f01cfd134814f0b0
:10cf5c00ddf9134814f0aef894f86e309b0705d445
:10cf6c0004f10800bde8104011f00cbd0c484ff660
:10cf7c00ff710ef0f5f994f86e306ff3410384f8fd
:10cf8c006e3004f10800bde8104011f0fbbc03f654
:10cf9c0098400df00bfecee738c50020d0d1002014
:04cfac001ccf002076
:020000040000fa
:020000040102f7
:10cfb0004145532d3235362d43434d2a2d4e4f2dad
:10cfc000544147004145532d3139322d43434d2ab9
:10cfd0002d4e4f2d544147004145532d3132382db0
:10cfe00043434d2a2d4e4f2d544147004145532d6b
:10cff0003235362d43434d004145532d3139322dc5
:10d0000043434d004145532d3132382d43434d00ac
:10d010004145532d3235362d454342004145532d70
:10d020003139322d454342004145532d3132382d9f
:04d030004543420032
:020000040000fa
:020000040102f7
:10d034002de9f04790f8643004460546c3f1010336
:10d044001a4815f8047bd4f8688050f823a086b0f9
:10d0540004f19c038e1804f12009009305ab8c465f
:10d0640002930396cdf804a02946384642464b461f
:10d07400cdf814c0f1f706ff10b106b0bde8f08793
:10d0840005abb434cde901a3009403964b46424664
:10d0940029463846f1f7f6fe0028eed1059a044bee
:10d0a400964218bf184606b0bde8f0873031040137
:04d0b40080b0ffff4a
:020000040000fa
:020000040102f7
:10d0b80003685b7ac3b32de9f00fc36d93f804805e
:10d0c800de7993f803a046ea086693f8058046eaf5
:10d0d800084293f8068042ea082693f80280d0e9cd
:10d0e80022234aea0827bb4208bfb24218d3941b3e
:10d0f80063eb0705002d08bf402c17d2d0e9243177
:10d10800c4f1200223fa04f001fa02f2203c104391
:10d1180021fa04f4204340f30000bde8f00f704703
:10d128000020bde8f00f7047184670474ff0ff30f9
:04d13800f3e700bf5a
:020000040000fa
:020000040102f7
:10d13c002de9f04107680646384611f071ff80b3bf
:10d14c000d460968531a012b29dd31f8024b296071
:10d15c0064baa4b21cb3521a944220dcd7f83480bf
:10d16c00b8f1000f0bd00a46b86b23463146c047c6
:10d17c0070b92b681c442c600020bde8f0817b6fdb
:10d18c00a34205d1386f224608f0f6fc0028f0d0f7
:10d19c003046732202210bf0abff0348ede7034846
:10d1ac00ebe70348e9e700bf8093ffff008dffff2b
:04d1bc00008affffe7
:020000040000fa
:020000040102f7
:10d1c0002de9f0431c4deb6aaf6a59b3bb4208bf6f
:10d1d000002128d0194edff868c0002400f1ff3e7e
:10d1e0000be0f35c0ef804302b6b984534bf4346dc
:10d1f00000238c4216d0bb4219d0dcf8042002f088
:10d200000702012a04f1010403f10108e9d1821e99
:10d2100016f8139002f814905b000133f35c0ef8db
:10d220001430e1e71f46ef620846bde8f08321466f
:10d23000ef620846bde8f08320fd00203cfb0020a3
:04d24000000c00409e
:020000040000fa
:020000040102f7
:10d2440008b51c4b186b10f4806022d01a4b1b4a93
:10d25400052119705168490712d504221a70174b19
:10d26400144900224ff0ff3048631a601a605a6074
:10d274005a6011f0d1f8124a01231060184608bd13
:10d284005168c8050cd4516809070cd502221a70dc
:10d29400e5e70b4b084a186003461070184608bdb2
:10d2a40001221a70dbe75268d20644bf03221a70c7
:10d2b400d5e700bf000a00441b0101200010014211
:04d2c40070000120d5
:020000040000fa
:020000040102f7
:10d2c80038b507220023802115200ef094fe184b54
:10d2d8000c221a70174b4ff08042c3f88020bff31e
:10d2e8004f8fbff36f8f202183f81e13c3f880215f
:10d2f8001a60114c002516202570e5f767f82846b6
:10d3080015f0d0ffa1790d4b022903d00c4a1078f3
:10d31800022806d1ff221a701878bde8384009f0b3
:10d3280065ba0129f6d01278012af5d1f2e700bfd3
:10d338000e00014100e100e09c10002021010120c5
:04d348009910002018
:020000040000fa
:020000040102f7
:10d34c00f0b51f4c2568a446002d36d00022294686
:10d35c0016461346d1f800e00f6986450ad132b162
:10d36c00176101f110031846f0bd3946f2e7ccf80d
:10d37c000070f6e705d9ebb11c68a6453cbf164614
:10d38c000b460a46002ff0d1002becd019461f6932
:10d39c0051f8102b121a102a05d918600844103aab
:10d3ac000761026007469d420cbfccf800703761e4
:10d3bc000b46d8e716460b46e3e72b46d3e700bff0
:04d3cc00fc00012040
:020000040000fa
:020000040102f7
:10d3d0002de9ff471d460c9b13f0010906468a46be
:10d3e000144601d195420bd822465146304611f0e1
:10d3f0002df9a54204d82546284604b0bde8f0879b
:10d400002f1b102f3a464ff0200128bf10226846ec
:10d41000b84614f091fe00bfb8f10f0f11d83b09c8
:10d420006ff00f0202fb03726946304611f00ef9ed
:10d43000b9f1000fe0d122465146304611f006f90d
:10d44000dae710226946304611f000f9a8f1100819
:04d45000e2e700bf50
:020000040000fa
:020000040102f7
:10d4540030b44489a14233d215880d44a542a4bff7
:10d46400641a1480c4899860214489b24f291ed952
:10d4740000689860503989b228b927e0006898603c
:10d484007c3989b210b37b29f8d80430c1f17c040b
:10d494000144a0b219609880118881423bbf9980f1
:10d4a40013880b1a5b1a9bb2138030bc704700f1cf
:10d4b4003004c1f1500080b2214419609880ebe738
:10d4c400002199801388138030bc7047fee700bfa9
:020000040000fa
:020000040102f7
:10d4d4000378c3f380028a422ad030b561f3820311
:10d4e40083b00446037061b9dbb2c3f3c00104f135
:10d4f4002c0013f041f8204603b0bde8304007f09b
:10d5040077b943885d0614d44378062befd100f134
:10d51400c4052846019114f039fa0023637004f11c
:10d52400bc0011f033fa019923785a07ddd5dee700
:10d53400704700f1c4052846019114f027fa638866
:10d544006278019923f04003062a6380ecd1e0e776
:020000040000fa
:020000040102f7
:10d5540090f8b23003f00f03032b01d00020704782
:10d5640010b50379032b82b004461cd0042b17d1c9
:10d57400c37a8df807300df107010ff0a3f878b1e5
:10d584006378022b16d0012002b010bd9df807303d
:10d59400002bf5d104f1940014f010fb0328efd014
:10d5a400002002b010bd0df1070108f091f8002829
:10d5b400ecd0fee7a379052b4ff00100f1d800fa77
:10d5c40003f313f03b0fecd02078c0f3c000e8e77e
:020000040000fa
:020000040102f7
:10d5d4002de9f041054682b00f4690461e460024d0
:10d5e4002246394628460bf027fb02210446b0b1f7
:10d5f40006f0e2fc334642460028f1d0a1782846e2
:10d60400faf772fc3346104a214620b12846fff748
:10d6140049fc0028e4d1002002b0bde8f08139467d
:10d624000df1070209480df035fb18b1042002b0d2
:10d63400bde8f0813346424628469df80710faf7c4
:10d6440053fc02b0bde8f081512b040198c80020be
:020000040000fa
:020000040102f7
:10d65400f0b501f1310424f0010483b06378022ba6
:10d6640001d003b0f0bd0d46064601a92846174671
:10d674000df016ff0028f4d10df102020121284615
:10d6840011f0d0f80028ecd1019b33613b46bdf882
:10d6940002e053f8100f59689a68db68b446ace8a6
:10d6a4000f00a6f814e006f118004ff47a710ff099
:10d6b40029fc237813f0300fd3d13b78ff2bd0d043
:10d6c4003a462946014810f0a7f9cae710c70020d6
:020000040000fa
:020000040102f7
:10d6d400f0b5436fdc0683b036d4446a0cb11b0743
:10d6e4002fd5036a53bb036b53b10024264600bff6
:10d6f400c4f10f0501340544e4b29c422e74f7d3ff
:10d7040016460d4600900346102200210446faf7ff
:10d714003df8074678b925b132462846214613f02c
:10d72400f1fa0023636723606360a360e36023610d
:10d734006361a361e361384603b0f0bdc46aa342e8
:10d74400d1d06ff00c07f6e76ff06d07f3e700bf79
:020000040000fa
:020000040102f7
:10d754002de9f0438778012f85b034d1046c90f81b
:10d76400008084b300f16c091d46144600230d9a11
:10d7740000920e46071d01460193384664314a461d
:10d784000c9b0ef04bf910b105b0bde8f0832b46ad
:10d79400224602a938460ff075fe0028f4d1029af9
:10d7a400ad1a1444494642463846cde9004503ab18
:10d7b4000ef082f90028e7d1dde902321344336028
:10d7c40005b0bde8f0830148dee700bf80b0ffff8d
:020000040000fa
:020000040102f7
:10d7d400f8b5cf8842f210739f4235d8c3889f4270
:10d7e400054614460e4628d863421c43e417b6f98e
:10d7f4000430b5f904100133013122461340d243f9
:10d804000a401a43013aaa8023463a4631682868f6
:10d8140015f098faf388ea8893426fea04010ad271
:10d82400286800eb830300eb82001a680a4043f87f
:10d83400042b9842f9d10020f8bd39460df0eefad8
:10d844000028f9d1f788cfe76ff00f00f8bd00bfcb
:020000040000fa
:020000040102f7
:10d85400f8b58f009f42054610462ed31bd923f0fe
:10d86400030103f003026958d20021fa02f212f014
:10d87400ff0f2ad1194605e0ae5826fa04f414f035
:10d88400ff0f22d1013101f003048f4221f0030282
:10d894004feac404f0d173b1034419465a1a22f072
:10d8a400030402f003022c59d20024fa02f201f814
:10d8b400012d8142f2d10020f8bdda1b8418002129
:10d8c40014f038fc20463b46e5e76ff00700f8bd4e
:020000040000fa
:020000040102f7
:10d8d4001f2af0b44fea521702f01f051cd98f42d9
:10d8e40034d2ca1b02f18042013a00eb820200ebff
:10d8f400810400e01a461346824253f8046944f84e
:10d90400046df7d13b463bb100eb8303002200bf1b
:10d9140043f8042d9842fbd1b5b18f4214d207f1dc
:10d924008047031f013f00eb870003eb8101c5f132
:10d934002006002450f8042f02fa05f32343814201
:10d94400036022fa06f4f5d1f0bc70470b46dae71f
:020000040000fa
:020000040102f7
:10d954004170704c6f673a20446576696365206551
:10d964006e61626c6564206173204368696c640d48
:10d974000a0000004170704c6f673a204465766974
:10d9840063652069732044657461636865640d0a86
:10d99400000000004170704572723a204465766957
:10d9a40063652073746174652069732064697361ad
:10d9b400626c65642e2052657365742074686520fa
:10d9c400646576696365212121210d0a000000bf89
:020000040000fa
:020000040102f7
:10d9d4002de9f041194c237880460e46174603f092
:10d9e400ff054bbb13f064f90f2801d110f0f0fdd3
:10d9f400134b1449c3f800800022d8f8043062772e
:10da04000b601b78013bdbb2e3700fb90e4a127f47
:10da14000e49012e0a700bd1122b8cbf40f25720f5
:10da240097200df083fb00f013f82846bde8f08141
:10da3400f9d912f01dfbf8e78625f6e79c100020c3
:10da4400c010002088100020ca10002027010120e7
:020000040000fa
:020000040102f7
:10da540070b5194c194d012608202670e4f7b8fc5e
:10da64002868174b42781b78a6771a4214bf3346ae
:10da74000023237701780139c9b2eef7e3fb2b6861
:10da8400104a1b78b3402433dbb282f847300e4b84
:10da940099788b1b5942594100220920e8f7eefa84
:10daa40040b115f003fa00f01f00092802bf074b2c
:10dab40002221a7070bd00bf9c1000208810002044
:10dac400d701012000000141c410002002000141df
:020000040000fa
:020000040102f7
:10dad40070b588b000231b4c0193054604e000bfd9
:10dae4009df81a305b0719d402aa01a9204612f046
:10daf400a1fe0028f4d02b7f0bb908b070bd05f14e
:10db04000c020023eb60012553609360d36013740f
:10db140029460d48f7f718ff08b070bd05f10c044d
:10db2400214602a810f0a8f908b10325f0e702aed7
:10db34000fce2d7f36680fc4002d18bf0225267026
:0cdb4400e6e700bfd8d5002018de002066
:020000040000fa
:020000040102f7
:10db50002de9f0419368064617460d4698473a4628
:10db60000446294630460cf087fdd6f800e0bef1a9
:10db7000000f21d0d5f804c0aceb0400c00f7246f2
:10db80004ff0000803e0936890468bb11a46536843
:10db9000191bb0ebd17f06bfaceb0303db0f0346d1
:10dba000002bf0d0b8f1000f06d0d8f8083042466c
:10dbb000ab609560bde8f081c5f808e03946356096
:0cdbc0003046bde8f0410df083bb00bf13
:020000040000fa
:020000040102f7
:10dbcc00f8b5044604f1100718300e4604f10805a8
:10dbdc0013f0d8fe384614f00dff284614f00aff57
:10dbec0096f8fe3003b9f8bd6378217843f0010351
:10dbfc0063702a4630460ff073fa18b995e80300a3
:10dc0c0087e80300237833b14ff000510a48bde890
:10dc1c00f84013f0adbe304602f0f6fe10b93046b7
:10dc2c00f5f70ef823784ff08051002becd1024819
:0cdc3c00bde8f84013f09cbe60c500205d
:020000040000fa
:020000040102f7
:10dc48002de9f0418cb01446844688461f4602f1ff
:10dc5800200e02ae20686168a268e36835460fc5e9
:10dc6800103474452e46f5d12068bcf8042028608d
:10dc7800a188531cacf8043054bab1807fba00258f
:10dc880080230822694640460095adf80470adf837
:10dc980006408df80030fef79df848b90146404629
:10dca80014f008fe02aa41463a230348ecf78cfa1e
:0cdcb8000cb0bde8f08100bf94c5002056
:020000040000fa
:020000040102f7
:10dcc4002de9f04188b0054688461646282405af5c
:10dcd400b8f1000f28d12b8a6a8aadf812300a21d4
:10dce4000523039101930297009600230df112017d
:10dcf400a868fff711f8172803460df1120118d090
:10dd040070b9a868bdf812203281c6e900300df060
:10dd14002ffc013c0346a4b210b9002cd8d1062331
:10dd2400184608b0bde8f081ab8aea8aadf8123033
:0cdd3400d5e70023184608b0bde8f081d8
:020000040000fa
:020000040102f7
:10dd4000f0b5002495b040230d4607461646084618
:10dd500004aa2146cde90144039413f02df99df85e
:10dd600010301bb99df83a40012c03d00124204605
:10dd700015b0f0bd01aa0c23b189304613f01cf98f
:10dd80000028f3d19df8073013f00f0310d0032bb8
:10dd9000edd00126002404aa2946384633468df8e2
:10dda0001060adf812408df84040ebf7a3fcdee7c1
:0cddb000bdf80a30002becd0d8e700bf13
:020000040000fa
:020000040102f7
:10ddbc0070b50c79c4f3400490b01cb1012420461a
:10ddcc0010b070bd054601a805f09cf90028f6d1ed
:10dddc0007a80ef02bfc06460028f0d0124b93f847
:10ddec00093d002bead001a813f0e8f99df80a30a0
:10ddfc00062b05d0112be2d144f64c539842ddd0c2
:10de0c00297905eb41018d42d9d02b88834218bf6b
:10de1c00ab1c07d099421a4603f10203cfd01288eb
:0cde2c008242f7d13446cae738c5002016
:020000040000fa
:020000040102f7
:10de380070b592f82530c3f3800384b05bb1c6682f
:10de48007eb3036900930846138c518c1032b04797
:10de5800002004b070bd14464a89208c668cadf849
:10de68000e300d4602f1080340ba08225bba76bab2
:10de7800adf808000deb02012846adf80c30adf8fe
:10de88000a60fdf7a7ff0028e3d10146284614f0f1
:10de980011fd2246294611230348ecf795f904b0f1
:0cdea80070bd0420d5e700bf94c5002029
:020000040000fa
:020000040102f7
:10deb4000b6a4a6a70b4c6691b4c056a33f00043a6
:10dec40008bf3346002a08bf2a46a34228bf234678
:10ded400a24210d89a4238bf1a46cc7d062c07d8e5
:10dee4000121a14011f04f0407d111f0300112d1ea
:10def400002070bc70472246efe7416941b981694f
:10df040009b19142f4d1c0e9053270bc01207047d7
:10df14009942edd1f3e783691bb1934201d02046c6
:0cdf2400e7e782610120e4e79ac42000d6
:020000040000fa
:020000040102f7
:10df3000f0b587b00d461f46064608460df10601ae
:10df4000adf806200df016fbbdf806403b890a34fb
:10df5000a4b25bba9bb22946224603a8adf806409c
:10df6000fef71eff20b1172808bf002007b0f0bd44
:10df7000049bbdf80e200b491bba52ba8b4292b2d9
:10df80000cd9094b7361042a04d0059b054a1bbabe
:10df9000934200d9044bb36107b0f0bd042a73610a
:0cdfa000f3d1f8e799c420009ac42000d7
:020000040000fa
:020000040102f7
:10dfac002de9f04387b0074688461b48bdf83c90e6
:10dfbc00062114461e4614f081fc18b3054606f0e3
:10dfcc00afff6168a268e3688df81480064420688e
:10dfdc00009601ac0fc41822694628460ef0fcffcf
:10dfec0098b90e9b2bb14a460e9928460ef0f4ffb9
:10dffc0058b90099381d10f0a1fc29463846012269
:10e00c0009f01afd07b0bde8f083284613f0d8fce0
:0ce01c0007b0bde8f08300bf8ec50020f7
:020000040000fa
:020000040102f7
:10e02800f8b590f834009df8186080071ad517469f
:10e038000c4601221946174815f09af9054688b189
:10e0480023681b889b0601d42846f8bd204614f097
:10e058007bf950b1002e0cbf04220f2247b9ef778d
:10e068002846f8bd00252846f8bd0422002ff6d022
:10e078000e2fe9d1eb7fa98b0133dbb2c1f3080185
:10e08800eb770029e0d19a42ded8034807f046fb37
:0ce09800dae700bfb8d2002040d2002020
:020000040000fa
:020000040102f7
:10e0a4002de9f04182b005466846884617461e466b
:10e0b40014f02afedde90923684610210cf0cafe9b
:10e0c400044630b1684611f033fe204602b0bde884
:10e0d400f081089a69466846edf7fcfb044600287f
:10e0e400f0d132466946684615f030f804460028f7
:10e0f400e8d139466a462846edf7ecfb0446002889
:10e10400e0d1ab88089a13fb08f8a5f804802946e7
:0ce114002846fcf7cffa0446d4e700bf11
:020000040000fa
:020000040102f7
:10e120001b4b1c4a1a604ff440314ff241129a8146
:10e130001a465960d369002bfcd11368144943f087
:10e1400002031360cb69002bfcd1134a1362936264
:10e15000d36282f8343082f83c309363d387136003
:10e160009360d3601375137793614b6803f00703d3
:10e17000012b19bf80214ff4806340214ff40073bd
:10e1800011631361024b8021042299759a757047bf
:0ce19000000c00400401104020fd0020a5
:020000040000fa
:020000040102f7
:10e19c002de9f041056807467db36b68184a1c7879
:10e1ac00184e92f81d80f4700134317e1c44b8f185
:10e1bc00000f0bd0707e6170317e0cf00bff207065
:10e1cc002f602846bde8f041f2f7c0b96170707e4f
:10e1dc000cf000ff2070337f2f604bb196f820308d
:10e1ec0033b1094b40461d60bde8f04111f0d6bf7c
:10e1fc002846bde8f041f2f7a9b9bde8f08100bfaf
:0ce20c00ca1000209c100020ec10002024
:020000040000fa
:020000040102f7
:10e21800842910b523d00cdc812903d0822913d09e
:10e2280080290bd119680c1d1c600b6803601a60eb
:10e2380013e0902921d003dc882917d0002010bdd5
:10e24800a029efd0c029ece719680c1d1c600b68e9
:10e258000360d1171046c3e900010120efe71968f0
:10e268000c1d1c600b6803601a80f6e719680c1d0a
:10e278001c600b6803601a70efe719680c1d1c60be
:0ce2880009680160d317c1e90023e6e734
:020000040000fa
:020000040102f7
:10e294002de9f041437a2bb31546884607460668b4
:10e2a40022b3feb1344603e063682646d3b11c466c
:10e2b400d5e90031206898470028f5d0b8f1000f5f
:10e2c4001cd13a686368a2421ad073607b7a3046e4
:10e2d40026467968013bb14208bf78607b7212b967
:10e2e4007a6000e000263046bde8f081002ef9d0c7
:10e2f4000029f8d1304672683a60eae72646f2e728
:08e3040030467b7a2646f6e75d
:020000040000fa
:020000040102f7
:10e30c002de9f041884659781d46174606460af015
:10e31c004ffa044628b38022002113f007ff297816
:10e32c0062792379666261f3410368f34712627183
:10e33c002371a288e78122f4c45242f40862a280bd
:10e34c006978204607f008f8014668b1e36903b123
:10e35c00fee7256a002dfbd12146304611f014f959
:10e36c002c462046bde8f08120460ff0c9fb002862
:08e37c00ecd12046bde8f08160
:020000040000fa
:020000040102f7
:10e3840030b50b4683b004460df1070118460ef074
:10e394003dfe9df80730042b10d0072b17d1d4f87d
:10e3a4002c3125780133c4f82c31eb0702d5c5f3a1
:10e3b4000015adb90125284603b030bdd4f8243189
:10e3c400002501332846c4f8243103b030bdd4f805
:10e3d4003031002501332846c4f8303103b030bd54
:10e3e4006388627843f008036380002ae2d104f171
:08e3f400bc0010f0cbfadee7db
:020000040000fa
:020000040102f7
:10e3fc00f0b51b4d95f80b3d1b0783b0044619d4a3
:10e40c000df094fff0b1627e668bbab1154f009798
:10e41c00b5f8643d314604f12c00fef7edfa78b105
:10e42c0095f8093d022b0fd0204603b0bde8f04013
:10e43c0006f0dab90026627e002ae7d1e27ae5e737
:10e44c0003b0f0bd0646f6e7a7f1600013f08affb3
:10e45c00002ee9d0a7f1400014f0acfde4e700bfba
:08e46c0038c5002080d2002019
:020000040000fa
:020000040102f7
:10e47400f8b505460e4615f8101b044617463046f7
:10e484002a460ef031fe08b9237803b3284604f176
:10e494000801f1f7dbf8002800dc7fb131462046a3
:10e4a400fef732fb23780f48002b0cbf4ff080514e
:10e4b4004ff0005113f060fa0020f8bd0028f1d0ad
:10e4c40041f2883104f118000ef01cfdeae73046f1
:10e4d40002f09efa0028f0d13046f4f7b5fb00288c
:08e4e400d4d0f8bd60c5002092
:020000040000fa
:020000040102f7
:10e4ec00f0b50e46016885b0044669b100f1180517
:10e4fc0028462269eff780fa08b105b0f0bd024654
:10e50c002946304614f0bafd616801b3a0680028b2
:10e51c00f3d004f5d6752846e268eff76dfa0028bb
:10e52c00ebd10c4a02900090019204f5507703460f
:10e53c006269a1683846edf7d7fd0028ddd13a466f
:10e54c002946304605b0bde8f04006f06fbb0846e2
:08e55c0005b0f0bde12204014d
:020000040000fa
:020000040102f7
:10e5640030b587b093798df80430403000231446d9
:10e574000d46083202a98df8053006f0b7f902a855
:10e5840013f04cff811c89b204a80df00bf840b9bc
:10e5940004a813f043ff04a902462846fdf71cfc17
:10e5a40040b902a813f03aff02a902462846fdf733
:10e5b40013fc08b107b030bd2846022201a9fdf7bb
:10e5c4000bfc0028f6d1a388a0715bba08335bbab0
:08e5d400a38007b030bd00bfb9
:020000040000fa
:020000040102f7
:10e5dc002de9f0410d4682b00446904689892846c3
:10e5ec006a46082312f0e2fc074618b1384602b01e
:10e5fc00bde8f0813a22414628460cf0e9ff074677
:10e60c000028f3d19df80030802b13d00821284628
:10e61c0012f0c0fc2468002ce8d0d4e900606b46f2
:10e62c0042462946b047a468002cf6d1384602b0c1
:10e63c00bde8f081424629462046f7f7c1f800288c
:08e64c00e4d00746d2e700bf4d
:020000040000fa
:020000040102f7
:10e65400037870b504460d4633b925b994f8a03053
:10e664000bb184f8a05070bd437816496ff345137d
:10e67400437016460022faf751fb04f12c000ff008
:10e68400bffb63786288a28023f01f03637016b90e
:10e694004ff4e163a36023782bb12046002300f8f4
:10e6a400803b13f073f90020012d84f8a200d4d12b
:10e6b400d4f89830002bd6d0d4f89c10bde8704024
:08e6c400184700bfacfd020184
:020000040000fa
:020000040102f7
:10e6cc00d0f8fc301bb193f82230022b2dd070b552
:10e6dc00044600f13c0682b0304613f053f994f82e
:10e6ec008e30012b04f16c0508d004f1fc022435aa
:10e6fc0095421cd095f82230012bf8d1032104f15e
:10e70c00640012f077fc4ff6ff73c4f8fc504ff422
:10e71c007a7200930021074b30460df047fd3046ce
:10e72c0011f0c8fd012002b070bd00207047002020
:08e73c0002b070bdc0d4010061
:020000040000fa
:020000040102f7
:10e744002de9f041d0f80480b8f1000f2ad00d462d
:10e7540007464446002603e02369264613b31c46b5
:10e7640010222946204612f0bffa0028f4d107f1fe
:10e7740078039c4213d307f1a8039c420fd2a6b19d
:10e7840033690bb11b6933614ff40051094813f02d
:10e79400f3f87b6f236100207c67bde8f0812520be
:10e7a400bde8f0811720bde8f081d8f810307b6017
:08e7b400eae700bf60c5002088
:020000040000fa
:020000040102f7
:10e7bc0070b51b4bd3f82c4184b00546f4b100f571
:10e7cc00e47601e06469ccb1204613f0d5f9002859
:10e7dc00f8d12146284610f04ffa0028f2d12146f4
:10e7ec00284610f05bfa102231460028ead1204668
:10e7fc0012f076fa0028e5d0012004e0ea7812f055
:10e80c00080202d0002004b070bd064901a812f025
:10e81c0041fd0198003018bf012004b070bd00bf4d
:08e82c0038c5002064c600207d
:020000040000fa
:020000040102f7
:10e8340090f8a83003b9704710b5044613480ff098
:10e84400a3fa134805f07cf9124811f0fffc1248b2
:10e854000df098fc11480ff087fb20460ef00afdde
:10e8640020460ef0f1fc204608f00cfc204607f090
:10e87400abfd002384f8a830094805f095fa4ff061
:10e8840080710848bde8104013f076b82cc9002008
:10e89400b4cd0020b8d7002010c7002040d20020fb
:08e8a400d0d1002060c5002066
:020000040000fa
:020000040102f7
:10e8ac0038b50246054600241a492c614ff01c70fd
:10e8bc0068646c61ac61ec612c626c62ac62ec62a1
:10e8cc002c63c5e90e442c64a5f8484042f84c1f53
:10e8dc0005f17c006a65ac66ec662c676c67ac670e
:10e8ec0012f080fd95f8803064f3000385f88030d9
:10e8fc0014f004fd2846102112f07cfb05f13400c5
:10e90c00ac652146ec652c666c6614f0fdfc284663
:08e91c0038bd00bfed2b040122
:020000040000fa
:020000040102f7
:10e9240038b503698b422ad0d40702d5b0f84830f1
:10e9340023bb044601611546fdf720f804f13400b9
:10e94400002114f0e5fc0022114610480af0fefef6
:10e954000023a363a4f8443004f14c000c490ef0e6
:10e96400d1faab0744bfb4f84630a4f848304ff4aa
:10e9740080710848bde8384012f0febf38bd4ff43e
:10e9840080710448bde8384012f0c0ba48cf002076
:08e9940080ee360060c5002092
:020000040000fa
:020000040102f7
:10e99c002d2d2d2d2d454e442045432050524956aa
:10e9ac00415445204b45592d2d2d2d2d0000000097
:10e9bc002d2d2d2d2d424547494e2045432050529b
:10e9cc004956415445204b45592d2d2d2d2d0000d8
:10e9dc002d2d2d2d2d454e44205052495641544538
:10e9ec00204b45592d2d2d2d2d0000002d2d2d2d7d
:10e9fc002d424547494e2050524956415445204bd3
:08ea0c0045592d2d2d2d2d0083
:020000040000fa
:020000040102f7
:10ea140038b500210446002513f0c8fd204601f056
:10ea2400bbfc294640f2b1322567c4f89c50c4e9c6
:10ea34001d55c4f89850c4f8a050e563c4f8845038
:10ea4400a4f88050e567a06d13f074fb294640f2ea
:10ea5400b13284f8a450c4e93255c4f8d050d4f883
:10ea6400b00013f067fb2046c4f8d450c4f8d85063
:10ea7400256413f0a3fd606c28b110f057fa606ca4
:08ea840014f06cf9656438bd63
:020000040000fa
:020000040102f7
:10ea8c0042f21073994234d8c2888a4227d9531e55
:10ea9c0070b50c4605460ad0006850f8231021b119
:10eaac0022e050f8221019b913465a1ef9d101234d
:10eabc009c4238bf1c462046042114f045f90646fa
:10eacc00a0b1296839b1a20012f018f9e9882868b8
:10eadc00890011f0a9f9ec802e60002070bd01d3e3
:10eaec00002070470cf096b91346e1e76ff00f0069
:08eafc0070bd6ff00f007047c0
:020000040000fa
:020000040102f7
:10eb0400a8b303689bb343681b2b70b50e46154628
:10eb1400044602d00bf070fac0b92046f7f730ff74
:10eb2400002813db854204d923685b79012b1cd0b0
:10eb34000546d4f8d03053b91723c4e932356db93a
:10eb440020460121e9f71efb00b9284670bd204686
:10eb540003f054fb0028f9d12846f7e731462a464a
:10eb6400d4f8c40012f0cef8eae7024870bd0148b8
:08eb7400704700bf008fffff96
:020000040000fa
:020000040102f7
:10eb7c0070b51646026c856b04462ab906680135d9
:10eb8c0046b30020a56370bd86b9406812f0b6f894
:10eb9c006368216ca2680b44934205f10105636024
:10ebac00efd3236863603046a56370bdc06812f074
:10ebbc00a5f8226ce3682168524213448b42e3604f
:10ebcc0002d2a3681a44e260022e08d0013500205c
:10ebdc00a56370bd8068fdf771f8a660d2e7002dc3
:08ebec00cfd101250020cde787
:020000040000fa
:020000040102f7
:10ebf40030b587b00024154a0192154d0094234680
:10ec040014488df80c404ff4807202a90295f8f76d
:10ec1400a9fbb8b1edf7c0fb0bf074fb012811d1cf
:10ec24004ff0200383f31188bff36f8fbff34f8f2f
:10ec340009490a4a0a4b4ff0ff350d6010601c6009
:10ec440002f022ff074b1b6807b030bda80001206b
:10ec540049444c45455f0301ac000120b800012044
:08ec6400bc000120b8010120f1
:020000040000fa
:020000040102f7
:10ec6c0073b5184d184c2b6843f010032b602378a8
:10ec7c00164b4ff08042c3f88020bff34f8fbff389
:10ec8c006f8f202183f81e13c3f880211a6013f0b4
:10ec9c0085f9064614f08afa2b680193019b0c4afd
:10ecac0023f001030193019b2b601379002bfcd003
:10ecbc00304613f07df92378064b0c221a7002b003
:10eccc0070bd00bf004001410f00014100e100e0b8
:08ecdc009c1000200e00014114
:020000040000fa
:020000040102f7
:10ece4002de9f84f04460c9f6668d4f80cb02469eb
:10ecf40010463a68013c002502f0020a0b9a0bf810
:10ed04000450002e1946b8bf0126012390464fea4d
:10ed1400e279002c03dcd3b12046bde8f88f50ea39
:10ed2400010209d1721b002a06dc0a9a521b002a2e
:10ed3400f1ddbaf1000feed042464b460df0aaffca
:10ed4400013c134630320bf804200135e1e73b68ff
:08ed540023f010033b60dfe730
:020000040000fa
:020000040102f7
:10ed5c00f0b500f1310626f0010685b0b3898b427f
:10ed6c002dd80f46c91a14460df1090389b201aa10
:10ed7c00054601930cf00afa2146030101aa284624
:10ed8c008df808300cf002fa019ab5f80ac09df81b
:10ed9c00083002a9521a14fa82f464441843b4f5e8
:10edac00007f8df8080007d292b228460ef014f9b5
:10edbc0000b9b78105b0f0bd032005b0f0bd072048
:04edcc0005b0f0bde1
:020000040000fa
:020000040102f7
:10edd00070b5194d044628460e4614f001fb2080fc
:10ede000284614f0ddf93146a06104f11c0014f04e
:10edf00093fa22460023114da362c4e90833e3626b
:10ee000023636363a363e36323646364a364e364ce
:10ee10002365636542f8605f23460949a26643f8ab
:10ee2000801f4ff0ff322046c4f88830a4f87c20c1
:10ee300003f0a0fb204670bd38c50020d129040195
:04ee4000952904010b
:020000040000fa
:020000040102f7
:10ee440083691a681288110702d51a7fd20600d581
:10ee5400704730b583b004460df10701184610f031
:10ee6400d7fbb0b9a069037fd90714d523889a06c4
:10ee74000fd49df80730082b0bd1a36904f1380295
:10ee84009a60a069037fdb070ad504f10a01f1f750
:10ee9400e7fb03b030bd94f85c100bf077fce5e7ba
:10eea400a56d29460ff096fd2046294612f036f945
:04eeb400a069eae780
:020000040000fa
:020000040102f7
:10eeb80070b588b00c88adf818300d460021adf853
:10eec8001c3000900492adf80840adf80c40adf845
:10eed8000a10adf81a1001266846fcf78ff80446a8
:10eee80040b1172803d19eb9bdf80a302b802046bf
:10eef80008b070bd002eefd004a8fcf77ff82646b6
:10ef08000028e9d104a968460ef044f90646e3e76b
:10ef180004a8fcf773f8bdf80a302b80172808bf3f
:04ef28000024e4e7f6
:020000040000fa
:020000040102f7
:10ef2c0038b5838a03b9fee7d0f8fc306bb393f89d
:10ef3c002220022a04460ed0032a12d0012a00d025
:10ef4c0038bd05f0edffd4f8fc30a066022283f842
:10ef5c002220d4f8fc30198c2046bde83840f5f757
:10ef6c0037bb0023c0f8fc30fff7aafb0028e7d121
:10ef7c0004f13c05284612f005fd201d0ef03cff67
:10ef8c002846bde8384012f0fdbc3c30bde83840a6
:04ef9c0012f0f8bcbb
:020000040000fa
:020000040102f7
:10efa0002de9f041d0f80080b8f1000f2ad00d46cd
:10efb00007464446002603e06369264613b31c4611
:10efc00010222946204611f091fe0028f4d107f1c5
:10efd00014039c4213d307f174039c420fd2a6b1d1
:10efe00073690bb15b697361384622460021faf7f9
:10eff0002ffc3b69636100203c61bde8f081252066
:10f00000bde8f0811720bde8f081d8f814303b60ee
:04f01000eae700bf6c
:020000040000fa
:020000040102f7
:10f01400036a0bb371b110b50131044601221846dd
:10f024000df0deff38bb637f0133dbb2ff2b637768
:10f0340018d010bd4169027f4b1e0b40436123b9b8
:10f04400013ad2b203690277436100f1240322b189
:10f05400018b18460df056bf704718464ff4fa71ed
:10f064000df050bf20774ff4fa7104f12400bde88d
:10f0740010400df047bf206a08b112f0a5fc002330
:04f08400236210bd36
:020000040000fa
:020000040102f7
:10f08800f0b50e1ec3b00cbf18251925044601a8fb
:10f09800174612f019fd294620466a4611f01af95a
:10f0a80008b143b0f0bd6a46214601a80bf0c0fb89
:10f0b8000028f6d101a801f0a9fc0028f1d13a46b0
:10f0c800314601a813f060f90028ead13eb1012ebb
:10f0d800e7d1024601a90548fff7c8f9e1e702466a
:10f0e80001a90348fff7c2f9dbe700bf2cce0020d7
:04f0f80000ce002026
:020000040000fa
:020000040102f7
:10f0fc002de9f041064682b019480f4612f0eef8a1
:10f10c00054640bb804642463946304609f090fde4
:10f11c00804600b3c3784278073300ebd303023246
:10f12c0004330244cde90032022168460cf00afc9b
:10f13c000028e8d04478831c043c1c19f4d2828843
:10f14c0052bad10506d40433a342edd8598849ba32
:10f15c00ca05f8d50125284602b0bde8f08100bfec
:04f16c0040d200206d
:020000040000fa
:020000040102f7
:10f170002de9f043adf5137d002304468946904602
:10f18000009305af0bae11ad4ff0000c01ab424642
:10f1900069464846cde90176cde9035ce4f734fee3
:10f1a000d8b9019b2046194613b108f08dfe78b1fd
:10f1b000029b2046194613b108f0a8fe40b1039bfc
:10f1c00020461946002bdfd009f0b8fd0028dbd11e
:10f1d00000200df5137dbde8f08301200df5137db2
:04f1e000bde8f08313
:020000040000fa
:020000040102f7
:10f1e4002de9f041837984b06ff3000383710f46f6
:10f1f400904601a80322164912f050f8019c34b934
:10f2040011e0216901a80df02dfa019c5cb1237d68
:10f21400012bf6d127b998f8f00038b92075f0e73a
:10f2240002202075ede704b0bde8f08108eb00167c
:10f23400b045f5d0454601e0ae42f1d02846102253
:10f24400214611f051fd10350028f5d12075d8e77d
:04f2540064c600206c
:020000040000fa
:020000040102f7
:10f25800f0b505460e46d0e9000183b06c4684e857
:10f268000300204613f03cfd0238022895e803000d
:10f2780098bf019f84e80300204688bf002713f049
:10f288002ffd0238022818d8019b1b786bb195e82e
:10f29800030084e80300204613f022fd0238022808
:10f2a8000bd8019b1b78b34205d131463846fcf791
:10f2b8000df803b0f0bd0248fbe700231b78ffde22
:04f2c80000c3ffff81
:020000040000fa
:020000040102f7
:10f2cc002de9f04f81b0dde90aabdde90c89fbb922
:10f2dc00bbf1000f1cd1d2f800c0bcf1000f1ad04a
:10f2ec001f46dcf80c3015460e4604469847c0b154
:10f2fc00062c12d07eb95b46524639462846cde9db
:10f30c000b96cdf8288001b0bde8f04f05f034b86d
:10f31c00baf1000fdfd1044800e0044801b0bde8a9
:10f32c00f08f0348fae700bf80c1ffff80c6ffffe4
:04f33c0000c1ffff0e
:020000040000fa
:020000040102f7
:10f340004b1e25d4024650f8230018bb01f1804122
:10f35000013910b402eb810103e051f8042d32b9f8
:10f3600023465c1e002bf8d15df8044b704719460c
:10f3700000204ff0004302e00130202803d01a4261
:10f380004fea5303f8d0c0eb41105df8044b7047cf
:10f390000020704702464ff00043002002e0013099
:10f3a000202803d01a424fea5303f8d0c0eb411093
:04f3b000704700bfe3
:020000040000fa
:020000040102f7
:10f3b400013989b20f2921d838b5174c174834f8c8
:10f3c400115040f60b01a5f500648d4230f814404d
:10f3d4001fd8f3b10499e1b1184640f604039d42e5
:10f3e4000ed00f490b5dff2b13d0049b0a5b1a80d0
:10f3f4000234214411f086fc002038bd17207047e8
:10f4040002ebc20102eb4102144405490b5dff2be0
:10f41400ebd1172038bd00bf34ff0301a8fe002044
:04f4240018080020a4
:020000040000fa
:020000040102f7
:10f4280070b504460bf084fd38b3631e03331fd850
:10f43800a3b2042b1cd8154e5d017319da699442e6
:10f4480016d1725da2b15a78d2b99a680ab95a68c7
:10f458009a600f4b93f8303070199bb1faf764fc3f
:10f468007319002201211a75597014465a7500e063
:10f4780001240ff00bf8204670bd0124204670bd12
:10f488000024f6e703f092fceae700bff8f8002052
:04f4980060fd0020f3
:020000040000fa
:020000040102f7
:10f49c0000b583b0124b0193032300934ff48062a9
:10f4ac000023104910480ff093fe104b01930423d6
:10f4bc0000934ff4007200230d490e480ff088fea4
:10f4cc000d4b0193012300934ff4806200230b49f1
:10f4dc000b480ff07dfe03b05df804ebfff784bb27
:10f4ec001008002074ff03012d8402011810002065
:10f4fc007cff0301e13104011c10002088ff030193
:04f50c00d9310401ec
:020000040000fa
:020000040102f7
:10f51000f8b5eff311864ff0200383f31188bff3a2
:10f520006f8fbff34f8f836bc26b9a4210d990f8e5
:10f53000455001336db283636b1c0f460cd1836c55
:10f54000bbb104f0fbff80b17fb10120386000e067
:10f55000002086f31188f8bd044613f061fc854253
:10f5600003d201356db284f84550012086f311882d
:10f57000f8bd436a002bf8d02430f2f701fa0028d6
:04f58000e2d1f2e7fb
:020000040000fa
:020000040102f7
:10f584002de97841184e042232700620e2f720ff5c
:10f594000628fad1002013f087fe144c144d0722dc
:10f5a4008021012315200cf0f6fcff23237012f0b8
:10f5b400f9fc8046802013f0d1f82b78db06fcd5cb
:10f5c400404612f0f9fc24782b780722002380218e
:10f5d40015200cf0e0fc0820e2f7fafee4b2002368
:10f5e40033702046bde878819c100020070001415b
:04f5f4000f000141c2
:020000040000fa
:020000040102f7
:10f5f80010b5144a144c13780133dbb2042b137082
:10f6080005d905232370114b01221a7010bd104b28
:10f61800022219790620e6f72ffd60b10423237032
:10f628000c4bff221a700c4b00221a700b4b1a68f5
:10f638000b4b1a60eae706232370bde8104010f070
:10f64800afbd00bf200101209c10002099100020b0
:10f65800c41000200700014121010120e40001201d
:04f66800e00001209d
:020000040000fa
:020000040102f7
:10f66c0010b5194a840644bf434203f01f0392f8b5
:10f67c0022204abf5b4200f03f035bb2dab1d91cd7
:10f68c004ff0000211490eda8c18d0b294f90f40e9
:10f69c00a34203db01dd0138c0b210bd0132102ad8
:10f6ac00f2d10020f9e78c56a342d0b2f2da013243
:10f6bc00102af8d1f5e706495456a342d0b2e9da3c
:10f6cc000132102af8d1ece79c1000204c010120eb
:04f6dc008001012088
:020000040000fa
:020000040102f7
:10f6e00038b5194c237805465bbb28b90820e2f7ea
:10f6f00071fea570082038bd144b1868d8b1144ba2
:10f700005b7f73b10620e2f765fe00bf13f0d0fb0c
:10f7100000f01f000628f9d1002013f0c7fd1620c5
:10f72000e9e71620e2f756fe13f0c2fb00f01f00d7
:10f730001628f9d1f0e70123a37010f035fd16204b
:10f74000d9e78620d7e700bf9c100020dc0001200d
:04f75000ca100020bb
:020000040000fa
:020000040102f7
:10f754002de9f14f0e461946834617469946dde9d1
:10f764000a4adde90c850ef071f890b1002e2c6088
:10f774002f7109db3444a0450cbf06240124ac716d
:10f78400002001b0bde8f08f0236f9d10123ab713e
:10f79400f6e7444506d1514658460ef057f808b1ed
:10f7a4006f71ede7dbf808000368cde90c85cde95e
:10f7b4000a4adc693a464b463146a44601b0bde8e4
:04f7c400f04f60475b
:020000040000fa
:020000040102f7
:10f7c800f0b50c4649682368a768e56887b0002942
:10f7d8000593a4bf23f00203059305ab0293082306
:10f7e800cde900730646d2e900232046fff776faf2
:10f7f800059bd90642bf00f1ff3030232b54059bef
:10f808001a0742bf00f1ff3020232b542269059bc1
:10f818000093013a3b46121a29183046fdf7d4fde9
:10f828007368db0503d563689842b8bf184607b00c
:02f83800f0bd21
:020000040000fa
:020000040102f7
:02f83a00704715
:020000040000fa
:020000040102f7
:10f83c0072782d6f6e2d7768656e2d69646c65001e
:10f84c0072782d6f66662d7768656e2d69646c65b0
:10f85c00000000004170704c6f673a20546872656c
:10f86c00616420696e74657266616365206861739a
:10f87c00206265656e20656e61626c65640d0a00c0
:10f88c004170704c6f673a20526164696f206d6fe4
:10f89c006465202020202020203a2025730d0a00aa
:020000040000fa
:020000040102f7
:10f8ac002de9f843313222f001042578c5f3011516
:10f8bc001db107242046bde8f8830e461349814646
:10f8cc0098460ff051fd0746d8b131462a460ef046
:10f8dc0027ff07f1310323f0010362885a80384671
:10f8ec0009f004fe4246d9f8443048463946984758
:10f8fc0004460028ded0384612f062f82046bde8f7
:10f90c00f88303242046bde8f88300bf1c1a0401c9
:020000040000fa
:020000040102f7
:10f91c0070b58cb00d46164613f0ecfa58b3313571
:10f92c00044625f0010504e020460af0d7fe044603
:10f93c0008b304f1310323f001036a885b8852badf
:10f94c005bba9bb292b29a42eed12622002102a857
:10f95c0012f0ecfb61892c3989b22c2301aa2046c8
:10f96c0011f024fb314602a80ff02eff0028dbd04b
:10f97c0020460cb070bd002420460cb070bd00bffa
:020000040000fa
:020000040102f7
:10f98c002de9f0418eb00146804601a80ef0dafe5a
:10f99c00019c4cb300273e463d460ae0039bda1b14
:10f9ac00002a18db01a809f037fe019c0135adb225
:10f9bc00a4b12622002104a812f0b8fb61892c39cd
:10f9cc0089b22c2303aa204611f0f0fa002ee5d1bf
:10f9dc00039f2646e6e71f462646e3e7092d03d993
:10f9ec003146404610f0e4fc0eb0bde8f08100bf9b
:020000040000fa
:020000040102f7
:10f9fc0030b591b0054601a811f09cfa294603a830
:10fa0c000ef0a0fe039c3cb923e00ef085ff03a88a
:10fa1c0009f002fe039ce4b12622002106a812f094
:10fa2c0085fb61892c3989b22c2305aa204611f05b
:10fa3c00bdfa019b05995b1a002b01a8e5db214659
:10fa4c00284610f0b5fc03a809f0e6fd039c002c39
:10fa5c00e2d101a9281d0df067fa11b030bd00bf2d
:020000040000fa
:020000040102f7
:10fa6c000144884232d2831c99422fd34378ff2b16
:10fa7c0024d002330344994228d310b403e0023358
:10fa8c000344994216d30478944214d099421846f0
:10fa9c0003f102040ed0a1420cd35b78ff2beed104
:10faac00031d994206d343885bba9bb204330344cb
:10fabc009942e8d200205df8044b7047031d99422f
:10facc0004d343885bba9bb20433d3e7002070475e
:020000040000fa
:020000040102f7
:10fadc0003889a0700d5fee710b5837c9b07044684
:10faec0012d505f01dfa6369c31a002b1edba3782f
:10fafc0094f91310022b1cbf0223a37004f11c00f9
:10fb0c00bde8104012f034bf0c480af061fb7f28ae
:10fb1c00e7d094f913307f2b01d08342e1dae07403
:10fb2c0005f0fef96369c31a002be0da616e04f18b
:10fb3c0060008022bde8104010f010bc38c50020d9
:020000040000fa
:020000040102f7
:10fb4c002de9f041082984b00d46844696461c46a2
:10fb5c00dde90a6703d0102914d099b1fee780f8cb
:10fb6c005c200fcb0cf1280888e80f0096e80f00fa
:10fb7c000cf1380888e80f0097e80f000cf14808e2
:10fb8c0088e80f00bcf800309b0602d404b0bde836
:10fb9c00f08100200290234672462946cde9006789
:10fbac0002480bf0a7f904b0bde8f08138c500207d
:020000040000fa
:020000040102f7
:10fbbc002de9f8430f4690f8fe1090463a46c1f1f5
:10fbcc00fe041e460546fff74bffa4b206f10209e0
:10fbdc0000b3437802331c44a4b2a1451cd801469f
:10fbec0028460df067fa95f8fe30ea18994485f826
:10fbfc00fe901046ef54567012f004fb324641460c
:10fc0c0011f07cf805f08cf90023c5f800011846ba
:10fc1c00bde8f883a145e6d903231846bde8f8836f
:020000040000fa
:020000040102f7
:10fc2c0070b500f10805c4b004460e4610302946e4
:10fc3c00eff708fd00281eda2378b3b903a811f0fa
:10fc4c0041ff03a9114803f06ffe03a80e2112f027
:10fc5c00c5fe50b1034653f8020f596801ab03c3fc
:10fc6c0001a82946eff7eefc28b131462046fbf7f8
:10fc7c00affd032801d044b070bd04f1180041f26f
:10fc8c0088310df03bf944b070bd00bf2cce002084
:020000040000fa
:020000040102f7
:10fc9c00f8b5074681f8343010460e46154610f07c
:10fcac000ffd18b3eb6828686968aa6834460fc45e
:10fcbc002b8a2380338a63b93b884ff6ff704ff24f
:10fccc00bf0142f6e264834205d14ff440433b80ce
:10fcdc0033820020f8bd1a4601339bb28b423b8025
:10fcec00f9d0224492b2132aedd9f1e72946034800
:10fcfc000ef08cff0028d5d10720f8bd64c600207b
:020000040000fa
:020000040102f7
:10fd0c002de9f0410d4682b0804617468989284678
:10fd1c0008236a4611f04af9064618b1304602b07b
:10fd2c00bde8f0811122394628460bf051fc0646fd
:10fd3c000028f3d10821284611f02cf9009b1bba9e
:10fd4c003b62d8f804404cb1d4e901303a4629461c
:10fd5c0098470028e2d12468002cf5d140463a4659
:10fd6c00294609f01bfe304602b0bde8f08100bf09
:020000040000fa
:020000040102f7
:10fd7c00bc02000010270000102700001027000014
:10fd8c00102700001027000064656661756c742ee6
:10fd9c00736572766963652e617270610000000094
:10fdac000002020204040207000202020404060715
:10fdbc0001010303050506070006020604070607f2
:10fdcc00dc0b0301e40b0301ec0b0301f80b030147
:10fddc00040c0301100c03011c0c0301280c03017f
:020000040000fa
:020000040102f7
:10fdec002de9f04184b00025112badf80c508df8a5
:10fdfc000e502ad03a2b04d0062b24d004b0bde8e8
:10fe0c00f08102260f468189314404464ff0000ce4
:10fe1c0090461d460df10a0289b20223adf80ac0c4
:10fe2c0005f0c2fa2b464246394603a80094f2f775
:10fe3c0037fda189314403a889b222460df0d4f9cb
:10fe4c0004b0bde8f0811026dce70626dae700bf37
:020000040000fa
:020000040102f7
:10fe5c00174bd3f82c3170b506460d4600f5f074ef
:10fe6c0013b909e05b693bb19c42fbd1b6f8ee31aa
:10fe7c005bba9bb2ab4209d129460e4812f096fdf3
:10fe8c004ff6fe739d42f58109d170bd21460a489b
:10fe9c000af0e4fd2146094813f022faece76dbaaa
:10feac00a6f8ee5121460448bde8704007f03abf71
:10febc0038c5002048cf002064c6002010c70020a1
:020000040000fa
:020000040102f7
:10fecc0038b50446174812f0b1fc20460121f7f76b
:10fedc00a9fb23790bb10023237104f5c87011f031
:10feec0051fd04f17c000ff0dffc04f5ce7011f035
:10fefc0049fd23780c48002503f01f032370a4f858
:10ff0c00095001210af052fe084b93f8e42965f3dd
:10ff1c00041283f8e42903f6e410bde83840fef738
:10ff2c0067ba00bff0dd0020d0d1002038c500201a
:020000040000fa
:020000040102f7
:10ff3c002de9f843ddf824c0bcf80250fe2d22d880
:10ff4c001e46174688460268bcf8001004462b462d
:10ff5c00089811f02bf8814690b9edb2012e25715d
:10ff6c0084f80780a77113d094f806310b489d4292
:10ff7c0038bf1d4684f806514ff4007111f0f8fc9f
:10ff8c004846bde8f8834ff006094846bde8f883bb
:10ff9c00204603f0b5ff2579e6e700bf60c50020d9
:020000040000fa
:020000040102f7
:10ffac0038b5054610f020fa58b3002405e0032ab2
:10ffbc0028d000bf0af092fbf8b10379db07f9d522
:10ffcc00ab698342f6d04379c3f34213dab2012a08
:10ffdc005bb217d0611c002be9d142890b4ca2f10a
:10ffec007f03a4fb03437f2a8cb204eb9313e1d968
:10fffc009cb20af073fb0028dfd1642c94bf002064
:020000040103f6
:10000c00012038bd0134a4b2d4e700bfabaaaaaa20
:020000040000fa
:020000040103f6
:10001c00f8b517460022069d026042608260c260fd
:10002c00026142610446fa780e46391d1f4612f0f1
:10003c00f9f9a878227dc0f3401363f38202c0f370
:10004c00001363f345122275800912f0ebf8227d40
:10005c0060f3010222753b7863f3c30222752b888f
:10006c005bba63822b88b6f8161d5bba9bb25b1a1f
:10007c00b3fa83f3d2b25b0963f304122275f8bdb1
:020000040000fa
:020000040103f6
:10008c002de9f84f9df8289082460e46c9f3450895
:10009c00fbb11f461546002408e006f10800fdf7e9
:1000ac0093fb0134e4b290b9a74212d0a4eb080b35
:1000bc00bbfa8bfb4fea5b1b29465a463046fdf7d1
:1000cc0083fb05f108015a4618350028e5d0bde838
:1000dc00f88f4fead9125046314604f09df80028ab
:1000ec00f5d106f110000121bde8f84f09f0dabf97
:020000040000fa
:020000040103f6
:1000fc00f0b58bb003ad029568b363b3202a27d15a
:10010c00109acde900320aab02aa0c46074602f05f
:10011c00fbfc40b14ff0ff3628461c2111f0c6fe07
:10012c0030460bb0f0bd1c222946201d05f024fde5
:10013c0006460028eed13b69002bedd02268fe6804
:10014c0012bab61ab3424ff0ff3628bf0026e3e7c7
:10015c004ff0ff36e4e7014ee2e700bf008ffffff0
:020000040000fa
:020000040103f6
:10016c00f0b505468fb0007814461e460f4610f0c9
:10017c0075fc12f0f3ffa042306025d8684610f0f1
:10018c00e1fbdde9142369462846faf70ffe044625
:10019c0028b1684612f052ff20460fb0f0bd2e6c0d
:1001ac000736f608324606a9684611f06bfe04467f
:1001bc000028eed1287810f051fc3b46324606a9b7
:1001cc0008f0d6ff0446e4e7004ce5e700b1ffff7a
:020000040000fa
:020000040103f6
:1001dc00f0b5ddf814c08646002b08bf0b46bcf109
:1001ec00030f6fea0e0e28d9042400e03c461e19ba
:1001fc00151956f8047c55f8045c07ea0e070540ff
:10020c003d430e19271d674546f8045ceed9a445fd
:10021c0012d923442144c0b214445ffa8efe6244c6
:10022c0014f8015b13f8016b054006ea0e06354322
:10023c00a24201f8015bf3d1f0bd0024e7e700bf57
:020000040000fa
:020000040103f6
:10024c002de9f04f83b017460546dde90c89dde951
:10025c000eab109a0c4601b99bb1ffb12968e9b1fc
:10026c008bb14e69f6b1cde90fb221463a4628461c
:10027c00b446cde90d9acdf8308003b0bde8f04f0f
:10028c006047036853b12046019210f0e7fb12f06f
:10029c0065ff034610b12968019ae2e7024803b0f2
:1002ac00bde8f08f0148fae780c1ffff00c1fffff6
:020000040000fa
:020000040103f6
:1002bc00a8b370b50646044604f1cc000ff014fd4b
:1002cc00a06e11f0b7fdd4f8880011f0b3fdd4f88e
:1002dc00740111f0a5fdd4f8040111f0a1fdd4f8be
:1002ec00540111f09dfdd4f82c0111f099fde0683a
:1002fc0008b1236873b920464ff4ca71d4f89051f1
:10030c0011f0d4fda642204601d012f023fd2db1f0
:10031c002c46d1e7a1680ff087fdece770bd704764
:020000040000fa
:020000040103f6
:10032c0043681a2b70b50446856b06dc6db32b69dc
:10033c00d0f89820c16e984720b923685b79012bbf
:10034c0001d0002070bda06b0028fbd0d5f8643222
:10035c000133c5f86432002106f0d4f905f1240606
:10036c002b4600bf03f50a7207ca03f507740c335a
:10037c00b34284e80700f5d10023c5f84032c5f834
:10038c004432c5f84832184670bd284670bd00bfcf
:020000040000fa
:020000040103f6
:10039c0070b40368d0f8b0205d79836d012d02f143
:1003ac000b0402f10d0116d002f1080503f1080649
:1003bc00c0f8b420c0f8b85003f10d0203f10b05de
:1003cc00c0f8bc40c0e91736c0e91952c0e9301179
:1003dc00c26670bc7047d51cde1cc0f8b820c0f8d3
:1003ec00b45003f10d0203f10b05c0e92f41c665b2
:1003fc00c0e919520366c0f8c410c26670bc7047dd
:020000040000fa
:020000040103f6
:10040c002de9f0414ff086424ff2081302249cb0c4
:10041c001460064688461b6801a80021984718bb43
:10042c00054614e04446202ca8bf20244ff20c179c
:10043c003b6822460ca901a89847431cf8d078b910
:10044c0030460ca9224610f059fc2544264445455b
:10045c00e8db4ff08643002018601cb0bde8f0814b
:10046c0000201cb0bde8f08114201cb0bde8f08168
:020000040000fa
:020000040103f6
:10047c00194bda684ff6ff010a4042f0bf6242f4b2
:10048c000032da60bff35f8f62b6144ae02183f862
:10049c00231082f800130120106082f80313082047
:1004ac00106082f80c134ff48050106082f8111316
:1004bc004ff4003111605a6a42f480225a625a6930
:1004cc0042f010025a615a6a0a435a625a6a42f45a
:1004dc0080325a62704700bf00ed00e000e100e09e
:020000040000fa
:020000040103f6
:1004ec00a0b90eb4f0b5174d95f9003082b043b1f8
:1004fc006b6833b104464ff0ff31134812f07cffa8
:10050c0028b902b0bde8f04003b0704770470f4ff8
:10051c00079a08ae33463846c821019602f064fdae
:10052c00431ec62b024605d83c54d5e9013039464a
:10053c005b699847044812f061ff02b0bde8f040d7
:10054c0003b07047ecff00206800012030f8002059
:020000040000fa
:020000040103f6
:10055c0037b5164a137804460bb1013b1370144b94
:10056c00187808b10138187012781b78134309d128
:10057c00104b022201201a70987003b0bde8304075
:10058c000ff00cbe11f00afd0022cde90022054649
:10059c0009480a4b00782146fcf726f90446284600
:1005ac0011f006fd002ce3d103b030bd2801012071
:1005bc002a0101209c100020081100207951030110
:020000040000fa
:020000040103f6
:1005cc0010b5184c08232370174b59784b1e594201
:1005dc00594103220920e5f74dfdd8b112f062fc18
:1005ec0000f01f00092815d10123072280211520b6
:1005fc000bf018fd0620e1f7e7fe0628fad10b4bad
:10060c0010221a708021012307220820bde8104017
:10061c000bf008bd092323700020bde810400ff03b
:10062c00bdbd00bf9c100020c41000200e00014175
:020000040000fa
:020000040103f6
:10063c00194b1a4a1980c0b203f8020f137882b012
:10064c00dbb28df806309df8063003f0ef0343f073
:10065c0010038df806309df80630dbb2137013785a
:10066c00dbb28df805309df8053003f010038df8e2
:10067c0005309df805300bb902b070471378dbb22a
:10068c008df807309df8073003f010038df8073014
:10069c009df80730efe700bf003001410630014103
:020000040000fa
:020000040103f6
:1006ac00184b194a1870137882b0dbb28df80630eb
:1006bc009df8063003f0fb0343f004038df806307d
:1006cc009df80630dbb213701378dbb28df8053071
:1006dc009df8053003f004038df805309df80530c6
:1006ec001bb90a4b188802b070471378dbb28df82f
:1006fc0007309df8073003f004038df807309df8a0
:10070c000730ede70230014106300141283001414c
:020000040000fa
:020000040103f6
:10071c0010b512f08ffdd0e90042013242604cb3ab
:10072c0094f82020472a27d194f821204e2a23d14f
:10073c0094f82220552a1fd194f82320432a1bd148
:10074c0094f82420432a17d194f825202b2a13d16e
:10075c0094f826202b2a0fd194f82720012a0bd8a5
:10076c0062695242626120342046e8f715f920464e
:0e077c0004f050fd12f09bfb00220260f3e738
:020000040000fa
:020000040103f6
:02078a007047b6
:020000040000fa
:020000040103f6
:10078c000b880c2b0ad930b50d2b83b005460c46c3
:10079c001ad00e2b04d0062003b030bd00207047b9
:1007ac000189006802230df1060210f0fffb0028fe
:1007bc00f2d1bdf806302a895bba03f20d1302326e
:1007cc002a81238003b030bd0189006801230df11b
:1007dc00060210f0ebfb0028ded12a899df80630ca
:0c07ec0001320d332a812380d6e700bfc4
:020000040000fa
:020000040103f6
:1007f80090f8243010b504467bb1012b08d1d0e91c
:10080800030101310cf03afb6061204607f0d2f891
:10081800236a2046bde81040184790f825306bb190
:10082800012bf5d142691ab10369991a8a4212d982
:1008380043612046bde8104007f0bcb8d0e9051276
:100848000123891a80f825300cf05afbe28ba38b20
:0c0858009a42ddd310bd52004261eae775
:020000040000fa
:020000040103f6
:1008640038b5044604214ff47a70a5680af0fafcfe
:100874002918201d10f06efb2368d80706d49906aa
:100884000ad45a060ed4db0512d438bd0b480ff037
:10089400a7ff23689906f4d50948faf7d1fc236821
:1008a4005a06f0d5074809f07bfa2368db05ecd536
:1008b4000548bde8384001f04bbf00bfd0d100204f
:0c08c40018de002010de0020d4c500204b
:020000040000fa
:020000040103f6
:1008d00091b3f8b500220e460746b85c030607eb55
:1008e000020502f1010404d411f057fcf0b100201c
:1008f000f8bd10f04003fad010f0200304d0c10678
:1009000018d50307f3d4022302321a44a64204f195
:100910000104ecd915f8013f03f0c003802be6d1a8
:100920009442f3d1b242d8d30120f8bd2246b2425c
:0c093000d3d3f9e70123e7e7012070476b
:020000040000fa
:020000040103f6
:10093c0050292de9f041466a1cd980460f460546e0
:10094c00502404e07c34a4b2a742054612d928688e
:10095c000028f7d198f805103046c1f3410107f093
:10096c0027ff2860b0b17c34a4b2a742d8f8246029
:10097c000546ecd804680022026044b12046246885
:10098c0012f0b8fc3388013b3380002cf6d10020e8
:0c099c00bde8f0810320bde8f08100bf41
:020000040000fa
:020000040103f6
:1009a80038b50368198811f4807f01f4405514bfe5
:1009b80002220322b5f5005f01f440641fd0201c19
:1009c80018bf012008b10232d2b2a312022b1ad0ea
:1009d800032b01d10832d2b2b5f5005f08d011f46b
:1009e800404f03d04b065cbf0232d2b2104638bd2e
:1009f80001f44c43b3f54c4ff1d1104638bd0846cd
:0c0a080004f024fddee70232d2b2e5e784
:020000040000fa
:020000040103f6
:100a1400f8b590f8fe30ff2b00eb03062ad086428f
:100a24002ad94378ff2b25d0831c9e4222d3074624
:100a34000546044617e0faf789fee11b89b2c8b1fe
:100a440022783846fff710f8a0b9284610f044ff82
:100a54002c18a64204f102020ed96378ff2b09d0a8
:100a6400964207d32546284610f036ff2b189e429f
:0c0a74002046e0d20620f8bd0020f8bdae
:020000040000fa
:020000040103f6
:100a8000184b1b780022827103b17047164b0b4044
:100a9000002bfad05a005b0803f0553302f0aa325b
:100aa0001a439300920802f0333203f0cc3313431d
:100ab0001a011b0902f0f03203f00f3313431bba83
:100ac0001a02190a01f47f4102f47f020a4342ea42
:100ad00003634ff480610622c0f802300180827106
:0c0ae000704700bf5833040100f8ff0706
:020000040000fa
:020000040103f6
:100aec00f8b5069c002020604d6a854226db0d4639
:100afc00154806211f46164611f0e0fe206000b393
:100b0c00294640220cf068fa054670b921682eb1ce
:100b1c0030460ff08ffd054638b9216838460ef087
:100b2c0009f8054608b92846f8bd20680028fad00f
:100b3c0010f046ff002323602846f8bd0725284601
:0c0b4c00f8bd03252846f8bd8ec500202a
:020000040000fa
:020000040103f6
:100b5800c37d8b422ad070b50e4696b0054619b1b2
:100b68000120ee7516b070bd6846502202a910f03b
:100b7800edfeab68002bf3d01b68002bf0d00c4abd
:100b8800344602e0002c08bf0a460a496846013488
:100b98000ef0ccfca4b2ab68074a53f824300449e1
:100ba800002befd10120ee7516b070bd0020704704
:0c0bb800c80b0301cc0b0301c40b0301ac
:020000040000fa
:020000040103f6
:100bc4002c20000000000000257322257322000061
:100bd4005f73756200000000546f4164640000009c
:100be400416464696e670000546f52656672657390
:100bf4006800000052656672657368696e6700007c
:100c0400546f52656d6f76650000000052656d6f1c
:100c140076696e67000000005265676973746572d7
:0c0c24006564000052656d6f7665640029
:020000040000fa
:020000040103f6
:100c3000f0b51646128885b0fab105460c461f4637
:100c40003a46214628460df08dff0346c8b1172bc2
:100c5000294601a812d122880cf0b6fa034668b9d9
:100c60003288bdf80c30013a328022885bba0a33f0
:100c7000134423803388002be2d11723184605b094
:100c8000f0bd2288294601a80cf09efa03460028f0
:0c0c9000f4d13288013a3280f0e700bf56
:020000040000fa
:020000040103f6
:100c9c002de9f0430c4685b001460746914601a864
:100cac002288bdf8306098460cf088fa0546c8b921
:100cbc00bdf80c3021885bba9bb2b9f1ff0f03f180
:100ccc000a0305d0bdf8042052ba92b24a450dd1a0
:100cdc009e420bd833464246384610f067f92388bb
:100cec001e442680284605b0bde8f083172519441c
:0c0cfc002846218005b0bde8f08300bf51
:020000040000fa
:020000040103f6
:100d080070b5102204460d460ff0ecff28b3e868d2
:100d18006a68ab682968e06013486260a0f1280639
:100d2800a36021604ff48021002510f023fe4ff4ca
:100d3800807106f1280010f01dfe20462561faf7a3
:100d48001bfe294606f65450c6f8605d12f0defa1e
:100d5800c6f85c5dc6f8585d70bd4ff48021024846
:0c0d6800bde8704010f0d0b860c500205d
:020000040000fa
:020000040103f6
:100d74002de9f041dd1f062d2bd804461d46c3f195
:100d84000f030026904600f11007581ec4e90c31e9
:100d940026612a46414620746661a661e66104f133
:100da40011000ff0afff681c3146226b384411f07c
:100db400c1f90123e377e0182a4641460ff0a2ff68
:100dc400636f43f0010363672046bde8f041faf71f
:0c0dd4000fbb6ff00c00bde8f08100bf09
:020000040000fa
:020000040103f6
:100de00070b5002584b016461d605d609d6001aa47
:100df0001c46f4f72bff18b1a0f56a5004b070bd83
:100e0000314601a807f02cf910f12e0f0ed0a8b929
:100e10003378012bf2d12368052b00d083b96268a7
:100e2000084b002a18bf184604b070bd01a80899e5
:100e300012f0fef810b902233370dfe70248dde755
:0c0e40000048dbe780c5ffff80c3ffff18
:020000040000fa
:020000040103f6
:100e4c00f0b587b00e9c129e0d9fb44226d3109d18
:100e5c00a41bac4222d805686d7905f0f005802df5
:100e6c0007eb040c17d11d4613460a4611990c606a
:100e7c000f99cde902710c99cde904c6cde9005169
:100e8c002146406b04f010fd054b10f10f0f08bf0d
:100e9c00184607b0f0bd034807b0f0bd0248f8e7ac
:0c0eac00009dffff809fffff009fffffe5
:020000040000fa
:020000040103f6
:100eb80098b338b5436c012b05461bd1aa6d9ab17e
:100ec800e96d71b1002400bf04eb440312ebc300c9
:100ed80004f1010403d00ff029fdd5e91621a14240
:100ee800f2d8104611f038ff28466021bde8384096
:100ef80010f0debf0c300ef019ff05f114000ef0f3
:100f080015ff05f11c000ff011fd05f134000ef07e
:0c0f18000dff281d0ef00affd0e7704707
:020000040000fa
:020000040103f6
:100f24002de9f041054610460e46174611f036fbf2
:100f34002968041e08bf0124b1421ad38b1ba342a3
:100f440017d3091b29602246384610f09fff90b939
:100f5400b7f90430012b04d12b6893f90020002a3f
:100f64000bdb2246314628460223bde8f0410bf054
:100f7400a1bd6ff06b00bde8f0819a1b002af8dd7b
:0c0f84005a1e2a60013403f8010ceae751
:020000040000fa
:020000040103f6
:100f9000f0b401f1040c00252c460378303bdbb2a1
:100fa00004eb8402092b064603eb420200f1010028
:100fb000efb21ed806461cb985b99cb20135ece7e4
:100fc000022f94b2fad1ff2c08d801f8014b6145e9
:100fd00008d0304610f8013b2e2bdcd04ff0ff300c
:100fe000f0bc70473078003018bf01204042f0bca0
:0c0ff0007047ff2cf2d8002fe7d1efe78c
:020000040000fa
:020000040103f6
:100ffc0008b50368188800f44053b3f5005f1cd0a3
:10100c0010f4404f1ed041061cd410f4807f14bf46
:10101c0002220322b3f5005f00f4406115d0081cd6
:10102c0018bf012008b10232d2b28b12022b0fd0a2
:10103c00032b08d10832d2b205e000f44c42b2f5d1
:10104c004c4fddd1ff22104608bd04f0fdf9e9e755
:08105c000232d2b2f7e700bf37
:020000040000fa
:020000040103f6
:10106400f8b5074604f01cfa84b2ff2c1ed03d6884
:101074002e88b3051cd5384608f00efbb9880ee05f
:101084002a5d02f07f0213449cb2221891420ddbc8
:101094003b88c3f3c7137f2b0ad0914208d0a31c0b
:1010a4009bb21a188a4205eb0407e9ddff20f8bd5c
:1010b40006f44053b3f5005f04d006f00706032e90
:0810c40008bf0134e0b2f8bde1
:020000040000fa
:020000040103f6
:1010cc0070b50478e40720d54478651e012d05d948
:1010dc004588ae0846ea5506f60702d50524204693
:1010ec0070bd002a08bf4ff49672ff260362049b62
:1010fc00436242820674c36851b945f002054580cb
:10110c00436164b10024204670bd0d24204670bd9f
:10111c000b4045f0020545804361002cf2d1bc30f8
:08112c000df030fcdbe700bf11
:020000040000fa
:020000040103f6
:10113400012938b5044645681bd003f0f5fe626901
:1011440004f10c0393421ed06268aa4210d02168b5
:101154005418241a0a2c04d41846bde838400ff059
:10116400f3b801460a221846bde838400ff0ecb83f
:1011740038bdf0f70bfa606003f0d6fe626904f143
:101184000c039342e0d12060626801461846bde832
:0811940038400ff0d9b800bf8c
:020000040000fa
:020000040103f6
:10119c0003889b0600d470470b681b881a07fad586
:1011ac000b7fdb07f7d530b50c4683b005460df148
:1011bc00020120460ef028fa00b1fee79df802303d
:1011cc00082b01d003b030bd01a920460ef02cfa3b
:1011dc0000b1fee720460df1030109f0b7fa00b1aa
:1011ec00fee79df8032095f85c309a42ead1284638
:0811fc0001990ff08fffe5e7f8
:020000040000fa
:020000040103f6
:101204000378cbb170b40d88dc00e4b2013bb5fbcc
:10121400f4f204fb1252d2b2ddb2a5ebd20350fabf
:1012240083f302f007025b78012606fa02f2134008
:1012340004d1184670bc7047184670474b88b3fbfe
:10124400f4f204fb1234e4b2a5ebd40350fa83f0b5
:1012540004f00704437806fa04f4234214bf30462a
:08126400002070bc704700bfc0
:020000040000fa
:020000040103f6
:10126c0070b58ab04023602400948df807309388c1
:10127c005bba28335bba054606a80e46adf80430b7
:10128c000ff0fcff292306a928468df80630e8f755
:10129c004bfda8b10346006859689a68db6802ac3c
:1012ac000fc428466a463146fdf756f908b10ab014
:1012bc0070bd694630462822faf78afd0ab070bd27
:0812cc0014200ab070bd00bf40
:020000040000fa
:020000040103f6
:1012d4002de9f84390f89d7000f16d0808eb0716ae
:1012e400b04521d00d468146444602e01034a64262
:1012f4001ad01022294620460ff0f6fc0028f5d11a
:10130400a7b1013fffb208eb0718444589f89d7067
:101314000ad009eb071757f86d1f7a68bb68f8689d
:10132400e06021606260a360bde8f8830fcf2060b5
:081334006160a260e360ffdece
:020000040000fa
:020000040103f6
:10133c0030b54369164a95b00c46009203b9c3699f
:10134c00026912b1934228bf13461bba114d019387
:10135c002068029540f603530e226946adf80c3016
:10136c000bf03afe08b115b030bd04a904f10a0027
:10137c00f6f766fc0028f6d104a9402220680bf091
:10138c002bfe0028efd123890133238115b030bd0a
:08139c000019000100440201e8
:020000040000fa
:020000040103f6
:1013a40030b587b013460c88019200220290adf844
:1013b4001040adf81440adf812201a782e2a03d14b
:1013c4005a1c01925b78dbb90c46012502a8f9f797
:1013d40017fe60b1172808d125b1019b1b78002b9b
:1013e40008bf0020bdf81230238007b030bd002da7
:1013f400ecd0024601a902a802f04afb0546e5e743
:08140400072007b030bd00bf56
:020000040000fa
:020000040103f6
:10140c0030b5036887b023b118460df093fb07b0d5
:10141c0030bd456805b30289adf810200c46adf817
:10142c0014200295adf8123002a8f9f7e5fd60b171
:10143c001728ecd10023204601220df107018df86d
:10144c0007300bf0c9fd07b030bd214602a80bf0e8
:10145c00bdf80028e8d0dae70846012202a98df889
:08146c0008500bf0b9fdd2e7b6
:020000040000fa
:020000040103f6
:10147400d0f8fc305bb3f0b589b0164b0193164637
:101484000f4600f16c0400f1fc0500bf94f8223013
:10149400013b012b05d92434ac42f7d1002009b01b
:1014a400f0bd238cb342f6d120686168a268e3687a
:1014b4000df1080cace80f0000231c2201a93846ea
:1014c400cde906330bf08cfd0028e4d0e7e70220d9
:0814d400704700bf000500187d
:020000040000fa
:020000040103f6
:1014dc0010b503785a0604460ad4db090cd14378bc
:1014ec00022b19d004f5ce70bde8104010f04abaaa
:1014fc0010480ff0ebfd38b94ff47a7104f5ce704b
:10150c00bde810400bf0fabc0a480ef0f9ff00f5ec
:10151c007a710029e6d0f1e7c3781b07e2d5c069e0
:10152c004ff47a7101fb00f1a1f57a610029d9d051
:08153c00e4e700bf1ccf002012
:020000040000fa
:020000040103f6
:1015440070b58ab0002105462622684610f0f2fde7
:10155400002114480ff02afe38b1002106460cf091
:10156400d3fa20b1304610f02ffa0ab070bdd5f886
:10157400c801d5f8cc11d5f8d021d5f8d4316c46b2
:101584000fc42a8a05f5d47120460cf09dfc6a46e6
:101594003b2331460348e8f719fe0028e2d10ab09c
:0815a40070bd00bf94c50020da
:020000040000fa
:020000040103f6
:1015ac002de9f0410f46072114461e468046faf7f6
:1015bc002ffe18b3224633460d21054602f0d8f80b
:1015cc00044628b1284610f0fbf92046bde8f0810e
:1015dc0028460ff08ffe04460028f3d139462846e2
:1015ec00f3f7eefb04460028ecd198f803301b0708
:1015fc00ebd40821034804f04bfee6e70324204615
:08160c00bde8f08120d20020ae
:020000040000fa
:020000040103f6
:1016140010b503785a0684b0044619d4db0911d0f6
:10162400837a032b23d8684604f140010cf038fc7c
:101634006946204604f0eefe10b9a37a0133a37282
:1016440004b010bd4378022bfad1c3781b07f7d539
:10165400637a032b0ad800212046e6f739f90028db
:10166400eed1637a0133637204b010bd204604f0f6
:0816740057f804b010bd00bfdf
:020000040000fa
:020000040103f6
:10167c0038b504468069f0b10279d50721d50d46fd
:10168c0001bbe18a42898a4223d843b10179802285
:10169c0003f12800c1f3c0010cf0eefca069014677
:1016ac002a462046f9f738fda1690b79db0702d4ed
:1016bc0020460ef049f904f13800bde838400df031
:1016cc0061b9fee76ff3c3020271a0694189e1823f
:0816dc00d8e711f0edf8eee78c
:020000040000fa
:020000040103f6
:1016e4002de9f04186b000230f2a8df814301dd85f
:1016f4004cf60104d440e44314f0010416d190f8ec
:10170400343064f3c30380f834309b070bd58b88e3
:101714000f46054616460df10c0843b942463146bc
:101724002846fff7a9ff06b0bde8f081fee7414671
:10173400384605f0f7fa43460094394632462846bf
:08174400fcf770fc0346e9e725
:020000040000fa
:020000040103f6
:10174c0090f8a83003b1704710b5012104460f483a
:10175c0010f086f90e480cf067fc012384f8a830d1
:10176c00204605f0affc0b480df074fa0a4811f056
:10177c0013fa0a480ef042ff09480ef077ff4ff0bb
:10178c0080710848bde8104010f0f2b81ccf002062
:10179c00d0d1002040d2002010c700202cc900203e
:0817ac00b4cd002060c500204f
:020000040000fa
:020000040103f6
:1017b40038b590f90240002c19dbd0f8034024ba64
:1017c400a14201d0002038bdc17900f108051446ba
:1017d400b3b1012bf6d113798b42f3d10a462846d3
:1017e40021680ff081fab0fa80f0400938bd4af65a
:1017f400aa74a142e6d1051dc1781446002be8d194
:1018040012799142ded3294620680ff06dfab0fabe
:0818140080f0400938bd00bf5f
:020000040000fa
:020000040103f6
:10181c00f0b5846b85b001a804f523740e46174609
:10182c0011f086fa204611f09dfc0022014601a819
:10183c0001f0faf9054628b101a807f079fc284611
:10184c0005b0f0bd214601a80af0e8f905460028cc
:10185c00f2d1314601a80ff01df905460028ebd155
:10186c00204611f07ffc11f079fc386001a807f0dc
:08187c005ffc284605b0f0bd39
:020000040000fa
:020000040103f6
:101884002de9f041b1f90450948814fb05f403fbed
:1018940004f3002b044620da0f4638461146164658
:1018a400f3f732f8b0f100080cdb32463946204633
:1018b400f2f736f920b9b8f1000f08bf0125a58069
:1018c400bde8f0813a4631462046f2f729f900286e
:1018d400f6d16d42a580bde8f081f4f74dfc0028f7
:0818e400eed1a580bde8f08102
:020000040000fa
:020000040103f6
:1018ec002de9f843dde90867994604460d46904614
:1018fc000a46002110f01afc4a46414620460ff0d9
:10190c00fdf9e81b032f20441bd90423051f00e01d
:10191c002346f218e95852f8042c1c1d4a40a742e1
:10192c00ea50f5d29f420ad91e44074403441a7860
:10193c0016f8011b4a4003f8012b9f42f7d1bde872
:08194c00f8830023eee700bf61
:020000040000fa
:020000040103f6
:1019540070b54ff0864402204ff2400320600d46dc
:101964001b68134913481646984728b14ff086431d
:1019740000221a60012070bd4ff2600229463346ee
:1019840015680c481022a8470028efd14ff26403d1
:1019940008481b68984705460028e7d14ff27003b2
:1019a40004481b6898470030256018bf012070bdab
:0819b40020070020440600207a
:020000040000fa
:020000040103f6
:1019bc0038b5124d124c4ff40062ff21284610f03e
:1019cc00b5fb104b1049114a596000204ff0807143
:1019dc0019609a6020700e490e4802f54a02d33203
:1019ec00c3e903015a61e8f727fe95f83432ff2b5f
:1019fc0002d023780133237038bd00bf18080020b3
:101a0c0019010120a8fe002000022802340247021e
:081a1c00ef0203036b026f02ed
:020000040000fa
:020000040103f6
:101a240030b5054683b039b101290ad000230360db
:101a34004ff0ff3003b030bd012b0dd9084603b081
:101a440030bd104619460ff017f902462860101ce5
:101a540018bf012003b030bd032201200c460193be
:101a640010f0e6fa024628600028f0d0019b012b12
:101a7400edd1234622462146ebf7acf9a0f1010053
:081a8400b0fa80f04009d5e73b
:020000040000fa
:020000040103f6
:101a8c00154b16491a6810b542f47f021a601a6891
:101a9c00002442f07f4282b01a600c6004f016ff02
:101aac000f4b1c6010f0acfa0e4a136843f0404325
:101abc0013600cf0fdfcfaf7bbf801944ff0200317
:101acc0083f31188bff36f8fbff34f8f019b002bf4
:101adc00fcd0002002b010bd20ed00e01ced00e0b9
:081aec00b401012034ef00e019
:020000040000fa
:020000040103f6
:101af400436870b5a1f1080423b151f8082ca51866
:101b0400ab4203d941f8043c446070bd05d11d6863
:101b14005b682a4441f8082cf4e704305e6826b177
:101b2400b54202d2181d3346f8e7b54202bf2e680b
:101b34006d685d6003681d6808bf92195e19b44240
:101b44001fbf5b6841f8043c036841f8082c06bfda
:081b540052191a605c60d8e729
:020000040000fa
:020000040103f6
:101b5c0070b50025056004460e4610f083fb224646
:101b6c00104ba08042f8083f23460f49c4e90424d7
:101b7c00c4e90655c4e9085543f8281f04f12400ac
:101b8c000a4a2363606362643146c4e90e552564d6
:101b9c00c4e91255234604f15000054a0ff01afb14
:101bac00204670bd112f0401192f0401f1210401ed
:041bbc00f1320401fd
:020000040000fa
:020000040103f6
:101bc000036a70b504460d4616468bb139b11ab991
:101bd000426a31462846984723889b060dd43246f0
:101be000294620460ff090faa37c9a0712d570bdc3
:101bf00003889806f3d50029f1d0eb7d9907eed53f
:101c00002a7d94f85c309a42e9d1296920460ff088
:101c100087fae4e73246294604f11c00bde870402b
:041c200010f09abe68
:020000040000fa
:020000040103f6
:101c240070b5044686b008680d460ef015fd00bb7d
:101c3400637813494ff40002db09cde9001203aec7
:101c4400616918d1a26930460ff086ffbdf80e40d5
:101c5400286864ba0434a4b263ba0a226946adf8a7
:101c640008300bf0bdf920b92246314628680bf044
:101c7400b7f906b070bda161304610f0c7fbe5e7c7
:041c8400002904f837
:020000040000fa
:020000040103f6
:101c88002de9f041002407460e46a44603e0b8f1ca
:101c98002e0f0cd00134a3b207eb0c0017f8038009
:101ca8003246a4eb0c011d46b8f1000fefd111f03c
:101cb800ff010dd0fd2d12d807f0aefe013528b971
:101cc8001ffa85fcb8f1000fe4d10020bde8f081cf
:101cd800b8f1000ff9d015b97b78002bf5d00720a3
:041ce800bde8f081e2
:020000040000fa
:020000040103f6
:101cec00ff020000000000000000000000000001e6
:101cfc00281d0301ff03000000000000000000008d
:101d0c0000000002ec1c0301ff02000000000000b8
:101d1c000000000000000002001d0301ff03000092
:101d2c000000000000000000000000013c1d030149
:101d3c00ff0300000000000000000000000000fc99
:041d4c000000000093
:020000040000fa
:020000040103f6
:101d500070b500f5d4740546082220460e460ef0f4
:101d6000c5ff00b970bd30687168234603c30f48d2
:101d7000f8f78eff214605f5e47010f09bfe214632
:101d800005f5f07010f096fe214605f5fc70402236
:101d900010f05efb214605f50370402210f058fb61
:101da00010210348bde870400ff0e8bd64c6002074
:041db00060c50020ea
:020000040000fa
:020000040103f6
:101db4002de9f041adf5027d002405460e46174697
:101dc4009846009401aa694628460ef041fd04464f
:101dd400c8b9029bb342f5d13b799df80c209a42d5
:101de400f0d10df10d0138680ef07eff0028e9d125
:101df4009df80a3103f001034345e3d1889a9df825
:101e04000430137000e0172420460df5027dbde870
:041e1400f08100bf9a
:020000040000fa
:020000040103f6
:101e180030b491f90230164a002bb2f8160d01f1d0
:101e280002051fdbcb7906224c781344dab2023460
:101e3800ab180c44a34213d2aa5c5210062a15d13f
:101e480042ba92b203e01878401006280dd15a80a1
:101e58005c78487802340230084423448342f2d341
:101e680030bc7047cb780222dee7fee7fde700bf13
:041e780038c5002049
:020000040000fa
:020000040103f6
:101e7c0070b508460c4615460df066fa00b970bdf3
:101e8c00214611480df090fa04460028f7d008239b
:101e9c000e4a032101f06cfc20b12046bde87040d5
:101eac000ff08ebd0a4e0221b6f8162d20460ef00c
:101ebc00c9ff0028f1d12a4606f5ec7021460df039
:101ecc0093fa0028e9d170bd10c7002010d400206f
:041edc0038c50020e5
:020000040000fa
:020000040103f6
:101ee00070b5164682b008466a46194606f10805de
:101ef000069c09f0dffc6846294608220ef0f6fe33
:101f000028b9238843f03003238002b070bd2846ef
:101f10000ef0cefb238850b143f020032380f189db
:101f2000079849ba89b20bf0a1fd02b070bd43f029
:101f3000100329462380082207980bf0bffd02b04a
:041f400070bd00bfb1
:020000040000fa
:020000040103f6
:101f440070b5164682b008466a46194606f1080579
:101f5400069c09f0adfc6846294608220ef0c4fe32
:101f640028b9238843f00303238002b070bd2846b8
:101f74000ef09cfb238850b143f002032380f189c7
:101f8400079849ba89b20bf06ffd02b070bd43f0f7
:101f9400010329462380082207980bf08dfd02b027
:041fa40070bd00bf4d
:020000040000fa
:020000040103f6
:101fa80030b58bb0002104462622684610f0c0f8f0
:101fb8004ff2bf0319211248adf822300ef06ef926
:101fc80038b1216905460df0b1fb20b128460ff064
:101fd800f9fc0bb030bda28a012128460ef034ff6f
:101fe8000028f3d1214668460bf0dcf96a462946f9
:101ff80003480df0fbf90028e8d10bb030bd00bf55
:0420080010c70020dd
:020000040000fa
:020000040103f6
:10200c00f0b587b0dde90fc50e9c129f119e04eb55
:10201c00070eae451fd805686d7905f0f005802dcb
:10202c000ceb040e15d11d4613460a460d9934606f
:10203c0002910c99cdf80cc0cde90051cde904e723
:10204c002146406b0bf0eef933683b44336007b02c
:10205c00f0bd0248f8e70248f9e700bf809fffff98
:04206c00009fffffd3
:020000040000fa
:020000040103f6
:102070002de9f047877882b0012fdde90ace25d11e
:10208000046c90f800800cb300f16c090c46071d3d
:1020900001464ff0000a1e461546cdf800e06346a3
:1020a000384664314a46cdf804a009f0b9fc10b1b5
:1020b00002b0bde8f0872346424649463846cde99e
:1020c0000a5602b0bde8f04709f0f8bc0048efe757
:0420d00080b0ffffde
:020000040000fa
:020000040103f6
:1020d4002de9f043c46983b0dde90a7814b3446a96
:1020e40004b315461e4600f1340289460446cdf871
:1020f40000803b460121284606f0beff10f10e0f7a
:102104000cd060b977b14b462a4631462046cde91a
:102114000a7803b0bde8f043def736bb034803b0ea
:10212400bde8f083024803b0bde8f08300b3ffffcd
:0421340080b0ffff79
:020000040000fa
:020000040103f6
:102138002de9f0410d460146284617469846f9f71d
:10214800c5f80446b0b9eb6905f16006abb16b6a36
:102158009bb14246394630460bf000fa044668b94e
:10216800eb698bb16b6a7bb1284631460af010fceb
:10217800044618b92046bde8f081044c30460df0fd
:10218800d5fd2046bde8f081014cf7e780b1ffff9f
:0421980080b0ffff15
:020000040000fa
:020000040103f6
:10219c00f0b404680b1b002b26dd25782e0609d421
:1021ac00661c066023781360891b99421cd300209f
:1021bc00f0bc704705f07f0c0cf1ff35032d16d8e1
:1021cc00634511dd661c00230cf1010713603546d5
:1021dc0006603c4415f8017b47ea0323a5421360d3
:1021ec000560f7d16644dfe76ff05f00e0e76ff062
:0421fc006300dde7b8
:020000040000fa
:020000040103f6
:10220000836943b3d0f8d02010b5044652b91ee01c
:10221000d4f8d0208242a2eb00021ad3c4f8d02016
:1022200042b1a369d4f8b810606a891a98470028a7
:10223000eedc10bd2268d4f8b0305279216c012a4e
:1022400018bf0833c4f8b830204606f037ff002026
:1022500010bd024810bd0248704700bf0094ffff48
:04226000008fffffed
:020000040000fa
:020000040103f6
:1022640010b54ff08844134b134a0021c4f8b01042
:10227400c4f8b020c4f8b030f0f7c8fc236813f4f5
:10228400404f03d0236823f4404323604ff0884237
:102294000a4b4ff0805191641a68094942f4004294
:1022a4001a601a6842f400421a600b6843f0100383
:1022b4000b6010bdaa996655556699aa0010014293
:0422c400000a0044c8
:020000040000fa
:020000040103f6
:0822c8000a460021fbf7e2bf0a
:020000040000fa
:020000040103f6
:1022d000eff30980bff36f8f154b1a681ef0100fd4
:1022e00008bf20ed108a20e9f04f10602de90900a9
:1022f0004ff0200080f31188bff34f8fbff36f8f33
:10230000f9f79cfc4ff0000080f3118809bc1968b4
:102310000868b0e8f04f1ef0100f08bfb0ec108a4c
:1023200080f30988bff36f8f704700bfaff3008061
:042330008800012000
:020000040000fa
:020000040103f6
:102334002de9f041804692b00d4668464146164666
:1023440017270cf003fa02e0684607f069f9009ccd
:1023540002aa40232046bcb16189403989b20ef0fb
:1023640029fe0b9bab42efd10c9bb342ecd121462f
:10237400404608f05dff0b9c00220b2311460cb174
:102384000c98a0470027dfe7384612b0bde8f0817b
:020000040000fa
:020000040103f6
:1023940070b5064608460c461546f7f763fd58b176
:1023a4002b78ff2b07d004f1310323f001031b78b2
:1023b40013f0300f13d070bd04f1310323f0010387
:1023c4002a465b78013b032b2146304603d8bde8ff
:1023d4007040e2f7d7babde87040e2f707bd2b467c
:1023e400224630460321bde87040fdf75dba00bfc8
:020000040000fa
:020000040103f6
:1023f4002de9f04184b00df10e0016460090bdf8b1
:1024040028501248adf80e5000220f469846fcf7ab
:10241400cfff18b9bdf80e30ab420ad02b46324676
:1024240039460a4810f0e8ff0446204604b0bde8e7
:10243400f081044641462a4630460ef055fc0028f9
:10244400ecd1204604b0bde8f08100bf38c50020bf
:020000040000fa
:020000040103f6
:1024540070b588b00d46adf80e30114605ab044694
:102464000df10e0228469df83060faf7f1ffbdf831
:102474001830dbb1d4e956121a448a4205d9fee772
:10248400d4e956121a448a42f9d8059a009611469c
:102494002046ecf797f905aa0df10e0128460ff036
:1024a4000dffbdf818201346002ae9d108b070bd0d
:020000040000fa
:020000040103f6
:1024b40070b50478e4071cd54478651e012d05d950
:1024c4004588ae0846ea5506f60702d50524204697
:1024d40070bdff260362049b436242820674c36894
:1024e40051b945f004054580436164b10024204698
:1024f40070bd0d24204670bd0b4045f00405458099
:102504004361002cf2d1bc300cf040fadfe700bf8d
:020000040000fa
:020000040103f6
:102514001f291fd838b5c368cb40db071cd5837a85
:102524008b4204461ad0817210484ff480410ff058
:1025340023fa25780020c5f34015a4f85c0145b9b9
:10254400a37ae3722046fbf757ff204602f050f9c6
:10255400284638bd07207047072038bd4ff4804116
:1025640002480ef0d3fc002038bd00bf60c5002037
:020000040000fa
:020000040103f6
:1025740038b5438a03f0fc0343f4fe43002543f0db
:1025840001036ff0011204464382c0f8062045801f
:102594000571c0f80a50c0f80e5080f85d504561ce
:1025a400283010f0c5f904f1380010f0c1f904f135
:1025b400480010f0bdf904f16000a56584f85c5092
:1025c4000ff0f8f92046bde838400ef08fbd00bf8b
:020000040000fa
:020000040103f6
:1025d4008378032b00d0704710b503888169db062c
:1025e40004460cd50423a3700f4810f085fa0d2877
:1025f40001d018b910bda26953695bb9fee78979a6
:102604000a4809f091fb00b1fee7a378a169042b05
:10261400ead0e7e700235361a26903481361a16983
:1026240010f06afae5e700bf4ac5002038c500206b
:020000040000fa
:020000040103f6
:1026340038b50446103010f0e1f904f1080010f048
:10264400ddf963780f486ff300032546637015f8ce
:10265400181b0cf0fdfe28460ff098f92378012b87
:102664000ad0002b08480cbf4ff080514ff00051a6
:10267400bde838400ff080b904480ff087f923789b
:10268400efe700bf8cc5002060c5002058ce0020b5
:020000040000fa
:020000040103f6
:1026940000b58378012b83b00bd0d3b1032b18d8aa
:1026a40000f5e47100f51c7003b05df804ebfbf772
:1026b4001bbfb0f8c2350093d0f8bc35b0f8c025c4
:1026c400d0f8b81500f5e470f3f7f8fc03b05df842
:1026d40004fb044904480cf0ebfe044803b05df825
:1026e40004fb00bf506e0301046e0301008fffff63
:020000040000fa
:020000040103f6
:1026f40070b5b2f5af6fadf5af6d24d88b79c3f378
:10270400030313f0ff0f14460d4618bfc3700646ab
:1027140023466a460021284604f0bcfa224669464c
:1027240006f1c800fcf7ecf9e5f792fa044618b193
:1027340020460df5af6d70bd28460ff045f92046d3
:102744000df5af6d70bd032420460df5af6d70bd62
:020000040000fa
:020000040103f6
:10275400002370b4024600f18c051e4609e0d170d6
:1027640021b1116840f82310012633440432aa42ef
:1027740004d0d478611ec9b2002cf0d1222b0ddc18
:1027840000eb8303da784ab18830002101e0da787b
:1027940022b18342d97003f10403f8d10eb170bca5
:1027a40070470821014870bc0ef098bb7cc500201e
:020000040000fa
:020000040103f6
:1027b40070b54369154c84b00e460194144603b9b0
:1027c400c369026912b1934228bf13461bba4ff47e
:1027d4008055002221460293adf80c5007f000f911
:1027e40008b104b070bd0a2201a920680af0f8fb00
:1027f4000028f6d13146102220680af0f1fb0028a7
:10280400efd123890133238104b070bd001c000182
:020000040000fa
:020000040103f6
:1028140038b54b070c46054623d414f4047f1cd169
:1028240014f0130f18d095f87930abb12846f8f7a7
:1028340099f988b195f87a301a1f012a07d9072b1c
:1028440012d013f0fd0f1cbf022385f87a302846fe
:10285400bde83840f1f73cba38bd2846e8f76efdcc
:10286400dee708f0abf8d8e7002385f87a30eee726
:020000040000fa
:020000040103f6
:10287400d0f8fc304bb370b500f16c0384b000f1b8
:10288400fc06002493f8225035b1032d04d01d8c8e
:10289400954204bf0134e4b22433b342f2d1c4eb11
:1028a400c4039b000c335bba002408464ff4407504
:1028b40010226946adf80230adf80050cde901446c
:1028c40003940af08dfb04b070bd0220704700bf72
:020000040000fa
:020000040103f6
:1028d40000b585b00846102311466a460ef06afb1f
:1028e400f0b9bdf804305bba9bb2012b0fd0bdf830
:1028f4000220b2f5406f17d1032b15d1bdf8063075
:10290400b3f5d85f18bf062005b05df804fbbdf829
:102914000630b3f5807f18bf062005b05df804fbd0
:10292400002005b05df804fb062005b05df804fb4b
:020000040000fa
:020000040103f6
:1029340010b5437882b00022022b019201d0437972
:1029440013b1002002b010bd04460f480cf0c0fec5
:1029540010b9e3789b07f4d401a90b4802f018fee0
:1029640018b10a4bd3f8f039019301a807f02afff4
:102974004ff4af630130b3fbf0f0502838bf502060
:10298400a082012002b010bd00ce002038c5002076
:020000040000fa
:020000040103f6
:1029940030b5144683b0b1b101aa07f011f908b3f8
:1029a400c278011d20460ff041fd019a937803f08f
:1029b4000f036374937800200122c3f30013a374fc
:1029c400e27403b030bd0d462046402207490ff0a3
:1029d4002dfd4ff4807201232846a4f81120e374de
:1029e40003b030bd172003b030bd00bfe8d30020d2
:020000040000fa
:020000040103f6
:1029f40070b514464ff48052628014480e461d464a
:102a04000ef068fb70b125b1102128460df0c6fc0c
:102a140048b994f821304ff4005243f0020384f88b
:102a2400213062807db16b89b3fa83f35b0994f83a
:102a3400212063f3820284f8212031462046bde838
:102a44007040e0f7e1bc0123f1e700bf1ccf002098
:020000040000fa
:020000040103f6
:102a540070b4dcb2012c23d805680db3ec79a60759
:102a640018d5c4f38404104e4260012b037256f847
:102a74002440406b0bd06b7903f0f005302d06d069
:102a840003f0e003402b02d0e36870bc1847a3684e
:102a940070bc18476e7906f00f06b2eb861fe0d0c3
:102aa400024870bc704700bf90010120009fffffe7
:020000040000fa
:020000040103f6
:102ab40070b5836b0446006b1e7820b10bf034fcb8
:102ac400206b10f04bf92168636b4d6a236300227d
:102ad40062630db1da689ab94b79012b0ad1a36b01
:102ae400d3f86c3233b1002120460ff05ffd1b2375
:102af400636070bd20460af01dfd1b23636070bd3a
:102b0400002ee9d1886a03f11001a8472168e3e7a0
:020000040000fa
:020000040103f6
:102b1400f0b589b00d461646044609f09df810bb81
:102b24002946042220460cf025fae0b9dde90e120c
:102b340020460cf01ffab0b92046694600f0a8f808
:102b4400074680b96c460fcc356828606960aa6076
:102b5400eb6007cc28616961aa6133681c33336078
:102b6400384609b0f0bd014ffae700bf0094fffffb
:020000040000fa
:020000040103f6
:102b74002de9f04184b0064602a80d461746984652
:102b840010f0c2f802a8012107f090fa044630b10f
:102b940002a80df0cdf8204604b0bde8f08102abe8
:102ba4000093cdf804803b4602aa294630460df036
:102bb40013ff04460028ebd10a9b019302ab009358
:102bc40030462b46294602aa0df006ff0446dfe7ed
:020000040000fa
:020000040103f6
:102bd400f8b5d0f85831044613f4006012d0164604
:102be4000f4604f5b47403e0042d0cd0e468d4b1aa
:102bf4006568b542f8d132463946a0680ef074f8db
:102c04000028f1d1f8bda3681a78552aeed113f83b
:102c1400012f1d2aead113f8012f252ae6d158786d
:102c24000028efd0e2e70148f8bd00bf00d8ffff5d
:020000040000fa
:020000040103f6
:102c340038b331b30b7870b5082b16464ff0000249
:102c440004460d460160c0e9012201d0092b0ad1d6
:102c54006c21012010f07cf8606080b110f07efae5
:102c64001eb9002070bd084870bda978022010f07c
:102c74006ff8a0600028f4d1204606f05dfa0348fe
:102c840070bd0148704700bf00afffff80aeffff7b
:020000040000fa
:020000040103f6
:102c940040b3026832b3f0b5866889b026b30d46f6
:102ca4006946044697780df0f9fe08b109b0f0bd05
:102cb40020460bf075fb0028f8d12368f1199a78a7
:102cc40020460df0ddfe0028f0d1236869465a78cd
:102cd40020460df0d5fe0028e8d1294620460df007
:102ce400ddfee3e7014870470048dfe700afffff80
:020000040000fa
:020000040103f6
:102cf4002de9f04712f0030418bf012404eb9204f9
:102d04004fea84098c42a9eb020a1dd815460e46e7
:102d140052460021074698460ff00cfa321b9200e7
:102d2400002107eb09000ff005fa2a4607eb0a0118
:102d34000898c047054620b91cb1214638460cf016
:102d44002bf92846bde8f0876ff00305f9e700bfcb
:020000040000fa
:020000040103f6
:102d5400f0b507460e4692e8030095b003ac84e84c
:102d640003000025204602950ff0bcff023802281c
:102d740094bf049828464123cde90043002202abc6
:102d840000f16801f3f73cf960b93868b0420bd33d
:102d9400029a861b964207d3801a386021460df0aa
:102da400b1ff029815b0f0bd6ff06b00fae700bff9
:020000040000fa
:020000040103f6
:102db4002de97848154c63689b690646984760611d
:102dc40063692569ab4298bf03f580335d1b2846d0
:102dd40004f070fc10f022fbd4e90abc1beb0502e2
:102de4004cf10003c4e90a2310f01afb3046f6f74d
:102df4009dff08b9bde8788810f010fb0446f8f789
:102e04008ffe2046bde8784810f00abb60fd002024
:020000040000fa
:020000040103f6
:102e140010b5154c2078c2b078b101280bd1201d13
:102e240001a94ff0ff320ff095f820b19df804305e
:102e340073b1022b13d042b010bd0c4909f0cafe85
:102e440005f02cfb0df0f4f80123237042b010bd03
:102e54009df805000df106010df0daf8ebe79df899
:102e6400060009f0e7fee6e77410002034e50301ec
:020000040000fa
:020000040103f6
:102e740007b50920dff7acfa124b0c221a70802137
:102e840000230722152009f0d1f80f4b1b78dbb281
:102e94008df807309df80730c3f380138df80730a1
:102ea4009df80730012b04d103b05df804ebfaf769
:102eb400cfbd064b092200201a7003b05df804eb65
:102ec4000df070b90e000141010001419c10002079
:020000040000fa
:020000040103f6
:102ed40091f800c0f0b4bcf1000f24d00678f6b12c
:102ee400b4450346074606d04678c6b1581cb445d7
:102ef40003460746f8d14a7872b146789642f4d12f
:102f0400013004464a1c03e014f8015f9d42e7d1f6
:102f140012f8013f002bf7d13846f0bc7047374612
:102f24003846f0bc704707463846f0bc704700bfcf
:020000040000fa
:020000040103f6
:102f3400c9b2f8b50446f1b103469a0718461ed142
:102f44004ff001354d431e4656f8044b84ea0507fd
:102f5400a4f10132a7f1013022ea040220ea0700b9
:102f6400024312f0803f11d0184613f8012b2ab106
:102f74008a42f9d102e00ef019fc2044f8bd13f89e
:102f8400012b002afad08a42d7d1f7e73346dae791
:020000040000fa
:020000040103f6
:102f940037b5154d2b68044673b10df0b9f801909f
:102fa40001a80ef032fc0f30019920f00f000ef052
:102fb40009fc60b100232b60002c08bf01240f34ee
:102fc40034f00f0405d1094b0c221a60204603b0db
:102fd40030bd042c38bf04242046faf7b5f9002884
:102fe400f5d040f8044cf2e7c401012000010120af
:020000040000fa
:020000040103f6
:102ff400f0b59bb004460d46164600214c2207a8a6
:103004001f460ff097f84ff0ff33029303f20313b8
:10301400039304b901accde9044555b16a1e002df2
:10302400069208da094b4f221a604ff0ff301bb0aa
:10303400f0bd2a46f3e71cbf002323703a4631460d
:1030440002a8cde907440df079fef0e70001012064
:020000040000fa
:020000040103f6
:1030540073b50c461546064608b1dff7a5f92246b6
:10306400286012f8011bff291dd02b1d30460df0de
:103074002ff80246104610f8013b2b75ff2b14d095
:1030840010232b7501a90df013f8019b0344eb6089
:1030940010f8013b6b7501a90df00af8019b03447c
:0e30a4002b6102b070bd6860e4e70023efe727
:020000040000fa
:020000040103f6
:0230b200704765
:020000040000fa
:020000040103f6
:1030b40038b5436900f10c059d4209d0104a114b03
:1030c400d2f8242d41689a4203d90f4b99420bd070
:1030d40038bd4ff47a7303fb02f3b3f57a6f88bffc
:1030e400a3f57a639942f3d1044601f01dff6268a7
:1030f400206001462846bde838400df025b900bfe0
:0c31040038c500209ac42000d8edff7fe1
:020000040000fa
:020000040103f6
:1031100070b53c220e46044600210ff00df83146f2
:10312000204606f09bfc90b9a379112b054605d0eb
:103130003a2b03d0062b0dd0284670bd04f128028f
:103140003046082328210df037ff0028f4d006254b
:10315000284670bd04f128023046142328210df0c2
:0c3160002bff0028f3d1284670bd00bff3
:020000040000fa
:020000040103f6
:10316c0038b50a8c048a944209d10b78ff2b05469a
:10317c000c4606d16b8cabb1628c9a420dd0002000
:10318c0038bd0df09dfa0028f4d1102221462846b6
:10319c000df0a6fd0028edd0f1e7123528460df014
:1031ac008ffa08b1012038bd04f110012846102215
:0c31bc000df096fdb0fa80f0400938bd1f
:020000040000fa
:020000040103f6
:1031c80030b5042383b00c460546898920460debab
:1031d80003020df0edfe08b103b030bd0421204616
:1031e8000df0dafe9df80430072bf5d19df8052087
:1031f80095f864309a42efd19df8062095f865302d
:103208009a42e9d19df8072095f866309a42e3d1b1
:0c32180021462846f3f72efedee700bf3b
:020000040000fa
:020000040103f6
:1032240038b5437c827c0446c1f3403060f38203aa
:10323400c1f3003060f3c303c1f3c02060f304138f
:10324400c1f38020c1f3402560f34513c1f3c010de
:1032540065f3861360f34102c1f30025c1f38010c6
:1032640065f3c71360f382026374a274880b0ef0d3
:0c327400ddff637c60f30103637438bd70
:020000040000fa
:020000040103f6
:1032800070b5144cb4f8165d064604f69c7006f052
:1032900011fd2a4604f69c7104f58550fbf768ff82
:1032a00060b9b18ba94202d14ff6fe71b1830a4acf
:1032b0003046f4f71ffc00b9b58370bd2a4604f50b
:1032c000855104f69c70fbf753ff0028e9d01720c6
:0c32d00070bd00bf38c50020d4d4002021
:020000040000fa
:020000040103f6
:1032dc00f0b583b0064668460df02cfe124f06f191
:1032ec00140406f19405a37c9b070dd5e3695bb12f
:1032fc00009ad21a002a214638460fdb07f0aefba3
:10330c00a37c6ff34103a3742034ac42ebd1694628
:10331c0006f108000ef040fb03b0f0bd68461946fc
:0c332c000bf0fafaf0e700bf64c60020c6
:020000040000fa
:020000040103f6
:103338002de9f0478ab0dde91256149f04469146fc
:10334800984604a88a460df0fffa2046cde90167a1
:1033580000954b46424604a90df012fb044630b1d5
:1033680004a80ff06dfe20460ab0bde8f08704a857
:103378000ef0ccfc28b9504604a9f6f739fc0446ef
:0c338800eee7014cece700bf80b0ffff57
:020000040000fa
:020000040103f6
:10339400f8b50368cf1a002f21dd1f78032f1bd146
:1033a4000133036004460e46fef7f6fe98b913682f
:1033b400abb11546591e2268296012782a71072a72
:1033c40010d822681344b34202f10102aa6018bf64
:1033d4006ff065002360f8bd6ff06100f8bd6ff019
:0c33e4005f00f8bd6ff06300f8bd00bf93
:020000040000fa
:020000040103f6
:1033f00030b5054683b008460c460ff075fc023820
:10340000c0b2022803d94ff0ff3003b030bd94e8ba
:1034100003006b4683e8030018460ff065fc023892
:1034200002280fd8019b1b78002becd029680122c1
:10343000013b02fa03f30b420cbf4ff0ff300020b8
:0c34400003b030bd00231b78ffde00bf8e
:020000040000fa
:020000040103f6
:10344c0038b504460d460068e188fbf773ffe18848
:10345c002844b0eb411f0bd910f01f0318bf0123f8
:10346c0003eb501342f21072934214d8994205d3d5
:10347c0020682a46faf728fa002038bd194620465b
:10348c0007f0c8fc0028f8d12068e1882a46faf732
:0c349c001bfa0020f1e76ff00f0038bdb4
:020000040000fa
:020000040103f6
:1034a80070b58569c0f8381184b000211e460446fd
:1034b800c0f83c210369cde90011cde902119db99d
:1034c80020228b42826116db1d466946802204f168
:1034d8002000e4f7dbfa28b92b4631462046089a43
:1034e800f1f7ecff04b070bd002bedda172d02d810
:0c34f80001356d08e9e70025e7e700bf9b
:020000040000fa
:020000040103f6
:1035040010b5124c237882b083428df8070017d08f
:10351400a0f10b030f2b13d801460d480ff0eafc62
:103524000cf0d6fc0df107010020dff723fe094b58
:103534001b7813b9084b1b7823b99df80730237007
:1035440002b010bd0ef012f8f7e700bfcf01012062
:0c35540088150401130101201101012061
:020000040000fa
:020000040103f6
:1035600007b50ef03df9114b1b7801219940013947
:10357000084010f0ff0013d00022cde9002200eb3c
:10358000800081010a480b4b0078f9f733f90a4ba8
:10359000072209201a7003b05df804ebdef71abfaa
:1035a00003b05df804ebfdf711b800bf2501012061
:0c35b00000110020cd0503019c1000203c
:020000040000fa
:020000040103f6
:1035bc0010b5124a124913780133dbb213700a7d2d
:1035cc009a420dd20f4c0323e3741620022323706e
:1035dc00def7fafe00200cf0e1fd0123a37010bd14
:1035ec00094ac97e13780133dbb28b4228bf0b46e4
:1035fc001370bde81040fff7adbf00bf26010120de
:0c360c00ca1000209c10002025010120a5
:020000040000fa
:020000040103f6
:103618000e4a38b5002313600d4a0e4c13600e4a4b
:103628000e4d13600e4a13600e4a13600e4a536221
:10363800136101239360fff738fdfff736fdac42b5
:1036480000d338bd54f8043b9847f8e70801012037
:10365800dcfc00207c070001d8fc00208407000166
:0c366800d0fc0020d4fc0020e0fc00207e
:020000040000fa
:020000040103f6
:1036740070b504460ff09cf8002106460cf0bcfd22
:1036840008b3237a627a2168054608f04bfd20b11d
:103694002846bde870400ff01dbee3685bb12846c4
:1036a4000ff020fe0028f3d1228ae16828460ff0ab
:1036b40015fe0028ecd1626830460023294606f046
:0836c40085ff0028e4d170bd70
:020000040000fa
:020000040103f6
:1036cc0038b5104c012120680df074fb00b138bde9
:1036dc00012120680cf07efd05460028f7d10a492f
:1036ec0009f074fa20680bf01ffe084b084a0949d0
:1036fc0010f0010f08bf1a462846bde83840fcf709
:10370c00efbe00bf0c08002060f802014cf802016b
:08371c003cf802018cf80201e7
:020000040000fa
:020000040103f6
:1037240070b5064692b00d46684631460bf00ef869
:10373400009cfcb16189403989b202aa4023204629
:103744000df038fc1022294602a815b10df0ccfa70
:1037540050b92146304607f06bfd0b9c00220b2329
:1037640011460cb10c98a047684605f059ff009c1f
:08377400002cdfd112b070bd82
:020000040000fa
:020000040103f6
:10377c00f0b51c46fe2c83b00b461646054614d9f4
:10378c00ff21042267ba8df805100deb02018df8ac
:10379c000430adf8067009f01ffc20b92246314602
:1037ac00284609f019fc03b0f0bd022269468df8d9
:1037bc0000308df8014009f00ffc0028f3d1002ceb
:0837cc00ecd103b0f0bd00bf19
:020000040000fa
:020000040103f6
:1037d40030b5144ca3884ff6ff72934283b01cd0cb
:1037e400054623b101332846a38003b030bd02f05f
:1037f4002dfd04210deb01000df000fc70b9019ac0
:103804006ab16ff000439a4208bf0122a388226084
:1038140001332846a38003b030bdfee7fee7012252
:08382400f4e700bf38000120a9
:020000040000fa
:020000040103f6
:10382c000b79886210b44c7943f00403c4f341045f
:10383c000b71234650f82320a2b9032b07d154b1a6
:10384c0002687ab9012c06d042685ab901230133b7
:10385c00dbb29c42eed1c1e9071140f824105df8af
:10386c00044b7047d369c1e907321962d16140f842
:08387c0024105df8044b7047b5
:020000040000fa
:020000040103f6
:1038840030b587b01c46154603ab0df10602adf802
:103894000640f9f7ddfdbdf8100003e009f074fb04
:1038a400bdf810000a9b0246294678b1039808f037
:1038b400f9fc03a950b1bdf81030bdf80620e41a94
:1038c4000df10600a4b21d44002ae7d1b4fa84f035
:0838d400400907b030bd00bf40
:020000040000fa
:020000040103f6
:1038dc00f0b587b017461c460caa03ab0d9ebdf87d
:1038ec003050f9f7b1fdbdf8102003e009f048fbaa
:1038fc00bdf8102013462146384682b10096039a33
:10390c00fff7baff03a950b1bdf81030bdf8302055
:10391c001c44ed1a0ca8a4b2adb2002ae6d1b5fa3b
:08392c0085f0400907b0f0bd71
:020000040000fa
:020000040103f6
:10393400f8b500230c4681f8fe300178064622468d
:10394400104803f0f3f8054688b933788bb1342175
:1039540020460ff047f8074648b1716808f0dafdd1
:1039640000bac7f8020001f0dffac4f800012846e3
:10397400f8bd204633210bf08bfe342120460bf09a
:0839840087fef0e78cc500206e
:020000040000fa
:020000040103f6
:10398c0030b583b0002204468df8072093b16278dd
:10399c00d4e909516ff341020020627060620db1ed
:1039ac001846a84704f1180041f2883109f0a6fa2c
:1039bc0003b030bd08460df1070210210af01cffc0
:1039cc00034638b99df8072022b1ff2a14bf0346dd
:0839dc002523dce70623dae7ee
:020000040000fa
:020000040103f6
:1039e4004278d11e012917d9052a00d0704710b595
:1039f400c38804460bb103898bb10123637004f1be
:103a040090000df0c3ffd4f8ac303bb1d4f8b01043
:103a14002079bde810401847e8f766bd10bd05f0f1
:103a24004bf8d4f8a43003222271002bebd0d4f845
:083a3400a8009847e7e700bf76
:020000040000fa
:020000040103f6
:103a3c0038b5114a0446034604300df0cbfb23463f
:103a4c0000250e4ae56343f8402f04f14c00a364b3
:103a5c000b490ff0a7fa0b4a84f86c5041f27071c5
:103a6c00c4e918123520012384f89d50a4f85c0099
:103a7c0084f86830204638bd393304016d2a0401be
:083a8c00686f0301030101054d
:020000040000fa
:020000040103f6
:103a940070b50d4604468179286882b016460af04e
:103aa4001ff8a379834202d0002002b070bd0d4af2
:103ab40000922a68a1882068fff7e2fe03460028e6
:103ac400f2d0a27929688c182c608a5cb2fa82f050
:103ad4004009002ee9d12e2ae7d101342c60184682
:083ae400e3e700bf2506040121
:020000040000fa
:020000040103f6
:103aec0070b5164682b0a1b101398db205eb450116
:103afc0000f10c05044605eb810501e0ac4208d051
:103b0c0020463146f3f75af90c340028f6d002b0af
:103b1c0070bd30460cf0eafb034610b1002002b039
:103b2c0070bd304601220df107018df807300df004
:083b3c00a1f902b070bd00bf49
:020000040000fa
:020000040103f6
:103b440070b592b000f13801064603a804f074fe83
:103b5400039ce4b161893439342305aa89b2002570
:103b64002046cde906550df025fa2146304605f0ec
:103b740091ff06990b200022002311b100900798b1
:103b8400884703a805f04cfd039c002ce2d1304685
:083b94000af036f912b070bd11
:020000040000fa
:020000040103f6
:103b9c002de9f041134482b09db2aa42bdf82070c9
:103bac001bd814460e460de0bdf804305bba9bb230
:103bbc00bb4214d0bdf806305bba9bb204331c4434
:103bcc00ac420ad81ffa84f8042341460deb0302d9
:103bdc0030460df0ebf90028e6d04ff000084046d7
:083bec0002b0bde8f08100bf4a
:020000040000fa
:020000040103f6
:103bf40030b587b015460c461248694609f060fd99
:103c040029462046102302aa0df0d4f9b8b9bdf80c
:103c14000a30b3f5406f11d1bdf80c30b3f5407fd5
:103c24000cd1bdf80e30b3f5d85f07d1049a009bd0
:103c34009a4203d1059a019b9a4200d0062007b00c
:083c440030bd00bf38c50020af
:020000040000fa
:020000040103f6
:103c4c00022906d0032908b519d0012908d0012072
:103c5c0008bd0078a0f1ff00b0fa80f04009704771
:103c6c000268034632b9426822b9826812b9c06848
:103c7c000028edd01878ff3818bf012008bd037854
:103c8c00ff2b01d0002008bd04f092ff032894bf45
:083c9c000020012008bd00bf5b
:020000040000fa
:020000040103f6
:103ca40030b504468bb02622002168460ef042fa55
:103cb400206a637f41890139c91a04f11d0289b25e
:103cc40001234ff2bf05adf8225001f071fb2146ec
:103cd400684609f069fb6a46216a06480bf088fbce
:103ce40018b1206a08b10df06ffe002323620bb0f7
:083cf40030bd00bf10c7002025
:020000040000fa
:020000040103f6
:103cfc004378012b1ad110b5408ae0b1013880b25b
:103d0c001f2804d8834041f2ac22934210d94ff4bf
:103d1c00fa610c4807f0a2fa04463221002009f09f
:103d2c00abf82044a04238bf204610bd012070479c
:103d3c00fb248440f1e740f2ee2109f09df80130bc
:083d4c0010bd00bf804f120002
:020000040000fa
:020000040103f6
:103d540010b4134bcc68d3f86c399c4210d90a7d4b
:103d6400e31a6ab1022a09d0012b14bf00220222ed
:103d740021460c485df8044bfaf7d2bd096911b924
:103d84005df8044b70478a7f02f00f02072af7d1cf
:103d9400012b01d10322ebe75df8044b0bf0b8bd16
:083da40038c5002094ce002078
:020000040000fa
:020000040103f6
:103dac0090f834309b0700d4704710b5044650305f
:103dbc000cf0c2fb00210d480df08cf80c48f9f703
:103dcc00aff8204607f098fa04f110000af0c8fd8d
:103ddc0094f8343007486ff34103002184f83430f1
:103dec00a161bde81040f9f76fbb00bf7cc5002096
:083dfc0060d400201ccf002060
:020000040000fa
:020000040103f6
:103e04000a79d20700d4704770b505460c46fcf712
:103e1400cbf800b3237943f0100222712846c3f390
:103e2400001602f069fb237966f30413237168b169
:103e3400022221462846f7f773f92379db070ad4cf
:103e440021462846bde870400bf082bd2846fcf7a9
:083e5400abf80028ecd170bdb1
:020000040000fa
:020000040103f6
:103e5c0070b582b000f11004064601f061f82146fd
:103e6c000546684604f0e4fc009ba3b19a69aa1ac3
:103e7c00b2f5fa6f1946204607d35b795b0902d17c
:103e8c00f36c0133f3640cf093fa684605f0c4fb51
:103e9c00009b002bead1306918b1c069003018bf03
:083eac00012002b070bd00bf4f
:020000040000fa
:020000040103f6
:103eb40010b5047f1c2b6ff30004047715d004465f
:103ec40073b9c1b101f1310323f001035b78442bd1
:103ed40001d01b0604d52046eef7a2f91c2809d010
:103ee400201dbde810400af051bd90f84630013b5a
:103ef4001d2b01d810bdfee71e2380f84630bde817
:083f040010400df08dbe00bf5e
:020000040000fa
:020000040103f6
:103f0c0038b504680546234607e0c04300f00100bd
:103f1c006278023298b914442b682a7913449c4273
:103f2c0018d220784310012b0fd0052bedd1214650
:103f3c002846f2f703f8627802320028ebd0d2b2ae
:103f4c002146284607f096fce6e721462846edf781
:083f5c00f7ffdde738bd00bfef
:020000040000fa
:020000040103f6
:103f640070b50d46164600214ff4017204460ef05a
:103f7400e1f8ab781a0603f00f034cbfea78ea794c
:103f8400237095f902304cbf291d05f10801002b5f
:103f9400a8bfd5f803302272acbf1bba4af6aa7385
:103fa400636004f109000cf0adfe314604f5837042
:083fb400bde870400af0dcb822
:020000040000fa
:020000040103f6
:103fbc00c2784378073200ebd20202330432184441
:103fcc00931c98421cd3537802331344834217d862
:103fdc0010b408e01a46023398420cd353780233db
:103fec001344834207d81478b1eb540ff2d1104626
:103ffc005df8044b7047002210465df8044b704787
:08400c0000221046704700bfbe
:020000040000fa
:020000040103f6
:1040140038b54ff2bf04a34202d00024204638bd75
:10402400084615460c460df0abfdb0b921460d48c7
:104034000df058f904460028efd0294609480df040
:1040440051f90028ead128460cf084fb0028e5d178
:104054002846bde838400cf061bb2846bde838402e
:0840640008f0e8ba40d2002088
:020000040000fa
:020000040103f6
:10406c0038b590f82430012b02d0022b06d038bd85
:10407c0042b10f2a06d0022380f82430bde8384024
:10408c00f8f74ebf0b7943f001030b710d46044654
:10409c0000f046ff074aa86192f8cc3c43f00403b9
:1040ac0082f8cc3c04f110004ff49671bde8384016
:0840bc0008f024bf38c5002004
:020000040000fa
:020000040103f6
:1040c400f0b583b00c4605461646084601aa1221ef
:1040d4000cf002f9074698b116e001a901230df18d
:1040e400030220460bf064fa012180b901a80cf008
:1040f400e9fe32469df803102846e4f7f9fe30b98c
:10410400bdf80630002be8d1384603b0f0bd0746b1
:08411400384603b0f0bd00bf06
:020000040000fa
:020000040103f6
:10411c0010b5044612480ef0b5f940b1a37fdb0789
:10412c0005d4a36923b1e268231d9a4200d010bdc7
:10413c000c4ba3612046fff79df8032808d01728e5
:10414c00f5d000b1fee7a37f43f00103a37710bdc8
:10415c00201d4ff47a71bde8104008f0cfbe00bfaf
:08416c0040d20020e0930400a2
:020000040000fa
:020000040103f6
:1041740070b58ab0064604a80c4615460cf070f9d2
:10418400102304a801a90196adf808300ef0befb77
:1041940024ba0422694604a800940ef0bdfb06224a
:1041a400084904a80ef0b8fb294604a80ef0b6f896
:1041b40004a80ef0abf80ab070bd04a80ef0a6f87f
:0841c4000ef050fe2030040152
:020000040000fa
:020000040103f6
:1041cc0030b585b01c461546089b22460446fcf7c4
:1041dc00cbfd08b105b030bd0e9b0a992a4620468e
:1041ec0007f0e4fb0028f5d1dde909122046ebf7d6
:1041fc00b5fa0028eed103ab019300952a46dde910
:10420c000b132046e1f732fc0028e3d12046dde910
:08421c000d12f9f759fadde774
:020000040000fa
:020000040103f6
:10422400f0b583b001f108040546684616460ef061
:104234006bfd0021204608f06dfc22460746291d2f
:1042440068460ef087ff30b1054668460bf070fdf6
:10425400284603b0f0bd002f0cbf002206f0010277
:1042640069462046f9f7b4fa054668460bf060fd46
:08427400284603b0f0bd00bfb5
:020000040000fa
:020000040103f6
:10427c0003681b7a013b032b9cbf124a52f8233074
:10428c00c26a88bf4ff461735ab11278013a032a9b
:10429c009abf0c4951f822204ff46172934228bf07
:1042ac001346426b5ab11278013a032a9abf054958
:1042bc0051f822204ff46172934228bf13461846de
:0842cc00704700bf202504012a
:020000040000fa
:020000040103f6
:1042d4000129f8b520d8044680f8641010461f461a
:1042e40016460cf0bffbc8b12046394600f8046bf3
:1042f400f6f7eeff054620b1204600f019fd2846ea
:10430400f8bddde9061204f1f40009f029f90546c7
:104314000028f1d12846f8bd014dfbe7014df9e72e
:0843240080b0ffff80afffff36
:020000040000fa
:020000040103f6
:10432c007f2a10b41ed9134601241b0a04f1010480
:10433c00fbd10368591aa14201da1ae00368591e2d
:10434c00016003f8012c120af8d1012c0cdd026873
:10435c0004f17f03511e016002f8013c20465df818
:10436c00044b70470124e4e7012420465df8044b1c
:08437c0070476ff06b04f1e7dc
:020000040000fa
:020000040103f6
:104384002de9f04705461746dde908890c4601b9d1
:1043940073b1c7b12968b1b163b10e69b6b1cde9e2
:1043a40008893a4621462846b446bde8f0476047a6
:1043b400036843b120460cf055fb0ef0d3fe0346d0
:1043c40008b12968e9e70248bde8f0870148fbe73e
:0843d40080c1ffff00c1ffffe3
:020000040000fa
:020000040103f6
:1043dc002de9f04113f0030418bf012404eb9304fe
:1043ec008c421dd811b90846bde8f0814fea81080e
:1043fc0016460c461d464246002107460df096fe19
:10440c0035b9384621460af0c3fd0020bde8f081dd
:10441c00a8eb050038442a4631460cf06ffcf0e757
:08442c006ff00700e0e700bf9c
:020000040000fa
:020000040103f6
:10443400f8b5046c0734e4089c420e4628bf1c46b9
:10444400114605462246304609f08af8074678b9ef
:10445400296ce4008c4204d9611a30460df06ef8e0
:1044640078b9343529463046eef706fb002801dae0
:104474003846f8bd2a4631463046bde8f8400ef0cd
:0844840069be07463846f8bd89
:020000040000fa
:020000040103f6
:10448c00144b5a6bcab1824230b403d117e0984234
:10449c0006d01a469369002bf9d1184630bc7047e8
:1044ac0083691bb1846899682144996093610023e6
:1044bc000022826130bc18467047104670479169e3
:1044cc0019b195688c682c448c6092695a630123ed
:0844dc00eee700bf60fd0020c7
:020000040000fa
:020000040103f6
:1044e400f8b5044606f026fdd0b1631e033312d896
:1044f400a3b2042b0fd80f4e5d017719fb699c42c0
:1045040009d1735d3bb17b786bb9731900241c75b9
:1045140074555c7500e0012409f0baff2046f8bd2b
:1045240001242046f8bd3846fff7aeff00237b7018
:08453400ebe700bff8f80020de
:020000040000fa
:020000040103f6
:10453c0070b5846ca26be36b82b09a42019003d38a
:10454c000025284602b070bd94f84560002201a9f0
:10455c002046faf70dfb76b2731c05460ad1636a46
:10456c00002beed004f12400edf704fa002818bf5c
:10457c000125e6e70ef04efc8642e2d2013676b219
:08458c0084f84560dde700bf83
:020000040000fa
:020000040103f6
:1045940038b5134b134c1b7803f01f03082b1cbfb7
:1045a400082323700ef082fc082810d109230c4d37
:1045b4002370fa242b7803f01f03082b06d105205f
:1045c400013c0ef0cbf814f0ff04f3d138bd032303
:1045d400034a2370137803f01f03082bfad1e5e78d
:0845e400010001410200014148
:020000040000fa
:020000040103f6
:1045ec0010b5134c94f8222002b3cb1c114b12dae9
:1045fc000344d97b84f823204030440004f0fe00af
:10460c00fcf74ef84ff68073034019432046bde883
:10461c001040fcf70db803d103440022d97be9e725
:10462c001429ccbf1978195c0022e3e710bd00bf38
:08463c009c1000202c0101205c
:020000040000fa
:020000040103f6
:1046440038b5002540e91e1240f8805c04460ef09f
:104654006df844f8700c0ef061f8472304f8583ce8
:104664004e2304f8573c552304f8563c432304f8de
:10467400553c04f8543c2b2304f8533c04f8523cb6
:10468400044b44f86c0c04f8515c44f8503ca4f11d
:08469400800038bdb18503016f
:020000040000fa
:020000040103f6
:10469c002de9ff41134dd1f80080af88adf80c70b7
:1046ac0006462868029002aca8798df80e00002a04
:1046bc0018bf1446d1e901571a461bb920460df014
:1046cc0071f80246002d02dbaa4228bf2a46cdf81b
:1046dc0000803b4621463046f8f774fe04b0bde836
:0846ec00f08100bf88320401d7
:020000040000fa
:020000040103f6
:1046f400f0b50c4649682368a668e76887b00029c6
:104704000593a4bf23f00203059305ab02930a2388
:10471400cde900630546d2e900232046faf7e0fa22
:104724002269059b0093013a3346121a3918284628
:10473400f8f74cfe6b68db0503d563689842b8bf95
:06474400184607b0f0bdad
:020000040000fa
:020000040103f6
:10474c0018b3f8b5114f3b78f3b100240646104d61
:10475c00234603e03a78e3b29a4215d91b0132683a
:10476c00e958914204f101042b44f3d11a7b002146
:10477c00002aefd05a681973002aebd0986890473a
:10478c003a78e3b29a42e9d8f8bd7047edef0020d1
:04479c0080fc00207d
:020000040000fa
:020000040103f6
:1047a00070b506460d460df0cbfd04463046fcf7cd
:1047b00059fcff2c1bd0ff2819d0844217d836682b
:1047c0003219a9b21388c3f3c7138b4205d10fe086
:1047d0001388c3f3c7138b420ad0137803f07f0307
:1047e00002332344dcb2a04206eb0402f0d20022e2
:0447f000104670bd42
:020000040000fa
:020000040103f6
:1047f40008b50278417812f0040f034611d112076c
:104804000fd4b1b90e4a92f80b2d130700f12c0105
:1048140010d407f08ffd68b10846bde8084004f0e5
:10482400abb831b9d97a03f12c00bde8084009f0de
:104834006fba08bd0846bde8084008f013bc00bfc5
:0448440038c5002053
:020000040000fa
:020000040103f6
:1048480038b50446154621b9d0f808310133c0f807
:104858000831a37aab420cd00d4b93f80b3d1b07e4
:1048680006d4204607f064fd10b1637eab4200d049
:1048780038bdb4f85e21b2f5007f03d2013292b29e
:10488800a4f85e2104f5ae70bde8384009f0f6bb27
:0448980038c50020ff
:020000040000fa
:020000040103f6
:10489c00556e6b6e6f776e006e6f000065310000a9
:1048ac006530000063650000486f704f70747300d2
:1048bc00544350005544500049503600526f7574a3
:1048cc00696e6700467261670000000049434d50f5
:1048dc00360000004e6f6e65000000004473744f8c
:0448ec007074730071
:020000040000fa
:020000040103f6
:1048f00038b505460c461046104910220cf0f6f962
:1049000050b940f26d23a070238095f88c305a1c6a
:1049100085f88c20e37038bd402240f26d41084b91
:10492000a2702180b3f8163d5bbaa38095f88c3055
:104930005a1c85f88c20e37038bd00bf20d40020bd
:0449400038c5002056
:020000040000fa
:020000040103f6
:1049440070b5134cd4f890303bb1984202d11ee0bc
:1049540098421cd01b6b002bfad138220021d0e9dd
:1049640009650df0e7fbc0e90965d4f8902003461a
:1049740042b1904209d0114601e08b4205d0096b47
:104984000029fad11a63c4f89030002070bdfee704
:0449940038c5002002
:020000040000fa
:020000040103f6
:104998002de9f04185791478ac4215d998460f462f
:1049a8002b46164604460a46818800680cf000fb30
:1049b800054630b9a379f854a3793370b8f1000fdc
:1049c80006d02846bde8f08103252846bde8f081d9
:1049d80038462e210af09afd002818bf06252846d9
:0449e800bde8f081b5
:020000040000fa
:020000040103f6
:1049ec002de9f0410d46144606461f461146284651
:1049fc00bdf81c30069a9df82080f8f747f9a0b94d
:104a0c00338921885bba07f10a0212fa83f39942bf
:104a1c000dd8b8f1000f08d02780338969895bbaab
:104a2c0012fa83f38b4202d82380bde8f081062072
:044a3c00bde8f08160
:020000040000fa
:020000040103f6
:104a4000f0b501290c4683b005461e460cbf4ff455
:104a500080514ff400510e4817460cf08fffaeb94d
:104a6000ab689bb1802338468df80430009704f082
:104a7000a5f89df8053060f3030303f0cf03d5e9f3
:104a8000026221468df805306846b04703b0f0bd9c
:044a900060c50020dd
:020000040000fa
:020000040103f6
:104a94002de9f0410679012e00d0fee7104d90f883
:104aa4000c80c78a04460021f5f758fb95f8ee39c7
:104ab4002373b5f8ec39e382002200234146c4e9ac
:104ac4000a2305f6e410fdf723fd394605f6e41044
:104ad40006f04afc31462046bde8f041f2f7b2bf89
:044ae40038c50020b1
:020000040000fa
:020000040103f6
:104ae80070b505460446002215f80b1f10480af059
:104af800edfeff2600e0e672294620460cf0c6ffd0
:104b08000028f8d1e27a237b9a4205d1a37a1bb117
:104b1800013bdbb2a37253b12189606806f0a0fba8
:104b2800014604f11000bde8704008f0e9b970bd15
:044b380040d2002047
:020000040000fa
:020000040103f6
:104b3c0070b584b0837f8df80f3000f12c010446e2
:104b4c000df10f020d48f4f7c5fa054620b99df892
:104b5c000f60a37fb34202d1284604b070bd01237d
:104b6c00a67702aa0093082103ab05488df80860cc
:104b7c00fdf73afc284604b070bd00bf98c8002071
:044b8c008cc50020b4
:020000040000fa
:020000040103f6
:104b90002de9f04190f8f06000eb0618404504461e
:104ba0000f460dd0054601e0a84509d02846102241
:104bb00039460cf09bf810350028f5d1bde8f0819e
:104bc0000f2efbd0731c84f8f03036013d687868f6
:104bd000b968fa68a551a31958609960da60bde810
:044be000f08100bfa1
:020000040000fa
:020000040103f6
:104be400f8b5064608460c4617460af0b1fb00b96c
:104bf400f8bd21460e480af0dbfb05460028f7d035
:104c04006179c1f3410100f0abfb2a4621463046ed
:104c1400fff756fa20b12846bde8f8400cf0d4bea0
:104c24003a46294602480af0e3fb0028f3d1f8bdce
:044c340010c7002085
:020000040000fa
:020000040103f6
:104c380070b50546b1b10c4601200c2116460ef0a0
:104c480085f8d0b100238360e96cc0e9004619b942
:104c5800e864084670bd19468b68002bfbd1886054
:104c6800184670bdc06c28b184680ef075f82046ef
:104c7800002cf9d10020e86470bd014870bd00bf68
:044c88000081ffffa9
:020000040000fa
:020000040103f6
:104c8c0029b338b58c899c421ed8cb8993421bd34f
:104c9c008b7a0b2b0c46054610d020460df0a2fc4f
:104cac0058b12b681a6f7ab15a6f6ab19a6e5ab1b1
:104cbc00d86eb0fa80f04009404238bd806bf430b9
:104ccc000bf002f80028e8d04ff0ff3038bd4ff061
:044cdc00ff307047ee
:020000040000fa
:020000040103f6
:104ce000f0b583b000b3fbb10c68944202d90f4811
:104cf00003b0f0bd161b1f2ef9d9c668771c36ba53
:104d0000c76026600d682c1d94420c60efd8141b00
:104d10001b2cecd91c4613460a460899cde90041e4
:104d20002946fdf7f7fee3e70148e1e70096ffffbc
:044d3000008ffffff2
:020000040000fa
:020000040103f6
:104d3400002310b5044600f8043bfcf7bbf804f16b
:104d44006c000ef07ff904f184000ef07bf904f19d
:104d54009c000ef077f904f1b4000ef073f904f13d
:104d6400cc000ef06ff904f1e4000af0e1ff04f165
:104d7400ec000af0ddff04f1f400bde810400af095
:044d8400d7bf00bfd6
:020000040000fa
:020000040103f6
:104d880038b50446002500f8045b03f0edf904f19a
:104d98006c00a5660bf0d8fd04f184000bf0d4fd7f
:104da80004f19c000bf0d0fd04f1b4000bf0ccfd35
:104db80004f1cc000bf0c8fd04f1e4000df0a2fff3
:104dc80004f1ec000df09eff04f1f400bde838405a
:044dd8000df098bf83
:020000040000fa
:020000040103f6
:104ddc00f0b4002506e0076004f8012c1212002a3a
:104dec000cdd35460468661a002e04f1ff3705f118
:104dfc000106f0dc6ff06b00f0bc7047026892f9b2
:104e0c000040002c08da541a002cf3dd571e002445
:104e1c000760ae1c02f8014c3246dbb2f0bc07f066
:044e2c0045be00bfc0
:020000040000fa
:020000040103f6
:104e3000f0b50024a4462346254602b3920000ebb9
:104e4000020e8f1857f8042d5ef8043d14461e46d6
:104e500094ea0600a41b844306403443e4172c4321
:104e600093ea02059b1aab432a401343db1723ea5c
:104e700004028f424cea020c43ea0405e2d1604688
:044e8000f0bd00bfc2
:020000040000fa
:020000040103f6
:104e840000b583b01048adf806100ef033f80bf0ff
:104e94001ff80df106015020def76cf90b4b1b785f
:104ea40013b90b4b1b7833b9bdf806000df09efc0b
:104eb40003b05df804fb0cf059fbbdf806000df0df
:104ec40095fc03b05df804fb081f040113010120e5
:044ed40011010120a7
:020000040000fa
:020000040103f6
:104ed80030b50d4683b00af0f9ffea1d0e4800e030
:104ee8001a461346aa4213f8014900f8014ff7d1b0
:104ef800106851686b4603c36946f020def738f93d
:104f0800064b1b7813b9064b1b780bb903b030bda1
:104f18000cf02afb03b030bd17000120130101205b
:044f28001101012052
:020000040000fa
:020000040103f6
:104f2c0070b506f01ff804460d460df05bff6b01e3
:104f3c006201121b43ead46363eb050351025b026b
:104f4c0043ead2530a1945eb030399019601b61aa9
:104f5c0041ea926161eb03010246301945eb010114
:104f6c00002307f093fe4ff47a72002307f08efeb5
:044f7c0070bd00bf45
:020000040000fa
:020000040103f6
:104f8000114b026870b41a6442681a6582681a6626
:104f9000c2681a67eff3108072b64ff480420f2494
:104fa0000226196300255a6008495c609e60084c1f
:104fb0009a604ff400421d621c6219629a6080f38d
:104fc0001088012070bc704700060044aa996655fd
:044fd000556699aadf
:020000040000fa
:020000040103f6
:104fd40038b5044605f0aefff0b1631e033316d8ae
:104fe400a3b2042b13d80e4a5b01d518e9698c428d
:104ff4000dd1d35c5bb16c7854b12846fff744fa09
:1050040000246b682c756c706c75ab6000e0012437
:1050140009f03efa204638bd0124204638bd00bfc1
:04502400f8f8002078
:020000040000fa
:020000040103f6
:10502800f0b583b003b900b122b94ff0ff34204680
:1050380003b0f0bd1e460d4b0546d86814460f4612
:105048000b4a0023a4fb000107f022fe3b46014661
:1050580000962a460020f5f777fb431c0446e6d065
:10506800faf7def9204603b0f0bd00bf60fd00206e
:0450780040420f00a3
:020000040000fa
:020000040103f6
:10507c00134b2de9f04245681f68ae68fd6104468c
:10508c001868d3f800e00662b2f100091e68aa683d
:10509c001f6808bf084621680ef1180c06f11803aa
:1050ac0001f10106c2f804c04946ab6018bf4ff0cd
:1050bc00ff30bc622660bde8f042f1f773b900bf67
:0450cc008800012037
:020000040000fa
:020000040103f6
:1050d000f8b50f4c0af06eff25681db1bde8f84029
:1050e0000cf09ebf0b4f0c4e38460cf025fb3046a3
:1050f0000cf022fb094a0a4b17600c212a460a20b1
:105100001e600cf097ff2060bde8f8400cf088bfef
:10511000d000012028ff00203cff0020c400012017
:04512000c8000120a2
:020000040000fa
:020000040103f6
:1051240008b50378472b07d0522b17d0422b0cd04d
:10513400bde808400af062b80d4a0120137007f078
:1051440079fdbde808400af059b8094a02201370f5
:1051540007f070fdbde808400af050b8044a00208a
:10516400137007f067fdbde808400af047b800bfb8
:04517400d301012042
:020000040000fa
:020000040103f6
:1051780008b5114b9978012907d0022914d10f4b92
:10518800197801298cbf0021012100221920e0f79c
:1051980073ff58b10df088fe00f01f00192805d1e3
:1051a800074b02221a7008bd0021eee76420bde813
:1051b8000840fbf7cfb900bfc41000202a01012026
:0451c800020001419f
:020000040000fa
:020000040103f6
:1051cc0003040c4a43f08073136040f2011101395f
:1051dc000dd1536813f0800307d05368c3f3072332
:1051ec0083420abf53680b461b0c1846704700bf1e
:1051fc00ede700bf003e0144054b41ea0041196058
:10520c005a681106fcd45a681206fcd5704700bfc8
:04521c00003e01440b
:020000040000fa
:020000040103f6
:1052200038b504460ef00cf8024605682046a4f195
:10523000200105f03bf928b90db10df03efe1160db
:10524000284638bd54f80c3c002bb4bfc3f1010311
:10525000013344f80c3c53688d4203f1ff33536033
:1052600020461cbf44f8105c1160656ad1f7e4ff6a
:02527000e6e76f
:020000040000fa
:020000040103f6
:1052740030b4114b018842881b888588c0880f4c44
:105284000a441a4415fa82f210fa82f292b2002306
:1052940002e001330a2b0bd034f82310914218b2e8
:1052a400f7d104eb830189780029f2d030bc704730
:1052b4004ff0ff3030bc7047c2fe0020d0fd00200c
:020000040000fa
:020000040103f6
:1052c40010b50b7a012b14d0022b0ed18388c2881f
:1052d40003f1080494420ad80446006801221844e1
:1052e40008f026fca3880833a380002010bd032007
:1052f40010bd83880a46c1889c1c8c42f7d801687b
:105304001288ca52838802338380002010bd00bff4
:020000040000fa
:020000040103f6
:10531400f0b5077e00f1100c0ffa87fe0cebce05fa
:10532400ac4511d000f1180302e09d420cd0234695
:1053340053f8084ca14203f10804f6d153f8046c65
:10534400b242f2d11820f0bd012f06d00137077602
:105354004cf83e1000206a60f0bd0320f0bd00bf91
:020000040000fa
:020000040103f6
:1053640003291dd8f8b5876aa7b14379c3f341036c
:105374008b4217d003795b070cd504460e460146d1
:10538400384600f03dff6379a56a66f34203637112
:1053940055b1fee7437961f3420343710020f8bd40
:1053a400072070470020f8bdfef73efa2846f8bdf6
:020000040000fa
:020000040103f6
:1053b40030b587b04589adf806300b44ab4200dd0b
:1053c400fee703ab14460df10602f8f741f8bdf809
:1053d400103003e007f0d8fdbdf810301a4621461e
:1053e40063b1039803f004f9bdf81020bdf806304a
:1053f40003a90df106001444002bebd107b030bd16
:020000040000fa
:020000040103f6
:105404000b795b0754bf8b6a0023984200d0fee7f8
:10541400ca699ab10b6a8bb110b40468a1420ed068
:10542400da610b6a13620a795df8044b002363f3b3
:1054340082020a71c1e907338b627047fee7994221
:10544400036004bf00230360d1e90723e8e700bf3a
:020000040000fa
:020000040103f6
:10545400124b1840b0f5004f1ed00dd9b0f5404f97
:105464001ad013d94cf24003984215d04cf640435d
:10547400c01a18bf01207047b0f5046f0cd0b0f506
:10548400446f09d0003018bf0120704748f2400330
:10549400c01a18bf012070470020704740ccffff9e
:020000040000fa
:020000040103f6
:1054a40070b58488032c1dd9066835882846f3f71f
:1054b40045fbff2815d0290713d5a04212da335c27
:1054c4005a070fd003f01803102b0fd0182b0bd052
:1054d400002b0cbf052306231844c0b28442b8bf76
:1054e400ff2070bdff2070bd0e23f5e70a23f3e70c
:020000040000fa
:020000040103f6
:1054f40030b58bb00546222201a800210cf01afe1b
:105504002a46d5f8b84052f8360f516802ab03c3a7
:10551400022329898df8103007a80df01bfd002304
:1055240001a821468df81a300193ddf76dff20465e
:105534000cf090fa40f6ff73036020460bb030bdc8
:020000040000fa
:020000040103f6
:1055440038b50123054603fa01f1002007f098fc61
:10555400ab7c00eb8000db074fea80140bd5ab6912
:105564000a48997906f0e0fb214605f16000bde8a0
:10557400384007f0f3bc054804f010fe214605f15d
:105584006000bde8384007f0e9bc00bf38c5002022
:020000040000fa
:020000040103f6
:1055940030b5c3b0044601a80d460cf097fa204676
:1055a40001a9fef7c5f9044610b1204643b030bd49
:1055b40001a835210df016fa60b1694605f056ffd1
:1055c4000028f2d1054a009bd2f8f02913402b6041
:1055d400002bead11724204643b030bd38c5002043
:020000040000fa
:020000040103f6
:1055e40070b5064682b000f10c0528460af0f2feba
:1055f4000446a0b1014628460cf0faf9002201a99c
:1056040030460194dcf7fcfb01980028edd00cf047
:10561400dbf928460af0defe04460028ead102b08f
:1056240070bd019808b10cf0cff90df01bfc00bf60
:020000040000fa
:020000040103f6
:1056340030b50a46a3b00d467e230b210f4809f06e
:1056440027f928b902a92846f2f7fefa044620b140
:105654002846f5f7a9f9044610b1204623b030bd19
:105664007e2300932a4602ab0b2104488df8854023
:10567400fcf7befe204623b030bd00bf8cc5002021
:020000040000fa
:020000040103f6
:1056840002b330b40c780378a3421dd10446501ef3
:1056940054fa80f5002005e014f8013f11f8012fb9
:1056a400934205d10830ac42c0b2f5d130bc70474a
:1056b400534003e05b000130dbb2c0b21a06f9d5f7
:1056c40030bc70471046704763400020f6e700bfc7
:020000040000fa
:020000040103f6
:1056d4000379032b00d0fee78379052b0bd001233c
:1056e4000b70438a012b0dd9037a022b15d807d0ee
:1056f40000200870704702230b70037a012b0cd82a
:10570400002070478279037a042aeed0062b04d84d
:10571400012af5d0022bf3d8eae71720704700bf1f
:020000040000fa
:020000040103f6
:1057240043780bb3012b1ad010b54379044693b1d7
:105734002046faf7c9fb04f14000002105f01efae7
:1057440020464ff6fe71faf787fb20460021f4f756
:1057540051fd002010bd054809f0a8f9e8e70379d8
:10576400022be1d1002070470d2070472cce002081
:020000040000fa
:020000040103f6
:1057740025642e25730000006176655273733a2503
:10578400732c206c6173745273733a25642c206cef
:10579400696e6b5175616c6974793a256400000017
:1057a4003000000031323500323500003337350027
:1057b4003500000036323500373500003837350003
:020000040000fa
:020000040103f6
:1057c40010b582b00446002301a90e480193fff7e7
:1057d400dffea8b9019999b12368994210d02046f7
:1057e40008f076fc01a804f0edff074a074bb3fb71
:1057f400f0f0606092f8ee39237320460af0e8f87e
:1058040002b010bd00ce002038c50020c13f050005
:020000040000fa
:020000040103f6
:10581400032a01d80620704730b40c7804f0d80469
:10582400c02c02d0062030bc70470546088840ba18
:10583400c0f30a002880488840ba68800c7814f0c5
:10584400200008d0042aedd00a790521d200aa80cc
:1058540000201980e7e70422a8801a80e3e700bf4c
:020000040000fa
:020000040103f6
:105864002de9f041044617460846012219461e4612
:1058740002f038fcc0b1037903f01f03102b13d1dd
:1058840038340546204605f021fa2946204603f01f
:10589400d3fa08b1bde8f0813246394620460123e7
:1058a400bde8f041fdf7d4b86ff00c00f2e700bf9b
:020000040000fa
:020000040103f6
:1058b4002de9f0418cb0dde912478846dde9141684
:1058c400179d0297cde9003408ac1346cde90316c1
:1058d4004246cde905450021fef776fc10b10cb037
:1058e400bde8f0812a462146169800f049f90028bf
:1058f400f5d0304641460cf0ddfa6ff00e00eee7cd
:020000040000fa
:020000040103f6
:10590400342c040109000000f4780001047900013a
:10591400010000003830040107000000087900018c
:105924001879000102000000287900010500000038
:105934003079000138790001030000000000000004
:105944000000000000000000000000000000000053
:020000040000fa
:020000040103f6
:1059540070b500220123051d027083704170044656
:1059640028460e4602f002fc04f164000df0ccf966
:1059740004f16c000af0eaff04f184000af0e6ff87
:1059840004f19c000df0c0f931462846f5f7a0fc5f
:10599400024b002818bf184670bd00bf80b1ffff3e
:020000040000fa
:020000040103f6
:1059a40002000000c830040103000000e0300401dc
:1059b40004000000f830040126000000b83004019f
:1059c40027000000d030040128000000e830040162
:1059d40029000000c03004012a000000d83004016e
:1059e4002b000000f0300401000000000000000063
:020000040000fa
:020000040103f6
:1059f40070b543f0a00682b014463346043205461f
:105a040008f0a6fc18b1a0f5145002b070bd2b68c4
:105a1400a3602b68626826609c182146302301aa83
:105a2400284608f095fc0028edd12b680199034a1b
:105a34000b449c4218bf104602b070bd9adaffffb7
:020000040000fa
:020000040103f6
:105a440070b584b00023164601aa01938df808307e
:105a54000393fdf79dfcb8b9019d95b1039930609e
:105a64000d440346044600bf11f8012b9a40144329
:105a7400a94203f10803346001d0202bf4d104b00f
:105a840070bd306004b070bda0f5145004b070bd9a
:020000040000fa
:020000040103f6
:105a940030b589b00b460546694610462022984722
:105aa400044610b1204609b030bd09200af0daffdf
:105ab400012201462846fdf7bbf804460028f1d12f
:105ac400284620226946e6f7b5fd04460028e9d1b8
:105ad400684620210cf0eef9204609b030bd00bf25
:020000040000fa
:020000040103f6
:105ae40070b50368ce1a002e82b01ddd1e78012e1b
:105af40014d101331546036001aa0446fcf74cfb9c
:105b040050b9019b012b0cd1236813f8012b0032ef
:105b140018bf01222a60236002b070bd6ff06100db
:105b2400fae76ff06300f7e76ff05f00f4e700bf98
:020000040000fa
:020000040103f6
:105b34002de9f041164601221f4604460d46fdf7a5
:105b440077f808b1bde8f08128460df00bfb04f1ad
:105b54000c08024641462046e6f76cfd0028f1d1c8
:105b640028460df0fffa0121024640460cf0e2fa05
:105b74003a4631462046bde8f041eff7ddbb00bfb1
:020000040000fa
:020000040103f6
:105b8400032af0b420d904240026a0f1040c0f1f2a
:105b940000e02c460ceb04031d683b191b686b40aa
:105ba400251daa4246ea0306f3d2a24207d9035da1
:105bb4000d5d01346b40a24246ea0306f7d1b0b250
:105bc40040ea1640f0bc704700263446ede700bfbb
:020000040000fa
:020000040103f6
:105bd40038b50c46b9b1c2888a4205460ad00af0e3
:105be400a7f842f210739c4217d8eb889c420ed857
:105bf400002038bd9200002100680cf09bfa0123bc
:105c0400ab80002038bd0af093f8204638bd214609
:105c14002846bde8384005f001b96ff00f0038bde3
:020000040000fa
:020000040103f6
:105c2400826fd0f898309a4205d3c36e0f4a9879a0
:105c34001178884201d001207047d8795178884280
:105c4400f9d19278197a9142f5d1587a59788842e3
:105c540003f10102efd1987a12f8011f8842ead1c8
:105c6400d97a53789942e6d100207047b4330401bd
:020000040000fa
:020000040103f6
:105c740038b5836b0446d3f86c020af079f8a36b49
:105c84000025d3f86422c3f87822c3e99b5583f82e
:105c9400185220460af09cf8236d1bb12a46294667
:105ca400e06c9847636fa26b162b02d000239371ac
:105cb40038bde36e1b78142bf8d10323937138bde0
:020000040000fa
:020000040103f6
:105cc40030b50e4b012183b0054619702ab15168d5
:105cd4000b480a7803320bf015f80a4b0a4c1d7076
:105ce400002240f20223012501a908482570adf8dd
:105cf40004300bf08ffc03b030bd00bf4500012021
:105d040098f9002017010120160101202410002019
:020000040000fa
:020000040103f6
:105d140030b583b020b10e4b00681b6898420dd09b
:105d24000c4c0d4840f201330125002201a92570d5
:105d3400adf804300bf06efc03b030bd074c2368a3
:105d4400002bedd0fff744f900232360e8e700bf00
:105d5400b0010120d20101202410002064000120a0
:020000040000fa
:020000040103f6
:105d640030b583b020b10e4b00681b6898420dd04b
:105d74000c4c0d4840f202330125002201a9257084
:105d8400adf804300bf046fc03b030bd074c23687b
:105d9400002bedd0fff71cf900232360e8e700bfd8
:105da400ac010120d1010120241000206000012059
:020000040000fa
:020000040103f6
:105db40070b54ff47a7082b00af042ff0c4e0d4a6f
:105dc4000d4c012501463346009500200af0c0f829
:105dd40030604ff47a700af025ff0095014623469f
:105de400064a00200af0b4f8206002b070bd00bf7b
:105df400b0010120155d0301ac010120655d0301c3
:020000040000fa
:020000040103f6
:105e040008b5124b9a7dc2b11a7e9b7d1906d2b297
:105e140014d40e4a137e927dd007dbb201d5d90784
:105e240011d40a4a137e927d5207dbb205d55b0773
:105e340003d5bde80840eff7c7bf08bd1306e8d592
:105e440001f0f0fbe5e7f1f733faeae7000c004074
:020000040000fa
:020000040103f6
:105e540070b5104e337804460d4643b124b91db1d4
:105e64000d4b93f900204ab14ff0ff3070bd0b4841
:105e74000af076fe0128f7d13070efe7d5e901206a
:105e840029685568986002265a601e70a847204603
:105e940070bd00bf1a010120ecff00206800012042
:020000040000fa
:020000040103f6
:105ea400f0b583b003b900b122b94ff0ff342046f6
:105eb40003b0f0bd1e460d4b0546d86814460f4688
:105ec4004ff47a720023a4fb000106f0e3fe3b4684
:105ed400014600962a460020f4f738fc431c044689
:105ee400e5d0f9f79ffa204603b0f0bd60fd00202d
:020000040000fa
:020000040103f6
:105ef40070b504460d4616460af05af894f8443034
:105f0400ff2b04bf002384f8443094f84530ff2b62
:105f140004bf002384f845300cf080f8a36b23b150
:105f24002046bde87040f3f7b9ba04f124003246c4
:105f34002946fff7a1f82046bde87040f3f7aeba52
:020000040000fa
:020000040103f6
:105f4400f8b5104c104f114e4ff0805500f09cfcea
:105f54002368012b04d93560bff34f8fbff36f8fd4
:105f64000df064fa02f012fa0428efd93b68013309
:105f74003b6002f00bfa042801d90df06bfae5f747
:105f8400b5fee3e7bcfb00209c00012004ed00e02b
:020000040000fa
:020000040103f6
:105f940030b583b00bf002fb48b10af0effd41f2db
:105fa4008831002003b0bde83040e0f725bf0b4d39
:105fb4000090044623464ff4fa720421286802f044
:105fc4004bfa2d680cf024ff009402462346284621
:105fd400012102f041fa03b030bd00bfd800012016
:020000040000fa
:020000040103f6
:105fe40038b5d3f7d0fd0446d2f79cfb1cb1bde80d
:105ff4003840d3f7d1bd40b10af05afe0f2805d07e
:106004000220bde83840d2f7a9bb38bd08f0e0fa59
:1060140020460bf00bfb05460220d2f79ffb2046df
:1060240029460cf013fb2046bde8384000f000b8c8
:020000040000fa
:020000040103f6
:1060340038b5124b5a780f2a054602d128b9812463
:1060440016e0202a01d10128f9d01a7802f0ff04c1
:106054006ab99c700820dcf7bbf90828fad14db95d
:106064000f20dcf7b5f90f2802d0202800d08624b1
:10607400204638bd2020dcf7abf9f4e79c10002063
:020000040000fa
:020000040103f6
:1060840013b57f23104c8df807300df1070006f08f
:1060940031fe9df80730a3760df004f984f8220050
:1060a4000df0fef8e07601200af010fe074a92f89f
:1060b400423003f0fe0382f84230012009f0e8ff89
:1060c400002002b010bd00bf9c1000200000014160
:020000040000fa
:020000040103f6
:1060d400f0b5044683b017460e461d4602f00cfb8d
:1060e40004f1310323f00103022118785f7020f0da
:1060f400300040ea0610187068460af07fff6946cf
:106104002046022205f02cf830b928460bf06afd2f
:0c6114000146204602f010fb03b0f0bd75
:020000040000fa
:020000040103f6
:1061200030b5428983b0ff21b2f5007f8df80710aa
:1061300018d201220df10701044606f053ff05466f
:1061400010b1284603b030bd04f1310323f0010340
:1061500001229a746189198220460cf0affb28460f
:0c61600003b030bd0325284603b030bd5d
:020000040000fa
:020000040103f6
:10616c0070b5044616460d460e4a00f01ff832462e
:10617c00294604f150000123eef7befd00230a4a24
:10618c00c4f83446c4f82c26c4f81836c4f81c36a7
:10619c00c4f82036c4f82436c4f82836c4f830368f
:0c61ac00204670bd35020401092f0401db
:020000040000fa
:020000040103f6
:1061b80070b500250560044616460cf055f82146d2
:1061c8000c4ba08041f8083f23460b4ac4e904144d
:1061d800c4e90655c4e9085543f8282f04f12401f9
:1061e8002363c4e90e55c4e91056c4e91255616326
:0c61f800204670bd112f0401192f040176
:020000040000fa
:020000040103f6
:106204004b79c3f3410310b450f8232091420fd0cb
:10621400d1e907231362ca69da610a795df8044b8c
:10622400002342f004020a71c1e907338b6270470c
:106234000a6a914208d05479c4f341049c4218bfbd
:0c624400002240f82320e3e70022fae7e4
:020000040000fa
:020000040103f6
:1062500000b50e4883b00bf03ffd012300220c492e
:1062600000930a48102307f0cdf80a4808f002ff0f
:10627000064a0949002302f128000093fdf714f9aa
:1062800000b1fee703b05df804fb00bf70f500202d
:0c629000d5f5030198f500207d090201fe
:020000040000fa
:020000040103f6
:10629c00c37a427e10b403f0fc04fc2c1cbf043304
:1062ac00c37299b10f2928bf0f211309994238bf26
:1062bc001946047e134661f307134376e30702d5b0
:1062cc0012f0f00f04d05df8044b70470821ece796
:0c62dc0001215df8044bfaf727bf00bf5a
:020000040000fa
:020000040103f6
:1062e8008378052b20d070b5867cc6f34006f5b2be
:1062f80075b181690b681b8813f0200f00f11c0031
:1063080014bf0e23002300220cf02efb002070bdca
:106318000446f8f793fd2046a4f8035084f85d601e
:0c63280006f04ef8284670bd0d207047ae
:020000040000fa
:020000040103f6
:1063340070b590b00d4606466a46084640230021d3
:106344000af038fe0d9c002c08bf2c4606f13c00d8
:106354002146fff755f840236a46002120460af0fb
:1063640029fe0f9b18460bb10bf02efb20460bf0b9
:0c6374002bfb0e9c002ceed110b070bd75
:020000040000fa
:020000040103f6
:1063800070b582b00e4600f138016846154602f03d
:1063900055fa009c24b914e003f044f9009c84b140
:1063a0006189343934232a4689b220460af004fe32
:1063b000b3692a681bba9a426846edd1204602b0fa
:0c63c00070bd0024204602b070bd00bf7c
:020000040000fa
:020000040103f6
:1063cc00426802b310498a4238b503d118e08b42b7
:1063dc0004d01a461369002bf9d138bd14318a4206
:1063ec000dd000231361084d044600232a4619469c
:1063fc002046fef71ffb2d69002df6d138bdfee7b8
:0c640c0000234360efe77047ec1c030125
:020000040000fa
:020000040103f6
:1064180038b54278023a022a02d90025284638bd02
:1064280003780d4a13f0020f044614bf0223012318
:10643800fbf7b8f86378022b0546efd1e3781a0723
:10644800ecd4237843f0800323705b06e6d420461f
:0c645800fbf740f8e2e700bfd02404018d
:020000040000fa
:020000040103f6
:106464000b791a0770b5044604d50d46c17811f0ae
:10647400080605d09b0702d52379052b0ad070bde9
:106484000121084807f0f4fb3146074804f092fb69
:106494002b79efe70123e3712046bde87040e9f76b
:0c64a400a5bc00bf20d20020d0d10020f9
:020000040000fa
:020000040103f6
:1064b00038b590f83430104a8263002523f00f037a
:1064c000044680f83430056045608560c56005612c
:1064d000c582856180f8245080f82e500563c5631d
:1064e000503007f09ffb0bf0c3fe2564a08265646b
:0c64f000a564e564204638bdc90704011e
:020000040000fa
:020000040103f6
:1064fc00f8b5064609f06affe0b1044617272046b6
:10650c0004f0ecf8b369a34205460ed0227912f0e0
:10651c00010fc2f3001308d01a462146304623b9a6
:10652c00f1f732fd022808bf00272c46002de6d1da
:0c653c003846f8bd17273846f8bd00bff0
:020000040000fa
:020000040103f6
:1065480030b5002483b0224601ab019405460c46c1
:10655800f4f72cfe28b1019808b10bf033fa03b018
:1065680030bd04f10801019802f044f90199064888
:10657800f7f720fc0028eed004f120022846019904
:0c65880000f032fe03b030bd8ece0020cb
:020000040000fa
:020000040103f6
:106594000b680bb3486810b568b1427802321044f6
:1065a4000c46597802311944062202f025fc606039
:1065b40068b1002010bd93f90200002803f1020223
:1065c40007dbd8790624204452fa80f0e8e7172044
:0c65d40010bdd8780224f6e717207047ad
:020000040000fa
:020000040103f6
:1065e00070b50b78ff2b0c46154605d192f8253077
:1065f00043f0100382f82530204606f01df870b1f4
:10660000094e0fce28606960aa60eb60266860685a
:10661000a168e268ea612e616861a96170bd2846df
:0c6620000af0b6fef2e700bff0d3002045
:020000040000fa
:020000040103f6
:10662c0070b501f1310323f001035e78022e0ed117
:10663c001b7813f0300f0c461646054608d0224640
:10664c0006f110012846bde87040f3f733ba70bd6f
:10665c00054807f0ddf9224606f110012846bde891
:0c666c007040f3f727ba00bf10c70020f1
:020000040000fa
:020000040103f6
:1066780070b516460a6882b00546b21a0df10700d1
:106688000c4603f05dfc08b102b070bd9df8071020
:106698002846fff75bf90028f6d1ab78012b09d122
:1066a80023682246f31a05f18401281d05f0e8f94c
:0c66b80002b070bd0048e7e780b0ffffb3
:020000040000fa
:020000040103f6
:1066c400036870b5ce1a002e1add1d7805f07f051b
:1066d400022d13d115465a1c02602a461b7842f833
:1066e400043b0446fbf758fd28b923686a68ab608d
:1066f4001344236070bda0f50a5070bd014870bdfd
:0c670400014870bd1eddffff20ddffff1f
:020000040000fa
:020000040103f6
:10671000032921d838b501eb410300eb830393f83b
:106720001c22d20700d438bdd0f814220c46d3f86e
:106730002412521ac0f814220546d3f8200209f098
:1067400079fb4ff407730c2111fb04316a18002305
:0c6750006b505360936038bd704700bf71
:020000040000fa
:020000040103f6
:10675c00f0b5826b016cd2f87c52a94283b01ad08e
:10676c0004460564c2f87c12034654f8d40fd2f8e0
:10677c00807261686d4603c56d4603cdd2f88452b4
:10678c00c3f8d4706560c2f88002c2f88412196c28
:0c679c00184602f08dfc002003b0f0bd98
:020000040000fa
:020000040103f6
:1067a800f8b50546fdf766fdd5f8d070b0f5617f00
:1067b80028bf4ff46170874202d300242046f8bdf9
:1067c8000646284605f0f8f9041ef7db284600f0cf
:1067d80073fe002808db8442efd9241af61bb44262
:0c67e80028bf34462046f8bd0446e7e711
:020000040000fa
:020000040103f6
:1067f4000e4b1b7833b170b50d4d2e7882b016b1a7
:1068040002b070bd704704460cf043fd09492044b2
:1068140040f2032308703246012401a906482c7073
:10682400adf804300af0f6fe02b070bd1401012088
:0c683400120101200e01012024100020a0
:020000040000fa
:020000040103f6
:1068400001b108b90120704730b50e4b0e4a0d4614
:10685000d96883b00023a0fb010106f01dfa0024d3
:1068600001462346009422462046f3f771ff431c5d
:10687000286002d1012003b030bdf8f7d5fd2046d5
:0c68800003b030bd60fd002040420f005e
:020000040000fa
:020000040103f6
:10688c00f8b50f4d2b68cbb10e4f0f4e09f08cfbaa
:10689c00fb68dc68201d07f01ffe3368013b33608a
:1068ac002b68013b2b600bf0b5fb206bf4f712fb54
:1068bc002046f4f70ffb2b68002be7d1f8bd00bf87
:0c68cc009800012014ff0020940001201f
:020000040000fa
:020000040103f6
:1068d80038b50cf071fc0cf06ffcb0f5fa4f04d32e
:1068e8004ff088431b6c0cf067fc00210748084deb
:1068f8000cf06efa074b0848002247f6ff440721c0
:106908001a602a600460196038bd00bf5134040160
:0c69180018e000e010e000e014e000e0f7
:020000040000fa
:020000040103f6
:106924000f4b70b516461a780d4602f0ff04a2b953
:106934000c4a0d49106042685c770a601278013a8b
:10694400da700af0b5f90f2801d107f041fe31469b
:106954002846e9f7e5fb204670bd8624fbe700bf27
:0c6964009c100020c010002088100020b3
:020000040000fa
:020000040103f6
:1069700070b5104c6ff007026272073240f20e637e
:10698000a272e2600a220025a4f813300721032333
:1069900022740126084a637584202572e1726674a8
:1069a000a2612377f0f73afda674e075a5756577c7
:0c69b00070bd00bfca100020000a0205e4
:020000040000fa
:020000040103f6
:1069bc0001f000428b1aa3f16051b1f5801f0adb84
:1069cc00b1f17f6f09d242eac102c10071f10041fd
:1069dc0042eb507070471046704701285b4113f52d
:1069ec00001f02d842f0ff407047c90041ea5070c6
:0c69fc00104340f4800040f080407047e1
:020000040000fa
:020000040103f6
:106a080010b50f4c236863b1002813da0d4b2268c8
:106a18001b68d21a43429a4208db2268104420605d
:106a280006e006f04df92368002bedd14ff0ff3258
:106a3800104610bd044b1a682368d21a8242ebe74d
:0c6a4800040001200c00012008000120c7
:020000040000fa
:020000040103f6
:106a5400c1f30a5340f21e42d21a0edd202a0ad88c
:106a6400cb0243ea505040f00040d04090eae1703d
:106a7400b0ebe1707047002070474b00004218bf34
:106a840043f0010313f5001f88bf21f0004111f00a
:0a6a9400004058bf6ff0004070474b
:020000040000fa
:020000040103f6
:106aa0004f50454e5448524541442f7468726561b9
:106ab000642d7265666572656e63652d32303233a2
:106ac000303730363b20504943333243585f425ac7
:106ad0003b204f6374202039203230323520303053
:086ae0003a33383a303400006b
:020000040000fa
:020000040103f6
:106ae80038b505460c4601f005fe05f1310323f0e3
:106af800010304f131011a7822f0300221f001017a
:106b080042f0200244201a7058704a885a800a7845
:106b180002f00f02082a00d9fee728460431bde832
:086b2800384004f01bbb00bf64
:020000040000fa
:020000040103f6
:106b300030b585b0002914460df10e020cbf0121bd
:106b400002210092fe25234600220a48adf80e508d
:106b5000f8f730fc38b9bdf80e30ab4206d884f8ef
:106b6000fe3005b030bd0c28fbd1fee7172005b084
:086b700030bd00bf38c5002054
:020000040000fa
:020000040103f6
:106b78002de9f84fddf82890cab106460f46984629
:106b88009246002502e09db2aa4510d905eb0a03fa
:106b98005b1008fb037b594630469cb2c847002867
:106ba80004f1010305d0eedca246aa45eed84ff069
:086bb800000b5846bde8f88f00
:020000040000fa
:020000040103f6
:106bc0005b25635d20000000252e2a7325733a2083
:106bd0000000000000000000257300005b2573200a
:106be0006c656e3d253033755d0000007c00000053
:106bf000202530325800000020202000207c00009a
:086c000025630000200000bf25
:020000040000fa
:020000040103f6
:106c08002de9f04186888e4200d2fee7c488f51847
:106c1800a54216d81f4603680446c81990460d4673
:106c2800721a1844591801f0e1fc206841462844ba
:106c38003a460af065f8a3883b44a3800020bde8e3
:086c4800f0810320bde8f0819a
:020000040000fa
:020000040103f6
:106c500030b405682b78303bdbb2092b18d89bb2d7
:106c600015f8012f303ad2b203eb8304092a02eb64
:106c7000440406d8a3b2ff2bf2d90622104630bc3a
:106c80007047dbb20022056010460b7030bc7047c5
:086c900000230622f7e700bf14
:020000040000fa
:020000040103f6
:106c980070b586b01646adf806300df1060203aba6
:106ca800f6f7d4fb3546bdf8104003e006f06af964
:106cb800bdf810402246284654b103990af020f83e
:106cc800bdf8063003a90df106002544002bedd1cf
:086cd800a81b80b206b070bddc
:020000040000fa
:020000040103f6
:106ce00038b5d0e956329a4200d0fee704460d4648
:106cf00000f5a07200f598710bf0f8fd94f865317d
:106d00008bb16a1e04f21f1393f821505978694021
:106d100002f8011f581c94f86551a3f58f73191bd5
:086d20008d420346f0dc38bd92
:020000040000fa
:020000040103f6
:106d280010b50c46014604f003fbff2819d009688a
:106d38000b88c3f38123022b0dd0032b02d0002034
:106d4800207210bd01440122204606f0effe022306
:106d58002372002010bd0b5a2380012323720020c8
:086d680010bd062010bd00bfa4
:020000040000fa
:020000040103f6
:106d700010b503880446014603f47c43002243f027
:106d800001030b482380626041f8180fa262c4e936
:106d9000081204f108000bf033fe04f110000bf0b0
:106da0002ffe2346034a43f82c2f2046636310bd71
:086db000252a0401312a040127
:020000040000fa
:020000040103f6
:106db80038b504460d46f5f7a5fe0d4b93f8093d89
:106dc8008bb1022b03d12946204609f00bfc23780e
:106dd8000848002b0cbf4ff080514ff00051bde820
:106de80038400af0c7bd29462046f6f7ebfeeee725
:086df80038c5002060c5002031
:020000040000fa
:020000040103f6
:106e0000010204005365635472616e73706f727493
:106e100000000000ffc0000000000000a8c000004b
:106e200000000000aec00000000000002bc0000009
:106e30000000000017000000030400002b060104fe
:086e40000182df2a000000bfff
:020000040000fa
:020000040103f6
:106e48005b25755d202573004170706c6963617402
:106e5800696f6e20436f6170205365637572653a80
:106e6800204e6f7420737570706f72746564206340
:106e780069706865722e00006b65792065787061ad
:086e88006e73696f6e0000bf1c
:020000040000fa
:020000040103f6
:106e900070b582b004460191c51c214601a8164672
:106ea000fff7d6fe80b9019ba5421a7804f10104d0
:106eb00003f101030bd02e2a06d1214601a801932c
:106ec000fff7c6fe0028eed0062002b070bd964245
:086ed00018bf062002b070bdde
:020000040000fa
:020000040103f6
:106ed800f0b5002499b00d4606461746084608aa9c
:106ee80021464023cde90144cde90344cde90544d9
:106ef80007940af05df8159b064a0192a34208bf61
:106f08002b463a4601a93046029301f0f3fd19b029
:086f1800f0bd00bf38c50020e8
:020000040000fa
:020000040103f6
:106f200070b5154688b000241e460a462b4601a9b6
:106f3000cde90144cde90344cde905440794044675
:106f400004f0cafa049638b1014601ab2a4620463d
:106f5000fff7e6ff08b070bd024601a9204601f028
:086f6000cdfd08b070bd00bfbb
:020000040000fa
:020000040103f6
:106f6800323030313a343836303a343836303a3aca
:106f78003838383800000000010101020101000022
:106f8800ac6f0301a86f0301a46f0301a06f030195
:106f9800a06f0301a26f0301210010000c00000084
:086fa800010000001c0000bf05
:020000040000fa
:020000040103f6
:106fb00010b5104b1b7884b01bb1b0f5404f0bd30c
:106fc000fee78c890193031901a80291adf80c30fa
:106fd000faf71cfa04b010bd6fea80406fea9040e7
:106fe00043ba0222084601a9adf8043005f0faffc1
:086ff00004b010bdc90101202d
:020000040000fa
:020000040103f6
:106ff80002b370b5064684b00d4614460ee02a88e2
:1070080001a806f0ddf8013ca4b270b9bdf80c3057
:107018002a885bba0a3313442b8044b12946304688
:1070280004f0a4fa31460028e9d004b070bd00206d
:0870380004b070bd0020704798
:020000040000fa
:020000040103f6
:10704000036823b94068b0fa80f040097047da1c41
:1070500006d182884ff6ff739a420ed00020704707
:10706000b3f17f4ffad18388fe2bf7d18079a0f15d
:10707000fc00b0fa80f0400970478379ff2bedd116
:08708000c079c009704700bf90
:020000040000fa
:020000040103f6
:107088004268e2b170b50e4e06f128018a4203d17a
:1070980013e08b4204d01a461369002bf9d170bd56
:1070a8001661084c05460023224619462846fdf776
:1070b800c3fc2469b442f6d170bd4660f1e770475d
:0870c800ec1c0301141d03017f
:020000040000fa
:020000040103f6
:1070d0004268104938b5d2b18a4217d0134601e050
:1070e0008b4213d01b69002bfad100e01a461369ba
:1070f000002bfbd11161074c0546224600230121dc
:107100002846fdf79dfc2469002cf6d138bd41606e
:08711000f1e700bfec1c0301d4
:020000040000fa
:020000040103f6
:10711800f0b5074683b00e4668463946154601f075
:1071280089fb009c2cb915e0684602f077fa009cb0
:1071380084b12a463146204604f0cefa0028f3d01e
:107148002146384609f036f9684602f067fa009c8d
:08715800002ceed103b0f0bde4
:020000040000fa
:020000040103f6
:1071600070b5104b41f2a60284b09a5ad3f8404d44
:1071700093f8441d93f8476d8df80a1052baa3f89e
:10718000452d014624ba40f60b0501a8adf80b20a9
:10719000cdf806408df80d60adf8045007f020fbe7
:0871a00004b070bd38c50020e9
:020000040000fa
:020000040103f6
:1071a80038b50378c3f30013dbb94578012d0446dd
:1071b800c0e9621213d9022d0bd04ff47a712378eb
:1071c80043f0100304f5c870237005f099fe002001
:1071d80038bd2946e0f77afb4ff47a71efe7194694
:0871e800ede7052038bd00bff2
:020000040000fa
:020000040103f6
:1071f00010b54b795b0982b002d1436c0133436413
:107200008b88019123f4c45343f080038b80094899
:10721000002201a9daf7f6fd0446019808b10af048
:10722000d5fb204602b010bd019808b10af0cefb94
:087230000bf01afe94c50020ca
:020000040000fa
:020000040103f6
:107238007f291ed030b44478e208072a98bf01326b
:1072480002f01f0262f3c70401eae17344705b4273
:1072580001889bb2db00c1f30a04551e9bb205fbf3
:10726800043393fbf2f262f30a01018030bc002080
:0872780070470720704700bfba
:020000040000fa
:020000040103f6
:1072800030b50f4b93f8093d022b83b000f11c057c
:1072900009d90c4b0821009128461a46002104f018
:1072a0008bff03b030bd044610300af071fb0023a1
:1072b0002846a37203b0bde830400af069bb00bfa6
:0872c00038c50020807f0a00a0
:020000040000fa
:020000040103f6
:1072c80010b5437f022b04460ed094f83e200b489d
:1072d800002363f3000284f83e20637704f12c0155
:1072e800bde8104003f0bcbb037fdb07edd50246c9
:1072f80003490448fbf71af8e7e700bf64c6002013
:087308006d33040110c70020e1
:020000040000fa
:020000040103f6
:1073100010b584b0044601a90e4806f057fb78b9b1
:10732000bdf8061001294ff001000bd8b4f8443025
:107330000bb1834204d9a4f8440020460af072fc41
:1073400004b010bd04f068ffb4f84430002bf0d155
:08735000f1e700bff0dd0020b1
:020000040000fa
:020000040103f6
:1073580000f00e000e281cd8dfe800f00c1b0f1bf5
:10736800131b171b1b1b1b1b1b1b080029230b7044
:107378000020704700230b7070472b230b700020f0
:1073880070472c230b70002070473c230b700020a3
:0873980070470620704700bf9a
:020000040000fa
:020000040103f6
:1073a000f0b583b00d4669461c461746e9f74ef81e
:1073b000064688b99cb1ab89e41a64baa4b269469e
:1073c00008222846adf8044005f00cfe064618b920
:1073d0002846082109f0e4fd304603b0f0bdbc8822
:0873e000083464baa4b2eae724
:020000040000fa
:020000040103f6
:1073e80030b4046c0734e4089c4212d8b0f8663014
:1073f8000c6093b1c36943b1436a33b1154629465a
:107408002246603030bc0af03fbd6ff06d0030bce2
:10741800704700230b600248f9e70248f7e700bf0e
:0874280000b1ffff80b0ffff7f
:020000040000fa
:020000040103f6
:1074300030b50368cd1a002d83b01add1d78022dfa
:1074400014d101331546036001aa0446faf7a6fedb
:1074500008b103b030bd019a2168284606f082f8d1
:107460002368019a1344236003b030bd6ff06100bc
:08747000efe76ff05f00ece7ad
:020000040000fa
:020000040103f6
:1074780070b504688c4284b01ad815460a1b042ad1
:1074880016dd0434091b1a460646cde90041284694
:1074980003ab0899eef7b2fd40b9039b32681bbafb
:1074a8001360039a336804321344336004b070bd28
:0874b8000048fbe700b1fffff3
:020000040000fa
:020000040103f6
:1074c000d0f8c030d0f8b810026c581a72b1916b75
:1074d00059b14b791b09023b092b06d8dfe803f0b1
:1074e0000a050505070707050507064870471368dd
:1074f000184470470979d36801f01f0203eb420377
:08750000184470470094ffffde
:020000040000fa
:020000040103f6
:107508002de9f04383b017460a9e3244884692001c
:1075180000211c4605460af00bfe96b1043c04eb1c
:10752800860607f1010900bf54f8043f0093284676
:107538003b4642464946ebf74dfdb44205f104058a
:08754800f2d103b0bde8f083ad
:020000040000fa
:020000040103f6
:10755000f8b503681f79012f15d115460446d0f8f8
:10756000e4000e460bf0fcfb294638460bf0f2fb1c
:10757000c4f8e40048b131462a4609f0c5fbc4f816
:10758000e8500020f8bd0248f8bd0248f8bd00bf31
:08759000008fffff0081ffffe7
:020000040000fa
:020000040103f6
:1075980010b50bf049f80d4b0d4a1b6811680d4cde
:1075a80003eb83035b01b1fbf3f203fb12121a44f2
:1075b800b0fbf3f101fb1300101ab0fbf3f203fb6d
:1075c8001200a4fb0030c0f3cf1010bd5000012002
:0875d80054000120cdcccccc05
:020000040000fa
:020000040103f6
:1075e00070b503f0c5fc04460d460bf001fc6b01c1
:1075f0006201121b43ead46363eb050351025b0291
:1076000043ead2530a1945eb030399019601b61ace
:1076100041ea926161eb03010246301945eb010139
:08762000002305f039fb70bde9
:020000040000fa
:020000040103f6
:107628000f4b5a8b12f0070200d170470d4810b467
:1076380007218024c2871c7659831a7e510703d5f7
:107648009a6a1a7e5207fbd4036a2bb1416a5df825
:10765800044b036a022018475df8044b704700bfcb
:08766800000c004020fd002091
:020000040000fa
:020000040103f6
:1076700038b504460af098fc002c17db63099b0020
:1076800003f1604303f5614301221d6804f01f0408
:10769000e54002fa04f41540c3f88040bff34f8f71
:1076a000bff36f8f0af08afc284638bd00250af028
:0876b00085fc284638bd00bf2f
:020000040000fa
:020000040103f6
:1076b80010b4104c636b7bb170b19a68904210d9ca
:1076c800002103e040b19a6882420ad29a68996020
:1076d8009b69801a002bf5d1636923615df8044b1f
:1076e80070479a68101a9860636923615df8044bc3
:0876f800704700bf60fd002097
:020000040000fa
:020000040103f6
:10770000104b1b68db6870b5dc680546201d0e4613
:1077100006f0e8fe94f824305a0708d423f0010359
:1077200084f824302046236abde87040184720467c
:107730003246294606f0eafe236a2046bde870403c
:08774000184700bfc40001203e
:020000040000fa
:020000040103f6
:107748002de9f041804628200f4615461e46e7f7ea
:107758005ffe0446a0b1002380f82430fdf7b4fc96
:10776800069bc4f80080c4e906762362201d0bf04e
:107778003bfd2db194f8243043f0040384f8243001
:087788002046bde8f08100bfbe
:020000040000fa
:020000040103f6
:107790000f4a032393705378dbb200bf03f01f033b
:1077a000082b10d1937b43f010039373094b1a6895
:1077b00042f001021a601a6ad20707d51a6822f04d
:1077c00010021a6070475378dbb2e7e71a6af3e7f2
:0877d0000000014100400141ed
:020000040000fa
:020000040103f6
:1077d80010b50bf02dfd026801469ab102f12004a4
:1077e800204602f05ffe28b908602046bde8104038
:1077f800cff71fbd5369002b05da013301d110699a
:107808000860536110bd013b002b02d113690b6066
:08781800ebe7f6da0bf04dfb83
:020000040000fa
:020000040103f6
:1078200008b50346ff2b08461bd003f07003202b3e
:107830000fd004d8abb1102b13d00bf01dfd402b93
:107840000bd0502b0dd0302bf7d1bde80840daf724
:10785000bbbdbde80840daf7babdbde80840daf7bd
:06786000a5bd002008bddb
:020000040000fa
:020000040103f6
:1078660010b50278202a034600f10100f9d0a2f1f2
:1078760009010429f5d92b2a07d02d2a11d1012176
:107886000133013b00200a2403e00021f8e76043ae
:10789600801a13f8012f303a092af8d901b9404263
:0678a60010bd0021ede71a
:020000040000fa
:020000040103f6
:1078ac000e4b1988014410b489b20d4c002302e030
:1078bc0001330a2b0cd034f823208a4218b2f7d1aa
:1078cc0004eb83029278002af2d05df8044b7047e7
:1078dc004ff0ff305df8044b704700bfc2fe002034
:0478ec00f8fd002083
:020000040000fa
:020000040103f6
:1078f00070b516460446a1b101f01cfe80b9e388bc
:107900004ff6ff75ab4207d109e02046f1f778f852
:1079100030b9e388ab4202d0a388b342f5d100204e
:1079200070bdc2884ff6ff739a42f8d0f1f768f83d
:04793000e4e700bfc9
:020000040000fa
:020000040103f6
:1079340038b5d0f82836bbb1dd69adb10446294667
:1079440000f5c560fdf75cfdd4f828362bb1db6982
:107954001bb104f22c6007f019f804f150006a8995
:107964002946faf7c5fe00b938bd2846bde83840b7
:047974000af02ab833
:020000040000fa
:020000040103f6
:1079780070b50c460646114620461d4605f026fa07
:10798800044640b14022294605f028fb28b120468c
:107998000af018f80024204670bde96a06f10800cc
:1079a80006f0ceff30460122214600f047f8204677
:0479b80070bd00bfdf
:020000040000fa
:020000040103f6
:1079bc0090f8243010b5044653b1012b0abf40692e
:1079cc008069a06101462046bde8104005f096bada
:1079dc004169480881420ad80023a061e38384f8f6
:1079ec00253001462046bde8104005f087ba05f069
:0479fc0043faf1e772
:020000040000fa
:020000040103f6
:107a0000f0b5054685b0174601a80a4629461e4628
:107a100007f000fd044670b9bdf80c309e420dd849
:107a200031460df10a000af031ff3a460df10a0124
:107a300028460bf089fa204605b0f0bd0624204602
:047a400005b0f0bde0
:020000040000fa
:020000040103f6
:107a44008b6a03b1fee7cb6903b1fee710b40c6a9d
:107a540004b1fee70b79886264f382030b71036857
:107a640063b1db69cb6104680c6219620368012aa3
:107a7400d96108bf01605df8044b7047c1e9071183
:047a84000160f8e7be
:020000040000fa
:020000040103f6
:107a880030b587b00c46adf80630114605460df105
:107a98000602204603abf5f7d9fcbdf8102072b1f9
:107aa8000399284608f0f2f903aa0df1060140b936
:107ab80020460af001fcbdf81020002af0d107b0da
:047ac80030bdfee7e8
:020000040000fa
:020000040103f6
:107acc0038b542f22413c25c02b938bd0025044615
:107adc00c554294608f07efb2946204609f06af970
:107aec002946204609f072f904f154000af0aafe66
:107afc0004f5216003f068fc04f11100bde8384086
:047b0c0006f0d4beed
:020000040000fa
:020000040103f6
:107b100038b50d46044608f0ebfcff2819d0246860
:107b2000235c03f01803102b0bd0182b00f1050079
:107b3000204429460cbf08220022bde8384009f045
:107b4000e3b80530204429460422bde8384009f056
:047b5000dbb8fee7b9
:020000040000fa
:020000040103f6
:107b5400f8b50e460968b3790c8883711746054653
:107b640020220830002104f440540af0e3fa77b9e3
:107b740044f002042b681c8033681a88d20500d5af
:107b8400fee72a689b7893700523ab80f8bd44f028
:047b94001204efe701
:020000040000fa
:020000040103f6
:107b980038b50c4601f1220092f9151094f82450da
:107ba800f1f7faf90a4890f8093d022b03d100f6db
:107bb80048539c4200d038bd90f86c3dab42fad097
:107bc80028304ff00041bde8384009f0d3be00bf6f
:047bd80038c500208c
:020000040000fa
:020000040103f6
:107bdc0038b504460e4d00234ff48070c4e90753aa
:107bec00c4e90133e36023616361a3610d46208026
:107bfc0004f1240009f08eff294604f12c0009f051
:107c0c009dff294604f140000af0d4fb204638bd04
:047c1c00552a0401e0
:020000040000fa
:020000040103f6
:107c200038b505463ab1012a13d00468002c0cbfc0
:107c30000320002038bd0c680a600068a042f5d01f
:107c400008b109f0c3fe002c2c600cbf03200020fb
:107c500038bd08684189eff73bfc04462868a0421c
:047c6000eed1e3e797
:020000040000fa
:020000040103f6
:107c6400036823b94ff4fa710a2005f009b910b575
:107c74000446fdf759f9d4e90031421a93420dd96b
:107c84001944091ab1f5fa7f38bf4ff4fa71002389
:107c940023600a20bde8104005f0f2b84ff4fa71f1
:047ca400f5e700bf41
:020000040000fa
:020000040103f6
:107ca80070b50e4604461546114601230246304675
:107cb80007f07cfc10b9207808b9607070bd3046b8
:107cc80002232246294607f071fc0028f6d12378c2
:107cd8002bb901236a889a4238bf062070bd6378a1
:047ce8000233f7e785
:020000040000fa
:020000040103f6
:107cec0010b4847802880b0a94b113449bb29a4264
:107cfc000bd8090289b2194489b299423cbf0131af
:107d0c0089b201805df8044b704701339bb2f0e7f8
:107d1c0002eb03239bb29a4201d901339bb2c9b245
:047d2c00e9e700bfc4
:020000040000fa
:020000040103f6
:107d300038b5cb7cdb070c46054614d42a6842b123
:107d400094420fd0134601e09c420bd05b69002b9c
:107d5000fad16261284622462c600121bde83840f4
:107d6000f1f776bd38bd024920460af0a3fee5e7eb
:047d7000e8d3002034
:020000040000fa
:020000040103f6
:107d7400036813b91be05b69d3b19942fbd18b7cd7
:107d840003f00103934212d070b50c4616460a461e
:107d940000210546f1f75afda37c66f30003a374a2
:107da400284622460121bde87040f1f74fbd7047d7
:047db400704700bf55
:020000040000fa
:020000040103f6
:107db800f8b50d46816b8d42044617461e464ff0b6
:107dc80080010b480cd009f0d5fdb4f82c1184f8cb
:107dd8003c700131a4f82c1184f83f60a563f8bd0c
:107de80009f092f884f83c7084f83f60a563f8bd08
:047df80060c5002042
:020000040000fa
:020000040103f6
:107dfc0070b5488840bac0f381300c4615460af07d
:107e0c0011fa06466888248840bac0f381300af01b
:107e1c0009fab04204d0b4bf01204ff0ff3070bd5e
:107e2c00298860ba49ba89b280b2bde8704004f0c2
:047e3c008dbc00bf3a
:020000040000fa
:020000040103f6
:107e400070b5866900f11002964203d0827a11441f
:107e5000817270bd4268002afbd00268002af8d007
:107e600004460d4607f0b6fd2189237ba57201313a
:107e7000e372002005f006f801463046bde8704088
:047e800005f042b80f
:020000040000fa
:020000040103f6
:107e840038b5044634f8083b1bb10d4b93f8092d63
:107e940022b92046bde8384009f078bd054603f60e
:107ea40098400af01bfb0028f3d12b884ff47a7119
:107eb400204601fb03f1bde8384005f023b800bfbc
:047ec40038c500209d
:020000040000fa
:020000040103f6
:107ec800f0b58db0002307460d46019306ae03e0da
:107ed800304608f007ff88b10024aa8a029601a953
:107ee80002ab3846cde903440594dbf789ff182235
:107ef80029460028ecd020460db0f0bd01200db079
:047f0800f0bd00bf09
:020000040000fa
:020000040103f6
:107f0c00f0b58db0002307460d46019306ae03e095
:107f1c00304608f0e5fe88b100246a8a039601a970
:107f2c0002ab38460294cde90444dbf767ff182214
:107f3c0029460028ecd020460db0f0bd01200db034
:047f4c00f0bd00bfc5
:020000040000fa
:020000040103f6
:107f50002de9f04784b01c46ff23d4e900a98df831
:107f60000f3080460f4616460df10f0505e000bfa5
:107f70009df80f30c4e900a943b10095234632466d
:107f800039464046d8f74cf80028f1d104b0bde896
:047f9000f08700bfb7
:020000040000fa
:020000040103f6
:107f940010b50a468ab00c46202307210c4806f087
:107fa40077fc08b90ab010bd2021204609f026f854
:107fb40048b920230093224602ab07210448faf76c
:107fc40017fa0ab010bd2021204609f017f8f0e78f
:047fd4008cc5002038
:020000040000fa
:020000040103f6
:107fd80010b50246044600234ff6ff700a49606454
:107fe800c4e90f3384f84830e36442f8501f074966
:107ff800e165a265c4e9184304f15c01044805f091
:10800800adfe204610bd00bf052c040189330401d4
:04801800b8c50020c7
:020000040000fa
:020000040103f6
:10801c00c8b1f8b5044647680c4d0d480e4603230d
:10802c0003e055f8140f58b16b689f42f9d13a46ea
:10803c00a16808f055fe0028f3d12b693360f8bd18
:10804c006ff02d00f8bd6ff02d0070479870020195
:04805c009033040158
:020000040000fa
:020000040103f6
:10806000c8b1f8b5044647680c4d0d480e460923c3
:1080700003e055f8140f58b16b689f42f9d13a46a6
:10808000a16808f033fe0028f3d12b7c3370f8bdd3
:108090006ff02d00f8bd6ff02d00704704590301fb
:0480a000342c040177
:020000040000fa
:020000040103f6
:1080a400c8b1f8b5044647680c4d0d480e46082380
:1080b40003e055f8140f58b16b689f42f9d13a4662
:1080c400a16808f011fe0028f3d12b7c3370f8bdb1
:1080d4006ff02d00f8bd6ff02d007047b4e203017e
:0480e400282c04013f
:020000040000fa
:020000040103f6
:1080e800f0b40e4d6c68acb10d4e01e06c688cb10b
:1080f800e379c3f38403083556f823301b788342a9
:10810800f4d1637903f00f07b1eb871feed1b2eb1f
:10811800131febd12046f0bc704700bfa4590301e0
:0481280090010120a1
:020000040000fa
:020000040103f6
:10812c0040b18378012b10b5044604d00023238082
:10813c00a37010bd70470430f8f7b8fe04f164006a
:10814c0007f0f2fd04f16c000af078ff04f18400f2
:10815c000af074ff04f19c0007f0e6fd0023238075
:04816c00a37010bd2f
:020000040000fa
:020000040103f6
:1081700038b50025044600f8045b0af0c7fd04f199
:108180000c000af0c3fd04f114000af0bffd04f175
:108190001c0008f0ddfb04f134000af0b7fdc4e96f
:1081a0000f55c4e91155c4e91355c4e91555e565e2
:0481b00038bd00bf17
:020000040000fa
:020000040103f6
:1081b40038b50368044600251b8845600381f6f73b
:1081c40027fc206bc4f8ec50c4e90a5528b106f02a
:1081d400abf8206b0af0c2fd2563d4f8e4000af082
:1081e400bdfd0023c4e939332046bde83840dcf73f
:0481f40087b900bf88
:020000040000fa
:020000040103f6
:1081f800036870b5ce1a002e19dd1e78032e10d133
:10820800013303600446f9f7c5ff48b913685bb149
:108218001546013b22682b6013782bb90132226086
:1082280070bd6ff0610070bd6ff0670070bd6ff0da
:048238005f0070bdb6
:020000040000fa
:020000040103f6
:10823c00ebb10439f0b401eb8303071f043a0020bf
:10824c0051f8045f52f8046f2c1aa64294bf4ff0f9
:10825c00000c4ff0010ca41b85422cbf60460cf1a6
:10826c000100994247f8044fead1f0bc7047184618
:04827c00704700bf88
:020000040000fa
:020000040103f6
:1082800038b51546fcf752fe094c0a490a4b0860fe
:1082900080221a70258006f09df90320eaf710ff6e
:1082a0000649074b0020012208701a7038bd00bf34
:1082b0003e0001205c000120d001012012010120bc
:0482c0001401012084
:020000040000fa
:020000040103f6
:1082c4000d4b30b41d6beff3108072b64ff4804148
:1082d40000220f241d635960084d5c609a60084cad
:1082e40099604ff400411a621d621c62996080f328
:1082f400108830bc704700bf00060044556699aa38
:04830400aa99665577
:020000040000fa
:020000040103f6
:1083080030b4eff3108172b60b4b0c4d18634ff479
:1083180080420f205a60586004209860084c9a6088
:1083280000204ff4004218621d621c629a6081f3bb
:108338001088012030bc704700060044556699aa91
:04834800aa99665533
:020000040000fa
:020000040103f6
:10834c0001fb00f313f14d0f70b515d8064603f180
:10835c004c000d46e7f75af8044668b17db100f1c0
:10836c004c032360c4e90f6501212046f3f71afc86
:10837c000023a364204670bd0024204670bd034634
:04838c00efe700bf58
:020000040000fa
:020000040103f6
:108390000b4b1b68012b0b4b02d900201b6870474d
:1083a0001b68d86a20b9084b1b68012b02d970479b
:1083b00000207047054a064b10681b68c01a7047ba
:1083c000a400012088000120bcfb0020ac0001209b
:0483d000bc000120cc
:020000040000fa
:020000040103f6
:1083d4000b4b186818b90b4b1b6813b1704700207e
:1083e4007047094a12680ab118467047074b084a91
:1083f4001b681068013b984214bf0120022070479b
:10840400ecfe0020c0000120b400012094000120f3
:0484140000ff002045
:020000040000fa
:020000040103f6
:10841800914208b50061416005d88169d21a8a4243
:108428000cd3012008bd9a4201d29942f9d2074bd8
:10843800011d186803f012fd002008bd044b011d42
:10844800186803f00bfd002008bd00bfc400012020
:04845800c800012037
:020000040000fa
:020000040103f6
:10845c0010b50f4c236884b023b10529cde9011266
:10846c00039002dd002004b010bd07f0bdfd022812
:10847c0007d0002320681a4601a9e4f7a7fc04b032
:10848c0010bd2068069a002301a9e4f79ffceae7d7
:04849c00d0000120eb
:020000040000fa
:020000040103f6
:1084a00000b50c4883b003f027feeef77ffbfbf727
:1084b0000df9094b009300231a4640f6b8310748de
:1084c000fff742f9064b1860002003b05df804eb9b
:1084d00002f06abd81a80201955f03010832040120
:0484e000d80001209f
:020000040000fa
:020000040103f6
:1084e4000368e3b130b583b0002405460094184610
:1084f400224623460321fff7afff012802d00120c3
:1085040003b030bd00942346224605212868fff7b6
:10851400a3ff0128f3d120462c6003b030bd032013
:04852400704700bfdd
:020000040000fa
:020000040103f6
:108528000d4bdb7a10b50d4c43b101230422102109
:108538002e2003f047fd0123237010bd084b1b7844
:108548003bb9042210212e2003f03cfd00232370a8
:10855800f3e70123f5e700bf90ff00201e0101208b
:048568001f010120ce
:020000040000fa
:020000040103f6
:10856c00891a00f1824030b500f5b0304d1c012164
:10857c00a94004880139914024ea010493401c432a
:10858c00a4b2048030bd00f1824000f5b030891aed
:10859c000388013101208840013890401840104177
:0485ac0080b27047e2
:020000040000fa
:020000040103f6
:1085b000012810b503d951f8140c06f05bf8a1f1ad
:1085c0002803bff35b8f53e8002f013a43e80020f4
:1085d0000028f8d1bff35b8f5ab951f81c3c01f168
:1085e00058040bb1204698472046bde8104006f0dd
:0485f0003dbe10bdbf
:020000040000fa
:020000040103f6
:1085f400884210b40fd98b1883420cd984183ab12d
:10860400224600bf13f8014d02f8014d9942f9d1f9
:108614005df8044b7047002afad00a44431e00bf99
:1086240011f8014b03f8014f8a42f9d15df8044b6c
:04863400704700bfcc
:020000040000fa
:020000040103f6
:1086380070b590b10e4d2a68a0f110042e46a2b173
:1086480050f8101c43189a42136807d11033126966
:1086580002600b4440f8103c2c6070bd1033d518f4
:10866800ac4202d10b441360f7e702603460f4e7d0
:04867800fc000120e1
:020000040000fa
:020000040103f6
:10867c0010b5054c227832b9044b13b10448aff352
:10868c0000800123237010bd70fe0020000000004c
:10869c000000000008b5034b1bb103490348aff3be
:1086ac00008008bd0000000074fe002000000000e7
:020000040000fa
:020000040103f6
:1086bc008c2810d82c2803d900210b48f9f7febdc3
:1086cc0008b500210948f9f7f9fd00210748f9f729
:1086dc00f5fd10b108bd0020704700210248bde82f
:1086ec000840f9f7ebbd00bfb0ff0020bcff002035
:020000040000fa
:020000040103f6
:1086fc0070b500f1310424f00104002525602378c5
:10870c00656003f03f0343f0400323702946a560e6
:10871c00e56025616561a56106460af0c9f804218a
:10872c003046218205f0ecf96561258370bd00bff0
:020000040000fa
:020000040103f6
:10873c0070b506460c4604e0304604f019fbb0b99f
:10874c006c1c2f21204606f0dffe021b054623463b
:10875c0092b20b210028efd1204609f023f82346d2
:10876c0082b20b213046bde8704004f001bb70bdf5
:020000040000fa
:020000040103f6
:10877c00f8b504468688e58800680f46ae42134675
:10878c0034bfa91b002130443a46faf72dfc031ed6
:10879c000ddba188e2880b449bb29342a38004d3e7
:1087ac0023681344002203f8012c2046f8bdfee791
:020000040000fa
:020000040103f6
:1087bc00f8b50e4e07460d4603e0304602f0bef902
:1087cc0090b9802101200af093fd29460446002827
:1087dc00f3d03b887a8801339bb29a4238bf1a4651
:1087ec0000213b807a8001602046f8bdd0d100206a
:020000040000fa
:020000040103f6
:1087fc0038b50b8843828b7803720d46044691f989
:10880c0003102c30fef712fd297904f12e0005f02f
:10881c0047fc6a79207961791346c3f34003c2f3ac
:10882c00000262f3410063f300012071617138bdf5
:020000040000fa
:020000040103f6
:10883c000b68d3b1da690260a2b11179936a490766
:10884c0009d56bb1196841b9596831b9996821b921
:10885c00d96821b101e01bb119688a4202d0d369f1
:10886c004360704700234360704703604360704768
:020000040000fa
:020000040103f6
:10887c0038b505460c46f8f791f82968ff280b889f
:10888c0005d09b0b022b04d0032b08d023b1062060
:10889c0038bd0b5a238001232372002038bd0144bc
:1088ac000122204605f040f902232372002038bd36
:020000040000fa
:020000040103f6
:1088bc0010b50378dc0717d54478052c02d0428814
:1088cc00910602d50024204610bd6fea121161f307
:1088dc00410342f0200203704280002cf2d1bc30e4
:1088ec0006f050f8204610bd0d24204610bd00bfe8
:020000040000fa
:020000040103f6
:1088fc0010b58ab0d0f8b840222201a8002109f0a6
:10890c0015fc4ff6ff731946012207a8adf812307b
:10891c008df81a200af01efb01a80722032321461a
:10892c008df824200193daf76bfd20460ab010bdb8
:020000040000fa
:020000040103f6
:10893c0010b50378db07044605d500f1100114309f
:10894c0009f0a2f878b104f12c0021890af028f87a
:10895c00236a002060700bb1616a98472046bde81d
:10896c001040e9f7b1be2046bde81040e4f7aebcbc
:020000040000fa
:020000040103f6
:10897c00827c920710d410b5044607210af028f81f
:10898c0094f86e10cb0902d023881b0607d5074834
:10899c00bde8104001f0febb044801f0fbbb01f048
:1089ac007f010248bde8104003f0bab938c5002079
:020000040000fa
:020000040103f6
:1089bc0038b51546044600f0a7fe94f901302b702b
:1089cc0078b10278237842b9012b08d090f90130a4
:1089dc007f2b18bf2b70002038bd022bf6d1152031
:1089ec0038bd2378012b14bf0020152038bd00bfe3
:020000040000fa
:020000040103f6
:1089fc008378033b032b18d8dfe803f01506040239
:108a0c0003f0dcbcf7f764b810b5836904469979b8
:108a1c00064803f085f9a16920460e230022bde823
:108a2c001040e0f731bbf9f7cfbd704738c50020d7
:020000040000fa
:020000040103f6
:108a3c00002310b50822036043600b49044608f07c
:108a4c004ff950b1084b03cb2060616007484ff4dd
:108a5c00003108f08dff204610bd4ff40031034863
:108a6c0008f050fa204610bd782f040160c5002094
:020000040000fa
:020000040103f6
:108a7c0070b500f12c040d46204608f083ff284603
:108a8c00342109f0abff70b1d0f80230064e074a22
:108a9c00d5f800111bba2046b34298bf1a46bde860
:108aac00704007f04dbc70bdff13730f0014730fb3
:020000040000fa
:020000040103f6
:108abc0010b54378da1e012a044613d90bb10023f2
:108acc006370237800226ff382032370c4f8bc20f8
:108adc0004f1380005f090f904f19000bde8104065
:108aec0008f050bf022100f0a5fe6378e6e700bf56
:020000040000fa
:020000040103f6
:108afc00f0b591b040230c460646174648686a46c6
:108b0c00002108f053fa9df80030dde90152052be5
:108b1c0008d8dfe803f003030303030315b1384659
:108b2c002146a84761683046fdf7fefb11b0f0bd49
:020000040000fa
:020000040103f6
:108b3c0030b593b00d4600f13c016846fff778fe66
:108b4c00009c94b1402302aa0021204608f02efa82
:108b5c00bdf80a30ab4208d0109c002cf2d168460c
:108b6c0000f05afd009c002cecd1204613b030bd17
:020000040000fa
:020000040103f6
:108b7c0038b50e4a036852f82150044623b92560d3
:108b8c00fcf7cef9606038bdfcf7caf9d4e90032c5
:108b9c00811a8b42f3d913441b1a9d4238bf1d46d0
:108bac002560fcf7bdf9606038bd00bf7cfd02019b
:020000040000fa
:020000040103f6
:108bbc000378ff2b15d0038848f2fe0223f47c5374
:108bcc00934212d0036853b9436843b9836833b9ed
:108bdc00c368b3f1807f14bf0e20002070470e20b5
:108bec007047407800f00f0070470220704700bfbc
:020000040000fa
:020000040103f6
:108bfc0070b50c682379002643f0010305462371f8
:108c0c000e602046314609f053fe6661fcf788f988
:108c1c002146a061284609f057fe05f1380005f001
:108c2c00b1fe21462846bde87040fbf7e5b800bf11
:020000040000fa
:020000040103f6
:108c3c0030b5036883b00d46bab1517802310a449d
:108c4c00017900920b44019304e0c278284607f0a6
:108c5c0053fd38b90121684602f074fe0446011d2b
:108c6c000028f2d1204603b030bd1a46e8e700bf19
:020000040000fa
:020000040103f6
:108c7c0010b504460d4809f09ffe6378014613f0c9
:108c8c00f8000fd02288c2f30a02d308500754bf51
:108c9c005b42db43dbb2581ac0b2020603d47f2b13
:108cac0008bf002010bd002010bd00bf48cf002021
:020000040000fa
:020000040103f6
:108cbc0038b50e4c94f8093d022b054604d02846d5
:108ccc00bde83840fff7d8b804f6984009f002fc2c
:108cdc000028f4d1ab88013304f60850ab800af0bd
:108cec006df92846bde83840fff7c6b838c50020f6
:020000040000fa
:020000040103f6
:108cfc0038b501f1310323f001035d78022d0bd15e
:108d0c001b7813f0300f0c46054606d0214628463a
:108d1c00bde83840e9f780ba38bd044804f078fe65
:108d2c0021462846bde83840e9f776ba10c700203e
:020000040000fa
:020000040103f6
:108d3c00f0b5adf5077d002307460d46009305ae53
:108d4c0003e0304601f086ff78b90024694601ab98
:108d5c00b5f8002203963846cde901440494dbf7bc
:108d6c004df829460028ecd020460df5077df0bdc6
:020000040000fa
:020000040103f6
:108d7c00f0b5036883b0154602790093ee1d1344d9
:108d8c000f460193f6080121684602f0dbfd04460c
:108d9c0050b1c378ab42f6d132463946043009f0b3
:108dac0077fee3788342eed8204603b0f0bd00bfd7
:020000040000fa
:020000040103f6
:108dbc00f8b50e4600211d46016041608160c1601e
:108dcc00016141611746311df278044609f02afb16
:108ddc00698849ba89b22046faf71efa2b88a27c18
:108dec005bbaa3823b7863f30002a274f8bd00bfa8
:020000040000fa
:020000040103f6
:108dfc00831c99421ad3437802330344994215d306
:108e0c0010b408e01846023399420bd3437802336e
:108e1c000344994206d30478b2eb540ff2d15df8b7
:108e2c00044b704700205df8044b704700207047de
:020000040000fa
:020000040103f6
:108e3c00a1b138b50d463c220021044609f076f963
:108e4c00eb79094ac3f3840352f823301b6913b13d
:108e5c009847606320b12560002038bd03487047f7
:108e6c00a0f5c34038bd00bf90010120009fffff5b
:020000040000fa
:020000040103f6
:108e7c0070b50c460546114620461a460af066f9ae
:108e8c00064680b9043508e003f040fe2a46214628
:108e9c0048b120460af056f938b9b4f9043000212b
:108eac008b422046f0db304670bd0646304670bd26
:020000040000fa
:020000040103f6
:108ebc0038b50446806b00f5237000f039f9a06bcf
:108ecc0000f5237009f034ffa36b092003f523751b
:108edc0007f0c4fd002201462846f9f7a5fe00b1b3
:108eec0038bda06bbde8384000f5237005f054bace
:020000040000fa
:020000040103f6
:108efc0038b50546806e28b1e96e06f095ff002363
:108f0c00c5e91a33286f28b1696f06f08dff00236d
:108f1c00c5e91c33e86c28b1846809f01bff2046b6
:108f2c00002cf9d128469421bde8384008f0bebf8a
:020000040000fa
:020000040103f6
:108f3c0070b506688c1b002c82b014dd154601aa96
:108f4c0004463678fff752f948b92368ab602368ba
:108f5c00019a2e6013446a60236002b070bda0f5c4
:108f6c00125002b070bd0148f7e700bf20dbffffd5
:020000040000fa
:020000040103f6
:108f7c0038b5049c2568a5b90c4611461a4605f06f
:108f8c007ff948b92368052b00d043b96268064bba
:108f9c00002a18bf184638bda0f5185038bd024835
:108fac0038bd024838bd00bf00ddffff00d8ffff11
:020000040000fa
:020000040103f6
:108fbc0010b584b00023144601aa01938df8083033
:108fcc000393faf7e1f960b9019b3bb1012b09bf9f
:108fdc00039b06481b78237004b010bd207004b0ae
:108fec0010bda0f5145004b010bd00bf9cdafffffb
:020000040000fa
:020000040103f6
:108ffc002de9f0410568a94216d80e46691a8b4234
:10900c0012d80746e81a1c46114638601a4607f073
:10901c0075fe002c204609db2246314638460623d5
:10902c00bde8f04103f042bd6ff06b00bde8f0818c
:020000040000fa
:020000040103f6
:10903c002de9f0410568a94216d80e46691a8b42f3
:10904c0012d80746e81a1c46114638601a4607f033
:10905c0055fe002c204609db2246314638460423b7
:10906c00bde8f04103f022bd6ff06b00bde8f0816c
:020000040000fa
:020000040103f6
:10907c00f0b50c1e83b018db0546104626461f467d
:10908c00144603f043fd00280fdde1882846fcf769
:10909c009bfd40b9089bcde9007331462268eb88f3
:1090ac002868f1f7cdfe03b0f0bd6ff00300fae7ce
:020000040000fa
:020000040103f6
:1090bc0010b40268d0f8b8305479012c03f10302d3
:1090cc000ed00533c0e92f23c0f8c43029b1d1e943
:1090dc000121521a1344c0f8c4305df8044b704798
:1090ec0003f10b040d33c0f8b420c0e92f43ebe7b8
:020000040000fa
:020000040103f6
:1090fc00c8b130b404689cb1d0f8d0406cb9d0f889
:10910c00c44015230225c0e932352170d0f8c43093
:10911c005a70012130bcdff731b830bcf9f76ab8ae
:10912c00024830bc70470148704700bf008ffffffa
:020000040000fa
:020000040103f6
:10913c00e0b10368d3b110b50446406848b11b7860
:10914c00082b01d0092b02d109f0e0fd606809f071
:10915c0001fea06820b123689978490006f064feee
:10916c0020460c21bde8104008f0a0be704700bf9f
:020000040000fa
:020000040103f6
:10917c00c8b10078082810b40c4611460cd0092848
:10918c0003d00a485df8044b70471a46204600236a
:10919c005df8044bebf7b4b91a46204601235df891
:1091ac00044bebf7adb90148704700bf00afffffb0
:020000040000fa
:020000040103f6
:1091bc0070b505460e4609f045ff044628b115b1b9
:1091cc00284606f021fd204670bd06f1600105f130
:1091dc006000f0f70bfd04460028f0d106f16801a1
:1091ec0005f1680003f0eafb04460028ebd0e6e743
:020000040000fa
:020000040103f6
:1091fc000a6812b18988102901d00120704770b516
:10920c004ff0864684b002204ff2d00330606c469b
:10921c0020461b68054d984794e80700002385e815
:10922c0007001846336004b070bd00bf2007002053
:020000040000fa
:020000040103f6
:10923c0038b50d4c237863b90c4d2b7803b138bd80
:10924c0007f032fd162807d1012200232a70237063
:10925c0038bd05f0b9f9efe70120f6f73bfa01222a
:10926c0000232a702370f3e7130101201101012060
:020000040000fa
:020000040103f6
:10927c0009490a4a0a4b0a600a48c86000228a80d7
:10928c0003f5c0711a609a6230338b42fad1064be7
:10929c00064a1a60704700bf20fe0020b1fa002079
:1092ac00f0f3002080ff002048fe002025fa00206b
:020000040000fa
:020000040103f6
:1092bc0000b583b000230068019301a9f6f722f9e9
:1092cc0010b903b05df804fb019b5bb1074b4ff089
:1092dc0080521a60bff34f8fbff36f8f012003b022
:1092ec005df804fb012003b05df804fb04ed00e025
:020000040000fa
:020000040103f6
:1092fc000e4a012313801369d907fcd44ff40143a0
:10930c000a481380036913f40043fbd10749036235
:10931c000b6913f02003fbd1044a4b6213695b0603
:10932c00fcd44ff4807353815360704700000142aa
:020000040000fa
:020000040103f6
:10933c000d4a012330b41360136913f00103fbd100
:10934c004ff4a2601060032540f2f310074c157324
:10935c0005499083332520209572236050720b6948
:10936c00002bfcd130bc70470014004028000120b9
:020000040000fa
:020000040103f6
:10937c000c4b5a68d00303d55a6822f480325a60d9
:10938c00094b5a68d10303d55a6822f480325a60cb
:10939c00064b5a68d20303d55a6822f480325a60bd
:1093ac00704700bf000c0040001000400004004259
:020000040000fa
:020000040103f6
:1093bc0007b50022cde9002201460a480a4b007885
:1093cc00f3f712fa094b18b9d87703b05df804fb20
:1093dc00022201201a70987003b05df804eb06f0bd
:1093ec00ddbe00bf01110020992004019c1000205b
:020000040000fa
:020000040103f6
:1093fc000b4b0c4819780278c9b28a4238bf0170fd
:10940c0009491a460b682bb1013b0b6013b1ff23c2
:10941c0013707047054b052201201a7006f0bebe72
:10942c000700014121010120e00001209c100020d7
:020000040000fa
:020000040103f6
:10943c0010b50b461446024668b1042207210948b0
:10944c0004f0bef964b10123022211460648bde8be
:10945c00104004f0b5b90321044804f0b1f9f1e768
:10946c002346f1e74a000141420001414800014115
:020000040000fa
:020000040103f6
:10947c000d4b03229a705a78d2b200bf02f01f0231
:10948c00082a0dd19a7b42f010029a739a7842f016
:10949c0010029a70054a136843f001031360704779
:1094ac005a78d2b2eae700bf000001410040014106
:020000040000fa
:020000040103f6
:1094bc00f8b50b4a0b4c0c4e002313701d4604f1ef
:1094cc0050073378257323b12068431c01d0fbf778
:1094dc0003f81034bc42f4d1012333700020f8bde2
:0c94ec00edef002080fc0020eeef0020df
:020000040000fa
:020000040103f6
:1094f80010b500f1310222f0010282b0937c0446db
:109508001bb1118a438999420ad0137803f00f03db
:1095180020460433002102b0bde81040fbf746bfe7
:0c9528000121019208f0c0fe019aeee75c
:020000040000fa
:020000040103f6
:1095340010b401f1310222f001024c891378d2896e
:1095440003f00f03043313449c4207d30024446004
:10955400016003815df8044beff750ba4ff6ff73d7
:0c956400c0f806305df8044b062070478c
:020000040000fa
:020000040103f6
:10957000f8b5b0f8603013b100252846f8bd00f109
:109580005004204617460e46fbf7dcf90546002836
:10959000f3d13a463146204604f00cfc054600283b
:0c95a000ebd0204604f02efce7e700bff3
:020000040000fa
:020000040103f6
:1095ac00f0b5054685b0174601a80a4629461e4661
:1095bc0001f040f8044670b939460df1060009f087
:1095cc005ff932460df10601284609f0b7fc0a9afc
:0c95dc00bdf806301380204605b0f0bd3d
:020000040000fa
:020000040103f6
:1095e800f0b5054685b0174601a80a4629461e4625
:1095f80005f00cff044668b939460df10a0009f078
:1096080041f932460df10a01284609f099fcbdf8e6
:0c9618000c30f454204605b0f0bd00bf3b
:020000040000fa
:020000040103f6
:10962400436803606bb11a79996a52070bd589b103
:109634000a6852b94a6842b98a6832b9ca6822b912
:10964400db694360704729b10a68934202d0db6941
:0c9654004360704700234360704700bf74
:020000040000fa
:020000040103f6
:1096600030b583b0154604460091024629460023d2
:10967000eef73ef96289954200d9fee7a389e189b8
:109680009d4238bf5b1ba2eb0502294434bf9bb24d
:0c96900000236281e181a38103b030bda2
:020000040000fa
:020000040103f6
:10969c0010b5044606f026ffff2815d023681a5c87
:1096ac00012302f00702934013f0880f08d113f046
:1096bc00440f07d113f0220f14bf0620022010bd57
:0c96cc00122010bd0a2010bd022010bdad
:020000040000fa
:020000040103f6
:1096d80003681b7803f00703032b01d000207047b1
:1096e80000b583b00df1070103f08efc48b99df871
:1096f8000700a0f10400b0fa80f0400903b05df85b
:0c97080004fb002003b05df804fb00bf70
:020000040000fa
:020000040103f6
:10971400f8b50f46041d00f5a27502e00a34ac4208
:1097240010d014f8023c214608223846a61e1bb964
:1097340014f9013c7f2bf1d007f0d6fa0028edd1c3
:0c9744003046f8bd00263046f8bd00bfde
:020000040000fa
:020000040103f6
:10975000038803f0200342b110b4826d8a420c46a4
:1097600006d343b95df8044b704781654bb9704728
:109770008165002bf6d0214603485df8044b05f0c7
:0c978000afbc014809f0feba38c500205b
:020000040000fa
:020000040103f6
:10978c0070b50e6809790546304604f0a5f9c4b2e7
:10979c00102c0fd822462946304607f0a1fa08b9fa
:1097ac002b5d4bb131462246284607f0a7fa002024
:0c97bc00285570bd072070bd182070bd3e
:020000040000fa
:020000040103f6
:1097c80030b5c3b0044601a80d4608f07df901a9db
:1097d8002046faf7abf868b904460e2101a809f04b
:1097e800fff838b150f8023f42686a6020462b60a3
:0c97f80043b030bd1724204643b030bd04
:020000040000fa
:020000040103f6
:109804004661696c656420746f20736574205041ef
:109814004e206368616e6e656c20746f2025752020
:109824007768656e206170706c79696e6720646119
:0c98340074617365743a2025730000bf56
:020000040000fa
:020000040103f6
:1098400038b50446c8300d4606f0b4fa6378257181
:10985000052b1cbf0523637004f190004ff4fa61df
:1098600003f052fb04f110002622002108f064fcf2
:0c9870002046bde8384002f01fbe00bfdb
:020000040000fa
:020000040103f6
:10987c0010b5044682b0684607f0b4fd6278638880
:10988c00023ad2b2022a684628bf02225bba211dd4
:10989c00adf80030eef720fc009b00209ab262f38a
:0c98ac000f001b0c63f31f4002b010bd46
:020000040000fa
:020000040103f6
:1098b80070b5144608461a461e462146022305f08e
:1098c80075fe054660b9717863880131c9008b421d
:1098d80008d3204608f0d6ff2046022107f0f0fa08
:0c98e800284670bd0625284670bd00bf54
:020000040000fa
:020000040103f6
:1098f40030b583b008460c46082389896a4607f0c8
:1099040059fb054658b9bdf802305bba9bb2da0878
:1099140008d1db0706d42046082107f03ffb284680
:0c99240003b030bd0225284603b030bd62
:020000040000fa
:020000040103f6
:1099300090f86c3003b1704770b50446094808f0e0
:1099400057fd00b970bd084d284606f0bffe00283f
:10995000f8d12e686868a968ea68a265e66420659f
:0c996000616570bd64ca00200aca0020c6
:020000040000fa
:020000040103f6
:10996c0030b591b00d4608466a464023002107f0f9
:10997c001dfb0d9c002c08bf2c4640236a46002181
:10998c00204607f013fba54201d00f9818b10e9c8e
:0c999c00002cf2d1012011b030bd00bf42
:020000040000fa
:020000040103f6
:1099a80070b58468c4b10d46164601e0246b9cb1bd
:1099b80031462046f9f7d6fb0028f7d0a989284672
:1099c80003f0f6faab8903b1fee732462946d4e93b
:0c99d8000930bde87040184770bd00bfaa
:020000040000fa
:020000040103f6
:1099e40038b50c46054609686ab9e08838b94b8928
:1099f400e380286f09f0cefa48b92168a088bde851
:109a04003840fdf7d3ba006f09f0c4fa00b138bd8d
:0c9a14002168e86ebde8384005f090b80d
:020000040000fa
:020000040103f6
:109a200030b54b1e83b03e2b8df8071012d814466c
:109a3000054601220df10701204603f0d3fa08b1d3
:109a400003b030bd294620469df8072003f0cafa2e
:0c9a500003b030bd072003b030bd00bfe4
:020000040000fa
:020000040103f6
:109a5c0038b5024604460d4608462823002107f077
:109a6c00a5fa20b9237803f0f003602b01d006206f
:109a7c0038bda3885bba9bb22833b3f5a06ff6d878
:0c9a8c006a899a4218bf062038bd00bf4e
:020000040000fa
:020000040103f6
:109a980010b504463c30636c984282b003d0a36b87
:109aa80043b1db6933b104f1380002b0bde81040be
:109ab80006f080bc019107f067ff019904f13800b6
:0c9ac80002b0bde8104006f075bc00bf05
:020000040000fa
:020000040103f6
:109ad40038b50c4a044603460d46043007f07efbb5
:109ae400294604f13c00084a04f066fe0021a16600
:109af400c4f8fc1004f16c00902208f01bfb204613
:0c9b040038bd00bf4d330401912a04015c
:020000040000fa
:020000040103f6
:109b100030b587b06c460d460948214603f0d2fdaa
:109b200094e80300074a029206aa02e90300064be2
:109b300003931022284602a903f054fa07b030bd5f
:0c9b400038c500200001000c0003001bd1
:020000040000fa
:020000040103f6
:109b4c0030b4456855b1a9422b6910d033b1994254
:109b5c001c6905d01d462346002bf8d130bc70473c
:109b6c002c6100230a4630bc1946faf763bf4360e8
:0c9b7c0000230a4630bc1946faf75cbf13
:020000040000fa
:020000040103f6
:109b880000b587b0084618236a46002107f010fa86
:109b98009df81430052b08d0072b03d101a90648de
:109ba800fcf736fc07b05df804fb00210248ddf73e
:0c9bb8008dfe07b05df804fb40d20020d9
:020000040000fa
:020000040103f6
:109bc40070b5036882b00d46017900930b441646c4
:109bd40001930121684601f0b9fe0321044648b10e
:109be400faf7eaf90028f4d0837803f00f039d42d2
:0c9bf400efd13060204602b070bd00bf11
:020000040000fa
:020000040103f6
:109c000070b5887880090c46154608f011fb0646a9
:109c1000a8782488800908f00bfbb04204d0b4bfb8
:109c200001204ff0ff3070bd298860ba49ba89b26f
:0c9c300080b2bde8704002f08fbd00bfa4
:020000040000fa
:020000040103f6
:109c3c0038b504460d4608462178eff7bbf840b11d
:109c4c0063884ff6fe72934204d0aa8b9a4201d0dd
:109c5c00002038bd6368002bfbd02946184608222b
:0c9c6c0007f03ef8b0fa80f0400938bd67
:020000040000fa
:020000040103f6
:109c780030b500f1100483b0054621466846fef76a
:109c8800d9fd009b7bb119465b795b09204602d15f
:109c9800eb6c0133eb6406f08dfb6846fff7befc06
:0c9ca800009b002befd103b030bd00bfcb
:020000040000fa
:020000040103f6
:109cb40038b50468037923449c4215d223785b1099
:109cc400052b054604d010e023785b10052b0cd13e
:109cd40021462846f8f79ef8627829792b680232e3
:0c9ce40014440b449c42efd338bdfee753
:020000040000fa
:020000040103f6
:109cf00038b50c464907054604d4e20006d463048f
:109d000009d438bdfdf7bcfae200f8d52846fbf7c8
:109d100059fd6304f5d5044b93f8ee392b732846af
:0c9d2000bde8384005f056be38c50020f4
:020000040000fa
:020000040103f6
:109d2c0030b5044683b010680190002323720d46b1
:109d3c0001a8082108f0a4fdbdf80630032b0ad9b0
:109d4c0001a92846224605f02ffc10b9bdf80630b3
:0c9d5c00237203b030bd062003b030bd00
:020000040000fa
:020000040103f6
:109d680038b5046900f108039c4205d022b10a4db8
:109d780095f8093d022b00d038bd0446012205f5af
:109d8800586009f0f5fa05f648558542f4d12046a1
:0c9d9800bde83840fef772b838c5002066
:020000040000fa
:020000040103f6
:109da400838810b504461bb1013b9bb283808bb101
:109db400236813b1013b236023b12046bde8104062
:109dc40006f054bd204603f0d9fa2046bde8104001
:0c9dd40006f04cbde7f75af8eae700bfc4
:020000040000fa
:020000040103f6
:109de00010b404460b4a0c4982600022c0e90022ec
:109df000c26044f8101f90f86e10846121f00301d6
:109e0000c0e9072280f82420828580f86e105df872
:0c9e1000044b70478d080401d9130401b5
:020000040000fa
:020000040103f6
:109e1c0010b590f82430012b0c4607d05ab282b101
:109e2c00022b14bf0c460024204610bd90f82c3099
:109e3c008b718b7690f82c10034804f0ebfd2046c8
:0c9e4c0010bd1446204610bd1ccf0020a5
:020000040000fa
:020000040103f6
:109e580010b504460c494c3003f052f8b4f84430bd
:109e6800b4f8482001339bb2a4f8443012b1013a47
:109e7800a4f84820b4f87c209a4200d910bd2046a6
:0c9e8800bde8104008f0a8be80ee3600d7
:020000040000fa
:020000040103f6
:109e940030b50c4603c883b06b4683e8030018460c
:109ea400154608f01fff023802280cd801992b46ea
:109eb40022460878f8f73ef908b903b030bda0f59a
:0c9ec400745003b030bd00231b78ffde9b
:020000040000fa
:020000040103f6
:109ed000402c040108000000487900015c79000171
:109ee0000804000070790001080000007c7900017e
:109ef000907900010904000000000000000000004b
:0c9f000000000000000000000000000055
:020000040000fa
:020000040103f6
:109f0c0070b50c46054611462046f9f799fa0646f7
:109f1c0070b9043503e000bfe9f7fefd50b92946de
:109f2c002046e8f7a5fd00282a4621462046f3da0c
:0c9f3c00304670bd0646304670bd00bfc8
:020000040000fa
:020000040103f6
:109f4800022a14d90b685a1c0a601a78032a0ed1ff
:109f580010b4b3f801400333b4f5b85f0b6014bf15
:109f6800044802705df8044b08bf0020704702489f
:0c9f7800704700bf80b1ffff80b0ffff0a
:020000040000fa
:020000040103f6
:109f840010b5c46982b08cb1446a7cb11c4600949b
:109f9400134600f1340208460121fff76df8054b22
:109fa40010f10e0f08bf184602b010bd024802b0ef
:0c9fb40010bd00bf00b3ffff80b0ffff36
:020000040000fa
:020000040103f6
:109fc00010b5846b82b0a4b1006890b189b182b140
:109fd0000b4601790192a1f10101b1fa81f10093df
:109fe000490904f1f40003230922faf773f902b0d6
:0c9ff00010bd0148fbe700bf008fffff21
:020000040000fa
:020000040103f6
:109ffc00c0b10368b3b110b55b79012b044604d131
:10a00c0009e000bfeff706f920b963681b2b204667
:10a01c00f8d1002010bd036d13b1436d002bf4d1aa
:0ca02c00014810bd00487047008fffff86
:020000040000fa
:020000040103f6
:10a0380070b582b01646302301aa04460d4604f0d6
:10a0480085f958b92368019a13449d420ad13246ca
:10a0580029462046e7f798f802b070bda0f51450dd
:0ca0680002b070bd0048f7e79adaffff75
:020000040000fa
:020000040103f6
:10a07400d0f8583113f0040312d0d0f8642121f43d
:10a08400004323f0010393430cd141ea0203064841
:10a0940048f2010213401140994214bf03460023c1
:0ca0a40018467047004bfbe700d8ffff98
:020000040000fa
:020000040103f6
:10a0b000c28838b504460d468ab192002068002156
:10a0c00008f03af8ea0fd3039b1a5b002268002dd0
:10a0d000b8bf6d42013315600020a38038bd012157
:0ca0e00000f09efe0028f9d1e288e6e7bf
:020000040000fa
:020000040103f6
:10a0ec00cbb10439f0b4043a061f01eb830700200e
:10a0fc0051f8044f52f8045f24182cbf012300239d
:10a10c002c192cbf01200020b94246f8044f1844ea
:0ca11c00eed1f0bc70471846704700bf41
:020000040000fa
:020000040103f6
:10a1280070b50a4b0a49187082b00023094d0b70ac
:10a138001a46012640f2022401a907482e70adf8fc
:10a14800044007f065fa02b070bd00bf1701012096
:0ca1580045000120160101202410002009
:020000040000fa
:020000040103f6
:10a1640000b583b0adf8061005f0b2fe0df106019e
:10a174005320d8f7ffff074b1b7813b9064b1b7806
:10a1840013b903b05df804fb07f0f0f903b05df810
:0ca1940004fb00bf130101201101012099
:020000040000fa
:020000040103f6
:10a1a00010b50b4c0b4808f0a7fe2378013b012ba0
:10a1b0000cd8094b1b781bb101232370002010bd64
:10a1c00005f078fe012323700020f8e70d2010bd74
:0ca1d00015010120b42d04011301012031
:020000040000fa
:020000040103f6
:10a1dc0010b582b005f078fef5f7cef9044609f01b
:10a1ec0054f8084b1b78204440b213b9064b1b782b
:10a1fc000bb902b010bd019007f0b4f9019802b090
:0ca20c0010bd00bf130101201101012052
:020000040000fa
:020000040103f6
:10a2180010b5002482b000680194234601aaf0f723
:10a22800dffa012802d0204602b010bd019b002ba6
:10a23800fad0054b4ff080521a60bff34f8fbff32f
:0ca248006f8f02b010bd00bf04ed00e0fd
:020000040000fa
:020000040103f6
:10a2540070b548b90c4e0c4606f108004ff0ff31ba
:10a26400154609f0cdf818b94ff0ff34204670bdfb
:10a27400336829461b6820469847044606f10800bf
:0ca2840009f0c0f8204670bde0ff00208b
:020000040000fa
:020000040103f6
:10a2900070b548b90c4e0c4606f108004ff0ff317e
:10a2a000154609f0aff818b94ff0ff34204670bddd
:10a2b00033682946db6820469847044606f10800c3
:0ca2c00009f0a2f8204670bde0ff00206d
:020000040000fa
:020000040103f6
:10a2cc00431e033310b512d883b2042b0fd80a499e
:10a2dc005b01ca18d469a04209d1cc5c44b1147d8d
:10a2ec000023e4b2137504f0cff8204610bd00240f
:0ca2fc0004f0caf8204610bdf8f800205d
:020000040000fa
:020000040103f6
:10a3080000b583b0faf7e0fe084b186850b1084b67
:10a318000193032300934ff48072002305490648f4
:10a3280004f058ff03b05df804fb00bfd000012023
:0ca33800d4000120f831040161950101fe
:020000040000fa
:020000040103f6
:10a3440010b5c2b007f09cfe80b1027801ab7ab1bf
:10a3540041685a704278c3f8051084689a700648b8
:10a36400c3f809401946002207f054f942b010bd61
:0ca374008df80420ece700bf78100020fa
:020000040000fa
:020000040103f6
:10a3800010b5c2b007f07efe80b1027801ab7ab1a1
:10a3900041685a704278c3f8051084689a7006487c
:10a3a000c3f809401946002207f036f942b010bd43
:0ca3b00002218df80410ebe7781000206b
:020000040000fa
:020000040103f6
:10a3bc0021b10b4b0a681a608a889a800368094994
:10a3cc00094a002b08bf0b4613604368002b08bfdb
:10a3dc000b4653608368002b08bf0b469360704795
:0ca3ec00c41000205d3404018c1000201f
:020000040000fa
:020000040103f6
:10a3f8000d4b0222c3f88420bff34f8fbff36f8f3a
:10a40800202183f82113c3f884215a605207c3f826
:10a418008020bff34f8fbff36f8f83f81e13c3f8ed
:0ca4280080211a60704700bf00e100e0d6
:020000040000fa
:020000040103f6
:10a4340030b50d4a002300bf12f8134024b902ebd3
:10a4440043035b78184630bd01680d78a54209bf07
:10a4540002eb430301335b78013114bfdbb20160cb
:0ca464000a2be9d9eee700bf2418040120
:020000040000fa
:020000040103f6
:10a470004ff4001c1ceb410f98bf1ceb430f11d88d
:10a4800051ea030c50ea4c0c5cea020c0cd004d2ea
:10a4900082428b4180410130704790429941804116
:0ca4a00001307047002070470120704719
:020000040000fa
:020000040103f6
:10a4ac000378472b17d143784e2b14d18378552b37
:10a4bc0011d1c378432b0ed10379432b0bd14379a4
:10a4cc002b2b08d183792b2b05d1c07901288cbf7c
:0aa4dc0000200120704700207047a7
:020000040000fa
:020000040103f6
:10a4e6000378472b17d143784e2b14d18378552bfd
:10a4f60011d1c378432b0ed10379432b0bd143796a
:10a506002b2b08d183792b2b05d1c07901288cbf41
:0aa51600002001207047002070476c
:020000040000fa
:020000040103f6
:10a5200010b5044608f08cfe02462046a4f1200136
:10a53000fff7d9ff60b154f8043c0133012b44f814
:10a54000043c03d1936844f8083c9160012010bd9d
:0aa550009368002bf9d008f0b0fc6e
:020000040000fa
:020000040103f6
:10a55a000378472b17d143784e2b14d18378552b88
:10a56a0011d1c378432b0ed10379432b0bd14379f5
:10a57a002b2b08d183792b2b05d1c07901288cbfcd
:0aa58a0000200120704700207047f8
:020000040000fa
:020000040103f6
:10a594002de9f0419846dde90834069e9e420746bf
:10a5a400154607d1079903f051f918b165710020d8
:10a5b400bde8f0814146384603f048f90028f6d05a
:0aa5c400012326602571a371f1e761
:020000040000fa
:020000040103f6
:10a5d00030b54c7914f0180f85b00fd0094d002418
:10a5e00000f5cd50a34208bf2b46cde90244cde98a
:10a5f00000441430d9f790f905b030bd072005b0fc
:08a6000030bd00bf202f040152
:020000040000fa
:020000040103f6
:10a6080030b44d1e012d9df8084011d8062c0fd8e6
:10a618004ff6fe75aa420bd81201012942eac3027d
:10a6280042ea04020cbf1b21172130bc02f0b8bb60
:08a63800072030bc704700bf91
:020000040000fa
:020000040103f6
:10a6400070b582b0044601a816460d4604f046f9de
:10a6500006e02278b24201a80bd0a18806f034fcb3
:10a6600001aa29462046eef71bfa03460028f0d03f
:08a670001723184602b070bd6b
:020000040000fa
:020000040103f6
:10a6780070b58e68b1420cd00568a9420c460dd061
:10a688001db905e09c4205d01d46ab68002bf9d1e9
:10a69800a46070bda368ab60a460fae706601146c9
:08a6a80000f012fea460f4e7cb
:020000040000fa
:020000040103f6
:10a6b00070b5046805460e462cb18b6898476368f0
:10a6c000c01a002805da31462846bde8704000f07f
:10a6d000ffbd284632462146fff7ceff23682046bd
:08a6e000bde87040184700bfff
:020000040000fa
:020000040103f6
:10a6e8000279836a52070bd543b11a685ab95a6876
:10a6f8004ab99a683ab9da682ab9c36918467047f4
:10a70800002bfbd01a68824202d0c36918467047f2
:08a7180000231846704700bf42
:020000040000fa
:020000040103f6
:10a7200008b503681a8802f44053b3f5005f0bd0f4
:10a7300012f4406f14bf0120002050b112f4807f4a
:10a7400014bf0220032008bd1046faf783fe00283c
:08a75000f4d1ff2008bd00bf99
:020000040000fa
:020000040103f6
:10a7580038b50c46054605f0c7feff2811d02b6812
:10a768001a5c02f01802102a09d0182a0cbf082215
:10a7780000220344134400205b79237038bd04226f
:08a78800f7e7062038bd00bf11
:020000040000fa
:020000040103f6
:10a7900038b50c46054605f0abfeff2812d02b68f5
:10a7a0001a5c02f01802102a07d0182a0cbf0822df
:10a7b0000022034413445c7138bd04220344134453
:08a7c0005c7138bdfee700bf2b
:020000040000fa
:020000040103f6
:10a7c80070b5ff2382b00646002401e09df80730eb
:10a7d800ff2b03f1010314bfdbb20b230df10701bb
:10a7e80030468df8073000f0d7fde5b20134002877
:08a7f800ecd0284602b070bd50
:020000040000fa
:020000040103f6
:10a8000038b5082204460d4606f070fa50b12b68a0
:10a810006a68626023604ff400310648bde8384042
:10a8200007f0acb84ff400310248bde8384006f0fc
:08a830006fbb00bf60c50020f2
:020000040000fa
:020000040103f6
:10a838005388fe2b70b513d80546144608462a4699
:10a84800214604f0b3fe064608b1304670bd638861
:10a8580085f8fe30faf766fbc5f80001304670bd92
:08a868000726304670bd00bf59
:020000040000fa
:020000040103f6
:10a8700010b5018804460246002301f47c410948d2
:10a880002180636042f8180f04f10800c4e908232e
:10a89000a36208f0b5f804f1100008f0b1f8204602
:08a8a00010bd00bf192a0401dc
:020000040000fa
:020000040103f6
:10a8a80070b50b480d46f4f725fc70b9094bd3f881
:10a8b8002c41064614b909e064693cb12946204692
:10a8c80008f06efb237c8342f6d80126304670bd23
:08a8d800d8d5002038c500208e
:020000040000fa
:020000040103f6
:10a8e0008379013b032b15d8dfe803f00b0402103a
:10a8f000012070470878a0f1ff00b0fa80f040090d
:10a9000070470878ff3818bf0120704701f1080030
:08a9100005f0cebe00207047e7
:020000040000fa
:020000040103f6
:10a9180070b590b008460c46164640236a4600219a
:10a9280006f046fb0f9d0db110b070bd7189304621
:10a93800ecf7cafd6a460f90294620464023faf7ed
:08a9480035fd10b070bd00bf29
:020000040000fa
:020000040103f6
:10a9500070b4ca680e684d688c68c0f81a40c0f8b8
:10a960001260c0f81650c0f81e20038a0a8a42847a
:10a9700013b1002070bc7047014670bc014808f05c
:08a9800003bb00bfc0c50020ad
:020000040000fa
:020000040103f6
:10a9880070b5164605460c4600f0f0fd00b170bde6
:10a998000a2332462188284606f00afb0028f6d109
:10a9a800338921886a895bba11fa83f30a3393429f
:08a9b80094bf2380062070bd4e
:020000040000fa
:020000040103f6
:10a9c00010b504460b4807f063fd38b9237803b986
:10a9d00010bd2046bde8104001f0cebd204601f07c
:10a9e000e3fd2378012bf3d12046bde8104004f0ad
:08a9f000d1be00bf40d20020df
:020000040000fa
:020000040103f6
:10a9f80030b583b005460a4b00930c46faf792fa35
:10aa0800ab6e0849c31aa1fb03239b095bba204616
:10aa180006226946adf8043002f0e0fa03b030bd12
:08aa280000080002d34d62108a
:020000040000fa
:020000040103f6
:10aa300000b583b00846062311466a4606f0bcfa04
:10aa400050b9bdf802305bba9bb2012b07d9bdf8f3
:10aa50000430002b18bf062003b05df804fb06206d
:08aa600003b05df804fb00bf28
:020000040000fa
:020000040103f6
:10aa680030b4056855b1a9426b6913d033b1994226
:10aa78005c6905d01d462346002bf8d130bc7047d1
:10aa88006c61cb7c6ff34103cb740a4630bc002168
:08aa9800eef7dabe0360f4e7fb
:020000040000fa
:020000040103f6
:10aaa0008b050cd5036a53b110b582b004460df185
:10aab0000601084808f08cfa10b902b010bd7047c2
:10aac000206a06f083ff0023236204f1240006f0cd
:08aad0005ffff2e7d8d500207a
:020000040000fa
:020000040103f6
:10aad80070b50c4c00f5d875064629462046fff798
:10aae800bfff06f5dc7004f6ee0102f095fb29467f
:10aaf8002046fdf719f9a4f582700821bde87040d9
:08ab080006f038bf64c600200e
:020000040000fa
:020000040103f6
:10ab100030b585b00c4603aa0c21054605f0defbd6
:10ab200070b9084803ab019390f80b3d0095db43e7
:10ab300003f0010300f58550a2796179f5f7fef97c
:08ab400005b030bd38c500204e
:020000040000fa
:020000040103f6
:10ab480070b50e460546fbf7d5fc1728044601d01c
:10ab5800204670bd284606f03fff0028f8d043790c
:10ab6800c3f34103b342f3d2014605232846032227
:08ab780004f0fcfe0024ebe7f1
:020000040000fa
:020000040103f6
:10ab8000837f03f00f028a4206d061f3030303f0d0
:10ab90000f02072a837700d0704710b50446054896
:10aba00002f09cf94ff47a72002302f075f8e0622b
:08abb00010bd00bf4cc50020e0
:020000040000fa
:020000040103f6
:10abb80038b504460d460a48f2f788fc04f15000ff
:10abc80035b105f0bbfc0748bde8384008f00cbac1
:10abd80003f034ff0348bde8384008f0c1bb00bfac
:08abe8001ccf002060de0020fc
:020000040000fa
:020000040103f6
:10abf00038b5044603460022ff250948a260c4e98f
:10ac00000022257343f8100f064aa36104f11c00cb
:10ac100003f0d4fd4ff4fa732381204638bd00bf02
:08ac2000752b0401692b0401ee
:020000040000fa
:020000040103f6
:10ac2800f0b50f4683b001680079009101441646db
:10ac38001d46019103e000bff6f7b8fd48b90521ac
:10ac4800684600f081fe2b46044632463946002805
:08ac5800f2d1204603b0f0bd6b
:020000040000fa
:020000040103f6
:10ac600038b542684b689a4201d0002038bd037a5b
:10ac70000a7a9a42f9d10d4604460931093006f0a4
:10ac800035f80028f1d105f5837104f58370bde82e
:08ac9000384001f0d9bd00bffe
:020000040000fa
:020000040103f6
:10ac9800f8b50e46174600f1140400f19405a37c9c
:10aca8009b0707d5e369214630461bb108f078f9c0
:10acb8003f2804d82034ac42f1d11720f8bd637e78
:08acc8003b700020f8bd00bf45
:020000040000fa
:020000040103f6
:10acd000b8b110b50446806b10b1242105f0aaf874
:10ace000606b40b12368074adb79c3f3840352f8f1
:10acf00023305b69984720463c21bde8104007f0af
:08ad0000dbb87047900101204f
:020000040000fa
:020000040103f6
:10ad08008378012b14d130b583b00d461446134611
:10ad180000f1840101aa0430019500f0b1fe28b9c0
:10ad28000199044b491ba14218bf184603b030bd16
:08ad38000048704780b0ffffe6
:020000040000fa
:020000040103f6
:10ad400091b1836b188ca8b110b42033020ad41ec1
:10ad5000012cc0b201d8814208d033f8020f00287c
:10ad6000f4d15df8044b70470846704710465df813
:08ad7000044b7047704700bf5f
:020000040000fa
:020000040103f6
:10ad78002de9f04144680e46a168054690461f46f5
:10ad880069b11021012007f0e1ff0146e06040b100
:10ad9800c1e901780e6000206960bde8f0812146b4
:08ada800f6e76ff06900f8e71f
:020000040000fa
:020000040103f6
:10adb00070b504688c4215d02478164643f0a00381
:10adc00042f8044b054603f0c5fa28b110f1620fb2
:10add00008d0a0f5065070bd2b687268b3601344ac
:08ade0002b6070bd002070bd66
:020000040000fa
:020000040103f6
:10ade8002d2d2d2d2d424547494e2043455254497e
:10adf8004649434154452d2d2d2d2d002d2d2d2d0a
:10ae08002d454e44204345525449464943415445f3
:08ae18002d2d2d2d2d0000bf92
:020000040000fa
:020000040103f6
:10ae200070b50d4604460421284607f093ff78b11b
:10ae30002168064641b1e288920005f065ffe1888d
:10ae40002068890004f0f6ffe5802660002070bdd0
:08ae50006ff00f0070bd00bfa0
:020000040000fa
:020000040103f6
:10ae5800f0b50c4611f0030118bf012183b001ebd6
:10ae6800940116461f460546faf7b0fe00b90cb91c
:10ae780003b0f0bd009733462246e9882868f7f703
:08ae880035ff03b0f0bd00bf6f
:020000040000fa
:020000040103f6
:10ae900030b40b6893ea00041b1aa3432040034319
:10aea000db170020dc43012a0bd901eb8202043ab4
:10aeb00051f8043f5d422b43db17914240ea030007
:08aec000f6d1204330bc7047bd
:020000040000fa
:020000040103f6
:10aec80038b50d4601210446fff7eef800b138bd4c
:10aed800e98820468901f8f7b5fa0028f7d12a460b
:10aee80021462046eff7e4fb0028f0d1e988204608
:08aef800bde83840f3f7c6bdc8
:020000040000fa
:020000040103f6
:10af0000094930b40a700fcb084c094d84e80f0092
:10af1000029b039c0fcb85e80f0094e80f00054cc3
:10af200084e80f0030bc70470f01012070ff002043
:08af300050ff002060ff00202b
:020000040000fa
:020000040103f6
:10af380070b50c4d95f8304014b10124204670bd11
:10af48004ff0ff3105f1380008f058fa012806469d
:10af5800f4d195f90800fcf787fb344685f83100f1
:08af6800ece700bf60fd0020d2
:020000040000fa
:020000040103f6
:10af700070b50c4c08f054fa63689b690646984714
:10af80002369d4e90a12984296bfc3f58033c31ae5
:10af90001b18cc18304642f1000508f043fa204651
:08afa000294670bd60fd002090
:020000040000fa
:020000040103f6
:10afa80008b530b10948fdf799fa094b80229a6330
:10afb80008bd0246074b032108f02ef901224ff481
:10afc800fa710448bde80840eaf7dabac8fd00207b
:08afd800002b0044c4fd002021
:020000040000fa
:020000040103f6
:10afe0000c4b1b7e83b93e290cd8002908bf0121d8
:10aff000800910fb01f1c1eb0121ba20b1fbf0f097
:10b00000c0b270473e21f3e73e299abf8900c8b21b
:08b01000ff207047ca10002068
:020000040000fa
:020000040103f6
:10b018002de9f041069e96420746884615461c468d
:10b028000ad0b868036806961e6a2a46234641462f
:10b03800b446bde8f0416047194602f005fc002817
:08b04800efd00620bde8f08105
:020000040000fa
:020000040103f6
:10b05000083130b5082938bf0821073121f0070130
:10b06000021d406878b103688b42f9d35b1a072b45
:10b07000456801d8156005e04418c4e9003510683a
:08b0800001601460083030bdce
:020000040000fa
:020000040103f6
:10b0880070b50b480b4d4ff6ff76016821b9436840
:10b0980013b9f5f776fb70bd83684268334000f159
:10b0a8000c0455f823302046984704eb8000ece761
:08b0b8006c8800012421040151
:020000040000fa
:020000040103f6
:10b0c0004ff4001c1ceb410f98bf1ceb430f11d831
:10b0d00051ea030c50ea4c0c5cea020c0ad004d290
:10b0e00082428b4180414042704790429941804169
:08b0f000404270470020704748
:020000040000fa
:020000040103f6
:10b0f8004ff4001c1ceb410f98bf1ceb430f11d8f9
:10b1080051ea030c50ea4c0c5cea020c0ad004d257
:10b118009042994180414042704782428b41804130
:08b1280040427047002070470f
:020000040000fa
:020000040103f6
:10b1300000b583b04ff0ff3301a90193fbf780fb0b
:10b1400003460198421c01d0012b03d103b05df8e6
:10b1500004fb019803f0faff0028fad003b05df871
:04b1600004fb00bf2d
:020000040000fa
:020000040103f6
:10b1640070b500f1310525f0010506462b78284617
:10b1740023f00f03134300f8043b144605f0c2fd0b
:10b18400298a214489b229823046bde8704002f000
:04b19400bbbc00bf81
:020000040000fa
:020000040103f6
:10b198000c2901d8c8b27047b1f5867f136806d864
:10b1a8000d3919701368013313600d2070476ff45f
:10b1b8008670014449ba19801368023313600e205f
:04b1c800704700bf0d
:020000040000fa
:020000040103f6
:10b1cc00f8b51d4604461746bdf81860f3f7c0fde8
:10b1dc0000b1f8bd3b46324629462046f1f746fb06
:10b1ec000028f6d104f1310323f0010362891a829d
:04b1fc00f8bd00bfdb
:020000040000fa
:020000040103f6
:10b2000008b53130313120f0010021f0010103781f
:10b210000a7803f00f0302f00f029a4201d00020d7
:10b2200008bd0431043005f061fdb0fa80f040093a
:04b2300008bd00bf96
:020000040000fa
:020000040103f6
:10b2340038b504460d46faf7e3f8236904f108002b
:10b24400984203d0236833b1db6923b12846bde8b3
:10b25400384006f0b9bb06f099fb2846bde83840f3
:04b2640006f0b2bb83
:020000040000fa
:020000040103f6
:10b2680038b5044688b10a4b9b8881420d4688bf91
:10b2780085b203b9fee704f029f96b000133641bba
:10b28800b0fbf3f202fb13031c44204638bd00bf99
:04b298003800012059
:020000040000fa
:020000040103f6
:10b29c00b0f804c0f8b5c58803eb0c06ae420ed866
:10b2ac0007680d4604461146284607eb0c021e465d
:10b2bc0005f07cfe10b9a3881e44a680f8bd0320bf
:04b2cc00f8bd00bf0a
:020000040000fa
:020000040103f6
:10b2d00070b505687db18b680c4698476a68831a1b
:10b2e000002b0146b8bf121a23680548a8bf0022e8
:10b2f000bde8704018474b680148bde870401847ea
:04b3000038c500202c
:020000040000fa
:020000040103f6
:10b3040010b50446236833b9636823b9a36813b935
:10b31400e36803b910bdd9690029fbd00b79c3f3e5
:10b32400800303b18b6a9c4200d0fee7204605f0ff
:04b3340027f8e7e728
:020000040000fa
:020000040103f6
:10b3380008b50368188810f4807f00f4405314bfe0
:10b3480002220322b3f5005f09d010f4406f14bf46
:10b358000120002008b10232d2b2104608bdfaf727
:04b3680075f8f7e796
:020000040000fa
:020000040103f6
:10b36c0003898b420ed010b5044601814ff4004185
:10b37c00074806f0fdfa218904f12c00bde81040c5
:10b38c0007f00ebb4ff40041014805f0bbbd00bff8
:04b39c0060c5002068
:020000040000fa
:020000040103f6
:10b3a0000b781a2b11d80268da40d2070fd4013378
:10b3b000dbb206e00268da4012f0010f03f101038c
:10b3c00005d1dab21a2a0a70f4d917207047002082
:04b3d000704700bf03
:020000040000fa
:020000040103f6
:10b3d40010b50446803006f0edfa04f1600006f082
:10b3e400e9fa0748fef7dafe00b110bd044800f0a0
:10b3f40081fc0028f9d1a378002bf6d0a07010bdf1
:04b4040038c5002027
:020000040000fa
:020000040103f6
:10b4080038b5036a04460d461bb1426a0121284635
:10b4180098472388da0703d42b681b889b0600d437
:10b4280038bd04f160004ff47a51bde8384001f0ae
:04b4380093bd00bf01
:020000040000fa
:020000040103f6
:10b43c0038b5044690303ab9217862f38201217014
:10b44c00bde8384006f09eba237843f004030d465d
:10b45c002370114601f052fdf9f762fd2844c4f83f
:04b46c00a00038bd47
:020000040000fa
:020000040103f6
:10b4700030b5002485b0831c0d46427801932146e7
:10b4800003a8cde9024406f0fbfebdf80e302c60a7
:10b490002bb1294601a8e7f74bfc05b030bd0620cb
:04b4a00005b030bd06
:020000040000fa
:020000040103f6
:10b4a40010b584b000230c466a463521cde9020369
:10b4b400019304f011ff40b9009b03931b0c20601f
:10b4c40005d0214601a8e7f731fc04b010bd0620e1
:04b4d40004b010bdf3
:020000040000fa
:020000040103f6
:10b4d80070b590b00c4615461e46104640236a4685
:10b4e800002105f065fd0f99054b2046c4e900359c
:10b4f800002908bf3146ecf74dfa0e9810b070bd20
:04b5080038c5002022
:020000040000fa
:020000040103f6
:10b50c0010b4846854b1a142236b10d033b199426a
:10b51c001a6b06d01c461346002bf8d15df8044b71
:10b52c007047226300230b635df8044b7047836004
:04b53c00f8e700bf6d
:020000040000fa
:020000040103f6
:10b5400038b50c6ac3698d6934f0004408bf1c46e5
:10b55000f9f7ecfc064a94424ff47a7328bf14467c
:10b56000401b03fb04f400eb5400c043c00f38bd84
:04b570009ac4200059
:020000040000fa
:020000040103f6
:10b5740010b584b00b88009000220c46adf808305a
:10b58400adf80c30adf80a206846eff739fd002815
:10b59400fad0172803d1bdf80a302380002004b064
:04b5a40010bd00bf17
:020000040000fa
:020000040103f6
:10b5a80011f0070112d0c1f10802d2b20023012a1a
:10b5b8000360c0f8033006d0c1f1060101224170d2
:10b5c80002701846704703701846704718231846cb
:04b5d800704700bff9
:020000040000fa
:020000040103f6
:10b5dc0010b584b00c460090134603a822461031d7
:10b5ec000024adf80c408df80e40e7f759f9bdf882
:10b5fc000c004ff6ff73984214bf0220204604b093
:04b60c0010bd00bfae
:020000040000fa
:020000040103f6
:10b6100070b5d50802f007042a460e4605f074fb03
:10b6200074b1621e802444fa02f2415dd2b2034634
:10b63000501e01405955705d524202401143595508
:04b6400070bd00bf1a
:020000040000fa
:020000040103f6
:10b644000022c0e90022c0e9022200f1140300f143
:10b6540074015a611a46036118338b42f9d10021ef
:10b6640000f1780200f19003c0f88810c0f8a0201f
:04b674004367704771
:020000040000fa
:020000040103f6
:10b6780010b400240461837c046062f300038374c3
:10b68800b0f81130446003f47d4343f4007343f091
:10b6980001038460c46044610174a0f811305df84e
:04b6a800044b704798
:020000040000fa
:020000040103f6
:10b6ac00506870b51830164601f122050c4605f0ad
:10b6bc00c1fd284606f016ff30682c3004f074f9f2
:10b6cc0001462846edf766fc0023e377f9f728fce2
:04b6dc00a06070bd3d
:020000040000fa
:020000040103f6
:10b6e00030b587b00c461823154600216a4605f090
:10b6f00063fc9df81430a34202d0002007b030bd97
:10b700002946102201a805f0f1fab0fa80f04009ac
:04b7100007b030bd91
:020000040000fa
:020000040103f6
:10b7140030b587b004460d4602a8094902f0c0fbc3
:10b7240002aa2046052100f0e5ff38b9cde9000062
:10b734002b4602aa20460521f2f736fc07b030bd9d
:04b7440080d200208f
:020000040000fa
:020000040103f6
:10b74800f8b50d46164605212a46074603f07af84d
:10b75800044608b12046f8bd38463246082103f0b1
:10b7680071f80028f6d0172806bf2b683360062426
:04b778002046f8bdb2
:020000040000fa
:020000040103f6
:10b77c0010b584b00c4601ab0a220b2106f0b2f8ce
:10b78c0050b99df80530072b08d9ddf80630ddf8e7
:10b79c000a2062601bba236004b010bd062004b0fe
:04b7ac0010bd00bf0d
:020000040000fa
:020000040103f6
:10b7b00070b582b00d4601aa0d21064604f08efd3b
:10b7c000044660b9202101a807f060f82a4601a9c3
:10b7d000304607f0b9fbbdf8063085f8203020462a
:04b7e00002b070bd86
:020000040000fa
:020000040103f6
:10b7e400837f1a0706d06ff3030303f00f02072abf
:10b7f400837700d0704710b50446054801f06cfb10
:10b804004ff47a72002301f045fae06210bd00bfe4
:04b814004cc50020ff
:020000040000fa
:020000040103f6
:10b8180010b50a4c0a4b84b02146039000932822a5
:10b82800042303a8fbf7a4f920b1001bc0f3870089
:10b8380004b010bd282004b010bd00bf608e020106
:04b84800d92f0401ef
:020000040000fa
:020000040103f6
:10b84c0010b50446fbf73afda37f0133a3772046de
:10b85c00f9f76ef900b110bd01236377f9f760fbbe
:10b86c00206204f12c010248bde81040fcf75abae2
:04b87c0064c600207e
:020000040000fa
:020000040103f6
:10b88000f8b50479944202d30368994200d2fee7e6
:10b8900023448f18bb42fad304460e46db1b1546e1
:10b8a0003946dab23046fcf7a5fe2279521b2271e6
:04b8b000f8bd00bf20
:020000040000fa
:020000040103f6
:10b8b40038b5037a012b0d4614460dd0022b09d15d
:10b8c4000146104601f0aafc2046294606f062f91a
:10b8d400002038bd062038bd0188104603f064f905
:04b8e400f2e700bfc8
:020000040000fa
:020000040103f6
:10b8e80030b585b00c46154601a80322084905f075
:10b8f800d3fc019b53b11a7d1969a24208bf1d757b
:10b9080001a800f0adfe019b002bf4d105b030bdbd
:04b9180064c60020e1
:020000040000fa
:020000040103f6
:10b91c0010b5044671b183882bb9a1802046bde8cf
:10b92c00104004f09fbf9942f7d32046bde8104069
:10b93c0004f098bf8180e5f7a5fa2046bde81040d9
:04b94c0004f090bfb4
:020000040000fa
:020000040103f6
:10b9500030b4d0e9002409e05378023313449c4208
:10b9600007d31578b1eb550f07d01a46931c9c42ac
:10b97000f2d20022104630bc7047036030bc104643
:04b98000704700bf4d
:020000040000fa
:020000040103f6
:10b9840038b50c460546f9f7cffa00f5922101f5d2
:10b994007871002908bf0121e16105f1080002f076
:10b9a400d1ff214600220248bde83840fcf7e0b947
:04b9b40064c6002045
:020000040000fa
:020000040103f6
:10b9b800022b70b412d0102b10d813f001060dd141
:10b9c800b1f57f4f0ad2456fc66245f0020545675b
:10b9d8000262c0e9091370bceff708bd6ff00c00f4
:04b9e80070bc704778
:020000040000fa
:020000040103f6
:10b9ec000368062b0ed110b582b00c460df1070181
:10b9fc00fcf752fb40b920469df80710f3f726fce4
:10ba0c0002b010bd014870470148f9e780b1ffff53
:04ba1c0000c6ffff62
:020000040000fa
:020000040103f6
:10ba2000f0b585b01c4616460a9b224605460f46d1
:10ba3000fef7a8fa58b90b9b02930a9b3a46cde948
:10ba40000043314605f11c03284604f09dff05b074
:04ba5000f0bd00bf86
:020000040000fa
:020000040103f6
:10ba540038b504460d46e7f70ff870b905f108014b
:10ba640004f10800e7f708f838b905f1100104f10a
:10ba74001000e7f701f800b938bd014838bd00bf30
:04ba840080b0ffff90
:020000040000fa
:020000040103f6
:10ba8800012b12d970b41468661c166025784db164
:10ba98005c1ea54206d8731913602b46324670bc4b
:10baa800e1f778bb024870bc70470148704700bf97
:04bab80080b0ffff5c
:020000040000fa
:020000040103f6
:10babc00f0b5012a83b0dde908640fd874b1013cfc
:10bacc00771ccde900741d46eaf796fa20b92b686d
:10badc0033702b6801332b6003b0f0bd0048fbe7db
:04baec0080b0ffff28
:020000040000fa
:020000040103f6
:10baf000032902d04ff0ff307047836b63b19a6c1b
:10bb000052b1138823b9f5e732f8023f002bf1d088
:10bb1000172bf9d10020704703685a6e002af0d124
:04bb2000e8e700bf93
:020000040000fa
:020000040103f6
:10bb240030b5144687b01d46002323606360a360cc
:10bb3400e360cde90033064b04aacde90232ebb24f
:10bb4400ff22cde90454e7f7d5f907b030bd00bfb3
:04bb540079ad0301c3
:020000040000fa
:020000040103f6
:10bb580070b5d30fdc0384b0002aa4eb03044ff0c4
:10bb68000105b8bf5242640001922c442b4601ae35
:10bb780002aaadf80c40adf80e500296f5f77efe1d
:04bb880004b070bdd8
:020000040000fa
:020000040103f6
:10bb8c0070b5d30fdc0384b0002aa4eb0304b8bf58
:10bb9c005242640001920134012601ad4ff0ff3393
:10bbac0002aaadf80c40adf80e600295f5f764fef4
:04bbbc0004b070bda4
:020000040000fa
:020000040103f6
:10bbc00010b5d0f8d04001f0a1fc48b140f2b1333b
:10bbd000984228bf1846844294bf001b044810bdf9
:10bbe00040f2b130844294bf001b014810bd00bf39
:04bbf0000094ffffbf
:020000040000fa
:020000040103f6
:10bbf400026838b5836b056dd26fc3f868220446ba
:10bc04001db19108c06ca847a36b626f162a02d0bd
:10bc140002229a7138bde26e1278142af8d10322f6
:04bc24009a7138bd1c
:020000040000fa
:020000040103f6
:10bc280098b108b5036873b169b10a685ab193420b
:10bc380009d11b78083b012b05d84968406807f0f3
:10bc48006df8002008bd024808bd0148704700bfd4
:04bc580000afffff3b
:020000040000fa
:020000040103f6
:10bc5c0098b102688ab138b5856865b1044602f0be
:10bc6c009bfb00b138bd236829469a782046bde875
:10bc7c00384004f001bf024838bd0148704700bf8e
:04bc8c0000afffff07
:020000040000fa
:020000040103f6
:10bc900010b54ff0864402204ff2d00384b00a68fa
:10bca000898820601b6801a898474ff2fc0301a90e
:10bcb0001b68034898470020206004b010bd00bff7
:04bcc0002c0700202d
:020000040000fa
:020000040103f6
:10bcc40010b5094c094807f015f9237823b9084b36
:10bcd4001b781bb101232370002010bd04f0e8f889
:10bce40001232370f8e700bf150101201026040189
:04bcf4001301012017
:020000040000fa
:020000040103f6
:10bcf80010b5094c094807f0fbf8237823b1084b25
:10bd08001b781bb100232370002010bd04f0cef86f
:10bd180000232370f8e700bf150101200026040165
:04bd280013010120e2
:020000040000fa
:020000040103f6
:10bd2c0038b50a4c0a480d4607f0e0f8237853b1b1
:10bd3c0002f04afc2846f7f7dffbfdf779fa0223fd
:10bd4c002370002038bd0d2038bd00bf1501012027
:04bd5c00f40a0401e0
:020000040000fa
:020000040103f6
:10bd600038b538b90a4c4ff0ff3104f1080007f03c
:10bd700049fb18b94ff0ff35284638bd23685b688a
:10bd80009847054604f1080007f03efb284638bdf9
:04bd9000e0ff0020b0
:020000040000fa
:020000040103f6
:10bd940038b538b90a4c4ff0ff3104f1080007f008
:10bda4002ffb18b94ff0ff35284638bd23689b6830
:10bdb4009847054604f1080007f024fb284638bddf
:04bdc400e0ff00207c
:020000040000fa
:020000040103f6
:10bdc80038b538b90a4c4ff0ff3104f1080007f0d4
:10bdd80015fb18b94ff0ff35284638bd23685b6955
:10bde8009847054604f1080007f00afb284638bdc5
:04bdf800e0ff002048
:020000040000fa
:020000040103f6
:10bdfc0038b538b90a4c4ff0ff3104f1080007f0a0
:10be0c00fbfa18b94ff0ff35284638bd23681b697b
:10be1c009847054604f1080007f0f0fa284638bdab
:04be2c00e0ff002013
:020000040000fa
:020000040103f6
:10be300038b504460d4604f0bdf8a36c23b10024c8
:10be400006f0eef8204638bda26b22b11c4606f083
:10be5000e7f8204638bda564012406f0e1f8204645
:04be600038bd00bf2a
:020000040000fa
:020000040103f6
:10be640030b40d686b1c11d000f1080200e01a46d2
:10be740053681c68ac42fad904684b600134996079
:10be84008a6051600861046030bc7047026953687d
:04be9400f2e700bf12
:020000040000fa
:020000040103f6
:10be980030b500231a4600bf10f8014b04f07f05a7
:10bea80095402b43250602f10702f5d41f2a06d830
:10beb800640642bf4ff0ff3404fa02f213430b60ea
:04bec80030bd00bfca
:020000040000fa
:020000040103f6
:10becc0070b504460d46164607f0b4f943680133c5
:10bedc004360324629462046f8f7aefb0446012360
:10beec0044f8283b2046dcf733fd2046f9f792f95d
:04befc0006f0ddff70
:020000040000fa
:020000040103f6
:10bf00007fb500241023cde9023403680094154660
:10bf10009e698df804406b461268b0479df8043066
:10bf200003f00603062b03bf009b2b600120204675
:04bf300004b070bd2c
:020000040000fa
:020000040103f6
:10bf340010b500f180042046f7f72af8034638b913
:10bf440021460748fff782f8034608b906f0b3ff15
:10bf540080220021184606f0edf8803010bd00bfa5
:04bf6400a0ff00201a
:020000040000fa
:020000040103f6
:10bf680013b500f1824000f5803093400478e4b2c4
:10bf78008df807409df8074064b2634019404c4073
:10bf8800e4b28df807409df80730dbb2037002b0c9
:02bf980010bdda
:020000040000fa
:020000040103f6
:10bf9a0013b500f1824000f5803093400478e4b292
:10bfaa008df807409df8074064b2634019404c4041
:10bfba00e4b28df807409df80730dbb2037002b097
:02bfca0010bda8
:020000040000fa
:020000040103f6
:10bfcc0013b500f1824000f5803093400478e4b260
:10bfdc008df807409df8074064b2634019404c400f
:10bfec00e4b28df807409df80730dbb2037002b065
:02bffc0010bd76
:020000040000fa
:020000040103f6
:10bffe0013b500f1824000f5803093400478e4b22e
:10c00e008df807409df8074064b2634019404c40dc
:10c01e00e4b28df807409df80730dbb2037002b032
:02c02e0010bd43
:020000040000fa
:020000040103f6
:10c0300013b500f1824000f5803093400478e4b2fb
:10c040008df807409df8074064b2634019404c40aa
:10c05000e4b28df807409df80730dbb2037002b000
:02c0600010bd11
:020000040000fa
:020000040103f6
:10c0620013b500f1824000f5803093400478e4b2c9
:10c072008df807409df8074064b2634019404c4078
:10c08200e4b28df807409df80730dbb2037002b0ce
:02c0920010bddf
:020000040000fa
:020000040103f6
:10c0940010b507f0d3f8826801460ab906f00bff21
:10c0a40002f120042046fef71cfa40b1d369013b9b
:10c0b400d36113b9906988609361204610bd88608c
:02c0c400fbe798
:020000040000fa
:020000040103f6
:10c0c6004ff4001c1ceb410f98bf1ceb430f0cd820
:10c0d60050ea410c08bf52ea430c08d0904208bf10
:10c0e60099420cbf012000207047002070470120b4
:02c0f600704791
:020000040000fa
:020000040103f6
:10c0f80030b50a4c236883b005463bb10022184688
:10c1080011468df8042002f0fbfa236829461846e8
:10c11800002203b0bde8304006f0debe0c08002067
:020000040000fa
:020000040103f6
:10c1280038b514460d461a462146044602f0fafa76
:10c1380005f1310204f1310322f0010223f0010379
:10c1480052885a8029462046bde8384004f04cbe43
:020000040000fa
:020000040103f6
:10c158000b464989403970b589b2054618461646d6
:10c1680000f034fe58b1044632466b6c284621462e
:10c17800984720b12046bde8704005f023bc70bd4b
:020000040000fa
:020000040103f6
:10c1880038b5b0f860400cb9204638bd0546503087
:10c1980001f034fe04460028f6d101462846f7f798
:10c1a800bdfa05f1240002f0ddfb204638bd00bfd2
:020000040000fa
:020000040103f6
:10c1b80038b59342bdf8105000d302b9fee70446e3
:10c1c800c4e9032384f82410a583591c104600f001
:10c1d80055fe60612046bde83840fbf7ebbb00bf69
:020000040000fa
:020000040103f6
:10c1e800814200d8fee738b5084b9b8803b9fee7c3
:10c1f80004460d4603f06af92b1bc0b290fbf3f21c
:10c2080003fb1203e018c0b238bd00bf380001209c
:020000040000fa
:020000040103f6
:10c21800814200d8fee738b5084b9b8803b9fee792
:10c2280004460d4603f052f92b1b80b290fbf3f243
:10c2380003fb1203e01880b238bd00bf38000120ac
:020000040000fa
:020000040103f6
:10c2480038b501220368c568044602fa01f10b43b8
:10c2580044f8043bac4200d038bd40f2e93100203c
:10c2680000f00cfe01462046bde8384000f048be0c
:020000040000fa
:020000040103f6
:10c27800a0f14103052b0fd9a0f16103052b07d9c4
:10c288003038c0b209289abf0870002007207047cc
:10c2980057380870002070473738087000207047fa
:020000040000fa
:020000040103f6
:10c2a800f8b57bb1164604460d461f46064405e020
:10c2b80015f8011b14f8010bb84710b1b442f7d1b7
:10c2c8000120f8bd04f00efdb0fa80f04009f8bd79
:020000040000fa
:020000040103f6
:10c2d80070b504680025056084b16068844207d0a1
:10c2e8004368636003684560984760688442f7d193
:10c2f80000234360bde870400368184770bd00bf65
:020000040000fa
:020000040103f6
:10c3080038b50a4c42f22415635d63b92046d9f763
:10c31800b5fd012304f15400635505f003fb04f651
:10c328000850e0f7cdfa014838bd00bf38c50020f5
:020000040000fa
:020000040103f6
:10c33800408b28b1094b93f8092d022a01d000201f
:10c34800704793f8660d10f00f00f9d0b3f8680d38
:10c35800022894bf00200120704700bf38c5002084
:020000040000fa
:020000040103f6
:10c368004378012b0fd083b1062b0bd110b50023d6
:10c3780004464370054801f065fc2046bde81040be
:10c38800e6f7a4b9fee7fcf7d5ba704720d200203b
:020000040000fa
:020000040103f6
:10c3980083780bb10020704710b504460748fff7b3
:10c3a8008dfc50b90548fdf7f7fe30b9a378012b8d
:10c3b80001d00123a370002010bdfee738c500207e
:020000040000fa
:020000040103f6
:10c3c8008378c178032b1cbf0323837083691b7f89
:10c3d8005b070ad5038803f00c0333b90331c9b2ec
:10c3e800052928bf0521f9f7a9b8f6f7efb800bf66
:020000040000fa
:020000040103f6
:10c3f800002310b5084903704374044601f09afc01
:10c408000146204600f042fe04f11100034901f004
:10c4180091fc204610bd00bf98050401a405040145
:020000040000fa
:020000040103f6
:10c4280010b5c2b0044601a805f04efb01a920468c
:10c43800f7f77cfa08b142b010bd01a8f4f7e6faa4
:10c448000028f8d101a8e6f7fdfb42b010bd00bff7
:020000040000fa
:020000040103f6
:10c4580038b504460d46f8f765fd616b04f12c020a
:10c46800002391422b6009d0226b811a994203da8a
:10c47800121a2a60184638bd184638bd172038bd2c
:020000040000fa
:020000040103f6
:10c4880003785b0711d5d0f8982000f190039a4201
:10c4980009d010b50446f8f745fdd4f8a030c01a05
:10c4a800c043c00f10bd022070474ff0ff307047e7
:020000040000fa
:020000040103f6
:10c4b80010b503789b0704460dd404f51c7003f0ef
:10c4c80025f904f5e470fcf715fd04f1c800bde892
:10c4d8001040edf73fbb00f5177005f099fcece74d
:020000040000fa
:020000040103f6
:10c4e80038b5c4687cb1134605460a469bb2a18993
:10c4f8002046faf7cdfb30b104462146e86804f03f
:10c508004bfd204638bd014cfbe700bf0097fffffd
:020000040000fa
:020000040103f6
:10c5180038b5d0f80240084a084b24ba944288bf7c
:10c528001c460d46f8f7fefc431ba3423abf6419ac
:10c53800201a002038bd00bfff13730f0014730fbb
:020000040000fa
:020000040103f6
:10c5480003785bb190f8793043b1537c012b05d166
:10c55800d0f8942000f18c039a4200d0704701294a
:10c5680000f124000cbf04210521fcf703bb00bf28
:020000040000fa
:020000040103f6
:10c5780043780a4910b56ff3451304464370002207
:10c58800ecf7cafb2378012b07d02046012300f8db
:10c59800803bbde8104005f0f7b910bdb4fd0201bd
:020000040000fa
:020000040103f6
:10c5a80010b50446094805f06fff28b123781bb978
:10c5b80094f8a030012b00d010bd04f18c004ff48a
:10c5c8007a71bde8104000f09bbc00bf40d200204b
:020000040000fa
:020000040103f6
:10c5d8008379013b3e2b11d870b50d460446811d69
:10c5e8000122284600f0fafc00b170bd2846a37964
:10c5f800a2882168bde87040f0f73ab90720704773
:020000040000fa
:020000040103f6
:10c608000b464989343970b589b20546184616462d
:10c61800eaf75aff58b1044632462846214605f043
:10c62800dbfe20b12046bde8704005f0cbb970bdf7
:020000040000fa
:020000040103f6
:10c6380008b5038848f2fe0123f47c538b420cd0e2
:10c648000378ff2b01d0002008bdfcf7b3faa0f156
:10c658000200b0fa80f0400908bd012008bd00bf03
:020000040000fa
:020000040103f6
:10c6680038b5054689b10c466b6803f178029442e7
:10c6780003f1a80306d39c42204603d2297af7f790
:10c68800e1fa18b92469002ceed100242c6038bdd9
:020000040000fa
:020000040103f6
:10c69800026a82b1027f62b110b582b0416900902e
:10c6a8004c42428b044b05482140f5f7fffe02b08f
:10c6b80010bdf7f7f3ba7047092b04011ccf00200f
:020000040000fa
:020000040103f6
:10c6c80010b582b00c46002301a907480193f8f77a
:10c6d8005dff18b1054bd3f8f0390193214601a845
:10c6e80005f0d4f902b010bd00ce002038c50020f6
:020000040000fa
:020000040103f6
:10c6f80070b50e46154606f027fc70b1044604e0f6
:10c708002046fdf7edff044638b12a46314620465b
:10c71800fef7e2ff0028f3d070bd002070bd00bf17
:020000040000fa
:020000040103f6
:10c7280030b501f00f0183b061f07f0315460df1bc
:10c73800070101228df80730044600f04ffc28b9a4
:10c7480005f108012046082200f048fc03b030bd7e
:020000040000fa
:020000040103f6
:10c758000a4bb3f8163d591a1a1ab1fa81f1b2fa0e
:10c7680082f2490952098a4205d083420cbf01204e
:10c778004ff0ff3070470020704700bf38c50020d9
:020000040000fa
:020000040103f6
:10c7880038b504460d460948214602f077fa28b123
:10c79800e38901225bba2b802a7238bd294604f14d
:10c7a8000800bde8384003f071bf00bf40d2002048
:020000040000fa
:020000040103f6
:10c7b80010b501f108001446114603f067ff204642
:10c7c8000822054904f08efa28b1044a0123b2f878
:10c7d800162a2280237210bd52cf002038c50020af
:020000040000fa
:020000040103f6
:10c7e800a4570301a8570301ac570301b05703012d
:10c7f800b4570301b8570301bc570301c0570301dd
:10c80800040202000c0c0a00050f32001004020199
:020000040000fa
:020000040103f6
:10c8180070b582b01646056804791a469df8183036
:10c8280029b1487802302c440d18641be4b2314613
:10c83800684600958df80440fef7f2f902b070bd25
:020000040000fa
:020000040103f6
:10c8480003780a78534013f0010306d110b54478f1
:10c858004a78a24203d0184610bd00207047023122
:10c86800023004f03ffab0fa80f0400910bd00bf72
:020000040000fa
:020000040103f6
:10c8780010b508460c460849fdf7dcf908b106482a
:10c8880010bd20460549fdf7d5f9044b002814bf13
:10c898001846002010bd00bf80d20020d4d200204e
:020000040000fa
:020000040103f6
:10c8a80010b50b7a012b82b00fd0022b0cbf0b46b0
:10c8b80000234ff6fe7469468df80020adf802405b
:10c8c8000193fff7d5ff02b010bd0c880023f2e7f3
:020000040000fa
:020000040103f6
:10c8d800ca0438b50c46054607d4630704d5074b88
:10c8e80093f8093d022b03d038bd05f0b5f9f4e7fc
:10c8f80028460121bde83840eef7f8bf38c50020ca
:020000040000fa
:020000040103f6
:10c908000246094930b442f8041f817fc260002200
:10c91800064d05614ff6fe7462f30001848381774a
:10c92800c0e9052230bc7047bd2b0401c92b0401a6
:020000040000fa
:020000040103f6
:10c9380030b5084c084b83b041f66815009304f6ef
:10c94800e4106159054b0022f4f7bcfb0023635146
:10c9580003b030bd38c5002090de0020d52b04017f
:020000040000fa
:020000040103f6
:10c9680070b5082206464568074c084803e054f8a5
:10c97800140f40b16268aa42f9d1b16804f0b2f963
:10c988000028f4d1204670bdd09e0301402c04013c
:020000040000fa
:020000040103f6
:10c9980038b50c4605460121204600f0b9f80028b4
:10c9a80009db05f134012046e6f764f80028b8bf32
:10c9b800002000da38bd014838bd00bf80b3ffff52
:020000040000fa
:020000040103f6
:10c9c80038b504460d46edf713f900b138bd05f149
:10c9d800080104f10800edf70bf90028f6d105f17c
:10c9e800100104f11000bde83840edf701b900bfaf
:020000040000fa
:020000040103f6
:10c9f80070b50c4682b00146204615461e46eef735
:10ca080065fc50b9cde9005604f1680304f16002f1
:10ca180004f11c012046f5f759fb02b070bd00bfb8
:020000040000fa
:020000040103f6
:10ca280004000000f01d040101310401c52c0401bb
:10ca3800c5ee0301113104010000000000000000f0
:10ca480009310401e1140401dd1d0401c91d0401bb
:020000040000fa
:020000040103f6
:10ca580002000000001e040101310401ad2c040194
:10ca6800c5ee0301113104010000000000000000c0
:10ca780009310401e1140401dd1d0401c91d04018b
:020000040000fa
:020000040103f6
:10ca880003000000f81d040101310401b92c040160
:10ca9800000000000000000000000000000000008e
:10caa80009310401e1140401dd1d0401c91d04015b
:020000040000fa
:020000040103f6
:10cab800f8b51f4606460c461546f7f733fc00281e
:10cac8000adb3268141b002c05f1010505dd531e35
:10cad8003360284402f8017cf8bd6ff06b00f8bda4
:020000040000fa
:020000040103f6
:10cae80071b138b503684bb94b6a0c46054613b1aa
:10caf8009847686030b12c60002038bd034838bdc5
:10cb080002487047a0f57e5038bd00bf80c1ffffc6
:020000040000fa
:020000040103f6
:10cb180030b5ca0fd3039b1a85b081eae1725b0076
:10cb2800a2ebe1720133012501ac02a90192adf833
:10cb38000c30adf80e500294e5f79cff05b030bdff
:020000040000fa
:020000040103f6
:10cb4800012902d052ba0280704710b440f2022381
:10cb580040f2023440f20121a24218bf0b46d21a19
:10cb6800d24392b252ba02805df8044b704700bfbc
:020000040000fa
:020000040103f6
:10cb7800a2b101eb820270b40439161f043800bf59
:10cb880051f8042f50f8045f1c462240e4432c401f
:10cb98001443b1420460f3d170bc7047704700bfc2
:020000040000fa
:020000040103f6
:10cba80030b44ff08842084b084c082151601025da
:10cbb800a92280204ff40071a565186330bc5a6122
:10cbc8005a609965704700bf002b0044002a004452
:020000040000fa
:020000040103f6
:10cbd80090b970b5094d95f9003063b16e6856b1da
:10cbe80008460c4604f0e0fd736902462146a86831
:10cbf800bde87040184770bd704700bfecff0020cb
:020000040000fa
:020000040103f6
:10cc080010b5094c23681a684ab1db684ff0ff3148
:10cc18001868faf771fd23681a68002af5d1034ae3
:10cc280011682160136010bdc4000120c8000120f4
:020000040000fa
:020000040103f6
:10cc3800032806d8dfe800f00e0a0602074b802218
:10cc4800da637047054b2022da637047034b0822ea
:10cc5800da637047014b0122da637047002b004406
:020000040000fa
:020000040103f6
:10cc680038b5054601f0c6fc044660b9e9f7b6fcdc
:10cc78000db1f9f779fee9f753fc044b00221a705d
:10cc88009a70204638bd8524fbe700bf9c10002021
:020000040000fa
:020000040103f6
:10cc980053b94ab9002908bf00281cbf4ff0ff311b
:10cca8004ff0ff3006f0e8bbadf1080c6de904ce9b
:10ccb800d5f7b0ffddf804e0dde9022304b07047e2
:020000040000fa
:020000040103f6
:10ccc800064b1a680ab9064a1a60064a116809b971
:10ccd800054911601a68054b1a6070470c0001205d
:10cce800e001012008000120e005012004000120e6
:020000040000fa
:020000040103f6
:10ccf80010b582b004467f230df107008df8073088
:10cd0800cef73ef828b19df907302370002002b015
:0ccd180010bd03230020237002b010bdea
:020000040000fa
:020000040103f6
:10cd2400427a0346007a90420ed010b452b1586849
:10cd340041600024013259604c605a7220465df80b
:0ccd4400044b70471960f4e701207047b1
:020000040000fa
:020000040103f6
:10cd500000b583b00df1070102f05cfc48b99df805
:10cd60000700a0f10800b0fa80f0400903b05df8b8
:0ccd700004fb002003b05df804fb00bfd2
:020000040000fa
:020000040103f6
:10cd7c0070b51d4604461646f1f7eaff00b170bdca
:10cd8c0032462946204600f027f90028f7d104f155
:0ccd9c00310323f0010362891a8270bd8c
:020000040000fa
:020000040103f6
:10cda80030b583b013ba140e04220193551e0deb4f
:10cdb800020334b9aab201331ab11c78551e002ceb
:0ccdc800f8d0fff7d7ff03b030bd00bf6c
:020000040000fa
:020000040103f6
:10cdd40070b50446eaf77afb064660b1313424f0b4
:10cde40001040fcc06f1310525f001050fc594e8c7
:0ccdf400070085e80700304670bd00bf56
:020000040000fa
:020000040103f6
:10ce000010b50c4681b1114620460222f9f762f9ad
:10ce100028b12046002404f0d9fd204610bd20464c
:0cce2000f9f77ef90028f4d1204610bd7f
:020000040000fa
:020000040103f6
:10ce2c0010b50c4679b111462046f9f757fe28b1da
:10ce3c002046002404f0c4fd204610bd2046f9f71e
:0cce4c0069f90028f4d1204610bd00bf99
:020000040000fa
:020000040103f6
:10ce580070b5044684b0154601a80a4621461e4608
:10ce6800fdf7eafb40b9ddf80a00009033462a4690
:0cce78002046694602f09afb04b070bd31
:020000040000fa
:020000040103f6
:10ce8400814200d8fee738b5074b9b8803b9fee71b
:10ce940005460c4602f01cfb631bb0fbf3f202fbdd
:0ccea4001300284438bd00bf38000120f6
:020000040000fa
:020000040103f6
:10ceb00038b50446f8f73af8074a206004f1080349
:10cec000002500f18041c4e901521846236104f0b5
:0cced00043f8204638bd00bfb128040123
:020000040000fa
:020000040103f6
:10cedc0038b50446f8f724f82268e3686168934291
:10ceec0007d0801a0022141841f10005204629466b
:0ccefc0038bdc01a58bf0131f4e700bf78
:020000040000fa
:020000040103f6
:10cf080038b50c460546f8f70df8002c00dafee7b0
:10cf180004446c602946034a0348bde83840f0f7ea
:0ccf280013be00bf880f040140c50020ac
:020000040000fa
:020000040103f6
:10cf34000a46d2e9003203f10043013b9342014621
:10cf440004d04260034a0448f0f700be014a024894
:0ccf5400fdf790bb880f040140c50020d1
:020000040000fa
:020000040103f6
:10cf600038b50c46054605f063fb002c00dafee7f9
:10cf700004446c602946034a0348bde83840f0f792
:0ccf8000e7bd00bf940f040144c5002071
:020000040000fa
:020000040103f6
:10cf8c008b681b688b607bb17c228a8002887c2a30
:10cf9c0028bf7c228a8010b404880433a21a0b6048
:0ccfac005df8044b02807047fee700bff8
:020000040000fa
:020000040103f6
:10cfb80042898a4200d2fee7838910b48b42c48931
:10cfc80088bf5b1a0c44a2eb01028cbf9bb2002302
:0ccfd800c481428183815df8044b7047e6
:020000040000fa
:020000040103f6
:10cfe4002de9f0414689b318884699b2054617469b
:10cff40000f08afd044628b93b464246314628469d
:0cd00400f8f7d6f92046bde8f08100bf27
:020000040000fa
:020000040103f6
:10d0100038b50c460546f4f725f8ff280cd02a68e9
:10d02000138803f44053b3f5005f18bf00f1ff30dd
:0cd03000135c2370002038bd062038bdc2
:020000040000fa
:020000040103f6
:10d03c0030b5056a91b04db151b101aa0446eff774
:10d04c0057fc18b901a8d4e90831984711b030bd84
:0cd05c000a46416a1046a84711b030bdda
:020000040000fa
:020000040103f6
:10d0680010b5837cda07044602d40388db0504d4b0
:10d078000548fdf791f800b110bda378012b01d048
:0cd088000123a370002010bd38c500205b
:020000040000fa
:020000040103f6
:10d0940010b50c4649b1182905d14ff48031064822
:10d0a40003f034ff0024204610bd4ff480310248c1
:0cd0b40004f062fc204610bd60c50020a6
:020000040000fa
:020000040103f6
:10d0c00070b54e7890f8fe300d462a1ab11c044611
:10d0d00051fa82f29a1a29442846fbf78bfa94f8ff
:0cd0e000fe30023b9b1b84f8fe3070bd4c
:020000040000fa
:020000040103f6
:10d0ec0010b50029144690f8fe100cbf0e22332206
:10d0fc00f2f7b6fc38b10346002053f8022f5b68f8
:0cd10c006360226010bd172010bd00bf42
:020000040000fa
:020000040103f6
:10d1180038b515460022dcf795ff30b104460146c4
:10d128002a46054802f062f900b938bd2046bde834
:0cd13800384004f047bc00bf10c70020c6
:020000040000fa
:020000040103f6
:10d1440001390229009b98bf054a009398bf515c9e
:10d15400b0f84830034a044888bf052103f0d8b822
:0cd16400006e0301486e0301046e03011d
:020000040000fa
:020000040103f6
:10d1700003788b4207d00170042904d8dfe801f05e
:10d1800008080b040800704781688030fff7bcbeb8
:0cd19000803004f0fdbb04f02fb800bf9d
:020000040000fa
:020000040103f6
:10d19c0082798b79934201d00020704700b5064a02
:10d1ac0083b0cde900328b880a6881880068f6f775
:0cd1bc008ffb03b05df804fb25060401a6
:020000040000fa
:020000040103f6
:10d1c80070b50d460646144611460a2302462846ff
:10d1d80003f0eefe40b933896a895bba0a3414fa5f
:0cd1e80083f4944288bf062070bd00bf95
:020000040000fa
:020000040103f6
:10d1f40010b503884ff6ff70834218bfdb4382b03b
:10d2040018bf9bb25cba104602230df10602adf8ba
:0cd214000640f8f7cdf802b010bd00bfd6
:020000040000fa
:020000040103f6
:10d2200000b50b4683b00246496818686b4603c3d5
:10d230009df80030104683f00203002269468df805
:0cd24000003000f077fc03b05df804fb48
:020000040000fa
:020000040103f6
:10d24c00416889b170b5044600f178068e4204f14c
:10d25c00a8030d6904d89942204601d2f1f76cfa63
:0cd26c002946002df2d170bd704700bfb4
:020000040000fa
:020000040103f6
:10d27800016889b170b5044600f114068e4204f1c4
:10d2880074034d6904d89942204601d2f1f784fe0f
:0cd298002946002df2d170bd704700bf88
:020000040000fa
:020000040103f6
:10d2a40030b585b000230d4601aa04218df80c3059
:10d2b40002f01efb044630b9294601a804f036f8f2
:0cd2c400002808bf0824204605b030bd3b
:020000040000fa
:020000040103f6
:10d2d00070b504460e46dcf79dfb2378db09054656
:10d2e00002d1e3781b0703d50db90223337570bd56
:0cd2f000014800f0d3fcf7e720d200203a
:020000040000fa
:020000040103f6
:10d2fc0030b587b001248df80f10009223460df144
:10d30c000f0504aa4af6aa7103488df81440049537
:0cd31c00f4f74afd07b030bdd8d5002062
:020000040000fa
:020000040103f6
:10d3280038b5838b084a42600025044603f0fe03a3
:10d33800838385608577056245642c3002f076fa30
:0cd348006562a562204638bd8d2b0401f3
:020000040000fa
:020000040103f6
:10d3540001f0fd01012900d07047074b93f80b2d14
:10d36400910707d493f8662d1207f5d0b3f8683dfa
:0cd37400022bf1d1f9f7cabf38c5002028
:020000040000fa
:020000040103f6
:10d3800010b5044602210022fef7aefaa37913f08d
:10d39000010102d0a3881bb1fee72046fef7befaca
:0cd3a00020460021bde81040eef7a4bac2
:020000040000fa
:020000040103f6
:10d3ac0070b4094d04460e460fcd20606160a2603a
:10d3bc00e36035687068b168f268e26125616061ac
:0cd3cc00a16170bc704700bf20d400209d
:020000040000fa
:020000040103f6
:10d3d80010b586b001aa08480c46eef75fff48b9b9
:10d3e8009df81530227e9a4216bf01200020237630
:0cd3f80006b010bd0023f5e7d8d50020da
:020000040000fa
:020000040103f6
:10d4040030b40469002c0edc04eb840500eb8505c4
:10d4140001342b62029b6b62c5e90512002304618f
:0cd42400184630bc70476ff03d03f9e77c
:020000040000fa
:020000040103f6
:10d4300070b588b0dde90c650e9c009302950f9bda
:10d44000109d0394119c04930196134605950a467a
:0cd4500006940121f6f7bafe08b070bd8a
:020000040000fa
:020000040103f6
:10d45c0010b501210446fcf725fe00b110bd0121d9
:10d46c0004f10800fcf71efe0028f7d1014604f178
:0cd47c001000bde81040fcf715be00bf1a
:020000040000fa
:020000040103f6
:10d488000078032801d007487047022b086006d9a6
:10d498004ff4b8531070a2f80130002070470248ca
:0cd4a800704700bf80b0ffff00b1ffff25
:020000040000fa
:020000040103f6
:10d4b400f0b402280c46dde9066711461a46dde998
:10d4c400043506d1cde9056704952046f0bcddf7a7
:0cd4d400a5bb0148f0bc7047808fffff33
:020000040000fa
:020000040103f6
:10d4e00008b5007a00f0fafe60b143791b090b2bf6
:10d4f00009d84ff4146222fa03f313f0010f14bf9a
:0cd500000320002008bd002008bd00bf73
:020000040000fa
:020000040103f6
:10d50c0003681b791bb94268013a012a0bd9836b5a
:10d51c00b0f8dc0043b1b3f888322bb118b19842a3
:0cd52c0028bf184670471846704700bf23
:020000040000fa
:020000040103f6
:10d5380010b50446ecf78cffa06b05f00dfc606c91
:10d548000023a36320b101f0effc606c05f004fc3c
:0cd55800a36c63640023a36410bd00bf3b
:020000040000fa
:020000040103f6
:10d5640012f0030318bf012370b50e4603eb9201ba
:10d5740014460546f8f72cfb00b170bd234632462d
:0cd58400e9882868bde87040f6f726bf73
:020000040000fa
:020000040103f6
:10d5900090b1d0f84c327bb1d0f81422d0f85012b0
:10d5a00010b50446521a1846c4f8142205f0d8fbe8
:0cd5b0000023c4f84c3210bd704700bfcf
:020000040000fa
:020000040103f6
:10d5bc0090f8a4300bb91846704710b5022190f8ba
:10d5cc00a5200446fbf794fd10f5d14f05d00023a0
:0cd5dc0084f8a43008b9d4f8a80010bdf1
:020000040000fa
:020000040103f6
:10d5e80093b1043930b401eb8303051f104600bf23
:10d5f80051f8044f241a34bf01200020994245f8fd
:0cd60800044ff5d130bc7047104670474d
:020000040000fa
:020000040103f6
:10d614004cf2ad0398420cd04cf2af02064b02e040
:10d62400824204d01a691033002af9d113461846ed
:0cd634007047014bfbe700bf6093020150
:020000040000fa
:020000040103f6
:10d64000837a0a2b10d8012000fa03f313f08e0f0f
:10d6500009d113f4c06f05d113f0100f0cbf0020d7
:0cd6600004207047022070470020704733
:020000040000fa
:020000040103f6
:10d66c0038b54ff086440222074d22604ff2dc039e
:10d67c0028461b6898474ff2e80328461b689847d2
:0cd68c000020206038bd00bf2c070020eb
:020000040000fa
:020000040103f6
:10d6980038b54ff086440222074d22604ff29c03b2
:10d6a80028461b6898474ff2a00328461b689847ee
:0cd6b8000020206038bd00bf00040020ee
:020000040000fa
:020000040103f6
:10d6c40010b508460c46cdf72efb58b90648631e24
:10d6d400e11d3e2202e000bf10f8012b03f8012fe8
:0cd6e4008b42f9d110bd00bfa931040138
:020000040000fa
:020000040103f6
:10d6f00000b583b040f20143002201a90548adf80e
:10d70000043003f089ff10b9034b01221a7003b0f3
:0cd710005df804fb24100020180101202b
:020000040000fa
:020000040103f6
:10d71c000003000029f1030155a2030161bd0301bf
:10d72c0095bd030191a20301fdbd0301c9bd030118
:0cd73c001d340401a1260401193404016d
:020000040000fa
:020000040103f6
:10d7480030b421f001014ff08075074c40f80c4cc3
:10d758006ff0020340f8202c40e9021540f8243c01
:0cd7680030bc4438704700bf95ff03013f
:020000040000fa
:020000040103f6
:10d7740008b54ff0200383f31188bff36f8fbff315
:10d784004f8fdaf795ff18b1034b4ff080521a60b0
:0cd79400002383f3118808bd04ed00e0c1
:020000040000fa
:020000040103f6
:10d7a00038b5084b084c18780025e57700f0d2f81a
:10d7b000022323700123a3702846bde8384002f0fd
:0cd7c000f3bc00bf011100209c100020f1
:020000040000fa
:020000040103f6
:10d7cc00f0b51446ff2501268c4209d9017803fadd
:10d7dc0002f281ea02032b405340dbb20370f0bd2e
:0cd7ec0006fa04f725ea07050134ede712
:020000040000fa
:020000040103f6
:10d7f80008b5074802f0c6fc38b9064802f0c2fc72
:10d8080018b9054802f0befc00b1852008bd00bf6c
:0cd8180008110020011100200011002068
:020000040000fa
:020000040103f6
:10d8240000000000802e0401d5200401e920040139
:10d834007134040175340401ffd8030101bf0301ed
:0cd84400d5d8030155f7020119b003010b
:020000040000fa
:020000040103f6
:10d85000814208b50ed0406803782a2b0cd0496865
:10d860000b782a2b08bf013103f0c6ffb0fa80f015
:0cd87000400908bd0120fce70020fae799
:020000040000fa
:020000040103f6
:10d87c0000000000982e0401fd2004011121040178
:10d88c007134040175340401ffd8030101bf030195
:0cd89c009917040195a503018d2e0401cd
:020000040000fa
:020000040103f6
:10d8a80000b553ec112b83b051ec100b8ded002b10
:10d8b800dff776ff9ded002b53ec122bd6f740ffd8
:0cd8c80041ec100b03b05df804fb00bf46
:020000040000fa
:020000040103f6
:10d8d4002de9f04104460d4616461f4603f05aff53
:10d8e40048b9a06803689c6932463b462946a44669
:0ad8f400bde8f0416047bde8f08197
:020000040000fa
:020000040103f6
:10d8fe002de9f04105460c4616461f46fff7a1ffdf
:10d90e0048b9032f07d823683246294620465b695b
:0ad91e00bde8f0411847bde8f081b4
:020000040000fa
:020000040103f6
:10d92800802910db812901dd83290cd11368073395
:10d9380023f0070303f108011160d3e90023c0e9cc
:0ad948000023012070470020704703
:020000040000fa
:020000040103f6
:10d95400074b1b78834201d21220704710b5054b48
:10d9640000011c181858f6f7bbfd0020207310bde9
:08d97400edef002080fc002013
:020000040000fa
:020000040103f6
:10d97c0050b1064b02689a42014602d30448fff7a5
:10d98c00cbb90448fff7c8b9704700bf54eb00206f
:08d99c00bcff0020b0ff0020d9
:020000040000fa
:020000040103f6
:10d9a400037a012b0ad05ab262b1022b05d10b7251
:10d9b400036842684a600b60704770470b720388c3
:08d9c4000b8070470a727047e6
:020000040000fa
:020000040103f6
:10d9cc0010b404884ff6fe72944208d00b4607c878
:10d9dc00002483e8070020465df8044b70471724a9
:08d9ec0020465df8044b704772
:020000040000fa
:020000040103f6
:10d9f40038b50446c06c0d4618b103f0e5ff0023aa
:10da0400e36469892846fff7e3f90028e0640cbf62
:08da14000320002038bd00bf13
:020000040000fa
:020000040103f6
:10da1c0010b401f1310424f00104247814f0300f17
:10da2c0003d007205df8044b704713465df8044b98
:08da3c000a464421ebf7cebdc0
:020000040000fa
:020000040103f6
:10da44008388c28810b45c1c944208d80268d154fc
:10da540083885df8044b01338380002070470320e2
:08da64005df8044b704700bfa0
:020000040000fa
:020000040103f6
:10da6c008388c28810b49c1c944209d8026849bab5
:10da7c00d15283885df8044b0233838000207047b9
:08da8c0003205df8044b704714
:020000040000fa
:020000040103f6
:10da94008388c28810b49c1c944208d80268d1526e
:10daa40083885df8044b0233838000207047032091
:08dab4005df8044b704700bf50
:020000040000fa
:020000040103f6
:10dabc0070b58688c488b518a5420ad80446006893
:10dacc003044154603f01af9a3882b44a380002098
:08dadc0070bd032070bd00bf06
:020000040000fa
:020000040103f6
:10dae40078b179b103785bb10346002003e000bf4d
:10daf40013f8012f2ab1013080b28142f8d1704766
:08db04001846704708467047ff
:020000040000fa
:020000040103f6
:10db0c0038b5c4890b199bb2a3420bd30d461946e9
:10db1c000446f2f70dff20b9a3896581ab4200d909
:08db2c00a58138bd072038bdba
:020000040000fa
:020000040103f6
:10db340062b1012a09d1cb1d0138013913f8012939
:10db440000f8012f8b42f9d1704770470b684a687f
:08db540042600360704700bf4e
:020000040000fa
:020000040103f6
:10db5c0038b50546f3f780faff280ad00446284664
:10db6c00fbf796fdab8820449842ccbf06200020e2
:08db7c0038bd062038bd00bfd2
:020000040000fa
:020000040103f6
:10db840070b50546f3f76cfa2e68ff2818bf3418f1
:10db9400284608bf0024fbf77ffda31bdbb2c0f1be
:08dba4007f00c01a80b270bdc1
:020000040000fa
:020000040103f6
:10dbac00f8b50646f3f758fa3768b588ff2818bf5a
:10dbbc003c18304608bf0024fbf76afde31b281a0b
:08dbcc00dbb2c01a80b2f8bd03
:020000040000fa
:020000040103f6
:10dbd400f8b505460e46f3f743fa2f68ff2818bf39
:10dbe4003c18284608bf0024fbf756fde31b3044cd
:08dbf40050fa83f3ab80f8bd89
:020000040000fa
:020000040103f6
:10dbfc0010b5036a82b004464bb17f2907d0027c72
:10dc0c008df805108df80420416a01a8984720462c
:08dc1c00ecf710ff02b010bd8f
:020000040000fa
:020000040103f6
:10dc2400014610b40022074c8260c0e9002241f88a
:10dc34000c4f028b416102f0800202835df8044bb9
:08dc4400704700bfa129040193
:020000040000fa
:020000040103f6
:10dc4c00037eda070dd5c3f3c302013202f00f02d3
:10dc5c0062f3c603042a037604d9037e6ff3c6036a
:08dc6c0003767047eef7f8b8eb
:020000040000fa
:020000040103f6
:10dc7400037e10b4c3f340048c4204d061f3410327
:10dc84000376db0702d45df8044b704701215df88d
:08dc9400044bf3f74dba00bf89
:020000040000fa
:020000040103f6
:10dc9c00c37a13f0fc0106d0fc2904d0fc33c37208
:10dcac0013f0fc0300d07047417e63f307114176fb
:08dcbc000121f3f739ba00bfa2
:020000040000fa
:020000040103f6
:10dcc40003464ff4fe4210b4002123f80c2b00f558
:10dcd400a6747f2203f80a1c03f8092c0a33a34212
:08dce400f8d15df8044b704714
:020000040000fa
:020000040103f6
:10dcec0030b5144683b00d460df1070221461c4693
:10dcfc00faf75efe30b99df907207f2a02d06a75cb
:08dd0c0004b1608403b030bdd6
:020000040000fa
:020000040103f6
:10dd140010b5837c9b070446064808d5fcf73efaf9
:10dd240020b9a378022b1cbf0223a37010bdfdf7fa
:08dd3400fbfff5e738c50020f4
:020000040000fa
:020000040103f6
:10dd3c0010b582b004461123084600918df80430ca
:10dd4c0003f00cfe28b120466946fbf719fd02b022
:08dd5c0010bd072002b010bd4c
:020000040000fa
:020000040103f6
:10dd6400026842b191420bd0134601e0994207d0b8
:10dd74009b68002bfad100238a6001601846704723
:08dd840018231846704700bf88
:020000040000fa
:020000040103f6
:10dd8c00c36b10b5044643b1d96931b10b2220469f
:10dd9c00f9f79cf8e36b002bf6d1201d00f02cf862
:08ddac00002384f89d3010bd36
:020000040000fa
:020000040103f6
:10ddb40010b586b01346adf814100024014601aa2c
:10ddc4000448cde90144cde90344f1f765ff06b009
:08ddd40010bd00bfc0c5002016
:020000040000fa
:020000040103f6
:10dddc0010b5fdf795fb00230b604b608b60cb609f
:10ddec000b82c1f81230c1f81630c1f81a30c1f8e4
:08ddfc001e304b8410bd00bf76
:020000040000fa
:020000040103f6
:10de040008b5074bd3f8903013b907e01b6b2bb15f
:10de14009842fbd101460348fff7deff002008bd0e
:08de240038c50020c0c5002034
:020000040000fa
:020000040103f6
:10de2c0043885bba9bb2042b0cd0072b08d94368f0
:10de3c0080681bba00ba83428cbf00200120704757
:08de4c0000207047012070471f
:020000040000fa
:020000040103f6
:10de540010b503460446064a03f0c0f923460022df
:10de64000449a26343f83c1f2046c4e9113210bda3
:08de740049330401852a040171
:020000040000fa
:020000040103f6
:10de7c0010b5037c0c7c9c4201d0002010bde21d2f
:10de8c00d208102a00d9fee7f7f7f6fb84428cbfc4
:08de9c000020012010bd00bfb1
:020000040000fa
:020000040103f6
:10dea40010b400236ff001046ff07f02047042701d
:10deb4008370c370037143718371c3715df8044b44
:08dec4000830fff7abb900bf05
:020000040000fa
:020000040103f6
:10decc0030b44b680d6843604ff0ff34002352baf6
:10dedc006ff001010560c472c28101730372437259
:08deec008372437330bc7047e0
:020000040000fa
:020000040103f6
:10def400426842b191420dd0134601e0994209d0e3
:10df04001b69002bfad10a6100230a4641600121f2
:08df1400f6f794bd704700bf51
:020000040000fa
:020000040103f6
:10df1c000023036010b406490468064a436021409c
:10df2c000a438360c360436102615df8044b704730
:08df3c00000080fe40001f01ff
:020000040000fa
:020000040103f6
:10df440070b50c4682b01646072122460546fef7f8
:10df5400d1fb38b9cde900003346224628460721d3
:08df6400f0f722f802b070bdd5
:020000040000fa
:020000040103f6
:10df6c0038b500210546ecf7f5f805f1e800fff7a8
:10df7c0043ff044620b905f5d8710248fcf76efd45
:08df8c00204638bd64c60020e8
:020000040000fa
:020000040103f6
:10df940030b583b00d46002301220df107018df841
:10dfa40007300446fff71cf820b929462046102202
:08dfb400fff716f803b030bdc1
:020000040000fa
:020000040103f6
:10dfbc0010b582b00c4601ab0422562103f092fc42
:10dfcc0038b99df80530012b86bfbdf8063023808b
:08dfdc00062002b010bd00bfd9
:020000040000fa
:020000040103f6
:10dfe40010b5044604f042f9e07104f03ff900234f
:10dff400a07123714ff400710248bde8104003f092
:08e00400bbbc00bf60c5002099
:020000040000fa
:020000040103f6
:10e00c0010b5144600f0b6fe58b14378012b06d972
:10e01c0005f06cf903885bba2380002010bd062044
:08e02c0010bd172010bd00bf5c
:020000040000fa
:020000040103f6
:10e0340090f834309b0700d5704710b50446012191
:10e044000448eff745fa94f8343043f0020384f8b7
:08e05400343010bd1ccf002088
:020000040000fa
:020000040103f6
:10e05c0010b50446e6f71cf9a06150b183891bb9d1
:10e06c00037943f0080303710248bde8104000f047
:08e07c00bfbc10bd1ccf002049
:020000040000fa
:020000040103f6
:10e0840030b4058800294fea520402f1ff334ff6f9
:10e09400ff7105fb034318bf00210b4430bcb3fbe5
:08e0a400f2f30380704700bf96
:020000040000fa
:020000040103f6
:10e0ac004378ff2b10b402d00133dbb24370082b42
:10e0bc0028bf082302785c1e04fb02125df8044b97
:08e0cc00b2fbf3f3037070478f
:020000040000fa
:020000040103f6
:10e0d400084a38b50160d2f8f0490c4004601cb11c
:10e0e400bde8384001f074bc0546103003f04efc26
:08e0f400ac7238bd38c50020f4
:020000040000fa
:020000040103f6
:10e0fc0003780a78c3f3c00363f300020a70027852
:10e10c000b78c2f3400262f341030b70027862f3a6
:08e11c0082030b70704700bf85
:020000040000fa
:020000040103f6
:10e1240030b583b005460024012301aa082105481f
:10e134008df8044000f0acfb10b99df80430ab77c7
:08e1440003b030bd8cc50020c2
:020000040000fa
:020000040103f6
:10e14c0030b583b08a880c460df106030968f7f7e1
:10e15c005bfb054620b92046bdf8061004f07af8a2
:08e16c00284603b030bd00bfde
:020000040000fa
:020000040103f6
:10e1740010b40c7803784a7864f3000303704b8876
:10e18400023ad2b25bbaa0f8fa30427004310230db
:08e194005df8044b02f0b6bd7a
:020000040000fa
:020000040103f6
:10e19c0038b5937803f00f0303709378c3f300132f
:10e1ac00437015460446ca780230043104f03af93b
:08e1bc00eb78a37438bd00bf2d
:020000040000fa
:020000040103f6
:10e1c40070b4084e06f6e86405460fcc2860696012
:10e1d400aa60eb6005f1100106f6085070bc04f06b
:08e1e40065b900bf38c5002039
:020000040000fa
:020000040103f6
:10e1ec00034661b1488e9a8a904200d0704791f8ec
:10e1fc0036001a69012181400a431a61704703698c
:08e20c00002bf3d0f3f7cabeaa
:020000040000fa
:020000040103f6
:10e2140010b50346044600210120064a20706160bf
:10e2240043f8082f04f114002361802203f082ffd5
:08e23400204610bdf92b040186
:020000040000fa
:020000040103f6
:10e23c0001290dd810b414461a4621b921465df8af
:10e24c00044bcef71db921465df8044bcdf7f0be5b
:08e25c006ff02000704700bfc5
:020000040000fa
:020000040103f6
:10e26400010000000200000004000000080000009b
:10e2740010000000200000004000000080000000aa
:08e284001b0000003600000041
:020000040000fa
:020000040103f6
:10e28c0058b138b514460d46fef768fb40b1027c18
:10e29c00437c2a700020237038bd6ff02d0070472e
:08e2ac006ff02d0038bd00bf2a
:020000040000fa
:020000040103f6
:10e2b400282c040108000000e8780001e878000137
:10e2c4000300000000000000000000000000000047
:08e2d400000000000000000042
:020000040000fa
:020000040103f6
:10e2dc00084b5a685ab11978814205d107e000bf42
:10e2ec0013f8081f814202d0da68002af8d11046d0
:08e2fc00704700bfa4590301a3
:020000040000fa
:020000040103f6
:10e3040000b583b0836b8df80410110c52baadf8cc
:10e31400062004228df805101b690deb02019847b5
:08e3240003b05df804fb00bf2b
:020000040000fa
:020000040103f6
:10e32c0080b110b50446006e30b104f013fd00232b
:10e33c00236684f86830636620467021bde810407f
:08e34c0003f0b4bd704700bfef
:020000040000fa
:020000040103f6
:10e3540070b404680e1b002e0bdd26789e4204d197
:10e364000134046070bcf3f717bf6ff0610070bc38
:08e3740070476ff05f00fae74b
:020000040000fa
:020000040103f6
:10e37c0042f21072914210b40ad8c2888a4203d376
:10e38c0000205df8044b70475df8044bfcf742bd70
:08e39c006ff00f00f5e700bf70
:020000040000fa
:020000040103f6
:10e3a40030b1036823b11b78082b07d0092b01d0a7
:10e3b4000448704740680021e9f78ebf4068012196
:08e3c400e9f78abf00afffff7b
:020000040000fa
:020000040103f6
:10e3cc0030b587b0dde90a5400959df830500194c2
:10e3dc0002950d9c0e9d03940024cde90454e7f79f
:08e3ec008ffc07b030bd00bf3b
:020000040000fa
:020000040103f6
:10e3f40080b110b50446203004f00efc4ff4a07137
:10e40400204603f057fd42f210724ff0ff33e261f1
:08e41400236110bd704700bf39
:020000040000fa
:020000040103f6
:10e41c00084a1388180406d4138843f40043138065
:10e42c0013691904fcd4034a13691b07fcd49069c3
:08e43c00704700bf000001421f
:020000040000fa
:020000040103f6
:10e44400074a084b91894cf2ff3089b25960908198
:10e4540092891a681ab1586899681b6818477047f6
:08e4640000000142d4ff00207a
:020000040000fa
:020000040103f6
:10e46c00074b5a7a52b13321064a987a997213683b
:10e47c00c0b21bb110b1516813681847704700bf88
:08e48c000014004028000120eb
:020000040000fa
:020000040103f6
:10e4940010b5084c94f8311094f9080002f098fb78
:10e4a40094f8303003b110bd04f13800bde81040d9
:08e4b40004f0a8bf60fd002088
:020000040000fa
:020000040103f6
:10e4bc0008480068006880f308884ff0000080f37b
:10e4cc00148862b661b6bff34f8fbff36f8f00df56
:08e4dc0000bf000008ed00e0a4
:020000040000fa
:020000040103f6
:10e4e400026910b4d0e9011354688b608442596006
:10e4f40008bf536013685df8044b013b00210161c0
:08e5040018461360704700bfc8
:020000040000fa
:020000040103f6
:10e50c0070b504460d46164604e0a269236a2046ff
:10e51c0015449847a1692b46294432462046f9f701
:08e52c0075ff0028f1d170bd5c
:020000040000fa
:020000040103f6
:10e534000d0a3d3d3d3d3d434f4150205345442050
:10e544005345525645522041505020494e49543d5e
:08e554003d3d3d3d3d0d0a0077
:020000040000fa
:020000040103f6
:10e55c0000f1824000f5803082b00378dbb28df898
:10e56c0007309df8073019401141c9b28df80710da
:08e57c009df8070002b0704792
:020000040000fa
:020000040103f6
:10e5840000f1824000f5803082b00378dbb28df870
:10e5940007309df8073019401141c9b28df80710b2
:08e5a4009df8070002b070476a
:020000040000fa
:020000040103f6
:10e5ac0000f1824000f5803082b00378dbb28df848
:10e5bc0007309df8073019401141c9b28df807108a
:08e5cc009df8070002b0704742
:020000040000fa
:020000040103f6
:10e5d40008b5084b5b780f2b01d0202b07d10820fe
:10e5e400d3f7f6fe08280cbf0020852008bd822042
:08e5f400fce700bf9c100020b1
:020000040000fa
:020000040103f6
:10e5fc0008b5074a4ff003019170537803f01f03dd
:10e60c00082bf9d104f04efc024b5870002008bdc9
:08e61c00000001419c100020e8
:020000040000fa
:020000040103f6
:10e6240038b5084c4ff41e652846e560f4f7b0fc95
:10e63400a06010b9e060606038bd002360600560d0
:08e644004360f9e7a0ff00208c
:020000040000fa
:020000040103f6
:10e64c0038b50569954228bf154604465db12a4682
:10e65c00406902f053fb636922692b44551b00226d
:08e66c00636125611a7038bddd
:020000040000fa
:020000040103f6
:10e6740008b5804704f0fefdf6f7d0fd04f0fafd7e
:10e684000d460446f9f7a6f8013501d004f0eafb7b
:06e694002046e5f7b1fa93
:020000040000fa
:020000040103f6
:10e69a004e31305f5f637878616269763132305f1c
:10e6aa005f73695f636c6173735f747970655f69c7
:05e6ba006e666f4500d3
:020000040000fa
:020000040103f6
:10e6c00010b5044604f076f8a36823b12146bde8ee
:10e6d000104004f0a5b8a0602146bde8104004f049
:04e6e0009fb800bf20
:020000040000fa
:020000040103f6
:10e6e40030b585b000230d4601a98df80c30faf73a
:10e6f400c3f8044618b9294601a8fff751f9204682
:04e7040005b030bd6f
:020000040000fa
:020000040103f6
:10e7080010b582b004468df80410684601a901f0de
:10e718006df904f608509df80010eef77ffb02b083
:04e7280010bd00bf61
:020000040000fa
:020000040103f6
:10e72c0070b504460d461646f9f7e2ff04f13100c8
:10e73c0020f001000378467023f0300343ea051300
:04e74c00037070bd29
:020000040000fa
:020000040103f6
:10e750000b6810b504464bb1db6903601bb118466a
:10e76000fbf7c2ff03466360204610bd0360636091
:04e77000204610bd72
:020000040000fa
:020000040103f6
:10e7740008b5c3884ff6ff72934208d00a46018950
:10e784000068c91a89b2f8f785fa002008bd172075
:04e7940008bd00bffd
:020000040000fa
:020000040103f6
:10e7980010b51c46f1f7bef850b141892c3989b241
:10e7a800fef714fb0028206014bf0020032010bdd2
:04e7b800172010bd59
:020000040000fa
:020000040103f6
:10e7bc00002110b4064c046080600262c0e90311b1
:10e7cc00c0e90511c16181845df8044b704700bf3d
:04e7dc00f53204010d
:020000040000fa
:020000040103f6
:10e7e000034608465a78ff2a04d0023292b21946ec
:10e7f000fef7f8bb5a8852ba92b2043292b2194666
:04e80000fef7f0bb74
:020000040000fa
:020000040103f6
:10e8040030b5044685b0154601a80a462146fbf7f3
:10e8140015ff28b92a462046bdf8061004f082fbed
:04e8240005b030bd4e
:020000040000fa
:020000040103f6
:10e8280030b5044685b0154601a80a462146fbf7cf
:10e8380003ff28b92a462046bdf8061003f05ef803
:04e8480005b030bd2a
:020000040000fa
:020000040103f6
:10e84c0030b5044685b0154601a80a462146fbf7ab
:10e85c00f1fe28b92a462046bdf8061003f056f8fa
:04e86c0005b030bd06
:020000040000fa
:020000040103f6
:10e8700070b505460e461c4623b118461146fff7f3
:10e8800031f9c3b2224631462846bde87040f4f75c
:04e8900075bf00bf91
:020000040000fa
:020000040103f6
:10e8940000b585b00df10e00adf80e3000901346b2
:10e8a40003480022f0f784fd05b05df804fb00bfc7
:04e8b40038c5002043
:020000040000fa
:020000040103f6
:10e8b800074a938803b9fee7013b9bb210b50446ab
:10e8c80093800bb1204610bd01f0bafd204610bd63
:04e8d80038000120e3
:020000040000fa
:020000040103f6
:10e8dc008b894a8903809a422cbfc3eb0202c3eb9b
:10e8ec000302db439bb292b2934228bf1346438090
:04e8fc00704700bfa2
:020000040000fa
:020000040103f6
:10e900000139013801e0934209d111f8013f10f8b3
:10e91000012f002bf7d1b2fa82f040097047002096
:04e92000704700bf7d
:020000040000fa
:020000040103f6
:10e92400d0e9003210b45c1a33ea240328bf0b4642
:10e93400d11a33ea210328bf134643605df8044b20
:04e94400704700bf59
:020000040000fa
:020000040103f6
:10e948008368984204d04368cb1a002b00db7047d9
:10e958004160024a01460248eff7f6b8880f040101
:04e9680040c5002086
:020000040000fa
:020000040103f6
:10e96c0003686bb1d96910b5044611b907e0d969d0
:10e97c0029b1204601f01cfd2368002bf7d110bdf6
:04e98c00704700bf11
:020000040000fa
:020000040103f6
:10e990004268034602b170470548426822b1516897
:10e9a000596053604360704743605b60fef7a0bef0
:04e9b00038c5002046
:020000040000fa
:020000040103f6
:10e9b4000748d0f86c39591e914203d00133934271
:10e9c40003d0fee700f63820704700f65820704761
:04e9d40038c5002022
:020000040000fa
:020000040103f6
:10e9d80038b50d46044601f087fdff2808d0431cd2
:10e9e800dbb22268d550237f43f00103237738bd7b
:04e9f800fee700bf77
:020000040000fa
:020000040103f6
:10e9fc000378db0709d54278042a06d04388d90668
:10ea0c0003d443f01003438002b17047bc30fff7ce
:04ea1c00b9bf00bfbf
:020000040000fa
:020000040103f6
:10ea20001f2908b50cd8c268ca40d30708d5027898
:10ea3000c17242f020020270f5f7dcfe002008bd32
:04ea4000072008bde6
:020000040000fa
:020000040103f6
:10ea4400037ed90705d4064991f80b1d0a0701d5a1
:10ea5400fee7704743f0010303760121f2f768bb38
:04ea640038c5002091
:020000040000fa
:020000040103f6
:10ea68008b7a10b40c89d1e9002143ea440312ba25
:10ea780049ba5bba0180c0f80220c3805df8044b34
:04ea8800704700bf14
:020000040000fa
:020000040103f6
:10ea8c000188d0f8020049ba00ba00224df804bd42
:10ea9c008bb212eb000b43f1000c584661465df84b
:04eaac0004bb7047f0
:020000040000fa
:020000040103f6
:10eab00030b5c3b0044601a803f00af801a9204606
:10eac000f4f738ff01a905462046eff77ff82846fe
:04ead00043b030bd62
:020000040000fa
:020000040103f6
:10ead40010b5c2b0044601a802f0f8ff01a920460f
:10eae400f4f726ff18b901a9204601f07dfd42b0d4
:04eaf40010bd00bf92
:020000040000fa
:020000040103f6
:10eaf80030b5c3b004460d4601a802f0e5ff29462b
:10eb080001a803f073ff01a92046f8f751f943b0b3
:04eb180030bd00bf4d
:020000040000fa
:020000040103f6
:10eb1c0010b5044603f030f808b1002010bd2146b2
:10eb2c00034802f0dbfb80f00100c0b210bd00bf57
:04eb3c0040d20020a3
:020000040000fa
:020000040103f6
:10eb400010b50c4682b010b1f3f79ef840b900231f
:10eb5000204601220df107018df80730fef742fa39
:04eb600002b010bd32
:020000040000fa
:020000040103f6
:10eb6400136813b11a46f2f71bbc10b454682cb1e5
:10eb7400138922465df8044bf0f79cb95df8044b09
:04eb8400fcf7f6bce8
:020000040000fa
:020000040103f6
:10eb880038b5051d04462846f5f7d8fe2846012263
:10eb980040f22221fff70af92046bde83840eff796
:04eba80091bd00bf5c
:020000040000fa
:020000040103f6
:10ebac00002310b449ba4ff0ff346ff00102c47067
:10ebbc00c180027103704370837043715df8044b24
:04ebcc00704700bfcf
:020000040000fa
:020000040103f6
:10ebd0000368b3f17f4f01d0002070478388fe2b7c
:10ebe000fad18079fb28f7d880f00200c0f340000a
:04ebf000704700bfab
:020000040000fa
:020000040103f6
:10ebf40038b5446864b10d4601e0246944b110227b
:10ec04002946204602f070f80028f6d1012038bdcc
:04ec1400204638bda1
:020000040000fa
:020000040103f6
:10ec180038b5046864b10d4601e0646944b1102256
:10ec28002946204602f05ef80028f6d1012038bdba
:04ec3800204638bd7d
:020000040000fa
:020000040103f6
:10ec3c000146002210b4064c8261c0e9042202771e
:10ec4c00026241f8244f5df8044bc162704700bf6b
:04ec5c00152b04016f
:020000040000fa
:020000040103f6
:10ec600010b50446e834fbf737ff2046f5f76afe97
:10ec700000b110bd2046012244f64c51bde81040c1
:04ec8000fff798b84a
:020000040000fa
:020000040103f6
:10ec840010b50c46082200f5d471204602f02cf889
:10ec940008b1002010bd04f10800bde81040fff7e2
:04eca40095bf00bf59
:020000040000fa
:020000040103f6
:10eca80010b50c46082200f5d471204602f01af877
:10ecb80008b1002010bd04f10800bde8104000f0c4
:04ecc80095bd00bf37
:020000040000fa
:020000040103f6
:10eccc0010b5044601f05efd00b110bd044b2046aa
:10ecdc00d3f894290821bde8104002f0bfb800bf5a
:04ecec0038c5002007
:020000040000fa
:020000040103f6
:10ecf00010b50446064800f0ddfc00b910bd204602
:10ed00000823034a1621bde81040f4f737bd00bfc1
:04ed100010ce002001
:020000040000fa
:020000040103f6
:10ed140010b50446064800f0cbfc00b910bd2046ef
:10ed24000823034a1721bde81040f4f725bd00bfae
:04ed34003cce0020b1
:020000040000fa
:020000040103f6
:10ed380010b554220446002103f0faf9204604498c
:10ed4800fcf74cfd4ff0ff33a4f8333010bd00bf83
:04ed580038c500209a
:020000040000fa
:020000040103f6
:10ed5c0010b538220446002103f0e8f92046044996
:10ed6c00fcf73afd4ff0ff33a4f8333010bd00bf71
:04ed7c0038c5002076
:020000040000fa
:020000040103f6
:10ed800010b503680c460179042218461944faf7b5
:10ed900035f830b122464178bde810400230f0f736
:04eda00065be10bd7f
:020000040000fa
:020000040103f6
:10eda40010b50346054a43f8082f054a0361044693
:10edb4000260f9f765f8204610bd00bf812b0401fd
:04edc400be0081000c
:020000040000fa
:020000040103f6
:10edc80010b507481446edf769fa08b9a37c2bb9c2
:10edd800002323606360a360e360236110bd00bf6c
:04ede800d8d500205a
:020000040000fa
:020000040103f6
:10edec0010b500f12c010446203002f04dfe10b19c
:10edfc00022384f824300248bde8104002f086baa1
:04ee0c00d0d1002041
:020000040000fa
:020000040103f6
:10ee1000837f0b296ff30003837703d01c2901d074
:10ee200011b1fee7f5f77ab9816904300131fef7d7
:04ee30006bb800bffc
:020000040000fa
:020000040103f6
:10ee340002781ab18a0504d48b0700d47047e6f728
:10ee4400e3bd10b50446e6f723f82046bde81040bc
:04ee5400e6f7dabd46
:020000040000fa
:020000040103f6
:10ee5800c26801320dd010b50446faf76bf90023e9
:10ee680014212361601803f023f84ff0ff33e360a7
:04ee780010bd704712
:020000040000fa
:020000040103f6
:10ee7c0038b5446804f16805134620460a4629460d
:10ee8c00def786f900b138bd29462046bde838408a
:04ee9c00dbf790bc54
:020000040000fa
:020000040103f6
:10eea000806b70b143791b090b2b09d84ff41462a6
:10eeb00022fa03f313f0010f14bf03200020704760
:04eec0000020704777
:020000040000fa
:020000040103f6
:10eec40000b583b040680599009111461a46049b29
:10eed40002f0faff10f5984f08bf00f5985003b000
:04eee4005df804fbd6
:020000040000fa
:020000040103f6
:10eee80030b587b0dde90a5400950c9d0194029570
:10eef8000d9c0e9d03940024cde90454f1f7a2f96a
:04ef080007b030bd61
:020000040000fa
:020000040103f6
:10ef0c0030b4d0f8c44004341460d0f8c4204ff4aa
:10ef1c0060751d601623c0f8c8301170002030bc1d
:04ef2c00704700bf6b
:020000040000fa
:020000040103f6
:10ef300070b110b504463830fbf7cafe04f1740016
:10ef4000fbf7c6fe2046b021bde8104002f0b4bf7a
:04ef5000704700bf47
:020000040000fa
:020000040103f6
:10ef54000088012940ba80b20bd14ff6ff6140f21c
:10ef6400022340f20122884218bf1346c01ac0434c
:04ef740080b27047b0
:020000040000fa
:020000040103f6
:10ef780060b110b404682cb183681bb15df8044b10
:10ef880001f07cbd02485df8044b704700487047ab
:04ef980000afffffc8
:020000040000fa
:020000040103f6
:10ef9c0001f18041013900eb8101884209d80a68ee
:10efac00036812ba1bba40f8042b41f804398842a2
:04efbc00f5d97047cc
:020000040000fa
:020000040103f6
:10efc0000168881c400000f008000844032200bfcc
:10efd00000fb01f3c3f10203013a03fb00f0f7d198
:04efe00040427047f4
:020000040000fa
:020000040103f6
:10efe40030b587b0dde90a5400950c9d0194029573
:10eff4000d9c0e9d03940024cde90454e5f710f80c
:04f0040007b030bd64
:020000040000fa
:020000040103f6
:10f00800544c532d45434448452d45434453412dc5
:10f01800574954482d4145532d3235362d43434ddc
:04f02800000000bf25
:020000040000fa
:020000040103f6
:10f02c00436b0bb101207047436f43b1036f33b196
:10f03c00836e23b1c06e003018bf01207047184694
:04f04c00704700bf4a
:020000040000fa
:020000040103f6
:10f0500030b583b004460d461046694601aa01f05a
:10f060005bfc28b929462046dde90023f9f7c6fff5
:04f0700003b030bdfc
:020000040000fa
:020000040103f6
:10f0740010b54ff4a0720446002103f05bf804f1cc
:10f08400200003f0c3fd4ff0ff3242f210732261ff
:04f09400e36110bd67
:020000040000fa
:020000040103f6
:10f0980010b54ff0864402224ff2bc0322601b6871
:10f0a80003484ff4117198470020206010bd00bf3d
:04f0b8000004002030
:020000040000fa
:020000040103f6
:10f0bc0010b5002002f0b6fa0446f8f78bfa044bb0
:10f0cc00c3e9000121460020bde8104003f0babaa4
:04f0dc0010000120ff
:020000040000fa
:020000040103f6
:10f0e00010b500200c4602f0a3fa054b1a68a242a4
:10f0f000014638bf1c600020bde8104003f0a8baec
:04f100005800012092
:020000040000fa
:020000040103f6
:10f10400074a537943f08003537113695b07fcd4b6
:10f11400034a537913f0e00ffbd1908a704700bf84
:04f124000014004093
:020000040000fa
:020000040103f6
:10f1280000b1704738b5064d05f108000c4601f0ee
:10f1380015fd012802d123682b60287138bd00bf56
:04f14800e0ff0020c4
:020000040000fa
:020000040103f6
:10f14c0038b50546fbf7f2fe20b12846fbf7b8f8b8
:10f15c00044610b90024204638bd2846f5f7bcf902
:04f16c00204638bd44
:020000040000fa
:020000040103f6
:10f17000074b19680868b0e8f04f80f30988bff3bf
:10f180006f8f4ff0000080f311887047aff300805d
:04f1900088000120d2
:020000040000fa
:020000040103f6
:10f19400026c72b110b40b46d0e902411144a14291
:10f1a400c16024bf0168c1605df8044b184601f0da
:04f1b400a9bd70473a
:020000040000fa
:020000040103f6
:10f1b80010b500210120f9f7c5f8044638b100233d
:10f1c80083600360c3601a461946ddf701fe2046d6
:04f1d80010bd00bfa7
:020000040000fa
:020000040103f6
:10f1dc0030b583b0dde90654cde90054e8f7bef84c
:10f1ec0020b1ddf7d5f8012003b030bd4ff0ff3072
:04f1fc0003b030bd6f
:020000040000fa
:020000040103f6
:10f2000010b5074b1c6882b044b103f003fe002325
:10f210000246009320460221f9f720f902b010bd02
:04f22000d8000120f1
:020000040000fa
:020000040103f6
:10f2240080b500af0620d3f7d3f803f03ffe0346c2
:10f2340003f01f03062bf5d141f65830faf7bcf85a
:04f2440000bf80bdca
:020000040000fa
:020000040103f6
:10f248004e31305f5f637878616269763131395f5a
:10f258005f666f726569676e5f657863657074690c
:04f268006f6e450080
:020000040000fa
:020000040103f6
:10f26c00a0f1800106488368994205d9c26813440d
:10f27c00994201d2f2f738bc0846f9f7d7b900bf6a
:04f28c00a0ff0020bf
:020000040000fa
:020000040103f6
:10f290004e31305f5f637878616269763131375f14
:10f2a0005f636c6173735f747970655f696e666fbd
:02f2b000450017
:020000040000fa
:020000040103f6
:10f2b400064b10b408200124202180225c6358638b
:10f2c4005df8044b59639a63704700bf002b0044f8
:020000040000fa
:020000040103f6
:10f2d400064a08b50301d118087b00b908bdd05807
:10f2e40002f0ecf980f00100c0b208bd80fc0020ff
:020000040000fa
:020000040103f6
:10f2f400064808b503683bb14ff0ff3102f03efe0b
:10f30400bde80840e2f7c2b808bd00bf20100020e5
:020000040000fa
:020000040103f6
:10f3140002460620138823f4ff4343f4506313800a
:10f32400137823f07f0343f004031370704700bf86
:020000040000fa
:020000040103f6
:10f3340000b583b090f80b3d8df8043001a8694600
:10f34400fef7dafe9df8000003b05df804fb00bf91
:020000040000fa
:020000040103f6
:10f35400313020f00100037813f0300f06d14078eb
:10f36400a0f10200b0fa80f0400970470020704715
:020000040000fa
:020000040103f6
:10f3740010b50a460548002103f0deff044610b12b
:10f38400002103f099fa204610bd00bfc0c500203b
:020000040000fa
:020000040103f6
:10f3940070b50d4605490446fff7eaff2b460146c2
:10f3a40000222046bde87040fdf728bd1c1a040168
:020000040000fa
:020000040103f6
:10f3b40038b50d4605490446fff7daff2a460146eb
:10f3c4002046bde83840fdf72fbd00bf1c1a0401dc
:020000040000fa
:020000040103f6
:10f3d40010b584b0069c00930023cde90233019458
:10f3e400024bd4f797fa04b010bd00bf202f0401dc
:020000040000fa
:020000040103f6
:10f3f40000b5002385b0cde90233cde90033034bda
:10f40400d4f788fa05b05df804fb00bf202f04018f
:020000040000fa
:020000040103f6
:10f4140030b50c4683b011460546628901a800f058
:10f4240067f801aa21462846e9f738fb03b030bd46
:020000040000fa
:020000040103f6
:10f4340008b500290cbf0121022192f8fe300348cf
:10f4440003f0daff00b1fee708bd00bf38c50020b5
:020000040000fa
:020000040103f6
:10f4540000290cbf0121022108b54ff0ff320348f7
:10f46400e7f7ccfe0c2800d008bdfee738c5002025
:020000040000fa
:020000040103f6
:10f4740038b5044608462168154601f043fc236864
:10f48400a2882b44521b2360a280002038bd00bff9
:020000040000fa
:020000040103f6
:10f494008288012a09d910b502220c46fff7e8ff39
:10f4a40010b923885bba238010bd0620704700bfc3
:020000040000fa
:020000040103f6
:10f4b4000eb400b582b003ab012153f8042b0193c1
:10f4c400ebf728fa02b05df804eb03b0704700bf15
:020000040000fa
:020000040103f6
:10f4d400064b186848f24e32a0fb020111eb5000b3
:10f4e40044bf20f00040013018607047380001200c
:020000040000fa
:020000040103f6
:10f4f40091422cbfc1eb0102c1eb0202cb4392b299
:10f504009bb29a4228bf1a4601804280704700bfce
:020000040000fa
:020000040103f6
:10f51400027852b1914202d109e08b4206d010f830
:10f52400013f002bf9d118467047104670477047c9
:020000040000fa
:020000040103f6
:10f534000eb410b583b005aa044652f8041b019218
:10f54400f9f71af9204603b0bde8104003b070473c
:020000040000fa
:020000040103f6
:10f5540010b5044603f0befc00b910bd04f1080068
:10f564000249bde81040fbf7a1b800bf880f0401b1
:020000040000fa
:020000040103f6
:10f5740010b5044603f0aefc00b910bd04f10c0054
:10f584000249bde81040fbf791b800bf940f040195
:020000040000fa
:020000040103f6
:10f5940061b138b505460c462046246803f0aefe3a
:10f5a4002b88013b2b80002cf6d138bd704700bf5f
:020000040000fa
:020000040103f6
:10f5b40070b54d889d4209d3098845891c460c4481
:10f5c400ac4203dcf7f766fb002070bd062070bd7b
:020000040000fa
:020000040103f6
:10f5d40038b5084691b215461c46f0f715ff20b918
:10f5e4000cb1256038bd204638bd6ff03b0038bdf6
:020000040000fa
:020000040103f6
:10f5f40038b50c46054600f079ffff2806d02b6885
:10f604001b5c03f007032370002038bd062038bdbf
:020000040000fa
:020000040103f6
:10f6140038b50c46054600f069ffff2806d02b6874
:10f624001b5c03f018032370002038bd062038bd8e
:020000040000fa
:020000040103f6
:10f6340038b50c46054600f059ffff2806d00130c6
:10f644002b68c0b21b582360002038bd062038bd8b
:020000040000fa
:020000040103f6
:10f6540032b110b50446084602f078fe08b910bd70
:10f664007047024803f0befea06710bd38c50020f5
:020000040000fa
:020000040103f6
:10f6740070b5054608460c460e7803f03bfe31464d
:10f68400024663782846bde87040f0f795ba00bf9b
:020000040000fa
:020000040103f6
:10f6940010b50a4690f8fe100446f0f7e5f928b1d3
:10f6a40001462046bde81040fdf708bd10bd00bf6f
:020000040000fa
:020000040103f6
:10f6b40003884ff6ff72934201d001207047d0f8bf
:10f6c40002200132f9d1c088c01a18bf0120704746
:020000040000fa
:020000040103f6
:10f6d40008b5437813f0010301d1184608bd103072
:10f6e400fff7e6ff80f00103dbb2184608bd00bf58
:020000040000fa
:020000040103f6
:10f6f40010b50446183003f001fb04f5d67003f08e
:10f70400fdfa04f55070bde8104003f017bd00bfca
:020000040000fa
:020000040103f6
:10f7140010b504461830f0f7cffd04f5d670f0f7b5
:10f72400cbfd04f55070bde8104000f0e1ba00bf15
:020000040000fa
:020000040103f6
:10f7340010b582b004466846f1f7a0f96a4620463f
:10f744009df806303521f4f717f802b010bd00bf5c
:020000040000fa
:020000040103f6
:10f75400806858b1038a8b4203d106e0038a994238
:10f7640003d0006b0028f9d170470120704700bf17
:020000040000fa
:020000040103f6
:10f7740044f64c53994209d04ff2bf03994205d045
:10f7840040f22220081a18bf012070470020704759
:020000040000fa
:020000040103f6
:10f794000378042b10b5044604d0042300f8803bfe
:10f7a40002f0f4f82046bde81040e4f791ba00bf37
:020000040000fa
:020000040103f6
:10f7b40030b585b004460d4601a8114603f04cf857
:10f7c40001aa29462046f4f78ff905b030bd00bfe1
:020000040000fa
:020000040103f6
:10f7d40008b5428c4b8c9a4201d0002008bd1031f0
:10f7e4001022103001f080fab0fa80f0400908bd10
:020000040000fa
:020000040103f6
:10f7f4000368b3f17f4f01d0002070478388fe2b4c
:10f80400fad18079a0f1fc00b0fa80f04009704789
:020000040000fa
:020000040103f6
:10f8140000220260036842609b0c9b0443f4403363
:10f8240043f040038260c26042610361704700bfdd
:020000040000fa
:020000040103f6
:10f8340000230361b0f81120036002f4014242f492
:10f84400ec4243608360c3604361a0f811207047b9
:020000040000fa
:020000040103f6
:10f8540000b583b068460122fef76af96946034899
:10f86400f5f738fb03b05df804fb00bf38c5002092
:020000040000fa
:020000040103f6
:10f8740010b550220446002100f5907002f05afca5
:10f884000248fdf729fbc4e90c0110bd4cc500205a
:020000040000fa
:020000040103f6
:10f89400064a41f2a7010346515c80f83d1041f24b
:10f8a400a6013830525c83f83e20704738c50020ea
:020000040000fa
:020000040103f6
:10f8b40010b584b0044605496846fef7f1fa6a4675
:10f8c40020460521f7f726fc04b010bd80d20020a5
:020000040000fa
:020000040103f6
:10f8d40070b584b0164604460d46684601f0bafc7d
:10f8e40033466a4629462046e8f7aafa04b070bdb2
:020000040000fa
:020000040103f6
:10f8f40030b583b0144601aa054600f0edfc20b9ea
:10f9040001aa29462046faf70ffa03b030bd00bf1a
:020000040000fa
:020000040103f6
:10f914004278022a034600d070478a7f02f00f0221
:10f92400072af9d140339942f6d10121d7f7d0bf44
:020000040000fa
:020000040103f6
:10f9340010b500f108014ff47e4200230446016033
:10f94400828080f80631fef74bfb204610bd00bfd5
:020000040000fa
:020000040103f6
:10f9540008b583698b4203d002f054f8012008bd36
:10f9640000238361c38202f04df8012008bd00bf6b
:020000040000fa
:020000040103f6
:10f9740038b50c460546ebf7d3fb2379db0705d4f2
:10f9840021462846bde83840fff7e2bf38bd00bf36
:020000040000fa
:020000040103f6
:10f9940070b5044615461e46fef79afb00202081ea
:10f9a400666029462046bde87040f8f747ba00bfb4
:020000040000fa
:020000040103f6
:10f9b400437813f0f80f09d00388c3f30a03d80877
:10f9c4005b0754bf4042c04340b270477f2070473a
:020000040000fa
:020000040103f6
:10f9d40003685bb1027b1f2a05d90146ff2301f8a6
:10f9e4000c3f02f055b8d340db07f6d5704700bf93
:020000040000fa
:020000040103f6
:10f9f4000a7812f0010f02f00201c2f3800214bf70
:10fa0400082300230a43134343f00403037070479d
:020000040000fa
:020000040103f6
:10fa140010b506481446f2f7bbff00b910bd002329
:10fa240023606360a360e360236110bdd8d5002028
:020000040000fa
:020000040103f6
:10fa34008388042b09d90368187800f0c000a0f16a
:10fa44008000b0fa80f0400970470020704700bf82
:020000040000fa
:020000040103f6
:10fa54008388032b09d90368187800f0d800a0f133
:10fa6400c000b0fa80f0400970470020704700bf22
:020000040000fa
:020000040103f6
:10fa740000b583b04ff6fe73019169468df80020fe
:10fa8400adf80230fcf7f6fe03b05df804fb00bfee
:020000040000fa
:020000040103f6
:10fa940010b50446f2f760f8034a044b2364c4e942
:10faa4000724204610bd00bfa913040181330401bb
:020000040000fa
:020000040103f6
:10fab40030b4024600254ff6ff7404490561848280
:10fac40042f8181f30bc0262704700bf39c90301f5
:020000040000fa
:020000040103f6
:10fad40010b5044688b06a462434f4f749fb20463e
:10fae4006946002201f0aefa204608b010bd00bffe
:020000040000fa
:020000040103f6
:10faf40038b5343015460c4603f00afc2a46214634
:10fb04000248bde83840f9f721be00bf48cf0020c5
:020000040000fa
:020000040103f6
:10fb140010b4002400f1e40100f50572c0f80041be
:10fb2400c0f83012c0f8e0205df8044b704700bf05
:020000040000fa
:020000040103f6
:10fb3400427cd2090b46097c03d1802904d00020e1
:10fb44007047027c8a42fad10146184600f0cabdc9
:020000040000fa
:020000040103f6
:10fb54004b60d2273e3cce3bf6b053ccb0061d657d
:10fb6400bc86987655bdebb3e7933aaad835c65a06
:020000040000fa
:020000040103f6
:10fb740096c298d84539a1f4a033eb2d817d037743
:10fb8400f240a463e5e6bcf847422ce1f2d1176bde
:020000040000fa
:020000040103f6
:10fb9400f551bf376840b6cbce5e316b5733ce2bb1
:10fba400169e0f7c4aebe78e9b7f1afee242e34fe0
:020000040000fa
:020000040103f6
:10fbb400512563fcc2cab9f3849e17a7adfae6bc0b
:10fbc400ffffffffffffffff00000000ffffffff3d
:020000040000fa
:020000040103f6
:10fbd400ffffffffffffffffffffffff000000002d
:10fbe400000000000000000001000000ffffffff14
:020000040000fa
:020000040103f6
:10fbf40010b582b04068049c009300f1600200f1eb
:10fc04001c0300f16801019400f0cafe02b010bdab
:020000040000fa
:020000040103f6
:10fc140068b110b50446f1f74df904f1600000f045
:10fc240087f804f16800bde8104000f081be704719
:020000040000fa
:020000040103f6
:10fc340010b582b004460df10700faf783f920b934
:10fc440020469df80710ebf743fb02b010bd00bf40
:020000040000fa
:020000040103f6
:10fc540010b5b0220446002102f06cfa04f1380019
:10fc640003f0ecf904f17400bde8104003f0e6b9c8
:020000040000fa
:020000040103f6
:10fc74006d6173746572207365637265740000004e
:10fc84006b657920657870616e73696f6e0000bf73
:020000040000fa
:020000040103f6
:10fc9400636c69656e742066696e69736865640077
:10fca4007365727665722066696e6973686564004f
:020000040000fa
:020000040103f6
:10fcb40010b50446006810b1616800f0b9f8a06896
:10fcc40003f04cf820460c21bde8104002f0f2b8d5
:020000040000fa
:020000040103f6
:10fcd400037843b1037933b1d0f8f4300348002bef
:10fce40018bf002070470148704700bf80b0ffff75
:020000040000fa
:020000040103f6
:10fcf40068b1036810b504461bb19b6a0bb1406838
:10fd0400984720460821bde8104002f0d3b8704758
:020000040000fa
:020000040103f6
:10fd140050b149b100b5002383b0cde90033c6f733
:10fd24008dfc03b05df804fb0048704700d8ffff6a
:020000040000fa
:020000040103f6
:10fd340060b110b50446006818b1e188890000f08c
:10fd440077f800220123c4e9002310bd704700bfe7
:020000040000fa
:020000040103f6
:10fd5400c388b1eb431f09d24a09036853f8220050
:10fd640001f01f01c84000f00100704700207047f7
:020000040000fa
:020000040103f6
:10fd740060b138b504462068e56802f0efff20461c
:10fd840002f0ecff2c46002df5d138bd704700bfc2
:020000040000fa
:020000040103f6
:10fd94001422d0f8c410c0f8c8200122c0f8cc2026
:10fda4000a704168114441601146d6f757bc00bf40
:020000040000fa
:020000040103f6
:10fdb40050b1026842b143681a2b01dc002070473d
:10fdc40000220121f9f798b900487047008fffff1e
:020000040000fa
:020000040103f6
:10fdd40038b5836b5bb105461846fdf7d7fb0024a5
:10fde400e1b2a86b0134f6f791fc042cf8d138bdcc
:020000040000fa
:020000040103f6
:10fdf40041b100eb8102002150f8043b904241eafa
:10fe04000301f9d1084643421843c017704700bfa5
:020000040000fa
:020000040103f6
:10fe140070b586b0dde90a65012401930092cde94d
:10fe24000265234605aa0594e4f790f806b070bd70
:020000040000fa
:020000040103f6
:10fe340010b5044628b121b1044b0a461b680021c1
:10fe440098472046bde8104002f088bfa001012079
:020000040000fa
:020000040103f6
:10fe5400837a0b2b09d8012202fa03f340f61872b5
:10fe6400134214bf0120002070470020704700bfd8
:020000040000fa
:020000040103f6
:10fe740010b54ff0864402204ff2d80320601b686f
:10fe8400024898470020206010bd00bf2c070020c6
:020000040000fa
:020000040103f6
:10fe940010b54ff0864402204ff2900320601b6897
:10fea400024898470020206010bd00bf00040020d5
:020000040000fa
:020000040103f6
:10feb40008b50020f6f7bcf80349044b01200022e2
:10fec40008701a7008bd00bf130101201101012040
:020000040000fa
:020000040103f6
:10fed400054b187828b9054b1b7803b97047eff721
:10fee400fdbbfef775bb00bf13010120110101200a
:020000040000fa
:020000040103f6
:10fef400526164696f207472616e736d69742064f9
:10ff04006f6e652c207374617475733a20256400d8
:020000040000fa
:020000040103f6
:10ff140008b54ff40062ff21034802f00bf9034bcc
:10ff240000221a7008bd00bf180800201901012022
:020000040000fa
:020000040103f6
:10ff3400000801080208030804080c08050806085c
:10ff44000c080c080708080809080c080a080b081c
:020000040000fa
:020000040103f6
:10ff540010b49df8044004b922b101945df8044b37
:10ff6400eaf7f4bb4ff0ff305df8044b704700bf75
:020000040000fa
:020000040103f6
:10ff74006f742d7461736b005048595f5461736bd7
:10ff8400730000004150505f5461736b730000bff5
:020000040000fa
:020000040103f6
:10ff940082b0002301934ff0200383f31188bff351
:10ffa4006f8fbff34f8f019b002bfcd002b07047c3
:020000040000fa
:020000040103f6
:10ffb4004ff0200383f31188bff36f8fbff34f8f8c
:10ffc400024a136801331360704700bfb401012073
:020000040000fa
:020000040103f6
:10ffd40010b5064b1b680c4603f11801fbf740fff4
:10ffe40020460121bde81040e6f7e0b98800012071
:020000040000fa
:020000040103f6
:10fff400054b1b6833b1054b1b68002b0cbf02205b
:020000040104f5
:100004000020704701207047b80001209c000120a7
:020000040000fa
:020000040104f5
:1000140000b1704710b50c460a780449f0f764fa49
:100024002046bde81040f5f77bb800bf540004013a
:020000040000fa
:020000040104f5
:1000340008b501f001fc00f099f803490348bde854
:10004400084001f003bc00bf01320401f1260401a1
:020000040000fa
:020000040104f5
:100054004170704c6f673a205265636569766564d8
:100064002044617461203d2025630d0a000000bf17
:020000040000fa
:020000040104f5
:10007400044b00221a70044b5a7d044b1a70f3f798
:100084006dba00bf26010120ca10002025010120fd
:020000040000fa
:020000040104f5
:10009400064bda6822f48072da60da6822f003022e
:1000a40008b1da60704742f00102fae7001001413a
:020000040000fa
:020000040104f5
:1000b40030b500231a4600bf10f8015b05f07f0439
:1000c400944023432c0602f10702f5d40b6030bda3
:020000040000fa
:020000040104f5
:1000d40070b50c460146204615461e46f7f79efbb2
:1000e40033462a4601462046bde87040ecf73cbb47
:020000040000fa
:020000040104f5
:1000f4004e31305f5f637878616269763131355fa4
:100104005f666f726365645f756e77696e644500e0
:020000040000fa
:020000040104f5
:1001140010b5054c22680ab9fcf7d4fd034b1868e6
:100124002368c01a10bd00bf04000120080001208c
:020000040000fa
:020000040104f5
:1001340010b5044648b1f5f771f82046faf70bfa02
:0e01440018b154f8140cfef793fa02f0b4fe52
:020000040000fa
:020000040104f5
:1001520010b50023934206d113f0030018bf01200b
:0e01620000eb930010bdc45ccc540133f2e7f7
:020000040000fa
:020000040104f5
:10017000044b0549db600022181d99601a61fef7e7
:0c0180009fba00bf6c0101203d4c020141
:020000040000fa
:020000040104f5
:10018c00054a1378042b04d8591c037011700020f5
:0c019c0070471420704700bfedef0020fa
:020000040000fa
:020000040104f5
:1001a800054b1a6832b110b11846f9f783b81846ea
:0c01b80000f0c6bce1f768b92010002080
:020000040000fa
:020000040104f5
:1001c40000b583b000230df107018df80730faf76d
:0c01d400c1fa9df8070003b05df804fbc1
:020000040000fa
:020000040104f5
:1001e00000f6085011b10021e7f72ebc10b50c46ff
:0c01f0000121e9f7b5ff204610bd00bf5b
:020000040000fa
:020000040104f5
:1001fc0010b50446084602f04df8014604f5cd5002
:0c020c001430bde81040fff7afb800bf91
:020000040000fa
:020000040104f5
:1002180000884ff6fe73984204d00a46024801212e
:0c022800fdf768b81720704700d70020d1
:020000040000fa
:020000040104f5
:1002340010b50122044600f5c560f7f701fc04f28d
:0c0244002c60fef7a3fb002010bd00bfe3
:020000040000fa
:020000040104f5
:1002500010b504465030f8f731fc04f5c560fef7e0
:0c02600085fb2046bde8104000f0dabd30
:020000040000fa
:020000040104f5
:10026c00826942b1914208d0134601e0994204d010
:0c027c00db68002bfad1ca60816170477a
:020000040000fa
:020000040104f5
:1002880010b582b00446032201a8012102f054fef1
:0c02980001a92046fff76af802b010bd73
:020000040000fa
:020000040104f5
:1002a40070b50d460446fff7edff2b4601460022cc
:0c02b4002046bde87040fcf7a1bd00bf73
:020000040000fa
:020000040104f5
:1002c00090f824204ab98268904206d0c2684169f9
:0c02d000914202d04261f7f771bb704709
:020000040000fa
:020000040104f5
:1002dc0010b584b014460a46014601a8faf7aaf9eb
:0c02ec0010b9ddf80a30236004b010bd2a
:020000040000fa
:020000040104f5
:1002f80003782bb1012b01d100897047002070478a
:0c030800426803895089c01a80b2704717
:020000040000fa
:020000040104f5
:100314000cb400b583b004ab53f8042b0193eaf793
:0c032400f9fa03b05df804eb02b070477a
:020000040000fa
:020000040104f5
:10033000024610b400240449046042f8041f5df82a
:0c034000044bc260704700bf9928040104
:020000040000fa
:020000040104f5
:10034c00002a00dafee711444160024a01460248e5
:0c035c00edf7f8bb880f040140c500203d
:020000040000fa
:020000040104f5
:10036800002a00dafee711444160024a01460248c9
:0c037800edf7eabb940f040144c500201f
:020000040000fa
:020000040104f5
:1003840010b5f5f73dffcb6903b1fee70b6a002b0f
:0c039400fbd1486abde81040fff7fab842
:020000040000fa
:020000040104f5
:1003a000837903f00f03012b01d000207047c0793f
:0c03b000401ab0fa80f04009704700bf0e
:020000040000fa
:020000040104f5
:1003bc0010b5f5f721f8cb6903b1fee70b6a002bfa
:0c03cc00fbd1486abde81040fff7deb826
:020000040000fa
:020000040104f5
:1003d80003683bb943682bb983681bb9c3680bb979
:0c03e80018467047db691846704700bfdc
:020000040000fa
:020000040104f5
:1003f40003683bb943682bb983681bb9c3680bb95d
:0c04040018467047db691846704700bfbf
:020000040000fa
:020000040104f5
:1004100000f108024ff48c7310b50260838004462b
:0c04200002f0d0ff00b1fee7204610bd46
:020000040000fa
:020000040104f5
:10042c0000f10802702310b502608380044602f0cc
:0c043c00cbff00b1fee7204610bd00bf62
:020000040000fa
:020000040104f5
:1004480010b5054c2046fef703fd04f12800bde871
:0c0458001040fdf7cbbf00bf70f5002086
:020000040000fa
:020000040104f5
:1004640000f10802102310b502608380044602f0f4
:0c047400abff00b1fee7204610bd00bf4a
:020000040000fa
:020000040104f5
:1004800010b50b4684b0044601a9184602f06cfd75
:0c04900001a9204602f024fa04b010bdbf
:020000040000fa
:020000040104f5
:10049c0070b4d0e956541c44ac429df80c6000d9a1
:0c04ac00fee7039670bcdef789b900bfc4
:020000040000fa
:020000040104f5
:1004b80010b50446faf730f9ff2804d023681b5a10
:0c04c8000b80002010bd062010bd00bffe
:020000040000fa
:020000040104f5
:1004d40038b50c460546f0f78ffdff2804d02b688d
:0c04e4001b5a2380002038bd062038bdc4
:020000040000fa
:020000040104f5
:1004f0008388022b07d902681088020703d5032bd3
:0c05000001d0e8f71dbbff20704700bfd2
:020000040000fa
:020000040104f5
:10050c00438b054a03eb8300400100f5fa70a2fb14
:0c051c0000308009704700bfd34d621012
:020000040000fa
:020000040104f5
:1005280078581686fdb4580fb092546aecbd15661b
:0c0538003506feb823d48712ffffffff3a
:020000040000fa
:020000040104f5
:1005440010b504460c3001f021fae27a238b6ff3e4
:0c055400870203f08003e272238310bdd5
:020000040000fa
:020000040104f5
:10056000037eda0706d56ff3c603096803760b88a6
:0c057000db0600d47047ebf775bc00bf41
:020000040000fa
:020000040104f5
:10057c00837c028861f300038374d30500d4704735
:0c058c00014802f0e1be00bf38c50020ad
:020000040000fa
:020000040104f5
:100598004f70656e546872656164000044656661f9
:0c05a800756c74446f6d61696e0000bfdb
:020000040000fa
:020000040104f5
:1005b40003884bb9d0f8022032b9c088a0f5807006
:0c05c400b0fa80f040097047002070473a
:020000040000fa
:020000040104f5
:1005d000102900d9fee70346002203f8011bc0f8ea
:0c05e00001205a609a60da60704700bf8a
:020000040000fa
:020000040104f5
:1005ec0043789b0705d4044b93f8093d023b012b40
:0c05fc0000d97047eff714bb38c5002091
:020000040000fa
:020000040104f5
:1006080010b5041d2046f4f799f900b110bd024653
:0c06180011462046bde81040fdf7c8bbad
:020000040000fa
:020000040104f5
:1006240038b50d4601f032fe0446284601f02efe90
:0c063400201ab0fa80f0400938bd00bf69
:020000040000fa
:020000040104f5
:1006400038b50d4640210446fdf74cfa2a46c1b2a2
:0c0650002046bde83840f9f7e3b900bfd0
:020000040000fa
:020000040104f5
:10065c0000b583b0002301220df107018df807309e
:0c066c00fcf7bafc03b05df804fb00bf13
:020000040000fa
:020000040104f5
:1006780010b50446f4f762f900b110bd0246114600
:0c0688002046bde81040fdf791bb00bf0c
:020000040000fa
:020000040104f5
:1006940010b50c46002201462046fdf749fa23789e
:0c06a400022253402272237010bd00bfe0
:020000040000fa
:020000040104f5
:1006b0000368b3f17f4f01d0002070478088a0f11c
:0c06c000fe00b0fa80f04009704700bf57
:020000040000fa
:020000040104f5
:1006cc00036843b9426832b9836823b9c068b0fa89
:0c06dc0080f0400970470020704700bf0c
:020000040000fa
:020000040104f5
:1006e80010b50c7ce21dd210102a00ddfee7f4f7ed
:0c06f800c5ffa04234bf0020012010bd4f
:020000040000fa
:020000040104f5
:1007040010b514460732d210102a00ddfee7f4f7c4
:0c071400b7ff84428cbf0020012010bd04
:020000040000fa
:020000040104f5
:1007200008b50378ff2b01d0002008bdf8f746fa82
:0c073000a0f10300b0fa80f0400908bd01
:020000040000fa
:020000040104f5
:10073c0008b50378ff2b01d0002008bdf8f738fa74
:0c074c00032894bf0020012008bd00bf5e
:020000040000fa
:020000040104f5
:1007580008b50378ff2b01d0002008bdf8f72afa66
:0c076800a0f10200b0fa80f0400908bdca
:020000040000fa
:020000040104f5
:1007740010b442f22414045d14b95df8044b7047bc
:0c07840013305df8044b02f0a5b900bf73
:020000040000fa
:020000040104f5
:1007900010b50446044802f0bbfd05210246204680
:0c07a000bde8104000f060bbc8ce002097
:020000040000fa
:020000040104f5
:1007ac004ff4087301f07f0103801ab16fea4141e5
:0c07bc006fea514149ba4180704700bf0c
:020000040000fa
:020000040104f5
:1007c800054890f8cc3c1a0701d45b0700d5704760
:0c07d80000f69840fdf73ebc38c500203c
:020000040000fa
:020000040104f5
:1007e40008b5f3f739fb00b108bd0146bde8084080
:0c07f400014800f073bb00bf7cc5002072
:020000040000fa
:020000040104f5
:10080000142808d80a2804d8022894bf0020012000
:0c0810007047022070470320704700bfb3
:020000040000fa
:020000040104f5
:10081c0030b401460024ff250573c0e90044846010
:0c082c0041f8102f30bc8161704700bf04
:020000040000fa
:020000040104f5
:1008380010b584b0002400926b464ff6ff72cde9e4
:0c08480001440394d3f7dcfa04b010bda7
:020000040000fa
:020000040104f5
:1008540010b584b0002402926b464ff6ff72cde9c6
:0c08640000440394d3f7cefa04b010bd9a
:020000040000fa
:020000040104f5
:10087000838806210bb9036813b10348fbf7e4bc76
:0c088000014800f02dbb00bf7cc500202b
:020000040000fa
:020000040104f5
:10088c00054bd3f8282f002083f84c0f12b1d3f866
:0c089c002c1f1047704700bf38c500201b
:020000040000fa
:020000040104f5
:1008a80003784bb9b0f8010040ba0b3880b20f2872
:0c08b8008cbf002001207047002070471a
:020000040000fa
:020000040104f5
:1008c40040f6040319421cbf0023836140f604234d
:0c08d400194200d17047f3f71fbc00bfb1
:020000040000fa
:020000040104f5
:1008e000436b994204d3c36b01319942416300d2f7
:0c08f00070470148ddf7febb40d200203d
:020000040000fa
:020000040104f5
:1008fc0050b110b504463830faf7e4f920467821a7
:0c090c00bde8104001f0d2ba704700bff7
:020000040000fa
:020000040104f5
:10091800032802d06ff02d007047034b0b600823ab
:0c09280013600020704700bf282c040161
:020000040000fa
:020000040104f5
:1009340010b50446fff7fcf904f10800fff7f8f9d5
:0c09440004f11000bde81040fff7f2b90c
:020000040000fa
:020000040104f5
:1009500010b5044602f0daf904f1080002f0d6f905
:0c09600004f11000bde8104002f0d0b916
:020000040000fa
:020000040104f5
:10096c0010b50446f7f7fefb04f1600002f0c8f97d
:0c097c0004f16800bde81040fff7e4bf84
:020000040000fa
:020000040104f5
:1009880010b4019c1cb15df8044bcff7fbbe0248c4
:0c0998005df8044b704700bf80b0ffff0b
:020000040000fa
:020000040104f5
:1009a40010b4019c1cb15df8044bcff7edbe0248b6
:0c09b4005df8044b704700bf80b0ffffef
:020000040000fa
:020000040104f5
:1009c00030b4c56925b1446a14b130bceaf7a2bda0
:0c09d000014830bc704700bf80b1ffff41
:020000040000fa
:020000040104f5
:1009dc0030b4c56925b1446a14b130bceaf794bd92
:0c09ec00014830bc704700bf80b1ffff25
:020000040000fa
:020000040104f5
:1009f800036f43b1436f33b1836e23b1c06e0030d0
:0c0a080018bf012070471846704700bf5f
:020000040000fa
:020000040104f5
:100a140058b110b50446f8f78ffb4421204601f085
:0c0a240049fa42f21073a36310bd704742
:020000040000fa
:020000040104f5
:100a30000368591a002905dd591e0160012003f8d9
:0c0a4000012c70476ff06b00704700bf86
:020000040000fa
:020000040104f5
:100a4c0030b4dde90254049a0294059c0392049498
:0c0a5c001a462b4630bccbf737bf00bf5a
:020000040000fa
:020000040104f5
:100a6800082805d0034b09280cbf184600207047fa
:0c0a780001487047bc330401b83304018e
:020000040000fa
:020000040104f5
:100a840040b1036833b11b78083b012b02d840689e
:0c0a940002f04cb90048704700afffffb3
:020000040000fa
:020000040104f5
:100aa00040b1036833b11b78083b012b02d8406882
:0c0ab000e5f7c2bb0048704700afffff35
:020000040000fa
:020000040104f5
:100abc0030b585b0cde90023089d0a9c099acde993
:0c0acc000254e3f73ffa05b030bd00bf54
:020000040000fa
:020000040104f5
:100ad800807a022807d3032803d9042818bf0020e6
:0c0ae8007047012070470020704700bfdd
:020000040000fa
:020000040104f5
:100af400526164696f20726563656976652c206351
:0c0b040068616e6e656c3a20256400008c
:020000040000fa
:020000040104f5
:100b100040f20233994204d040f20133994202d0ac
:0c0b20007047fef727bdfef715bd00bfb3
:020000040000fa
:020000040104f5
:100b2c000b4610b5114604460022184601f07cfa1b
:0c0b3c002060003018bf012010bd00bf79
:020000040000fa
:020000040104f5
:100b480008b500231a4619460068dcf741f9a0f1f8
:0c0b58000100b0fa80f0400908bd00bfa9
:020000040000fa
:020000040104f5
:100b6400036813b100231846704710b504460120ea
:0c0b7400fef720fb01232060184610bd96
:020000040000fa
:020000040104f5
:100b8000054a13689b0706d5136823f00203136018
:0c0b9000d369002bfcd17047000c004022
:020000040000fa
:020000040104f5
:100b9c00054b1a6bd86a996a884284bf1b6bc918bb
:0c0bac00081a013a101a704720fd0020c2
:020000040000fa
:020000040104f5
:100bb800054b1a699968d86881423cbf1b69c918f6
:0c0bc800081a013a101a704720fd0020a6
:020000040000fa
:020000040104f5
:100bd40049b1002807db044a00f01f010123400942
:0c0be4008b4042f82030704700e100e038
:020000040000fa
:020000040104f5
:100bf00008b5044a044ba0fb0201da680023fcf7a5
:0c0c00004bf808bd40420f0060fd0020d2
:020000040000fa
:020000040104f5
:100c0c0008b5054a4ff47a73d268a0fb03010023a0
:0c0c1c00fcf73cf808bd00bf60fd0020a4
:020000040000fa
:020000040104f5
:100c280008b5044b044ad9680023a0fb0101fcf76e
:0c0c38002ff808bd60fd002040420f00b6
:020000040000fa
:020000040104f5
:100c440008b5054bd9684ff47a720023a0fb010163
:0c0c5400fcf720f808bd00bf60fd002088
:020000040000fa
:020000040104f5
:100c6000e52d040191160401a9160401c9310401fe
:0c0c7000812604019126040105f1030116
:020000040000fa
:020000040104f5
:100c7c0058b1884207d310b50c460021f7f760fb3a
:0c0c8c0000b1846310bd00207047704769
:020000040000fa
:020000040104f5
:100c9800002310b5044c1a4640f20111402023707d
:0c0ca80001f0c4f9606010bd7410002061
:020000040000fa
:020000040104f5
:100cb40008b502f0fbf80138c0b2182896bf024b01
:0c0cc4000820185c08bd00bf5c0d040196
:020000040000fa
:020000040104f5
:100cd000054b1a6818b142f010021a60704722f0f2
:0c0ce00010021a60704700bf0040014184
:020000040000fa
:020000040104f5
:100cec0030b501390024a24206d0035d01340d5dfc
:0c0cfc00ab42f8d0581b00e0002030bdd7
:020000040000fa
:020000040104f5
:100d08005ab110b40a44431e11f8014b03f8014fbd
:0c0d18009142f9d15df8044b7047704720
:020000040000fa
:020000040104f5
:100d240050b140f21d42b0fa80f1521a8840c30a11
:0c0d3400400503eb0251704701007047be
:020000040000fa
:020000040104f5
:100d400013b50446019201aad0f7defb636813f0e5
:0c0d5000100f18bf4ff0ff3002b010bdb4
:020000040000fa
:020000040104f5
:100d5c00110f0808081608080808080808080f20ca
:090d6c00110f0808081608081907
:020000040000fa
:020000040104f5
:100d780010b4019c019313460a46014620465df8cb
:080d8800044bd6f7dfbb00bfee
:020000040000fa
:020000040104f5
:100d900000b583b04ff0ff3301a90193fef74afc81
:080da000019803b05df804fbab
:020000040000fa
:020000040104f5
:100da80010b5044602f094f800b910bd201dbde846
:080db8001040fbf78dba00bfeb
:020000040000fa
:020000040104f5
:100dc00008b500f5967019b1f0f7c0fc002008bd19
:080dd000edf730fd002008bd25
:020000040000fa
:020000040104f5
:100dd80010b590f8d4412cb900f6e41000f042feaa
:080de800204610bd0d2010bdd6
:020000040000fa
:020000040104f5
:100df000313121f001010a7802f00f02082a00d9ee
:080e0000fee70431faf7aeb978
:020000040000fa
:020000040104f5
:100e080038b50d460446fff73bfa2a460146204608
:080e1800bde83840fcf706b804
:020000040000fa
:020000040104f5
:100e200010b500210446f2f77dfc04f12400bde872
:080e30001040fdf79bbd00bf5f
:020000040000fa
:020000040104f5
:100e380000b583b001238df807200df10702f2f702
:080e480099fc03b05df804fb06
:020000040000fa
:020000040104f5
:100e500010b582b054ba02230df10602adf8064077
:080e6000f2f78cfc02b010bd9a
:020000040000fa
:020000040104f5
:100e680010b5042382b014ba0deb03020194f2f713
:080e780081fc02b010bd00bfb7
:020000040000fa
:020000040104f5
:100e800003781bb1012b04d0002070474068fcf7a9
:080e9000a9b80430fcf712be02
:020000040000fa
:020000040104f5
:100e98002d43574e494400002d2d2d2d2d2d2d2d40
:080ea8002d2d2d2d2d2d000034
:020000040000fa
:020000040104f5
:100eb00025289abf024b53f820000248704700bf14
:080ec000009f0201085001012e
:020000040000fa
:020000040104f5
:100ec80043880288994228bf194689b25b1a11449f
:080ed80043800180704700bf58
:020000040000fa
:020000040104f5
:100ee0000368012202fa01f123ea0101016001b164
:080ef0007047043000f04cbd16
:020000040000fa
:020000040104f5
:100ef800044a82600022c0e90022c0e9032242615c
:080f080002767047a5280401e0
:020000040000fa
:020000040104f5
:100f10004368194200d0704702680b431143c0e98f
:080f200000130830fdf734bd99
:020000040000fa
:020000040104f5
:100f2800c1680368994202d143680133436001f103
:080f38008041083000f00cb804
:020000040000fa
:020000040104f5
:100f400010b50446f3f7f2ff00f10043013bc4e99a
:080f50000003204610bd00bfa4
:020000040000fa
:020000040104f5
:100f580003464160024a03481946ecf7f5bd00bf55
:080f6800880f040140c50020c0
:020000040000fa
:020000040104f5
:100f700003464160024a03481946ecf7e9bd00bf49
:080f8000940f040144c5002098
:020000040000fa
:020000040104f5
:100f88004dc502011d1f04012d4f030135b6020195
:080f9800311f040131260401a0
:020000040000fa
:020000040104f5
:100fa000838942890b44934200ddfee79bb2934262
:080fb000838100d9fee77047c0
:020000040000fa
:020000040104f5
:100fb80038b54489cd18a54203dcf5f769fe002051
:080fc80038bd062038bd00bf52
:020000040000fa
:020000040104f5
:100fd0006c6f77006e6f726d616c00006869676896
:080fe000000000006e657400c2
:020000040000fa
:020000040104f5
:100fe80010b503490446034800f076ff204610bdbb
:080ff80001330401fd32040184
:020000040000fa
:020000040104f5
:1010000008b50a460146034800f074ffbde80840f1
:08101000d6f720be98f5002080
:020000040000fa
:020000040104f5
:1010180010b409ba0468406858601c6099601a7373
:081028005df8044b704700bfa6
:020000040000fa
:020000040104f5
:1010300010b504460821fff7e3ff237823f00103ee
:0810400043f00203237010bd10
:020000040000fa
:020000040104f5
:1010480010b40b4604469a6818684968db680fc4f0
:081058005df8044b704700bf76
:020000040000fa
:020000040104f5
:1010600038b50d4604460430edf7b2fed5f8283aff
:08107000c4f89030204638bda1
:020000040000fa
:020000040104f5
:101078000268138819b143f020031380704723f0e6
:0810880020039bb213807047a6
:020000040000fa
:020000040104f5
:101090000268138819b143f010031380704723f0de
:0810a00010039bb2138070479e
:020000040000fa
:020000040104f5
:1010a80038b50d461a211446f3f776fb18b1831ca0
:0810b8001cbf8580448038bd97
:020000040000fa
:020000040104f5
:1010c00003789a0600d470476ff34513817a037052
:0810d000c172f3f78fbb00bff2
:020000040000fa
:020000040104f5
:1010d800044b93f80b3d1b0701d4fbf729b90020fb
:0810e800704700bf38c500206d
:020000040000fa
:020000040104f5
:1010f0000023a0f87030a0f86c3080f86e30c0e9a2
:081100001d33803000f058bce3
:020000040000fa
:020000040104f5
:1011080041b13ab9b0f86c3023b1cb7d9b0744bfed
:081118008b688367704700bf7c
:020000040000fa
:020000040104f5
:1011200038b505461c300c4601f02efcab6d9c42d8
:0811300024bf0134ac6538bd99
:020000040000fa
:020000040104f5
:101138000a684b68c0f80e30c0f80a200148fef76c
:0811480085bb00bf4ac5002071
:020000040000fa
:020000040104f5
:10115000c90101f4ff410180037802f07f0223f00e
:081160007f0313430370704785
:020000040000fa
:020000040104f5
:1011680038b50d46044611212846fcf7b7fc207116
:081178002560204638bd00bfd0
:020000040000fa
:020000040104f5
:10118000446174617365744d616e616765720000de
:0811900005030201000000bf8d
:020000040000fa
:020000040104f5
:1011980000b583b001a9faf767f9b0fa80f0400901
:0811a80003b05df804fb00bf79
:020000040000fa
:020000040104f5
:1011b00001f1300292b2024b02480021edf7a6b8cd
:0811c0001c1a04018ec5002079
:020000040000fa
:020000040104f5
:1011c8008379062b03d0112b01d000207047408d66
:0811d80040ba80b2704700bf6d
:020000040000fa
:020000040104f5
:1011e00070b50021044616461d46382200f0a4ffc3
:0811f000c4e90965204670bd49
:020000040000fa
:020000040104f5
:1011f80010b504462430f6f731fd014604f18000ad
:08120800bde81040fbf77cbebd
:020000040000fa
:020000040104f5
:10121000000601170c081d1d1708060c010101012d
:0812200001010101061b06009b
:020000040000fa
:020000040104f5
:1012280000230129036018bf0239c0f803301cbf2e
:081238000123417003707047af
:020000040000fa
:020000040104f5
:1012400010b50c46002201462046fcf773fc2378bb
:0812500083f00203237010bdbe
:020000040000fa
:020000040104f5
:1012580030b4044c05460fcc28606960aa60eb6086
:0812680030bc7047ec1c0301cf
:020000040000fa
:020000040104f5
:1012700030b4044c05460fcc28606960aa60eb606e
:0812800030bc7047141d03018e
:020000040000fa
:020000040104f5
:1012880030b4044c05460fcc28606960aa60eb6056
:0812980030bc70473c1d03014e
:020000040000fa
:020000040104f5
:1012a00010b5002304464160027249680360fbf7f1
:0812b000dbf9204610bd00bf70
:020000040000fa
:020000040104f5
:1012b80010b41346a1f57c74a2b200f5d4715df8a0
:0812c800044b1846fcf7febdc3
:020000040000fa
:020000040104f5
:1012d00090f85e3003f00f03072b0cbfb0f85c00f2
:0812e0004ff6fe70704700bfdd
:020000040000fa
:020000040104f5
:1012e80008b50b46082200f5d4711846fff7fafc3a
:0812f800b0fa80f0400908bdc6
:020000040000fa
:020000040104f5
:1013000010b50446fdf7f4fc00b110bd2046bde861
:081310001040fdf7ffbc00bf17
:020000040000fa
:020000040104f5
:1013180090f834305a0700d470476ff3820380f88e
:0813280034303830fdf730bb12
:020000040000fa
:020000040104f5
:10133000027a082a01d00020704708b5fff7d6fcd2
:08134000b0fa80f0400908bd7d
:020000040000fa
:020000040104f5
:1013480010b584b0002402936b46cde900440394a1
:08135800d2f756fd04b010bdf0
:020000040000fa
:020000040104f5
:1013600000b583b0009313464af6aa72fbf754fa0d
:0813700003b05df804fb00bfaf
:020000040000fa
:020000040104f5
:1013780010b514460a7cf7f7fdfc18b18378237082
:08138800002010bd172010bd6c
:020000040000fa
:020000040104f5
:1013900030b4044c05460fcc28606960aa60eb604d
:0813a00030bc704720d400208e
:020000040000fa
:020000040104f5
:1013a80008b510460b8c0a461031f2f72ffe0028bc
:0813b8000cbf1f20002008bd3e
:020000040000fa
:020000040104f5
:1013c00010b500220446f4f7d1fe024b23642046f8
:0813d00010bd00bf992b0401c0
:020000040000fa
:020000040104f5
:1013d800044890f84c3f012b00d0704700f6287065
:0813e800fdf700bd38c500202f
:020000040000fa
:020000040104f5
:1013f00000234380036803f0704343f40f0343f476
:0814000028730360704700bf70
:020000040000fa
:020000040104f5
:101408000023a0f84830a0f8443002494c30fbf7dc
:0814180077bd00bf80ee360035
:020000040000fa
:020000040104f5
:10142000836b026c01339342836300d2704701489f
:08143000dcf760be40d2002091
:020000040000fa
:020000040104f5
:10143800022807d0042805d0a0f10100b0fa80f0f6
:081448004009704703207047c2
:020000040000fa
:020000040104f5
:10145000042904d1836b034a5a61002070474ff07e
:08146000ff3070471d18030165
:020000040000fa
:020000040104f5
:101468002b06010505070302000000002b060105f5
:0814780005070301000000bf9d
:020000040000fa
:020000040104f5
:1014800010b57821012001f065fc044608b101f097
:08149000cbfd204610bd00bf9a
:020000040000fa
:020000040104f5
:1014980010b54ff48c71012001f058fc044608b1d6
:0814a80001f0b2fb204610bd6b
:020000040000fa
:020000040104f5
:1014b00002000000b1330401ad330401a93304017b
:0814c00099140401b51d04019b
:020000040000fa
:020000040104f5
:1014c8000200000000000000a12c0401a12c04016e
:0814d80081140401a11d0401af
:020000040000fa
:020000040104f5
:1014e00010b58021012001f035fc044608b1fff75a
:0814f0003dfa204610bd00bfcb
:020000040000fa
:020000040104f5
:1014f80050726f632d547970653a20342c454e43f1
:08150800525950544544000003
:020000040000fa
:020000040104f5
:101510000238c0b202289abf024b53f820000020c4
:08152000704700bff42c040128
:020000040000fa
:020000040104f5
:1015280030b585b0dde9084500940024cde90154c3
:08153800f2f724ff05b030bdfd
:020000040000fa
:020000040104f5
:1015400008b5c3880bb9002008bd0a4600681946d3
:08155000e7f704fa002008bdd2
:020000040000fa
:020000040104f5
:1015580008b501f051fff4f729fcf7f78bfebde859
:08156800084001f069b800bf62
:020000040000fa
:020000040104f5
:1015700008b5fff79ffb162800d108bd0120bde884
:081580000840eef7adb800bf12
:020000040000fa
:020000040104f5
:10158800526164696f20736574206368616e6e656b
:081598006c3a2025640000bf3d
:020000040000fa
:020000040104f5
:1015a00008b5044b186800f067f980f00100c0b27c
:0815b00008bd00bf0c0800207b
:020000040000fa
:020000040104f5
:1015b80010b501fb00f42046ddf72aff2246002182
:0815c80000f0b6fd10bd00bfec
:020000040000fa
:020000040104f5
:1015d0000001000128000c0013002400040080001a
:0815e000140004000a000e00d3
:020000040000fa
:020000040104f5
:1015e80008b509680068faf71ffca0f10100b0fa15
:0815f80080f0400908bd00bfae
:020000040000fa
:020000040104f5
:101600000b6810b511460446184600f071f82060ca
:08161000003018bf012010bddd
:020000040000fa
:020000040104f5
:1016180008b500680023dbf7dbfba0f10100b0fa96
:0816280080f0400908bd00bf7d
:020000040000fa
:020000040104f5
:1016300008b528b1012801d1fef7bcfc002008bd87
:0816400001f04ef8002008bd86
:020000040000fa
:020000040104f5
:10164800044a138843f00203138013699b07fcd4f0
:08165800704700bf00000142d1
:020000040000fa
:020000040104f5
:10166000044bd86a9a6a904284bf1b6bd218101a36
:08167000704700bf20fd0020bf
:020000040000fa
:020000040104f5
:10167800044a9368d06883423cbf12699b18181ac1
:08168800704700bf20fd0020a7
:020000040000fa
:020000040104f5
:10169000044a136843f00203136013699b07fcd4e8
:0816a000704700bf0014004078
:020000040000fa
:020000040104f5
:1016a800044a136823f00203136013699b07fcd4f0
:0816b800704700bf0014004060
:020000040000fa
:020000040104f5
:1016c00010b50446f9f738fc20b12046bde81040bb
:0816d000f8f7fcbd10bd00bfde
:020000040000fa
:020000040104f5
:1016d800c1d10201611604019d0b040141200201e0
:0816e80079160401b90b04019d
:020000040000fa
:020000040104f5
:1016f00000b583b00a46002301a90193def78afcf6
:08170000019803b05df804fb41
:020000040000fa
:020000040104f5
:10170800034a044b1268d26812681a60704700bf17
:081718008c000120ac0001204f
:020000040000fa
:020000040104f5
:10172000034a044b12681b68c0e90023704700bfde
:08173000b0000120bc00012003
:020000040000fa
:020000040104f5
:1017380000f108034ff0ff3100228160c0e9002367
:08174800c0e90333704700bf44
:020000040000fa
:020000040104f5
:10175000034b1b78034b0a2201201a70fef724bdad
:081760000f0001419c10002064
:020000040000fa
:020000040104f5
:1017680080b400af034bff221a6000bfbd465df88e
:08177800047b704714100141cd
:020000040000fa
:020000040104f5
:101780001fb503ab009300230a461946c5f75bfd5e
:08179000039805b05df804fbad
:020000040000fa
:020000040104f5
:1017980038b515461c46fcf757f820b10823e36016
:0817a80006232560237138bd02
:020000040000fa
:020000040104f5
:1017b00003783bb1034600bf13f8012f002afbd189
:0817c000181a70471846704723
:020000040000fa
:020000040104f5
:1017c800044a136823b9106003610160012070475f
:0817d80000207047fc00012015
:020000040000fa
:020000040104f5
:1017e000034b04481a68504301301860400c70479e
:0817f000040101202d7f954c3e
:020000040000fa
:020000040104f5
:1017f80010b50023c25ccc5ca24202d10133002a9e
:06180800f8d1101b10bd19
:020000040000fa
:020000040104f5
:10180e000068002808b501da002008bdf5f7f5f8e4
:06181e00431cfad1f8e7bb
:020000040000fa
:020000040104f5
:1018240068076c094c836a9074a07ac00080688849
:0618340000846c820081bb
:020000040000fa
:020000040104f5
:10183c0008b500f0b9ff41f23361bde8084000f093
:04184c00e3bf00bf37
:020000040000fa
:020000040104f5
:10185000024a034b10601960704700bf4800012026
:0418600034c500206b
:020000040000fa
:020000040104f5
:101864000368188800f44050a0f50050b0fa80f0e6
:041874004009704770
:020000040000fa
:020000040104f5
:1018780010b5044601f02cfb18b16068003018bfa1
:04188800012010bd6e
:020000040000fa
:020000040104f5
:10188c00052805d808b5c0b200f0ccf8002008bd7a
:04189c00072070476a
:020000040000fa
:020000040104f5
:1018a00010b50446e5f7dcf92046bde81040ecf73a
:0418b00011b900bfab
:020000040000fa
:020000040104f5
:1018b400037f0a460bb91846704700f10c01104625
:0418c400fef710bf5c
:020000040000fa
:020000040104f5
:1018c800c2884ff6ff739a4201d0e7f795b8002017
:0418d800704700bf96
:020000040000fa
:020000040104f5
:1018dc004378ff2b01d0981c7047408840ba80b2e7
:0418ec00043070470d
:020000040000fa
:020000040104f5
:1018f00010b584b00df10e040094f7f757fe04b054
:0419000010bd00bf57
:020000040000fa
:020000040104f5
:1019040010b502231446f6f779f810b923885bbaa8
:04191400238010bd5f
:020000040000fa
:020000040104f5
:1019180010b504231446f6f76ff810b923681bbafc
:04192800236010bd6b
:020000040000fa
:020000040104f5
:10192c00032202490248f0f743b800bf302f0401ec
:04193c0038c500208a
:020000040000fa
:020000040104f5
:101940008288c388114499429dbf0368818098189a
:0419500000207047bc
:020000040000fa
:020000040104f5
:1019540010b4002484800160c2800c705df8044bd4
:04196400704700bf09
:020000040000fa
:020000040104f5
:1019680010b50446fff720ff01462046bde81040a9
:04197800eef7aabf1d
:020000040000fa
:020000040104f5
:10197c00d0e900230a430b43c0e900230830fdf7ec
:04198c0001b800bfdf
:020000040000fa
:020000040104f5
:101990000146024a0248f8f76fbe00bf880f0401f3
:0419a00040c500201e
:020000040000fa
:020000040104f5
:1019a400d1e9003103f10043013b8b4200d1704780
:0419b400fcf7c8bfb5
:020000040000fa
:020000040104f5
:1019b8000146024a0248f8f75bbe00bf940f0401d3
:0419c80044c50020f2
:020000040000fa
:020000040104f5
:1019cc00c369014603b1fee7036a002bfbd1406af1
:0419dc00fdf7dabd7c
:020000040000fa
:020000040104f5
:1019e000036823b9436813b9836803b9c368184609
:0419f000704700bf7d
:020000040000fa
:020000040104f5
:1019f4000b79c3f3800303b18b6a984200d0fee7ee
:041a0400f4f7febb3a
:020000040000fa
:020000040104f5
:101a08000b79c3f3800303b18b6a984200d0fee7d9
:041a1800fef7b4bc65
:020000040000fa
:020000040104f5
:101a1c0001010000d00f0401d40f0401dc0f0401fc
:041a2c00e40f0401be
:020000040000fa
:020000040104f5
:101a3000034b1978814200d17047187001f066bce1
:041a4000c8010120b8
:020000040000fa
:020000040104f5
:101a440010b54ff6ff7400bf00f010fc80b2a04246
:041a5400fad010bdf7
:020000040000fa
:020000040104f5
:101a580010b50446eff702fbff2816bf23680020e5
:041a6800c01810bdd5
:020000040000fa
:020000040104f5
:101a6c00037861f3000300f82c3b09b1faf78ebc44
:041a7c00f9f7aabc10
:020000040000fa
:020000040104f5
:101a800010b52c300c4600f09dff2146bde81040fb
:041a900000f0beb8ec
:020000040000fa
:020000040104f5
:101a94000b78ff2b1abf0133dbb20b230b70f9f762
:041aa4007dbc00bf46
:020000040000fa
:020000040104f5
:101aa800837c9b0701d57f2070470148f8f792bbdc
:041ab80038c500200d
:020000040000fa
:020000040104f5
:101abc0010b50446f7f764fe01462046bde8104019
:041acc00fbf7e2ba88
:020000040000fa
:020000040104f5
:101ad00008b5002180f8fe10c0f80011fe2200f0c9
:041ae0002bfb08bd17
:020000040000fa
:020000040104f5
:101ae4004b78102b01f1020128bf10230371016010
:041af400704700bf78
:020000040000fa
:020000040104f5
:101af8000b880a465bba4380011d10460222e6f7ae
:041b080041bb00bf1e
:020000040000fa
:020000040104f5
:101b0c0001f130001346002182b20148ecf7f8bb1a
:041b1c008ec5002052
:020000040000fa
:020000040104f5
:101b200010b40024012103220460818082715df8d9
:041b3000044b7047ab
:020000040000fa
:020000040104f5
:101b3400024a03480821fff7e7bf00bf1c1a04014b
:041b440094c5002024
:020000040000fa
:020000040104f5
:101b480000224ff440410180c0e90122c0e903228c
:041b5800704700bf13
:020000040000fa
:020000040104f5
:101b5c0009ba12ba024b416082600360704700bf41
:041b6c00000200086b
:020000040000fa
:020000040104f5
:101b7000036823b94068b0fa80f04009704700203c
:041b8000704700bfeb
:020000040000fa
:020000040104f5
:101b8400038848f2fe0023f47c53181ab0fa80f05c
:041b9400400970474d
:020000040000fa
:020000040104f5
:101b98000a7c402a00d87047403ad2b20831f9f797
:041ba80033bd00bf8a
:020000040000fa
:020000040104f5
:101bac00034a41f62a131b21d25afff74bb900bf47
:041bbc0038c5002008
:020000040000fa
:020000040104f5
:101bc00090f8313090f82400c3f38103984228bf85
:041bd00018467047fc
:020000040000fa
:020000040104f5
:101bd40010b50446f9f734fd002384f8a8302046f4
:041be40010bd00bf71
:020000040000fa
:020000040104f5
:101be800282803d0024b53f820007047fee700bfb7
:041bf800608e0201f8
:020000040000fa
:020000040104f5
:101bfc0010b5034a0446fef70bfe204610bd00bf8d
:041c0c005d2b040147
:020000040000fa
:020000040104f5
:101c1000081ac0b2030603d47f2908bf002070470a
:041c200000207047e9
:020000040000fa
:020000040104f5
:101c2400436c034805210bb9fff758b9faf70abb0f
:041c34007cc500204b
:020000040000fa
:020000040104f5
:101c380001f0fd01a1f10101b1fa81f14909e9f7ca
:041c480055be00bfc6
:020000040000fa
:020000040104f5
:101c4c008279d30703d5838803b1fee77047f9f790
:041c5c005fbe00bfa8
:020000040000fa
:020000040104f5
:101c6000837913f0010103d0838803b1fee7704745
:041c7000f9f754be6e
:020000040000fa
:020000040104f5
:101c74000f2804d017280cbf002003207047012030
:041c8400704700bfe6
:020000040000fa
:020000040104f5
:101c88000022027080f8212080f8422080f853203a
:041c9800704700bfd2
:020000040000fa
:020000040104f5
:101c9c0010b5012204466830fff7d0f90023a36782
:041cac0010bd00bfa8
:020000040000fa
:020000040104f5
:101cb00030b404460d460fcc28606960aa60eb6022
:041cc00030bc70477d
:020000040000fa
:020000040104f5
:101cc400c28d22b9426a22b1816a3c301047e3f7df
:041cd400a7b97047f5
:020000040000fa
:020000040104f5
:101cd8000023036143618361c36103624362c3609c
:041ce80001f028b827
:020000040000fa
:020000040104f5
:101cec00a42208b5002100f021fa002202708270b3
:041cfc0008bd00bf60
:020000040000fa
:020000040104f5
:101d0000c3692bb1436a002b0cbf0220012070472e
:041d100018467047ba
:020000040000fa
:020000040104f5
:101d140008b500211030faf7fdfeb0fa80f0400952
:041d240008bd00bf37
:020000040000fa
:020000040104f5
:101d28004b7a0a2b02d0836b014a1a61704700bfb5
:041d38004d2c040129
:020000040000fa
:020000040104f5
:101d3c0010b4019c04624162c0e906235df8044bb7
:041d4c00704700bf1d
:020000040000fa
:020000040104f5
:101d500010b4c0e91312436500215df8044b00f094
:041d600027bc00bfdd
:020000040000fa
:020000040104f5
:101d640008b5042100f0fafb002814bf032000206a
:041d740008bd00bfe7
:020000040000fa
:020000040104f5
:101d7800032804d004280cbf09200020704708203d
:041d8800704700bfe1
:020000040000fa
:020000040104f5
:101d8c00082804d009280cbf042000207047032029
:041d9c00704700bfcd
:020000040000fa
:020000040104f5
:101da00010b50446fef7aafd2046bde8104000f03d
:041db000d7bf00bfda
:020000040000fa
:020000040104f5
:101db40010b5044600f030ff2046bde8104000f0a6
:041dc400cdbf00bfd0
:020000040000fa
:020000040104f5
:101dc8004368034a4a60683302208b600870704792
:041dd80018310401b9
:020000040000fa
:020000040104f5
:101ddc0010b50446fdf718ff2046bde8104000f092
:041dec00b9bf00bfbc
:020000040000fa
:020000040104f5
:101df000454344534100000045435f444800000010
:041e00004543000056
:020000040000fa
:020000040104f5
:101e040010b5044600f098ff00223c23c4e90323e4
:041e140010bd00bf3e
:020000040000fa
:020000040104f5
:101e180010b50446f7f78ef920461421bde81040a6
:041e280000f046b8c8
:020000040000fa
:020000040104f5
:101e2c0038b110b5c46800f095ff2046002cf9d1ec
:041e3c0010bd70471e
:020000040000fa
:020000040104f5
:101e400038b110b5846900f08bff2046002cf9d121
:041e500010bd70470a
:020000040000fa
:020000040104f5
:101e540008b54422002100f06df942f21072826349
:041e640008bd00bff6
:020000040000fa
:020000040104f5
:101e680000b583b000230093e2f780fc03b05df86f
:041e780004fb00bfa8
:020000040000fa
:020000040104f5
:101e7c0010b40446134600680a46e1885df8044b2a
:041e8c00eaf71abb9c
:020000040000fa
:020000040104f5
:101e900010b40446134600680a46e1885df8044b16
:041ea000ebf7d8bcc8
:020000040000fa
:020000040104f5
:101ea400d0f8a02003460ab9c7f77eb80020c3f8cb
:041eb400a0007047d3
:020000040000fa
:020000040104f5
:101eb80021b1034b0a461b6800211847704700bf31
:041ec800a001012054
:020000040000fa
:020000040104f5
:101ecc0010b582b0049c009400240194e7f7dcfe6a
:041edc0002b010bd83
:020000040000fa
:020000040104f5
:101ee000024a034b1060196000207047a4010120d2
:041ef000a801012024
:020000040000fa
:020000040104f5
:101ef40000b583b000230093e0f772fb03b05df8f4
:041f040004fb00bf1b
:020000040000fa
:020000040104f5
:101f08005365742050616e2049443a20307825305a
:041f18003458000039
:020000040000fa
:020000040104f5
:101f1c00034b1868431c00d17047f3f755b800bf4a
:041f2c00b0010120df
:020000040000fa
:020000040104f5
:101f3000034b1868431c00d17047f3f74bb800bf40
:041f4000ac010120cf
:020000040000fa
:020000040104f5
:101f440010b50446084600f087f82060003018bf3a
:041f5400012010bd9b
:020000040000fa
:020000040104f5
:101f580008b50068def75af8a0f10100b0fa80f081
:041f6800400908bd67
:020000040000fa
:020000040104f5
:101f6c0008b5006800f0aefba0f10100b0fa80f0fb
:041f7c00400908bd53
:020000040000fa
:020000040104f5
:101f800008b50068d9f790faa0f10100b0fa80f026
:041f9000400908bd3f
:020000040000fa
:020000040104f5
:101f940008b5006800f056f8ff2828bfff20c0b23b
:041fa40008bd00bfb5
:020000040000fa
:020000040104f5
:101fa800eff3108072b6bff35f8fb0fa80f040098c
:041fb800704700bfaf
:020000040000fa
:020000040104f5
:101fbc0018b1bff35f8f62b6704772b6bff35f8f15
:041fcc00704700bf9b
:020000040000fa
:020000040104f5
:101fd000034b1a6812b158681b681847704700bf56
:041fe00020000120bc
:020000040000fa
:020000040104f5
:101fe4004ff0200383f31188bff36f8fbff34f8f3c
:041ff400fee700bf45
:020000040000fa
:020000040104f5
:101ff8004ff0200383f31188bff36f8fbff34f8f28
:04200800fee700bf30
:020000040000fa
:020000040104f5
:10200c00dff80c00016841f47001016070470000ba
:04201c0088ed00e06b
:020000040000fa
:020000040104f5
:10202000034a1368013b13600bb983f311887047af
:04203000b4010120d6
:020000040000fa
:020000040104f5
:10203400024620b1a2fb01230bb9f6f785b90020b3
:04204400704700bf22
:020000040000fa
:020000040104f5
:1020480010b50446fdf7b2ffa46bfff7e5ff204685
:0420580010bd00bff8
:020000040000fa
:020000040104f5
:10205c00034620b19b0f02d10421f6f771b9002081
:04206c00704700bffa
:020000040000fa
:020000040104f5
:10207000034b186810b1836c01338364704700bf51
:0420800088000120b3
:020000040000fa
:020000040104f5
:1020840010b50446fdf794ffe469fff7c7ff204647
:0420940010bd00bfbc
:020000040000fa
:020000040104f5
:10209800034b012002221a70d8779870fef780b897
:0420a8009c10002068
:020000040000fa
:020000040104f5
:1020ac00024b1b78024b1b78704700bf0f0001419d
:0420bc00400001419e
:020000040000fa
:020000040104f5
:1020c00000000000742e0401a7e601016f2704013f
:0420d000493204018c
:020000040000fa
:020000040104f5
:1020d40010b5034b0360044600f00ef8204610bd13
:0420e4002cd80301f0
:020000040000fa
:020000040104f5
:1020e80010b50446fff7f2ff20460c2101f0baf9bb
:0420f800204610bdb1
:020000040000fa
:020000040104f5
:1020fc0010b5034b03600446edf799fb204610bd69
:04210c0084d803016f
:020000040000fa
:020000040104f5
:1021100010b50446fff7f2ff2046082101f0a6f9aa
:04212000204610bd88
:020000040000fa
:020000040104f5
:10212400ad210401530104017d3404017d34040113
:042134007d340401f1
:020000040000fa
:020000040104f5
:1021380032b1c9b20244034603f8011b9342fbd1f2
:04214800704700bf1d
:020000040000fa
:020000040104f5
:10214c0010b50c46f0f7f0fe0378e4b2a34218bfca
:04215c00002010bd92
:020000040000fa
:020000040104f5
:10216000034600bf11f8012b184603f8012b002a83
:04217000f8d17047eb
:020000040000fa
:020000040104f5
:102174007374643a3a6261645f6578636570746924
:032184006f6e007b
:020000040000fa
:020000040104f5
:10218700537431336261645f657863657074696f36
:022197006e00d8
:020000040000fa
:020000040104f5
:10219a001f2804d9a0f17f035842584170470120f3
:0221aa0070477c
:020000040000fa
:020000040104f5
:1021ac000a440023914201d10020704701f8013b01
:0221bc00f8e742
:020000040000fa
:020000040104f5
:1021c00011112233445566778899aabbccddeeff06
:020000040000fa
:020000040104f5
:1021d00008b500f6c800fcf78ffc002008bd00bf62
:020000040000fa
:020000040104f5
:1021e000313020f001000078c0f30110704700bfcb
:020000040000fa
:020000040104f5
:1021f000b0f860300bb90d207047503000f0f0b8e7
:020000040000fa
:020000040104f5
:10220000c38b4ff6ff7293421cbf0133c3837047e9
:020000040000fa
:020000040104f5
:102210004378ff2b0cbf042302231844704700bff0
:020000040000fa
:020000040104f5
:102220004ff0ff320148e4f7ebbf00bf38c5002094
:020000040000fa
:020000040104f5
:10223000024b00f003001856704700bf043304013e
:020000040000fa
:020000040104f5
:10224000838813b10122fdf715b90620704700bf3e
:020000040000fa
:020000040104f5
:102250008388934201d3fdf70db90620704700bf74
:020000040000fa
:020000040104f5
:10226000026883880a445b1a02608380704700bf5b
:020000040000fa
:020000040104f5
:10227000024b9b8803b9fee7fdf72cb9380001201b
:020000040000fa
:020000040104f5
:10228000cb439bb2934228bf1346018043807047e3
:020000040000fa
:020000040104f5
:10229000a0f14103192b9cbf2030c0b2704700bf92
:020000040000fa
:020000040104f5
:1022a000024b002808bf1846704700bf1c1a0401e3
:020000040000fa
:020000040104f5
:1022b00043898b4294bfd91a591a89b2fbf726bcbd
:020000040000fa
:020000040104f5
:1022c0000b88084613b11146faf760be9380704739
:020000040000fa
:020000040104f5
:1022d00010b5044601f078f800b1fee7204610bdc5
:020000040000fa
:020000040104f5
:1022e00008b5084691b2fef78bfe002008bd00bf7e
:020000040000fa
:020000040104f5
:1022f00010b5044601f070f800b1fee7204610bdad
:020000040000fa
:020000040104f5
:1023000008b52022fbf7c8f900b1fee708bd00bf01
:020000040000fa
:020000040104f5
:1023100010b5044601f05cf800b1fee7204610bda0
:020000040000fa
:020000040104f5
:1023200008b52022fbf7a2f900b1fee708bd00bf07
:020000040000fa
:020000040104f5
:1023300003681a88d20500d5fee79970704700bf80
:020000040000fa
:020000040104f5
:1023400003681b889b0501d5f3f7acb8ff207047e5
:020000040000fa
:020000040104f5
:1023500008b51a21f2f724fa003018bf012008bd91
:020000040000fa
:020000040104f5
:102360009df8000000900148dcf7beba1ccf0020a9
:020000040000fa
:020000040104f5
:10237000037edb0700d470470121eef7dbbe00bf10
:020000040000fa
:020000040104f5
:102380008378022b1cbf022383701c3000f0f6ba46
:020000040000fa
:020000040104f5
:1023900000290cbf0e2133210823edf70fbc00bf2d
:020000040000fa
:020000040104f5
:1023a00010b49df80c4003945df8044be4f7b2bc04
:020000040000fa
:020000040104f5
:1023b000024b00f03800185c704700bf189702010c
:020000040000fa
:020000040104f5
:1023c00008b5002180f88c108c22fff7b5fe08bdff
:020000040000fa
:020000040104f5
:1023d000083189b20148fff799bb00bf94c50020be
:020000040000fa
:020000040104f5
:1023e00013460a4601460148e3f750bac0c500202b
:020000040000fa
:020000040104f5
:1023f000007a033802288cbf00200120704700bffc
:020000040000fa
:020000040104f5
:1024000016289abf014b185c012070471012040176
:020000040000fa
:020000040104f5
:1024100009ba024b41600360704700bf000200042c
:020000040000fa
:020000040104f5
:10242000037813b14078023070470120704700bf35
:020000040000fa
:020000040104f5
:1024300010b514460732d208fef766fc047410bdce
:020000040000fa
:020000040104f5
:1024400008b50821fef7dcfd00b1fee708bd00bfbe
:020000040000fa
:020000040104f5
:1024500038b5044615460430f9f7daf8e57038bdaa
:020000040000fa
:020000040104f5
:1024600042f22413c35c03b97047133000f028bb59
:020000040000fa
:020000040104f5
:1024700042f22413c35c03b97047133000f026bb4b
:020000040000fa
:020000040104f5
:1024800042f22413c35c03b97047133000f02abb37
:020000040000fa
:020000040104f5
:102490004078023802288cbf00200120704700bf1e
:020000040000fa
:020000040104f5
:1024a0004078033801288cbf00200120704700bf0e
:020000040000fa
:020000040104f5
:1024b0000b464ff47c4200f5d4711846fbf706bd7d
:020000040000fa
:020000040104f5
:1024c000c3789b0700d570477c306421f9f722b9a7
:020000040000fa
:020000040104f5
:1024d0000c0900000a0c0900fddead00beef000093
:020000040000fa
:020000040104f5
:1024e000024b93f8e409c0f38000704738c5002020
:020000040000fa
:020000040104f5
:1024f00000234ff4fe42428003808380c3807047f4
:020000040000fa
:020000040104f5
:102500008179002262f3000102608171828070474c
:020000040000fa
:020000040104f5
:1025100020b103280cbf07200f20704717207047f9
:020000040000fa
:020000040104f5
:10252000000200000004000000080000001000008d
:020000040000fa
:020000040104f5
:1025300008b5e3f78bfb00b908bda0f50c5008bd4a
:020000040000fa
:020000040104f5
:1025400001299abf816600200048704780b0ffffd4
:020000040000fa
:020000040104f5
:10255000636c69656e740000736572766572000065
:020000040000fa
:020000040104f5
:1025600020b1036813b1db680846184700207047a4
:020000040000fa
:020000040104f5
:10257000551d250000000000551d2000000000bf73
:020000040000fa
:020000040104f5
:1025800000070000ffffff0ffc0000000008000034
:020000040000fa
:020000040104f5
:10259000000300000a0000000c0000000000000022
:020000040000fa
:020000040104f5
:1025a000c188006808b5ecf7cbfe0730c00808bd4d
:020000040000fa
:020000040104f5
:1025b000036d1bb10a46c06c89081847704700bffd
:020000040000fa
:020000040104f5
:1025c00000220023c0e92223c0e92423704700bf72
:020000040000fa
:020000040104f5
:1025d000131d0022c0f8cc301146d4f741b800bf1b
:020000040000fa
:020000040104f5
:1025e000012380f8a510c0f8a82080f8a430704717
:020000040000fa
:020000040104f5
:1025f000807a053803288cbf00200120704700bf77
:020000040000fa
:020000040104f5
:10260000526164696f2064697361626c650000bf28
:020000040000fa
:020000040104f5
:10261000526164696f20656e61626c65000000bf85
:020000040000fa
:020000040104f5
:10262000526164696f207472616e736d6974000029
:020000040000fa
:020000040104f5
:1026300008b500f0cdfdbde80840fef7d9ba00bfef
:020000040000fa
:020000040104f5
:1026400000231a4619460148eff7ecb91408002098
:020000040000fa
:020000040104f5
:1026500020b1012801d1fff7e3bc7047d9f748bb8f
:020000040000fa
:020000040104f5
:10266000024b1868c0f3c030704700bf000600443a
:020000040000fa
:020000040104f5
:10267000024a106213699b06fcd4704700000142b5
:020000040000fa
:020000040104f5
:10268000024a908313695b06fcd470470014004033
:020000040000fa
:020000040104f5
:10269000024ad08313691b06fcd470470014004023
:020000040000fa
:020000040104f5
:1026a00010b9024b1879704703207047e0ff0020f3
:020000040000fa
:020000040104f5
:1026b00008b5fbf7b3febde8084000f0cbbe00bf95
:020000040000fa
:020000040104f5
:1026c00008b5eaf7bffdbde80840c6f7c5b800bfca
:020000040000fa
:020000040104f5
:1026d000836bc06bc01ab0fa80f04009704700bf2e
:020000040000fa
:020000040104f5
:1026e000024a136801331360704700bf9c00012049
:020000040000fa
:020000040104f5
:1026f00018b9024b0b60012313807047d3010120ee
:020000040000fa
:020000040104f5
:1027000008b50020daf73cf8ecf7c8fefce700bf9c
:020000040000fa
:020000040104f5
:102710001f1f1c1c1818141414141414141414144b
:020000040000fa
:020000040104f5
:10272000024b1868bff35b8f704700bfbc010120ec
:020000040000fa
:020000040104f5
:10273000024b1868bff35b8f704700bfc0010120d8
:020000040000fa
:020000040104f5
:10274000494e4600696e66004e414e006e616e0055
:020000040000fa
:020000040104f5
:10275000494e4600696e66004e414e006e616e0045
:020000040000fa
:020000040104f5
:0e276000810103230020b1fbf3f100f091bdd5
:020000040000fa
:020000040104f5
:0e276e0010b50421044600f07afe204610bd8e
:020000040000fa
:020000040104f5
:0e277c00a0f14103192b98bf40f020007047d8
:020000040000fa
:020000040104f5
:0e278a00a0f16103192b98bf00f05f007047ab
:020000040000fa
:020000040104f5
:0d279800537439657863657074696f6e0065
:020000040000fa
:020000040104f5
:0d27a500537439747970655f696e666f005a
:020000040000fa
:020000040104f5
:0c27b400014b1868704700bf0c080020a3
:020000040000fa
:020000040104f5
:0c27c0004d4348505f54485245414400ce
:020000040000fa
:020000040104f5
:0c27cc0000230172c0e900334372704723
:020000040000fa
:020000040104f5
:0c27d80013460a4601461846f5f7b8b94a
:020000040000fa
:020000040104f5
:0c27e40003681888c0f3c000704700bff5
:020000040000fa
:020000040104f5
:0c27f000014b1880704700bfc2fe0020a3
:020000040000fa
:020000040104f5
:0c27fc000123043003fa00f080b27047a3
:020000040000fa
:020000040104f5
:0c280800313020f001004078704700bf24
:020000040000fa
:020000040104f5
:0c28140000f5cd5014300022f6f7a8beed
:020000040000fa
:020000040104f5
:0c28200000f5cd501430fdf721bd00bfc5
:020000040000fa
:020000040104f5
:0c282c004ff6fe71002201800277704719
:020000040000fa
:020000040104f5
:0c2838004ff6fe72002302800377704709
:020000040000fa
:020000040104f5
:0c284400082a00d9fee7f8f78bbc00bfa3
:020000040000fa
:020000040104f5
:0c2850000148fdf75fbb00bf38c5002049
:020000040000fa
:020000040104f5
:0c285c004a89028100224160027070472e
:020000040000fa
:020000040104f5
:0c28680000230160c2808380704700bf25
:020000040000fa
:020000040104f5
:0c2874000068084411461a46fef744bafa
:020000040000fa
:020000040104f5
:0c2880004b89438000230380704700bf99
:020000040000fa
:020000040104f5
:0c288c004388994228bf194641807047dc
:020000040000fa
:020000040104f5
:0c2898000148edf7e3bf00bf7cc5002045
:020000040000fa
:020000040104f5
:0c28a4000148e7f777bb00bf60c50020cb
:020000040000fa
:020000040104f5
:0c28b0000148fef739bb00bf4cc50020fa
:020000040000fa
:020000040104f5
:0c28bc0043898b4200d2fee78181704707
:020000040000fa
:020000040104f5
:0c28c800014b0022ebf71ebd1c1a04019e
:020000040000fa
:020000040104f5
:0c28d4008b6a03b1fee7f0f7a7bf00bf5e
:020000040000fa
:020000040104f5
:0c28e00008b5f6f78bfc00b1fee708bd60
:020000040000fa
:020000040104f5
:0c28ec0008b5eff731f800b1fee708bdb9
:020000040000fa
:020000040104f5
:0c28f80008b5fcf7cdfb00b1fee708bd01
:020000040000fa
:020000040104f5
:0c29040008b5fdf7c5fa00b1fee708bdfc
:020000040000fa
:020000040104f5
:0c29100008b5f9f7bdf900b1fee708bdfd
:020000040000fa
:020000040104f5
:0c291c0008b5fdf7a9fa00b1fee708bd00
:020000040000fa
:020000040104f5
:0c29280040f20113018041808380704761
:020000040000fa
:020000040104f5
:0c2934000023036043608360c3607047b1
:020000040000fa
:020000040104f5
:0c2940000148f9f711bd00bf1ccf0020ba
:020000040000fa
:020000040104f5
:0c294c000148dff7c1be00bf1ccf002017
:020000040000fa
:020000040104f5
:0c2958000148cef79bba00bf1ccf002046
:020000040000fa
:020000040104f5
:0c2964000148f1f76fbf00bf1ccf00203e
:020000040000fa
:020000040104f5
:0c2970000148d5f74dba00bf1ccf002075
:020000040000fa
:020000040104f5
:0c297c000148fbf73db900bf1ccf002054
:020000040000fa
:020000040104f5
:0c2988000148fdf7a9bf00bf94ce00205d
:020000040000fa
:020000040104f5
:0c2994000148e0f7c5bd00bf48cf00209f
:020000040000fa
:020000040104f5
:0c29a0000148e9f75fba00bf20d2002018
:020000040000fa
:020000040104f5
:0c29ac000148f2f769ba00bf38c50020ee
:020000040000fa
:020000040104f5
:0c29b800c180014800f098b84ac500201a
:020000040000fa
:020000040104f5
:0c29c400014800f00dbd00bf38c5002028
:020000040000fa
:020000040104f5
:0c29d0000148f6f713b800bf48cf002004
:020000040000fa
:020000040104f5
:0c29dc0083788b4218bf8170704700bfe9
:020000040000fa
:020000040104f5
:0c29e8000a4690f8fe10edf73db800bf65
:020000040000fa
:020000040104f5
:0c29f400002280f8fe20d3f73fbc00bf9b
:020000040000fa
:020000040104f5
:0c2a00004ff0ff3303604360704700bfdd
:020000040000fa
:020000040104f5
:0c2a0c0000224ff08073026043607047ae
:020000040000fa
:020000040104f5
:0c2a18000148fcf75bb800bf00ce0020b6
:020000040000fa
:020000040104f5
:0c2a24000148fcf755b800bf2cce002084
:020000040000fa
:020000040104f5
:0c2a30000148e3f72bba00bf2cce0020b9
:020000040000fa
:020000040104f5
:0c2a3c00034602305978edf745bf00bf9b
:020000040000fa
:020000040104f5
:0c2a48004078022894bf00200120704755
:020000040000fa
:020000040104f5
:0c2a54000148f2f7c5bd00bf94c500208a
:020000040000fa
:020000040104f5
:0c2a600008210148fef7a4bb94c500202b
:020000040000fa
:020000040104f5
:0c2a6c000148e5f741b900bf2cc900206b
:020000040000fa
:020000040104f5
:0c2a78000148e8f7bfb800bfccc900203f
:020000040000fa
:020000040104f5
:0c2a84000148e0f7fdbb00bfb4cd00200e
:020000040000fa
:020000040104f5
:0c2a90000148ecf74bba00bf98c70020cb
:020000040000fa
:020000040104f5
:0c2a9c00102a00d9fee7f2f7efbd00bfe2
:020000040000fa
:020000040104f5
:0c2aa8000b684a6842600360704700bf82
:020000040000fa
:020000040104f5
:0c2ab4000b684a6842600360704700bf76
:020000040000fa
:020000040104f5
:0c2ac0000148eff77db800bf48cf0020b0
:020000040000fa
:020000040104f5
:0c2acc000148f8f79bbc00bf48cf002079
:020000040000fa
:020000040104f5
:0c2ad8000148d6f7dbba00bf48cf002051
:020000040000fa
:020000040104f5
:0c2ae4000148fff74bbc00bf48cf0020aa
:020000040000fa
:020000040104f5
:0c2af0000148f7f737bb00bf38c50020d5
:020000040000fa
:020000040104f5
:0c2afc000148ddf701ba00bf38c500201a
:020000040000fa
:020000040104f5
:0c2b08000b4601461846ecf781ba00bfee
:020000040000fa
:020000040104f5
:0c2b14000148f9f7bfbd00bfb4de00208f
:020000040000fa
:020000040104f5
:0c2b20004378022b00d07047fff7cabcbe
:020000040000fa
:020000040104f5
:0c2b2c000148e7f7afbb00bfbcd200209f
:020000040000fa
:020000040104f5
:0c2b38000148eef76bbd00bf40d200204a
:020000040000fa
:020000040104f5
:0c2b44000148dbf7efbf00bf40d20020cb
:020000040000fa
:020000040104f5
:0c2b5000408840bac0f34020704700bf2e
:020000040000fa
:020000040104f5
:0c2b5c000148f1f7c3bf00bf74de002089
:020000040000fa
:020000040104f5
:0c2b680001210148f5f768b918e60020cb
:020000040000fa
:020000040104f5
:0c2b74000148f1f7b7bf00bf18e60020d1
:020000040000fa
:020000040104f5
:0c2b80000148f6f79bb800bf60de0020a3
:020000040000fa
:020000040104f5
:0c2b8c000148d6f7e1b800bf18de0020b9
:020000040000fa
:020000040104f5
:0c2b980008b50846f8f73cfe002008bd18
:020000040000fa
:020000040104f5
:0c2ba40001224ff2bf01f6f7e1bc00bfb8
:020000040000fa
:020000040104f5
:0c2bb00049ba0023a0f801100370704720
:020000040000fa
:020000040104f5
:0c2bbc000148f1f7adba00bfe0d60020e0
:020000040000fa
:020000040104f5
:0c2bc8000148f1f7a7ba00bfe0d60020da
:020000040000fa
:020000040104f5
:0c2bd4000b4601461846fbf707bb00bf8c
:020000040000fa
:020000040104f5
:0c2be000016902220131ebf79dbe00bf2d
:020000040000fa
:020000040104f5
:0c2bec000148f7f733b900bf94ce002079
:020000040000fa
:020000040104f5
:0c2bf8000148f0f76fbb00bf98c8002038
:020000040000fa
:020000040104f5
:0c2c04000148fff75db800bfb0e50020fc
:020000040000fa
:020000040104f5
:0c2c10004ff48c720021fff78fba00bf58
:020000040000fa
:020000040104f5
:0c2c1c0018b14ff48c71fff749b97047f4
:020000040000fa
:020000040104f5
:0c2c28002a8648ce3d030107000000bfd3
:020000040000fa
:020000040104f5
:0c2c34002a864886f70d0101010000bf50
:020000040000fa
:020000040104f5
:0c2c40002a8648ce3d040301000000bfbe
:020000040000fa
:020000040104f5
:0c2c4c00806b00f52370fdf717bf00bf80
:020000040000fa
:020000040104f5
:0c2c5800806b00f52370fdf711bf00bf7a
:020000040000fa
:020000040104f5
:0c2c64004ff480720021fff765ba00bf3a
:020000040000fa
:020000040104f5
:0c2c700003280cbf04200020704700bfa8
:020000040000fa
:020000040104f5
:0c2c7c0017280cbf03200020704700bf89
:020000040000fa
:020000040104f5
:0c2c880003280cbf17200020704700bf7d
:020000040000fa
:020000040104f5
:0c2c94002bc000002cc00000000000005d
:020000040000fa
:020000040104f5
:0c2ca00013460a460221f2f7ddbd00bf1a
:020000040000fa
:020000040104f5
:0c2cac00023802288cbf00200120704775
:020000040000fa
:020000040104f5
:0c2cb800023801288cbf0020012070476a
:020000040000fa
:020000040104f5
:0c2cc400a0f10400b0fa80f04009704755
:020000040000fa
:020000040104f5
:0c2cd0000023036043608360704700bf76
:020000040000fa
:020000040104f5
:0c2cdc002b06010505070804000000bfde
:020000040000fa
:020000040104f5
:0c2ce80010b1006800b10078704700bf18
:020000040000fa
:020000040104f5
:0c2cf40058ca030188ca030128ca030162
:020000040000fa
:020000040104f5
:0c2d00004ff4ca720021fff717ba00bfa1
:020000040000fa
:020000040104f5
:0c2d0c0000220123c0e90023704700bf33
:020000040000fa
:020000040104f5
:0c2d180010b16c21fff7ccb8704700bf71
:020000040000fa
:020000040104f5
:0c2d240008b56c22fdf7eeff08bd00bff3
:020000040000fa
:020000040104f5
:0c2d30000ab1e9f783bb1046704700bff2
:020000040000fa
:020000040104f5
:0c2d3c000023036043608360704700bf09
:020000040000fa
:020000040104f5
:0c2d4800814201d0f9f714bf704700bfb2
:020000040000fa
:020000040104f5
:0c2d5400014b1b68184700bfa4010120c0
:020000040000fa
:020000040104f5
:0c2d6000014b1b68184700bfa8010120b0
:020000040000fa
:020000040104f5
:0c2d6c00014b1860704700bf08080020f1
:020000040000fa
:020000040104f5
:0c2d7800014b1878704700bf10010120cb
:020000040000fa
:020000040104f5
:0c2d8400014b1960704700bf580001208f
:020000040000fa
:020000040104f5
:0c2d9000014b002019607047500001202a
:020000040000fa
:020000040104f5
:0c2d9c00014b1960704700bf540001207b
:020000040000fa
:020000040104f5
:0c2da80008b500f023fbc0f3470008bd95
:020000040000fa
:020000040104f5
:0c2db400526164696f20736c65657000eb
:020000040000fa
:020000040104f5
:0c2dc000014b80b25881704700000142b6
:020000040000fa
:020000040104f5
:0c2dcc00014b80b21881704700000142ea
:020000040000fa
:020000040104f5
:0c2dd800014b186099607047d4ff002088
:020000040000fa
:020000040104f5
:0c2de400014b1860596070472800012066
:020000040000fa
:020000040104f5
:0c2df000014bd868704700bf60fd002058
:020000040000fa
:020000040104f5
:0c2dfc00014b1b78037070471b01012085
:020000040000fa
:020000040104f5
:0c2e08004c3404011cd703010000000042
:020000040000fa
:020000040104f5
:0c2e1400014b1868704700bfbc00012093
:020000040000fa
:020000040104f5
:0c2e2000014b1868704700bf94000120af
:020000040000fa
:020000040104f5
:0c2e2c00014b01221a607047c000012019
:020000040000fa
:020000040104f5
:0c2e38004150505f54696d65723000001d
:020000040000fa
:020000040104f5
:0c2e440000f1824000f5803000787047fb
:020000040000fa
:020000040104f5
:0c2e5000014b1878fcf73eba0811002076
:020000040000fa
:020000040104f5
:0c2e5c0000f1824000f5803000787047e3
:020000040000fa
:020000040104f5
:0c2e68001eb4f9f713f91ebcd5f786fd67
:020000040000fa
:020000040104f5
:0c2e74002cd80301872104016032040106
:020000040000fa
:020000040104f5
:0c2e80002cd803019ae60301982e0401ef
:020000040000fa
:020000040104f5
:0c2e8c000098904214bf012006207047ff
:020000040000fa
:020000040104f5
:0c2e98002cd8030190f203016832040101
:020000040000fa
:020000040104f5
:0c2ea40010b50446fff75af9204610bd97
:020000040000fa
:020000040104f5
:0a2eb00000221f210120fbf751bb97
:020000040000fa
:020000040104f5
:0a2eba0008b5fff730fcfbf7d8fb6a
:020000040000fa
:020000040104f5
:0a2ec40008b5fff733fc00f0b1f988
:020000040000fa
:020000040104f5
:082ed00090f8090d704700bfe6
:020000040000fa
:020000040104f5
:082ed80042f22413c05c7047b4
:020000040000fa
:020000040104f5
:082ee0002830f2f717ba00bf19
:020000040000fa
:020000040104f5
:082ee80000487047a06a0301d5
:020000040000fa
:020000040104f5
:082ef0000fb404b0704700bfed
:020000040000fa
:020000040104f5
:082ef8000fb404b0704700bfe5
:020000040000fa
:020000040104f5
:082f0000006800b1c0697047d0
:020000040000fa
:020000040104f5
:082f08008068f4f713bd00bf5f
:020000040000fa
:020000040104f5
:082f1000c068ddf78fb900bfb6
:020000040000fa
:020000040104f5
:082f1800c068ecf76fbd00bfbb
:020000040000fa
:020000040104f5
:082f2000d007000003020400c9
:020000040000fa
:020000040104f5
:082f28000123f4f769bd00bfad
:020000040000fa
:020000040104f5
:082f3000010002000b0000bfcc
:020000040000fa
:020000040104f5
:082f380000230360704700bf95
:020000040000fa
:020000040104f5
:082f400001704270704700bff0
:020000040000fa
:020000040104f5
:082f48004b880988f3f7a4bed1
:020000040000fa
:020000040104f5
:082f5000006800b1c069704780
:020000040000fa
:020000040104f5
:082f58000123018003717047a1
:020000040000fa
:020000040104f5
:082f6000012341804371704719
:020000040000fa
:020000040104f5
:082f6800102308608b80704704
:020000040000fa
:020000040104f5
:082f70000048704780cf0020eb
:020000040000fa
:020000040104f5
:082f7800dead00beef00cafe51
:020000040000fa
:020000040104f5
:082f8000c068f0f72fbd00bf8f
:020000040000fa
:020000040104f5
:082f880001230a46ecf786bea6
:020000040000fa
:020000040104f5
:082f90000221fef735b800bf75
:020000040000fa
:020000040104f5
:082f980008b1eef775be7047a9
:020000040000fa
:020000040104f5
:082fa0000a7cf8f735bb00bf05
:020000040000fa
:020000040104f5
:082fa8001022f2f76bbb00bf21
:020000040000fa
:020000040104f5
:082fb0000022dbf729bd00bf80
:020000040000fa
:020000040104f5
:082fb8000048704700f8ff0714
:020000040000fa
:020000040104f5
:082fc0007c306421f8f7a6bb88
:020000040000fa
:020000040104f5
:082fc8000021d4f783bc00bf17
:020000040000fa
:020000040104f5
:082fd0000a460921fbf71ab8bb
:020000040000fa
:020000040104f5
:082fd80009680068fef70cbc5b
:020000040000fa
:020000040104f5
:082fe0001c30fff70db900bf22
:020000040000fa
:020000040104f5
:082fe8000821fef709b800bf43
:020000040000fa
:020000040104f5
:082ff0000830fef7cdbc00bf64
:020000040000fa
:020000040104f5
:082ff8000022c0e9002270472d
:020000040000fa
:020000040104f5
:0830000000230360704700bfcc
:020000040000fa
:020000040104f5
:0830080080788009fff710b980
:020000040000fa
:020000040104f5
:083010001946fbf7fdbe00bfed
:020000040000fa
:020000040104f5
:083018004c30fef7b9bc00bf0b
:020000040000fa
:020000040104f5
:0830200054687265616400bf91
:020000040000fa
:020000040104f5
:0830280078220021fff784b8b3
:020000040000fa
:020000040104f5
:083030006ff02d00704700bf96
:020000040000fa
:020000040104f5
:083038002a8648ce3d0201008a
:020000040000fa
:020000040104f5
:083040003c220021fff778b8e3
:020000040000fa
:020000040104f5
:0830480008b1fdf773bc7047ed
:020000040000fa
:020000040104f5
:083050000978e8f73fb900bf61
:020000040000fa
:020000040104f5
:0830580000487047808fffff64
:020000040000fa
:020000040104f5
:0830600000487047808fffff5c
:020000040000fa
:020000040104f5
:0830680070220021fff764b89b
:020000040000fa
:020000040104f5
:08307000c0e91f12704700bf08
:020000040000fa
:020000040104f5
:08307800c0e90612704700bf19
:020000040000fa
:020000040104f5
:08308000c0e90412704700bf13
:020000040000fa
:020000040104f5
:08308800c0e91412704700bffb
:020000040000fa
:020000040104f5
:083090000023c0e9163170476e
:020000040000fa
:020000040104f5
:083098000023c0e91831704764
:020000040000fa
:020000040104f5
:0830a000c0e93c12704700bfbb
:020000040000fa
:020000040104f5
:0830a8000021f5f783b800bf19
:020000040000fa
:020000040104f5
:0830b00094220021fff740b853
:020000040000fa
:020000040104f5
:0830b80004d00201708226051c
:020000040000fa
:020000040104f5
:0830c000d8cf0201709229052e
:020000040000fa
:020000040104f5
:0830c80028d0020110120200e1
:020000040000fa
:020000040104f5
:0830d000f8cf0201708327050f
:020000040000fa
:020000040104f5
:0830d800c4cf020170932a0528
:020000040000fa
:020000040104f5
:0830e0001cd0020110130300d3
:020000040000fa
:020000040104f5
:0830e800eccf02017084280501
:020000040000fa
:020000040104f5
:0830f000b0cf020170942b0522
:020000040000fa
:020000040104f5
:0830f80010d0020110140400c5
:020000040000fa
:020000040104f5
:083100004368d86b704700bf63
:020000040000fa
:020000040104f5
:0831080049684068e1f7eebfe1
:020000040000fa
:020000040104f5
:083110004068fbf767bf00bf38
:020000040000fa
:020000040104f5
:0831180065636b65792e51001f
:020000040000fa
:020000040104f5
:0831200013460222e5f7c8bbcb
:020000040000fa
:020000040104f5
:0831280008b1f1f703be704786
:020000040000fa
:020000040104f5
:0831300050250401582504019b
:020000040000fa
:020000040104f5
:083138000223f1f74fbe00bfb6
:020000040000fa
:020000040104f5
:083140000023c0e900337047d1
:020000040000fa
:020000040104f5
:08314800c1880068ecf7f8b83b
:020000040000fa
:020000040104f5
:083150000123eef797bb00bf5d
:020000040000fa
:020000040104f5
:083158004ff0ff33eef792bbcc
:020000040000fa
:020000040104f5
:083160006c220021fef7e8bf1c
:020000040000fa
:020000040104f5
:0831680000b14078704700bf80
:020000040000fa
:020000040104f5
:0831700000b10068704700bfc8
:020000040000fa
:020000040104f5
:0831780000eb800001307047fc
:020000040000fa
:020000040104f5
:0831800008b1fcf747bd7047e0
:020000040000fa
:020000040104f5
:0831880000487047903104017a
:020000040000fa
:020000040104f5
:08319000ffc000000000000078
:020000040000fa
:020000040104f5
:08319800c0e90f124364704707
:020000040000fa
:020000040104f5
:0831a0000048704720fe0020ea
:020000040000fa
:020000040104f5
:0831a8003e51f00b473e5100bf
:020000040000fa
:020000040104f5
:0831b0000cb402b0704700bf2f
:020000040000fa
:020000040104f5
:0831b800bff35f8f62b67047a0
:020000040000fa
:020000040104f5
:0831c0004ff40040704700bf0e
:020000040000fa
:020000040104f5
:0831c8000048704720a1070038
:020000040000fa
:020000040104f5
:0831d00008b5f7f7cdfe08bdbc
:020000040000fa
:020000040104f5
:0831d80008b5eff71bfefce750
:020000040000fa
:020000040104f5
:0831e00008b5fcf787f8fce7d5
:020000040000fa
:020000040104f5
:0831e800600c0401110000005d
:020000040000fa
:020000040104f5
:0831f00000230361704700bfda
:020000040000fa
:020000040104f5
:0831f800546d72205376630050
:020000040000fa
:020000040104f5
:0832000008b901230b8070479f
:020000040000fa
:020000040104f5
:0832080073656420746d72000f
:020000040000fa
:020000040104f5
:0832100008b1f7f797b8704709
:020000040000fa
:020000040104f5
:0832180008b1f7f7b1b87047e7
:020000040000fa
:020000040104f5
:08322000187059709a607047a4
:020000040000fa
:020000040104f5
:083228000087858d858c8585ea
:020000040000fa
:020000040104f5
:0832300008b58047fff741fedd
:020000040000fa
:020000040104f5
:0832380000487047f8ff002078
:020000040000fa
:020000040104f5
:0832400000487047f8ff002070
:020000040000fa
:020000040104f5
:083248000048704774210401e5
:020000040000fa
:020000040104f5
:0832500084d80301f40004011d
:020000040000fa
:020000040104f5
:0832580084d8030148f20301d0
:020000040000fa
:020000040104f5
:0832600084d803019827040142
:020000040000fa
:020000040104f5
:0832680084d80301a52704012d
:020000040000fa
:020000040104f5
:0832700083f00043d1f768bab6
:020000040000fa
:020000040104f5
:0832780008b57f2000f00ef8fc
:020000040000fa
:020000040104f5
:08328000286e696c290025008d
:020000040000fa
:020000040104f5
:07328800286e756c6c290033
:020000040000fa
:020000040104f5
:063290000139fdd8704772
:020000040000fa
:020000040104f5
:063296006ff05d007047bf
:020000040000fa
:020000040104f5
:06329c0008b500f0c3f8c4
:020000040000fa
:020000040104f5
:0432a4000a20704745
:020000040000fa
:020000040104f5
:0432a800002070474b
:020000040000fa
:020000040104f5
:0432ac00704700bfa8
:020000040000fa
:020000040104f5
:0432b000704700bfa4
:020000040000fa
:020000040104f5
:0432b400704700bfa0
:020000040000fa
:020000040104f5
:0432b800002070473b
:020000040000fa
:020000040104f5
:0432bc000120704736
:020000040000fa
:020000040104f5
:0432c000ddf7d0b9ad
:020000040000fa
:020000040104f5
:0432c400fdf7f0be64
:020000040000fa
:020000040104f5
:0432c800f7f762baf8
:020000040000fa
:020000040104f5
:0432cc00fbf784bbcd
:020000040000fa
:020000040104f5
:0432d000f9f71ab838
:020000040000fa
:020000040104f5
:0432d400f4f7fabb56
:020000040000fa
:020000040104f5
:0432d800fef778bbca
:020000040000fa
:020000040104f5
:0432dc00808970472e
:020000040000fa
:020000040104f5
:0432e000f9f780bebc
:020000040000fa
:020000040104f5
:0432e400f3f7d8bc68
:020000040000fa
:020000040104f5
:0432e800f2f71abf20
:020000040000fa
:020000040104f5
:0432ec00f0f71aba23
:020000040000fa
:020000040104f5
:0432f000eff750b8ec
:020000040000fa
:020000040104f5
:0432f400edf780bab8
:020000040000fa
:020000040104f5
:0432f800fef78abf94
:020000040000fa
:020000040104f5
:0432fc00fef75cb9c4
:020000040000fa
:020000040104f5
:0433000000f07ab8a7
:020000040000fa
:020000040104f5
:04330400000100ffc5
:020000040000fa
:020000040104f5
:04330800704700bf4b
:020000040000fa
:020000040104f5
:04330c00704700bf47
:020000040000fa
:020000040104f5
:04331000006870479a
:020000040000fa
:020000040104f5
:04331400016070479d
:020000040000fa
:020000040104f5
:04331800704700bf3b
:020000040000fa
:020000040104f5
:04331c00f0f736bbd5
:020000040000fa
:020000040104f5
:04332000f9f7fabe01
:020000040000fa
:020000040104f5
:04332400f9f7f8beff
:020000040000fa
:020000040104f5
:04332800e5f7aabc5f
:020000040000fa
:020000040104f5
:04332c00e8f766be9a
:020000040000fa
:020000040104f5
:04333000f9f7dab817
:020000040000fa
:020000040104f5
:04333400f8f782b86c
:020000040000fa
:020000040104f5
:04333800e8f7e8be0c
:020000040000fa
:020000040104f5
:04333c00fff748b897
:020000040000fa
:020000040104f5
:04334000704700bf13
:020000040000fa
:020000040104f5
:04334400d3f782ba7f
:020000040000fa
:020000040104f5
:04334800e1f796bf54
:020000040000fa
:020000040104f5
:04334c00eff73cbf9c
:020000040000fa
:020000040104f5
:043350000c20704796
:020000040000fa
:020000040104f5
:04335400704700bfff
:020000040000fa
:020000040104f5
:04335800000000bfb2
:020000040000fa
:020000040104f5
:04335c00704700bff7
:020000040000fa
:020000040104f5
:04336000d0f780be64
:020000040000fa
:020000040104f5
:04336400704700bfef
:020000040000fa
:020000040104f5
:04336800f4f78cbd2d
:020000040000fa
:020000040104f5
:04336c00f0f7a2bd17
:020000040000fa
:020000040104f5
:04337000704700bfe3
:020000040000fa
:020000040104f5
:04337400fcf77ebb29
:020000040000fa
:020000040104f5
:04337800f9f796ba11
:020000040000fa
:020000040104f5
:04337c00e5f7a6b912
:020000040000fa
:020000040104f5
:04338000dff71eba9b
:020000040000fa
:020000040104f5
:043384007770616e8f
:020000040000fa
:020000040104f5
:04338800d9f740bb76
:020000040000fa
:020000040104f5
:04338c00010000003c
:020000040000fa
:020000040104f5
:04339000551d1300b4
:020000040000fa
:020000040104f5
:04339400817170478c
:020000040000fa
:020000040104f5
:04339800c160704759
:020000040000fa
:020000040104f5
:04339c00000000002d
:020000040000fa
:020000040104f5
:0433a0001700000012
:020000040000fa
:020000040104f5
:0433a400170000000e
:020000040000fa
:020000040104f5
:0433a800daf7eabcaa
:020000040000fa
:020000040104f5
:0433ac00d4f772bb25
:020000040000fa
:020000040104f5
:0433b000faf744bf25
:020000040000fa
:020000040104f5
:0433b4000000000015
:020000040000fa
:020000040104f5
:0433b800081c4000ad
:020000040000fa
:020000040104f5
:0433bc0009204000a4
:020000040000fa
:020000040104f5
:0433c000fdf7d4ba87
:020000040000fa
:020000040104f5
:0433c400002070472e
:020000040000fa
:020000040104f5
:0433c800002070472a
:020000040000fa
:020000040104f5
:0433cc000020704726
:020000040000fa
:020000040104f5
:0433d0000020704722
:020000040000fa
:020000040104f5
:0433d400002070471e
:020000040000fa
:020000040104f5
:0433d800002070471a
:020000040000fa
:020000040104f5
:0433dc000020704716
:020000040000fa
:020000040104f5
:0433e0006f207047a3
:020000040000fa
:020000040104f5
:0433e400fff757bfd9
:020000040000fa
:020000040104f5
:0433e800f4f7fab844
:020000040000fa
:020000040104f5
:0433ec00c82070473e
:020000040000fa
:020000040104f5
:0433f000704700bf63
:020000040000fa
:020000040104f5
:0433f40028207047d6
:020000040000fa
:020000040104f5
:0433f800e7f772bdc4
:020000040000fa
:020000040104f5
:0433fc00e3f71ebb1a
:020000040000fa
:020000040104f5
:04340000704700bf52
:020000040000fa
:020000040104f5
:04340400fef7bcbd56
:020000040000fa
:020000040104f5
:04340800fdf79ebb73
:020000040000fa
:020000040104f5
:04340c00dcf704b82d
:020000040000fa
:020000040104f5
:04341000e7f766bdb7
:020000040000fa
:020000040104f5
:04341400704700bf3e
:020000040000fa
:020000040104f5
:0434180001207047d8
:020000040000fa
:020000040104f5
:04341c00704700bf36
:020000040000fa
:020000040104f5
:04342000fef7c2bd34
:020000040000fa
:020000040104f5
:04342400fef7cabd28
:020000040000fa
:020000040104f5
:04342800fee700bffc
:020000040000fa
:020000040104f5
:04342c00704700bf26
:020000040000fa
:020000040104f5
:04343000f2f7d8bd1a
:020000040000fa
:020000040104f5
:04343400fee700bff0
:020000040000fa
:020000040104f5
:04343800fee700bfec
:020000040000fa
:020000040104f5
:04343c00fee700bfe8
:020000040000fa
:020000040104f5
:04344000fee700bfe4
:020000040000fa
:020000040104f5
:04344400fee700bfe0
:020000040000fa
:020000040104f5
:04344800fee700bfdc
:020000040000fa
:020000040104f5
:04344c00d816040189
:020000040000fa
:020000040104f5
:04345000704700bf02
:020000040000fa
:020000040104f5
:04345400704700bffe
:020000040000fa
:020000040104f5
:04345800f4f7bcbf0a
:020000040000fa
:020000040104f5
:04345c000120704794
:020000040000fa
:020000040104f5
:043460000078704739
:020000040000fa
:020000040104f5
:043464000068704745
:020000040000fa
:020000040104f5
:043468000160704748
:020000040000fa
:020000040104f5
:04346c0000f004b8b0
:020000040000fa
:020000040104f5
:043470000020704781
:020000040000fa
:020000040104f5
:04347400002070477d
:020000040000fa
:020000040104f5
:04347800f5f7deb8ce
:020000040000fa
:020000040104f5
:04347c000020704775
:020000040000fa
:020000040104f5
:04348000704700bfd2
:00000001FF
