:0200000400807A
:105F8800FFFF000000400E8438FC745F3B4412148D
:085F98000B0000710000000085
:045FBC0000000010D1
:020000040100F9
:10000000FEFFFFFF01015048434D00000000740057
:1000100000000001000200010002000100C0010018
:1000200000000000000000000000000000000000D0
:1000300000000000000000000000000000000000C0
:1000400000000000000000000000000000000000B0
:1000500000000000000000000000000000000000A0
:100060000000000000000000000000000000000090
:100070000000000000000000000000000000000080
:100080000000000000000000000000000000000070
:100090000000000000000000000000000000000060
:1000A0000000000000000000000000000000000050
:1000B0000000000000000000000000000000000040
:1000C0000000000000000000000000000000000030
:1000D0000000000000000000000000000000000020
:1000E0000000000000000000000000000000000010
:1000F0000000000000000000000000000000000000
:1001000000000000000000000000000000000000EF
:1001100000000000000000000000000000000000DF
:1001200000000000000000000000000000000000CF
:1001300000000000000000000000000000000000BF
:1001400000000000000000000000000000000000AF
:10015000000000000000000000000000000000009F
:10016000000000000000000000000000000000008F
:10017000000000000000000000000000000000007F
:10018000000000000000000000000000000000006F
:10019000000000000000000000000000000000005F
:1001A000000000000000000000000000000000004F
:1001B000000000000000000000000000000000003F
:1001C000000000000000000000000000000000002F
:1001D000000000000000000000000000000000001F
:1001E000000000000000000000000000000000000F
:1001F00000000000000000000000000000000000FF
:10020000F07F01205D2201014FFF00014B0701013A
:10021000571C0101AB270101CF2C01010000000098
:10022000000000000000000000000000B19A010181
:10023000D717010100000000C1490101C19101016E
:1002400037F8000137F8000137F8000195A80101DF
:1002500037F8000137F8000137F8000137F80001DE
:1002600037F8000137F8000137F8000137F80001CE
:10027000295A010137F8000137F8000137F8000169
:1002800037F8000137F8000137F8000137F80001AE
:1002900037F8000137F8000137F8000137F800019E
:1002A00037F8000137F8000137F8000137F800018E
:1002B00037F8000137F8000137F80001B172010189
:1002C0003D9C010137F8000137F8000137F80001C3
:1002D00037F8000137F8000137F8000137F800015E
:1002E00037F8000100000000194C0101082020002F
:1002F000D0F20020000000000000000009202000D3
:10030000D0F2002000000000000000000A202000C1
:10031000D0F2002000000000000000000B202000B0
:10032000D0F2002000000000000000000C2020009F
:10033000D0F2002000000000000000000D2020008E
:10034000D0F2002000000000000000000E2020007D
:10035000D0F2002000000000000000000F2020006C
:10036000D0F2002000000000000000000020320059
:10037000F0F1002000000000000000000120320029
:10038000F0F1002000000000000000000220320018
:10039000F0F1002000000000000000000320320007
:1003A000F0F10020000000000000000004203200F6
:1003B000F0F10020000000000000000005203200E5
:1003C000F0F10020000000000000000006203200D4
:1003D000F0F10020000000000000000007203200C3
:1003E000F0F100200000000000000000F8B500BFA0
:1003F000F8BC08BC9E46704711770101F8B500BFF4
:10040000F8BC08BC9E467047ED7601011054000010
:100410000100000008B5044B186818B1804780F04F
:100420000100C0B208BD00BF20EA002009B9104693
:10043000704780B1037883EA122383EA131343EAF7
:10044000022282EA033282EA431292B200B1013000
:10045000013989B2EAE7FF23EDE72DE9F04F85B0D6
:1004600081460E9E8A46904606B11E4443449CB285
:1004700047465546A74203D1012005B0BDE8F08F9D
:1004800095B36A4610232946484605F06FF8BDF833
:100490000420944208D9BDF8063013449BB29F4211
:1004A00002D29C4203D91F46BDF80A50E8E79742A2
:1004B000A4EB020128BFE31B89B234BF0B469BB2F9
:1004C000A4EB030432BFBDF80AB04746D346A4B23A
:1004D00046B110352944F61AC91A324689B248463F
:1004E00005F044F85D46C5E72846C6E72DE9F74F15
:1004F000D4889688DFF8588082468B4644F30725D7
:100500004FF6FF77002D03DA384603B0BDE8F08FD1
:100510001AD0A4F580741FFA84F94FF48074CDF8D2
:1005200000802346324659465046FFF796FF38B1C1
:100530003A4621464046FFF779FF2644B6B20746C1
:10054000013D6DB24C46DDE7002CDDD0A146E6E76B
:1005500024EA002010B5094C94F8040105F0A4F831
:100560004FF40052002194F8040105F0C7F818B1C7
:100570004FF48073A4F8063110BD00BF20EA0020BC
:100580002DE9F041094C05460E46174613460A462A
:10059000014694F8040105F01FF83B46324629460F
:1005A00094F80401BDE8F04105F0F6B820EA002017
:1005B00003292CD8DFE801F002091B23184BB3F8FC
:1005C00006211044A3F806017047154AB2F8063117
:1005D000184480B2C11C4FF6FC730B40984203D9FB
:1005E0000430A2F806017047A2F8063170470C4AA1
:1005F000B2F806310F33184420F00F00F1E7084A33
:10060000B2F806313F33184420F03F00E9E74FF0DD
:10061000200383F31188BFF36F8FBFF34F8FFEE783
:1006200020EA00204FF0200383F31188BFF36F8F7F
:10063000BFF34F8FFEE770B50C4A92F808410023D4
:10064000D9B28C4201D800200BE05D1C9B00D11870
:10065000B1F80961864207D1B1F80B2112B1044803
:10066000184470BDFFF7DEFF2B46E9E720EA0020C3
:1006700029EB002008B5FFF7DEFF00B1408808BD78
:1006800010B50446FFF7D7FF40B14FF0200383F3C6
:100690001188BFF36F8FBFF34F8FFEE7094B93F8BD
:1006A0000801020601D5FFF7BDFF421C83F80821AF
:1006B00003EB800203F20913A2F8094103EB800067
:1006C00010BD00BF20EA002008B5FFF7B4FF08B94D
:1006D000FFF7A8FF064A92F80831013BDBB282F827
:1006E000083102EB8303D3F80931036008BD00BF72
:1006F00020EA00202DE9F041244CB4F80A33B4F884
:100700000C6303449BB204F20E37FF2B0546A4F89A
:100710000A3307EB060004F104080AD82A464146CA
:10072000354419F0DBFF0126A4F80C533046BDE830
:10073000F081C6F58072414619F0D0FF4FF4807207
:100740003946B4F80601FFF71BFF06460028EDD036
:1007500000214FF48070FFF72BFFB4F80A53B4F870
:100760000C13A5F580750023ADB2A4F80C33A4F8E2
:100770000A53002DDAD0C1F580712A4618FA81F1AA
:10078000384619F0ABFFA4F80C53CFE720EA00205D
:100790007FB545F24143ADF806300D4BCDE902304F
:1007A0000C4BC043B3F80E3404904FF6FF72102187
:1007B0000DF10600ADF81430FFF738FE1222ADF847
:1007C000040001A90020FFF7DBFE07B05DF804FB81
:1007D000534E763220EA00202DE9F04F724C94F807
:1007E000047100258FB0122309AA29463846A4F8BF
:1007F0001054A4F81254A4F80C53A4F80A5304F0AB
:10080000B5FE0B9B039394F804310133DBB2012B4B
:1008100094BF84F8043184F8045194F80431BB4245
:1008200008D14FF0200383F31188BFF36F8FBFF31C
:100830004F8FFEE7FFF78EFE0028E4D04FF0000A4E
:10084000DFF8708180E004EB8A091023B9F80BB15E
:1008500005AA5946384604F089FE0026BDF81C500A
:10086000ADF81A5005AA59463846ADF81860ADF8EB
:100870001E60ADF82060FFF739FE4FF6FF72ADF84D
:1008800014000E2105A8FFF7D1FDF022ADF82200DB
:10089000FF2146481AF01CFB05AB03CB1035C8F806
:1008A0000000C8F80410B4F80C2303CBB4F80631E8
:1008B000C8F80800ADB21344B5F5807FC8F80C1035
:1008C000A9F80B3119D8394B00933246BDF81C30CA
:1008D00059463846FFF7C1FD50B1B4F80631B4F8B7
:1008E0000C231344A9F80B312846FFF703FF38BB4C
:1008F000002420460FB0BDE8F08F1023B5F5807FAF
:100900002A4628BF4FF48072A2EB03091FFA89F927
:1009100043440292009332464B4659463846FFF70D
:100920009CFD0028E4D00298FFF7E4FE0028DFD009
:10093000029BED1A4E44ADB2B6B20023002DDDD1BC
:100940000AF101035FFA83FA94F8083153453FF640
:100950007AAFB4F80A23FAB9B4F80A030021FFF712
:1009600027FEB4F80631A4F80E34039B581EFFF797
:100970000FFF04460028BBD002210020FFF718FE1D
:100980001222FF2109A81AF0A3FA122309AA0021B2
:10099000384604F021FEACE70549B4F80601FFF73C
:1009A000EFFD0028D8D1A3E720EA002034EA002098
:1009B0002EED002024EA002008B50A4BB3F80631DA
:1009C000C3F500539BB283420BD2FFF705FF40B93A
:1009D0004FF0200383F31188BFF36F8FBFF34F8F66
:1009E000FEE708BD20EA00202DE9F84F344E04460A
:1009F000351D89464FF48072FF2128461AF068FAA7
:100A0000E1884FF6FF724846FFF710FD4FF6FF7280
:100A100020800E212046FFF709FD2346E08103CB0D
:100A20007060696003CBA860E960E28802F110079A
:100A3000BFB2B9F1000F07D0B7F5807F17D849468C
:100A400006F1140019F04AFEE2881E49B6F80601C4
:100A5000F02A28BFF022103292B2FFF791FD8046B3
:100A6000E0881030022180B2FFF7A2FD25E04FF0B0
:100A7000000B1020B7F5807F3C4628BF4FF48074F0
:100A8000A4EB000A524609EB0B01284419F026FE9C
:100A900022460C49B6F80601FFF772FD804660B1A8
:100AA000204602213F1BFFF783FDBFB20BEB0A0379
:100AB0001FFA83FB0020002FDCD14046BDE8F88FF1
:100AC00020EA002024EA00202DE9F041674C0025AF
:100AD0008EB084F808514FF0FF38FF27122304AA84
:100AE0000021284604F042FDDDE90663734001332E
:100AF00026D19DF81230412B22D19DF81330542B72
:100B00001ED19DF81430532B1AD19DF815304E2B61
:100B100016D19DF81630762B12D19DF81730322B56
:100B20000ED14FF6FF7210210DF11200FFF77EFC7F
:100B3000BDF81030834203D146453CBFB0462F4636
:100B4000E5B1FF2F2CD1002384F804314FF6FF7656
:100B50006FF00105FFF7FEFC90B994F80431013302
:100B6000DBB2012B84F80431F4D94FF0200383F376
:100B70001188BFF36F8FBFF34F8FFEE70125ADE7FD
:100B80002846A4F80E64FFF703FE0028E5D00023F2
:100B900084F80831012384F814340EB0BDE8F081E4
:100BA0004FF48073A4F806313846122309AA0021B5
:100BB00084F8047104F0DAFC4FF6FF77B4F80631DC
:100BC000B3F5005FE6D2BDF83420BA4201D09A42B4
:100BD00017D802210020FFF7EBFC022510236A46FC
:100BE000B4F8061194F8040104F0C0FC6A4610231E
:100BF00012F8011BFF291ED1013B9BB2002BF7D13C
:100C0000C8E70025EAE729461020FFF7D1FCD5E721
:100C1000BDF802603046FFF70EFD10B93046FFF711
:100C20002FFDB4F806314380BDF80830BBB930461B
:100C3000FFF74AFD13E03A460E216846FFF7F6FB40
:100C4000BDF80E608642DED16A46B4F8061194F80B
:100C50000401FFF74BFCBDF800308342D8D0BDF84B
:100C600006001030294680B2CFE700BF20EA0020FE
:100C7000034B93F814340BB9FFF726BF704700BF3E
:100C800020EA00202DE9FF478A4616469846054689
:100C900030B12BB1FFF7BEFB044650B1052045E053
:100CA0004FF0200383F31188BFF36F8FBFF34F8F93
:100CB000FEE706F1100080B2FFF77EFE2846FFF740
:100CC000BAFC0746A8B3B0F802901D4D10236A463F
:100CD000494695F8040104F049FCBDF808300AEBD8
:100CE00006029A4227D8B34218BFBDF80C40ADF8AF
:100CF00004A01CBF0134A4B241466846ADF80C40C4
:100D0000ADF80660ADF80A90B5F80641FFF76CFE45
:100D100098B1BDF80C307C80642B4FF0000005D9F1
:100D2000BDF80230A5F81034A5F8120404B0BDE8EF
:100D3000F0870320FAE70420F8E70120F6E700BF78
:100D400020EA002073B50C4615461E46C0B1BBB163
:100D5000FFF790FC80B16319B3F5803F09D20146DB
:100D60000C4800962B46224690F80401FFF775FBCD
:100D700020B9042002B070BD0320FBE70020F9E792
:100D80004FF0200383F31188BFF36F8FBFF34F8FB2
:100D9000FEE700BF20EA00201FB540B94FF0200356
:100DA00083F31188BFF36F8FBFF34F8FFEE7FFF719
:100DB00061FC48B101460648102390F804016A46D8
:100DC00004F0D4FBBDF8080005B05DF804FB00BFDB
:100DD00020EA00202DE9F04F431E14469BB24FF647
:100DE000FD7293428BB080460E461DD8B1F5006F60
:100DF0001AD8FFF73FFC00BBFFF70CFB054648BBCA
:100E000006F1100080B2FFF7D7FD8D4B93F9082152
:100E1000002A80F2F7804FF0200383F31188BFF39C
:100E20006F8FBFF34F8FFEE74FF0200383F31188DE
:100E3000BFF36F8FBFF34F8FFEE74046FFF7ACFF66
:100E400086420FD07E4DA5F81084A5F81264FFF7F6
:100E5000E1FA08B105200EE0B5F8120470B9B5F852
:100E600010347BB9002C00F0E68023463246002186
:100E70004046FFF767FF0BB0BDE8F08F103080B23F
:100E8000FFF79AFDB5F81004FFF7D5FB814600285F
:100E9000E8D0B0F802B095F80401102306AA59462C
:100EA00004F064FBB5F81234EBB9BDF82000103043
:100EB00080B2FFF781FDB5F81004FFF7BCFB814657
:100EC00040B94FF0200383F31188BFF36F8FBFF356
:100ED0004F8FFEE7B0F802B095F80401102306AA80
:100EE000594604F043FBB5F81224B5F806310493D3
:100EF000BDF8203022B19342ADF8202028BF134620
:100F00000022BDF82010ADF81C20ADF81E10ADF881
:100F10002220ADF824200DF1180CBCE80300DFF806
:100F200024A1686003F11007CAF80410BCE80300AC
:100F3000BFB2B7F5807FCAF80800CAF80C1030D8E5
:100F40000AF11001009195F804015946FFF785FA5E
:100F5000002872D006AB03CBBDF81E206860CAF82B
:100F6000041003CB1032CAF80800CAF80C1092B271
:100F70005146B5F80601FFF703FB00283FF472AFB6
:100F8000BDF81E001030022180B2FFF711FB2C4B80
:100F90000022A3F81024A3F81224049BA9F802301D
:100FA00060E715461023CDF814A0B7F5807FBA4648
:100FB00028BF4FF4807AAAEB030292B20392059AFB
:100FC0001F48134400932A46039B90F80401594696
:100FD000FFF743FA88B31B495246B1F80201FFF705
:100FE000CFFA00283FF43EAF02215046FFF7E0FA67
:100FF000039BA7EB0A072B44BFB29DB20023002F2F
:10100000D3D1C4E7214606A8B3F80671ADF81A801B
:10101000ADF81C50ADF81E60ADF82060ADF8225060
:10102000ADF82450FFF7E0FC38B14046FFF728FB4D
:10103000478002201FE720461DE701201BE700BF75
:1010400020EA002024EA0020F0B5074685B040B928
:101050004FF0200383F31188BFF36F8FBFF34F8FDF
:10106000FEE7FFF707FB00283FD0FFF7D3F9044660
:1010700000283CD11020FFF79FFC4FF6FF720E2195
:101080006846ADF80020ADF80270CDE90144ADF836
:101090000C40FFF7CBF96B46ADF80E0003CB154DB6
:1010A0006860A96003CB2E1DE860296110223146DB
:1010B000B5F80601FFF764FA68B91022B5F8061111
:1010C00095F8040104F01AFB18B902211020FFF76B
:1010D0006FFA012007E002211020FFF769FA384675
:1010E000FFF7F2FA204605B0F0BD0320FBE705202C
:1010F000F9E700BF20EA0020F8B50446FFF78AF9B7
:10110000054668BB64B104F0CFFA012004F0CCFAC4
:101110004FF400722946134819F0DAFE002020E04F
:10112000114D95F80871E3B29F420CD8FFF754FBBC
:101130000028F3D14FF0200383F31188BFF36F8FA2
:10114000BFF34F8FFEE705EB8403B3F80961304628
:1011500001F04CFD10B93046FFF7B6FA0134E2E772
:101160000520F8BD29EB002020EA0020014B186083
:10117000704700BF20EA002008B5FFF77BFA003077
:1011800018BF012008BD08B5FFF726FB40B94FF096
:10119000200383F31188BFF36F8FBFF34F8FFEE7F8
:1011A00008BD00BF19F0A4BD044B5A6842F4800288
:1011B0005A605A6822F400625A6070470040014148
:1011C0004FF0824310B59A69120F31D103F5B03355
:1011D000324919603249196132495961324999617C
:1011E000324959624FF4140199623149D96201F5CB
:1011F000172101F24E612F48196358632E489863F6
:101200002E48D8632E4818642E482F4B036043F6AF
:1012100042444460C2602D4A2D48106053602D4BFB
:101220002D4A1A602D4A59609A602D4ADA6010BD25
:101230009B691B0F012BFAD12A4B184A1A60184AD6
:101240001A61294A5A61294A9A61294A1A4B17494F
:10125000136091604FF41401D16026491161264951
:10126000264A27480A6048608B60264B2649196049
:10127000264959601449996043F64241D9600021DA
:1012800059612349D96123491962234959629A62F4
:10129000224ADA62124A1A63C9E700BF212200809B
:1012A0000A14260610320D121C28402006421E3E4B
:1012B0000600030E1A270038F7FF4C463832D44E8A
:1012C0003240003044600141544E4C465860014168
:1012D000514B383260600141383256CE1A27544E95
:1012E0004C4638320060014110320C101A27402061
:1012F0001C6001410600060E3060014154760C0E60
:101300001A2600383C6001413832544E32400020E9
:101310004E483832514B4640322C50C81926544E54
:10132000C82300BF00BF00BF00BF00BF00BF00BF99
:1013300000BF00BF00BF00BF00BF00BF00BF00BFB5
:1013400000BF00BF00BF00BF00BF00BF00BF013B28
:1013500013F0FF03E5D1704708B54FF082439B6956
:101360001B0F5BD141F24401032009F041FC43F61D
:10137000FF41522009F03CFC47F20801542009F0DB
:1013800037FC48F24E515E2009F032FC47F28241B0
:10139000602009F02DFC4CF61701612009F028FCB3
:1013A0004CF61701632009F023FC41F20731652058
:1013B00009F01EFC49F20721672009F019FC47F2E9
:1013C0008241682009F014FC4BF21561692009F094
:1013D0000FFC4BF215616B2009F00AFC41F205315C
:1013E0006D2009F005FC49F205216F2009F000FC91
:1013F00048F20701772009F0FBFB49F61E61E9205E
:1014000009F0F6FB4FF60171EF2009F0F1FB40F611
:101410008321F920BDE8084009F0EABB08BD704708
:101420002DE9F743022211460123332009F00EFC77
:101430000C2211460123192009F008FC0022114654
:101440000123152009F002FC0822104600230A217E
:1014500009F0FCFB072211460123092009F0F6FBE5
:1014600001231A461946092009F0F0FB00231A4609
:101470001946092009F0EAFB0F221146012300203A
:1014800015F04AFE00230D221146184615F044FEC1
:101490000122114600234C2015F03EFE0322114686
:1014A00000234C2015F038FE0422114601234C2065
:1014B00015F032FE4FF4007300220C21262009F0B3
:1014C000C5FB142009F0FEFB0424002500220123A3
:1014D00011464C2015F020FE002211464C2015F03C
:1014E0002EFE02460028F7D10F214E2015F027FED0
:1014F000013C14F0FF040544E8D1284619F0FCF83B
:101500000022534B0AF05EF80022524B04460D466F
:1015100017F0C4F80022002800F089804E4B2046C6
:1015200029461AF0A9F84D4B00220AF04BF842A3C5
:10153000D3E900230AF046F80022494B494C05F054
:1015400009FAD4E9042306460F463DA1D1E900017A
:1015500005F000FAD4E90223804689463046394630
:101560001AF08AF802460B46404649460AF02AF825
:10157000D4E900231AF080F833A3D3E9002305F05F
:10158000E9F915F071F9002301901A460C21262083
:1015900009F05CFB022211460023332009F056FBC0
:1015A0000C2211460023192009F050FB00231A4693
:1015B0001946152009F04AFB0822104605230A2186
:1015C00009F044FB072211460023092009F03EFBE5
:1015D000012211460023092009F038FB00231A4696
:1015E0001946092009F032FB00230F221146184644
:1015F00015F092FD0D2211460123002015F08CFDFF
:101600000122114600234C2015F086FD03221146CD
:1016100000234C2015F080FD0422002311464C20AD
:1016200015F07AFD9DED010A03B0BDE8F0830B4B88
:101630002046294679E700BF666666666666E63F2D
:101640003D0AD7A3703DDA3FBC5983F755B9603FD7
:101650000000D03F0000E0400000F0400000503F9C
:101660000000F83F7000002070B5A4B0044674225A
:101670000E4607A8002119F02BFC5F4B06930A9336
:101680005E4B0C935E4B5F4A5F486049604D0E9322
:10169000129303F14643CDE90420CDE9081003F687
:1016A0000D730138CDE910500D90149359485A4BE1
:1016B00020925A4A5A4D1C91CDE9150359495A486E
:1016C0001A93CDE92123594ACDE91D13CDE91850CC
:1016D000516810686B4603C39068D168272C03C318
:1016E0006BDC0A2C75DA14F10B0F74DC1934B4BFFF
:1016F000002001204E4B1A7882427AD018700501E2
:1017000024AB002E69D15C190B2214F8803C0F2108
:10171000E52009F09BFA14F87F3C0B220F21E7200B
:1017200009F094FA24AB1D44072215F87E3C0821E9
:10173000FC2009F08BFA15F87D3C04220521E120FC
:1017400009F084FA15F87C3C06220721E12009F013
:101750007DFA15F87B3C02220321E52009F076FA98
:1017600015F87A3C00220321E72009F06FFA15F8FA
:10177000793C04220721E72009F068FA15F8783C43
:1017800001220321E22009F061FA15F8773C0322D7
:1017900004210A2009F05AFA15F8763C0E220F218E
:1017A000512009F053FA15F8753C08220E215220F9
:1017B00024B0BDE8704009F049BA4F2C04DC3B2C42
:1017C000CCBF0520042095E7632CCCBF0720062062
:1017D00090E703208EE702208CE703EB40040B2206
:1017E00014F8903C0F21E52009F030FA14F88F3CF2
:1017F00093E724B070BD00BF0603033C121202023F
:101800000502023C141403030301010A131303032A
:10181000111102020201030B050202460301070E29
:10182000131203030301060D0301050C74B001013B
:101830006CF6002047F6FF73984207D000F30703C9
:101840009BB2002207215A2009F000BA7047704766
:10185000094A41F62863D358084A12689B1A084A75
:1018600023F07043934205D8064B1878003018BF18
:1018700001207047002070470020014190000020A7
:10188000FEFFFF076800002010B5FFF7C9FDBDEEA1
:10189000C00A10EE103A1CB22046FFF7CBFF094BEE
:1018A0001978204601F00101FFF7DEFE064A41F6F5
:1018B0002863D358054A03F5403323F0704313607F
:1018C00010BD00BF880000200020014190000020D2
:1018D00037B5244A1178002363F300011170224ABE
:1018E0008DF807301370044628B1FFF735FDFFF778
:1018F0005BFCFFF765FC22460DF10701072001F0B4
:10190000A9FF1CB3194D284605F0BEFCD5E900011E
:101910000022002317F0CBF8154BB0FA80F04009F5
:101920001870144B4FF440321A604FF08843124A3B
:101930001A65124B40F27142012C9A600CBFFF22D3
:101940007F229A6113221A604022DA6005F0B2FC0D
:101950004FF082439B691B0F01D005F0D3FC03B00D
:1019600030BD00BF8800002064000020700000200F
:1019700068000020900000204C0040E00010014171
:1019800042F27801272009F033B90021122009F032
:101990002FB900BF2DE9F04FB54C0546207893B024
:1019A0000130079119F0ACFE0390207801308000DF
:1019B00019F0A6FE2F68049097F82C30002B00F049
:1019C0008D83039B002B00F08B83002800F088831D
:1019D000079B3D6DDE79342316FB03F31D4406930C
:1019E0001C22EB7895F801B0059300210BA8EC6957
:1019F00019F06EFA9F4B0093019601230222A12158
:101A0000EC200CF07FF8BBF1070F40F06B83A3785C
:101A100098064DD0A61C002130460BF0E9F90028AD
:101A200046D0027812F0010F0CBF01230723910763
:101A300048BF0633500744BF0133DBB2110744BF30
:101A40000233DBB2D00644BF0333DBB2910644BF9E
:101A50001233DBB25206A27844BF0133DBB202F08C
:101A60003F029A4224D1002130460BF0C1F903789D
:101A70001B0711D5032130460BF0BAF9002839D0E5
:101A8000B0F80080A678E31C06F03F061E444FF035
:101A90000009059B4B4530D1059B002B4FF00009F9
:101AA00014BF0223012308932646C846CA46BAE05B
:101AB000714B009302220123A221EC200CF022F8AA
:101AC0001F2495F82D20002385F82E300AB185F8C3
:101AD0002D30002387F82F30039B13B1184619F0DF
:101AE00011FE049B13B1184619F00CFE204613B0EA
:101AF000BDE8F08F4FF0FF08C4E706F1020A0021AD
:101B000050460BF075F948B9B37809F1010903F0B3
:101B10003F0303361E445FFA89F9BAE703781807D2
:101B2000F2D5032150460BF063F903884345EBD00F
:101B3000524B009302220123A321BEE795F829000E
:101B400018F094FD40F002008DF830000DF13101E5
:101B500095F8290014F03CFE4FF00009FF22BBF17C
:101B6000070F8DF83E2000F09E804FF6FF71B8F110
:101B7000000F40F0AD8040460FF0EEFA804600289E
:101B800000F0A9803E4B009302220123A52194E797
:101B9000B31C002118468DF8461009930BF028F964
:101BA0000246002836D00178C9071AD509900121CC
:101BB000B01C0BF01DF995F82580099A8146B8F103
:101BC000000F40D095F8290018F050FD40F00200B9
:101BD0008DF830000DF1310195F8290014F0F8FD71
:101BE000099A1278930715D595F82720002A4DD029
:101BF000BA7B022A35D1022170188DF837200BF0FC
:101C0000F7F8024600680E909288ADF83C20012259
:101C10008DF84620B2780AF1010A02F03F0203363D
:101C200016445FFA8AFA089B9A45B1DBB8F1000FB7
:101C300094D1144A9278D60731D4134B00930222E0
:101C40000123A42139E73378C3F380138DF83030B2
:101C50000368CDF831308388ADF835304FF0010896
:101C6000BFE702F0FD02012A0CBF03220022C2E7F7
:101C7000FCF5002058EA000163EA00017DEA00015A
:101C80009CEA0001B8F5002090EA000195F82820B0
:101C90000AB1FE22AFE73278C2F3C012ABE7FF22EF
:101CA0008DF830205AE7A61C002130460BF0A0F832
:101CB00000283FF45AAF027810077FF556AF032192
:101CC00030460BF095F801880A0B8DF83E204EE760
:101CD0000DF1310050E7B34B059A1B78934205D2C2
:101CE000B14B009302220123A621E6E6BBF1070FC8
:101CF00030D104F1020A014650460BF079F806464D
:101D000040B30378D9065ED5042150460BF070F835
:101D1000002840D0837813F0C00F03D003F0E00216
:101D2000402A53D1059A002A50D0C3F342130133FD
:101D300029208DF8403018F053FC58B19DF8403000
:101D4000032B07D12B7903F00F03012B02D10423BE
:101D50008DF84030292018F043FC3B7C00283FD10F
:101D60008DF83F30079BBBF1070F1B788DF8423091
:101D70003DD07F238DF84130D7F824A0AB78059370
:101D8000D1464FF0000B059B5B4504EB4B0800F27E
:101D9000D580002495E6A37803F03F030193834B9D
:101DA000009302220123FB21EC200BF0ABFE3378E1
:101DB0008DF804307E4B009302220123FC21EC209D
:101DC0000BF0A0FEC6E78DF84080C3E7794B009387
:101DD00002220123A721EC200BF094FE1E2470E6C2
:101DE000032BBDD12A79120918BF0423B8E7059B3C
:101DF00003F1010B039B264603F1010ABBF1000F1F
:101E000077DC002321461E4688784A7800F03F00A0
:101E1000013A121A56FA82F6049AB6B242F82360D0
:101E2000CA1C10440133059ADBB29A4280F0B88094
:101E30008B789806604B18BF91F803801B8818BFF9
:101E4000C8F30018B342A4D3A378D7F824A09B0901
:101E5000012B40F2B580022B9BD10BA9204612F03A
:101E600079FC4FF0000B039BADF844B05B788DF824
:101E700041300BAA514658468DF82CB011F020FA8B
:101E80007B7C012B85D1002E83D0A278059302F0B4
:101E90003F0214445946627902F03F021444083468
:101EA00020460AF0A5FF002800F0DF800278059B9D
:101EB00012F0010F00F0D980194620460AF098FF71
:101EC0000146B9F1000F00F0D080002800F0CD806D
:101ED0000622484618F0F4FB002800F0C680374B75
:101EE0000093022201232021EC200BF00BFE5C4624
:101EF000E7E5B31C0021184607930AF079FFD8B133
:101F00000278079B12F0400F16D0184606210AF0FF
:101F10006FFF03781A060BD50AF8013CB378033635
:101F200003F03F031E440BF1FF3B0AF1010A65E792
:101F3000132BF1D91423EFE77F23EDE70BA94046DC
:101F4000002612F007FC8DF82C6098F8002002F0B3
:101F50000F01062908D801268E4016F055061EBF2F
:101F600098F80160063EF6B2BBF1010F0CD102F009
:101F70000F02042A7FF40DAF06224946504618F09E
:101F80009FFB00287FF405AF0BAA09F1060130463C
:101F900011F096F998F801200BF1010B9144F2E64B
:101FA000014631E7FCF50020B2EA0001C6EA000173
:101FB000D6EA0001E4EA0001ECF5002000EB0001A4
:101FC0000BA9204612F0C6FBA37813F0C00F0ED168
:101FD000069A3B6D1344DB699878033300F03F00A9
:101FE000184483789A0624D10023ADF844300024A5
:101FF000E52E29D9E53E0123B6B2E5348DF82C3023
:102000004FF0E5094A4B1A7800239A4208D90499FF
:1020100051F82310A14226D3039AD35C8DF84130A6
:1020200051460BAA484611F04BF9CA44002EDFD1A5
:10203000AFE6C3789B06D7D5052102300AF0D8FE5B
:102040000028D1D04388D0E75FFA86F93444B8F14C
:10205000000F04D002238DF82C300026D2E78DF833
:102060002C804646CEE70133CFE7BDF82E3043F053
:102070000803ADF82E300024E52E1ED9E53E0123DD
:10208000B6B2E5348DF82C304FF0E509284B1A78BC
:1020900000239A4208D9049951F82310A1421BD376
:1020A000039AD35C8DF8413051460BAA484611F093
:1020B00007F9CA44002EDFD16BE65FFA86F9344493
:1020C000B8F1000F04D002238DF82C300026DDE794
:1020D0008DF82C804646D9E70133DAE71F24F8E46F
:1020E0000724F6E495F82580B8F1000F7FF426ADBB
:1020F00021787A6AC1F380118DF830101168CDF81B
:1021000031109188ADF83510217801F00F06012EBD
:1021100009D1C1F3C0118DF8371052F8060F0E9097
:102120009288ADF83C20C1464FF0010816E500BF8B
:10213000FCF500202DE9F7439D4D036D2E780446F4
:1021400034279C4806FB073619F06CF82A78236D73
:1021500002FB07331A786AB9237B002B61D008236E
:102160001E210B4403F29713B3F5D27F1CD24FF418
:10217000D2731DE0012A53D1187D93F912209B6977
:102180004009002A00F10100ACBF1E214FF49671F6
:1021900002284FEA430311D00328E2D001281BD1C3
:1021A0003D330B44472B02D9C3F30E0300E0482311
:1021B000814A118863F30E0111800DE028330B442E
:1021C0002C2B84BF47F6FE721A407B4B198898BFB0
:1021D0002D2262F30E011980002017F00BFD8046BE
:1021E000012017F007FD8146022017F003FD48F497
:1021F0000051074689B2002017F00EFD4946012024
:1022000017F00AFD47F4E06189B2022017F004FDDF
:10221000A37B6A4F032B16D8DFE803F0051D2A3F86
:10222000002319469DE7D7F8683F65496FF38A2375
:10223000C7F8683F002017F049FFB7F86C3F43F03C
:102240004003A7F86C3FE27B5C4B032A38D8DFE8F9
:1022500002F031313E3ED7F8683F564A43F480637E
:10226000C7F8683F564B1068186092889A80E4E778
:10227000D7F8683F52496FF38A23C7F8683F0020B8
:1022800017F024FF4F4B187818F0BCFFB7F86C3FDD
:102290000028D4D160F38613D3E7D7F8683F454AC6
:1022A00043F48063C7F8683F454B10681860928814
:1022B0009A80E7E7B3F86C2F6FF3CF32A3F86C2F57
:1022C000E27B032A10D8DFE802F007270727B3F8DC
:1022D0006C2F42F40042F1E7D3F89C2F40F2FF113B
:1022E00061F31842C3F89C2F374F3B686BB1984796
:1022F00058B1364B1B7843B9304BD3F89C2F40F282
:10230000FF1161F31842C3F89C2FE37B032B0BD81A
:10231000DFE803F0073E073ED3F89C2F6FF3184227
:10232000E0E7002009F0CAFC19F012F918B1254BBA
:1023300018780AF021F8264B93F9000013F0A8FC56
:10234000337873BB217C032018F0C2FF2A78342332
:1023500012FB03F2236D995C184B00293CD1D3F892
:10236000281141F00801C3F82811D3F8281141F0D1
:102370000201C3F82811D3F8281141F00401C3F871
:102380002811D3F8281141F00101C3F8281125E0E4
:10239000104B186818B90BF079FD0120C2E7D7205F
:1023A000F9E7012BD2D1317D49090131CBE700BFDB
:1023B000C7010020C6F400206C380141002401410F
:1023C000AC33014101F60020CCF5002000F60020DE
:1023D000B2010020B8F500200129CCD0236D995C12
:1023E0001F4B00293ED1D3F8241141F00041C3F81E
:1023F0002411D3F8241141F08041C3F82411D3F8FB
:10240000241141F00051C3F82411D3F8241141F0F4
:102410008071C3F82411D3F8241141F08051C3F81E
:102420002411D3F8241141F00061C3F82411D3F82A
:10243000241141F08061C3F82411D3F8241141F034
:102440000071C3F82411D3F8241141F40001C3F83A
:102450002411D3F8241141F48001C3F8241103E0BE
:10246000002401410129D6D0236D995CD34B00296A
:1024700040F08481D3F8241141F40011C3F82411F1
:10248000D3F8241141F48011C3F82411D3F8241196
:1024900041F40021C3F82411D3F8241141F4802120
:1024A000C3F82411D3F8241141F40031C3F82411E6
:1024B000D3F8241141F48031C3F82411D3F8281142
:1024C00041F48071C3F82811D3F8281141F080013C
:1024D000C3F82811D3F8281141F04001C3F828119E
:1024E000D3F8281141F02001C3F82811D3F828119E
:1024F00041F01001C3F82811D3F8281141F40071FC
:10250000C3F82811217BAD4B002900F04D81D3F891
:10251000041140F2D71060F30801C3F80411236DD1
:102520001A44A64B1178002940F05281A26B01F2A7
:102530007121B2FBF1F2D3F8041192B262F31F41A0
:10254000C3F80411217CD3F8002161F38302C3F89E
:10255000002194F82020022A04D0042A00F02881C7
:10256000012A0BD1D3F8041162F3CC21C3F8041172
:10257000D3F8001162F30611C3F8001194F820306B
:10258000A17D0422013A12F0FF0206D0042B1ABFEB
:102590005B00DBB201231942F4D184F82030874E6E
:1025A000D6F800316FF3DB63C6F80031D6F800319E
:1025B00043F00053C6F80031637CB046002B40F076
:1025C0001C81D6F8003143F08043C6F800317B4BC4
:1025D000D3F80021962161F31742C3F80021D3F804
:1025E00000216FF31962C3F80021D3F800216FF3C3
:1025F0009A62C3F80021227B002A00F00E81D3F8F2
:1026000000216FF30002C3F800212878266D6C4D7D
:10261000342310FB03F00644D4E9061796F800C0F3
:10262000F269664B2D880139013FBCF1000F40F083
:10263000F980D3F808E1A2EB050C1FFA8CFC6CF3CF
:102640001F4EC3F808E1D3F80CE16CF30F0EC3F88A
:102650000CE11144D3F80CC1491B89B261F31F4C42
:10266000C3F80CC1616AD3F810C1491B89B261F388
:102670000F0CC3F810C1616AD3F810C1491B89B2AD
:1026800061F31F4CC3F810C1616A3944491BD3F888
:10269000145189B261F30F05C3F814513262636AB1
:1026A000A362464DD5F8183143F48073C5F818314C
:1026B000D5F82C316FF30F03C5F82C31D5F818314C
:1026C000032262F30713C5F81831D5F8183162F305
:1026D0000303C5F818313B4B1A68152161F31F62DB
:1026E0001A601A68192161F317421A60A3F60423CD
:1026F00006211A6861F31F721A601A68022161F3D9
:102700001B621A60236DE46B1E180DEB010220465C
:1027100001A918F057FDD5F800316FF31C73C5F807
:102720000031BDF80220D5F8083162F30F03C5F877
:1027300008319DF80420D5F8283162F31743C5F815
:1027400028313378002B40F0A480D5F8003143F4D1
:102750000043C5F8003116F0CDFD0146204617F0C4
:102760004BF8194B984206D9184A137843F00203E4
:1027700013700EF085F903B0BDE8F08301297FF4F2
:10278000C1AED3F8241141F48011C3F82411D3F859
:10279000241141F40021C3F82411D3F8241141F489
:1027A0008021C3F824118FE6D3F804115720B2E634
:1027B000D3F8041141F4C051D8E600BF0024014110
:1027C000A80100206C3E014138FEFF7FC6010020B9
:1027D00001297FF4E4AE907CD3F8001160F3CC11B2
:1027E000C3F80011127DD3F80011C2F34212013276
:1027F00062F38301C3F80011D1E63B6833B1984717
:1028000020B1284B1B78002B3FF4DBAED8F8003109
:102810006FF39E73C8F80031D9E6D3F8002142F077
:102820000102F0E6366AD3F808C1761BB6B266F349
:102830001F4CC3F808C1D3F80CC1561BB6B266F3DF
:102840000F0CC3F80CC10A44521BD3F80C1192B2FE
:1028500062F31F41C3F80C11A26AD3F81011521B86
:1028600092B262F30F01C3F81011666AD3F8102117
:10287000761BB6B266F31F42C3F81021626AD3F822
:1028800014113A44521B92B262F30F01C3F81411AF
:1028900007E7012B7FF45FAFD5F8003143F48043A5
:1028A00057E700BF00F6002080B588B000AFB960E0
:1028B00011461A460346FB810B46BB811346FB803B
:1028C000FB893B82BB687B61BB893B83FB887B8345
:1028D0000E4B1B68FB6110E0FB691B6807F11002DF
:1028E00010469847034683F00103DBB2002B01D06A
:1028F000002306E0FB695B68FB61FB69002BEBD101
:10290000012318462037BD4680BD00BF6CF3002070
:102910001FB504466946008800F0ACF968B3BDF8FD
:102920000230ABB1019B9BB1029BD3B9A288208836
:10293000CAB1A368BBB16188FEF7A4F9D0B14FF06A
:10294000200383F31188BFF36F8FBFF34F8FFEE730
:102950004FF0200383F31188BFF36F8FBFF34F8FC6
:10296000FEE79847E2E7019BBDF802200021FEF751
:1029700089F9E3E7208800F0C4F904B010BD7FB501
:102980006946054600F076F910B9002004B070BD24
:10299000BDF80230A3B1019B93B1029BCBB928468D
:1029A000FEF7FAF9019ABDF8021006462846FEF72E
:1029B00011FA022804460ED1B4FA84F04009E5E782
:1029C0004FF0200383F31188BFF36F8FBFF34F8F56
:1029D000FEE79847E3E740B14FF0200383F3118807
:1029E000BFF36F8FBFF34F8FFEE73346BDF8022072
:1029F00001992846FFF758FF0028DDD1C5E71FB52C
:102A000004466946008800F035F910B9002004B08A
:102A100010BDBDF8023093B1019B83B1029B83B915
:102A20006188A288BDF8023088189842EEDCA3685D
:102A30002088FEF787F9B0FA80F04009E7E700F058
:102A400029F89847ECE773B5104ADFF844C005460B
:102A50000E4600236C46BCF80210994201D80020B3
:102A60000DE092E8030084E80300D1888D4208D18C
:102A7000ADF8065094E8030086E80300012002B098
:102A800070BD013308329BB2E5E700BFEC030001E3
:102A900070F300204FF0200383F31188BFF36F8F92
:102AA000BFF34F8FFEE72DE97F431B4D804628681B
:102AB00018F091FA002481462646A14509D836BB74
:102AC00032464146144818F086F801281FD0FFF717
:102AD000E1FF002201A9284618F047FA01280DD18C
:102AE000019AD8F8003001A99A4208BF0126284669
:102AF0000022013418F06FF8E4B2DEE74FF0200353
:102B000083F31188BFF36F8FBFF34F8FFEE7012070
:102B100004B0BDE8708300BF50F5002010B5044636
:102B200088B1082008F0B6FC40B94FF0200383F3C9
:102B30001188BFF36F8FBFF34F8FFEE7024B046026
:102B40001A694260186110BD70F3002010B5044688
:102B500088B1082008F09EFC40B94FF0200383F3B1
:102B60001188BFF36F8FBFF34F8FFEE7024B0460F6
:102B70001A684260186010BD6CF3002010B504465E
:102B8000082008F087FC28B1034B04805A69426092
:102B90005861012010BD00BF70F3002000F44063B5
:102BA000B3F5406F13B514D16946FFF74CFF70B908
:102BB000002002B010BD009B33F81400FEF744FA69
:102BC0000134E4B2BDF80430A342F4D8F0E70024A5
:102BD000F8E7FEF739FAEBE7034B00229880181D5F
:102BE000DA801A81DA605EE770F30020054B5B69DA
:102BF0000BB9184670471A88824201D05B68F7E724
:102C00000120704770F300207FB5184B184D5E69A6
:102C100004464EB90120FEF76FFA314628680EF0DF
:102C2000DBFD002004B070BDFEF766FA24B1002180
:102C300028680EF0D1FDF4E7286818F0CCF90646B4
:102C4000A642EED9002201A9284618F08EF90128E3
:102C500009D1BDF80400FFF7C9FF20B1002201A986
:102C6000284617F0B8FF0134E4B2E9E770F300201A
:102C700050F500202DE97041DFF848C0DFF84880AA
:102C800085B086460E4600256C46BCF80030AB4247
:102C900001D8002010E008EB05130FCB84E80F00EB
:102CA000BDF8003073450AD1234603CB3060716014
:102CB00003CBB060F160012005B0BDE87081013543
:102CC000E3E700BF70F30020EC0200011FB50446EB
:102CD000008800F44063B3F5406F02D1002004B0D7
:102CE00010BD6946FFF7C6FF0028F7D0A2886388A9
:102CF0001344BDF802209342F0DC2046FFF7D3FED8
:102D0000EDE738B5044B1C69054604B938BD2368A6
:102D1000284698476468F8E770F3002030B585B01E
:102D2000044669460088FFF7A5FF002845D0BDF896
:102D30000230D3B1019BC3B1029BFBB92088FEF7DF
:102D40001BFA2588E0B9019ABDF802102846FEF763
:102D500041F810F0FD0F2DD04FF0200383F31188C0
:102D6000BFF36F8FBFF34F8FFEE74FF0200383F366
:102D70001188BFF36F8FBFF34F8FFEE79847DDE7F2
:102D8000A2887AB1A3686BB161882846FDF77AFF03
:102D900080B14FF0200383F31188BFF36F8FBFF32F
:102DA0004F8FFEE7019BBDF8022000212846FDF76A
:102DB00069FFEDE72088FFF7A4FF05B030BD08B537
:102DC000024B186818F007F9C0B208BD50F5002092
:102DD00030B5184D89B0002202A9284618F0C5F870
:102DE000012801D009B030BDBDF8080000F44063EF
:102DF000B3F5406F19D16946FFF725FE0028EAD0E8
:102E00000024ADF81640ADF818400794BDF8043022
:102E1000A342E0D9009B05A833F81430ADF8143074
:102E20000134FFF77BFFE4B2F0E702A8FFF776FF7B
:102E3000D1E700BF50F5002030B50446008800F40B
:102E40004063B3F5406F85B003D10025284605B037
:102E500030BD6946FFF70EFF05460028F5D0A28871
:102E600063881344BDF802209342EEDC2046FFF74E
:102E700055FFEBE700F44063B3F5406F37B518D169
:102E80006946FFF7E0FD054688B900250CE0009B88
:102E900033F81400FEF770F90028F6D00134E4B2DC
:102EA000BDF80430A342F2D8284603B030BD002458
:102EB000F6E7FEF761F90546F6E700F44063B3F57F
:102EC000406F13B516D16946FFF7BDFD80B90120EB
:102ED00002B010BD009B33F81400FFF750FD00282E
:102EE000F6D00134E4B2BDF80430A342F2D8EEE7E4
:102EF0000024F8E7FFF743FDEAE7038803F44063A3
:102F0000B3F5406F00D07AE50020704750F3002001
:102F10001C00000000000000000000200C00000069
:102F200000000000E8F400200400000000000000A1
:102F300037EE00200100000000000000ECF400204B
:102F40000800000000000000D0F200202000000077
:102F500000000000F0F1002032000000000000003E
:102F600078F40020080000000000000018EF0020A6
:102F70000001000000000000B0F10020400000004F
:102F8000000000000C0000205000000000000000C5
:102F9000F4F400200C0000000000000064F60020A3
:102FA0000400000001000000AAAAAAAA00F500205F
:102FB00004000000000000002002002000E80000E3
:102FC0000000000004F500201000000000000000D8
:102FD00080F40020080000000000000014F500202C
:102FE0000C0000000000000098F0002064000000C9
:102FF0000000000020F50020140000000000000088
:10300000BCF30020280000000000000034F5002080
:103010001000000000000000E4F300201400000095
:103020000000000044F50020040000000000000043
:10303000F8F30020280000000000000048F5002000
:10304000080000000000000068F6002004000000F6
:1030500001000000040000005C00002008000000E7
:103060000000000002F60020020000000100000045
:10307000F80E0000CCF40020050000000000000065
:103080006400002001000000000000006CF6002039
:103090000100000001000000FF00000068000020A7
:1030A0002C000000000000006CF300201C00000059
:1030B0000000000050F500200800000000000000A3
:1030C00020EA00201504000000000000E5F40020C4
:1030D000010000000000000058F50020040000007E
:1030E0000000000094000020040000000000000028
:1030F000F0F50020010000000000000088F400202E
:103100001000000000000000980000200C000000EB
:103110000000000052F20020020000000000000049
:10312000F1F500200200000000000000D1F40020B2
:10313000140000000000000035EE00200200000036
:1031400000000000F0F2002020000000000000005D
:10315000E6F400200200000000000000A4F30020BC
:1031600018000000000000005CF5002004000000D2
:103170000000000038EE0020E00000000000000029
:10318000E4F50020020000000000000098F4002098
:10319000080000000000000020F4002014000000DF
:1031A0000000000060F500200400000000000000A6
:1031B000A4000020040000000000000064F50020CE
:1031C0000800000000000000A80000202A00000005
:1031D000000000006CF5002010000000000000005E
:1031E000A0F4002008000000000000007CF5002092
:1031F0001000000000000000D400002010000000BB
:1032000000000000F3F500200100000000000000B5
:10321000A8F40020080000000000000010F30020C7
:103220002000000000000000F4F500200100000074
:10323000000000008CF500200800000000000000E5
:10324000F5F50020010000000000000094F50020CA
:103250000800000000000000F6F50020010000005A
:10326000000000009CF500200400000000000000A9
:10327000F7F500200300000000000000E6F5002044
:103280000200000000000000A0F500200400000083
:1032900000000000E8F5002004000000000000002D
:1032A000A4F50020040000000000000048F4002005
:1032B0002000000000000000FAF5002001000000DE
:1032C00000000000B0F40020080000000000000032
:1032D000A8F500200400000000000000ACF200206F
:1032E0002400000000000000FBF5002001000000A9
:1032F00000000000E4000020440000000000000086
:10330000ECF500200200000000000000FCF50020A9
:10331000010000000000000088F300201C000000F5
:103320000000000030F3002020000000000000003A
:10333000ACF500200400000000000000FDF50020B6
:10334000010000000000000054F200202C000000EA
:1033500000000000B0F500200400000000000000A4
:10336000280100200E0000000000000038010020AD
:103370006C00000000000000B8F40020080000000D
:1033800000000000B4F50020040000000000000070
:10339000A40100200400000000000000FEF5002051
:1033A000010000000000000068F400201000000090
:1033B00000000000EEF50020020000000000000008
:1033C00018F00020800000000000000034F400200D
:1033D0001400000000000000A8010020040000000C
:1033E00000000000B8F5002004000000000000000C
:1033F000AC0100201A00000000000000BCF5002015
:10340000100000000000000022F200203000000048
:1034100000000000C0F400200600000000000000D2
:1034200080F200202C00000000000000FFF50020CA
:103430000100000000000000CCF500200C0000009E
:103440000000000000F60020010000000000000065
:10345000D8F500200400000000000000C6F40020A1
:103460000600000000000000FCF0002064000000E6
:103470000000000001F60020010000000000000034
:10348000C60100200400000000000000CC01002064
:103490003C00000000000000080200200C000000BA
:1034A00000000000140200200B00000000000000DB
:1034B0001F0200200100000000000000DCF50020D9
:1034C000040000000000000060F100205000000037
:1034D00000000000E0F500200400000000000000F3
:1034E000000000000000000066666666704770B568
:1034F000E9B101444FF6FF7348F2084589B210F86C
:10350000014B082284EA030616F0010F4FEA530329
:1035100002F1FF3214BF6B409BB212F0FF024FEA80
:103520005404EFD182B28A42E9D1DB4399B2084612
:1035300070BD10B51378ED2B144611D15378032BC1
:103540000ED1937853B1012B0AD1FFF7D0FF227926
:10355000E37803EB02231B1A18BF0123184610BDA2
:103560000123FBE7F0B5034640780622B0FBF2F1F9
:1035700002FB110212F0FF001FD1114E114FDFF8B4
:1035800048C0CDB20146A94200D1F0BDDC789A789E
:1035900093F804E002EB042202F1824404F5903433
:1035A000013184F800E05C7994559C79D455DC793C
:1035B00002F80C40C9B20633E5E70120E5E700BF99
:1035C0000120014102200141032001412DE9F04386
:1035D00043780622B3FBF2F602FB163212F0FF022A
:1035E00037D102391C4FDFF874C0DFF874E0F6B24F
:1035F00003461546C9B2B54202D11046BDE8F08374
:10360000DC789878012900EB042080B212D800F110
:10361000824404F5803893F8049088F8009004F10F
:10362000011493F8058084F800809C79C455DC79F6
:1036300000F80C40A42808D1187900F01F00C40637
:1036400048BF60F01F008EF800000135EDB2063370
:10365000D1E70122D1E700BF02000141030001418F
:10366000640000204078023818BF0120704743787A
:10367000042B05D1034BD0F802201A6001221A71E5
:1036800000207047CCF40020F8B50F460446002611
:10369000A1F10805A54202D84FF0FF3406E02378D7
:1036A000FF2B13D1230703D144F07F442046F8BDFC
:1036B00024F003031C1DA742EED95A68013205D13C
:1036C0005B69013302D114F00C0FEDD02378012B8C
:1036D0000AD16378012B07D1A178621D0A44E01C4E
:1036E000FFF727FF0028E1D00EB1D3E70434A5424D
:1036F000D0D923680133CDD0234613F8012BEF2A0C
:103700000BD16378002BF1D1A378ED2BEED1E378C8
:10371000032BEBD107340126BCE71C46E7E72DE974
:10372000F04785789DF8206004460F4690469946FC
:1037300003354FF0010A2378434508BF89F800A0FC
:103740002378092B47D010D8072B2ED033D8022B43
:1037500024D00020A74226D96378023DED1A2DB26D
:103760000233002D1C44E6DC1DE00D2B27D006D8CB
:103770000A2BEED131462046FFF728FF11E01A2B25
:1037800023D0552BE5D1A4F50003A3F5C043B3F531
:10379000776FDED22046FFF76AFF02E02046FFF790
:1037A00061FF0128D6D1BDE8F087002ED1D0204698
:1037B00003F02DFDF5E7204603F0D2FCF1E7002EE3
:1037C000C7D0204603F00AFDEBE7002EC1D020460B
:1037D00003F050FDE5E7002EBBD02046FFF7C2FE08
:1037E000DFE72DE9F7430F469046994630B3164B75
:1037F0001A7932B3186800F5776600250BE0434666
:10380000CDF800903A463146FFF789FF0546A0788B
:1038100004F10A031844B0420CD23146FFF734FFDA
:1038200010F07F4F0446EAD0084B20F07F449C42C2
:1038300008BF0125284603B0BDE8F083044E0348C5
:10384000DBE78525F6E700BFCCF4002000608000B0
:10385000706F800013B5134614460A4601460020D7
:10386000FFF7BFFF054B1B7933B123460DF107026C
:1038700000210120FFF7B5FF02B010BDCCF40020FD
:103880002DE9F0478678089D9DF824A089460446D6
:10389000174698460336002123786278FF2FDBB263
:1038A00008D1013BDBB2FD2B2ED8288802322146FD
:1038B00040440AE0BB4227D1BAF1000FF5D0062FF1
:1038C0000CD1072A1CD1A11C404616F007FF2B88FB
:1038D0009A1C637813442B80012115E00B2F01D132
:1038E000042AEFE70C2F01D1012AEBE7102F01D1B9
:1038F000182AE7E7152F01D1082AE3E7182FEFD0A0
:103900002B8802331A442A806378023EF61A36B2B4
:103910000233002E1C4401DD4C45BDD3012914BFE8
:1039200080200020BDE8F0872DE9FF4707460024EE
:103930001448154D154EADF80E4088464FF001095C
:103940002946FFF7A1FE10F07F4F824613D10DF1FB
:103950000E030093CDF8049043463A462946FFF7FC
:103960008FFF00289AF802000AF10A03184408BFE2
:103970000124B042E4D9012C14BF8020002004B0FF
:10398000BDE8F08700608000706F80006F6F80007E
:10399000014608B50620FFF7C7FFB0FA80F04009DE
:1039A00008BD014608B51520FFF7BEFFB0FA80F04C
:1039B000400908BD024B93F90030037001207047A5
:1039C0006400002013B5044601A90B20FFF7ACFFEB
:1039D00028B9BDF804302380012002B010BD0020BA
:1039E000FBE713B5044601A90B20FFF79DFF28B99B
:1039F000BDF806302380012002B010BD0020FBE797
:103A000013B504460DF107010C20FFF78DFF28B90F
:103A10009DF807302370012002B010BD0020FBE7A5
:103A2000014B1879704700BFCCF40020014B18718E
:103A3000704700BFCCF40020014B1868704700BFEE
:103A4000CCF400202DE9F0478AB0C7B20E460192AF
:103A5000002F40F0B58001A903A816F01EFA01A9B5
:103A600004A816F01AFA01A905A816F016FA039B85
:103A70009A0446D53568DFF850822B6D98F80020FF
:103A800095F80FA0342402FB043494F82B30013352
:103A900084F82B3017F05CFD002800F09580DFF8EB
:103AA0002492D9F86C0FC0F30030002840F08C80CD
:103AB000D9F8683F1B0340F187800AF0FD0ABAF18C
:103AC000010F40F08180D9F8603F99057CD5D9F885
:103AD000683F9A0078D57A4AD9F8683F1278C3F3DC
:103AE00002639A4270D015F0EBFED9F8283143F00A
:103AF0000803C9F82831D9F8283143F00403C9F87C
:103B00002831059BDB052CD56E4BD3F81C31C3F354
:103B1000C303072B25D133686B4A1B6D12783424FD
:103B200002FB04340021E5690235284609F060F9FA
:103B300068B10378DF060AD50421284609F058F950
:103B400028B1817849090131032017F0C1FB5F4B8F
:103B50001A682379C2F3411203F00F0343EA0213F8
:103B6000237105998C0515D53368574A10781A6D5D
:103B7000342300FB0323012283F82C20514BD3F87C
:103B80001C21100240F1DF81D3F8242142F480226D
:103B9000C3F824214B0513D54B4B30681B788DF8A7
:103BA00018304B4B1B788DF81A304A4B1B788DF828
:103BB0001930494B06A91B788DF81B3001F02CFBFE
:103BC00000200AB0BDE8F087FF238DF80B3017F016
:103BD00061F9002847D117F0B5FC002843D1394BD3
:103BE000D3F86C3F1B053ED42A6D98F8001034239F
:103BF00001FB03239A78DB693ABB93F80090686A6B
:103C0000C9F380190368CDF819308388ADF81D30E9
:103C10009DF818300DF10B0169F3000306A88DF82B
:103C200018300EF08FFAF0B1002015F049FE254B48
:103C3000D3F8282142F00802C3F82821D3F828211C
:103C400042F00402C3F828215BE7987800F03F02B5
:103C5000D81C1044012110F8029BC9F3801909F007
:103C6000C7F80028CED1174BA278D3F8201102EB69
:103C70001162A270D3F82021E178C2F307420A440E
:103C8000E270D3F8282142F00802C3F82821D3F8C3
:103C9000282142F00402C3F82821D3F86C1F9DF8B4
:103CA0000B40AA7B080500F15881D3F8681F8900F2
:103CB00040F15381032A1BD8DFE802F010ACBDDDD0
:103CC00001F6002000240141C7010020C034014159
:103CD000C6010020C8010020C9010020D3F800213E
:103CE0006FF34102C3F80021A349002016F0EEF95A
:103CF0006B7C012B4CD198F800102A6D342301FB0A
:103D000003239E491A78002A40F0C6809878D1F89B
:103D10001C21D1F81C110128C2F3C302C1F34101D7
:103D200006D193F82B00012802D162B1062A0AD0ED
:103D3000588840F2011290422AD193F82B20022A8F
:103D400026D1022924D18D4AD2F81C21C2F3C30204
:103D500012B1062A40F0B1806C6A5CB1DFF828929B
:103D600006222146484616F0ABFC002840F0B580FC
:103D7000834B9F7082498A780C2303FB02121379CC
:103D8000013BDBB21371002B7FF44EAF01230B70AC
:103D900098F80000794A342310FB03F0D2F81C3164
:103DA000C3F340331BB9D2F81C31C3F38023D2F8DC
:103DB0006C1F0C0517D4296DD2F86C4F014414F414
:103DC000807F0B4400F0A680D2F8681FC1F34074D6
:103DD000890040F19F8083F82540D2F8682FC2F314
:103DE000026283F82920654AD2F86C3FDF043FF570
:103DF00088AED2F86C1F2B6D8C05034440F18E8089
:103E0000D2F8682F1003C2F3C04140F1878083F8D5
:103E1000271076E6D3F8002142F00202C3F8002111
:103E200058481CE0FF2C0AD1D1F800316FF3410350
:103E3000C1F8003158E7D3F8684FC4F30264204654
:103E400017F0E0F94D4BD3F8002100287FF448AF7C
:103E500042F00202C3F80021204617F0DBF911F00E
:103E600079FC45E7FF2C0AD1D1F8003143F0020379
:103E7000C1F80031D4E7D3F8684FC4F30264204698
:103E800017F0C0F93D4BD3F8002142F00202C3F80D
:103E900000210028E0D0C3E75888D1F81C2140F267
:103EA00001118842C2F341027FF472AF93F82B10E4
:103EB00001297FF46DAF022A44E7DC69A37803F09F
:103EC0003F031C4405340021204608F091FF2046A2
:103ED000012108F08DFF04463FE70137FFB2082FAC
:103EE00009F10C097FF43CAF254B5A780C2101FBFA
:103EF000023001270771C0F806702168C0F80A1067
:103F00005A789A70072AA188C1810CBF0022013219
:103F10005A702FE7002283F8252064E7002283F8F7
:103F20002720164AD2F86C1FC1F34020890506D518
:103F3000D2F8682F120302D483F82800E1E50022AA
:103F400083F82820DDE5D3F81C21D2017FF522AECD
:103F5000D3F8242142F400221AE60849032A3FF646
:103F6000C7AE01A050F822F0DD3C0001153E000173
:103F7000253E0001653E0001AC33014100240141B2
:103F8000FCF00020C6F4002006F100202DE9F04FDF
:103F900004468BB000230D4607A80DF11A01ADF8B9
:103FA0001A3014F0D5FE94F85230012B18D1079A2C
:103FB000A36DBDF81A101A44B4F854300B449BB2E8
:103FC00040F2E1418B42C2F31602079285BFA3F291
:103FD000E2430132ADF81A30ADF81A3088BF0792CB
:103FE000994E0799326892F8403203F58C73204657
:103FF00032F81330BDF81A2014F0C0FC3746F8B17F
:10400000202194F8500015F0E3FB94F8503043B9A8
:1040100020460DF089F92A46012120460EF010FDB8
:104020000BE063786FF3820363703368D3F8081290
:1040300019B92A4601200EF03FF80BB0BDE8F08F09
:1040400013F058F93368D3F804620EB9D3F8086254
:1040500015F046FB63699C4209D06378990606D443
:104060004FF4802194F8500015F0B2FBD0E7002EF9
:1040700052D096F80080B8F1030F3DD0B8F1020F8E
:104080004AD1B3785A0737D494F85230E069F169CD
:10409000D4F824C0DFF8B4E1012B04BFA36DC01A2B
:1040A00096F8523008BFC0F31600012B08BFB26D5E
:1040B0003B6804BF8A1AC2F3160193F8402203EB4F
:1040C0004203B3F83822B3F83C321A4440F23913B1
:1040D000B2FBF3F2B36A013213440B448A1A0CEBBD
:1040E000000103EA0E0302EA0E0201EA0E0116F0D5
:1040F0008DFF002800F08F8094F85010002940F0C8
:104100008E8096F85030012B66D1B8F1030F2A4605
:1041100074D1304612F082F894F850300193002B9D
:1041200040F08780E36E002B40F08C80A36E00335C
:1041300018BF01230022CDE9082213F001020292E8
:104140001EBF3A68D2F80C22089213F010030593B0
:104150000CD0029A029B0AA901EB82023968013352
:10416000D1F8141242F8081CDBB2029308AB049396
:10417000D7F80090354A002303934FF0FF3B984651
:1041800040F2391EDDE902138B4240F0C680236AFB
:104190005B4540F2F580A362B8F1000F00F0F680B5
:1041A000019B002B40F00D8198F85030012B00F05E
:1041B000ED8094F8512098F851309A4280F0E680D2
:1041C00020460DF0B1F82A46012120460EF038FCB9
:1041D00044457FF432AFD9E0B37813F0100301D037
:1041E0002A4696E794F8511096F8512091420AD940
:1041F000B8F1030F2A4601D119468AE7012130465A
:104200000EF01EFC88E720460DF08EF82A460121AC
:1042100020460EF015FCB4427FF40FAF7CE74FF45C
:104220000001012015F0D4FA63786FF38203637004
:10423000F1E7019B012B05D1E36E002B14BF002396
:10424000112377E7002375E790010020FFFF7F002F
:1042500004980B680360886884425ED043785B07EB
:104260005BD5059B2BB190F8511094F851309942D1
:1042700053D994F8523099F84072012B08BFA16DC0
:10428000E36908BF5B1A90F8521008BF1340012978
:1042900008BF866DC16904BF891B1140CE1A16F490
:1042A000800F46D009EB4707B7F83862B7F83C7281
:1042B000B6FBFEF6B7FBFEF73744066A0E4402373C
:1042C000164037441740DF1B7F024BD499F84062F9
:1042D00009EB4606B6F838C2B6F83C62BCFBFEFCF9
:1042E000B6FBFEF6B4440CF1020C00BFA1EB0C07C8
:1042F0001740A7EB030A1AF4800F02D0866E002E37
:1043000034D1D91B490202D47B40134205D10AEAB9
:10431000020ADA453CBFD3468046049B196800294F
:1043200096D1039B0133DBB20393049B04330493C4
:1043300028E709EB4707D4F820C0B7F83862B7F888
:104340003C72B6FBFEF6B7FBFEF73E4403EB0C07F0
:10435000023617403E4416408E1B7602B6D5C4F88E
:1043600028C001E0236AA362804619E706F59C761F
:10437000760040F27127B6FBF7F631441140B5E7FD
:10438000636A9B4594BFC4F828B0A3622378012BCD
:104390007FF453AE402194F8500015F019FA2046EE
:1043A0000CF0C2FF022323700B4B94F850201B68C3
:1043B00003EB82032946C3F8FC41204615F0ADFF0C
:1043C0003BE64FF40001012015F002FA63786FF329
:1043D00082036370FCE600BF90010020F0B597B047
:1043E0000378032B04D0012B00F0858117B0F0BDBA
:1043F00044682378062BF9D801A252F823F000BFB5
:10440000DB4400011D440001ED430001ED430001C8
:10441000ED4300015545000173440001C34B1B7877
:10442000002BE3D0A08812F0FFFA04460028DDD06C
:104430008378002BDAD103A9807F09F047FC70B99B
:1044400011AB0DF142020DF13A01208815F0EEFD9D
:104450000028CBD10121208815F0D8FEC6E720889E
:1044600016F08EF90028C1D10021208815F0CEFE6B
:10447000BCE7AE4B1B78002BB8D0A08812F0D4FA62
:1044800005460028B2D08378012BAFD14C22002101
:1044900003A816F01DFD03A9A87F09F017FC70B949
:1044A0009DF8542012F0020F09D0A37913F0040FE5
:1044B0000FD012F0010F02D013F0080F09D0A0881E
:1044C00016F06BF9002891D10021A08815F09EFE0E
:1044D0008CE7A08816F06EF988E7A37943BBA08823
:1044E00012F0A2FA0546002880D0A288237A032180
:1044F0008DF80C10ADF80E2000228DF811208DF8EB
:10450000123003A812F06CFA0123EB7254F8096F11
:104510006068A168E268EE6028616961AA61AB78B1
:10452000002B7FF463AF0121288815F06FFE5DE753
:10453000A188E27904208DF80C00ADF80E1000215E
:104540008DF811108DF812308DF8132003A812F099
:1045500047FA4BE7A08812F067FA064600283FF4B6
:1045600045AF4C2015F0A0FA054600283FF43EAFB9
:104570004C22002116F0ACFC04F1780393E8030010
:104580002860A980090CA97128460BF03FFE02465D
:1045900008285AD0B277B378002B40F0868094F880
:1045A000223013F0010F6AD0214651F8087F4E687F
:1045B0008868C968AF63EE6328646964214651F86E
:1045C000687F4E688868C968C5F80770C5F80B60D1
:1045D000C5F80F00C5F8131094F822309B0895F821
:1045E000481063F3870185F8481094F82230C3F32C
:1045F0004003C9B263F3410185F8481094F82210D2
:1046000095F8483061F3000385F84830234653F8A5
:10461000247F5E689868DB68C5F81E70C5F8226064
:10462000C5F82600C5F82A30606BC5F81700208F42
:1046300094F83A10A5F81B006977294610460CF04B
:1046400071FA284616F0E0FFD0E615F009FA0246A6
:1046500008289FD105238DF80C303388ADF80E3033
:1046600008238DF8113003A812F0BAF915F0F8F903
:10467000024608288ED1284616F0C6FFB6E6214627
:1046800051F84C7F4E688868C968AF63EE63286450
:104690006964234653F85E1F5B68C5F82E10C5F8A1
:1046A0003230B4F85C30EB8688E7234653F808EFE5
:1046B000D3F804C09F68D868C5F838E0C5F83CC096
:1046C0002F646864D3F800C05F689868DB68C6F838
:1046D0000CC037617061B361214651F8687F4E6844
:1046E0008868C968C5F80770C5F80B60C5F80F0081
:1046F000C5F8131070E744682378052B18D0032BF6
:104700007FF474AE2379002B6ED1638803228DF879
:104710000C20ADF80E3001238DF8113000238DF8F8
:10472000123003A812F05CF960E600BF37EE0020FB
:10473000608812F079F9054600283FF457AE012150
:10474000008815F063FDEB7AA3BB03A9A87F09F0ED
:10475000BDFAC8B911A9288815F070FE00283FF4E9
:1047600045AE638804228DF80420ADF8063001239D
:104770008DF8093000238DF80A308DF80B300DEBE1
:10478000020012F02DF931E6288815F0ECFF63885D
:1047900004228DF80420ADF8063001238DF809308D
:1047A00000238DF80A308DF80B300DEB020012F06B
:1047B00017F91BE6294631F80C0B15F03FFE0028CF
:1047C0003FF414AE638804228DF80C20ADF80E304F
:1047D00001238DF8113000238DF812308DF813303D
:1047E00003A812F0FDF801E6638804228DF80C207E
:1047F000ADF80E3001238DF8113000238DF8123002
:104800008DF8133003A812F0EBF8EFE52DE9F04F27
:10481000D3B00D46044600230146782214A80C9319
:1048200015F05CFF05B12E95DDF8B8A0BAF1000FC8
:1048300000F0C0811B9B0A93AA4B1B680193D3F81D
:104840000C220023029312BB9DF8A23011932A9BE5
:1048500012931C9B0F930A9B0093029B03930C23C0
:104860000E93049206929346039B2BB10E9B013B41
:1048700013F0FF030E9320D1049B0BB1009B1B93FD
:104880001B980A9BC01AC0B253B0BDE8F08F936862
:104890009C4210D0D96E71B959698B420BD1996E77
:1048A00049B1029952A800EB810141F8803C029B7A
:1048B0000133DBB202931268C5E752AB03EB8B0303
:1048C00053F8805C002D00F06F81AF6EBA458BBF4E
:1048D000BAFBF7F3B7FBFAF307FB13A30AFB137357
:1048E00023B3AAFB07013E465246C6B9334614F02D
:1048F000AFFB012908BF002880F09980002800F054
:104900005581B0FBFAF3DBB2092B0C9305D9B0FB50
:10491000F7F0C0B2092800F28A80022307E0B2FB58
:10492000F6F306FB132332461E46DEE70123EA694F
:104930000592119A012A05BF009A1299DDF80080AC
:10494000A2EB010895F8522008BFC8F31608012A07
:1049500005BFAC6D059A059C141B08BFC4F3160473
:10496000012B2B6A099340F08380A8EB04035802C3
:104970001ED5019B5C4893F8401203EB410107F5FB
:104980009C72B1F83832B1F83C120B4440F2391144
:10499000B3FBF1F3A4EB0801DB43520040F27127B3
:1049A0000140B2FBF7F213448B429CBFA41A0440AF
:1049B000019B4D4D93F8402203EB420240F239191E
:1049C000B2F83802B2F83C32099AB0FBF9F022444E
:1049D00017460F9AB3FBF9F308EB020901332F4096
:1049E00009EA050901301F449944221A2F4009EAB7
:1049F0000509A8EB00003B462A404946284016F02E
:104A000005FB064698B1A9EB07035902009B0490E9
:104A100054BFA9EB0808A7EB080803F1030908EA4B
:104A200005054D44C5F316030093CDF818B00BF1FE
:104A300001035FFA83FB029B5B4508BF4FF0000B4D
:104A4000039B013B13F0FF0303937FF40DAF002E94
:104A50003FF412AF069A029B01325FFA82FB029A80
:104A6000013BDBB25A4508BFDDF80CB00393FBE60F
:104A7000019B1D4893F8402203EB420240F239119A
:104A8000B2F83862B6FBF1F301330793E31A03403F
:104A90000D93099BE518B2F83C32B3FBF1F20540E7
:104AA0000132334407F59C77B3FBF1F3013305EB97
:104AB000020810937F0040F271234FF00009B7FB0A
:104AC000F3F313931223089208EA00080B934E465F
:104AD0000C9B99450AD3069B002E18BF5B46069394
:104AE000A5E700BF90010020FFFF7F000B9B013B6B
:104AF00013F0FF030B935BD00AFB09F707F59C77D4
:104B000040F271237F00B7FBF3F7009B079A1F4425
:104B1000294B1F40B81A0F9AB918089A1940114426
:104B200018401940EA1B520205D57A1B02EA030C11
:104B3000109A624522D343460D9A16F067FA68B37D
:104B4000109B0799059C04901D441B4B1D40EF1BB7
:104B5000009D1F4003357A190092059A521A1A4097
:104B60000D920999059A5518089A1D4002EB0508FF
:104B700008EA03084FF000090646A9E7139A14440F
:104B8000079A1C40A21A1A400D92099A1519089A00
:104B90001D4002EB050808EA0308C3E709F1010913
:104BA0005FFA89F93046E7E72E4640E706463EE7DA
:104BB0000B9E3CE7504667E6FFFF7F002DE9F0477C
:104BC000BB4D1E462B6803EB8002BAB0D2F8FC2125
:104BD0000F464AB11178022906D13146104615F028
:104BE0009CFB3AB0BDE8F087002867D193F8F82124
:104BF000002AF6D0D3F8F0319C68637899073CD44A
:104C0000022114F0E5FD63785A070CD50421002039
:104C100014F09CFB1021002014F0DAFD31462046F0
:104C2000FFF7B4F9DDE76269944214D120460BF036
:104C3000DFFD63785D07E9D40421002014F0C8FD8E
:104C400063699C42CDD0617811F0080509D02046F7
:104C50000CF06AFBC5E71F07EED5204616F05EFD97
:104C6000E7E75B785807BCD520460CF05DFB324681
:104C7000294620460DF0E4FEB3E74FF4804114F0DE
:104C8000A7FDA3883BB120460CF04EFB3246012124
:104C900020460DF0D5FE6278D106A2D4A388013B50
:104CA0009BB2A380002B9CD163F34102204662702B
:104CB00010F020FB20460EF0CBF992E793F8F93183
:104CC000002B8ED04FF00C082B6808F1310253F8FE
:104CD000323043B92B6893F8F931002B81D018F1A9
:104CE000FF38F1D27DE79C68D3F8009063789A078B
:104CF00000F1E080A3785B0702D50EB94B46E8E7E8
:104D00000221012014F064FD63699C4240F09B8005
:104D1000637813F004031DD00421012014F016FB66
:104D20001021012014F054FDA569002D40F09A8057
:104D3000002F3FF473AFBC423FF470AF3D78012DBC
:104D40007FF46CAF7B781A0740F1A8806FF3820381
:104D50007B7063E70DF1160106A8ADF8163013F06D
:104D6000F7FF94F85230012B18D1069AA36DBDF8C5
:104D700016101A44B4F854300B449BB240F2E1418F
:104D80008B42C2F31602069285BFA3F2E2430132C0
:104D9000ADF81630ADF8163088BF06922968BDF818
:104DA000160091F8403203F58E730DF1200A31F8A8
:104DB0001320E16E069B02EB900202F59C7240F21A
:104DC00071205200B2FBF0F21A4401F59C735B00B3
:104DD000B3FBF0F3A08C9BB2191889B2B1F5487FF0
:104DE000C2F3160288BF4FF44871E261079208923D
:104DF0000A44C2F3160288BFC0F5487309924FF007
:104E000000000DF115028DF8140001924FF0010021
:104E100005AA88BF9BB28DF815000092214607AA0B
:104E20000920CDF808A000F069F8079B00939DF8D1
:104E300015209DF814105346204606F019FE63789D
:104E400060F382036370637858073FF565AF042110
:104E5000012014F0BDFC2B6893F8F931002B7FF48E
:104E60004DAFBEE6637813F008020FD02B78012B0C
:104E700002D0284614F072FF284616F04FFC324646
:104E8000002195F850000DF017F951E76B7859069D
:104E90007FF54EAF62F386136B70E7E738460CF090
:104EA00043FA3246294638460DF0CAFDB6E600BF41
:104EB000900100204FF48041012014F089FCA38868
:104EC0003BB120460CF030FA3246012120460DF06D
:104ED000B7FD6278D306BED4A388002BBBD0013BBC
:104EE0009BB2A380002BB6D163F3410220466270CF
:104EF00010F000FA20460EF0ABF8ACE72DE9F04FC9
:104F0000C3B0064604920D463022002106A89946F9
:104F100015F0DEFF16F00304DFF8F48210D0D8F8A5
:104F2000003093F81C425CB112F0E4F9D8F800307C
:104F3000D3F80C7214F0D4FB0024002F40F08B80C7
:104F400016F03C0F0FD0D8F8003093F81D3253B153
:104F500012F0D0F9D8F80030D3F8147214F0C0FB76
:104F6000002F40F0988095F85030012B09D1D8F8E7
:104F70000030D3F8083223B142AA02EB840444F88B
:104F8000F03C049BDFF88CA21B6801936B6A994488
:104F9000019B4FF0000B13FA89F9D8F80030029307
:104FA0005D4606AB53F82B70002F00F0B780029BD4
:104FB000FE69D3F808329F420CBFBB6A3B6A039379
:104FC00097F85230012B04BFBB6DF61A029B93F881
:104FD000402203EB420240F23911B2F83832B2F803
:104FE0003C22B3FBF1F3B2FBF1F2134403F10203F1
:104FF00008BF06EA0A060093A6EB0308039BF41811
:10500000009B04EA0A041C44FB6E08EA0A0804EA4E
:105010000A04002B40F0AB807B699F4240F0A780E0
:10502000BB6E03F59C735B0040F27122B3FBF2F39D
:10503000059300BFA8EB09035B025ED489EA08036D
:1050400013EA0A0F59D0182D67D00BF1010BBBF1F1
:105050000C0FA6D162E012F04DF9D7F800A014F0C1
:105060003FFBBB689D4214D05A78520711D5F70711
:1050700007D542A9621C01EB840444F8F03CD4B289
:1050800007E0B00705D593F8511095F851209142EB
:10509000EFD8574651E712F02DF9D7F800A014F0D9
:1050A0001FFBBA68954217D05378590714D5AB68DF
:1050B0009A4211D0730707D542A9631C01EB8404FF
:1050C00044F8F02CDCB207E0F70607D592F851104F
:1050D00095F851309942EFD8574641E7300706D549
:1050E00092F8511095F851309942F5D3E4E7B106A2
:1050F000F2D56B699A42EFD1DEE74B46019A214621
:10510000404615F083FFE0B142AB03EBC503013528
:10511000EDB2182D43E9308413D118254C9B6A1E3B
:105120001D7012A800210FF0DBFD002312981A4613
:105130004C99097891422BD84D9A137043B0BDE831
:10514000F08FBB6E002B3FF47EAF059B1E44009B8F
:1051500006EA0A06A6EB0308039B9C19009B04EAD7
:105160000A041C4408EA0A0804EA0A0462E74B46F7
:10517000019A2146404615F049FF00283FF463AFED
:1051800042AB03EBC503013543E93084EDB25AE786
:105190005AB904990C68211A4D0206D54E9901EBB3
:1051A000C301C1E900400133DBB24C9909780139F0
:1051B0008A4202F1010413DA42A901EBC20151F85B
:1051C000BC6C42A901EBC40151F8C05C711B4902DF
:1051D00006D54E9901EBC301C1E900650133DBB28D
:1051E0004C99097801398A420FD142A901EBC202D8
:1051F00052F8BC1CA1EB0902520206D54E9A02EBF2
:10520000C302C2E900190133DBB2E2B290E700BF8A
:1052100090010020FFFF7F002DE9F0470F78FF2F5E
:1052200088B005460E4600F01A813423046D17FB42
:1052300003F94C4494F82430012B63D1A278B04B8D
:1052400032B1227822B9D3F81C21C2F3C3026270B2
:10525000AC4A11682279C1F3411122F00F020A43CE
:105260002271D3F84421E280D3F84421C2F30F42E3
:105270002281D3F84821C2F308026281D3F8482181
:10528000C2F30F42A281D3F84C21E281D3F84C3112
:10529000C3F3084323829C4B1B681BBB4FF00008E1
:1052A0009A4B1B6863B139462846984740B13A4645
:1052B0000221284607F098FEB37843F04003B3700C
:1052C000934B1B680BBBB8F1000F25D12B6D4B44E2
:1052D0009B780BB36378072B78D02B7B3A462BB3A4
:1052E000012124E039462846984780460028D5D039
:1052F0003A460321284607F077FEB37863F07F0330
:10530000B370CDE74FF00008DAE798470028DAD00D
:10531000804B1B78002BD6D17378012B0AD194F8DF
:105320002D303BB1002384F82D3003E04146284660
:1053300007F05AFE6B7C012B5ED1714B764AD3F895
:105340001C01D3F81C111378C0F34030C1F3802145
:105350005FFA80FE5FFA81FC9046002B4CD02B6DEB
:1053600097784B44BEF1000F32D0002288F800201D
:1053700093F82B20022A40F0A4800C2303FB078320
:1053800000211A7A59720132D2B2022A1A7206D157
:1053900001221A72DA88012A01D05208DA8001212A
:1053A00002A80DF087FA0C2202FB07839DF8081073
:1053B0009B79013B0B40FF2B18BF01338DF8083060
:1053C00002FB07879DF808303B7115E03A4687E7F6
:1053D000BCF1000F09D010701A78002A40F08980C3
:1053E00093F82B30022BC8D86EE00C2303FB072761
:1053F00011703B7901333B7194F82470012F2BD14C
:10540000464B1A686FF3DB621A60002014F0F2FB5F
:105410008246384614F0EEFB8146022014F0EAFB87
:105420004FF6FF718046002011F020FF4FF6FF710C
:10543000384611F01BFF4FF6FF71022011F016FFE6
:105440005146002014F0E8FB4946384614F0E4FBCE
:105450004146022014F0E0FB002384F82430AB68BE
:105460000093B6F801302E495BBAADF80430F378FA
:105470008DF8063033788DF8073008226B4601200E
:105480000FF038FAB47814F0040517D11822294621
:1054900002A815F01DFD737804F01104234301BF29
:1054A0009DF8083043F002038DF8083002A80ABFC7
:1054B000012328468DF80A3004F06EFB08B0BDE8E1
:1054C000F087BCF1000F87D10C2303FB0783002179
:1054D0005A7A19720132D2B2022A5A727FF45FAF3D
:1054E00001225A72DA88B2F5807F3FF458AF520039
:1054F00054E7012AE8D193F82B30012B73E700BF62
:1055000000240141C0340141D0F50020D4F5002031
:10551000CCF5002000F60020FCF000200C3A014100
:10552000040101010C4B13F0FF0F08D04FF02003D2
:1055300083F31188BFF36F8FBFF34F8FFEE7074AE6
:10554000934208D04FF0200383F31188BFF36F8F8D
:10555000BFF34F8FFEE7704700C0070100C007018F
:10556000014B1860704700BF54F5002030B4184C50
:105570001546184A0C4404EB4030541E844208D2AD
:105580004FF0200383F31188BFF36F8FBFF34F8F6A
:10559000FEE71C18A24208D24FF0200383F31188C3
:1055A000BFF36F8FBFF34F8FFEE71944B1F5005F74
:1055B00008DD4FF0200383F31188BFF36F8FBFF333
:1055C0004F8FFEE701461A46284630BC15F086B8D4
:1055D00000C0070100000801F8B5304D0D4405EB8F
:1055E000403517462A071C4608D04FF0200383F3A6
:1055F0001188BFF36F8FBFF34F8FFEE743B94FF0B2
:10560000200383F31188BFF36F8FBFF34F8FFEE743
:10561000234B5A1EAA4208D24FF0200383F311886D
:10562000BFF36F8FBFF34F8FFEE76219934208D22B
:105630004FF0200383F31188BFF36F8FBFF34F8FB9
:10564000FEE72144B1F5005F08DD4FF0200383F34E
:105650001188BFF36F8FBFF34F8FFEE7114B1B68AD
:1056600003B1984723071EBF24F00F0310339CB2E9
:105670004FF6F0732340FE18ED1BBE4204D115F027
:10568000E1FC0028FBD1F8BD15F0DCFC0028FBD1C3
:105690007919384613F084FF1037EEE700C0070190
:1056A0000000080154F5002010B5124C124B04EB19
:1056B0004034A34214D315F0C5FC0028FBD120468A
:1056C00015F02CFE04F5805415F0BCFC0028FBD12D
:1056D000204615F023FE15F0B5FC0028FBD110BDC7
:1056E0004FF0200383F31188BFF36F8FBFF34F8F09
:1056F000FEE700BF00C00701FFFF070137B542B951
:105700004FF0200383F31188BFF36F8FBFF34F8FE8
:10571000FEE71F4C0C4404EB40341E48431EA342DA
:1057200008D24FF0200383F31188BFF36F8FBFF3CC
:105730004F8FFEE71319984208D24FF0200383F3EE
:105740001188BFF36F8FBFF34F8FFEE71144B1F5A0
:10575000005F08DD4FF0200383F31188BFF36F8FE4
:10576000BFF34F8FFEE74FF0FF3201929DB204224C
:105770000DEB0201204614F0A3FF30B90434A3B2AC
:105780009D42F4D1012003B030BD0020FBE700BFF3
:1057900000C007010000080138B5154643B94FF0B5
:1057A000200383F31188BFF36F8FBFF34F8FFEE7A2
:1057B000184C194A0C4404EB4030541E844208D261
:1057C0004FF0200383F31188BFF36F8FBFF34F8F28
:1057D000FEE71C18A24208D24FF0200383F3118881
:1057E000BFF36F8FBFF34F8FFEE7CA18B2F5005FAC
:1057F00008DD4FF0200383F31188BFF36F8FBFF3F1
:105800004F8FFEE71A46294614F05AFFB0FA80F08F
:10581000400938BD00C00701000008012DE9F04F24
:10582000099F154604468E461E46002B40F0CC804C
:105830008A42B2FA82FC4CD9BCF1000F0BD0CCF1F9
:10584000200801FA0CFE20FA08F802FA0CF548EAE2
:105850000E0E00FA0CF44FEA15491FFA85F8BEFB4C
:10586000F9FA210C09FB1AE30AFB08FB41EA03439E
:105870009B452AD9EB180AF1FF3004D29B4502D987
:10588000AAF102002B44A3EB0B03A4B2B3FBF9F281
:1058900009FB123302FB08F844EA0344A04516D979
:1058A0002C1902F1FF3303D2A04501D9931E2C44D9
:1058B000A4EB080443EA004027B124FA0CF40023C7
:1058C0003C607B603146BDE8F08F5046DBE7134615
:1058D000EEE702B9FFDEBCF1000F2ED18B1A0126D4
:1058E0004FEA154EAAB2B3FBFEF8210C0EFB18339B
:1058F00008FB02F941EA0343994561D9EB1808F125
:10590000FF3004D2994502D9A8F102002B44A3EB41
:105910000903A4B2B3FBFEF10EFB11334A4344EA80
:105920000344A2424ED92C1901F1FF3303D2A24203
:1059300001D98B1E2C44A41ABCE7CCF1200E02FA2C
:105940000CF521FA0EF901FA0CF320FA0EFE4EEADC
:1059500003034FEA154800FA0CF4B9FBF8F11FFAFB
:1059600085FE08FB1192180C01FB0EF640EA02427C
:10597000964221D9AA1801F1FF3003D2964201D9EB
:10598000881E2A44921B9BB2B2FBF8F908FB19222D
:1059900009FB0EFE43EA02439E450FD9EB1809F1BD
:1059A000FF3604D29E4502D9A9F102062B44A3EB8F
:1059B0000E0346EA004693E70846E3E74E46F6E75D
:1059C0004046A4E70B46B6E78B4206D9002F7ED0AF
:1059D0000026C7E90001304674E7B3FA83FCBCF146
:1059E000000F0FD18B4201D3824209D8841A61EB98
:1059F000030E0120002F6DD0C7E9004E002661E79D
:105A00006046F7E7CCF1200E03FA0CF322FA0EF50C
:105A100021FA0EF41D4301FA0CF320FA0EF10B43A8
:105A20004FEA154A00FA0CF6B4FBFAF91FFA85F8AA
:105A30000AFB19401C0C09FB08F144EA0044A1428E
:105A400002FA0CF23FD92C1909F1FF3004D2A1421D
:105A500002D9A9F102002C44641A9BB2B4FBFAF9F2
:105A60000AFB194409FB08F843EA044188452CD98C
:105A7000691809F1FF3304D2884502D9A9F102035C
:105A8000294443EA0040A1EB0801A0FB02894945F3
:105A9000C2464C4602D306D1464504D2B8EB020AB0
:105AA00069EB05040138AFB1B6EB0A0361EB0406FC
:105AB00006FA0EFE23FA0CF34EEA030326FA0CF65E
:105AC000C7E900369AE74846C6E74B46D9E73E465F
:105AD0003846F7E63E46F5E62DE9F04F054685B037
:105AE00041208B46904615F00BFE044650B9A54B5D
:105AF000009302460423C221EE2008F003F805B00B
:105B0000BDE8F08FEB78C21D05F1040A039205F1A0
:105B10000B0900F1110600F12107002B40F0B280C3
:105B2000DAF800300360BAF8043083809AF806305F
:105B30008371D9F80030C0F80730B9F80430938089
:105B400099F806309371904B1B681A7882735A79D2
:105B5000C2735B780374BBF1000F00F08D80DBF83B
:105B60000030C0F81130DBF804307360DBF8083027
:105B7000B360DBF80C30F360EA6D02F5C07204F13B
:105B8000310B1368C4F8213053687B609368BB60A5
:105B9000D368FB60EA6D02F5E07221461368C4F831
:105BA00031305368CBF804309368CBF80830D368B1
:105BB000CBF80C30E86D412200F5E873063001F0B7
:105BC000B1FCD9F800302360B9F80430A38099F80B
:105BD0000630A371DAF80030C4F80730BAF80430A0
:105BE000A4F80B30E21D9AF806309371EB6D93F830
:105BF000E430A373EB6D93F8E530E373EB6D93F84A
:105C0000E6302374B8F1000F00F0B580D8F800300A
:105C1000C4F81130D8F804307360D8F80830B36095
:105C2000D8F80C30F360EA6D02F5E0722146136893
:105C3000C4F8213053687B609368BB60D368FB6015
:105C4000EA6D02F5C0721368C4F831305368CBF8BE
:105C500004309368CBF80830D368CBF80C30E86D8B
:105C6000412200F5C873063001F05CFC204605B007
:105C7000BDE8F04F15F046BD10225946304615F0EC
:105C800027F979E7D9F800300360B9F80430838048
:105C900099F806308371DAF80030C0F80730BAF8A6
:105CA0000430A0F80B30C21D9AF806309371EB6DEA
:105CB00093F8E4308373EB6D93F8E530C373EB6DC9
:105CC00093F8E6300374BBF1000F4ED0DBF80030E0
:105CD000C0F81130DBF804307360DBF80830B360D3
:105CE000DBF80C30F360EA6D02F5C07204F1310BA1
:105CF0001368C4F8213053687B609368BB60D36835
:105D0000FB60EA6D02F5E07221461368C4F8313099
:105D10005368CBF804309368CBF80830D368CBF8DD
:105D20000C30E86D412200F5E873063001F0FAFB13
:105D3000DAF800302360BAF80430A3809AF806300D
:105D4000A371D9F80030C4F80730B9F80430A4F8CA
:105D50000B30E21D99F8063093710B4B1B681A78D3
:105D6000A2735A79E2735B784BE7102259463046AA
:105D700015F0AEF8B7E710224146304615F0A8F806
:105D800051E700BF30AE0101A00100202DE9F04F26
:105D900091B00025072906468DF8135001D015292A
:105DA00049D10132A1F1050805A806A906921FFAFA
:105DB00088F814F0C5FE06A90DF1160014F0C0FE17
:105DC000424606A90CA814F0EDFFBDF81440002CC3
:105DD00000F00881BDF81630A342C0F00681747A45
:105DE000E0073ED408AB01935FFA88F807AB009355
:105DF00042460CABBDF81610BDF814000CF044F888
:105E00000446002800F0F480089B5B68D3E9011287
:105E1000107815F087F9079A03468346D27B3088BD
:105E200001210AF09DF987B2002F49D0ADF8144046
:105E30000024254603E0ADF814502C4604279DF8B5
:105E400013305BB9002F40F0DB802A4621463046F4
:105E500014F072FA10B1284615F042FC11B0BDE8FA
:105E6000F08FB37AD907BDD514F00C0F10D00024F1
:105E700074724FF4827015F043FC0028B2D01022E7
:105E80000270328882808471042113F0F1FCA9E74A
:105E90005F4BB8F1020F1B88ADF8243009D14246A0
:105EA00009A90CA814F00CFC18B944F00804747289
:105EB00098E744F004040025747212272C46BEE7CC
:105EC000079B9A7B920777D49DF81330002BAFD1B4
:105ED000B08815F0E8FB0546002800F08C80079B91
:105EE0009B68B3F80090B3881A1F91458CBFA3F14B
:105EF000020909F1020900F110031FFA89F90921C9
:105F000006A8069315F0D0FA5FFA89F106A815F0F5
:105F1000CBFA214606A815F0CDFA079BA9F102029B
:105F2000596892B206A814F047FF09F10203A2468D
:105F30009CB2089BDA894FF6FF739A423FF47FAF19
:105F400004EB09030393039AB3889A423FF777AFB0
:105F500008AB0AF10100019307AB80B200934246FF
:105F60000CABBDF81610ADF814000BF08DFF824697
:105F7000002843D0079A937B9B073FF560AF936857
:105F80001B8802334B457FF45AAF5B46D27B308887
:105F900001210AF0E5F800287FF451AF514606A828
:105FA00015F088FA079B9A685968128806A814F0B9
:105FB00003FFBDF80C40BCE709933388ADF82830E7
:105FC0000DF11301082309A8ADF82A40ADF82C7093
:105FD0008DF82E300EF0BAFA00283FF475AF3C462B
:105FE000074626E72546012729E700252C46FAE73C
:105FF00005460A2723E70446112720E707461EE740
:10600000FBB2BDF81420082130460BF0F3F825E769
:10601000924F01012DE9F04186B01F468B4B019054
:1060200080460D4616460093022201236121EC2092
:1060300007F068FD15F09EF850B10C24844B0093D6
:10604000019401230022FF21EC2007F05BFD91E089
:10605000022D0CD10EB91224F0E7002FFBD00A223A
:106060004FF4A06372437B439A4203D3F3E70EB12C
:10607000002FF4D1774B1B681A68774B04921B688A
:10608000B8F1010F1B68059334D0B8F1000F58D058
:106090000AF0B8F90446002864D1704B5D70704D69
:1060A0000FF0C8F82A786F4B6E80012A5F801F4678
:1060B00000F09A80002A00F08280022A00F0A78077
:1060C0003E78002E00F0AC80012E4BD1664B009341
:1060D00002223346B721EC2007F014FD634807F095
:1060E00043FB00231A46624903200EF003FC002301
:1060F0003B7037E092F82E409CB993F82E30002B7D
:106100009BD004AB53F8243093F82E202AB1997B0E
:1061100001F0FD01012906D051B1002CB8D10124B4
:10612000EFE70024EDE715F0E3F90028F5D192E759
:106130000DF10F0013F0CAFF9DF80F30002BECD0CB
:1061400089E70FF0F7FE044660B9454D13F0E8F813
:106150002A78012A12D0022A1ED0424D2B78012B18
:106160001FD0002413F0F2FF012014F0FBFF002CDD
:106170007FF464AF204606B0BDE8F0813D4B00934C
:10618000B12113460222EC2007F0BCFC281D07F0C9
:10619000EBFA85F80080E0E7374B0093B22101234A
:1061A000F1E7364A0092B8210222EC2007F0AAFC5F
:1061B00005F1080007F0D8FA00232B70D2E7002E73
:1061C0003FF47EAF2E4B0093019601230222AE21B5
:1061D000EC2007F097FC42F210717143281D05F086
:1061E000FFFD01232B706BE7264B0093AF21134675
:1061F000EC20022207F086FC281D07F0B5FA2346A2
:10620000224621492C7003200EF074FB58E7002E23
:106210003FF456AF1D4B009301960123B021D7E701
:106220007C88002C9DD06B88002B9AD0184B009353
:1062300002220123B621EC2007F064FC15490B482B
:10624000BC8005F0CDFD01233B708AE7E40E01011F
:106250007A380101300100202C0100203401002097
:1062600088F3002030F30020750F010138F300207F
:1062700008010101020F0101100F01011E0F0101B0
:106280002C0F0101420F010107010101500F010113
:10629000660F0101008813002DE9F0430446C3781E
:1062A0008E4AC06D617CA57A95B004AE002B63D197
:1062B00012688DF82010012192F8009092F8058064
:1062C000B2F801E0B0F8E470B0F82CC0D0F8E620E5
:1062D0008DF8221002218DF82150ADF82A708DF82A
:1062E00023908DF82480ADF825E0ADF827C08DF817
:1062F00029100B9200F5C07708ADFA5C595D4A4051
:10630000F2540133102BF8D10CAA31466F3008F04B
:10631000D9FCE178231D04F10B02002940F08A80AA
:1063200018689B88ADF824301368CDF82630938820
:10633000ADF82A300B9108900CAB08A910251A78FB
:1063400011F8010B013D424015F0FF0503F8012B48
:10635000F5D1E06D10AA0CA96F3008F0B3FCE76D21
:10636000102207F5B87110A814F0AAF990B304210F
:1063700020460BF099FB5AE013688DF8211001219B
:1063800093F800E093F805C0B3F80120D0F8E4706A
:10639000838DB0F8E8808DF8221002218DF820500E
:1063A000CDF82370ADF82E30ADF827808DF8291088
:1063B0008DF82AE08DF82BC0ADF82C20002300F5D5
:1063C000E07708ADFA5C595D4A40F2540133102B76
:1063D000F8D199E707F5E072334610685168ADF8D7
:1063E000045007F5C07203C31068516806AB03C3BD
:1063F00007F17F02314607F16F00CDE9025508F041
:1064000061FCE16D20467F3110F0DAFF204606F096
:1064100041F8E36D20887F3301AA02A912F030FE13
:10642000E36D2A467F33294620460AF085FA15B0E7
:10643000BDE8F08310689288ADF824201A689B8824
:10644000ADF82A300023CDF826200B9308900CAA33
:1064500008AB1025117813F8010B013D414015F0F0
:10646000FF0502F8011BF5D1E06D10AA0CA96F30F1
:1064700008F028FCE76D102207F5D87110A814F079
:106480001FF900287FF473AF07F5E07233461068F8
:10649000516807F5C07203C31068516806AB03C3A7
:1064A00007F17F02314607F16F0008F00BFCE16D48
:1064B00020467F3110F084FFE36D2A467F33294662
:1064C00020460AF039FAE16D204601F5C0710FF05F
:1064D000F8F9204605F0DEFFA9E700BFA001002083
:1064E00030B591EA030F00F18280841A71EB030C3E
:1064F00005D2121953EB0C03001B71EB0C0140F297
:10650000000CCFF6E07C1CEA430F52D0BCEB410FED
:106510005FD90C0DA4EB135E5FF0010C6CF31F51FF
:106520006CF31F53DEF1200C2AD303FA0CF540194B
:1065300041F1000122FA0EF5401923FA0EF56941E6
:1065400012FA0CF2CD0208D349085FEA30005FEA84
:10655000320228BF42F001020134013C5FEA500CD4
:1065600072F1004250F1000051EB04514FF400135E
:1065700013EB410F38BF30BD6FF31301002030BD66
:10658000BEF1200EBEF1200F1ED223FA0EF54019E7
:1065900041F10001CEF1200C124218BF012203FA92
:1065A0000CF52A43CEE711EA5C0F04BF002000215E
:1065B00030BD1CEA410F04BF01F00041002030BD96
:1065C00001F00041002030BD21F4801101EB0451A5
:1065D00030BD004218BF41F00101BCEB410F08BFC4
:1065E00030BD4FF0FE4141F47801002030BD83F012
:1065F0000043841A71EB030E07D28EF0004E001B8D
:1066000071EB0E01121953EB0E0340F2000CCFF6A2
:10661000E07C1CEA430FC6D0BCEB410F72D90C0DD5
:10662000A4EB135EC90241EA5051C00241F000419F
:10663000DB0243EA5253D20243F00043DEF1200C66
:1066400041D312FA0CF522FA0EF203FA0CF542EAE3
:10665000050218BF42F0010223FA0EF3801A994195
:10666000E30AC4F30A0411F0404F03D418D0013CEC
:1066700040004941013C23D44205C00A40EA415050
:10668000C90A51EAC3715FEA500C72F1004250F13D
:10669000000051EB045130BD01002FD00020203C00
:1066A0000029F9D0B1FA81FCDCF1200E11FA0CF1CD
:1066B00030FA0EF510FA0CF02943A4EB0C04D9E7DC
:1066C0000020D90730BDAEF1200EBEF1200F0DD253
:1066D000CEF1200C03FA0CF533FA0EF32A4318BF5F
:1066E00043F00103C01A61F10001B9E721F0004154
:1066F000C00A40EA4150C90A01EB045130BD0020F4
:10670000002130BD004218BF41F00101BCEB410F38
:106710007FF467AFBCEB430F3FF463AF30BD70470E
:106720002DE9F04F05468FB00F460026BB5DAB55F7
:106730000136202EFAD13C464FF0000854F82C0FB9
:10674000CDF82080616809ABCDE9068803C3A06855
:10675000E16803C306AA2069186011463346104653
:1067600012F0B5FE06AA83462946284612F0AFFE6F
:10677000BA4683445AF8300FDAF8041009AB03C361
:10678000DAF80800DAF80C1006AA03C333461146FB
:106790001046CDF8348012F09AFE5FFA8BFB8344EA
:1067A00006AA2946284612F092FE3B465FFA8BFB6A
:1067B000834453F8200F01935968CDF82C800DF1D4
:1067C0001809A9E803003A469868C9F8000052F889
:1067D000380F049251680CABCDE9098806AA03C3AF
:1067E00033462946284612F072FE5FFA8BFB3A4682
:1067F0005844C3B252F8240F059351680292BB4625
:1068000006AB03C39068C9F800005BF8340FDBF8EF
:10681000041009AB03C3DBF80800186003937B6B1B
:106820000C933B6A0D9306AA33462946284612F07C
:106830004EFE059B6168CDF82C801844C3B22068D9
:10684000059306AB03C33B6AA0680C93BB6AC9F807
:1068500000000D9306AA334629462846CDE909884B
:1068600012F053FC059BDAF80410181AC4B2DAF8D7
:10687000000006AB03C3DAF80800DAF80C1003C313
:106880007B6A0C93FB6A0D9306AA33462946284679
:10689000CDE90A8812F039FCDBF80410019A241AB9
:1068A000DBF8000006AB03C3DBF808005168C9F849
:1068B0000000106809AB03C3039B906818603B6B32
:1068C0000D9306AA334629462846CDF8308012F0AB
:1068D0001CFC049AE4B25168241A1068029A06ABB0
:1068E00003C310685168C9F8008009AB03C3039B58
:1068F000906818607B6B0D9306AA3346294628469C
:10690000CDF8308012F001FCE4B2241A64B24445A0
:106910000F4E10DB34B920222946304613F056F8CA
:10692000012812D0202332462946284612F0EDFBDA
:10693000241A64B2EEE7202332462946284612F094
:10694000C6FD044464B2002CF5DB0FB0BDE8F08F47
:1069500098080101F0B581EA030E0EF0004E40F2F6
:106960000007CFF6E07717EA41051EBF95EA070F4B
:1069700017EA430494EA070F00F0C5806D0DA5EBFC
:10698000545707F580674FF0004646EAC12444EAB1
:106990005054C00246EAC32343EA5253D202801A3B
:1069A0009C4104D20018644180185C41013F5B089F
:1069B0004FEA32020025002140F001004FF00706A7
:1069C00004E0801A9C4136D340416441801A9C41C6
:1069D00036D340416441801A9C4136D340416441E2
:1069E000801A9C4136D340416441801A9C4136D381
:1069F00040416441013E17D0801A9C4136D340414A
:106A00006441801A9C4136D340416441801A9C41C4
:106A100036D340416441090201EB156190EA052536
:106A200020F0FF004540CCE7801A9C4156D335E06A
:106A300080185C41C8D20018644180185C41C8D2FB
:106A40000018644180185C41C8D200186441801865
:106A50005C41C8D20018644180185C41C8D200185B
:106A60006441013E17D080185C41C8D200186441CF
:106A700080185C41C8D20018644180185C41C8D2BB
:106A800000186441090201EB156190EA052520F028
:106A9000FF004540CCE780185C411FD3420918BF76
:106AA00044F00104490101EBD56100F01F0000EB47
:106AB000451021F4801141EA0E01013041F100013D
:106AC000244208BF20F00100B7F5006F3EDA013F15
:106AD00049DD01EB0751BDE8F0407047490101EB8A
:106AE000D56100F01F0000EB451021F4801141EA50
:106AF0000E01B7F5006F29DA013F34DD01EB0751D4
:106B0000BDE8F0407047004218BF41F00101124259
:106B100018BF43F00103B7EB410F2CBFB7EB430F96
:106B20001CE0B7EB410F04BFB7EB430F16E017EAC9
:106B3000410F04BF17EA430F10E017EA410F12D0CC
:106B400017EA430F02D0B7EB430F0CD04EF0FE41D3
:106B500041F470010020BDE8F04070474FF0FE4165
:106B600041F47801F6E77146F4E77047F7B54388DA
:106B7000032B044605D0082120460AF095FF03B0F8
:106B8000F0BDC06D0191E43001A914F07EFBE06D11
:106B900001A9E53014F079FBE06D01A9E63014F0AD
:106BA00074FBE06D01A9E73014F06FFBE06D01A903
:106BB000E83014F06AFBE06D01A9E93014F065FBE0
:106BC00094F85520E36D3AB194F8541093F8E62008
:106BD000914201D00521CFE7002284F8552093F897
:106BE000E72084F8522093F8E620D00704D55D4AC8
:106BF00012685278D10701D401225A71E26D92F8DD
:106C0000E730073B092B01D90621B5E792F8E630BA
:106C1000544D13F0080F2B6803D19B7923B1032146
:106C2000AAE75B78C3F3C00384F8573020460BF023
:106C300049FF04F1600710F0E6F94B49384605F0CA
:106C4000CFF8E66D737813F1FF3218BF012284F894
:106C5000562094F85720002A4DD0012B07D096F8E3
:106C6000E7300F2B03D8384606F07EFDCCE794F8CA
:106C7000533083B9022012F0ABFB002837D12B68C8
:106C8000DA789AB13949402204F1120013F026FD56
:106C9000022384F8533020460EF0EBFB04F112017E
:106CA000204610F08DF90A23A37068E77278032A52
:106CB00006D1996821B191F850300BB14022E3E739
:106CC0002B4814F08FFA064600287FF454AF28684A
:106CD000022384F85330103006F046FD2B6883F809
:106CE00028609B680BB183F850600923DCE701231F
:106CF00084F85330F9E720460EF0BBFBE36D93F8C0
:106D0000E920D2075CBF01225A71E16D4B78012B5B
:106D10000AD120466F3102F0F5FFE16D204601F502
:106D2000D8710EF00FF82AE7022B13D12B681B78CD
:106D3000022B03D1204610F04BF820E7042B05D19D
:106D400091F8E430022B01D0042BF3D1204613F04C
:106D50000AF914E7032B7FF412AF204613F014F95D
:106D60000DE700BFA0010020A064D1012C7A010131
:106D70008D740101F0B50378102BADF5037D044649
:106D800040F08A80794B1B78022B05D0016A407F46
:106D900010F02CFD00287BD0617F206A04F0E0FA1F
:106DA000002875D0A3798DF80A3004F10907C3F3E0
:106DB00041133946207A8DF80B3012F02DFCD4F8AF
:106DC0000930E27BCDF80D3004F11706B4F80D3030
:106DD0008DF80C00ADF811308DF81320A38A2269CC
:106DE000A07D05923146ADF8183012F015FCD4F8AC
:106DF0001730CDF81B30B4F81B30216A8DF81A001B
:106E0000E522ADF81F300DF12200637F8DF82130AF
:106E100042AD13F063FC072302A88DF808300FF091
:106E200085F901232B70E3886B803946207A12F0B4
:106E3000F3FBD4F809302871E27BCDF80D31B4F8BA
:106E40000D30ADF81131A38AEA722269EA602B8213
:106E50003146A07D12F0E0FBD4F81730A874CDF8CD
:106E60001B31B4F81B30ADF81F31637F6B76E52220
:106E7000216A0DF5917013F031FC0022CDE900522A
:106E80004FF4807340F63E514FF4827012F01CFABA
:106E900001200DF5037DF0BD162B4ED1C61D838854
:106EA0008079ADF80A31314612F0B6FB04F10E05D7
:106EB000D4F807308DF80C012946CDF80D31607BF0
:106EC000B4F80B30ADF8113112F0A6FB638A8DF8DF
:106ED0001301ADF81831D4F80E00237D45908DF8DC
:106EE0001A3142A80E238DF808310FF01FF9A3883C
:106EF000A079ADF80830314612F08EFB02AFD4F81D
:106F00000730B8702946CDF80B30607BB4F80B30F1
:106F1000ADF80F3012F080FBD4F80E307872CDF857
:106F20001230638AADF816300022237D3B7440F6A0
:106F30003E31CDE900721123A6E71A2BA8D10C4BE4
:106F40001A68137823F0020313700121002012F055
:106F500063F9132342A88DF808310FF0E7F80023F6
:106F6000CDE900331A4641F23E118DE7E5F40020E9
:106F7000940000202DE9F84381460E46984695007E
:106F8000284604F087FA002800F09680074654202F
:106F900004F080FA0446002800F08B80542200217F
:106FA00013F096FF27632A46A521384613F090FF79
:106FB000043D236B1D4425F007058EB1337884F81A
:106FC000343053B1334604F134010F3613F8012F36
:106FD00001F8012F0AB1B342F8D1002384F84330FD
:106FE000089B042B28BF04231F46E3626364261D0D
:106FF000304614F049FB04F1180014F045FB2461FD
:10700000C7F10503A361646242464946284612F06F
:10701000C1F82060099B03B11C6012F0D7FF424AFF
:10702000136801331360414B1B68002B48D0404B61
:107030001B683BB93D4B1B68DA6AE36A9A429CBF06
:107040003A4B1C603B4A136801331360E36A3A49C8
:10705000086801229A4002430A60384A03EB83031E
:1070600002EB83035B68A3609968E1604E609E60F9
:10707000E06A81000B189B00D5186561014452F845
:1070800021100131D15013F0D9FD294B1B68002B81
:1070900046D0264B1B68DA6AE36A9A4242D2284BF2
:1070A0004FF080521A60BFF34F8FBFF36F8F0120F4
:1070B00004E0384609F066FF4FF0FF30BDE8F88382
:1070C0001A4B1C60184B1B68012BBBD11B4D28466B
:1070D00013F015FD05F1140013F011FD05F1280062
:1070E00013F00DFD05F13C0013F009FD05F1500012
:1070F00013F005FD134F384613F001FD124D2846DD
:1071000013F0FDFC114813F0FAFC114813F0F7FCE2
:10711000104813F0F4FC104B1F60104B1D6091E7FA
:107120000120CBE70120C9E720F5002014F500205D
:1071300044F500202CF5002030F5002098F00020C8
:1071400004ED00E0BCF30020D0F30020E4F30020C5
:107150000CF40020F8F3002018F500201CF50020A6
:10716000F8B54FF082431B4A9B691B0F17BF93680A
:10717000194B23F47F4343F4A433936044780323EF
:10718000B4FBF3F303EB4302A41A14F0FF041ED183
:10719000DEB205462746B7420ED14FF082439B69C7
:1071A0001B0F07D019200EF0C9FD20F05001192047
:1071B0000EF0E0FD2046F8BD2979EB78A87803EBC6
:1071C000012101370EF0D6FDFFB20335E3E70124BC
:1071D000F0E700BF003E01448848090030B542781E
:1071E000034612F0030010D1920802330146914287
:1071F00000D130BD5D8833F8044B04F1824404F5BE
:10720000B03401312580C9B2F1E70120F1E72DE961
:10721000F04142780323B2FBF3F303EB4301521A2C
:1072200012F0FF0621D1DFF84880DFB20446354670
:10723000BD4202D13046BDE8F0812379E178A078E3
:1072400001EB032189B203F0D3FCA178082906D110
:10725000E37888F800300135EDB20334E8E75129CE
:1072600004BFE37888F80130F5E70126E2E700BFC4
:1072700002F6002050F8022F024B1A6002791A71B0
:10728000704700BF8800002008B51822002113F0C5
:107290001FFE01461020FCF747FBB0FA80F04009C2
:1072A00008BD034B1A785B7802700B7001207047A1
:1072B00002F60020114B1A68114BD96821F0F851E1
:1072C000D960D968C2F3035212061143D960196913
:1072D00021F0F8511961196911431961596921F0B7
:1072E000F8515961596911435961996921F0F8516F
:1072F000996199690A439A61704700BF000300448D
:10730000003E01444FF088410C480A6812F4806244
:107310001CBF4FF480634B60094B1968C369C1F30C
:10732000035123F0F85343EA0163C36122B14FF0E4
:1073300088434FF480629A60704700BF003E01446A
:107340000003004430B585B000230293ADF804304B
:1073500090F85230012B044601A902A82AD111F05D
:10736000F7FC029AA36DB4F854101A44BDF8043027
:107370000B449BB240F2E1418B42C2F316020292EF
:1073800085BFA3F2E2430132ADF80430ADF804301A
:1073900088BF02926178626911F004054BD1944272
:1073A000D0693BD053785B0707D441F0400161704E
:1073B00005B030BD11F0CCFCECE7A26E02F59C7379
:1073C0005B0040F27122B3FBF2F30344C3F31603F4
:1073D00065F34511E3616170514ABDF8040011681D
:1073E000029A9B1A91F8402202F58E7240F27125A2
:1073F000C3F316036B4331F812504FF4005105EB01
:10740000900594F85000C5EB530512F0E1F964645F
:10741000294604F1380004F0E3FCC9E7A26E02F546
:107420009C735B0040F27122B3FBF2F30344C3F39D
:107430001603E361D0E79442E369029AA3EB0203E7
:10744000C3F3160340F2712202FB03F31CBF6FF378
:1074500045116170012B4FEA530584BFBDF804301C
:10746000A5EB93052E4B1A6892F8403203F58E7304
:1074700032F8133003F27122AA4217D9A06828B15A
:10748000837843F00803837009F04EFF4FF4002126
:1074900094F8500012F09CF9204612F05FFC002294
:1074A000214694F8500014F001F981E7ED1A94F8A0
:1074B00052306464012B0DF1060103A82CD111F0A8
:1074C00047FC039AA36DB4F854101A44BDF8063073
:1074D0000B449BB240F2E1418B42C2F3160203928D
:1074E00085BFA3F2E2430132ADF80630ADF80630B5
:1074F00088BF0392DDE902239A4204D1BDF8063029
:10750000B3F5966F01D3A5F59C754FF4005194F82F
:10751000500012F05DF97BE711F01AFCEAE700BFBA
:10752000900100202DE9F04F1646A1B010228146AF
:107530000C460DEB02000021984613F0C9FC3046C2
:1075400014F0DEF8074600287ED0A319421EA3429D
:107550007DD118AD10220021284613F0B9FC0DF1A1
:10756000500A102200211CA813F0B2FC872310221D
:10757000002150468DF87F3013F0AAFC10AA514626
:10758000484607F09FFB0CAC10AA0023D17B19558D
:107590000133102B02F1FF32F8D19DF93030002B6E
:1075A0005ADB04A9204612F0D5FF9DF91030002BBC
:1075B0005CDB08A904A812F0CDFF06F10F0000095A
:1075C00006F00F065CD01FFA80FB002E5AD100F1A6
:1075D0008050013810AA04A907EB001013F0B0FB8B
:1075E00010220021684613F073FC00260BF1FF33D4
:1075F0009E42224665D310A9684613F0A1FB0023E2
:10760000E27BEA540133102B04F1FF34F8D11CAAB9
:107610002946484607F056FB1CAB0022D97B0DF8E3
:1076200002100132102A03F1FF33F7D10DF10F02DE
:10763000002300BF12F8011908F803100133102BC2
:10764000F8D1384614F05EF821B0BDE8F08F13F899
:10765000011D02F8011F7AE72946204612F07AFF41
:1076600004AA1CA9284613F06BFB9EE7294604A830
:1076700012F070FF08AA1CA9284613F061FB9CE7D2
:107680004FF0010B0BF18053013B1A010023B6B2FE
:10769000194680201FFA83FC66450CD907EB020CC3
:1076A0001CF803C00AF803C00133102BF2D110AA52
:1076B00008A9504692E70CBF0AF803000AF8031025
:1076C000F2E707EB0611684613F03AFB0023D17B83
:1076D000E9540133102B02F1FF32F8D11CAA2946DC
:1076E000484607F0EFFA1CAA0023D17B0DF80310DF
:1076F0000133102B02F1FF32F7D10136B6B275E734
:107700002DE9F043066896F82C3085B0C3B10A79AC
:10771000336D96F82D70342402FB04342FB1002011
:1077200084F82D0005B0BDE8F083D1F80080042175
:1077300008F1020005F05CFB054618B984F82D003D
:107740001F20EFE7837813F0C00F0FD003F0E003A2
:10775000402B0BD05B4B00933A460123FA21EC20DF
:1077600006F0D0F984F82D700020DBE72B886382C7
:10777000AB78237595F90000AB786A78002803F0A0
:107780001F0742EA0727BCBF4FF4967117FB01F7AA
:107790002978A8BFC7EB071703F01F03A8BF7F0016
:1077A00011F0400F42EA03220CBF4FF4FA7132216C
:1077B0000028AEBFC2EB02124FF4967312FB03F225
:1077C000414801F5FA73A8BF52005A43B2FBF0F1E9
:1077D00000FB112202B101312368A16123F47F0370
:1077E00023F47F43002B55D1327C98F80130022AD4
:1077F00054D0032A56D00533DB003322A7F1720898
:10780000A8EB0101CB1AA3EB02086389D4F80600A8
:107810009B004FF6FC71194013F022FF8146404651
:1078200013F0AFF9014648460FF08AFAAB785B09CE
:1078300003932B7803F03F03CDE90173234B0093AF
:10784000804601230222A821EC2006F05BF9204BA0
:107850000093CDE9019801230222A921EC2006F032
:1078600051F92A78A37C62F30503A374AB78227DD7
:107870005B0963F347124FF47A7322750121C6E95D
:107880000C33C6F83C8004F13003124A30460BF04A
:107890009FFB69E7AA7852090132A6E705339B00EE
:1078A0001E22ABE722791209012A09BF1B019B01A5
:1078B000563302F5C6721CBF03F2511340F28D120B
:1078C0009CE700BF7659010140420F008B5901012E
:1078D000B259010121C0000170B5C56D86B00446E2
:1078E000002D00F0DB8095F82E30DE0722D5112028
:1078F00013F0D9FE0646E8B100F11003062104A8F2
:10790000049313F0D1FD2B46049953F8A02F0A607D
:107910005A684A609A688A60DA68CA6006230093E7
:10792000324600231121208811F08FF810B1304623
:1079300013F0D6FEE56D95F82E30980721D50B2073
:1079400013F0B1FE0646E0B100F11003072104A8D0
:10795000049313F0A9FD049BB5F8B0201A80049A93
:1079600055F8B23F13606B685360062300933246AC
:1079700000230B21208811F068F810B1304613F075
:10798000AFFEE56D95F82E30590722D5112013F082
:107990008AFE0646E8B100F11003082104A804930A
:1079A00013F082FD2B46049953F8BC2F0A605A68E5
:1079B0004A609A688A60DA68CA6006230093324691
:1079C00000231121208811F040F810B1304613F047
:1079D00087FEE36D93F82E301A0728D5082013F0A0
:1079E00062FE054618B300F11003092103A80393B2
:1079F00013F05AFD0DF1110104A812F067FB9DF878
:107A0000101003A813F050FD039BDDF811201A603D
:107A1000BDF815209A80062300932A4600230821EA
:107A2000208811F012F810B1284613F059FEE56DC8
:107A300095F82E30DB0622D5112013F034FE0646D1
:107A4000E8B100F110030A2104A8049313F02CFDFF
:107A50002B46049953F8D32F0A605A684A609A68F3
:107A60008A60DA68CA600623009332460023112137
:107A7000208810F0EAFF10B1304613F031FEE36DBC
:107A800093F8EA2052B95B7913B9204608F00EFD4D
:107A9000E06D18B113F036FE0023E36506B070BD4B
:107AA0002DE9F047C388172B8CB0074640F0BD8006
:107AB000837A0C2B07D003F0FD03082B03D0802022
:107AC0000CB0BDE8F0874FF4407013F019FE80460B
:107AD0000028F4D01022002108A813F0F9F95E4B19
:107AE000CDF808801B681C6800250CBB284613F0E5
:107AF00007FE0646002800F094802A46414613F00F
:107B000047F9404613F0FEFD04AB2A46314608A86B
:107B1000FFF708FD304613F0F5FD3B685A6804ABEB
:107B200003CB1060516003CB9060D1600020C7E7A9
:107B3000A689E389B34201D22468D6E7B4F80C9051
:107B40006368A6EB090903EB091999F80E305B0786
:107B50004FD4D9F8001001A813F0A0FCBDF80430F0
:107B6000A3F52052032A02D9B3F5245F44D1D9F8F2
:107B7000083093F800A055441FFA85FA0AF104056D
:107B8000ADB2B5F5407F4CD8314602A813F092FC57
:107B9000BDF8041002A813F08DFCD9F80830D9F80C
:107BA00004101A7802A813F007F9BDF8042042F671
:107BB00002039A421DD1D9F808301B88042B18D132
:107BC000D9F804100DF1060013F068FC03AA04A90B
:107BD000BDF8060010F0FCFF58B10AF11405ADB273
:107BE000B5F5407F1DD8049B1022596802A813F0F8
:107BF000E3F80136B6B29CE703F55643FF339BB278
:107C0000042BF6D80435ADB2B5F5407F09D831461E
:107C100002A813F04FFCBDF8041002A813F04AFCB0
:107C2000E7E7404613F06EFD49E7152B7FF447AFB9
:107C3000837A0C2B04D003F0FD03082B7FF43FAFB5
:107C4000B88811F08DF900283FF439AF3B68827A8B
:107C50005B681A706AE700BFA00000202DE9F341BD
:107C60000E4604464FF4003190F85000174611F0CC
:107C7000AFFD3378990609D53369236603F59C7304
:107C80005B0040F27122B3FBF2F3236233785A06B1
:107C900009D57369636603F59C735B0040F271223A
:107CA000B3FBF2F363623378DB0744BF737884F885
:107CB000513033789D072BD5B3784BB301204FF467
:107CC000006111F085FDA378580700F1A080D4F879
:107CD0000880B8F1000F68D098F80030012B4546B5
:107CE00002D1404609F020FB0023C5E91A3385F88C
:107CF0005330AB702B886D6123F49F6323F007032F
:107D00002B8028460BF050FCAB7843F00403AB709B
:107D10003378590744BFB368A36533781A0744BF63
:107D2000B388A4F854303378DB063BD5F368E269B6
:107D3000E3655B0A9A4235D0012FE36132D001231B
:107D400084F85330A36E6BB394F852300DF10201F6
:107D500001A8002B38D110F0FBFF01992D4AE369EF
:107D60005B1A116891F8402202F58E72DBB231F88D
:107D7000121001F2A932520040F27120B2FBF0F26F
:107D80009A423DD85843BDF802309B08C3EB5003DC
:107D900001F271229A4205D86464591A04F138003C
:107DA00004F01EF802B0BDE8F0812569002DAFD0C7
:107DB00078222146284612F091FCA560EC60C4F8B8
:107DC0000C80C5F808808FE710F0C2FF019AA36D00
:107DD000B4F854101A44BDF802300B449BB240F280
:107DE000E1418B42C2F31602019285BFA3F2E24346
:107DF0000132ADF80230ADF8023088BF0192ACE735
:107E00000022114694F850000AF056F9CAE72546B8
:107E10006AE700BF9001002038B5634B1A6805205F
:107E200060F31F721A6013F0EAFB60490A8840F29F
:107E30003B1060F30F020A805D4A108840F0010099
:107E40001080088840F2E24464F30F000880118833
:107E500041F002011180A2F2C4524FF43470116853
:107E600060F31A41116002F570723430118860F3CA
:107E70000F011180A2F2AC721420116860F3174157
:107E800011604C490888A4F5DB7464F30F00088086
:107E90004FF088411446096C02F2BC7201F4405163
:107EA0001088B1F5005F0CBF24250C2565F3070091
:107EB0001080414A414910886FF3070010801A680A
:107EC0006FF307021A603E4A13686FF300031360F2
:107ED00013686FF34103136013686FF304131360A7
:107EE00013686FF34513136013686FF38613136001
:107EF000344B18886FF30000188018886FF3410026
:107F0000188018886FF30410188018886FF34510D4
:107F1000188018886FF386101880106840F00400ED
:107F20001060106840F0080010601A8842F00402E7
:107F30001A801A8842F008021A8023685C2262F3D1
:107F40000F232360B1F85031A12262F30F23A1F86F
:107F50005031B1F850318C2262F30703A1F850314F
:107F6000D1F8143102F26F1262F31843164AC1F8C5
:107F70001431136843F000531360144B1A686FF305
:107F80009E721A60503B1A686FF310421A60B1F883
:107F9000083C122262F349130D4AA1F8083C1388E9
:107FA00043F00303138038BD0C3A0141043E014104
:107FB000183E01411C3C0141043A014100240141A9
:107FC000203A0141283A0141003F01410037014177
:107FD000203801412DE9F04F07298DB0054601D029
:107FE000152936D1053901321FFA81FB04A805A9EC
:107FF000059212F0A5FD05A90DF1120012F0A0FDE9
:1080000008A85A4605A912F0CDFE28460EF092FFA8
:1080100018BB5A465B4908A812F052FB002840F0F2
:10802000AB80BDF81000002800F0A880BDF8121049
:10803000884200F2A38006AB5FFA8BFB07AF009388
:10804000019708AB5A4609F01FFF044668B90A2099
:1080500003E00023ADF810300420C3B2BDF81020B7
:108060001021284609F0C6F852E0079B5B68D3E967
:108070000112107813F056F8069A03468246D27B16
:108080002888012108F06CF880B210B1ADF81040DA
:10809000E3E7A88813F007FB8046002870D0069B12
:1080A0009B68B3F8009009F1040600F11003112158
:1080B00005A8B6B2059313F0F7F9F1B205A813F0CD
:1080C000F3F9214605A813F0F5F9079B05A8D9890E
:1080D00013F0F0F9069B9A685968128805A812F007
:1080E0006BFE09F10604A4B2079BD8894FF6FF7313
:1080F000984204D0AB8804EB060999450BDD424653
:108100002146284612F018F910B1404613F0E8FA5B
:108110000DB0BDE8F08F06AB013080B2009301973F
:1081200008AB5A46BDF81210ADF8100009F0ACFECD
:1081300003900028E3D0069A93681B880433B34267
:10814000DDD15346D27B2888012108F009F80028A8
:10815000D5D1039905A813F0ADF9079B05A8D989D6
:1081600013F0A8F9069B9A685968128805A812F0BE
:1081700023FE1FFA89F4B7E710206EE701206CE7B1
:1081800011206AE75CB701012DE9F84F5D4B1B68D0
:10819000002B40F0AE805C4B1D6801351D60E5B1E1
:1081A0005A4B1B68AB4225D90024594B1B68DB6A2C
:1081B00003EB8303574A52F82330022B28BF0124D4
:1081C000554B1B68002B00F09180544B1B68002B13
:1081D00018BF01242046BDE8F88F514A1168514B61
:1081E000186810601960504A13680133136011F069
:1081F000FFF9D5E700244A48A3464C4E4FF0010C46
:10820000444ADFF80C8135E0404B4FF0FF321A60F2
:10821000CBE73E4B1960C8E7D96AD6F800A00CFA44
:1082200001F949EA0A09C6F8009001EB810102EB65
:10823000810149689960D1F80890C3F80C90C9F899
:1082400004E0C1F808E0D3F82C904FEA890101EB73
:10825000090E02EB8E0AC3F814A052F82E10013159
:1082600042F82E10D8F800E0D96ADEF82C30994296
:1082700088BF012403681B68002BC5D00368DB6836
:10828000DB6859688D42C4D3D3F81490D9689F68CD
:10829000B9609F684F6003F1040ED9F8041071456E
:1082A00004BFD968C9F80410C3F814B0D9F8001095
:1082B0000139C9F80010D3F82890B9F1000FABD0FC
:1082C000196ADF69B960DF694F6003F1180AD9F8EC
:1082D0000410514504BF196AC9F80410C3F828B046
:1082E000D9F800100139C9F8001095E706F011FA25
:1082F0006BE7094A13680133136006F00AFA002499
:1083000068E700BF28F5002048F5002038F5002078
:1083100014F5002098F0002040F500204CF50020D6
:1083200018F500201CF500203CF5002030F5002059
:108330002DE9FF470025044689461F46057001F1D7
:10834000FF3813780BB145450BD3624B1B7803B94B
:108350002370454588BF09F10105284604B0BDE8F2
:10836000F087252B07D05B49097811B904F8013B48
:1083700001350132E5E75378252B37D0561C337889
:10838000302B4FF000001AD101464FF00A0C725CFE
:10839000A2F13003DBB2092B0ED922F0200EAEF190
:1083A000410EA2F16103BEF1050FDBB206D8052B29
:1083B00026D8A2F15703DBB2092B29D90E44337812
:1083C0006C2B08BF01363378702B5FD027D8632B16
:1083D00039D0642B51D0582B3AD13E4B3A681B7898
:1083E00003920437002B68D1019058E0394909788D
:1083F000961C0029C3D104F8013B01353246A0E7A1
:10840000A2F14103052B02D8A2F13703D3E70023E1
:1084100001310CFB0030735C002BB8D1CEE7752B1B
:1084200018D0782BD9D0732B12D13B680437013B7D
:108430005A1C0DD013F8012F52B1454508D204F84B
:10844000012B0135F4E73B6804F8013B04370135A3
:10845000721C76E71F4B3A681B78039204370BBBFC
:10846000019000930A23A8EB050120460AF0F0FCD6
:108470005FFA80FA54445544EAE7164B3A681B7891
:108480000392043773B901900123EAE7114B3A686C
:108490001B78039204372BB9042301930123009323
:1084A0001023E0E7002808BF04205FFA80FA524654
:1084B00003A9204612F012F9DCE740B1C107C0F36E
:1084C000470AF4D50AF1010A5FFA8AFAEFE74FF09A
:1084D000010AECE7F6F500202DE9F74305463520C3
:1084E00013F00EF90446102013F00AF90646102086
:1084F00013F006F907460CB106B150B95C4B009376
:1085000000220423C321EE2005F0FCFA03B0BDE8ED
:10851000F083584A1368036053684360936883602C
:10852000D368C360E96D334620222F31FEF7FAFF8E
:1085300095F8038050484FF4807904F1020E2B1D0A
:1085400004F1090C05F10B0104F11002A4F80090EC
:10855000B8F1000F4ED1D3F80090C4F80290B3F8F0
:108560000490AEF804909B798EF806300B68C4F83E
:1085700009308B88ACF804308B798CF80630E96DC3
:1085800001F5C0710B6823614B6853608B68936081
:10859000CB68D360EA6D02F5E0722146136823626E
:1085A000536863629368A362D368E3620123206324
:1085B00084F83430EB6D3522A0333046FEF7B2FF3D
:1085C000E96D2846A0310EF0FBFE84F83480EB6D97
:1085D0003522063321463046FEF7A4FF204613F02D
:1085E00091F8304613F08EF8384603B0BDE8F043FA
:1085F00013F088B8D1F80080C4F80280B1F8048084
:10860000AEF8048089798EF806101968C4F809104C
:108610009988ACF804109B798CF80630E96D01F567
:10862000C0710B6823614B6853608B689360CB68A3
:10863000D360EA6D02F5E072214613682362536845
:1086400063629368A362D368E3620123206384F8C2
:108650003430EB6D3522A0333046FEF763FFE96D11
:108660002846A0310EF0ACFE002384F83430AEE78B
:108670001CAE0101F4B10101656C74622DE9F04199
:1086800082B00378012B04D0022B76D002B0BDE873
:10869000F08144682378062BF8D801A252F823F021
:1086A000BD860001F1860001018700018D86000171
:1086B0008D8600018D86000133870001A378002B91
:1086C000E4D1554B1D68AB784BB10123A81C19466A
:1086D00010F8232022B10133082BF8D1D6E700216E
:1086E00005EB810301229A70A38825F82130CDE79C
:1086F000608810F00BF80028C8D000220260C5E79F
:108700006588284610F002F806460028BED0C378D7
:10871000002BBBD02379002B0CBF072308238DF837
:108720000030ADF8025068460EF05AF90023F3709D
:10873000ACE7394B1B6893F82A30002BA6D0B4F86D
:108740000480E788268965892B46324639464046AB
:1087500009F082FA60B1ADF80080ADF80270ADF8B2
:108760000460ADF806506946608811F059FE8DE747
:108770003B21608811F059FD88E744682378E3B114
:10878000012B83D1658828460FF0C0FF06460028DC
:108790003FF47CAFA388002B3FF478AFC378002B65
:1087A0003FF474AF08238DF80030ADF802506846EE
:1087B0000EF016F90023F37068E7658828460FF07D
:1087C000A5FF00283FF462AF134B1B6893F82A30D3
:1087D000002B3FF45BAF63892289E188A08809F010
:1087E0003BFAA0B10021284611F02EFDA388ADF878
:1087F0000030E388ADF802302389ADF80430638996
:10880000ADF806306946608811F0FCFD3EE70121B5
:10881000284611F019FD39E7E8F4002037B5428801
:1088200040F201139A4204460D4605D00821204625
:1088300009F03AF903B030BD07F012F90028F5D17C
:10884000E06D019501A9E43012F01FFDE06D01A972
:10885000E53012F01AFDE06D01A9E63012F015FDC9
:10886000E06D01A9E73012F010FDE06D01A9E830DC
:1088700012F00BFDE06D01A9E93012F006FDE36D89
:1088800093F8E72084F85220A27A83F858212346EF
:10889000E26D53F8041FC2F859119B88A2F85D31AC
:1088A000E36D93F8E620D50704D5414A1268527863
:1088B000D00701D401225A71E26D92F8E730073BEC
:1088C000092B01D90621B2E792F8E630384D13F0B2
:1088D000080F2B6803D19B7923B10321A7E75B78AD
:1088E000C3F3C00384F8573020460AF0EBF82B6836
:1088F000DA7932B15B78590703D5E36D5B78012BE8
:10890000EBD020460EF07FFBE36D5A7812F1FF3179
:1089100018BF012184F8561094F85710002940D050
:10892000012A03D093F8E7200F2ACBD993F8E82047
:1089300022F0090283F8E820E26D92F8E93023F092
:10894000090382F8E930E26D92F82C3092F8E810D1
:108950000B4023F0040382F82C30E26D92F82D30A6
:1089600092F8E9100B4023F0040382F82D30022323
:108970001049A37004F1600003F032FA082012F0ED
:10898000BFFE014600283FF455AF0623037023883D
:108990008380E36D93F8E6308371082012F02AFE9D
:1089A00048E793F8E920D2075CBF01225A71CAE771
:1089B000A0010020A064D10130B5624D2B688BB0BE
:1089C000C3F80402044612F039FD58B14FF40041D7
:1089D00094F8500010F0FCFE0022012120460AF01D
:1089E0002FF84FE0002C4DD02378022B4AD1ADF860
:1089F0000E000DF10E0104A810F0AAF994F85230FF
:108A0000012B18D1049AA36DBDF80E101A44B4F8C6
:108A100054300B449BB240F2E1418B42C2F3160248
:108A2000049285BFA3F2E2430132ADF80E30ADF8F7
:108A30000E3088BF04922B68049993F8402203EB10
:108A400042032046B3F83432BDF80E200FF096FFF3
:108A5000A3785A071ED51B071CD5E5684FF4803153
:108A6000012010F0B5FE00220121204609F0E8FFA8
:108A70002B78022B08D12846FFF79EFFA3786FF3CF
:108A8000C303A3700BB030BD00222146012009F0C2
:108A900013FBF3E72B68D3F80822002A4DD10028F6
:108AA0004DD1C3E98104236F1B7A1A1F012A03D811
:108AB000042B3CD111F086FD206F12F031FDA26A2B
:108AC00094F8500040F2712353435B08E3624FF483
:108AD000007110F07DFEA1782046C1F3800106F000
:108AE00063FF2B68D3F8443233B194F85100032864
:108AF00094BF002001209847656F03232370002D49
:108B0000C0D0236FCDE90534E36D0793E36A089382
:108B1000A378C3F380038DF824300AAB13E9030074
:108B20008DE8030005AB0ECB0020A847AAE7B4F8F8
:108B30005410A06D11F0DCF8BEE70028A2D04FF46D
:108B4000807145E7900100202DE9F041477817F04A
:108B50000407BAB0044610D190F85030D0F8148011
:108B6000012B04D1404508D140F6111312E04045D5
:108B700009D098F80120520717D46078C0F380001C
:108B80003AB0BDE8F081C26D520AC261002BEBD150
:108B900003F20123ADF818300EE0012766E0012F43
:108BA000FBD163786FF382038FE0002BDCD142F2BC
:108BB0000523ADF818300127E66E06F59C7640F2E5
:108BC00071237600B6FBF3F6A38CB6B29D19ADB255
:108BD000B5F5487F88BFC3F54876D8F81C300793B1
:108BE00084BFB6B24FF4487511F080FA384BDFF805
:108BF000E4C01A6892F8403202EB430240F23911A5
:108C0000B2F83832B2F83C221A44B2FBF1F2013227
:108C1000104494F85220012A00EA0C0005D1E269C0
:108C2000A16D521A02EA0C020792D8F82420A16E14
:108C300003F2A93340F2712C5B00B3FBFCF3134445
:108C400001F59C725200B2FBFCF29A4202D2002F54
:108C500018BF1A46079B1F4913440B401F1A17F4ED
:108C60008007F9D1013D1D4407930D4000238DF885
:108C7000163001238DF81730079BCDE908350DF12B
:108C8000170301930DF120080DF1160306A80093B8
:108C9000CDF80880334607AA2146C05DFCF72EF9BF
:108CA000079B00939DF817209DF816104346204619
:108CB00002F0DEFE00283FF472AFE369EB1A5B02BC
:108CC0003FF56DAF637843F00403637055E700BF71
:108CD00090010020FFFF7F002DE9F743D0E9035802
:108CE000008910F03DF90446002800F0B78090F8A4
:108CF0003D30002B00F0B48015B1B8F1000F11D158
:108D00008DF8043012F04CFB0823ADF806008DF806
:108D1000053001A9208810F086FB054655B984F876
:108D20003D5007E0082B4CD01C2012F0E9FC064611
:108D300020B90225284603B0BDE8F0831820308012
:108D400094F83D300A2B0CBF0B230D23B3702B6816
:108D5000C6F8033006F103096B68C9F80430AB6844
:108D6000C9F80830EB68C9F80C30D8F80030C6F8FC
:108D70001330D8F80430C6F81730A38883421AD8C5
:108D8000276C27B912F0BCFC0746002864D0314696
:108D900020880DF0D9FE054648B932884946384644
:108DA00011F09CFC2764304612F0ACFCB6E7384664
:108DB00012F0A8FCF7E7314620880DF0C5FE054605
:108DC000F1E71A2012F09CFC06460028B1D01A23C5
:108DD0000380837012F0E4FAA6F803002B68C6F84B
:108DE0000530771D6B687B60AB68BB60EB68FB6030
:108DF000D8F80030C6F81530D8F80430C6F8193065
:108E00003288A38802329A4221D9023B9BB2338036
:108E1000B370D4F84080B8F1000F04D1182012F0DC
:108E20006FFC8046C0B1314620880AF00AFF054633
:108E300058B9434607F1180257F8041B43F8041BBE
:108E40009742F9D1C4F84080ADE74046B0E73146DB
:108E500020880AF0F6FEB2E70225A4E7032569E7B9
:108E6000012567E770B5C0B2012894B0154615D04A
:108E700028B1022800F09680002014B070BD574C35
:108E800011F0BCFB23689B6C984710B123685B6EA4
:108E90009847002103200AF01BF8EDE7504C2368A7
:108EA0001B7F01934F4B009302231A46EC2077213E
:108EB00004F028FE2368986C20B107F073FF236844
:108EC00000229A642368186C20B10DF05DFF2368BE
:108ED00000221A64414A13680021197026682D780F
:108EE000337FA5B3012B21D141F20903ADF808303E
:108EF0008DF80C502022FF210DF10D0011F0E8FF3C
:108F00003A2D0FD1337F012B05D170690FF080FC12
:108F1000236800225A61236818690FF079FC2368DE
:108F200000221A6102A80FF0DBFCA5E741F208035A
:108F30002022FF210DF10D00ADF808308DF80C5006
:108F400011F0C6FF2022FF210DF12D00D6E7BBB99D
:108F500012680121517025688DF80C3041F2080229
:108F6000ADF80820296920220DF10D0011F0B6FBA3
:108F70002969202211440DF12D0011F0AFFBCAE741
:108F800041F20903ADF808308DF80C502022316908
:108F90000DF10D0011F0A2FB70690FF039FC236890
:108FA0005D61B8E71678104D0D2400BF55F8043BFD
:108FB00073B9013C14F0FF04F8D101200EF0BCF9A4
:108FC0000A4B8DF80C401C700E23ADF80830A9E751
:108FD000304698470028ECD04EE700BF1C01002027
:108FE0002401002058B60101E800002020010020E3
:108FF0002DE9FF470C460FF0B3FF054620B90324C7
:10900000204604B0BDE8F0872088013880B24FF6D2
:10901000FD739842F3D8AB886288033B9A42EED83E
:1090200002AA01A90FF0D4FD0028E8D0019E4E4904
:109030003068022211F044FB0028E0D194F8F820B7
:1090400073681B2A1B784CD113F0100FD7D02088DF
:10905000013002AA01A980B20FF0BAFD0028CED0DB
:1090600022880199013292B2284610F001F90028B5
:10907000C5D1019B0DF10200596812F00FFA94F866
:10908000F8601B2E32D1BDF80230DA07B7D5B4F83C
:10909000029034F804AB09F103081FFA88F840463F
:1090A00012F001FB074600285BD000F110033146A7
:1090B00003A8039312F0F8F9514603A812F0FAF945
:1090C00021464A46039811F009FB3A464146284694
:1090D00011F032F90446002892D0384612F000FB15
:1090E0008EE71D2AB3D113F0200FAFE71D2E86D1D6
:1090F000BDF802309B0782D523882B82AB7C73BBE3
:10910000B4F80290B4F800A009F103081FFA88F837
:10911000404612F0C8FA074618B300F11003314672
:1091200003A8039312F0C0F9514603A812F0C2F944
:10913000211D4A46039811F0D1FA3A464146284685
:1091400011F0FAF804460028C7D10123AE74A5F83F
:109150007E30064905F1740002F042FE50E7072414
:109160004EE702244CE700BF5AB70101A064D101C9
:109170002DE9F34790F85050012D04460FD0594B7C
:109180001B6893F8402203EB4203B3F83852B3F85C
:109190003C321D4440F23913B5FBF3F50135524F13
:1091A0000026A36E03F59C7340F271225B00B3FBB3
:1091B000F2F3E2691344E26D3B40C2F30802E3615B
:1091C00002EB4323E36594F852300DF1020101A84C
:1091D000FBB90FF0BDFDDDF80490D4F81C8009EB5D
:1091E00005033B40A8EB03035A0209D494F850301E
:1091F0005BB3637843F00403637002B0BDE8F087AB
:10920000013616F0FF06CCD00021204610F089FE72
:10921000C7E70FF09DFD019AA36DB4F854101A44EE
:10922000BDF802300B449BB240F2E1418B4202EAAE
:109230000702019285BFA3F2E2430132ADF802308A
:10924000ADF8023088BF0192C5E794F85230BDF8FE
:109250000260012B08D1A36DA8EB0308A9EB030959
:1092600008EA070809EA07091E4D0EF043F82B68C3
:10927000D3F814A210F034FAB608BAF1000FB8D03F
:109280000EF038F8DAF8007010F02AFADAF8080070
:1092900043785B0724D5C369434521D1C36D08F1E9
:1092A0000102C3F30803C26103EB4223A2EB0902EC
:1092B00040F27121C2F316024A432968C36591F84E
:1092C000403203F58E73C6EB520231F8131001F2EF
:1092D00071239A4204D34064511A383002F080FD61
:1092E000BA46CAE790010020FFFF7F002DE9FF4743
:1092F0000678012E054672D02EB1032E00F09A801A
:1093000004B0BDE8F0878478002CF9D1534ED6F82C
:1093100000A00AF1100300BF53F824705FFA84F92B
:1093200077BB902012F0ECF904F104084AF8280009
:10933000336853F82800B0B19022394611F0C8FDC7
:109340003368A400234417211A6991801B6983F8AC
:10935000029033681C440122236983F88D2023691D
:109360005F6523699F65336853F8284064B93C4BB7
:109370000093002204239221EE2004F0C3FBBFE7F8
:109380000134082CC8D1F2E7AB882380AA79E378AE
:1093900012BB43F02103E370204609F0D5FBB4F87B
:1093A0006430A178A16640F2014203F0F803134350
:1093B000A4F86430B4F87C30C4F8801003F0F803EB
:1093C0001A433368A4F87C20DB68002B98D0284629
:1093D00004B0BDE8F047184743F01103DBE74588C8
:1093E00028460FF0BDFD044650B9CDE901561D4B8E
:1093F0000093024604239321EE2004F083FB7FE7D1
:10940000037ADB0710D54FF4827012F079F940B17E
:109410001122027022888280A27A8271042110F0C7
:1094200027FA20460EF076F8A07804B0BDE8F047A1
:1094300007F090B80379002B7FF462AF4488204690
:109440000FF08EFD024628B9064B0093CDE9014688
:109450000423D0E7012380F88C3051E7A4010020D9
:10946000B4680101CE6801012DE9F0410678012EB2
:1094700086B0044667D026B1032E7BD006B0BDE887
:10948000F0818578002DF9D1524E376807F12C0311
:1094900053F82580B8F1000F20D178200A3512F05A
:1094A0002FF9AA003368174413447860586818B13C
:1094B0007822414611F00CFD336803EB85056D6899
:1094C00085B923780293A3880193434B009300222C
:1094D0000423C921EE2004F015FBCFE70135082D48
:1094E000D6D1EEE70127AF70A6882E80A379EB7066
:1094F000234653F8082F6A609B882B81E379003359
:1095000018BF0123AB72E379BB420FD81434002398
:109510000622214604A80493ADF8143011F0D0F8C7
:1095200020B123686B60A3882B81AF72102385F86C
:109530005230AB6E03F0F80343F4A06343F0010331
:10954000C5E91A369AE7458828460FF02BFF0446EE
:1095500038B9CDE90156214B009302460423CA21B4
:10956000B8E7603004F000F9204606B0BDE8F041ED
:109570000DF048BF478838460FF014FF054610B974
:10958000CDE90176E7E72379002B7FF477AF6030F0
:1095900004F0EAF8EB6DCBB1EA78012A12D195F824
:1095A00057205AB95A794AB193F82E20D20705D5D7
:1095B0000022A0331146284607F0BEF92846FEF7E0
:1095C0008BF903E093F8EA30002BF7D0012385F8FC
:1095D000593053E7A00100200B4E01013C4E010120
:1095E00000B589B0F8F7CCF900F00CFF444B1868CF
:1095F00020F49F7020F001004FF2D0231B6840F050
:109600001200984711F0F2FA09F062FD04F0F9FD3A
:1096100011F0F6FA0120F8F75BF93A4B3A4A1A6072
:109620003A4A5A603A4A9A603A4ADA603A4A1A61C1
:109630003A4A5A613A4A9A613A4ADA613A4A1A62AD
:109640003A4A5A623A4A9A623A4ADA623A4A1A6399
:109650003A4A5A633A4A9A633A4ADA633A4A1A6485
:109660000021102008F082FE00231A4619463748D0
:109670000CF0AEF900230593069307930DF1160045
:10968000FAF786F99DF8153060F300038DF8153070
:109690000DF11D00FAF78EF99DF8153060F34103C6
:1096A0008DF8153005A8FAF7ABF910B903238DF83A
:1096B00014300DF11F010DF11E00FDF7F2FD9DF8B4
:1096C000153060F382038DF8153000230193029367
:1096D000039304934FF4F840009010F0E5F90190E3
:1096E0000223049305AB6A460649184801F038F98D
:1096F00010F07AFE0BF04EFC09B05DF804FB00BFE1
:10970000002401441800002065A80101E9AA010114
:10971000D15901018FAF01017DA80101DD7C01015B
:10972000A1AF01014DA80101D7AB0101A17C01014D
:109730006BAF01017DAF0101AFAB0101C3AB010113
:10974000D3AA0101A99A010109B601011000002064
:109750002DE9F04710F03AFC504B1A68013A1A60B4
:109760001B68002B40F093804D4B1B680BB9002405
:109770008EE000234B481D464B4C01264B4ADFF838
:1097800038A1DFF830C1016800295DD0C368DB680B
:10979000D3F828E0D9691F6A8F60196ADF694F60C2
:1097A00003F11808DEF80410414504BF196ACEF829
:1097B00004109D62DEF800100139CEF80010D3F8D5
:1097C00014E0D9689F68B9609F684F6003F104088E
:1097D000DEF80410414504BFD968CEF804105D617D
:1097E000DEF800100139CEF80010D96AD4F80090E4
:1097F00006FA01FE4EEA090EC4F800E001EB810111
:1098000002EB810149689960D1F808E0C3F80CE0E7
:10981000CEF80480C1F80880D3F82CE04FEA8E011E
:1098200001EB0E0802EB8809C3F8149052F82810D7
:10983000013142F82810DAF80010C96ADF6A8F4255
:10984000A1D9CCF800609EE70BB10FF0D1FE184B08
:109850001C686CB1174E012501E0013C05D0FEF7F4
:1098600093FC0028F9D03560F7E7114B00221A600D
:10987000104B1C6864B1104B1B68104B4FF08052AA
:109880001A60BFF34F8FBFF36F8F012400E00024F5
:1098900011F0D4F92046BDE8F08700BF28F500207C
:1098A00020F50020E4F3002030F5002098F000209F
:1098B00040F500204CF5002014F5002004ED00E0F8
:1098C000F0B58DB0002304290546ADF80C30ADF895
:1098D0000E308DF809308DF80A3040F29780053946
:1098E000013203A88FB204A9049211F029F904A946
:1098F0000DF10E0011F024F92846049E0DF01AFB1C
:109900000446002868D11221BDF80C000CF056FE68
:109910000446002860D106AA05A9BDF80C000FF086
:1099200057F9002876D0069B5B68D3E901121078BE
:1099300011F0F8FB059A0346D27B2888102106F027
:109940000FFC84B2002C47D1BDF80E301BB1059B33
:109950009B7BDA0660D595F83B30072B5ED8059BDC
:109960009B7BDB072ED52B88ADF82430BDF80C305F
:10997000ADF82630BDF80E30ADF828301623ADF81E
:109980002C300DF10901059B07930DF10A0207A880
:10999000ADF82A70089604F0C7FB9DF80A309DF8D0
:1099A0000B10044643B3072916D8063155F8210099
:1099B00090B111F0A7FE9DF80B300633002245F858
:1099C000232009E0BDF80C200DF10B0128460CF016
:1099D00083F804460028C6D09DF8093053B9BDF875
:1099E0000C20ECB9BDF80E30009331463B462846BA
:1099F0000BF04AF80DB0F0BD8B1D55F82330002B4D
:109A0000EAD007AA28460AF0CBF9E5E71E461F462A
:109A10000424E1E70124DFE78024DDE70924DBE714
:109A2000E3B21621284607F0E5FBE3E72DE9F8430A
:109A3000DFF858913D4E3E4CDFF854813D4F0025F4
:109A40004846002111F060FE29463B48357011F070
:109A50005BFE337839493A4804EB03121160394907
:109A60005160394991603949D1605A1CD2B204EB36
:109A7000021250603648D760C2F8008090609A1C8D
:109A8000D2B204EB021233481060334850603348BE
:109A900090603348D060DA1CD2B204EB0212314835
:109AA00050603148C2F80080C2E902071A1D2F48F1
:109AB000D2B204EB0212C2E90009DFF8D8902C48B8
:109AC0000533C2E9020148463370022300F8013B26
:109AD000072111F019FE09F1030042F6A62111F049
:109AE00013FE3178234A244804EB0113C3E902270B
:109AF0000122C3E900898B18204F0270DBB204EB0E
:109B00000313C3E900701E4898601E48D8601E48C1
:109B10000231C0E90054C9B285608281C1810574F7
:109B20003170BDE8F8430CF087B900BFF1F50020B3
:109B300038EE00200500000135EE00205CB7010181
:109B4000B7B601014EB7010150B701010200000193
:109B50003EB7010192910101F0F20020E6F40020ED
:109B600020001B11B2B6010142B0010102820101C5
:109B70002A6101013CB70101F2F500200A870101C9
:109B8000DE6901010100000120F4002052F20020F2
:109B90005AB70101D1F4002070B5594D2B68D3F8A4
:109BA00008420646002C00F08680D3F8483203B104
:109BB000984794F850202B6803EB82034FF48061A0
:109BC000D3F8FC21A24204BF0022C3F8FC2194F880
:109BD00050000FF0FDFD0023237026B10122314615
:109BE0002046FEF73BF82B680022C3F80822A36E3C
:109BF00013B1204610F073FB2B68D3F8FC0118B9A1
:109C0000D3F80002002857D00278022A54D1FEF778
:109C1000D3FEA378D90716D5B4F8013023F48173A5
:109C200043F00203A4F8013020460AF0C7FD2046A5
:109C300009F0A2FE204610F07FF84FF0007194F872
:109C400050000FF0C5FDA26E002A4ED1637862F37A
:109C500082036370A3789A0618D5A378E6686FF339
:109C60004513A37096B9204609F086FE20460BF0F6
:109C700041FB637866F300032046637010F04AF8F6
:109C80004FF0807194F850000FF0A2FD63786FF3ED
:109C9000C3036370A3691BB15A7842F020025A7063
:109CA000A1782046C1F3800105F07EFE2C680FF0FC
:109CB000F7F884F84C0270BD93F8F83123B1002214
:109CC0001146104611F0F2FC2B6893F8F931002B85
:109CD0009FD094F850004FF480510FF079FD00228E
:109CE0001146012008F0E8F993E7A3789B06B4D465
:109CF00020460FF059FD2046FDF724FBAAE700BFE0
:109D0000900100202DE9F0430446C278C36DA67A85
:109D1000407C0D468DB05549002A5AD109688DF80E
:109D20000000012091F8009091F80580B1F801E061
:109D3000B3F82CC0B3F8E470D3F8E6108DF8020045
:109D400002208DF809008DF801608DF803908DF8E0
:109D50000480ADF805E0ADF807C0ADF80A700391D6
:109D600008A803F5E073995C1DF802607140115476
:109D70000132102AF7D104AA08A9284604F0A2FF4C
:109D8000E178231D04F10B02002951D118689B884A
:109D9000ADF804301368CDF8063093880090ADF824
:109DA0000A30039104AA68461023117810F8016B59
:109DB000013B714013F0FF0302F8011BF5D1E26D86
:109DC00002F5D87204A9284604F07CFF0DB0BDE866
:109DD000F0830A688DF80100012092F800E092F803
:109DE00005C0B2F80110D3F8E4709A8DB3F8E8809A
:109DF0008DF8020002208DF80900ADF80E208DF8D4
:109E00000060CDF80370ADF807808DF80AE08DF89A
:109E10000BC0ADF80C10002208A803F5C073995CC4
:109E20001DF80260714011540132102AF7D1A2E7E7
:109E300010689288ADF804201A689B88ADF80A3043
:109E40000023CDF806200393009004A96B4610224E
:109E5000087813F8016B013A704012F0FF0201F824
:109E6000010BF5D1E26D02F5B872ABE7A00100205D
:109E700084B02DE9F84308AC84E80F0000200FF00F
:109E8000B9FE804601200FF0B5FEDFF84C91064682
:109E900002200FF0AFFED9F800100D7F0746002D0D
:109EA00059D1474C4748B4F8AC3043F04003A4F8CC
:109EB000AC3020221D3110F011FC202242494348D1
:109EC00010F00CFC20224249424810F007FCB4F884
:109ED000A43065F34103A4F8A430B4F8A43065F3CA
:109EE0000413A4F8A430B4F8A43043F08003A4F819
:109EF000A430B4F8A43065F30003A4F8A430B4F897
:109F0000A43043F00203A4F8A4304FF6FF71002000
:109F10000DF0ACF94FF6FF7101200DF0A7F94FF6E7
:109F2000FF7102200DF0A2F9414600200FF074FEEF
:109F3000314601200FF070FE394602200FF06CFE12
:109F400046F40051012089B20FF066FEBDE8F843E7
:109F5000002004B07047012DD7D1194C1948B4F82E
:109F6000AC3043F04003A4F8AC302022896910F0F3
:109F7000B5FBD9F8003015485969202210F0AEFB26
:109F8000D9F80030134859692022114410F0A6FB7B
:109F9000B4F8A4306FF34103A4F8A430B4F8A430AB
:109FA0006FF30413A4F8A430B4F8A43043F0800392
:109FB000A4F8A430B4F8A4306FF300039DE700BF09
:109FC0000024014100290141640D010120290141C2
:109FD000840D010140290141240100202DE9F043B5
:109FE00085B00446884601921D460027534E46E040
:109FF000A66B2A464146204609F0AEFDA36CA3B1EC
:10A00000022D00F0968020460BF03AFD38B14B4B04
:10A010004FF080521A60BFF34F8FBFF36F8F10F075
:10A020000DFE012005B0BDE8F083636A53B9002836
:10A03000F5D0424B4FF080521A60BFF34F8FBFF301
:10A040006F8FECE704F1240004F048F90028E6D013
:10A050003A4B4FF080521A60BFF34F8FBFF36F8FB0
:10A06000DDE710F0EBFD0020DCE702A810F042FC79
:10A0700012E0204607F0A8FDFFF76AFB01270FF06A
:10A08000A5FFA26BE36B9A42B2D3022D47D0019B8E
:10A09000002BE6D0002FE8D010F0D0FD10F0E2FF4A
:10A0A0000FF094FF94F844305BB2B3F1FF3F04BF6C
:10A0B000002384F8443094F845305BB2B3F1FF3F9D
:10A0C00004BF002384F8453010F0B8FD01A902A8B0
:10A0D0000AF090FFE0B90FF079FFD4F83890E76B01
:10A0E00010F0ACFDB945C4D1019904F1100010F095
:10A0F0006DF9204607F068FDFFF72AFB0028BDD167
:10A100004FF080533360BFF34F8FBFF36F8FB5E7CE
:10A11000204607F059FDFFF71BFB002082E7A66BE6
:10A1200002224146204609F017FDA36C002B3FF4A4
:10A130007CAF002E7FF473AF65E700BF04ED00E055
:10A140002DE9F04F97B00FF0AFFD504BDFF8509175
:10A150001A886FF3820283461A8000270BEB0703ED
:10A1600023F0704303934A4B1D7859F825404FF074
:10A170000208484B03EBC5030593002694B949F840
:10A1800025400024A6426DD8B8F1010F76D0404B8F
:10A190001D7885F001054FF0010859F82540E8E7E2
:10A1A0004746DBE7039A6368D31A1A01E7D494F8A9
:10A1B00014A0BAF1000F2AD104200AF063FA60B1AA
:10A1C000227A6AF345122272A26842600279E1683B
:10A1D0008160530718D10EF08BFD10F0D7F92D4B8D
:10A1E000049053F83520D4F800A0EAB92A4B009324
:10A1F00011460523EF2003F085FC04980FF030FD95
:10A20000002323755446B9E70CF0C2FCE5E71AF0C9
:10A21000020FE2D02369636016AA731C02EB860664
:10A2200046F8404C9EB2D8E7944210D143F835A08E
:10A23000BAF1000FE1D1059A03EBC5035A60DCE7E0
:10A240001A4623B9154B009301210523D2E7136861
:10A250009C42F5D123681360002BCED10D4B03EB4C
:10A26000C503EBE716AB03EB84030022039953F815
:10A27000400C013405F03CFBE4B283E7002F8FD0A3
:10A28000584617B0BDE8F04F07F07EBB203E0141B5
:10A29000FAF5002058F400208F6F0101A76F01012B
:10A2A000B0F4002084B02DE9FF4102280BAC84E813
:10A2B0000E0058D003285BD000284FD1DDE90D57A0
:10A2C0000C689DF83C6011F043F960B1DFF8308113
:10A2D00098F80000013000F0070088F8000010F046
:10A2E000E3FD0028F4D066B12946E06C0FF084FA53
:10A2F0003B4B984222D810F0ABF9636B98421DD3C8
:10A30000A06394F82F30CBB9227B002A226D14BFB2
:10A310004FF0040C4FF0010C2D324FF0340E5178F9
:10A32000D8B20EFB03F819B9917809B9117839B38D
:10A330000133D9B2614502F13402F0D3FF23294A37
:10A34000ADF8003010238DF8023013788DF803300B
:10A35000591C117020466946FAF75EFF04B0BDE84B
:10A36000F04104B070479DF834000FF0A9FAF5E70A
:10A3700000916B4604221C4901200AF0BBFAEDE76C
:10A380001A4B18701A4B19701A4B1970154B1A7812
:10A39000511C1970184B1A705EB9A38A40F27120D3
:10A3A000584310F0EEFB014628460CF0C9FCA763A9
:10A3B000E064236DE56343444FF00002A3F82B20D3
:10A3C0004FF470621A60012283F824200B4A13783C
:10A3D000B3FA83F35B0920461370F7F7ABFEBDE7D2
:10A3E00038FEFF7FFFF5002009010101C7010020B1
:10A3F000C6010020C8010020C901002000F600208D
:10A4000001F600204FF08842D2F8003113F4007FAB
:10A41000FAD04C4A536823F4704343F4805353609A
:10A42000536A13F0010FFBD04FF088430022C3F8AA
:10A43000B020454AC3F8B02002F12B42A2F54B12DE
:10A44000A2F6AB42C3F8B02003F520634FF40072CC
:10A450001A6001229A601A46136813F0010FFBD1AB
:10A460003A4BB3F8BA2442F00202A3F8BA24B3F884
:10A47000BA2402F0FD02A3F8BA244FF08843D3F8BF
:10A48000002122F07F42C3F800211A6D42F04052B1
:10A4900042F00C021A652B49CA6822F07E0242F093
:10A4A0000402CA600022C3F8B020274AC3F8B020D3
:10A4B00002F12B42A2F54B12A2F6AB42C3F8B02038
:10A4C00003F52063224A1A620A46536A03F0030323
:10A4D000032BFAD11F4B204A1A6001229A601A46B8
:10A4E000136813F0010FFBD11A4B48F20902C3F8AD
:10A4F000502140F201221A674FF400429A674FF050
:10A5000088434FF410421A6600221A67C3F880206D
:10A51000C3F890201149C3F8C010C3F8D02047F603
:10A52000FE72C3F8E020074A516841F01001516003
:10A53000116841F0887111604FF03332C3F8B020D8
:10A54000704700BF00400141556699AA00200141B3
:10A55000280101C0000A004405012000CF0381202A
:10A5600005292DE9F74F81460D464FF000070ED023
:10A57000ADF800704FF0010A3E460424E3B25246A3
:10A580000421484606F036FE002E7FD07BE00132E3
:10A5900001A96846019210F0D3FA01A90DF1020059
:10A5A00010F0CEFA4846BDF800A00CF0C3FC0446FB
:10A5B000002878D1BDF80030002B76D0BDF80220FD
:10A5C0009A4272D3B9F8040011F06DF8064608B942
:10A5D0001124D3E706F11003294601A8019310F0D6
:10A5E00063FF4FF00108334BBDF80050BDF8020087
:10A5F0001B681B68002B3DD09A89AA4202D9904261
:10A60000F7D31546D989A942F3D35B68AA1A03EB9D
:10A61000021B7DB3B8F1010F9BF80E3039D103F066
:10A620000403002B14BF02270127394601A814BFD9
:10A630001224042410F038FF4FF00208294601A824
:10A6400010F038FFA21E92B2DBF8001001A8A0445F
:10A6500010F0B2FB1FFA88F8B9F8043008EB0402D6
:10A660009A4207DC0135BDF80230ADB2AB42ADF81D
:10A670000050B8D2B8F1010F1AD0324641464846D0
:10A680000FF05AFE10B1304611F02AF803B0BDE8C1
:10A69000F08F5B0703D5012FEFD00227CEE7022F03
:10A6A000EBD00127CAE73E4668E70646012465E786
:10A6B0000A2463E7A00000202DE9F04184B004469D
:10A6C00001914FF00008464645464F4F43E0013B9D
:10A6D000A36323684BB123695BB910F0AFFA4FF065
:10A6E0000108404604B0BDE8F08110F0B1FAA06066
:10A6F000F1E704F1100003F0F1FD0028EDD0424B2A
:10A700004FF080521A60BFF34F8FBFF36F8FE4E7B3
:10A7100010F094FA4FF00008E3E702A810F0EAF80E
:10A7200023E00FF053FCA06804F088FD804610F091
:10A7300085FA40E0204607F047FAFFF709F809E0FC
:10A74000204607F041FAFFF703F8204610F0E2F93F
:10A75000002844D101260FF039FCA36B002BB6D1A1
:10A76000019B002BD4D0002ED7D010F067FA10F048
:10A7700079FC0FF02BFC94F844305BB2B3F1FF3F4F
:10A7800008BF84F8445094F845305BB2B3F1FF3F02
:10A7900008BF84F8455010F051FA01A902A80AF048
:10A7A00029FC0028CCD1204610F0B4F90028C1D0F3
:10A7B0002368002BB5D0019904F124000FF006FEA8
:10A7C000204607F001FAFEF7C3FF0028C2D14FF080
:10A7D00080533B60BFF34F8FBFF36F8FBAE7B8F181
:10A7E000000F3FF47EAF0FF0F1FB616A19B1236BEC
:10A7F0001968C1F10501A06806F012FC10F01EFAFC
:10A800004FF000086DE700BF04ED00E02DE9FF41C7
:10A810001D464D4B0093CDE9012180460F4616465B
:10A82000012302226021EC2003F06CF910F0A2FC5D
:10A8300000287AD12A200FF0D3FE10B917F00C0FA0
:10A840007ED116F0050F7BD0A9886B88994206F05F
:10A85000010206F0040675D83C4B1B6819683C4B96
:10A860001B681C68002381F82E3084F82E304AB310
:10A87000012381F80E80CF730B742A784A746B8899
:10A880004B82A888888295F806C081F816C083425A
:10A8900009D14FF6FB70834284BF4FF6FC738B8265
:10A8A0008B8A03334B82888A012381F82E300390F0
:10A8B000498ACDE90121274A0092D6210222EC20C3
:10A8C00003F020F93EB3032384F80E80E77323746A
:10A8D0002A7862746B886382A988A182A879A0759E
:10A8E0008B4209D14FF6FB718B4284BF4FF6FC734C
:10A8F000A382A38A03336382A18A012384F82E30C2
:10A900000391618ACDE90121134A0092A02102221C
:10A91000EC2003F0F7F80FF019FC012010F022FCF6
:10A920000024204604B0BDE8F0810C240B4B0093BA
:10A93000019401230022FF21EC2003F0E3F8F0E76B
:10A940001124F3E71224F1E710380101300100204F
:10A950002C01002031380101543801017A380101FD
:10A96000F0B5144687B020B919B10025284607B0C4
:10A97000F0BD002CF9D06268002AF6D02268002AC7
:10A98000F3D03F4A3F4F11603F4A40491060404E6C
:10A99000404D41488BB9414A3B70D2F800C0C1F8E4
:10A9A00000C00323B2F804C09279A1F804C08A71F0
:10A9B0003370F8232B700E231EE05A78D2074BBF5A
:10A9C0001A46364A52F802CFD2F800C0C1F800C089
:10A9D000B2F804C0A1F804C092798A71597811F0D4
:10A9E000020218BF93F909203A701A7832704E07A4
:10A9F000DFD59A7ADB7A2A700370294B0B221A7002
:10AA00000BF0BCFB224603AB52F8080F516803C39E
:10AA100090681860D4E90023590705D0D91D21F0AA
:10AA200007011A44521A0B46CDE901230EF044FEE9
:10AA3000DDE901010BF054FA03F03EFF0546002862
:10AA400093D0184B4FF48062C3F88420BFF34F8F2C
:10AA5000BFF36F8FA02183F82A13C3F884215A60B3
:10AA600003F014FD0DF0CAFC01A809F08FFB237B55
:10AA7000DB073FF57BAF0DF019F8054676E700BF21
:10AA8000BC000020C1000020B8000020C800002049
:10AA9000D0000020D1000020CF00002080B60101AE
:10AAA000C000002000E100E02DE9FF4105465020F4
:10AAB00010F026FE0446102010F022FE064604B1D7
:10AAC00050B9484B009300220423C121EE2003F02B
:10AAD00019F804B0BDE8F081EA6D02F5C07204F126
:10AAE000100013682360536863609368A360D368A1
:10AAF000E360EB7804F1300705F11208002B68D110
:10AB0000E96D2022EB310FF0E9FD20224146384665
:10AB10000FF0E4FDE86D33465022214600F5E07069
:10AB2000FCF700FD314603A80FF074FF03992E4A8D
:10AB3000B1FBF2F302FB13130393EB6D102283F8C6
:10AB40006F20EB6D32681A67204610F0DBFD30464F
:10AB500010F0D8FD0C20039C10F0D2FD0146002817
:10AB6000B7D0224AB4FBF2F303F13000887102FB44
:10AB700013434FF47A7042F21072B3FBF2F33033A6
:10AB8000CB71B4FBF2F302FB1343B4FBF0F2B3FB63
:10AB9000F0F300FB124230336420B2FBF0F23032AB
:10ABA0000B724A72B4FBF0F30A2200FB1343B3FBAF
:10ABB000F2F330338B72B4FBF2F302FB1344303404
:10ABC0000223CC720B702B888B800C2010F012FDAE
:10ABD0007FE7202241460FF081FDE96D2022EB3115
:10ABE00095E700BF44AE010140420F00A08601007E
:10ABF000084B41F202029852074A118041F20401C7
:10AC00005A5842F480125A50044A1368DB02FCD4AA
:10AC1000704700BF00200141003001410430014174
:10AC2000094B41F2020241F2040198525A5842F48F
:10AC300080225A5019440A685203FCD441F2280277
:10AC4000985880B2704700BF002001412DE9F041C3
:10AC500017460D46ED1B0135012406469846AC40CB
:10AC6000FFF7DEFF013C04FA07F504EA080420EAD6
:10AC70000500BC400443A1B23046BDE8F041FFF7F7
:10AC8000B7BF38B515460C46641BFFF7C9FF013442
:10AC90000123A340013BAB401840284180B238BD9E
:10ACA000074B41F614615A5842F004025A501944B5
:10ACB0000A685207FCD441F60C62985880B270477B
:10ACC0000020014170B5800086B2FFF7E9FF05461C
:10ACD00000BF00BF00BF0824B44200D370BDFFF71F
:10ACE000DFFF854288BF04F2E244641B10FA84F45B
:10ACF000A4B20546F0E7F8B54FF47A744CF250333D
:10AD000060430025B0FBF3F41E46A7B203FB140416
:10AD1000BD4207D164B14FF6F8702040BDE8F8405D
:10AD2000FFF7D0BF30460135FFF7CCFFADB2EFE7FC
:10AD3000F8BD00BF2DE9F0418AB0174602294FF057
:10AD4000000206460D468DF804208DF8052020D916
:10AD5000013302A90DF1060002930FF0F1FE304617
:10AD6000DDF808800CF0E6F8044630B93946BDF845
:10AD700006000BF023FC0446C0B1122F06D19DF84B
:10AD800004301BB954B930460BF0DFFD0AB0BDE802
:10AD9000F081122FADF80620F8D10424E3B2BDF8FB
:10ADA00006201221304606F025FAEFE704AA03A98F
:10ADB000BDF806000DF00CFF002859D0049B5B681D
:10ADC000D3E90112107810F0ADF9039A0346D27B53
:10ADD0003088102105F0C4F984B2002CCDD1039A3B
:10ADE000937B9289033D13F0080FADB232D1AA4292
:10ADF00032D103F02103202B30D03388ADF81C3042
:10AE0000BDF80630ADF81E300023ADF820308DF8C7
:10AE100025300DF10502039B059301A905A8ADF8A6
:10AE200022508DF82470CDF8188003F07DF9039B33
:10AE30009A7BD1070446A0D400289ED12A465868A0
:10AE400041460FF04BFC039B9A7B120795D59B68FC
:10AE50001D8092E7AA42CCD20D248EE7BDF80620D1
:10AE60004146304607F056F80446002885D1C4E72D
:10AE7000012482E70378012B00D0704770B594B0AD
:10AE800044682378002B62D1A3780BB114B070BD55
:10AE9000444B1E6833684BB1321D01231D4652F8E6
:10AEA000041B21B10133082BF8D1EFE70025202046
:10AEB0000EF0FAFD46F825003A4B1E6856F82500BC
:10AEC0000028E3D02022002110F002F856F8255087
:10AED000002DDBD0A3882B80A379AB70281D2346DF
:10AEE00053F8072F6A609A889B79828083710123C7
:10AEF000EB7005F08BF9A877082809D1A388ADF885
:10AF0000063001238DF8043001A80BF069FDBDE780
:10AF10004C22002101A80FF0DBFF01A9A87F02F05D
:10AF2000D5FE0028EAD19DF84C10C1F300029DF82F
:10AF3000003062F34103C1F3400262F300038DF875
:10AF400000306A46890828880BF0D1FFD6E7012B2C
:10AF50009CD100238DF804306388ADF806306088FA
:10AF60000BF062FD60B1827F8DF808200CF01EFCB2
:10AF70000D4B1B78002B89D000240C4E0A4D09E0A4
:10AF800008238DF80830F3E701342A78E3B29A42B7
:10AF90007FF67CAFE3B256F82330002BF4D001A843
:10AFA0009847F1E7ECF400200000002004000020A6
:10AFB0002DE9F04F092989B007460D4601D0172920
:10AFC00027D1013205A904A805920FF0B9FD05A902
:10AFD0000DF112000FF0B4FD03A8022205A90FF035
:10AFE000E1FE3846DDF81490BDF810800BF0A2FFAA
:10AFF000002874D1BDF81030002B72D0BDF812209B
:10B000009A426ED3B88810F04EFB044680B91120E6
:10B0100005E00024ADF810404FF001080420C3B251
:10B0200042460621384606F0E5F8002C54D050E0A0
:10B0300004F11003072105A8059310F035FA073D28
:10B04000ADB20126DFF8A0B00DF11C0A06AB0093EB
:10B05000CDF804A003AB0222BDF81210BDF8100019
:10B0600006F012FF58B30222594603A80FF028FB3E
:10B070000028EBD1069B9A681288AA4211D12A4671
:10B08000494658680FF01CFB58B9079B05A89989D9
:10B0900010F010FA079B05A8D98910F00BFA0436B6
:10B0A000B6B2BA88331D934209D8079BBDF8122067
:10B0B000DB8901339BB29A42ADF81030C2D2012E27
:10B0C00001D10A20ABE72246314638460FF034F969
:10B0D00010B1204610F004FB09B0BDE8F08F002449
:10B0E0009DE7044601209AE75CB701012DE9F34191
:10B0F00007460C46C92501F00706032101A807F001
:10B10000D9FB9DF80630DFF81C8103F07F0343F084
:10B1100040038DF8063000BFD8F800309900FBD40A
:10B120003B4B1A8842F040021A801A8842F02002F3
:10B130001A8017B1204601F01FF9364BD3F8682F5B
:10B1400066F31242C3F8682FB3F86C1F87F0010250
:10B1500062F30001304AA3F86C1F11689DF80400E7
:10B1600060F30701116011689DF8050060F30F217D
:10B17000116011689DF8060060F317411160D3F863
:10B18000682F42F48002C3F8682F00BFD3F8682FFD
:10B190005202FBD4D8F8003013F0807F1F4B1B689D
:10B1A00014BF1F200020013D13F0020F18BF1F2005
:10B1B00015F0FF0501D01F289FD02FB3184B196839
:10B1C000144B062505FB0411D3F8A42F81F8432165
:10B1D000D3F8A42FC2F3072281F84421D3F8A42F77
:10B1E000C2F3074281F84521D3F8A42FC2F30762C6
:10B1F00081F84621D3F8A82F81F84721D3F8A83F3A
:10B20000C3F3072381F8483102B0BDE8F08100BFE5
:10B21000C434014100240141103401418C34014106
:10B22000AC010020303401412DE9F043046894F86A
:10B230002C3095B00F46002B00F08C80CB7963B199
:10B240000193454B009300220123BE21EC2002F024
:10B2500059FC1E2015B0BDE8F083236D93F80280E1
:10B2600008F1FF32012A07D93C4B0093CDF8048046
:10B2700001230222BF21E9E7666ADD6994F80F9095
:10B280004FF6FF71304605F067FF002848D1226D68
:10B2900092F82830002B56D0A9F10209B9F1010F1C
:10B2A00051D841F20B03ADF80830F979A3F60A73CF
:10B2B000ADF80C30342301FB032393F82520B2B3FF
:10B2C00093F8299048460FF0D1F940F002008DF82C
:10B2D0000E000DF10F0148460BF07AFA2B78C3F3FC
:10B2E000C0138DF81530334602A853F8062FCDF859
:10B2F00016209B88ADF81A303B788DF81C300DF085
:10B30000EFFAB8F1020F0BD1AB7803F00F03042B67
:10B3100006D16A7823463244A91C384603F02BFF35
:10B32000236D002083F82E0084F82F0092E72B78FD
:10B33000C3F380138DF80E303368CDF80F30B38827
:10B34000ADF81330CAE7234632462946384603F0A3
:10B3500012FFD6E71F207DE780970101909701013A
:10B360002DE9F74F4A4E346807468946002C77D0BE
:10B370003379257823F0070315F0010533710CD0DC
:10B380000023ADF806300DF1060209230CF04EFA49
:10B39000BDF80610002968D1002523789A0733D517
:10B3A0000023ADF80630A37C022B6FD0042B0CBF1A
:10B3B000202321230DF10602494638460CF036FAC7
:10B3C000BDF8063003B310F0FF001DD094F812A0B2
:10B3D00094F823B00AEB0B02904215D107EB030857
:10B3E0005246414604F113000FF06AF960B95A461B
:10B3F00008EB0A0104F124000FF062F920B9337957
:10B4000043F002033371012523785B0729D500231C
:10B41000ADF806300DF10602FF23494638460CF020
:10B4200005FABDF80630E3B110F0FF0019D094F82A
:10B43000368008F10202904213D11F44022239469D
:10B4400004F134000FF03CF958B94246B91C04F13C
:10B4500037000FF035F920B9337943F00403337125
:10B460000125284603B0BDE8F08F002894D020467F
:10B47000394410F8012F01300FF022F900288BD148
:10B48000337943F001033371012586E7162391E7F1
:10B4900088F4002070B5431E13F10A0F72D800F132
:10B4A000080414F0070305D0C3F10803DA43A242ED
:10B4B00068D31C440FF0D6FD3C4B1B68002B68D0B2
:10B4C000002C1DDB1CB33A4B1E68A64222D339491F
:10B4D0000B6824E04FF46843364802600021416065
:10B4E0001344083B23F00703304803605960196098
:10B4F000991A51601360304B19602D4B1960DFE7CA
:10B50000FEF726F90FF05EFD0025284670BDFEF718
:10B510001FF9F7E7FEF71CF9F4E7194613465A68D6
:10B52000A24202D21A68002AF7D1204A12689A422F
:10B5300025D00D6808351A680A605868001B102865
:10B5400005D91A1950605C60086818510A6059687A
:10B55000761A174806601848006886423CBF1648AD
:10B56000066041F00041596000221A60134A1368D6
:10B5700001331360FEF7ECF8002DC6D1C2E7FEF7E9
:10B58000E7F8BFE70FF06EFD084B1B68002BBED13C
:10B5900000240B4A12F0070F9CD0D11D21F00701A7
:10B5A00002F568435B1A0A4696E700BF00F50020E3
:10B5B00004F5002080F4002008F500200CF50020A0
:10B5C00020020020F0B540F2FF7681EA030C16EA73
:10B5D000115E1EBFB64516EA1355B54252D021EA98
:10B5E000465141F48011A1FB024723EA465343F43C
:10B5F0008013AE44A0FB03650CF0004C36197D416E
:10B60000A1FB034747F10003A0FB0217F6196541B0
:10B6100053F10003094218BF46F0010640F2FE74E0
:10B62000B3F5007F13D2AEF5806EA64523D24CEA67
:10B630000331280341EA155140EA16503203450808
:10B6400072F1004250F1000051EB0E51F0BDAEF22C
:10B65000FF3EA6450FD24CEAC321E80241EA55510C
:10B6600040EA5650F202450872F1004250F10000E3
:10B6700051EB0E51F0BD1EEA0E0F2DD50CF000411E
:10B680000020F0BD16EA115F04BF01F00041002068
:10B69000004218BF41F0010116EA135F04BF03F036
:10B6A00000430022124218BF43F0010306EA13547C
:10B6B000B44218BFB64503D00CF000410020F0BDE5
:10B6C00021F0004123F00043B1EB065F0CD8B3EB4F
:10B6D000065F09D841B13BB10CF0004141F0FE4199
:10B6E00041F470010020F0BD40F20001C7F6F8718E
:10B6F0000020F0BD2DE9F043B9B00E4618AF40224E
:10B700000446002138460FF0E3FB96F901200023A0
:10B71000520093426FDB96F90040E5B26A000023C5
:10B7200052B2184659B28A426DDC002860D006F148
:10B7300004092246394648460EF048F901286DD1E1
:10B7400007EB04082246414648460EF03FF901281F
:10B7500064D12346424628A803F0E6F928A96846A2
:10B76000FAF7DEFF2022002110A80FF0B1FB96F9B6
:10B77000008003233A4608AC8DF8403039464346F2
:10B7800028A803F0D1F928A92046FAF7C9FF4346B3
:10B7900010AA214620460DF0B8FC18B14A462046B2
:10B7A0000DF095FE16F9843B3A46214628A803F091
:10B7B000BBF928A92046FAF7B3FF43463246214693
:10B7C00020460DF084FE28B9424648460EF0FEF8A9
:10B7D000012805D043464A46214620460DF095FCF7
:10B7E0006B1E5BB200201A0611D5B0FA80F040093A
:10B7F00039B0BDE8F08338A91944E05C01F8800C49
:10B800000133DBB285E7F95C013308438AE71DF8B1
:10B810000320E15C4A401043013BE4E70020E7E7F6
:10B82000F7B5C56800890DF0BDFD0446002800F09D
:10B830008780C66D002E00F08380AB882868ADF845
:10B84000043000906B4606251A78013D303A15F019
:10B85000FF0503F8012BF7D19DF801209DF800307A
:10B860009DF803109DF8047042F210705043354A61
:10B8700002FB03039DF805201344642212FB0132EE
:10B880009DF802304FF47A7101FB03230A2101FB7A
:10B89000073106F16F000FF039FFE26DC2F8735007
:10B8A000C2F87750C2F87B50E36D01229A7094F889
:10B8B0005730E16D83B391F8713091F870201B041B
:10B8C00043EA022391F86F2013438B62E36D83F800
:10B8D0002650E36D93F82620996AD14001F00101CA
:10B8E00041F08001204602F015FFE378E16D3BB99D
:10B8F00001F5D871204603B0BDE8F04009F022BA46
:10B90000CB7813B9002003B0F0BDCD70E36D9D700E
:10B91000E16D01F5B871EDE7E3782BB96F312046A1
:10B92000FEF7F0F9E16DE3E7CB78002BEAD0CD70BC
:10B93000E36D9D70E16D20466F31FEF7E3F9E7E7B7
:10B940000120E0E7A086010070B586B00446002320
:10B950000DF1120105A8ADF812300DF0F9F9059BB3
:10B9600094F85020039394F85130CDE90143002A14
:10B9700065D13B4B009302231A467E21EC2002F056
:10B98000C1F80BF0B7FC637843F00103637094F8DF
:10B990005330012B4FF000051DD16378E66984F820
:10B9A000535043F004036370059BF61A2D4B1A683D
:10B9B00092F8403203F58E73C6F3160632F8135030
:10B9C00040F2391105F27125B5FBF1F50135B542AB
:10B9D0002CBF0025012563699C4202D05B78DB0700
:10B9E00029D595B31F4BBDF81200196891F8402274
:10B9F00002F58E7240F27123734331F8126006EB48
:10BA00009006C6EB5306E3690293059B0193164B20
:10BA1000009302231A467F21EC2002F073F831468E
:10BA200004F13800646400F0DBF920460CF0C0FF3C
:10BA3000204607F00DFB0DF053FE06B070BD0B4B1A
:10BA4000009302231A467F2198E720460EF086F9DC
:10BA50000122294694F8500006F02EFBEBE700BFC8
:10BA60008C25010190010020EF250101BE25010177
:10BA70002DE9F341089D04461F4609B1002A35D03F
:10BA8000E06EC8B93B68AB4213D17B68216A5B1B8F
:10BA90009AB291420DD8E561B2F5487F4FEA45254B
:10BAA000E565636A01D1A36202E09342FBD3A2621F
:10BAB000012002B0BDE8F081D1B10025BC46FF21D4
:10BAC0002B464FF6FF7E93420ED0DCE90006361A75
:10BAD000206A06EA0E08404555D8A0784007C6F30C
:10BAE000160647D5F5B21946FF2905D10020E0E733
:10BAF000D7E90035ED1AEDB2637813F0040F0EB2FA
:10BB00002AD194F85020012A42D1626A95423FD945
:10BB10001B073DD402210DF1060006F0CBFE636A3F
:10BB2000BDF80620C3F101032B44B2FBF3F503FB80
:10BB3000152557F8363053FA85F5C5F31605E56136
:10BB4000E3695A02E26594F85220012A01BFA26D0E
:10BB50009B18C3F31603E36107EBC603E2695B6856
:10BB60009B1A9AB2B2F5487F626AA0D09BB29A4201
:10BB70009DD398E794F850000128B3D1B0B2854224
:10BB800001D2F5B219460133DBB20CF1080C9AE789
:10BB900057F83630E361D3E730B5C36D5A78012AE0
:10BBA00089B0044601D0042A12D10021204602F0B7
:10BBB000B1FDE06D102200F5B87100F5F0700EF0E7
:10BBC0007FFD80B10421204605F06EFF09B030BD35
:10BBD000022A08D193F82620996AD14001F0010188
:10BBE00041F08001E3E7E26D5378042B0BD120464E
:10BBF000FEF75AFF2046FCF76FFC00221146204654
:10BC0000F9F76AFFE2E7012B0ED12046FCF764FC4E
:10BC1000002211462046F9F75FFFE16D204601F54D
:10BC2000E87109F07BFED1E7022B31D192F8263082
:10BC3000122B27D86846202106F03CFEE56D6B46A6
:10BC400003CB05F5E072C5F8C001516003CB9060ED
:10BC5000D160E26D92F82630013382F82630E36D30
:10BC600093F82620996AD14001F00101204641F065
:10BC7000800102F04FFDE16D204601F5D87109F019
:10BC800061F8A3E72046FCF727FCE26D6F32C0E7BE
:10BC9000032B9BD12046FCF71FFCE36D997809B17B
:10BCA00003F16F0193F8E520002AB3D0024B1B6823
:10BCB0009A684032AEE700BFA0010020002858D0AB
:10BCC000454B1B683BB9454AD2F8643F43F001033A
:10BCD000C2F8643F70479A071FBF4049D1F8642FEC
:10BCE00042F00102C1F8642F13F00C0F1FBF3B4953
:10BCF000D1F8642F42F00202C1F8642F13F0300F24
:10BD00001FBF3649D1F8642F42F00402C1F8642FF6
:10BD100013F0C00F1FBF3149D1F8642F42F0080261
:10BD2000C1F8642F13F4407F1FBF2C49D1F8642F52
:10BD300042F01002C1F8642F13F4406F1FBF27496F
:10BD4000D1F8642F42F02002C1F8642F13F4405F51
:10BD50001FBF2249D1F8642F42F04002C1F8642F7E
:10BD600013F4404F36D01D4AD2F8643F43F08003AD
:10BD7000AEE71A4BD3F8642F60F30002C3F8642FC8
:10BD8000D3F8642F60F34102C3F8642FD3F8642F13
:10BD900060F38202C3F8642FD3F8642F60F3C30208
:10BDA000C3F8642FD3F8642F60F30412C3F8642F30
:10BDB000D3F8642F60F34512C3F8642FD3F8642FCF
:10BDC00060F38612C3F8642FD3F8642F60F3C712B0
:10BDD000C3F8642F704700BFB8F50020002401416C
:10BDE0002DE9F3410E46044650B93F4B00930246FD
:10BDF00005230421EF2001F085FE02B0BDE8F081AB
:10BE00000DF0E6FE0EF0C2FB760080460DF04CFF12
:10BE100040F2E1439E42257A92BF022640F2712110
:10BE2000B6FBF1F6AB060644074626F0704609D489
:10BE300045F020056660257201223946204603F050
:10BE400057FD18E015F0070518BF0125274B53F8DB
:10BE500025209442194619D1254A1278AA4222D1A6
:10BE600063681A1A44BF03F180531A1A012A08D8CA
:10BE7000022323752661404602B0BDE8F0410DF073
:10BE8000EFBE236841F8253005F07EFD194B53F8CD
:10BE9000352019465AB9184B009311460523EF2057
:10BEA00001F030FE0CE0226843F82520EEE7A242C4
:10BEB0000FD1226843F8352012B903EBC5056D6038
:10BEC0006660B9E71A4623B90C4B0093012105239C
:10BED000E5E71368A342F5D123681360002BEFD187
:10BEE00001EBC5056A60EBE77A6F0101B0F4002051
:10BEF000FAF5002058F400208F6F0101A76F0101AF
:10BF000070B5284D284E284600210FF0FDFB274B29
:10BF1000274A1E62274E5E62274E9E620426DE621C
:10BF2000264E1A60264A5A60C3E90C65254A264DFA
:10BF300026499A609D63264A264DDA60264A5A6150
:10BF4000C3E90F51254A264D9A615D64254A264D65
:10BF500026481961C3E91252254DDA610024C3E96C
:10BF600014500470234898652348C3E917012349F6
:10BF7000596623492348C3E91A12234A1A67234AF8
:10BF80005A67234A9A67234ADA67C0E90043224B7B
:10BF900083600122214BC36002740821BDE8704018
:10BFA00009F04ABFEEF5002062B7010118F0002049
:10BFB0005CB701012CB7010170B7010158B701014D
:10BFC00072B7010174B701016EB701015AB70101DF
:10BFD0000200000102002011CBB6010168B7010187
:10BFE000C1B601010500000164B70101FEF50020A2
:10BFF0005EB701016AB7010101000311C6B6010174
:10C0000066B7010134F4002060B7010168F4002034
:10C010006CB701011000020128B7010110001700E0
:10C0200084B02DE9F04385B005460DA880E80E00E8
:10C0300000270B460E99032D3FD8DFE805F0024399
:10C0400051591E68DDE90F98346D2B46226B8A42E8
:10C0500057D00133DBB2042B04F13404F6D11F2591
:10C06000002430460FF03BF93DBB2F4B78B142F234
:10C070000102ADF801201A788DF80070511C19707A
:10C080008DF8032069463046F9F7C6F815E0274ACF
:10C0900027491770274A157001220A7019788818E5
:10C0A0001870254BC6E90E89197084F82420227077
:10C0B00084F82C503046F6F73DF805B0BDE8F04363
:10C0C00004B070471868026D0023303214688C4247
:10C0D0001CD00133DBB2042B02F13402F6D1ECE7C1
:10C0E000144A137843F00103137004F0C9FCE4E729
:10C0F000CDE9003108226B461049012008F0FAFB17
:10C10000DBE7002284F82B201F46AAE7064A8DF8B9
:10C11000003040F20143ADF8013013788DF8033060
:10C12000591C11706946AFE7FFF50020C7010020D8
:10C13000C8010020C6010020C90100200A01010138
:10C1400038B504463E4B1D6872B6BFF34F8FBFF340
:10C150006F8F0AF0B1FC08B962B638BD394B0622C0
:10C160001A6008331A680AB9374B1A68A54228BF03
:10C170002546681E34490C6804FB0024334A1268C3
:10C1800012F0806F06D0314A4FF0007111602E4AD4
:10C190001268A41A2E4A1268A24238BFA41A2D4A65
:10C1A000146004320021116026490A6842F001023D
:10C1B0000A6025B1BFF34F8F30BFBFF36F8F62B6F8
:10C1C000BFF34F8FBFF36F8F72B6BFF34F8FBFF3C5
:10C1D0006F8F1C4906220A600A6812F4803F1ED045
:10C1E000194B1A681C4B1B681344013B1B1B184955
:10C1F0000968994201D29A4200D2531E154A13602F
:10C20000154B00221A60083B07221A600E4B1B6870
:10C21000013B104A13600BF09DFD62B69DE70E4A8C
:10C220001168094A126805FB02F3581AB0FBF2F0D4
:10C2300000FB0222CB1A1344064A1360E0E700BF5A
:10C24000FCF4002010E000E0F8F4002004ED00E031
:10C25000F4F4002014E000E018E000E0A0F14A034C
:10C26000B3F5C56F70B55DD810295BD82E4B2F4A3A
:10C270005A612F4B00221A602E4B18802E4B00293A
:10C280004ED1B0F5007F94BF042208221A7001221B
:10C2900011462A4807F09EFE072804463ED0032296
:10C2A0000121274807F096FE0728044636D0254E80
:10C2B000304600251822294600F8045B0EF008FEDF
:10C2C000214BF360214E30461822294600F8085BC6
:10C2D0000EF0FEFD1E4B33611E4901200FF01AF9CE
:10C2E0001D4902200FF016F91C4903200FF012F926
:10C2F0001B4905200FF00EF91A4906200FF00AF924
:10C30000194907200FF006F9184908200FF002F923
:10C3100017480FF02FF917480FF032F9204670BD7B
:10C320001970B4E71124F9E7E8000020512F01014A
:10C33000ACF50020ECF50020FCF5002030010020D9
:10C340002C01002088F300200101050130F30020BA
:10C350000101060195190001E18D0101017700013C
:10C36000D551010181FC0001717F0101696C01015E
:10C37000F11401016976010170B5444B1C68444B0E
:10C38000272101FB0042D3F8845F92F8226066F314
:10C390001F65C3F8845FD3F8885F92F8236066F363
:10C3A0000705C3F8885FD3F8885F92F8246066F3C6
:10C3B0000F25C3F8885FD3F8885F92F8256066F38D
:10C3C0001745C3F8885FD3F8885F92F8266066F354
:10C3D0001F65C3F8885FD3F88C5F92F8276066F317
:10C3E0000705C3F88C5FD3F88C5F92F8286066F37A
:10C3F0000F25C3F88C5F92F82960D3F88C5F66F341
:10C400001745C3F88C5F92F82A60D3F88C5F66F307
:10C410001F65C3F88C5F92F82B60D3F8905F66F3CA
:10C420000705C3F8905F92F82C60D3F8905F66F32D
:10C430000F25C3F8905FD3F8905F92F82D6066F3F4
:10C440001745C3F8905FD3F8905F92F82E6066F3BB
:10C450001F65C3F8905FD3F8945F92F82F6066F37E
:10C460000705C3F8945F92F83050D3F8942F00FB7F
:10C47000011165F30F222144C3F8942F897AD3F870
:10C48000942F61F31742C3F8942F70BDAC010020C4
:10C490000024014170B5044686B00E2200210DF142
:10C4A0000A000EF015FDE06D02A9B0F8B030ADF84D
:10C4B000083000F1A0024F3002F004FCE16D20468C
:10C4C000A0310AF07DFF10200FF01AF9054680BB5D
:10C4D000334B009302460423C521EE2001F012FBEA
:10C4E00010200FF00DF9054610200FF009F906464F
:10C4F00005B180BB2B4B009300220423C421EE2006
:10C5000001F000FB10200FF0FBF8054678B1102277
:10C5100000210EF0DDFC0123AB70E06D294600F137
:10C52000D3024F3002F0CEFB28460FF0EBF806B0F6
:10C5300070BD032300F8013B0F2200210EF0C8FC60
:10C54000E06D294600F18F025F3002F0BBFB284608
:10C550000FF0D8F8C4E7E26D52F8B23F2B60536891
:10C560006B600023AB60EB60E06D324629468F3094
:10C5700002F0A8FBE26D337892F8B0104B4082F8DD
:10C58000B030E26D737892F8B1104B40284682F8D3
:10C59000B1300FF0B7F830460FF0B4F8B2E700BF93
:10C5A000659101017C9101012DE9F04385B00446BC
:10C5B0008846019200263546DFF8F89035E041467E
:10C5C00020460DF087FA7B1EA36323692BB90EF07A
:10C5D00035FB012005B0BDE8F08304F1100001F047
:10C5E0007DFE0028F3D0334B4FF080521A60BFF32A
:10C5F0004F8FBFF36F8FEAE70EF020FB0020E9E7D3
:10C6000002A80EF077F91AE0204605F0DDFAFDF7F2
:10C610009FF809E0204605F0D7FAFDF799F8204683
:10C620000EF078FA002842D101260DF0CFFCA76B5E
:10C63000002FC4D1019B002BDED0002EE0D00EF0E5
:10C64000FDFA0EF00FFD0DF0C1FC94F844305BB222
:10C65000B3F1FF3F08BF84F8445094F845305BB213
:10C66000B3F1FF3F08BF84F845500EF0E7FA01A987
:10C6700002A808F0BFFC0028CCD120460EF04AFAF0
:10C680000028C1D0019904F124000DF09FFE20463E
:10C6900005F09AFAFDF75CF80028C5D14FF08053F9
:10C6A000C9F80030BFF34F8FBFF36F8FBCE7002096
:10C6B00090E700BF04ED00E02DE9F04192B01E4686
:10C6C0004B7906930B790593CB7804938B7803937E
:10C6D0004B7802930B780193384B009380460C46BD
:10C6E0001746012302222021EC2001F00BFA0EF064
:10C6F00029FF00283CD1B8F1010F4DD033463A460E
:10C700002146404608F08EF800284AD10EF0B8FBCA
:10C710000546002850D19DF8203068F3000360F3EF
:10C7200041038DF820302368CDF82130A388ADF87F
:10C7300025303B68CDF827307B68CDF82B30BB68BF
:10C74000CDF82F30FB68CDF833303368CDF8373073
:10C750007368CDF83B30B368CDF83F3008A8F36874
:10C76000CDF8433008F026FE284612B0BDE8F0812F
:10C77000134D2B689B6C984760B92B68DB6C98470E
:10C7800040B92B681B6D984720B92B685B6D9847A3
:10C790000028B0D00C2505E0637903F0C003C02B5E
:10C7A000ACD01225074B0093019501230022FF21F5
:10C7B000EC2001F0A7F9D7E70725F3E77A94010108
:10C7C0001C01002036AA01012DE9FF473C4E3368C9
:10C7D00090461A7882468946002A5AD1B8F1000F4D
:10C7E00002D15B78002B54D0402002F005FA0546B8
:10C7F000202002F001FA0746002D5FD000285DD00E
:10C80000304C0DF0E5F92268012313773268514668
:10C810001370284620220DF061FF20224946A818F7
:10C820000DF05CFF2368B8F1000F1FD0264A9A6113
:10C830001B200DF0D5FEE0B10EF016FF0146284694
:10C84000FEF758FFA8B928460BF0E2FF38460BF078
:10C85000DFFF122402AB05221C498DF80C40012099
:10C8600008F048F8204604B0BDE8F08703F11D0247
:10C87000DDE72368C3E9047507F038FF044648B1D3
:10C880003368002228461A700BF0C2FF38460BF0BE
:10C89000BFFF0C240E4B0093022201233421EC2015
:10C8A00001F030F9002CDDD00A4B009301940123F4
:10C8B0000022FD21EC2001F025F9D3E70724E9E768
:10C8C0001C01002024010020745101010105010117
:10C8D000A4B10101489701012DE9F0430578012D2C
:10C8E00085B0044656D05DB1032D64D0394B1B682A
:10C8F0001B68002B42D0204605B0BDE8F043184726
:10C900008578002DF2D1334B1F68984607F110034C
:10C9100053F825605FFA85F99EBB0C200EF0F0FEFF
:10C920002A1D47F82200D8F8003053F82230A3B16E
:10C930001E609E605E60D8F8003003EB85054021E4
:10C940002B69198129690123CB71296981F802902A
:10C95000D8F8001051F822108B72D8F8003053F834
:10C96000223093B923780293A38801931A4B009342
:10C97000002204235321EE2001F0C4F805B0BDE8E5
:10C98000F0830135082DC3D1ECE7A2881A80A27983
:10C99000DA70ABE7468830460CF054FC024630B9FA
:10C9A0000E4B0093CDE9016504235421E3E7807821
:10C9B0000DF0C6F89AE7468830460CF043FC024674
:10C9C0000028EDD0237913B90123C3728EE7002329
:10C9D000FBE700BF98000020A84D0101D94D0101DF
:10C9E00070B586B006460D460DF0F2F878200EF0D0
:10C9F00087FE044600286FD0782200210EF068FAE6
:10CA00003146282204F150000DF068FE236EA66E18
:10CA1000646103F59C72636E03F59C7340F27121AF
:10CA20005B00B3FBF1F36362E36D5B0A0036E36125
:10CA30004FEA4202B2FBF1F2226218BF01260DF06A
:10CA400055FB94F85030CDE90360002B3AD194F8AF
:10CA50005130CDE90143214B009302231A467E2138
:10CA6000EC2001F04FF894F85030012B09D17820D8
:10CA70000EF046FE064620B1782200210EF028FA7C
:10CA80002661637843F008036370236C03F0F803B6
:10CA900043F4802323640023C4E902336364236FD7
:10CAA0001B7A042B03D04BB994F8503033B90C4B9C
:10CAB0001A6892F84232013382F842322C60002028
:10CAC00006B070BD94F85130CDE90143054B009399
:10CAD00002231A467F21C3E70720F1E72C35010125
:10CAE000900100206A35010170B53F4C4FF4197276
:10CAF000002120680EF0ECF92368002203F5C071D4
:10CB0000C3F88021C3F884110C26154606FB02F1F8
:10CB100023685D502368D3F884010B4401325860C8
:10CB200003602368202A1944C3F88411EED103F569
:10CB3000C47103F5F8700022C1E900210831884270
:10CB4000FAD103F50371C3F8101203F50871C3F8A5
:10CB5000241203F50571C3F8181203F50A71C3E92D
:10CB60007C20C3F80C22C3F82022C3F81422C3F897
:10CB7000282283F84022C3F82C120DF07BFF236893
:10CB8000C0F307104FF49662B2FBF0F2A832A3F89C
:10CB900038224FF4C872B2FBF0F2A3F830224FF4FF
:10CBA000A072B2FBF0F2A3F83422A3F83C224FF4B7
:10CBB000F062B2FBF0F2A832A3F83A224FF482629C
:10CBC000B2FBF0F2A3F832224FF45272B2FBF0F251
:10CBD000A3F836224FF47A72B2FBF0F00122A3F8E8
:10CBE0003E0283F84C2270BD9001002030B5C16D2B
:10CBF0004B78042B89B004460FD101F5C07108F0C1
:10CC000060FE2046FDF750FF2046FBF765FC002242
:10CC100011462046F8F760FF41E0012B04D101F5F1
:10CC2000C07108F04EFEEFE7022B47D191F8263095
:10CC3000132B41D8896AD94001F0010141F08001EC
:10CC400001F068FDE56D102205F5D87105F5D0708D
:10CC50000DF036FD58BB05F5C071204608F031FED9
:10CC6000E36D93F82630122B1BD82021684605F07F
:10CC700021FEE56D6B4603CB05F5C072C5F880015A
:10CC8000516003CB9060D160E26D92F826300133A1
:10CC900082F82630E36D01229A700523A37009B053
:10CCA00030BD2046FBF718FCE26D6F32B0E704217F
:10CCB000204604F0F9FEF2E70121FAE7032BEED15A
:10CCC00001F5C07108F0FDFD2046FBF705FCE36DA2
:10CCD00093F8E51019B1054A1268916840319A78C5
:10CCE000002A96D003F16F0293E700BFA001002055
:10CCF0002DE9F04190F857300446B3B13A4DC66D76
:10CD0000D5F8008098F8043033B94022374906F14D
:10CD1000EB000DF0D5FC40B104F11207EB362022F8
:10CD2000314638460DF0CCFC28B90A212046BDE832
:10CD3000F04104F0B9BE98F8031030460EF0CAFC7A
:10CD40000328F2D008B10821F0E72B6883F8280007
:10CD5000E27852BBE16D4A78022A12D11B78022B8D
:10CD600004D12046BDE8F0410AF032B8042B03D1CB
:10CD700091F8E430022BF4D12046BDE8F0410DF0EB
:10CD8000F2B8032A0DD15B7923B12046BDE8F0410A
:10CD90000DF0D8B8204601F5E071BDE8F04108F08B
:10CDA00090BD0523A370BDE8F081394620460AF006
:10CDB00007F9E36D5B78012B01D0042B0BD12046E2
:10CDC000002101F0A7FCE16D204601F5B871BDE836
:10CDD000F04107F0B7BF032BE3D12B685B79002B41
:10CDE000D3D10623DEE700BFA00100202C7A010189
:10CDF000037813F03F0278D04A1E062A73D8DFE882
:10CE000002F00A04111B2A3D5500427812F0010F6E
:10CE10000CBF0121072103F03F038B4265D901318B
:10CE200008447047427812F0010F0CBF012107211E
:10CE30009207F0D50631EEE7427812F0010F14BFE9
:10CE40000721012112F0020F18BF06311207E2D5A7
:10CE50000231C9B2DFE7427812F0010F14BF072197
:10CE6000012112F0020F18BF063112F0080F1CBF8B
:10CE70000231C9B2D206CED50331EAE7427812F0C8
:10CE8000010F14BF0721012112F0020F18BF063154
:10CE900012F0080F1CBF0231C9B212F0100F1CBFF4
:10CEA0000331C9B29206B6D51231D2E7427812F0F8
:10CEB000010F08BF012112F0020F1CBF0631C9B2D9
:10CEC00012F0080F1CBF0231C9B212F0100F1CBFC4
:10CED0000331C9B212F0200F1CBF1231C9B2520681
:10CEE00099D50131B5E7002195E7002070477047DB
:10CEF0000000000085B001010100000085B00101C3
:10CF00000200000085B001010500000005F60001E7
:10CF10000600000005F600010700000085B00101D1
:10CF20000800000085B001011300000085B0010178
:10CF30000900000085B001010A000000A5B0010150
:10CF40000B00000095B001010C00000085B001014C
:10CF50000D00000085B001010E00000005F6000183
:10CF60000F00000005F6000110000000C5B001012F
:10CF70001100000085B001012000000085B0010112
:10CF80001200000085B001011400000085B001010D
:10CF900015000000D5B0010116000000C5B0010168
:10CFA00017000000E5B0010118000000E5B0010124
:10CFB00019000000E5B001011A000000C5B0010130
:10CFC0001B000000D5B001011C00000085B001016C
:10CFD0001F000000B5B001011D00000085B0010177
:10CFE0001E00000085B001012DE9F0474FF0340A22
:10CFF000036DD0F8088012FB0AFA012906460D4697
:10D00000174603EB0A092AD80C2007F03BFB04461D
:10D0100000285AD0012389F82E3086F82F300020BE
:10D02000A38803F0F80343F4807343F00103A38063
:10D03000012D45F48073E3803CD80DF0C7F8244BF4
:10D04000C4F808801A689B882073C4F80D20A4F8DF
:10D050001130E7742046BDE8F04709F099BD022978
:10D0600008D1052007F00EFB044670B3012389F8B0
:10D070002F30D4E7032928D1092007F003FB044609
:10D0800018B3012389F82D30124B39461B683046FE
:10D090009847114A114BD2F800C0326DD3F80811ED
:10D0A00052440CEB11411162D3F810311CFA83F396
:10D0B000B362B5E7022DC4F8088001D12773C9E730
:10D0C000032D04BFE0602774C4E7BDE8F08700BF0C
:10D0D000C6F40020D8F50020A8010020002401415A
:10D0E0002DE9F74F2F4F304C3E78DFF8E490B51E16
:10D0F000EDB205F102084FEA081CCDE90023ACF1BE
:10D100002003234483468A460FCB04EB0C0E8EE8A3
:10D110000F000CF1100EACF1100CA4449CE80F00B1
:10D12000A6448EE80F00B11C20480EF0EDFA3B78C3
:10D1300048460222023300F8012B414604EB051554
:10D140003B700EF0E1FA09F1030042F604210EF003
:10D15000DBFA174A174BAB60174BEB60C5E90029A8
:10D16000164D594628460EF0CFFA5146A81C0EF02F
:10D17000CBFA0099281D0EF0C7FA013E0199A81DAF
:10D180000EF0C2FAF6B20E4B3A7804EB0614C4E97C
:10D1900000350C4BA3600C4BE3600C4BDA8103B001
:10D1A000BDE8F08FF1F5002038EE0020D2F4002029
:10D1B0005AB7010144B701010500000198F40020AD
:10D1C000EAAB01014CB701010800000120F4002086
:10D1D000E0F40020F0B5364C364D246814F0040F0E
:10D1E00062D0002856D12E6896F84C72002F4DD090
:10D1F000314C324D2468641A611E21F07041A942FD
:10D2000044D840F2712161436FF41C7421444FF003
:10D2100088444908246C04F44054B4F5005F36D1C6
:10D220004FF0824440F64E55A469240F40F6F62490
:10D2300008BF2C46224DB5FBF2F52544A94225D95D
:10D240004FF08844491B246C04F44054B4F5005F4B
:10D2500009D196F8424234B14EF28F24A14215D939
:10D26000A1F5624190394FF47A75B1FBF5F005FBF9
:10D27000101102FB00F44A43B4FBF5F41049B2FB71
:10D28000F1F214441C44C6F854423846F0BD40F252
:10D290006574CFE72A680B48D2F85442E41A8442F6
:10D2A0008CBF00200120F1E72B6893F84C02EDE7DA
:10D2B000203E014190010020343E0141FEFFFF0766
:10D2C00040420F00FEFFFF7FF0B585B01378019359
:10D2D000364B009305460423EE200F461646502198
:10D2E000022200F00FFC28460BF0ACFF044658B9B0
:10D2F0002F4B00930246019504235221EE2000F0AB
:10D3000001FC002005B0F0BD03A902A803960DF0B2
:10D31000BCFF03A90DF109000DF0B7FF03A90DF142
:10D320000A000DF00DFCBDF80A203B1F9A4213D0F5
:10D3300006200EF0E5F9014638B1072303700023FB
:10D340004580838006200EF037F900231A461946DF
:10D35000284604F089FAD4E79DF80930A3719DF8B6
:10D360000830013BDAB2192A14D906200EF0C8F9A8
:10D37000014638B1072303700023458083800620CF
:10D380000EF01AF900231A461946284604F06CFAE2
:10D390000120B7E7074A52F8233023B13246394615
:10D3A00028469847F4E71846ACE700BFE87B010140
:10D3B000FF7B01017C44010110B588B000230529E1
:10D3C00004468DF8033045D1013202A901A802922A
:10D3D0000DF0B6FB0DF1060002A90DF0B1FB2046E1
:10D3E00009F0A8FD002838D104AA03A9BDF804005B
:10D3F0000BF0EEFB00284BD0049B5B68D3E90112D5
:10D4000010780DF08FFE039A0346D27B208801210D
:10D4100002F0A6FE80B200BB0399BDF806208B681F
:10D420001B88934236D38B7B13F0020F28D02388BE
:10D43000ADF81830BDF804300591ADF81A300DF193
:10D4400003010C2305A8ADF81C208DF81E3007F051
:10D450007DF802E0ADF8043004209DF803306BB98C
:10D46000D0B9039BBDF806109A6858681288521A02
:10D470000D23014492B2204608F086F808B010BD92
:10D480009B06EAD5BDF8042020460BF0F1FEE4E748
:10D490000120E2E70720E0E7C3B2BDF804200C2139
:10D4A000204603F0A7FEE9E730B50388132BC3B08D
:10D4B000044620D041F20A0293422CD0052B45D1DC
:10D4C0000579002D42D1C0880BF0CAFB58B12F4B13
:10D4D000C5701A681378013BDBB213701BB11821B9
:10D4E000B1FBF3F35370E0880CF0BEF808282DD0A0
:10D4F0000BF0CEFB2AE0C0880BF0B2FB30B3227AEF
:10D5000083789B1A214ADBB21268837052789A4260
:10D510001CD843B030BD0379C3B91C4A126802F16C
:10D520006F0100BF11F8230040BB02EB8303E188C9
:10D53000A3F86C104FF48071A3F86E1013780133C8
:10D54000DBB213701821B1FBF3F353702188104A3A
:10D55000002300BF32F82300884213D102EB83037B
:10D56000211D9B788DF80430442202A80DF0B6F8F6
:10D57000064B1B6801A85B689847CAE70133082B74
:10D58000D0D1E3E70133202BE4D1C2E760F50020DE
:10D59000D02D01012DE9F04790F82C5004460F469C
:10D5A000002D69D1037B002B14BF4FF004084FF00E
:10D5B00001082E46464515D3786801F01DFB6062D0
:10D5C000002833D03B68A3617B68A28AE36140F204
:10D5D0007123534323634FF47A736363002334212D
:10D5E0001A462DE0236D38684FF0340916FB09F90F
:10D5F00003EB090A01F000FBCAF81C00236D4B4441
:10D60000DB698BB10136F6B2D4E73426236D15FB06
:10D6100006F63344D86928B10BF0FAF8236D1E449E
:10D620000023F3610135EDB24545EED307252846C9
:10D63000BDE8F08713FB01F0266D01333254DBB2F5
:10D640004345F7D3A37DDA0714D513F0020F0CBFBF
:10D6500002230423012084F8203084F82C000221C6
:10D6600005F036FC04F14803044A0021204605F089
:10D67000AFFCDCE70123EDE70025D8E7A5A2000118
:10D680007FB5304A304800231446C158D150043386
:10D69000102BFAD12D4B1A8842F001021A801A88F9
:10D6A00042F004021A801A8842F002021A801A8894
:10D6B00042F008021A801A68D007FCD41A68510791
:10D6C000F9D41A689207F6D41A68C2F3C002002A85
:10D6D000F1D11F4D1F482B68ADF800300368C3F32C
:10D6E0000F43ADF802301C4B1968ADF804101B490C
:10D6F0000E68ADF806601B68C3F30F43ADF8083041
:10D700002B68ADF80A300368ADF80C300B68ADF843
:10D710000E30694613460A460878E55C0133284313
:10D72000102B01F8010BF7D10D4B0E4CB3F8A015DF
:10D730006FF30001A3F8A0150FCA84E80F0004B02E
:10D7400070BD00BF48F4002054F60020143E014193
:10D75000043E0141003E0141083E01410C3E0141B1
:10D760000024014180290141F7B5064648B9324BF2
:10D770000093052302461946EF2000F0C3F903B0D9
:10D78000F0BD0CF025FA0CF001FF337A9B0605463C
:10D790003AD50CF089FA347A284B6FF34514347279
:10D7A00014F0070418BF0124194653F824209642A8
:10D7B0000ED1234A1278A242326819D1736841F817
:10D7C00024201F1A44BF03F180531F1A012F0CD8C5
:10D7D0001C4B53F8342019466AB91B4B0093114671
:10D7E0000523EF2000F08EF90EE004F0CDF8EFE70E
:10D7F00043F82420ECE7B24213D1326843F83420D6
:10D8000012B903EBC4046460284603B0BDE8F040DD
:10D810000CF026BA1A4623B90C4B009301210523BC
:10D82000DFE71368B342F5D133681360002BEBD107
:10D8300001EBC4046260E7E7CCAD0101B0F4002065
:10D84000FAF5002058F400208F6F0101A76F010145
:10D85000F7B513780193354B009307460423EE2068
:10D860000E4615469021022200F04CF938460BF086
:10D8700077FB044658B92E4B0093024601970423C8
:10D880009121EE2000F03EF9002003B0F0BD838826
:10D89000B342F9D329780D2929D02CD8062907D0ED
:10D8A0001CD8032923D00DD8012920D002290DD15D
:10D8B000204B1B685B681BB12A46314620469847BF
:10D8C0000120E2E70429F3D0052910D011F040022D
:10D8D000F6D10623204603F08DFCF1E7092906D096
:10D8E00003D8072903D00829E1E70B29E0D1114B20
:10D8F0001B689B68DFE71729F9D00AD81229D7D00F
:10D9000003D81029D4D01129DFE71329EFD0162925
:10D91000CDE71B29EBD003D81829C9D01929D4E7A2
:10D920001E29C5D05229C3D01D29CEE72C7B010169
:10D93000447B0101A401002084B070B504AC84E8EC
:10D940000F0001200CF056F94FF6FF71044601203C
:10D9500009F08CFC44F4007189B201200CF05CF9F0
:10D96000049B2C4C002B48D02268137813F003033F
:10D9700008D153702268937022681178938063F302
:10D980008201117023681A786FF345121A70224BC6
:10D9900000211970214B1A88022666F383021A802F
:10D9A00003F5AC6303201A6860F313421A601A6827
:10D9B00060F317521A60A3F5BE631A6861F30002A0
:10D9C0001A600AF001FC069D0CF0FCFD23681A7831
:10D9D00066F301021A702268079B6D0A40F27121FA
:10D9E0002846B3FBF1F3D38501F08AFC2368DB8D75
:10D9F00053B1A81901F0E6FC06E023681A78586BC9
:10DA00009306F7D401F07CFCBDE87040002004B020
:10DA1000704700BF000200201F020020C0340141F7
:10DA200030B52F4C236885B02546002B4FD02D49AB
:10DA30002D4C01200CF08EFF2B682C4A1A602C4BC9
:10DA400018689A889B798DF806302A4BADF8042027
:10DA5000294A1A6000254FF6FF53009002A8ADF83E
:10DA60000830CDF80A50ADF80E500DF03FFE236897
:10DA70001D7023684FF461721A63694607200BF02A
:10DA80008FF8206821300DF008FE206890F82130D2
:10DA900013B122300AF00AFC0121262009F026FFEA
:10DAA0000121292009F022FF0120144A06210CF04F
:10DAB0008DFF2168D1F8EC3103F0F802104B1343CD
:10DAC000C1F8EC31FFF7DCFD002005B030BD30209F
:10DAD0000DF016FE20600028A9D10220F5E700BF56
:10DAE00058F5002065AC0101940000205C71010133
:10DAF00040B601019C000020ED91010175870101F4
:10DB0000010602002DE9F041334D1E462B68A2B0FC
:10DB100004460F469046002B58D00DF0B9FC002863
:10DB200054D10DF079FC002850D1F20703D52B4BCE
:10DB30001B68DB070BD4B00703D5284B1B6899077C
:10DB400005D4720742D5254B1B685B073ED5244B95
:10DB50008DF800801B788DF801408DF80270002B45
:10DB600037D1C4F1EF041F4F04EB84042744384637
:10DB70000CF098FF39460646C4B2024602A80CF0E3
:10DB8000ADFD22AB1E4401343A2306F8803CE4B2DA
:10DB900002AB181929AB289A0193C4F17E01FAF758
:10DBA000C7FB54FA80F0C0B222AB03440D2203F845
:10DBB000802C431C22AA52FA83F302300A2203F873
:10DBC000802CC1B22B6802AA6846984722B0BDE8F3
:10DBD000F08102A80024DDE798F500209CF50020E4
:10DBE000F6F500207CAD01011FB504460CF07EFA6D
:10DBF00094F85030012B23780194CDE902302DD1D7
:10DC00002E4B009302231A468521EC20FFF77AFF62
:10DC1000A3785B0707D52A4B009302231A46852178
:10DC2000EC20FFF76FFF09F065FB2378012B33D160
:10DC300094F85030012B234B05BF1A6894F85130EB
:10DC40001B68313314BFD3F8F00152F8330070B9B8
:10DC500000240BF045FD204604B010BD1A4B009384
:10DC600002231A468621EC20FFF74CFFDBE782688F
:10DC7000036894420ED1204603F056FB204605F07F
:10DC80007BFE204607F036FB63786FF3000363707A
:10DC90000124DEE71846DAE7023B012B09D8A37816
:10DCA000012243F02003A3701146204608F0B6FA83
:10DCB000CEE704F13800FFF757FDDFE70039010137
:10DCC0002E3901019001002046390101072865D84D
:10DCD00070B50D4684B204F500563046F5F7CAF823
:10DCE00000285DD03046F5F7E8F808B9012058E083
:10DCF000344608342046F5F7BDF8C8B12046F5F79C
:10DD0000DCF808B901204CE0264C0FCCC5F8170010
:10DD1000C5F81B10C5F81F20C5F823302068C5F8CA
:10DD20002700A288A379A5F82B2085F82D300CE0D8
:10DD30000022C5F81720C5F81B20C5F81F20C5F81C
:10DD40002320C5F82720C5F82A20174C26460FCED9
:10DD500028606960AA60EB6030682861B288B37996
:10DD6000AA82AB75234653F8170F59689E68DC6882
:10DD7000C5F82E00C5F83210C5F83660C5F83A402F
:10DD800018695969C5F83E00C5F84210198B9B7E89
:10DD9000A5F8461085F84830002002E003207047BF
:10DDA000032070BDD0F20020F0F1002030B50B460A
:10DDB00089B00C680C2810D8DFE800F007160F0FA8
:10DDC0001A34386456525A0F60008A684968003223
:10DDD00018BF0122204605F06BFB0021204609B048
:10DDE000BDE8304001F0E0BD204607F085FCF4E7D7
:10DDF000012194F850000BF0EBFC6378DB07ECD5C5
:10DE0000A06828B1837843F00803837003F08CFA8C
:10DE100020460BF0A3FF94F85000002221460DF09D
:10DE200045FCDAE7204608F067FFD6E72278032AA8
:10DE3000D3D14D6894F850004FF400110BF0C8FC9A
:10DE4000236F8DF81450CDE9033408AB13E90300B8
:10DE50008DE8030003AB0ECB656F0220A847BCE73B
:10DE60002046FAF7A9FDB8E78A6818792146D6E76F
:10DE7000002249682046F9F7F1FEAEE7032008F0DA
:10DE800035FCAAE720460BF045FFA6E7364BD3F852
:10DE9000602F10F0010114BF42F0010261F3000293
:10DEA000C3F8602F304BD3F8602F10F0020114BF7D
:10DEB00042F0020261F34102C3F8602F2A4BD3F80B
:10DEC000602F10F0040114BF42F0040261F38202DB
:10DED000C3F8602F244BD3F8602F10F0080114BF53
:10DEE00042F0080261F3C302C3F8602F1E4BD3F85F
:10DEF000602F10F0100114BF42F0100261F3041201
:10DF0000C3F8602F184BD3F8602F10F0200114BF16
:10DF100042F0200261F34512C3F8602F124BD3F890
:10DF2000602F10F0400114BF42F0400261F38612EE
:10DF3000C3F8602F0C4BD3F8602F10F0800114BF92
:10DF400042F0800261F3C712C3F8602F064BD3F88A
:10DF5000602F10F4807014BF42F4807260F30822C6
:10DF6000C3F8602F704700BF0024014170B583786B
:10DF7000052B044668D1C36D0122DA70C678C36DE3
:10DF800090F857500A68BEB98DB103F5F070C3F828
:10DF9000E0214B6843608B688360CB68C360E16DB0
:10DFA000204601F5E071BDE8704007F08ABC03F53A
:10DFB000B870C3F87021ECE725B3C3F8A02103F5CE
:10DFC000D0754B686B608B68AB60CB68EB60C26DE3
:10DFD000136823F07F4323F0FF03B3F5813F33D170
:10DFE00092F82630916AD94001F0010141F0800198
:10DFF00000F090FBE16D204601F5B871BDE870407E
:10E0000006F0A0BEC3F8B02103F5D8704B6843609A
:10E010008B688360CB68C360E16D4B78012B04D0C3
:10E02000023B012B10D88B7873B16F312046FBF780
:10E0300069FEE16D204601F5B87106F083FEE26DE0
:10E0400000239370E26DD37070BD7047F0B58DB052
:10E05000064607924B7906930B790593CB78049388
:10E060008B7803934B7802930B7801932B4B00939F
:10E070000C46012317462C210222EC20FFF742FD1B
:10E0800000238DF827300DF05DFAF0B1244D2B6898
:10E090009B6C984750B10C25224B009301950123AE
:10E0A0000022FF21EC20FFF72DFD34E02B68DB6C14
:10E0B00098470028EFD12B681B6D98470028EAD1BC
:10E0C0002B685B6D98470028E5D19DF8283006F055
:10E0D000010666F300038DF828302368CDF8293057
:10E0E0000DF12701A388ADF82D300AA807F0CAFF6B
:10E0F00005460028D0D19DF8283066F300038DF83E
:10E1000028302368CDF829303946A388ADF82D3062
:10E110000AA802F097FE28460DB0F0BD8C810101DF
:10E120001C01002036AA01012DE9F04104460089B6
:10E13000884617460AF014FF064600284DD00023F3
:10E140003B7088F800306389A3F11002072A04D8D5
:10E150002046BDE8F04107F0EBBC013B0D2B06D893
:10E16000214607F03FFE01233B70BDE8F0814FF4EC
:10E1700082700DF0C5FA054600283CD00B230370D1
:10E18000238983806389C380237C0372A3894381AD
:10E19000E3898381637C4372E2891AB161680E303E
:10E1A0000CF09CFA042128460BF062FB23689B7B51
:10E1B000D90712D5012388F80030237C522B18BFD1
:10E1C000F374237C122B0AD123689B7B9A0604D517
:10E1D0006389B38263681B88F3820020C5E7162B2E
:10E1E000FBD101233B7086F8383096F83930013383
:10E1F00086F83930F1E723689B7BDB07EDD580207B
:10E20000B3E770472DE9F84300295ED00F4600249C
:10E210002F4E304B00F1010EDFF8BCC006E00CF8C9
:10E2200001809A60621C0134974244D9726802F0FE
:10E230000702012A18D09968DD684A1CD3F81080BB
:10E24000424528BF0022954236D010F804807568F8
:10E2500005F00705012DE2D14D000CF81180691C75
:10E2600000250CF80150DCE7D3F80880D96808F1E4
:10E2700001021D69AA4228BF002291421CD01EF84B
:10E28000145010F8141041EA0521756805F00705CF
:10E29000012D05D0C9B20CF808109A60621CC2E7C3
:10E2A0004FEA48055FFA81F90CF818900135090A20
:10E2B0000CF80510F1E714460CF0F8FA10B1044B15
:10E2C00001229A752046BDE8F8830C46F4E700BFAA
:10E2D000000C0040B0F1002098EF002038B5C36872
:10E2E000DC68A36AE169226A8A60E169516004F12D
:10E2F00018015A688A4204BF226A5A600022A26248
:10E300001A68013A1A60254B1B68002B3AD16369E1
:10E31000A168E2688A60A1685160211D5A688A423A
:10E3200004BFE2685A60002262611A68013A1A600A
:10E33000E36A1B48056801229A402A430260194A91
:10E3400003EB830302EB83035B68A3609868E060E0
:10E3500041609960E06A81000B189B00D5186561E7
:10E36000014452F821100131D1500BF041F90E4B0C
:10E370001B68E26ADB6A9A4283BF01200B4B18607C
:10E38000002038BD0A4B5A68E26190682062416003
:10E390009160A3621A6801321A60E8E728F500204C
:10E3A00030F5002098F0002014F500204CF50020F6
:10E3B000E4F3002073B50023022904461546ADF8A6
:10E3C000063054D108F0B6FD002852D16D78012DE9
:10E3D0004DD894F83B6094F838305EB9012B0ED1DB
:10E3E000294620460AF024FC182384F83860E37498
:10E3F00002B070BD204613BB2DB90BF025FA2046A4
:10E4000007F06AFEF4E70BF01BF9054678B90DF149
:10E410000601204607F028FA054640B9204606F0D6
:10E42000C9F8054620460BF00FFA002DE7D0EBB2F5
:10E43000BDF806201821204602F0DCFED8E735B9E9
:10E440000BF002FA294620460AF0F2FBD0E70BF067
:10E45000F7F8054678B90DF10601204607F004FAF1
:10E46000054640B9032384F838300121EBE7042541
:10E47000DDE71225DBE7204602210AF0D9FB002365
:10E4800084F8383020460BF0DFF9D0E72F4B70B519
:10E4900000251D702E4B80241C802E4B1D802E4B82
:10E4A000302628464FF6FF711E8008F0DFFE4FF63B
:10E4B000FF71012008F0DAFE4FF6FF71022008F02C
:10E4C000D5FE264B03F5D952118864F30F01118054
:10E4D000918865F30F01918003F5D952118966F394
:10E4E0000F01118103F5D9514FF6FF72088A62F3CB
:10E4F0000F00088203F5D951888A62F30F008882E1
:10E5000003F5D95103F5D853088B62F30F00088344
:10E51000998962F30F019981114BD207C3F88020CA
:10E52000BFF34F8FBFF36F8F83F81F43C3F8802172
:10E530001A600122C3F88420BFF34F8FBFF36F8F9F
:10E5400083F82043C3F884215A6070BDF9F5002098
:10E55000E6F50020E8F50020EAF50020002401415E
:10E5600000E100E0F0B585B0137801932F4B0093E4
:10E5700006460423EE200F461546C0210222FFF76F
:10E58000C1FA30460AF00EFF044658B9284B0093F2
:10E59000024601960423C621EE20FFF7B3FA0120BC
:10E5A00005B0F0BD03A90DF10B0003950CF06DFE55
:10E5B0009DF80B30013BDAB20D2A04D90821204620
:10E5C00003F072FAEBE71B4AD25CBA4201D00A218F
:10E5D000F5E7194A52F8233013B1039920469847BA
:10E5E00094F85930002BDAD0E36D002BD7D093F894
:10E5F000EA20002AD3D01B789342D0D1E37813B914
:10E600002046F9F769F9E36D5B7913B9204601F00B
:10E610004DFFE36D002583F8EA50E06D10B10DF079
:10E6200071F8E5650123A370B9E700BF627C0101C1
:10E63000797C0101C2B201014C85010173B5C58825
:10E64000032D04460E4617D1837A0C2B05D003F018
:10E65000FD03082B01D080200CE023680DF107009A
:10E6600059680BF0F3FC0028F5D123689DF80720CA
:10E670009B681A8002B070BD0CF092FE854239D1C1
:10E68000A0880AF06DFC054608B90020F2E7A37ADD
:10E690000C2B1BD1236880889A89511C884234D264
:10E6A000218999B1296C002931D058680CF016F8ED
:10E6B000236821899B89AA885B1A01339A42E4D393
:10E6C000286C0DF01FF800202864D3E74FF4827007
:10E6D0000DF016F80028BED0A27AEA7485F83D2025
:10E6E00015220270A288828004210BF0C1F8012358
:10E6F0003370CAE7E5880CF059FE8542ABD1236838
:10E700005C6806F08FF96070BFE70B20B2E70E205F
:10E71000B0E770472DE9F341044641200F460CF065
:10E72000EFFF054650B92F4B009302460423C82142
:10E73000EE20FFF7E7F902B0BDE8F081064604F1EC
:10E74000120806F8017BE37800F121076BBB202259
:10E75000414630460BF0C2FFE16D2022EB313846D6
:10E760000BF0BCFFE06D412200F5B873294600F5BF
:10E77000C070F8F7D7FEE16D2022EB3130460BF088
:10E78000ADFF2022414638460BF0A8FFE06D412244
:10E7900000F5D873294600F5E070F8F7C3FE284667
:10E7A00002B0BDE8F0410CF0ADBFE16D2022EB31CD
:10E7B00030460BF093FF2022414638460BF08EFF87
:10E7C000E06D412200F5B873294600F5C070F8F7F6
:10E7D000A9FE2022414630460BF080FFE16D202249
:10E7E000EB31D0E708AE010130B591B02F480CF005
:10E7F000FBFD08F085F900214A200AF0B9F903F081
:10E800007BF800200BF07CFE01F0FAFB0BF004F922
:10E8100027480BF013F9274A02AB07CA03C31A8033
:10E8200002A90A200BF042FE00248DF83040ADF81A
:10E8300032408DF834400CA80CF068F88DF8204078
:10E8400001258DF828508DF82940A023ADF82A30F5
:10E850002023ADF82C308DF82E400DEB030120461F
:10E860000BF0FAFDADF802408DF8044003238DF85B
:10E87000003009238DF80130684609F0C3FC8DF89B
:10E880001E508DF81C500623ADF814304FF4486329
:10E89000ADF81630ADF8184040F2F313ADF81A3069
:10E8A00005A80BF076FD11B030BD00BF1544010185
:10E8B0004BE00001F8B201012DE9FF412C4E2D4C37
:10E8C0002D4B22680093336803922C4A02930192E5
:10E8D000002B38D0236833B94FF448700CF010FF88
:10E8E0002060002835D0264D2B68A84623B910207B
:10E8F0000CF006FF286060B33368029300212368A0
:10E9000003930DF1040C02AE6C460F46D8F80030AC
:10E910000B44C3E900730020BCF8002082421CDCD9
:10E92000083110290CF1020C06F1040604F102046E
:10E93000ECD1144B1A46002142F8081FC3E900131A
:10E94000DA60012006E090200CF0DAFE306000284A
:10E95000C0D1002004B0BDE8F0813568228800FBFA
:10E9600002520130576017605D682A605A60D3E731
:10E9700088F5002080F500200C0028000C00140011
:10E9800084F50020D40000202DE9F0418AB01D4616
:10E990002F4B019007460093EC200E469046012332
:10E9A00002224B21FFF7AEF838460BF0E9F90028B8
:10E9B00048D0046820460AF0E3FFF8B194F8ED303F
:10E9C000DB0741D53368C4F8FF307368C4F80331FE
:10E9D000A4F808812B68C4F8223104F591726B68A1
:10E9E0005360AB689360EB68D360204609F0FCFA93
:10E9F00060B3002420460AB0BDE8F081336828687F
:10EA00006968CDF80E307368CDF8123006AB03C3D9
:10EA1000A868E968ADF80C7003C31C22204603AB5C
:10EA20000521ADF8168006F00BFE04460028E0D064
:10EA3000084B0093019401230022FF21EC20FFF7F3
:10EA400061F8D7E70224F3E71A24F1E70724EFE798
:10EA5000509401016C94010153434E3A7469643D32
:10EA60002564005741524E3A45787448644C656EAF
:10EA7000204E6F74204D6174636865640057415285
:10EA80004E3A6164694E6F74416C69676E656400EB
:10EA90005741524E3A6E6F416464720053434E3A8E
:10EAA000736B697052707428636163686548697438
:10EAB00029005741524E3A546F6F4D616E7953653C
:10EAC00063506B7473004552523A45787448644CF5
:10EAD000656E3D2564004552523A457874466C6730
:10EAE0003D25640053434E3A736B6970527074282D
:10EAF00061757850687920696E76616C6964290067
:10EB00005741524E21204155585F5343414E5F5269
:10EB100053502041646472204E6F7420436F6E73B3
:10EB2000697374656E7421002DE9F04F00252F463E
:10EB30002C4600BF4FFA85F8984512DB4FEA43098F
:10EB400009F1FF3A4FF000085FFA88F606EB030E72
:10EB50004FFA8EFED64528DB484400F8014CBDE84C
:10EB6000F08F4FF0000C02EB0509E64611F80CA0FF
:10EB700019F8016944EA07240AFB06F616FA84F438
:10EB8000A4B20CF1010CA64288BF0EF1010E4FFA9F
:10EB90008CF6B0454FEA14275FFA8EFEE4B2E5DA50
:10EBA00044553C4601357746C4E701363D4676B2CA
:10EBB000002700BF4FFA86FC634505DC00F80E40D5
:10EBC00008F101082C46BFE702EB0E0CC6F1000B62
:10EBD00044EA05251CF80BB011F806C00BFB0CFC31
:10EBE0001CFA85F5ADB2AC4588BF0137ECB2FFB277
:10EBF00001362D0ADEE700BF2DE9F7432A4BD3F893
:10EC0000008018EA000F044638D1002836D00834B6
:10EC100063071CBF24F007040834002C2ED0234BBC
:10EC20001E68A642994629D3214B1D686A68A242F4
:10EC300002D22A68002A34D11E4A1268AA421DD084
:10EC40002A681F681A606B681B1B102B07F10807E6
:10EC500004D9281943606C6007F0FCFC16496A6807
:10EC60000868B61A864248EA02024FF00003C9F863
:10EC7000006038BF0E606A602B6077B90F4B1B686D
:10EC80000BB1002098470E4B0093019405230022FE
:10EC90000221EF20FEF736FF0027384603B0BDE81B
:10ECA000F0832B461546C1E770F5002074F500206F
:10ECB000A0F400207CF5002078F50020C40000209E
:10ECC000B4A901012DE9FF4705460E4614460AF096
:10ECD0007FFF0027294B98461A689200FCD42868C9
:10ECE0006968274BDFF8A0A0DFF8A09003C3A868ED
:10ECF000E96803C330687168DC3B03C3B068F1683E
:10ED000003C308F0F7FAD8F8003043F00063C8F8FE
:10ED100000300AF0E5FC00BFD8F800309B00FBD4BF
:10ED2000DAF80030C3F3400353B9164A03CA20602F
:10ED3000616003CAE160E27BA06042B1184619E05D
:10ED4000B9F8003043F02003A9F80030D9E72FB11B
:10ED50001022214668460BF0B3FC58B12068616868
:10ED60006B4603C30137A068E168FFB2052F03C3F8
:10ED7000B0D1012004B0BDE8F08700BF30340141BC
:10ED8000DC340141203401418C340141C43401415F
:10ED900010B586B00023032904468DF8013038D120
:10EDA0000DF10200511C0CF079FB204608F0C2F86E
:10EDB000002831D102AA01A9BDF8020009F008FF1C
:10EDC00000283FD0029B5B68D3E9011210780CF059
:10EDD000A9F9019A0346D27B2088012101F0C0F9EC
:10EDE00080B2C8B901998B7B9A0723D52388ADF8E7
:10EDF0001030BDF802300391ADF81230ADF81400B8
:10EE00000A230DF1010103A88DF8163005F09EFBD1
:10EE100002E0ADF8023004209DF8013043B998B902
:10EE200001998A68496812880B23204606F0ACFBDA
:10EE300006B010BD9B06EFD5BDF8022020460AF0B3
:10EE400017FAE9E70120E7E7C3B2BDF802200A217B
:10EE5000204602F0CFF9EBE738B5214C214D21785F
:10EE60002846222300F8013B02310CF04DFC42F60B
:10EE70008831E81C0CF048FC23781B4A1B4802EB45
:10EE80000311C1E900051A4888601A48C860591C76
:10EE9000C9B202EB011118480860184848601848C8
:10EEA00088601848C860991CC9B202EB0112164963
:10EEB0001160164951601649164891601649D16093
:10EEC0000333027C1549DBB223709BB221F8223058
:10EED00001EB8201022401324C800274C38138BDEF
:10EEE000F1F50020D6F4002038EE00205AB70101D9
:10EEF00040B7010105000001CA9F0101A4F30020F1
:10EF000048B701011800020358B7010135EE00208F
:10EF100046B7010120F40020020020335CF50020F8
:10EF20002DE9F843044600890CF0D6FB002855D0A3
:10EF300026893046D4E903790AF012F88046002881
:10EF40004ED0FA200CF0DCFB044600284AD00CF02E
:10EF500027FA2080182060803B686360251D7B684D
:10EF60006B60BB68AB60FB68EB60D9F80030636135
:10EF7000D9F80430A3611D2384F8F830B8F80430C0
:10EF8000834223D8013B6380D8F840701FB90CF04E
:10EF9000B7FB074600B330462146FAF729F8064684
:10EFA00080B93B4605F1180255F8041B43F8041BD1
:10EFB0009542F9D1C8F8407020460CF0A3FB3046CA
:10EFC000BDE8F88338460CF09DFBF5E73046214656
:10EFD000FAF70EF80646EFE70226EDE70426EEE71D
:10EFE0000326ECE70226EAE7304BD3F8842F6FF3D1
:10EFF0001F62C3F8842FD3F8882F6FF30702C3F87A
:10F00000882FD3F8882F6FF30F22C3F8882FD3F8F7
:10F01000882F6FF31742C3F8882FD3F8882F6FF328
:10F020001F62C3F8882FD3F88C2F6FF30702C3F841
:10F030008C2FD3F88C2F6FF30F22C3F88C2FD3F8BB
:10F040008C2F6FF31742C3F88C2FD3F88C2F6FF3EC
:10F050001F62C3F88C2FD3F8902F6FF30702C3F809
:10F06000902FD3F8902F6FF30F22C3F8902FD3F87F
:10F07000902F6FF31742C3F8902FD3F8902F6FF3B0
:10F080001F62C3F8902FD3F8942F6FF30702C3F8D1
:10F09000942FD3F8942F6FF30F22C3F8942FD3F843
:10F0A000942F6FF31742C3F8942F70470024014147
:10F0B000F0B5D0E9037585B000890AF073F904460C
:10F0C000002854D0C16D002951D090F85730002B42
:10F0D0004DD007B13DB92046082102F0E5FC0446B9
:10F0E000204605B0F0BD2B68C1F86F306B68C1F8E1
:10F0F0007330AB68C1F87730EB68C1F87B30C36D13
:10F1000001229A7041200CF0FBFA064688B30023D6
:10F1100000F8013BE16D2022EB310BF0DFFAE16DED
:10F120002022EB3106F121000BF0D8FA41223146C2
:10F1300028466B46F8F7F6F91022694638460BF078
:10F14000BFFA78B9E37853B9E16D204601F5E07173
:10F1500006F0B7FB044630460CF0D4FAC0E70623AD
:10F16000A370F7E70421204602F09EFCF2E7012499
:10F17000B6E70224B4E72DE9F04115460A7890F885
:10F1800007C0064602F00F00062892B00F4616D8B8
:10F190000124844014F0550402D04C78063CE4B2BB
:10F1A00041F20201ADF8001001218DF8041006288B
:10F1B00037D8DFE800F00607323634363000002456
:10F1C000EEE700218DF80510196D34230CFB0313B5
:10F1D00093F8251039B393F8298040460BF046FA8E
:10F1E00040F002008DF806000DF10701404607F0DF
:10F1F000EFFA3B788DF80D4013F0090F0CBF063580
:10F2000000253378049568468DF8143009F068FBC2
:10F2100012B0BDE8F0810221D4E70321D2E7042136
:10F22000D0E7FF21CEE72B68CDF80730C2F380127C
:10F23000AB888DF80620ADF80B30DAE7002856D001
:10F2400070B50446C26A2B490968C96A8A4245D228
:10F250008169002905DB27490968C96AC1F10501EF
:10F26000816102EB8202244901EB820261699142D1
:10F2700005D0204A1268D26AE262012036E0251DDC
:10F2800028460AF0E8FD38B91C490B68E06A0122FB
:10F29000824023EA02030B60164B1B68DB6AE362C1
:10F2A00016490E68012000FA03F232430A60124A3E
:10F2B00003EB830302EB83035B68A3609968E1605F
:10F2C0004D609D60E56AA9004B199B00D6186661E8
:10F2D000294452F821100144D15007E0054A126830
:10F2E000406CD36A98422CBF0020012070BD0020E2
:10F2F000704700BF14F5002098F0002030F5002082
:10F3000070B52C4C2268157815F0040551D1517850
:10F31000294B49001E68C9B261F307061E60517887
:10F320001E6801314900C9B261F30F261E60517891
:10F330001E6802314900C9B261F317461E60517858
:10F340001E6803314900C9B261F31F661E6053781D
:10F35000043353702368821C22F070425A63174AA8
:10F360001188C0B260F307011180A2F5E472116840
:10F3700065F34D31116012490A8842F001020A809A
:10F380005A78272A0AD95D702368DA781979013A00
:10F39000914202BF1A7842F004021A702368DA8D93
:10F3A000013ADA855A7901325A711A7842F020020C
:10F3B0001A7070BD00020020503C0141003A01412A
:10F3C000243A014170B52C4C2268157815F00405DB
:10F3D00051D15178294B49001E68C9B261F3070623
:10F3E0001E6051781E6801314900C9B261F30F26D1
:10F3F0001E6051781E6802314900C9B261F3174698
:10F400001E6051781E6803314900C9B261F31F665E
:10F410001E605378043353702368821C22F07042BC
:10F420005A63174A1188C0B260F307011180A2F530
:10F43000E872116865F34D31116012490A8842F093
:10F4400001020A805A78272A0AD95D702368DA787F
:10F450001979013A914202BF1A7842F004021A70F7
:10F460002368DA8D013ADA855A7901325A711A78AD
:10F470006FF345121A7070BD00020020543C014128
:10F48000083A01412C3A0141F0B585B02A4B019070
:10F4900004460D460093022201236421EC20FEF76E
:10F4A00031FB0BF06FFE002844D1012C234E10D00D
:10F4B0003368186874B304224A2302A9CDE90223F1
:10F4C000FEF768F8044658BB1D4B5D7005F0B2FEB0
:10F4D00026E033681F68B97B11F0FD0110D102A846
:10F4E0000AF0F4FD9DF8083053B11224154B009337
:10F4F000019401230022FF21EC20FEF703FB16E01C
:10F50000BB7B03F0FD03012BD2D10BF0F1FF0028F0
:10F51000CED1EAE704F0B8F9044608B909F000FFD3
:10F5200008F044FD01200BF015FE002CDED1204632
:10F5300005B0F0BD0C24D9E74AA70101280100203D
:10F5400034010020DA7B01012DE9F04104468846B0
:10F55000254B1D68254B1E68254B1F68254B1868D9
:10F5600004300AF078FC48B9224B1A6822490B682B
:10F57000D06A0122824023EA02030B60B4F1FF3F0C
:10F580000DD02C441B4B1B685C60A5421ED9194B47
:10F5900019680431384609F0D3F8BDE8F081B8F1B4
:10F5A000000FEED0154A5168124B18688160186838
:10F5B0008C68C46018680430606018680430886023
:10F5C0001B685A61136801331360E6E7094B196839
:10F5D0000431304609F0B4F8094B1B68A34284BFDC
:10F5E000074B1C60D9E700BF48F5002018F5002044
:10F5F0001CF5002014F5002030F50020F8F3002061
:10F6000038F5002030B503780E2BC3B0044622D065
:10F610000F2B3ED0062B1BD100250CE009238DF8C3
:10F62000083004EB850302A8DB88ADF80A3006F049
:10F630007DFD0135EDB22379AB42EFD800220434D1
:10F6400001920094222313214FF4827009F03CFEB2
:10F65000012043B030BD03798DF80A300025411DEB
:10F6600020220DF10B008DF808500BF037F804F153
:10F67000250120220DF12B000BF030F8043402A8F4
:10F680000AF03AFA0195009441232A4640F63E01D9
:10F69000DAE70123411D20228DF8083003798DF827
:10F6A0000A300DF10B000BF019F802A80AF024FA49
:10F6B0000434002201920094212340F63E11C3E756
:10F6C00003297FB5044615464CD107F033FC0028CA
:10F6D00049D1E3789A074DD413F0100F264B1B68DD
:10F6E00005F101010DF10A0014BF1E8A5E8A0BF0BC
:10F6F000D5FEBDF80A30162B9CBF1723ADF80A3093
:10F70000BDF80A30B34228BF3346A38003200BF074
:10F71000CAFF0546B0B100F11003032103A803930B
:10F720000BF0C2FE314603A80BF0C4FE0423009385
:10F730002A4600230321208809F087F910B12846C2
:10F740000BF0CEFF4FF482700BF0DAFF40B10E22C7
:10F75000027022888280A288C28004210AF088F880
:10F7600004B070BD0420C3B200220221204601F083
:10F7700041FDF5E70620F6E7A00000202DE9F8435B
:10F78000EFF311874FF0200484F31188BFF36F8FDC
:10F79000BFF34F8F856BC46BA54206D3022B04D0F9
:10F7A000002087F31188BDE8F8831D469046044683
:10F7B00090F8456076B2D0F838901A4604F0CCF94B
:10F7C000B6F1FF3F21D1A36C7BB1022D02D1B9F17B
:10F7D000000F24D1204606F053F910B3B8F1000F02
:10F7E00021D00120C8F80000DBE7636A0BB90120D3
:10F7F000D7E704F12400FEF771FDB0B1B8F1000FB6
:10F8000015D00120C8F80000CBE70BF093FD86422D
:10F810000FD2013676B284F845600120C1E701209D
:10F82000BFE70120BDE70120BBE70120B9E70120C8
:10F83000B7E70120B5E7FEE72DE9F041294E2A4C54
:10F840004FF00108294F13E0226AFAB1616A236A76
:10F8500040469847A36A0133226B934228BF002396
:10F8600014E0A26AEDB2BD54A36294F83430FBB93F
:10F87000337E13F0040F32D0B56AA36A0133226BD2
:10F88000934228BF0023E26A9A42DDD0E26A9A429C
:10F89000EED0726802F00702012AE2D1A16A4A00A2
:10F8A000E8B207F811000132C5F30725BD54DBE7C4
:10F8B0000BF008F8236A002BDAD0616A94F83C3028
:10F8C00033B1A36B9842D3D3236A00209847CFE784
:10F8D000A36B9842CCD1236A00209847C8E7BDE8C3
:10F8E000F08100BF000C0040B0F1002018EF0020B4
:10F8F0002DE9F04F047A14F00704034618BF0124E1
:10F90000274850F8346084467EB900EBC4051E6079
:10F9100040F834306B60234840F82430002A3CD053
:10F920000846BDE8F04F02F02FB8D3F804A04FF01E
:10F93000000EAAEB010BB0463746F146BBF1000FB3
:10F940001FFA8EF5786807DB401A002816DADDB951
:10F950001E604CF83430DEE7B9F1000F0ED1401ACA
:10F96000002809DB38680135ADB20EF1010EB8464A
:10F970000028ECD00746E1E74FF001097868A0EBDA
:10F980000A000028EEDDE2E7D8F800201A6012B97C
:10F990000CEBC4046360C8F80030BDE8F08F00BF12
:10F9A00058F40020B0F400207FB590F8504006468F
:10F9B00034BB294D2B68D3F8583283B10AF096FB3B
:10F9C000296891F8602203465AB13246D1F858129C
:10F9D0002046AFF300802B680022C3F8582204B001
:10F9E00070BD012081F860020092D1F85822039383
:10F9F000CDE901266B461022184904F07BFFEAE7A7
:10FA0000012CECD1144D2B68D3F85C32002BE6D0DE
:10FA1000002918BF02240AF069FB296891F86022C6
:10FA2000034652B13246D1F85C122046AFF3008053
:10FA30002B680022C3F85C22D1E7012081F8600224
:10FA40000094D1F85C220393CDE901266B46102285
:10FA5000024904F04FFFEBE7900100200D01000187
:10FA600030B5C36D85B00446002B3AD04FF4F87220
:10FA70000021E06D0BF02CFAE06DBC300AF076FF4F
:10FA800068460BF00AFEE26D0098C2F8CC0002F165
:10FA9000CC03BDF804109DF80620998025469A7184
:10FAA00035F80B0B02A90AF0B1FADDF80930C4F8F9
:10FAB0000B30BDF80D30AB809DF80830E26D00339F
:10FAC00018BF01236374022382F82C30E26D82F8A0
:10FAD0002D30104B1B68587810F001000AD105B08A
:10FAE00030BD4FF4F8700BF00BFEE0650028BDD17F
:10FAF0000120F4E7E26D92F82C3043F0010382F824
:10FB00002C30E26D92F82D3043F0010382F82D3055
:10FB10000020E4E7A0010020F7B5047A082C4CD8B7
:10FB2000C5680023A5F128012820DAB294423ED806
:10FB3000254F3B681E78002E41D1304607F096FED7
:10FB400008F0ECFB3F6807F134034FF4A072314634
:10FB500018460BF0BDF987F8324094B304EB8402E9
:10FB6000D20029460AF0BAFD284607F03BFB95F87B
:10FB70002720012A0FD12B788DF800302B466846BC
:10FB800053F8011FCDF801109B88ADF805308DF8B2
:10FB9000072008F023FE0136F6B2B44205F128052D
:10FBA000E2D1012007F062FE002003B0F0BD013376
:10FBB00000FB03F28A5C012AB7D90320F5E7052090
:10FBC000F3E72046F1E700BF9400002013B502469A
:10FBD0000C460BF0DFFA002847D0262A2AD0292A23
:10FBE00035D0202A43D1234BF1B11B68DA7812F0CB
:10FBF000300F3CD01A7942F001021A7100241E4BDA
:10FC00000093022201232D21EC20FDF77BFF44B15C
:10FC10001A4B0093019401230022FF21EC20FDF7F1
:10FC200071FF204602B010BD1A68137923F001035A
:10FC30001371E4E70F4B1A68137929B1980616D5AA
:10FC400043F040031371D9E723F04003F0E7094B79
:10FC50001A68537929B1D90709D543F002035371C2
:10FC6000CCE723F002035371C9E70C24C7E7112442
:10FC7000C5E700BF24010020F8AE010136AA01014A
:10FC8000F7B5244D2E78012E34D1AC886F88013C15
:10FC9000A4B2AC808CBB00F0B5FB20BB1E4C08F0BE
:10FCA00001FC2278AF80022A10D1658875B11B4B08
:10FCB0000093B5213346EC200195FDF723FF42F276
:10FCC00010716943201DFCF78BF82670144B0093CC
:10FCD000BA21EC2001230222FDF714FF114912483A
:10FCE000FCF77EF806E0234622461049AE8003204A
:10FCF00004F000FE002003B0F0BD0D4B0093BB21CB
:10FD0000EC20019433460222FDF7FCFE054905F183
:10FD10000800E5E730F3002088F30020257C01018E
:10FD20003B7C01010088130038F30020060101012B
:10FD30004A7C010130B5C278837885B004462ABB7D
:10FD40000C2B0BD1C06D102200F5C8700AF0B8FC66
:10FD5000054628B10B21204601F0A6FE05B030BDB6
:10FD6000ADF80400CDE90200204608F097F9E36DF4
:10FD70002088A03301AA02A909F082F9E36D2A467E
:10FD8000A0332946204600F0D7FDE7E7082BE5D150
:10FD9000C56D102205F5E8700AF092FC0028D9D153
:10FDA0006B78042B16D101232B71E36D9A78002A0E
:10FDB000D4D01871E36D9870E16D01F5C8712046DB
:10FDC00005F0ACFD204608F069F9E36D0022A03390
:10FDD0001146D7E7012B02D105F5C871EFE7022BD9
:10FDE000FAD0032BBAD1F7E784B030B587B00AACAC
:10FDF00084E80F00274C2268137803F003010229DE
:10FE00003CD19DF830506FF382031370002005F051
:10FE1000CFFCDDB91822294668460BF059F8236853
:10FE20001978012262F301011970236899785970D9
:10FE300023685D719DF800308DF8022043F00203C5
:10FE40008DF800306846F9F7A7FE17E02368032D08
:10FE50001A7819D1012565F301021A7023689A787E
:10FE60005A70236800205871F9F796FE0A9B009398
:10FE700004226B460849284604F03CFD002007B0E8
:10FE8000BDE8304004B070476FF301021A700020E3
:10FE9000D9E700BF0002002004070101F8B50446BD
:10FEA000008A0BF019FC00284DD0208AA768A67C98
:10FEB000E56809F055F80446002846D04FB345B32D
:10FEC0003B7843727B78837205EB86060023E27AE7
:10FED0009A4211D998002A4609E0E168178801443E
:10FEE000B1F800C0BC4504BF57884F800432964229
:10FEF000F3D10133DBB2EAE7637ADB0705D54FF6CE
:10FF0000FF720121207805F06DFB237A43F0010395
:10FF10002372012304F1540584F83C3028460AF08A
:10FF200004FE78B128460BF00DF9054642680189B8
:10FF3000204602F0CDFE68680BF0E4FB28460BF08B
:10FF4000E1FB0020F8BD0420FCE70320FAE7FEE710
:10FF500070B503780A2BCEB004464BD1C61D0123E1
:10FF600031468DF80C30437980798DF80D3009F0E9
:10FF700053FB03ADD4F80730667BCDF80F30B4F8EF
:10FF80000B30ADF81330A8706E721F2200210DF1F6
:10FF900016000AF09DFF324621690DF116000AF0A5
:10FFA0009DFB237D85F829300022CDE900522A23CC
:10FFB00040F23E214FF4827009F086F90F4B657BC9
:10FFC0001B78022B04D02169284607F00FFC88B16A
:10FFD00029462069FBF7C4F960B129220DF10D0112
:10FFE0000DF13A000AF07AFB04230EA88DF83830A0
:10FFF00006F09CF801204EB070BD00BFF0F5002067
:020000040101F8
:1000000038B5254D254903200AF0A4FC2B682C4661
:1000100033B950200BF074FB286060B9022538E03A
:100020000025236803EB8503D86A08B107F0EAF9D5
:100030000135082DF5D15022002120680AF048FF33
:100040002368174803221A70236809225A7022680D
:1000500010210023917053712268D37108F050FF72
:100060000546B0B90F4808F063FF054688B90E4A47
:10007000052101200AF0AAFC0C4906200AF016F816
:100080002268936903F0F80343F0011343F4A0637B
:100090009361284638BD00BFA001002015B10101C1
:1000A00069940001F1390101B93C010165E50001E4
:1000B00070B583780A2B044641D1C06D4022EB30E5
:1000C0000AF00CFB94F853308BB9022009F080F948
:1000D00000283BD11F4D2B68DA786AB11E494022B7
:1000E00004F112000AF0FAFA022384F85330204691
:1000F000BDE87040FCF7FCBDE278012A0AD1E26D50
:100100005278032A06D1996821B191F850300BB189
:100110004022E5E711480BF065F8064680B92868EB
:10012000022384F853301030FDF71EFB2B6883F850
:1001300028609B680BB183F850600B23A37070BDDF
:1001400020460821BDE8704001F0AEBC012384F8D0
:100150005330F2E7A00100202C7A01018D740101D7
:1001600073B51E4600230D4614468DF806308DF8F3
:10017000073008F0F5FE10B90F2002B070BD2C4218
:1001800004D1012D0CBF02200320F6E7012D04D17C
:1001900014F00E0F1CD10020EFE714F0E00FFAD09E
:1001A000102D09D1610620D50DF107030DF10602CE
:1001B0000321008804F0D1FB9DF8073003BB14F045
:1001C000EE0FE8D09DF80630B342E4D20C20D4E71D
:1001D0006507E9D4A2070AD414F0080FECD00DF19A
:1001E00007030DF106020121E3E7A30605D50DF192
:1001F00007030DF106020221DBE714F0800FEDE7A3
:10020000012BB9D0022BC6D10520B6E72DE9F0436A
:1002100083B00378032B42D0064668460AF082FB7F
:10022000002841D14FF40054204F07F1010817E096
:100230004846F2F742FE58B1072269461C480AF0C8
:100240003FFA08B304E0711CF81D02F0AFFA38BBA6
:100250000135EDB20134A4B242F208039C421FD032
:10026000E5B22046F2F706FE0028F1D02046F2F76C
:1002700024FE0028ECD004F108091FFA89F9484649
:10028000F2F7F8FD0028D3D13378022BDBD0062219
:100290004146701C0AF014FA0028D9D100E0082564
:1002A000284603B0BDE8F0830825F9E7F0F1002007
:1002B000D0F2002070B582B0254D264C264E14E0B9
:1002C000F25C8DF80620013322699A4298BF002320
:1002D000E3606B6803F00703012B14BF9DF8063041
:1002E000BDF80630AB62237DBBB92B7E13F0010F46
:1002F0002CD0A268E3689A4225D06A6802F007020F
:10030000012ADDD15A0016F813108DF806100132BB
:10031000B25C8DF807200133D6E70AF07BFC236836
:10032000002BE2D06168237F33B1A3699842DCD30C
:10033000236803209847D8E7A3699842D5D123685A
:1003400003209847D1E7024B01221A7502B070BD15
:10035000000C0040B0F1002098EF002010B5274CB1
:10036000206890F82130032B8CB01AD122300AF08B
:1003700083FC206890F82130012B02D9223007F04D
:1003800095FF23680020D3F8743198472068038EC6
:100390002BB11B4900F5F2705943FBF721FD0CB05E
:1003A00010BD022BE5D1032104A802F083FA0D222F
:1003B00000210DF113000AF08BFD9DF8123003F0BF
:1003C0007F0343F0400368468DF812300AF0CEFAFE
:1003D00008AA04A96846FEF775FC2368BDF820103A
:1003E0009DF82220598483F82420BDF810109DF830
:1003F0001220A3F8251083F82720BAE794000020E4
:1004000040420F0030B5234B1A7885B0422302FBDF
:1004100003330293204B1B880393204B1B681868FF
:1004200090F82E302BB302A9FDF7B4F81C4B0190C5
:100430000546009302220123AA21EC20FDF762FB6E
:10044000184B1B68186890F82E30F3B102A9FDF71D
:10045000A1F8154B01900093044601230222AB2121
:10046000EC20FDF74FFB072D05D10724204605B0F2
:1004700030BD0C25E4E7072CF7D00C2D03D10C2C54
:1004800018BF0024F2E70024F0E7072DEDD00C247C
:10049000F3E700BFFCF50020ECF500203001002060
:1004A000AA7601012C010020C976010173B5054629
:1004B0000DF10101684609F009FE90200BF020F9CA
:1004C0000446002844D0E96D00F10806442201F5F5
:1004D00096714C300AF002F9E96D4422A0313046A1
:1004E0000AF0FCF895F857305BB194F8663043F0A9
:1004F000010384F8663094F8223043F0010384F855
:10050000223095F856305BB194F8663043F0020320
:1005100084F8663094F8223043F0020384F82230E5
:1005200095F8522094F8663062F3870384F86630B9
:1005300095F8522094F8223062F3870384F8223031
:10054000052323702B88A380214690200BF052F8BE
:1005500002B070BD072870B54CD8274D041D2B681C
:1005600053F82460002E45D096F84E301BB106F1AA
:100570005C00FDF7F9F8B37C1D2B03D106F1740084
:10058000FDF7F2F82B6853F82430D86808B10BF067
:10059000B9F82B6853F82430986C08B10BF0B2F816
:1005A0002B6853F8240054300AF0BFFA68B12B6866
:1005B00053F8240054300AF0C5FD064628B14068BF
:1005C0000BF0A0F830460BF09DF82B6853F8240090
:1005D00009F03AF92B6853F82430186C08B10BF085
:1005E00091F82B6853F824000BF08CF82B6800224C
:1005F00043F8242070BD00BFA401002073B5254E30
:10060000254C336825491D7F18692022ADBB0AF0AF
:1006100065F8B4F8A430214943F01003A4F8A430DD
:10062000B4F8A43065F3C713A4F8A430B4F8A43028
:1006300043F00203A4F8A430336818692022104460
:100640000AF04CF8B4F8A43065F34103A4F8A430E0
:10065000B4F8AC3065F38613A4F8AC300020F9F799
:100660009BFA00246B4605220D498DF804400120B9
:1006700004F040F9204602B070BD0AF02FF8B4F83B
:10068000A4306FF34103A4F8A430B4F8AC306FF396
:100690008613E1E724010020002401416029014183
:1006A000010501012DE9F347044600890BF014F818
:1006B000002848D02789384608F0C4FD064600289F
:1006C0003DD0C378002B3AD01C20B4F80AA0B4F86F
:1006D0000C90B4F80E80248A0BF012F8054680B313
:1006E00000F11003122101A801930AF0DDFEF17957
:1006F0004B1CF37101A80AF0D7FE082101A80AF0EB
:10070000D9FE514601A80AF0D5FE494601A80AF0D3
:10071000D1FE414601A80AF0CDFE214601A80AF00B
:10072000C9FE2A460C21384608F0D8FC044610B110
:1007300028460AF0E7FF204602B0BDE8F087012412
:10074000F9E70224F7E70424F5E7FEE77FB5244B39
:1007500000930546012302226221EC20FDF7D2F925
:100760000AF010FD00282ED11E4B1B681C6894F85F
:100770002C30012B27D0AB8803936B8802932B7806
:100780000193194B00936321EC2001230222FDF712
:10079000B9F9AB79A373EB79E3736B886382AA88A9
:1007A000A282934204BF033363822B7863740126D1
:1007B00026742B7AA37507F0F9FB30460AF0CAFCC1
:1007C000002004B070BD0C24084B0093EC20019471
:1007D00001230022FF21FDF795F92046F1E700BF34
:1007E000AA7B010128010020BA7B0101DA7B01010B
:1007F00073B5054600230DF1020101A8ADF80230E2
:1008000008F0A6FA95F85230012B18D1019AAB6D79
:10081000BDF802101A44B5F854300B449BB240F2B4
:10082000E1418B42C2F31602019285BFA3F2E2437B
:100830000132ADF80230ADF8023088BF0192134B9F
:10084000BDF802101A68124E92F8403203F58E730A
:1008500040F2712032F8134004EB910404F59C74CB
:100860006400B4FBF0F4019804443440EC610021CE
:100870002846F3F7CBFF6B7820443040E86143F023
:1008800004034002E8656B7002B070BD9001002067
:10089000FFFF7F0020200001FFFFFFFFFFFFFFFFA2
:1008A000FFFFFFFF0000000000000000000000004C
:1008B00001000000FFFFFFFF512563FCC2CAB9F32E
:1008C000849E17A7ADFAE6BCFFFFFFFFFFFFFFFF07
:1008D00000000000FFFFFFFF96C298D84539A1F441
:1008E000A033EB2D817D0377F240A463E5E6BCF8ED
:1008F00047422CE1F2D1176BF551BF376840B6CBB8
:10090000CE5E316B5733CE2B169E0F7C4AEBE78EB3
:100910009B7F1AFEE242E34F4B60D2273E3CCE3B28
:10092000F6B053CCB0061D65BC86987655BDEBB3CA
:10093000E7933AAAD835C65A2DE9F7430546A420CD
:10094000884691461E460AF0DBFE044678B301272E
:10095000AF70A42200210AF0BBFA002020702B887F
:10096000A38084F8068084F80790B8F1000F21D1A5
:100970003268C4F809207268C4F80D20B268C4F85F
:100980001120F268C4F81520EB6D63B15B7953B99F
:1009900027728DF8043085F858702B88ADF8063032
:1009A00001A80AF017FC2146A4200AF023FE03B098
:1009B000BDE8F08395F85330022BF4D103F062FECA
:1009C0000028F0D0436803F0F802034B1343436060
:1009D00006F002F9E7E700BF010502002DE9F84340
:1009E000264D00242A6802EB8402116900293FD0B9
:1009F000002691F80B80CF68CE72106902F0A4F83F
:100A0000334607EB8800261D2A6852F82620D27A42
:100A10009A4221D94FEA830C3A464FF0000E16E075
:100A2000296851F82610C9686144A1F802E02968D4
:100A3000B2F8008051F82610C9686144B1F80090FE
:100A4000C14504BFB2F80280A1F80280043290428E
:100A5000E6D10133DBB2D7E717B138460AF052FED0
:100A60002B6853F82600037ADB0701D506F052FD08
:100A70000134082CB6D1BDE8F88300BFA4010020E2
:100A800038B5254C254D236843F0C06323602368A7
:100A900043F000632360032007F0F0FFD5F8003136
:100AA00043F40053C5F80031D5F800319B04FBD462
:100AB00023686FF35A632360032007F0DFFF236886
:100AC0006FF3DB632360154BD3F8282112F0706FAE
:100AD000FAD1D3F8282112F0E04FF5D1104D2B6850
:100AE00013F0606F00D138BD236843F000632360CA
:100AF000032007F0C3FF23686FF3DB632360032049
:100B000007F0BCFF23682268C3F34163013363F33A
:100B10005A622260E3E700BF0C3A01410024014120
:100B2000203A0141072847D8F8B50C4607460E463B
:100B3000224D56F8170F7168B268F3680FC5306917
:100B40002860B28AB37DAA80AB71BDB205F50050B2
:100B50000830F2F741F808B90120F8BD184F3E46B9
:100B600020686168A268E3680FC620693060A28AC5
:100B7000A37DB280B37154F82E1F6268A668E06846
:100B8000C7F81710C7F81B20C7F81F60C7F8230065
:100B900021696269C7F82710C7F82B20218BA27E34
:100BA000A7F82F1087F8312005F50050F2F714F858
:100BB00080F00100C0B2D0E703207047D0F20020DF
:100BC000F0F10020224B1B681BB1224B01221A605E
:100BD000704710B51F4B00221A601F4B1B681B6B20
:100BE0001A68B2F1A53F03D15A68B2F1A53F25D0EA
:100BF000194B1968186834310AF0DBF9174B1B6878
:100C0000B3FA83F3DBB2C3F11F03154A9900C81886
:100C100002EB8000446864684460024608329442F3
:100C200004BFC168416003EB83030D4A02EB8303F9
:100C30005B68DA68084B1A601B6810BD9A68B2F1ED
:100C4000A53FD5D1DB68B3F1A53FD1D1D6E700BF31
:100C500028F500204CF5002014F5002030F5002088
:100C600098F0002037B50B7B01930D46234B009382
:100C70000446012302221321EC20FCF743FF2B7BC7
:100C8000023B212B25D8DFE803F02E152415212463
:100C90001524152B11241515242415241524151598
:100CA00024152424241524242424241594F8E23023
:100CB000022B0ED194F8F230114943F0040384F86A
:100CC000F23004F5B070FBF78BF802E0E37D002B07
:100CD000F0D02946204603B0BDE8304009F046BFB9
:100CE000E37D012BE5E794F8F23043F0040384F848
:100CF000F230E38F42F210715943E2E72FA701016E
:100D0000005A6202FFFFFFFFFFFFFFFFFFFFFFFF31
:100D100000000000000000000000000001000000D2
:100D2000FFFFFFFFFCFFFFFFFFFFFFFFFFFFFFFFD6
:100D300000000000000000000000000001000000B2
:100D4000FFFFFFFF4B60D2273E3CCE3BF6B053CCBB
:100D5000B0061D65BC86987655BDEBB3E7933AAAFD
:100D6000D835C65A96C298D84539A1F4A033EB2D90
:100D7000817D0377F240A463E5E6BCF847422CE1AD
:100D8000F2D1176BF551BF376840B6CBCE5E316BF1
:100D90005733CE2B169E0F7C4AEBE78E9B7F1AFEB5
:100DA000E242E34FF7B5044608F012FFA4B36378BC
:100DB000DB0731D52046FCF717FF28B30122104688
:100DC000214601F079F901AB0422072102200194A8
:100DD00003F090FD4FF0807194F85000184D08F02A
:100DE000F7FC94F850602B68012E1AD1D3F85C728E
:100DF00009F07CF9224603463946304600F048FAAD
:100E00002B680022C3F85C22A06808B1FCF7ECFE56
:100E1000206908B10AF076FC20460AF073FC03B0A2
:100E2000F0BDD3F8586209F061F922460346314615
:100E3000002000F02DFA2B680022C3F85822E3E7C7
:100E400090010020F0B5244E244C03460068306029
:100E50009A889B79B371B280B4F86C3F43F0020377
:100E6000A4F86C3FD4F8683F5A008BB00F4631D5D8
:100E7000D4F8945FD4F8683FC5F3026565F3124374
:100E8000C4F8683F27223146684609F027FC9DF8E0
:100E9000003007F0010767F3410327226946304617
:100EA0008DF8003009F01AFCD4F8683F43F4801341
:100EB000C4F8683FD4F8683FDB02FBD4084B1B68DA
:100EC000272202FB05350020EB7A67F34103EB7222
:100ED0000BB0F0BD0220FBE770330141002401415B
:100EE000AC010020434D443A536574457874536314
:100EF0006E456E61626C652C656E61626C653D2548
:100F0000640053434E3A445453746F70283229009E
:100F100053434E3A445453746F702833290053435B
:100F20004E3A505453746F702832290053434E3A4E
:100F3000445453746172742831292C6475723D25B0
:100F4000640053434E3A445453746F70283129005F
:100F500053434E3A445453746172742832292C64BA
:100F600075723D25640053434E3A50545374617278
:100F7000742831290053434E3A505453746F7028EB
:030F800031290014
:100F8400002841D038B5044650F8042C002A02DA6F
:100F940050F8081C01B138BDA0F1080522F0004248
:100FA40040F8042C0AF05CF854F8041C174A13683F
:100FB4000B441360164A00E01A4613689D42FBD89E
:100FC40050681418A5420ED06968681883420ED080
:100FD4002B60AA4218BF15600E4A136801331360D0
:100FE400F8F7B4FBD7E7014451601546ECE70A482B
:100FF4000068834206D05B681944696013681B6803
:101004002B60E6E72860E4E7704700BF04F50020A2
:1010140080F4002010F5002000F50020002846D0C0
:1010240038B50446426C914238BF1146C26A8A42BE
:1010340002D0806C012800D038BDE162A06900288C
:10104400A4BFC1F10501A16102EB8202184901EBC1
:10105400820261699142EFD1251D284608F0F9FE0C
:1010640038B914490B68E06A0122824023EA02037A
:101074000B60E36A0F49086801229A4002430A6040
:101084000B4A03EB830302EB83035B68A360996859
:10109400E1604D609D60E06A81000B189B00D518EB
:1010A4006561014452F821100131D150C4E7704701
:1010B40098F0002030F5002013B50321846801A8BE
:1010C40001F0F6FB9DF805309DF804201F482049E7
:1010D4001B0243EA02439DF806201343B3FBF1F2DB
:1010E40001FB1232B3FBF0F1B2FBF0F200FB113161
:1010F400303242F210702270B1FBF0F1B3FBF0F227
:10110400303100FB12324FF47A706170B2FBF0F2AE
:10111400B3FBF0F1303200FB11316420B1FBF0F18C
:101124003031A270E170B3FBF0F20A2100FB1232FD
:10113400B2FBF1F230322271B3FBF1F201FB123354
:1011440030330020637102B010BD00BFA0860100DF
:1011540040420F002DE9F843224B1B78012B054632
:101164000E4628D1204B1F684FF6FF797C1C07F2EE
:10117400F5181DBB14F8010CA0F1FF0358425841A7
:101184004E452BD0B4F8073008B1B34214D00A341A
:10119400A045EED115490B7803EB830207EB42021D
:1011A4001681A5B9FF20107001333220B3FBF0F291
:1011B40000FB12330B700020BDE8F8830622294699
:1011C400204609F07BFAB0FA80F04009D8E7286895
:1011D400C2F80100A888A2F80500E5E70028D6D0E7
:1011E400EAE700BF34010020B0F50020FDF500203F
:1011F40012292DE9F34104460E4690461F462AD192
:10120400838A0BB10023838205200AF04AFA05463B
:10121400002839D000F11003012101A801930AF03C
:1012240041F9314601A80AF03DF9414601A80AF006
:101234003FF9394601A80AF035F920462A46052126
:1012440009F078F8044610B128460AF047FA204617
:1012540002B0BDE8F08116290AD190F83930013B7B
:10126400DBB280F83930002BCED180F83830CBE7B0
:101274001829C9D190F83830032BC5D108F0E2FA07
:10128400002384F83830BFE70224E0E77FB5154631
:101294001E460446B0B91E4B0093022301911A4620
:1012A4007F21EC20FCF72CFC029695F85130019339
:1012B400184B009302231A467F21EC20FCF720FCF4
:1012C40004B070BD01280ED1134B00930223019189
:1012D4001A467F21EC20FCF713FC029695F8513056
:1012E40001930E4BE5E70228EAD10B4B019102462C
:1012F40000937F210346EC20FCF702FC029695F84C
:1013040051300193064B009322462346D4E700BF95
:101314004440010154400101694001017940010147
:1013240095400101F8B590F85030234E012B05BFCC
:1013340090F8513032683368313314BFD3F8F04138
:1013440052F83340054604B9F8BD05F0D1FF2768CB
:1013540008F0C4F9A3689D422CD105F0C9FF95F8A3
:101364005030012BD4E900231ED10AB1536006E0AA
:1013740095F85110326802EBC102C2F88C31D4E9FD
:1013840000231A6095F850203368134493F8F82129
:10139400013A83F8F82100232B7008F09FF92046C6
:1013A400BDE8F84006F03CBE002ADFD13268C2F83E
:1013B400F431E4E73C46C6E7900100207FB50446DB
:1013C40007200AF06EF9054600283FD0204E00F1B0
:1013D4001003022103A803930AF064F8336803A8F6
:1013E40019780AF05FF8336803A859790AF05AF8B3
:1013F400336803A859780AF055F8336803A8997834
:101404000AF050F8E36D03A893F82C100AF04AF898
:10141400E36D03A893F82D100AF044F80623009313
:101424002A4600230721208807F00DFB064648B909
:1014340094F8573023B10A23A370304604B070BD2A
:101444000523F9E728460AF049F9F6E70226F4E706
:10145400A001002037B5214C23788342054627D0CC
:10146400022828D11E4B1B884FF67F7119401F207C
:1014740007F0DAF80DF107010DF1060009F08CFA16
:10148400184B9DF806101B8801F0E80123F0E803CF
:101494001943082007F0C8F8134B9DF807101B8860
:1014A40001F0030123F003031943512007F0BCF8B2
:1014B400257003B030BD022B01D0FF2BF8D1094BAE
:1014C4001988082041F0E80107F0AEF8064B1988A6
:1014D40021F0030141F00201E7E700BFC001002051
:1014E400C4010020C2010020BE01002008B5026D25
:1014F400342301FB032393F82420012A01D0002084
:1015040008BD1A78002AFAD15A78072AF7D19A78AE
:10151400002AF4D01A4AD2F8242112F0FF0FEED197
:1015240093F82C30002BEAD106F09CF8C378DB0644
:10153400E5D504210230FBF759FC0028DFD090F9EF
:1015440000308278002B437802F01F0243EA022322
:10155400BCBF4FF4967213FB02F3094AD2F8002180
:10156400A8BFC3EB0313C2F30742A8BF5B00C2EBDF
:101574000212B3EBC20F8CBF01200020C0E700BFF2
:10158400002401410378072B00D0704730B597B091
:1015940004461F22002101A809F098FC32220021F0
:1015A40009A809F093FC01AB627E04F11A01092039
:1015B40003F0BDFC054608B917B030BD024601A9C9
:1015C40009A809F089F816AB2B44202203F8342C1F
:1015D4006A1C09AB53FA82F2211D062006F0C4F8F6
:1015E40005F10D0316AA52FA83F30D2203F8342CE5
:1015F40005F10E0316AA52FA83F30A2203F8342CD7
:1016040005F10F01C9B209A8FCF7FAFD014B082244
:10161400DA62D1E7002B0044012870B5204C214D3B
:101624000CD1206807F0F2F800262868266007F03D
:10163400EDF82E6009F018FC002070BD23681869CD
:1016440020B107F0E3F8236800221A61236858697F
:1016540020B107F0DBF8236800225A612368186C74
:1016640020B105F08FFB236800221A64226800234E
:1016740093642A6813702A6853702A68C2F8023087
:1016840028681372D3800C3043830377FCF76AF81D
:1016940000F0F2FE044B0121186806F01BFDCBE7B5
:1016A400240100201C010020A801002070B58AB08C
:1016B4000B7806934B7805938B780493CB7803933C
:1016C4000B7902934B7901931A4D1B4B00930646F9
:1016D40001230C4602221D21EC20FCF711FA2B6891
:1016E4009B6D984750B10C24144B00930194012333
:1016F4000022FF21EC20FCF703FA18E02B68DB6DD5
:1017040098470028EFD12B681B6E98470028EAD130
:101714000DF127022146304602F044FE30B931462D
:10172400204602F0DBF908B90724DDE7002420464F
:101734000AB070BD1C010020A494010136AA010165
:1017440070B5057A032D86B002D9032006B070BDAA
:10175400C3681C78ACB15C78012CF6D8588803288F
:10176400F3D999880329F0D99A7912F0F80FECD1BA
:101774008DF80840ADF80A00ADF80C108DF80E2075
:1017840001241A7AD2B15E7A012EDED85889032850
:10179400DBD999890329D8D99A7B12F0F80FD4D1CF
:1017A40006AA02EBC40244F0040402F8106C22F806
:1017B4000E0C22F80C1C9B7902F80A3C01A808F0D4
:1017C40065FE01A88DF805508DF8064006F0CCF8AA
:1017D400BCE7FEE700283ED038B50446C36B002BB7
:1017E4003BD0006CA0FB03230BB1002036E00D4678
:1017F40008F0EAFB2268216CE36B03FB01F3D018C9
:10180400A0600020A06362605B1A1344E360FF23BE
:1018140084F8443084F84530A5B923691BB909F02C
:101824000BFA01201AE004F11000FCF755FD002822
:10183400F5D00B4B4FF080521A60BFF34F8FBFF3BC
:101844006F8FECE704F1100009F057F904F124005C
:1018540009F053F9E3E700207047002038BD00BFCA
:1018640004ED00E02DE9FF478A461646994607F045
:10187400E7FC054620B90125284604B0BDE8F087F9
:101884001FFA86F808F10607384609F00AFF0446ED
:101894000028F0D000F11003012103A8039309F0FC
:1018A40001FEA97903A809F0FDFD08F1020103A8CE
:1018B40009F0FEFD514603A809F0FAFD26B13246AF
:1018C4004946039808F008FF28882246394607F05D
:1018D40003FC05460028CFD0204609F011FF044B35
:1018E4000093002204235121EE20FCF709F9C3E7F9
:1018F40014A7010138B51849184C022009F028F83A
:10190400174B184A1A602368254633B9302009F06A
:10191400F5FE206048B902201CE000242046013472
:10192400E4B208F00BF9082CF8D130220021286821
:1019340009F0CCFA0C4807F0E1FA0C4B0C4A1B688E
:101944005A600C4A5A612B680B4A5A600B4A9A60D7
:101954000B4ADA6038BD00BFA1AC01019800002039
:1019640090F4002048B60101D9C80001A400002069
:10197400C9D200018DAC010105B10101DDB601013F
:101984001D9B010110B51F4A1368002B30D0596804
:101994000B1A48BF01F18053516848BF1B1A31B379
:1019A40049680C1A44BF01F180510C1A1B1B002B0F
:1019B400D4BF0023012352F823201349134C086891
:1019C4002370134BCAB11C6814F0040F546812D06E
:1019D40020F07040844209D018886FF38200188088
:1019E40052680A601A8842F004021A8010BD01236A
:1019F40083F00103DFE70C60F4E7198862F38201E6
:101A04001980F3E7B0F40020343E0141FAF50020D8
:101A1400203E014108287FB50C4603D00D281BD079
:101A240004B070BD0E6820791D4C8A6801233146CC
:101A3400F3F7C2F82368D3F85C52002DF0D008F015
:101A440053FB3246034629460220FFF71FFC236856
:101A54000022C3F85C22E3E7D4E90223087849684A
:101A64000393CDE901128DF80300FFF70FFC0C4B33
:101A74001B68002283F86022AFF300800028CFD1D6
:101A840003AB02AA01A90DF10300AFF30080DDE965
:101A9400022301999DF80300FFF7F8FBECE700BF70
:101AA40090010020F0B5064685B002200F4609F0EB
:101AB400F8FD0546C8B91E4B009302240246019462
:101AC4000423C721EE20FCF71BF806F16000FBF7A6
:101AD40049FE304600233A460121FEF72BFF00233E
:101AE400204686F8533005B0F0BD00F110030521FF
:101AF40003A8039309F0D6FC394603A809F0D2FCE5
:101B0400062300932A4600230221308806F09BFF17
:101B140004460028D9D0064B0190009300220423E8
:101B2400C721EE20FBF7ECFF284609F0D7FDCCE7F0
:101B3400329E01017FB50546072009F0B2FD044637
:101B440000283AD01E4E00F11003012103A803938C
:101B540009F0A8FC336803A8197809F0A3FC3368DA
:101B640003A8597909F09EFC336803A8597809F051
:101B740099FC336803A8997809F094FCEB6D03A8E9
:101B840093F82C1009F08EFCEB6D03A893F82D103C
:101B940009F088FC062300932246002307212888A5
:101BA40006F051FF064620B90323AB70304604B05B
:101BB40070BD204609F092FDF8E70226F6E700BF63
:101BC400A001002070B5054608F0FEF995F84540DF
:101BD40064B2002C19DD05F1240608E06B6AA3B198
:101BE4003046FCF779FB68B9013C64B26CB1AB6C6C
:101BF400002BF3D0284603F041FF0028F4D009F06D
:101C04009DFBF1E709F09AFBEEE7FF2385F84530E9
:101C140009F012F808F0D8F995F8444064B2002CA1
:101C240011DD2B697BB105F1100606E009F086FB96
:101C3400013C64B23CB12B692BB13046FCF74CFB40
:101C44000028F5D0F2E7FF2385F8443008F0F4FFCC
:101C540070BDFEE730B4841FA4B240F67A45AC42AE
:101C640028D88C1FA4B2AC4227D8B2F5FA7F26D26A
:101C7400A3F10A04A4B240F67645AC4221D88842C6
:101C840021D8541C14FB01F46400A4B2B4EBC30FB8
:101C94001BD8124B1B685C8C844218D3188C884266
:101CA40017D8D98C914216D3988C90428CBF0020BF
:101CB400012000E0002030BC70470020FBE700203A
:101CC400F9E70020F7E70020F5E70020F3E700201C
:101CD400F1E70020EFE70020EDE700BFE8F4002083
:101CE400F8B5EFF311864FF0200383F31188BFF3A7
:101CF4006F8FBFF34F8F836BC26B9A4228D90F4605
:101D0400044690F845506DB201338363B5F1FF3F4B
:101D140014D1836C33B103F0B1FEE8B1F7B1012003
:101D2400386016E0436A0BB9012012E02430FCF756
:101D3400D3FAA8B1B7B1012038600AE009F0F8FA83
:101D4400854211D201356DB284F84550012000E07E
:101D5400002086F31188F8BD0120FAE70120F8E796
:101D64000120F6E70120F4E70120F2E700283BD048
:101D740070B50446826C013A8264C06A616C884220
:101D840034D00AB1002070BD251D284608F061F842
:101D940038B917490B68E06A0122824023EA02033A
:101DA4000B60636CE362C3F10502A26110490E6823
:101DB400012000FA03F232430A600E4A03EB830364
:101DC40002EB83035B68A3609968E1604D609D60EA
:101DD400E56AA9004B199B00D6186661294452F89C
:101DE40021100144D150CEE7002070470020CAE7FB
:101DF40030F5002098F00020F0B5214C23681978C4
:101E040085B0002937D1C568067A7DB16A881A86FB
:101E1400684610222F1D09F059F8102239466846E9
:101E240008F04CFC10B1384608F0AAFDB6B12B7886
:101E34009A1E012A21D86888421EB2F5E16F1CD28D
:101E4400022B01D105F030FD23682A7883F8212084
:101E54002368002083F8336005B0F0BD206821308A
:101E640009F019FC206890F82130012BF0D12230C0
:101E740006F01AFAECE70520EEE70320ECE700BFD2
:101E8400940000202DE9F84F9946204B0A9F1B68C7
:101E94001D688846164604464FF6FF7A0DB92C464F
:101EA40030E0AA89A2420ED942450BD92D68F5E744
:101EB400102E1CE05445F9D001340BF11003A4B2E8
:101EC4003B6008E01446EB89A342EFD36B68A21A87
:101ED40003EB02123A60EB89A342E7D34445E5D809
:101EE400D7F800B09BF80E305B07E1D4022EE1D1A5
:101EF40032464946DBF8000008F0E0FB0028D9D15F
:101F04000B9B1D602046BDE8F88F00BFA000002099
:101F1400F7B50446C07A15460023DAB2904201D8D8
:101F2400802022E09E00E268925BAA4203F1010352
:101F3400F3D10DF1060009F0AFFA6B1E0D2B16D884
:101F4400284608F0A1F8BDF80630022BE8D80BB1FA
:101F54000342E5D0E26816447380207A10F0010051
:101F640003D0204605F0D4FA002003B0F0BD0A4B9C
:101F74001B6818680028E6D0017C0023DAB291427D
:101F840001D80068F6E7826802EB83020133178800
:101F9400AF42F3D15088D6E7A000002038B5174DE2
:101FA400174C28462178022300F8013B194409F014
:101FB400A9FB42F6F531E81C09F0A4FB2378114A89
:101FC400114802EB0311C1E900051048886010486C
:101FD400C860104840F201110180591CC9B202EBDB
:101FE40001120D49C2E900100C4991600C49D160FD
:101FF40002330C4ADBB2D381237038BDDBF40020FA
:10200400F1F5002038EE00205AB7010142B7010172
:1020140005000001E4F50020AEA301014AB7010167
:102024000200020120F4002038B50D46044605F0F4
:102034005FF9012D1E4B2AD11A6892F84032012B08
:1020440011D094F8501092F81C3292F81D0281B904
:1020540061698C420DD194F85210034439B9012BB3
:1020640001DD82F84052BDE8384007F037BB022B4F
:10207400F6E7E16E034411B961698C4205D0022B85
:10208400F1DD012382F84032EDE7012BF8E71B680C
:1020940093F84022002AE6D093F81C2293F81D12EC
:1020A4000A44012ADCBF002283F84022DBE700BF98
:1020B400900100207FB5034610461F4A1268D418C9
:1020C40094F8F84114B3012B22D102F5F4750024DD
:1020D40002F5C0722E6806B1B468A4B1CDE901431B
:1020E40003916678B6070ED4A37813F0040F4FF06B
:1020F4000C0201AB1BD0114918B9012002F0F8FB06
:1021040004E00320FAE7083D9542E3D104B070BD32
:10211400D2F8F021002AF9D09268002AF6D0547837
:10212400A407F3D4CDE90123039101AB0C220821C8
:102134000028E3D00220E1E790010020080100011B
:1021440010B50C461E490346006808609A889B79BE
:102154008B711C4B8A80B3F86C2F42F00202A3F8F7
:102164006C2FD3F8680FC0F380708AB0C8B1D3F86D
:10217400942FC2F302622270D3F8680F62F3124004
:10218400C3F8680F2722684608F0A6FA002300BFA8
:102194000DEB0302D07938B90133102BF8D10AB012
:1021A40010BDFF232370FAE7074A1268272101FBB9
:1021B4000323D87AC0F3400080F00100C0B2EEE7F8
:1021C4007033014100240141AC01002084B070B59A
:1021D40004AC84E80F001F4BB3F8A4206FF3410252
:1021E400A3F8A420B3F8AC206FF38612A3F8AC20B4
:1021F400B3F8A4206FF30002A3F8A420002007F092
:10220400F7FC0646012007F0F3FC0546022007F020
:10221400EFFC4FF6FF710446002005F025F84FF659
:10222400FF71012005F020F84FF6FF71022005F040
:102234001BF83146002007F0EDFC2946012007F089
:10224400E9FC2146022007F0E5FCBDE870400020CF
:1022540004B070470024014108B5194B9847194B45
:102264009847EFF3108172B6174AD2F8883043F4D6
:102274007003C2F88830BFF34F8FBFF36F8F01B97B
:1022840062B6124A936823F0010393601346DA6836
:1022940012F0010FFBD10D4B24225A6001229A60E7
:1022A40006F0DEF90A4B23F07F03074A9360094BDB
:1022B4009847094B9847094B984708F0C8FFFEE731
:1022C400B73C0101B73C010100ED00E000200041F2
:1022D400000200010D580101B73C0101B73C0101A6
:1022E40000B587B049238DF8083044238DF80930B0
:1022F4004C238DF80A3045238DF80B3000238DF8DC
:102304000C30134A019200934FF4807202A91148D1
:10231400F4F72EFE08B1012804D00F4B1B6807B058
:102324005DF804FB4FF0200383F31188BFF36F8F34
:10233400BFF34F8F094B4FF0FF321A60084B012255
:102344001A60084B00221A6004F052F8E5E700BF57
:1023540034F500208D64010168F6002038F5002072
:1023640044F5002048F5002038B505460C46F3F73F
:10237400D7F8EEF77BFC054B05481D80054B0C2276
:102384001C801421BDE8384008F05EBA70F30020C8
:1023940050F5002072F3002030B5044685B00D4698
:1023A400AC4201D905B030BD69462046F0F760FC67
:1023B400D8B1BDF8021041B94FF0200383F311885E
:1023C400BFF36F8FBFF34F8FFEE700222046EEF777
:1023D400FFFC10F0FD0F08D04FF0200383F31188A9
:1023E400BFF36F8FBFF34F8FFEE70134A4B2D7E77B
:1023F4002DE9F84F067AD0F80C9090F810A00C2034
:1024040009F07CF9054610B90220BDE8F88F194F90
:102414003B68D3F800801FFA86FBB8F1000F04D1A3
:10242400284609F06DF90320EFE7D8F804309A68DC
:1024340012885A4506D132464946586808F03EF992
:10244400044610B1D8F80080E7E7304609F056F9A1
:10245400A8600028D8D0324649462E7108F03CF9CD
:10246400386885F805A00830294608F071FC204634
:10247400CBE700BFA000002038B51F4D1F4C08F06B
:10248400BDFF2B684FF461729A842368FF221A708F
:102494002368F9225A70236801229A70236808225B
:1024A400DA7006F001FA2A68136BDB075FBF216854
:1024B4000B7943F00E030B7123680C2183F844104D
:1024C4004FF0FF301F21C3E91601C3E9180140F2A0
:1024D4000771A3F80910002182F82E104FF08842EA
:1024E400126C02F44052B2F5005F14BF07220A4690
:1024F400DA721A7338BD00BF1C01002024010020C9
:10250400134A1448002310B51360134A1360134A86
:102514001360134A1360134A1380134B134A1A614E
:1025240008F0EAFF124808F0EDFF124B124A1A6154
:10253400124A5A621249134A9A62012008F0D0FFE3
:1025440007F008F9044608B902F09EF9204610BDC8
:1025540028010020CD610101300100202C01002060
:10256400B0F5002034010020E800002035340101DA
:10257400653F010154F200203D330101CFA7010161
:1025840019A60101A166010152433A5374617274A0
:1025940052657120507265656D70742030782530F5
:1025A40032782C7072696F726974793A25642C637D
:1025B4006C6B3D3078253034780052433A53746163
:1025C4007274526571204E6F726D616C2030782583
:1025D4003032782C7072696F726974793A25642C80
:1025E400636C6B3D3078253034780052433A466151
:1025F4007220616E63686F722C204E6F773A307868
:102604002530347820616E6B3A3078253034780088
:1026140038B51D4C2368254633B94FF4107009F0C2
:102624006DF8206060B938BD00242B6804F188027D
:1026340053F8220008B109F063F80134082CF4D1EE
:102644004FF410720021286808F040FC2C680F49F0
:102654000F4A04F5BC7304F5CE7500BF43F8041BA0
:102664009D42C3F88020F9D14822002104F5DA7094
:1026740008F02CFC0023C4F89C316B60AB60054B64
:10268400C4F874310120CEE79400002021B7010181
:1026940055B7010157B7010170B51B4B1C6853F8BE
:1026A400045F210609D5194B1B6824F0800403B18B
:1026B4009847174B1B6803B19847E20509D5154B9A
:1026C4001B6824F4807403B19847134B1B6803B14F
:1026D4009847AB0613D5114A136843F008031360F7
:1026E400138943F00803138108F01EFF46684EB1B6
:1026F4002B462246B4460021BDE87040604754EAA8
:102704000503F1D170BD00BF143F0141BCF50020A9
:10271400C4F50020C0F50020C8F50020203A01418E
:102724000000010002010100010005010601020090
:102734000801010001000B010C010D010E01010053
:102744000100030003001301010001000100010066
:10275400180101001A01010001000100010001003B
:10276400010001000100010001000100010001005D
:1027740001000100010001000100010001002F011E
:10278400010001000100010001000100010001003D
:1027940001000100010001003C013D0101000100B4
:1027A400010001004201FEE710B5ADF51A7D0C46AB
:1027B400103092AB96A900BF10F8012D03F8012B3D
:1027C4008B42F9D192A9684604F082FC18B100202A
:1027D4000DF51A7D10BD00239693979398938DF869
:1027E400643263798DF8653223798DF86632E37843
:1027F4008DF8673296AB92AA1021684604F07EF8F1
:1028040090B9A3788DF8583263788DF859322378CB
:102814008DF85A32032296A90DF2552007F04EFF87
:10282400B0FA80F04009D3E70020D1E700B5C5B085
:102834001C4B1B7823B1012B1CD045B05DF804FB65
:1028440008F052FD0023ADF8063001228DF8042073
:102854008DF80530ADF8083001A9022007F008FE14
:1028640018B1104B01221A70E7E71C210E48FBF740
:10287400C7FCF6E74FF0FF3203A90C4808F073FBDE
:102884000028DAD09DF80C3033B1012BD5D10DF1ED
:102894000D00F3F742FFD0E70DF10D0004F044FF03
:1028A400CBE700BF5C000020EC9F0101600000202A
:1028B40070B505460E4604F01BFD174BB3F8A04552
:1028C40044F00104A3F8A045B3F8A04544F0020481
:1028D400A3F8A0451C4600BFD4F8A0359B07FBD441
:1028E400324628460D4907F0F7FE0D4B1A680D4B8A
:1028F4001A600D4A12685A600C4A12689A600C4AAF
:102904001268DA60B4F8A0356FF30003A4F8A035B8
:10291400BDE8704006F0E2BE002401419029014167
:102924008029014154F6002084290141882901416C
:102934008C29014170B50646682008F0DFFE682541
:10294400154B164C18602A46002108F0BFFA284699
:1029540008F0D4FE00212A46206008F0B7FA104B94
:10296400104A1A6023681E63FFF786FD23685A69BC
:1029740002F0F8010C4A0A435A6100229A610B4A98
:10298400C3E91122C3E91322C3E91522C3E91722BB
:10299400074B084A5A6170BD240100201C01002025
:1029A400E80000201D1601010101000519B701010D
:1029B400ACF20020658E0001F7B51C4F3B681E7811
:1029C400E6B91B4C07F002F9206820211D30FFF7FF
:1029D4006FFF4020FCF70EF9054628B323681E77E5
:1029E4003B6801221A702368186101F07DFE0446D9
:1029F40028B13B6828461E7005F008FF0C240D4BD7
:102A04000093022201233321EC20FBF779F844B12F
:102A1400094B0093019401230022FD21EC20FBF7D4
:102A24006FF8204603B0F0BD0724E8E71C0100203E
:102A34002401002030B001014897010170B504461B
:102A44000E4690F850000821154606F0BFFE237884
:102A5400032B32D0022B13D104F04AFC174B1A6813
:102A640094F8503002EB8303D3F8FC11A1424FF0E9
:102A7400000108BFC3F8FC11C2F8041206F02EFED0
:102A8400A26E1AB9637862F3820363700023237021
:102A94001EB12946204607F042FAA36E6BB1A37813
:102AA4009B060AD4204607F018FC204606F07AFE5E
:102AB4002046BDE87040F4F743BC70BD900100208F
:102AC40090F85720C36D30B51C4C42B1226852793E
:102AD40012B993F8E52032B103225A7029E0226832
:102AE4005279002AF5D193F8E620510705D42268DB
:102AF4005278520701D40122EFE72468C578104ABE
:102B040093F8E41024786DB901EB81010A44125D55
:102B14005A7090F85720C36D62B15A78062A06D1CC
:102B24000422DAE704EB84042244525CF0E7052A29
:102B3400F6D030BD5A7822F00402CEE7A00100207E
:102B44001BA801012DE9F8431E4D2A68146880462C
:102B540098F80B3064B9980043B108F0CFFDC8F879
:102B64000C0018B12B681F6825464FBBBDE8F883DD
:102B7400227C134488F80B302468E9E7BB89012BD5
:102B840024B2D8F80C3013D0BA6832F8262023F8CF
:102B94002420D8F80C3003EB84040136002363802E
:102BA400F6B23B7C7419B342E4B2E7D83F68DBE782
:102BB400304603EB840908F0FDFBA9F80000E8E7C0
:102BC4000026EEE7A000002030B585B004320546AB
:102BD4000C46039206F034FB38B10C2C07D00023CA
:102BE4001A4619462846FEF73DFE05B030BDC378A7
:102BF400012BF4D003A901A807F0A0FF03A90DF14C
:102C0400060007F09BFF03A902A807F097FF03A99A
:102C14000DF10A0007F092FF204608F06FFD01460F
:102C24000028E2D000230370BDF804308380BDF88F
:102C34000630C380BDF808300381BDF80A304381F3
:102C44004580204608F0B6FCCFE770B5C56800891A
:102C540006F0A6FB0446A0B3C66D96B390F85720C1
:102C64007ABB25B90821BDE87040FEF71BBF2B686D
:102C7400C6F86F306B68C6F87330AB68C6F8773047
:102C8400EB68C6F87B30C36D01219970C378C16DC0
:102C940053B96F31F7F734F8E16D01F5D871204677
:102CA400BDE8704002F04CB8CB7863B1CA70C36D14
:102CB4009A70C16D6F31F7F723F8E16D01F5B871C2
:102CC400EDE7012070BD1846FCE7FEE72DE9F04171
:102CD40090F83C8006460D461746B8F1000F1CD10B
:102CE400184B1B689B8ADB0717D50C2008F006FDE0
:102CF400044628B3284608F001FD606000B3394655
:102D0400C4F8008025812A4607F0E6FC214606F136
:102D14005400BDE8F04108F01BB839780A4A002392
:102D240012F83300884208D102EBC30329463A461D
:102D340030465B68BDE8F041184701330C2BEFD1F6
:102D4400BDE8F081A0000020B45001012DE9F84352
:102D54001D4E038937683D684FF000080DB9012006
:102D640010E0AA899A421DD1BC684FF000095CB9F1
:102D740030684246294607F092FA287C10B1FDF7E4
:102D84002BFE0020BDE8F8836B68227999680978E6
:102D94008A4204D15968A06807F090FC28B1A14682
:102DA4002468E4E7A8462D68D8E707F108004A46F6
:102DB400214607F074FAA06808B108F0A1FC204687
:102DC40008F09EFCD4E700BFA0000020050000002E
:102DD400080001000C0002001000050013000600AA
:102DE400300007005700200086001F000110080073
:102DF40002100A00031009000410110005100B0052
:102E040006100C0007100D0008100E0009100F002A
:102E14000A1013000B1016000C1012000D101000F5
:102E24000E1017000F1018001010190011101A00BE
:102E340012101B00131015001410140020101D0094
:102E440021101C0023101E0000000000F8B5079C90
:102E540007469DF8180092B91B4E601E3D4620EAB5
:102E6400E07422463021284608F030F8314628190B
:102E740008F08AFB3846BDE8F84007F011BE00B3FD
:102E84000A2B1ED1002A1CDA3D462D2005F8010B21
:102E94005242601E01396E18002131700CB10028B5
:102EA400DDDDB2FBF3FC03FB1C21092988BF0731DC
:102EB4003031934206F8011D00F1FF30CFD862464D
:102EC400ECE720463D46E5E7B1400101022838B56C
:102ED4000D4618D0032827D0012813D1194C236894
:102EE40093F8263043B907F087FB20681649838C92
:102EF4000C305943F8F772FF236893F826102943DE
:102F040083F8261038BD0F4B186890F82610002956
:102F1400F8D021EA050180F826100029F2D10C30FE
:102F2400BDE83840FAF71EBC064B186890F8263006
:102F3400002BE7D0838C04490C305943BDE838405A
:102F4400F8F74CBF1C01002040420F00F0B585B0DB
:102F54001A4B02931A4B039340F201330746ADF820
:102F64000430002402AB53F824000568ADB901AB6A
:102F740001211A5D01F02CF86CB11248002400F80C
:102F8400044BFAF7EFFB104800F8084BFAF7EAFB9A
:102F9400204605B0F0BD0124E4E70121284600F0F5
:102FA40009FA012FE8D12E68306D08F0A9FB00233F
:102FB4003365284603F0E6FEDEE700BF300100205B
:102FC4002C01002088F3002030F3002070B51C464B
:102FD4001B688AB0D0E90C563BBBE1B903F201335C
:102FE4008DF80310418AADF80030903B4B430693B3
:102FF40000238DF802300793836821466846CDE9A3
:103004000465CDE90832F9F7E9FC206808B1F8F75E
:1030140099FC0AB070BD01218DF80310C16B0391B6
:103024004FF44071ADF80010E1E70022CDE9002231
:10303400029270228DF80020C26B059518466946ED
:10304400CDE9032607F058F92068E0E7F8B51E4EED
:1030540090F85020336803EBC2030446D3F80C7293
:1030640067BB05F033FF0546846004F041F92F6027
:1030740094F85020336803EBC202D2F810226A603D
:1030840094F8502003EBC203D3F810321D6094F877
:103094005020336803EBC202C2F8105294F8502057
:1030A400134493F81C22013283F81C2206F016FB09
:1030B40020460121BDE8F840FEF7B6BFBB689C423C
:1030C400F6D03F68CCE700BF900100201B4B1C4AA0
:1030D4001A604FF6A0029A814FF440325A601A46A1
:1030E400D369002BFCD1154A136843F00203136023
:1030F400D369002BFCD1134B00221A629A62DA6264
:1031040083F8342083F83C209A63DA871A609A6043
:10311400DA601A751A779A61084B5B6803F0070343
:10312400012B084B14BF802240221A631A61034BFF
:1031340080229A7504229A75704700BF000C0040E3
:1031440004011040B0F10020F8B50C4616461F46A5
:10315400054608B3022A2DD801292BD80121084697
:1031640006F058F83FB1144B14491868794300F538
:10317400E670F8F733FE2146284604F053F8044677
:1031840040B90F4B1E700C4B1A6813785DB143F0B5
:10319400020313702046F8BD074B186800F5E6706B
:1031A400FAF7E0FAE7E723F002031370012106F0CF
:1031B40031F8EFE70324EDE794000020A086010036
:1031C400F0F5002073B50446019168460D4601A947
:1031D40007F0B4FC01A90DF1020007F0AFFCBDF843
:1031E4000230019A062B1AD8DFE803F00B040B19FE
:1031F4000D111500114B1B681B68BDF8001020460B
:10320400984702B070BD0D4B1B689B68F5E70B4BEC
:103214001B685B68F1E7094B1B68DB68EDE7074E49
:10322400336829465B69204698470128E9D033680A
:1032340029461B6920469847E3E700BFA400002005
:10324400D3B5194B01681B681A46F2E916679965EC
:1032540001791171D3E9160202F01F01C3E91601C5
:10326400124B1C6844B1124B1C692CB1B94208BF03
:10327400B04216D0A04704460E4B0093022201230D
:103284001F21EC20FAF73CFC44B10B4B0093019452
:1032940001230022FD21EC20FAF732FC204602B083
:1032A400D0BD0024E8E700BF240100200002002074
:1032B400CC010020309701014897010110B592B06C
:1032C40041F20D03ADF80030012314788DF8043079
:1032D40053888DF81D0043EA4413ADF80630137982
:1032E4008DF808301346002853F8054FCDF80940EF
:1032F4009B88ADF80D30D37A8DF81630134608BF8D
:10330400002153F80C4FCDF817409B88ADF81B30C3
:10331400B2F81330ADF80F30937C8DF81130B2F859
:103324001530ADF812306846138BADF8143008919F
:1033340005F0D4FA12B010BD10B503680C78887883
:10334400CA78497886B0B9B9CDE902021B7C0193E9
:10335400154B0093022201236521EC20FAF7D0FBE0
:10336400124B0093022301941A468321EC20FAF7AE
:10337400C7FB002006B010BD196DCDE9030234234C
:1033840002FB0313EC209A7C02F03F0202921B7DA5
:103394005B0901330193064B00930222012366214A
:1033A400FAF7AEFBDCE700BF5A6301019C6301013D
:1033B400796301012DE9F0410468237B002B0F465A
:1033C40014BF4FF004084FF00108002545454FF0A5
:1033D4003406206D16D306FB08F2002107F076FDB3
:1033E400606A18B105F012FA00236362002384F8BE
:1033F4002F30A385A3641FB1227B72B184F82E30D1
:10340400BDE8F08105FB0606F06918B105F0FEF988
:103414000023F3610135EDB2D8E74FF48033C4F8EB
:103424000E30024BC4F812300123E7E713001000FA
:1034340070B5054617480468E4B90122214600F036
:10344400C7FD154B4FF00002012D1A8004D12C2228
:103454000021124807F03AFD114B1B680BB107F02D
:10346400C7FC0DB908F062F90E4B002018700E4B22
:10347400187070BD01212046FFF79CFF012DE0D19B
:103484002668306D08F03CF900233365204603F0CC
:1034940079FCD6E7280100203401002054F20020F2
:1034A400B0F50020FFF50020C901002070B50D46DD
:1034B40016460446B8B34FF0006190F8500006F089
:1034C40085F900212046FCF76DFA1DB9637843F0B5
:1034D400100363702378A580012B18D8637843F018
:1034E40002036370204601F067F9204600F042FAB7
:1034F400204606F01FFC94F850004FF0007106F0CF
:1035040065F920460021BDE87040FCF74BBAA3786A
:1035140043F00103A37036B1204600220421BDE824
:10352400704002F079BE70BD52433A416464526502
:103534007120507265656D70742030782530327852
:103544002C7072696F726974793A25642C70657293
:10355400696F646963616C3A25642C636C6B3D30FC
:1035640078253034780052433A41646452657120BE
:103574004E6F726D616C203078253032782C707209
:10358400696F726974793A25642C20706572696F69
:10359400646963616C3A25642C636C6B3D307825F7
:1035A4003034780038B5054605F090FC8560044653
:1035B40003F09EFE95F850300022012B174B226039
:1035C4001A6823D195F8511002EBC101D1F88C117E
:1035D400616095F8511002EBC102D2F88C2114609D
:1035E40095F851101A6802EBC102C2F88C4195F8A3
:1035F40050201B68134493F8F821013283F8F82112
:1036040001232B70BDE8384006F068B8D2F8F421E5
:10361400626014601A68C2F8F441E8E7900100207F
:10362400F8B506460C200F4608F068F80446C8B101
:1036340000258560056045600672384608F05EF82E
:10364400206078B129463A4607F040FC0C2008F087
:1036540055F8054660B9206808F052F8204603F092
:1036640091FB03E0204603F08DFB00252846F8BDBE
:10367400043E084B6360012E846002D8204604F0A7
:10368400EDFC00232B60044B5A686A6015605D6092
:103694002546EBE753B701019801002030B4C47804
:1036A40082780346FCB9082A14D1C56D0A68C5F8A6
:1036B400802105F5C0744A6862608A68A260CA689D
:1036C400E26090F8572052B190F85320022A03D1B7
:1036D40007229A7030BC704730BCF8F75BBA1846C2
:1036E40030BCF2F7D7BD062AF4D1C56D0A68C5F817
:1036F400C02105F5E0744A6862608A68A260CA68FD
:10370400E26090F85720002AE9D090F85320022A6A
:10371400DED030BCF9F768BA30B5C4B285B0012C3C
:10372400019222D01CB1022C2CD000241AE001A951
:1037340002A806F0B0FB01A903A806F0ACFB039BAA
:103744009B040FD5012006F053FA4FF6FF7104468F
:10375400012003F089FD2146012006F05BFAFCF705
:103764004BFF0446204605B030BD084D00242046DA
:1037740001342946E4B206F0F7FC082C05F10605ED
:10378400F5D1D2E7024807F029FBCEE722F2002068
:10379400C0F40020F0B5074685B0412007F0AEFF25
:1037A400054678B30646002306F8013B164C236809
:1037B400986810214030FFF77BF82368402239468F
:1037C400986806F089FF236820229968304606F03D
:1037D40083FF26682022B16805F1210006F07CFFF2
:1037E400B0686B46412229464030F3F799FE2846DB
:1037F40007F086FF23689B68012283F850206846FF
:1038040002F032FD05B0F0BDA0010020434D443A62
:1038140053657445787453636E506172616D2C7096
:103824006879733D25642C66703D25640053434ECE
:103834003A314D2C747970653D25642C696E74762B
:103844006C3D307825782C77696E3D30782578008A
:1038540053434E3A436F6465642C747970653D2517
:10386400642C696E74766C3D307825782C77696E9B
:103874003D30782578004552523A737461747573FB
:103884003D256400F7B5037B002B90F82C3014BF62
:1038940004270127012B054611D190F82D4074B956
:1038A40080F82D30BC420DD3124B0093EC20012341
:1038B4000222C221FAF724F9A86CFDF771FA00205C
:1038C40003B0F0BD34262B6D14FB06F633441B6B9A
:1038D4006BB1094B0093EC20012301940222C12116
:1038E400FAF70EF92B6D1E44306BFDF759FA0134CB
:1038F400E4B2D7E7249E01010F9E010152433A43EB
:103904006C656172526571204E6F726D616C20300E
:1039140078253032782C73746174653D25642C638A
:103924006C6B3D3078253034780052433A436C65F3
:103934006172206120636F6E74696E7565205265D3
:10394400710052433A436C65617252657120507242
:1039540065656D7074697665203078253032782C11
:1039640073746174653D25642C636C6B3D307825FC
:1039740030347800F8B51C4E90F85020336803EBCF
:10398400C2030546D3F80C42F4B103F0B1FC276836
:1039940005F0A4FEA3689D4224D103F0A9FCD4E958
:1039A4000032BBB15A60D4E900231A6095F8502064
:1039B4003368134493F81C22013A83F81C2205F05F
:1039C4008DFE204604F02CFB28460021BDE8F8407B
:1039D400FEF72ABB95F85010336803EBC103C3F814
:1039E4001022E0E73C46CFE79001002070B5037851
:1039F400054613B1012B11D070BD194E3368DB6835
:103A0400002BF9D0847824B9033098473368DC60FC
:103A1400F2E72046BDE8704003F0E6BF022005F05F
:103A2400D5FC044688B1AE78B6B9C06D2022E91C35
:103A34002F3006F051FEA37884F85360072B04D18D
:103A4400E37820462BB9F8F7A5F8BDE8704003F0F9
:103A5400F9BCF9F7C9F8F8E7304603F0C5FFF4E715
:103A6400A001002007280CD8DFE800F0040C12188D
:103A74001E242A30184BD3F8642F61F31042C3F884
:103A8400642F7047144BD3F8642F61F35142F6E767
:103A9400114BD3F8642F61F39242F0E70E4BD3F845
:103AA400642F61F3D342EAE70B4BD3F8642F61F33D
:103AB4001452E4E7084BD3F8642F61F35552DEE760
:103AC400054BD3F8642F61F39652D8E7024BD3F831
:103AD400642F61F3D752D2E700240141012970B564
:103AE40006460D4603D9FF2921D000202AE00846C6
:103AF40002F020FE0728F8D8134A062313FB0023FC
:103B040032681A60B2889A802946FFF7ABFF052213
:103B1400092313FB00230D4A3168134400EBC0044E
:103B240019601444B1889980257101200AE0084B7A
:103B34009B78DB07F9D4084602F0FCFD07288CBF0C
:103B44000020012070BD00BF0033014104F60020B5
:103B5400B8F5002070B504461646856B026C5AB958
:103B640003681BB100200135A56370BD8068FEF7B2
:103B7400FDF80023A360F6E76EB9406806F0ACFDDB
:103B84006368226C13446360A268934219D3236868
:103B940063603046E7E7C06806F09EFD226C52423F
:103BA400E3681344E36021688B4202D2A3681A4499
:103BB400E260022E01D00020D5E725B1013D0020AE
:103BC400D1E73046CFE70020CDE770B5867A012EE5
:103BD40031D8008905F0E4FB054670B3C16D61B3CB
:103BE4004B785B0729D526B10C21BDE87040FDF761
:103BF40059BFC3782BB901F5E871BDE8704001F0F5
:103C04008BBE0C79A4B10E71C16D01F5C87101F0C0
:103C140083FE044640B9EB6D0246A03301462846B4
:103C2400FCF788FE204670BD334632460121F6E794
:103C340001238B70F6E70324F4E70124F2E773B55C
:103C44000C4605F08BF9054678B323888088023347
:103C540083422CD8EB7C082B29D107F022FD0646A1
:103C640008B300F11003092101A8019307F01AFC1D
:103C7400A17801A807F016FC2146019831F8032B1E
:103C840007F044FD21880231324689B2284606F005
:103C940051FB044618B9E874204602B070BD3046A2
:103CA40007F01CFDF8E70224F6E70324F4E70124F7
:103CB400F2E7704710B5C288012A10D014B214B1CB
:103CC400022A2AD010BD008905F06AFB0028F9D029
:103CD400234622460221BDE81040FCF72BBE0220F9
:103CE40005F074FB0F4B1B68DA6804465AB107F001
:103CF400EDFC0028E6D0002CE4D020460821BDE8E5
:103D04001040FDF7CFBE0028DCD0C06DD978EB3071
:103D140007F0DEFC0028D5D0EFE7BDE8104003F043
:103D240091BB00BFA001002038B51A4C1A4D23687E
:103D340013F0100F1AD0236823F073032360236851
:103D440043F00C032360032004F096FE2B6823F059
:103D540073032B602B6843F00C032B60052004F0E5
:103D64008BFE0520BDE8384004F086BE2B6823F0A6
:103D740073032B602B6843F00C032B60032004F0C7
:103D84007BFE236823F073032360236843F00C0352
:103D94002360E3E7283A0141203A0141F7B500EBFB
:103DA40081060546B36993F804311446A3B901AA00
:103DB4006946608904F00AFF70B1009AA389978963
:103DC400B069BB4201D9072304E0E289D118B942A2
:103DD40009DD0D2380F8043195F83B30013385F873
:103DE4003B3003B0F0BDB3F5807FECD8B1F5807FF4
:103DF400EFDC04336168184406F06EFCA189E389A2
:103E0400B2690B4451888B42C8BF5380E4E738B58C
:103E1400837C1D2B04461CD1002383744FF48270D1
:103E240007F06CFC054648B1142303702388838093
:103E340003F0ACFF0421284605F018FD04F17400DA
:103E4400F9F790FC4FF4827007F058FC054608B966
:103E5400208238BD0C23037023888380238AC38087
:103E6400122B08D10023238203F090FF2846BDE8DB
:103E7400384007F045BC0421BDE8384005F0F6BCE5
:103E8400F7B50446008907F025FC78B32689304647
:103E940005F0D6F9074628B31620648907F02EFCEE
:103EA400054608B300F11003132101A8019307F09C
:103EB400F9FAB97901A807F0F5FA022101A807F087
:103EC400F7FA214601A807F0F3FA2A4606213046FC
:103ED40005F002F9044610B1284607F011FC20460B
:103EE40003B0F0BD0124FAE70224F8E70424F6E75E
:103EF40038B5008905F054FA044668B38378022B78
:103F04002AD1FDF75BFA054670B9204601F0AFFAF5
:103F1400E26D5378022B15D1104B1B681B78022BD2
:103F240004D1204602F052FF284638BD042B07D1A5
:103F340092F8E430022B2046F4D106F012F8F3E7AD
:103F44002046FAE7032BEFD194F85730002BEBD13E
:103F5400204606F017F8E7E70325E5E7A00100206F
:103F6400184B1A6802B11268174B1B6803B11B681F
:103F74001649086800B1006842B192F82C10012972
:103F840004D1D27B02F0FD02012A15D043B193F88B
:103F94002C20012A04D1DB7B03F0FD03012B0DD07F
:103FA40078B190F82C30012B0AD1C07B00F0FD00D1
:103FB400431E584258417047104670471846704790
:103FC4000020704728010020300100202C0100202F
:103FD4002DE9F0470C1E80464FF054014FF00100CC
:103FE400914614BF4FF0040A4FF0010AFFF718FB83
:103FF4000646E0B10568104B4360342707FB0AF717
:10400400A8602C73384607F079FB3A4628650021EE
:1040140006F05CFF4CB9094BC5F81130012385F853
:104024001090EC816C7585F82E30002000E007209C
:10403400C8F80060BDE8F0879D7501010013001009
:1040440052433A505F666C673D30782530387800CB
:1040540052433A7072693D25642C636C6B3D307831
:10406400253034780052433A4E5F666C673D3078B1
:10407400253038780052433A7072693D25642C63C8
:104084006C6B3D3078253034782C636F6E743D3022
:104094000052433A7072693D25642C636C6B3D3069
:1040A40078253034782C636F6E743D310030000015
:1040B400037A5BB310B4428803889A421DD3C18843
:1040C40084888C4219D8052B17D9B2F5486F14D8B7
:1040D400B1F5FA7F11D2104B1B68012283F82A2014
:1040E40002881A8442885A8482889A84C288DA842C
:1040F400027A83F82820002005E0074B1B68002281
:1041040083F82A2003205DF8044B7047024B1B6898
:10411400002083F82A007047E8F4002030B5172106
:1041240085B00546002005F0E9FE044650B30C2195
:1041340001A8FEF7BDFB01AB03CB05F58572039B1C
:10414400C5F80A015160C5F81A31294603232373BF
:1041540051F8FF3FC4F80D304B68C4F81130B5F87E
:104164000831A4F815301368C4F817305368C4F83C
:104174001B30D5F81A31C4F81F3028462146FCF705
:104184006FFD012005B030BD38B50024124B054643
:10419400214624221148C3E9004306F097FE104B40
:1041A400104A1C60104B01211C70104B08461C70F7
:1041B40006F00AFC0E4807F027F92869FEF7BAFB57
:1041C40001F00AFF02F026FE06F06AFA214668684A
:1041D400BDE8384003F07EBF98010020ACF2002017
:1041E400A8F50020E15B0101E4000020200100208B
:1041F400AD88010130B5174D02682B68C3F8022061
:104204008288DA802B68012289B01A725B6C0446BA
:10421400984710B12B681B6C984700231A460E4927
:10422400022000F065FB6379069323790593E37814
:104234000493A37803936378029323780193074B41
:104244000093022201231A21EC20F9F759FC0020E3
:1042540009B030BD1C01002002070100B08D01012E
:1042640013B5174B0093022201232321EC20F9F705
:1042740047FC07F065F920B902F0CEFA002002B03D
:1042840010BD104C23689B6C984760B92368DB6CA5
:10429400984740B923681B6D984720B923685B6D24
:1042A40098470028E8D00C24074B0093EC20019495
:1042B40001230022FF21F9F723FC2046DFE700BF9A
:1042C400E0B501011C01002036AA010137B5174BE6
:1042D400174C019000930546012302222721EC206C
:1042E400F9F70EFC23689B6C9847A0B92368DB6C34
:1042F400984780B923681B6D984760B923685B6D44
:104304009847044638B9012D08BF284605F03CFFFC
:10431400204603B030BD0C24064B009301940123C6
:104324000022FF21EC20F9F7EBFBF1E7ECA10101FE
:104334001C01002036AA010170B5184D2C6824BB5D
:10434400302007F0DBF9286008B9002070BD302266
:10435400214606F0BBFD124C26684EB9182007F022
:10436400CDF920600028F0D01822314606F0AEFDC9
:104374002268002313602268C2E90133D3602A68EB
:104384000120C2E90133D360E0E700242046013470
:10439400E4B2FCF7DDF8082CF8D1DCE7A401002036
:1043A400A0000020FF282DE9F84F80468A461746D2
:1043B4004FF00005144B05D11570987800F00100FA
:1043C400BDE8F88FD3F80090104E680029FA00F089
:1043D40000F00304012C5FFA85FB0CD10622514640
:1043E400701D06F06BF930B93379434503D187F872
:1043F40000B02046E4E70135082D06F10906E4D1B2
:1044040007233B700020DBE7B8F5002004F600200A
:1044140070B5C2B00446408805F044FBB0B105460F
:104424006288616806F058F92378042B10D00022C2
:104434008DF8042023788DF805306388ADF80730B3
:10444400CDF8095001A90B4806F0C3FB42B070BD7A
:104454002B78122BEBD1A87A800005F023FB0646BB
:104464000028E4D0AA7A9200696806F035F96E60F3
:10447400DDE700BF6000002071B30101C3B5010195
:10448400C3B50101C3B50101C3B5010171B3010194
:1044940071B30101C3B50101C3B50101C3B5010184
:1044A400C3B50101C3B50101C3B50101C3B5010120
:1044B400C3B50101C3B50101C3B50101CD2B010190
:1044C400A96E010171B3010171B3010171B301015D
:1044D400C3B50101C3B50101C3B50101C3B50101F0
:1044E40070B5164D2E68B3682C463BB12268D3785C
:1044F40073B11348FFF74EF9002070BD512007F047
:10450400FDF82B68B0609B68002BEFD10220F4E724
:104514009268022082F8503004F058FF054658B9DA
:1045240020681030F9F71EF92368064883F82850EC
:10453400BDE8704006F054BE0720DEE7A00100206D
:104544002C7A010199370101F8B500260E70C38851
:104554005A1E0D2A05460F4603D8BDE8F840FAF75F
:104564006BB8103B072B03D8BDE8F840F3F796BAB5
:104574004FF4827007F0C2F80446B8B1A88804F07A
:10458400EDFC90B1AB7AC3740A232370AB88A3808B
:10459400EB88E380AB7A23722B8963812046042164
:1045A40005F064F901233B703046F8BD8020FCE738
:1045B40073B50546044600F12006A3692BB301AA8E
:1045C4006946188804F002FBE0B1A369194631F882
:1045D400042B032A1CD05A88009B586806F07CF8E8
:1045E400009BA2699B6852881A80009B9B7B9B0658
:1045F40005D5A169284631F8042BFDF789FCA0698B
:1046040007F07EF80434B442D7D1002002B070BD64
:10461400987804F04AFDE8E737B50446008907F0C6
:1046240059F838B32089E56804F098FC044618B3B7
:104634002B78132B08D1C37C122B1FD102F083F9E2
:1046440000B9E07403B030BD172B0BD1C37C162B1B
:1046540014D1A988EB886A88009105F1080100F05B
:1046640011FAEDE7192B09D1C37C182B06D101F0FF
:1046740031FDE5E70420E5E70320E3E70120E1E776
:10468400202837B5054628D805F07EFF144A042DA6
:1046940098BF136812689DBF1B68B3FA83F35B0964
:1046A400012302EBC302146844B12168116001B90B
:1046B40052601BB1237943F04003237105F0CEFA15
:1046C40044B9084B00930195052322460321EF20AA
:1046D400F9F716FA204603B030BD0024FAE700BF0C
:1046E40084F5002068AD010130B5164D8BB004216E
:1046F40007202C68FEF794FF2B6820641A6CFAB12B
:10470400114951601A6C13681A60104A0992002406
:1047140048F6B802CDE90422CDE906444FF44062DC
:104724002968009203941B68089348316846F8F797
:1047340055F92B68986CF7F705F920460BB030BD96
:104744000720FBE724010020E1750101616E0101EE
:10475400037803F00F03072B1CD8DFE803F00407EA
:104764000B1B0D1B091113234B8070471523FBE70B
:104774001223F9E71023F7E74B8843F00803F3E724
:104784008378C3F38113DAB2012A0BD05BB223B16D
:10479400022A0BD04FF6FF73E6E78B7E002BE3D0A3
:1047A4000423E1E78B7E2BB10523DDE78B7E0BB180
:1047B4000623D9E74A807047F8B5184E90F8503070
:1047C40032684433044652F8337007BB04F07EFB6E
:1047D4000546846002F08CFD2F6094F85020336805
:1047E40003EBC202D2F824226A6094F8502003EB4F
:1047F400C203D3F824321D6094F85020336803EBCD
:10480400C203C3F82452BDE8F84004F067BFBB6894
:104814009C4201D03F68D8E7F8BD00BF900100205A
:104824002DE9F0479A46174B1C6814F80B6B0746A2
:1048340088469146002500BF26FA05F3DB0717D505
:10484400237803F00103BB4212D106224146601CC7
:1048540005F034FF60B910224946E01D05F02EFF33
:1048640030B91022514604F1170005F027FF38B182
:104874000135082D04F12704DED10020BDE8F087BE
:104884000120FBE7AC0100200E4B10B500241C7086
:104894000D4B1C600D4B1C600D4B1C600D4B1C60C4
:1048A40004F0BCFB0C4B0D491C700D4B1C700D4BE4
:1048B4001C700D4B1C700D4B01201C7006F052FE39
:1048C400204610BD00F60020CCF50020D0F50020D5
:1048D400D4F50020D8F50020FFF50020453A00016A
:1048E400C9010020C8010020C7010020C601002022
:1048F4002DE9F041074690B20E4615469846FFF75B
:10490400BFFE044628B30279C680330E63F3020265
:10491400330C0271437125B12A464146083005F033
:10492400DBFE032F15D8DFE807F002080C10204641
:1049340004F0DCF90020BDE8F081204602F026F9FD
:10494400F8E7204604F0EAF9F4E7204602F042F9D9
:10495400F0E71F20EFE7F8B50E4617461D4604F0B2
:104964001FFD044640B390F852303B700020012EE6
:1049740028700BD194F859302BB994F858301BB9DE
:1049840002232B700020F8BD0123FAE7022E08D180
:1049940094F85930002BF0D094F85630002BF2D113
:1049A400EEE7032EEFD194F85930002BE5D094F8BC
:1049B4005730002BE4D0EFE70320E4E7EFF309805E
:1049C400BFF36F8F154B1A681EF0100F08BF20ED50
:1049D400108A20E9F04F10602DE909004FF0200003
:1049E40080F31188BFF34F8FBFF36F8FFCF7E8F8A4
:1049F4004FF0000080F3118809BC19680868B0E81A
:104A0400F04F1EF0100F08BFB0EC108A80F3098835
:104A1400BFF36F8F704700BFAFF3008014F5002021
:104A240070B5174B1B681E6801250EB9284670BD6A
:104A34007468D4E90113187806F072FBF289B1891D
:104A44000132521A92B2234604EB02129A4201D165
:104A54003668EAE7D97B11F0440F01D010280CD056
:104A640011F0660F07D1012D03D111F0880F18BF83
:104A740002251033EAE70325FBE70425D6E700BF48
:104A8400A00000202DE9F7435D1DADB2074628467E
:104A9400884691461E4606F004FE044610B300F113
:104AA4001003172101A8019306F0FCFC494601A854
:104AB40006F0FEFCBDF8281001A806F0F9FC324609
:104AC4004146019805F008FE29462246384605F07D
:104AD40031FC054610B1204606F000FE284603B01E
:104AE400BDE8F0830225F9E7F0B50E468BB00968FE
:104AF400CDF80E107168CDF8121007465968ADF85C
:104B04000C0018681288ADF8162006AC03C4986827
:104B1400D96803C431463846F9F734FF0DF10B0365
:104B2400019303AB8DF80B00009300221C2342F287
:104B3400190140F2011004F0C5FB9DF80B20024B53
:104B440033F812000BB0F0BD242701012DE9F04128
:104B540000F1200694B00D460A4631468046F7F728
:104B640031FE03AC20278DF80B003A46414620461F
:104B740005F0B2FD3A4631460BA805F0ADFD0DF146
:104B84000B03CDE900430122412342F2260140F206
:104B940001108DF84C5004F095FB9DF80B20034B4D
:104BA40033F8120014B0BDE8F08100BF24270101DE
:104BB4002DE9F341804617461C4604F04FF806469B
:104BC40018B32379A4F8068023F00F0343F00203FB
:104BD40023716781204606F09BFD054658B908F508
:104BE40000510C340190024600943B4689B24FF4C4
:104BF400817004F067FB064B33F8150010B9B378E5
:104C04000133B37002B0BDE8F0814FF48170F9E76D
:104C140034B10101144B70B54FF48062134C144E3F
:104C2400C3F8842123681BB9BDE8704005F0D8BEE1
:104C340005F0AAFC25682B68236003B9646005F0BD
:104C44000DF801236A7933700A4B284653F8223051
:104C5400984795F90430002B02DB284603F0F0FD59
:104C640000233370DEE700BF00E100E0D400002041
:104C7400F3F50020A8F4002070B58CB0134B0B930F
:104C840000230993124E079103F271230693012323
:104C9400029331680F4B08901B680A9305463C3118
:104CA40002A8F7F79BFE044618B93368D86BF6F7E9
:104CB40049FE094B0093019501230222D421EC20E3
:104CC400F8F71EFF20460CB070BD00BFBD620101A5
:104CD400000200200402002044AF01012DE9F0414C
:104CE4000646174600EBC205B94227DAD5F800C0DC
:104CF4004C1E06EBC1031868A0EB0C02520209D546
:104D0400013406EBC402D2E9008E1060586850608A
:104D1400C3E9008E08339D42EDD1631C06EBC30347
:104D2400D3E9000C2A681A606A685A60C5E9000C65
:104D340022463046FFF7D2FFA11CD5E7BDE8F0813B
:104D4400F0B5054685B011200E4606F0AAFC0446CF
:104D540030B300F11003032103A8039306F0A2FB70
:104D6400039A3368136073685360B3689360F3689D
:104D7400D36006270097002322461121288803F0D8
:104D840062FE064640B9EB7823B90523AB70304682
:104D940005B0F0BDAF70FAE7204606F09FFCF6E7D9
:104DA4000226F4E74C32433A457674207263762C3B
:104DB4006E6F206672656520636F6E6E2068646C2A
:104DC4003D3078253034782C65767449643D3078EC
:104DD40025303278004C32433A457674207263763B
:104DE4002C6E6F20617661696C20636F6E6E2C6827
:104DF400646C3D3078253034782C65767449643D94
:104E040030782530327800534D503A45767420720C
:104E140063762C6E6F206672656520636F6E6E20FC
:104E240068646C3D3078253034782C657674496438
:104E34003D30782530327800534D503A4576742011
:104E44007263762C6E6F20617661696C20636F6E7D
:104E54006E2C68646C3D3078253034782C6576741B
:104E640049643D3078253032780038B5EDF7A5FF38
:104E74000446ECF7EBFCACB900B938BD012005F0F1
:104E8400EFFC0546012003F0F5FC04462946012009
:104E940005F028FE002CF0D0012C13D10120ECF7F2
:104EA400F1FC0FE0012005F0DBFC0546012003F0D6
:104EB400E1FC04462946012005F014FE002CDCD058
:104EC400EDF784FF002003F0D5FCD6E773B5047A30
:104ED40004B3C5680023E91FDAB294421FD803F073
:104EE400FFF900262B78003318BF01238DF800301A
:104EF4002B46013653F8012FCDF801209B88ADF8DD
:104F040005306846F6B202F07DFFB44205F10705AC
:104F1400E8D101E003F0E4F9002002B070BD0133F0
:104F2400C3EBC3028A5C032AD6D90320F5E7012A1E
:104F340029D92DE9F0414C78844226D001252C460C
:104F44000C4414F8014C01342C44E5B2AA420BD9A8
:104F54002C464E5D8642F3D16F1ECE5DAC19013CEA
:104F6400944204DD002000E00020BDE8F0811846F2
:104F74008846691C721E414405F0AEFB18F8070010
:104F84000138C0B2F1E7002070470125E4E72A2B7D
:104F9400154BDA6822F4E0621204120C42F0BF628C
:104FA40042F40032DA60BFF35F8F62B6E02183F827
:104FB40023100E4A82F803130820106082F80C13A1
:104FC4004FF4805111605A6A42F480225A625A693D
:104FD40042F010025A615A6A42F400325A625A6A22
:104FE40042F480325A62704700ED00E000E100E0D4
:104FF40070B505460C4604F0E7FF134B1A682368A6
:10500400B3F1FF3F1AD06968104800682E688642E1
:1050140005D0914203D80023236001240FE0501AE5
:10502400834203D800232360012408E09B1A0B4425
:105034002360284605F05CFC002400E0002405F011
:10504400FBFD204670BD00BF48F500203CF5002064
:1050540038B5008904F0A4F9044610B9012528469E
:1050640038BDC36D002BF9D1C378E3B9FAF7F6FC68
:105074000028F3D1E36DA27A83F858212346E26D28
:1050840053F8041FC2F859119B88A2F85D312046D9
:10509400FCF750FD05460028E1D1044904F1600005
:1050A400F6F79CFEDBE700F0C1FFF3E7A064D10153
:1050B40002000000C1F600010400000061A5000127
:1050C40006000000B1AF0001080000008D5D000182
:1050D4000A00000091ED00010C000000B9D30001AA
:1050E40010000000D57F00011200000051B601013C
:1050F40052000000B5AC010116000000C198000187
:1051040018000000B5E300011E000000133E010179
:1051140070B5164D00242B6803EB84031A6992B111
:10512400D17881B1012656721B69188806F0D2FA2B
:1051340048B1221D2B6853F8223031464FF6FF72D6
:10514400187800F04DFA0134082CE4D14FF4827041
:1051540006F0D4FA40B110220270002282800122AB
:105164008271042104F082FB002070BDA4010020A0
:10517400BD1A3CCDA6B8995899B740EB7B60FF4A5D
:10518400503F10D2E3B3C974385FC5A3D4F6493F86
:10519400E69D350E480103CCDBFDF4AC1191F4EF30
:1051A400B9A5F9E9A7832C5E2CBE97F2D203B020EF
:1051B4008BD28915D08E1C742430ED8FC245637652
:1051C4005C15525ABF9A32636DEB2A65499C80DCA8
:1051D40030B5134D2C78012C95B017D100F0A8FEF2
:1051E400B8B9104B5B8802222A706BB90E4B00933E
:1051F400EC202346B421F8F783FC41F2110302A802
:10520400ADF8083003F06AFB03F018FE002015B077
:1052140030BD00231A4605490320FFF769FBF5E773
:1052240088F3002030F3002098B501010501010145
:1052340037B5144D2B786C781BB1012B15D003B006
:1052440030BD013C012CFAD803F0E0FD0E4B019077
:105254000446009302220123C521EC20F8F750FCF8
:10526400002CECD101232B70E9E7002CE7D1074A8D
:105274000092C6210222EC20F8F742FC05F0B8FDAA
:105284002C70DCE734010020708E01018D8E010149
:1052940010B5144C226892F8383013B304281AD08D
:1052A4001149096891F9041000291ADAFF2812D16A
:1052B400002382F838300D48F8F754FA226813783E
:1052C400D9060ED56FF3041313702368BDE810409C
:1052D400D86BFBF765BD013BDBB282F83830002B9D
:1052E400E9D010BD0002002024010020E8010020C4
:1052F400F8B5164D90F8502029684432064651F806
:10530400324004B9F8BD01F0F3FF276804F0E6F970
:10531400A3689E4217D101F0EBFFD4E9003253B1E8
:105324005A60D4E900231A6004F0D8F92046BDE895
:10533400F84002F075BE96F850102B6803EBC103D9
:10534400C3F82422EDE73C46DBE700BF90010020D0
:1053540073B5C36D0446A3B94388012B11D10191E0
:105364000DF1030001A905F08EFF104B9DF80350C9
:105374001B689B793BB12B0705D403212046FCF71E
:1053840091FB02B070BD012684F8545084F8556036
:10539400082006F0B3F901460028F2D006702388ED
:1053A40083808571082006F023F9EAE7A001002034
:1053B40070B5044604F0F8FE01460546204601F0A7
:1053C400DFF904F1170304F1270200BF13F8011BEE
:1053D400C9B99342FAD101220C4E33682B442046BA
:1053E400DA7002F0B7F8272230680B2312FB05337A
:1053F4001844214605F070F932680123AB40157852
:105404001D43157070BD0022E6E700BFAC0100200B
:1054140070B540B3002004F0EBFB0646012004F015
:10542400E7FB0546022004F0E3FB04464FF6FF7158
:10543400002001F019FF4FF6FF71012001F014FF65
:105444004FF6FF71022001F00FFF3146002004F0F7
:10545400E1FB2946012004F0DDFB21460220BDE8E2
:10546400704004F0D7BB044605460646DEE738B56F
:10547400C16D91F82C3091F8E85004461D4091F824
:10548400E90091F82D301840E378CBB9EA3104F003
:10549400C5F9E16D2E31284604F0C0F994F857306F
:1054A4006BB1E26D92F8EA3023F0030382F8EA303C
:1054B400E26D92F82E3023F0030382F82E3038BDCB
:1054C4002E3104F0ABF9E16DEA31E4E770B5C4685C
:1054D400067A237843B1022E20D86378022B1DD894
:1054E4000121084603F096FE204602F05DFA0546C7
:1054F40048B90B4B22781E700A4B32B11A681378E4
:1055040043F002031370284670BD1A68137823F021
:1055140002031370012103F07DFEF4E70325F2E793
:10552400E5F400209400002030B583681C78012C39
:1055340085B025D85888021F92B243F6FC75AA425A
:105544001ED899880A1F92B2AA4219D89A79032AB6
:1055540016D8DB7913F0F80F12D1ADF806000DF16F
:105564000A008DF80440ADF808108DF80B208DF872
:105574000C3004F08BFF01A802F022FF05B030BD0F
:105584000320FBE72DE9F341064680880F461446C5
:10559400984606F086F8054600B300F1100341462C
:1055A40001A8019305F07EFFB388013B9C4288BFAC
:1055B4009CB224B122463946019806F0A7F8611C32
:1055C4002A4689B2304604F0B5FE044610B1284696
:1055D40006F084F8204602B0BDE8F0811124F9E712
:1055E400F8B50F46154603F0B9FC064600B3FA2099
:1055F40006F084F80446E8B10F4B40F8043B394602
:1056040006F080F82946A01D06F07CF81D2384F8D6
:10561400F83021463088F3F7E9FC054618B9737A67
:1056240043F002037372204606F06AF82846F8BD78
:105634000325FBE70225F9E7120004002DE9F843EE
:1056440090F8B0510646894617469846EDB90C20A5
:1056540006F054F8044640B17FB1384606F04EF8DF
:10566400A06020B9204606F04BF8072511E025601C
:10567400D6F8AC311C60C6F8AC4184F804903A46C4
:105684004146A06805F028F803E0022380F8B03111
:1056940000252846BDE8F88313B5124B124C00933D
:1056A400022201231C21EC20F8F72AFA23689B6DBF
:1056B400984758B92368DB6D984738B923681B6E3F
:1056C400984718B9094B186002B010BD0C24084B58
:1056D4000093EC20019401230022FF21F8F710FA33
:1056E4002046F1E72CAA01011C010020B8F5002096
:1056F40036AA010138B5044630B34FF0806190F802
:10570400500004F063F86378002523F012036370FB
:105714002046A580FFF7ECFD2046FDF797FC94F8A2
:105724005330012B237808BF84F85350012B0BD13D
:10573400064B1B68D3F8082232B9214694F850006E
:10574400BDE8384005F0B0BF38BD00BF900100206F
:10575400154B0178D3F8B02F61F31742C3F8B02F7B
:10576400D3F8B02F417861F31F62C3F8B02FD3F898
:10577400B42F817861F30702C3F8B42FD3F8B42FA0
:10578400C17861F30F22C3F8B42F0179D3F8B42F91
:1057940061F31742C3F8B42F4179D3F8B42F61F3FE
:1057A4001F62C3F8B42F70470024014108B5134A9F
:1057B400136823F400731B041B0C138078B900BF17
:1057C40004F0A2FC6FF4E173C3189BB2942BF7D9D5
:1057D400A0F2134080B29428F2D9FEF7A5FA02F0A1
:1057E40083F9074B1B6800225A63064A1B78116829
:1057F400C3F3801363F34D31116008BD243F0141AD
:1058040000020020383801410E4A38B500231360E5
:105814000D4A0E4C13600E4A0E4D13600E4A13606F
:105824000E4A13600E4A536213610123936005F01C
:10583400A1FF05F09FFFAC4200D338BD54F8043BF0
:105844009847F8E7E0F500206CF10020F803000128
:1058540068F10020FC03000160F1002064F10020E5
:1058640070F10020F7B5002407460E460C8005466B
:10587400AB69EBB101AA6946188803F0A7F938B9F6
:105884000634802057F824301B88338003B0F0BDE1
:10589400009A937B928913F0080FAB69598805D15C
:1058A4008A4205D01B8833800D20EFE78A42F9D362
:1058B4000134082C05F10405DAD10020E6E77FB5B0
:1058C400064611200D4605F0ECFE044610B300F127
:1058D4001003042103A8039305F0E4FD039A2B6845
:1058E40013606B685360AB689360EB68D360062306
:1058F4000093224600231121308803F0A4F80546C2
:1059040020B90823B370284604B070BD204605F0C2
:10591400E5FEF8E70225F6E77FB5064611200D46B9
:1059240005F0BFFE044610B300F110030D2103A8D7
:10593400039305F0B7FD039A2B6813606B685360FB
:10594400AB689360EB68D360062300932246002380
:105954001121308803F077F8054620B90C23B37081
:10596400284604B070BD204605F0B8FEF8E70225CD
:10597400F6E745525221617574507472206E6F744B
:105984002076616C69640053434E3A6175784F66C2
:10599400667365743D256C752C2063684964783D95
:1059A40025642C206175785068793D256400534343
:1059B4004E3A636C6B55313D3078256C782C2063FE
:0B59C4006C6B55323D3078256C78008C
:1059D00038B504461D4631B101291BD000230360B0
:1059E0004FF0FF301FE0012B01D900201BE0032204
:1059F0000021012000F08AFC206080B1012D0ED131
:105A000000231A461946F4F7E9FA012814BF0020CA
:105A1000012008E01946104603F066FF2060206868
:105A2000003018BF012038BD08B5144B9B7DF3B181
:105A3000124A137EDBB2927D12F0800F18D10F4A0A
:105A4000137EDBB2927D12F0010F04D013F0010F30
:105A500001D0FAF72FFC094A137EDBB2927D12F0D7
:105A6000040F04D013F0040F01D0F9F7E5FE08BDD0
:105A700013F0800FE3D000F097FCE0E7000C00404B
:105A800070B582B00190846CA26BE36B9A4203D331
:105A90000025284602B070BD94F8456076B2002219
:105AA00001A92046FEF758F80546B6F1FF3F0AD196
:105AB000636A002BEDD004F12400F8F70FFC0028F6
:105AC00018BF0125E5E705F035FC8642E1D2013635
:105AD00076B284F84560DCE72DE9F843064689464E
:105AE0009046002500F1180353F82540EFB23CB171
:105AF0002288424515D1002089F80070BDE8F8835E
:105B00004FF4837005F0FCFD06EB8505A86168B1D4
:105B10004FF48372214605F0DBF9AB69A3F80080EE
:105B2000E9E70135082DDFD12F46E4E71120E3E74F
:105B300038B54389152B044620D1037C122B1FD185
:105B4000008903F00DFA08B9002038BD63681B789E
:105B5000DA0717D5037A0125DB078572F4D54FF4F0
:105B6000827005F0CDFD0028EED01122027022894E
:105B700082808571042103F07BFEE5E7132BE3D0DF
:105B80008020E2E71320E0E730B585B0124B0093A8
:105B9000CDE9010105460C46EC20012302225721E4
:105BA000F7F7B0FF284604F0EBF888B1214600680B
:105BB00005F01AFA70B90724084B009301940123E9
:105BC0000022FF21EC20F7F79DFF204605B030BDF5
:105BD0000224F1E70024F8E75A9901012297010114
:105BE000F0B5C488114B876885B0260A0093E4B2EB
:105BF00002231A460546CDE901648121EC20F7F71E
:105C000081FF0B4B1B781BB1052E0DD1022C0BD144
:105C1000084B53F826303BB105F10C0239462046BB
:105C200005B0BDE8F040184705B0F0BDEAB5010188
:105C300020010020ACF200207FB5134B0190CDE98C
:105C4000021204460E461546009302223021EC2033
:105C50000123F7F757FF2A463146204604F016FF86
:105C600078B90A4B5C7134442A0604EBD4744FEAC9
:105C7000640454BF6D4280229C71DE7154BF1D725A
:105C80001A7204B070BD00BFA6990101B2010020D4
:105C900030B5114991F90420824209D091F90230BE
:105CA000834203DB91F90330834202DD9A4201D142
:105CB00030BD0346094A0A4C10780A4DE289181A89
:105CC00045FA80F022F03F02007E1204120C0243DB
:105CD000E2810B71ECE700BFB2010020BC010020A3
:105CE00000600141C89D010100B583B0002301930C
:105CF000032200924FF400720B490C48F1F73AF975
:105D0000012800D0FEE70A4B0193012300930023F2
:105D10004FF4806207490848F1F72CF9FCF7E2FAE2
:105D200003B05DF804FB00BF54B00101AD9B01015D
:105D30000C00002058B0010119B6010103040C4AFF
:105D400043F08073136040F2011101390DD15368A3
:105D500013F0800307D05368C3F3072383420ABFBD
:105D600053680B461B0C1846704700BFEDE700BF99
:105D7000003E0144054B41EA004119605A68110692
:105D8000FCD45A681206FCD5704700BF003E01449F
:105D900070B4806805886B1EB3F5FA7F1FD2438804
:105DA0005A1EB2F5FA7F1AD28188B1F5FA7F16D25F
:105DB000C488B4F5FA7F12D202890A3A92B240F648
:105DC0007646B2420BD89D4209D801FB0331B1F5AA
:105DD000FA7F04DCA34202D970BC02F0D7BA0320D8
:105DE00070BC704773B54D89032D06460C461CD117
:105DF0000B7C03F0BF03122B08D14968A07B03F092
:105E000056F9B8B90025284602B070BD2A460DF1F2
:105E10000701FFF761FE05460028F4D122469DF8F0
:105E200007103046FDF7BCFFEDE705F0B9FA013089
:105E30008542E7D08025E6E738B5134B044618685D
:105E40000368D2B9A1894F2901D8302919D13BB1B2
:105E5000A589D9898D420DD8E1899B8999420ED2B5
:105E6000214603F015FC0025237C0BB1FAF7B6FDA3
:105E7000284638BD1A461B68E9E70022E7E70125F6
:105E8000F2E70125F4E700BFA0000020F0B5040B05
:105E9000012C85B005460E4601D103F099FEEFB204
:105EA0000D4B0093C5F30325CDE90145039704236A
:105EB00001220021EE20F7F725FE084B04F1804473
:105EC000013C1B68324653F824303946284698472F
:105ED000308005B0F0BD00BF3891010168F50020A9
:105EE0004B0705D0CB1D23F007030844C01A194601
:105EF0000B4B002219605A600B18083B23F0070374
:105F00000848C3E900225A1AC1E900320360064B6F
:105F10001A60064B1A60064B4FF000421A60704739
:105F2000A0F400207CF5002078F5002074F5002016
:105F300070F5002037B5104B1B681868FDF7A4FCFE
:105F40000E4B0190044600930222AC210123EC2069
:105F5000F7F7D8FD0A4B1B681868FDF795FC094B4D
:105F600000930546019401230222AD21EC20F7F7AE
:105F7000C9FD284603B030BD300100202476010160
:105F80002C01002044760101042810B505D0104BE7
:105F90001B6893F90430002B13DA0E4C236893F836
:105FA000380040B9196BFEF769FE58B10A484168DC
:105FB0001C30F5F715FF226892F83830013382F86B
:105FC000383010BD2268137843F010031370F2E7E5
:105FD0002401002000020020CC01002010B5104C4C
:105FE00000212246084604F0F1FC2246002101204F
:105FF00004F0ECFC4FF4197005F082FB094B1860BB
:10600000F6F772FD002005F01FFA05F023FA0648A6
:1060100005F00EFA0548BDE8104005F003BA00BFD0
:106020004989010190010020D5D10001B5B10101DC
:1060300030B5054685B0022005F035FB0446E0B1D9
:1060400000F110030B2103A8039305F02DFA0C4B6C
:106050001B6803A8597805F027FA062300932888BF
:1060600000232246022102F0F0FC054610B1204632
:1060700005F036FB284605B030BD0225FAE700BF23
:10608000A0010020124B02460068186090889279A7
:106090009A7133F8042C988042F0020223F8042C01
:1060A00053F8082C5200A3F577630ED5094AD3F8AC
:1060B000943F12681278C3F30263DA4012F0010FC2
:1060C00014BF002002200B70704702200023FAE763
:1060D00070330141AC01002037B590F83830032B04
:1060E000054607D1FEF766FA284603F0ADFB00230C
:1060F00085F83830012005F0D6FA044698B100F151
:106100001003192101A8019305F0CEF92846224673
:10611000012104F011F9054610B1204605F0E0FA1E
:10612000284603B030BD0225FAE7020070B5124ED2
:1061300005460024336803EB8403D3F89C310BB18C
:10614000284698470134032CF4D12B78182B12D809
:106150004FF4807005F0D4FA044660B129464FF43C
:10616000807204F0BBFA22464FF480710120BDE832
:10617000704003F009BD70BD9400002000B5104AC6
:106180008BB01068516805AB03C39068D16803C336
:10619000117C1970D2F8113001930A4B0A4A186821
:1061A00002909B88CDF80E0001A905A8ADF80C302F
:1061B000ADF81230F8F786FD0BB05DF804FB00BFB8
:1061C00098AB0101C9000020A8000020104B1A68FC
:1061D00002B112680F4B1B6803B11B680E490868B7
:1061E00000B100681AB192F82C20012A0BD01BB123
:1061F00093F82C30012B08D040B190F82C00431EAE
:10620000584258417047104670471846704700BFC3
:1062100028010020300100202C01002070B5436FC0
:1062200088B004460E464BB103AD4AB1CDE9030137
:106230002B46082206210220FEF75CFB08B070BD49
:106240004FF4001190F8500003F0C2FA236F8DF85C
:106250001460CDE9033408AB13E903008DE80300B3
:10626000022095E80E00646FA047E7E710B50446EA
:10627000242005F045FA0146E0B102460A2302F85F
:10628000143B0D4B1B68986850F8403F4B614368C6
:10629000536083689360C368D36023684B6063680E
:1062A0008B60A368CB60E3680B612420BDE81040DD
:1062B00005F0A0B910BD00BFA001002084B01FB53B
:1062C000022807AC84E80E000DD0032812D028B9AC
:1062D0000B9B009394E80F00F7F72EFB04B0BDE88A
:1062E000104004B070470B9B009394E80F00F9F73F
:1062F0007BFDF3E7079B0393042203AB02490120D4
:10630000FEF7F8FAEAE700BF0307010170B5E8B14C
:106310000546A0FB0132E2B901FB00F010F14D0F80
:1063200019D80C464C30F5F7B5F8064678B114B1DB
:1063300000F14C0300E003463360F563346401214F
:106340003046FBF749FA0023B36400E000263046EC
:1063500070BD0026FBE70026F9E753434E3A436C35
:106360006F73652C7068793D25642C636E743D25D0
:10637000642C7469643D25640053434E3A70687917
:106380003D25642C7365634E756D3D25642C636EED
:10639000743D25642C7469643D25640053434E3A72
:1063A00043523D307825780008B5104B5B8B13F0D5
:1063B000070300D108BD0E4AD3870C4B80221A7602
:1063C00007225A831B7E13F0040F05D0074B9A6AED
:1063D0001A7E12F0040FFAD1054B1B6A002BE9D08C
:1063E000034B596A1B6A02209847E3E7000C004000
:1063F000B0F1002010B50F4B1A6842F47F021A600A
:106400001A6842F07F421A600024043B1C6000F0CE
:106410002FFB094B1C6004F007FC084A136843F08B
:106420004043136003F0D0F8FAF7CCFB03F0BDFD56
:10643000204610BD20ED00E064F6002034EF00E0BF
:10644000F8B50F4B1B68D3B10E4F0F4E0C4D03F038
:10645000BDFDFB68DC68201D03F0FDFC3368013BDB
:1064600033602B68013B2B6004F0E8FB206BFAF7EC
:1064700089FD2046FAF786FD2B68002BE7D1F8BD91
:1064800024F500200CF4002020F5002070B5104CFD
:10649000104E4FF0805505E005F0BAF801F03CFCD5
:1064A00004280AD8FFF7CCFF2368012BF4D9356004
:1064B000BFF34F8FBFF36F8FEEE704F0D3FD01F012
:1064C0002BFC042801D9F5F73BFEF3F741F9E9E786
:1064D00098F0002004ED00E010B584682078831E59
:1064E000012B1AD9012806D194F90630002B13DAB2
:1064F000601C01F0DBFE0A4B21681A68C2F821100B
:1065000002F12103A2889A80A2799A71214611F89A
:10651000010B04F02DF8002010BD0120FCE700BFA6
:1065200094000020F8B5114D07462B79007823F030
:10653000070310F007042B712E460DD02B681BB9F2
:10654000472005F0DDF82860306860B14722394601
:1065500004F0C4F80020F8BD28680028FBD005F03E
:10656000D1F82C60F6E70220F5E700BF88F40020A0
:1065700010B5FDF7E3FEA8B101F078FA0A49044628
:10658000042004F0E7F90949002004F0D5FF084B86
:10659000084A1B685A60084B1B684FF0F7121A61D3
:1065A000204610BD0424FBE759AE0101CC7D01015A
:1065B000A4010020D12C0101A0000020012837B542
:1065C0000C4614D9013801AA694680B202F000FBDA
:1065D00070B1009D0B492868022204F071F870B96F
:1065E0006B68122C1B7805D113F0080F00D1032023
:1065F00003B030BD522CFBD113F0040FF6E700209E
:10660000F6E700BF5AB70101F0B585B002AD0E46FE
:106610000746039502F0B4FB0446014603A804F0C4
:1066200043FF397803A804F03FFF317803A804F052
:106630003BFF002300930195032242F24B0140F2FD
:10664000011002F041FE024B33F8140005B0F0BD1A
:106650002427010110B5104B1A68824219D35C68D7
:106660001919884201BF41681846091959604168E3
:106670004418A24208D1094C2468A24204D05268AE
:106680000A4442601A6812680260984218BF186093
:1066900010BD1346E0E700BFA0F400207CF5002009
:1066A00037B505680A682B6D0024303319689142AC
:1066B00005D00134E4B2042C03F13403F6D10A4BC3
:1066C0000093019401230222D521EC20F7F71AFA56
:1066D000042C05D02A6D342304FB032400232363F8
:1066E000002003B030BD00BFE8A7010130B5114C58
:1066F0002368D3F8083289B00546CBB15A6FBAB1D6
:1067000093F850004FF4001103F062F823688DF8FD
:106710001450D3F80842236FCDE9033408AB13E9D2
:1067200003008DE8030003AB0ECB646F0220A0478B
:1067300009B030BD9001002070B5114B19680546B5
:106740000022540021FA04F6B607D0B213D1FF2D6F
:1067500002BF9A7842F001029A704FF0030202FAE7
:1067600004F51A680CBF0321012122EA0502A140A9
:106770000A431A6070BD0132082AE2D11046F9E7D7
:10678000B8F5002010B527220C4601460D4803F04D
:10679000A5FF0D4BD3F8682F64F31242C3F8682F9E
:1067A000D3F8682F42F48012C3F8682FD3F8682F0B
:1067B000D202FBD4054A01231178A3401943C9B280
:1067C000117010BD70330141002401416833014153
:1067D000114BD3F8682F60F31242C3F8682FD3F837
:1067E000702FC2F307220A70D3F8702FC2F307424A
:1067F0004A70D3F8702FC2F307628A70D3F8742FEF
:10680000CA70D3F8742FC2F307220A71D3F8743F09
:10681000C3F307434B7170470024014108B50F4B88
:10682000D3F8682F42F40012C3F8682FD3F8682F0A
:106830009202FBD40A4A0B49002313700A68012014
:1068400013700A681A440133082BD070F9D1F8F795
:10685000CBFB0B6800229A7008BD00BF00240141E9
:1068600068330141AC01002001F000428B1AA3F112
:106870006051B1F5801F0ADBB1F17F6F09D242EAA6
:10688000C102C10071F1004142EB507070471046E7
:10689000704701285B4113F5001F02D842F0FF400A
:1068A0007047C90041EA5070104340F4800040F046
:1068B00080407047474154543A457674207263765D
:1068C0002C6E6F206672656520636F6E6E004741A7
:1068D00054543A457674207263762C6E6F2061763C
:1068E00061696C20636F6E6E2C68646C3D30782536
:0F68F0003034782C6576743D307825303278005E
:1069000070B504461E464FF0864302251D604FF2C7
:1069100060031D6813460A463146A847034660B91E
:106920004FF264031B6820469847034628B94FF28C
:1069300070031B682046984703464FF086420021AB
:106940001160581A18BF012070BD37B5828A0546FC
:106950002AB100F11601FBF7DDFA0023AB8201201A
:1069600004F0A1FE044698B100F11003132101A820
:10697000019304F099FD28462246012103F0DCFC36
:10698000054610B1204604F0ABFE284603B030BDEA
:106990000225FAE77FB5054602200E4604F083FE85
:1069A0000446D0B100F110030E2103A8039304F0B4
:1069B0007BFD314603A804F077FD06230093288869
:1069C00000232246022102F040F8054610B120467D
:1069D00004F086FE284604B070BD0225FAE70100E7
:1069E000F8B50746408800F01FF840B1837F3B713F
:1069F0000B4B1B7893B100240A4E094D06E0082387
:106A0000F5E701342A78E3B29A4207D9E3B256F89F
:106A10002330002BF5D038469847F2E7F8BD00BF89
:106A20000000002004000020104B19680A1F1C31D0
:106A300013E08A420AD052F8043F002BF9D0DC78E8
:106A4000012CF6D11C888442F3D100E000231846C3
:106A50005DF8044B70478A4205D052F8043F002B82
:106A6000F9D010B4EBE7002318467047ECF400208F
:106A70000B4B4FF47A421A600A4B4FF483721A6040
:106A8000094B5E221A60094B00221A6008490A600D
:106A9000084A4FF6FF11116007221A60704700BFC5
:106AA000F8F40020FCF40020F4F4002010E000E0F2
:106AB00018E000E014E000E00C4B1B687BB90C4BC5
:106AC0001B6873B90B4B1B686BB90B4B1B68013B05
:106AD0000A4A1068984214BF012002207047002023
:106AE0007047002070470020704700BFE4F300208B
:106AF0004CF5002040F5002020F50020F8F30020A0
:106B000008B50D49022004F0F5FA0C4B1A68D2F8CA
:106B1000D43103F0F80343F0011343F4C063C2F827
:106B2000D431074BC2F89031064BC2F81432BDE89D
:106B3000084004F0F1B800BF64B3010194000020E4
:106B400051FF00013599010138B50C4602F008FAF1
:106B50000546B8B1A3780B2B0ED1C27C12F00A0FF8
:106B600012D02146284631F8032BFEF70DFD1128DF
:106B70000CD000B9E87438BD0D2B05D1C27C12F0E1
:106B80000C0FEDE70320F6E70120F4E70220F2E71F
:106B900070B50379044603F0070503F0F7FC002302
:106BA00023600A4B03EBC5035A6814605C6003F072
:106BB00057F8074B1B682BB1064A5B691068BDE8A4
:106BC00070401847BDE8704004F005BDD4000020B7
:106BD000BC000020B800002070B50379044603F023
:106BE000070503F0D3FC002323600A4B03EBC50326
:106BF0005A6814605C6003F033F8074B1B682BB1D4
:106C0000064A1B691068BDE870401847BDE870402F
:106C100004F0E1BCD4000020BC000020B80000203B
:106C200070B50E4D0E4EAB6803B970BD03F0AEFCEF
:106C3000AC682368AB600BB90A4BEB6003F010F84B
:106C40006379204656F82330984794F90430002B96
:106C5000E9DB204601F0F6FDE4E700BFD4000020A8
:106C600010F30020DC00002013B50D4C2378A3B9ED
:106C70000C4A63885288A3807AB173B10A4B00939F
:106C800002220123B921EC20F6F73CFF074904F169
:106C90000800F5F7A5F801232370002002B010BD0D
:106CA00030F3002088F3002034B201010088130083
:106CB00013B50F4B1B680446BBB11A7860F3C302CF
:106CC0001A7070B9FF20FEF7E5FA0A4B0093EC202A
:106CD0000194012302223D21F6F714FF002002B0A7
:106CE00010BDFF20FFF750F9EFE70C20F7E700BFDA
:106CF00000020020FAAF010170B58EB0044608AD65
:106D000018220021284604F0E3F894F850004FF4CC
:106D1000800102F05DFD236F0595CDE9033406ABDC
:106D200093E803008DE8030003AB0ECB666F0120F0
:106D3000B047012229462046F0F790FF0EB070BD03
:106D400030B5C0F30802C1F308041319490AB3F5BA
:106D50009C7F01EB50210B4D0ADD6FF49C73E01812
:106D60004B1C1044AB4280B209D840EA432030BDEE
:106D7000A94298B20B46F8D9A1F50003F5E74B1BE1
:106D8000F3E700BFFFFF7F0070B5104E3468054683
:106D90004CB9CDB12868B8B104F0B4FC2846BDE8C0
:106DA000704004F0AFBCA368AB4209D1D4E9002322
:106DB00042B15360D4E9002320461A6004F0A2FCDB
:106DC0002468E5E77360F5E770BD00BF9801002017
:106DD00010B50446082004F093FC0146C8B1032313
:106DE0000370238883800B4B1A681378022B0ED113
:106DF000E36D93F8E63013F0100302D05378C3F339
:106E000000138B710820BDE8104004F0F3BB002391
:106E1000F7E710BDA001002010B50D4C2C22002179
:106E2000204604F055F80B4A0121002003F0CEFD66
:106E300000213022084804F04BF8084BE36104F0CD
:106E4000D9FA002100B2BDE8104001F0B7BB00BF85
:106E500080F200209998010122F200201D370101E3
:106E600084B013B5012805AC84E80E000ED030B113
:106E7000022812D002B0BDE8104004B07047099B50
:106E8000009394E80F00F2F7F3FFF3E7099B0093F8
:106E900094E80F0002F0ACF8ECE7099B009394E84B
:106EA0000F00FBF795F9E5E7062937B505460C46CF
:106EB00006D000231A461946FAF7D6FC03B030BDB7
:106EC000043201A90DF10200019203F039FE2046BF
:106ED00004F016FC01460028F0D001230370BDF831
:106EE000023045808380204604F066FBE6E737B534
:106EF0000D46144602F056FAD0B180F8525023786D
:106F0000C3F3000380F8563023780024C3F3400312
:106F100080F857308DF80440012380F858300388FA
:106F2000ADF8063001A804F055F9204603B030BD95
:106F30000320FBE738B5437AD907054601D4002082
:106F400038BD827AD207FAD513F00C0F10D0002486
:106F500044724FF4827004F0D3FB0028EFD010226B
:106F600002702A8882808471042102F081FCE6E7A5
:106F700043F0040343721220E2E7544D522C537441
:106F8000617274206E756C6C20696E70757400513E
:106F9000554555452C52656D6F766520656D70744D
:106FA00079206C6973740051554555452C52656DB7
:106FB0006F766520656C6D20696E76616C69640022
:106FC0007FB5054641200E4604F06DFB0446C0B176
:106FD0000C2100F110030DEB0100039304F064FA9F
:106FE00040223146039803F079FB062300932246A2
:106FF00000234121288801F028FD10B1204604F02B
:107000006FFB04B070BD10B50446C06D10215F3039
:10701000FBF750FCE06D10214F30FBF74BFCE06DAF
:107020000821B230FBF746FCE06D0221B030FBF7DF
:1070300041FCE378E06D10212BB900F5E070BDE86C
:107040001040FBF737BC00F5C070F8E710B50F4BE8
:107050001B688BB10D4B1C682C220021204603F0CD
:1070600037FF234604F12000002200BF43F8042B21
:107070008342FBD1012010BD2C2002F015FD034BF3
:1070800018600028E6D10020F5E700BFE8F40020F2
:1070900038B50F4B1B688BB100240D4D2B6853F88E
:1070A000240000F083FB0134082CF7D12C220021AE
:1070B000074B186803F00CFF012038BD2C2002F0AC
:1070C000F3FC034B18600028F0D10020F5E700BF67
:1070D000ECF4002070B584B006464FF086450223DC
:1070E0002B606C464FF2D0031B680A4610212046E5
:1070F000984706F1DC0394E8070083E807004FF2A5
:107100004002126819463046904700232B60C01A8F
:1071100018BF012004B070BD891A00F1824030B55B
:1071200000F5B0304D1C0121A9400488013991407F
:1071300024EA010493401C43A4B2048030BD00F152
:10714000824000F5B030891A03880131012088405F
:10715000013890401840104180B27047198A0101EF
:10716000D9640101A1B6010139B6010129B60101B5
:1071700095B60101D14E010119FB0001FD1D010170
:10718000AFB50101A5B5010131B60101A51100019D
:1071900061B20101915D01014DB301018FB60101A1
:1071A00030B585B00C460546FEF7EEFC0DF10B033D
:1071B000019303AB8DF80B0000930122042340F2EE
:1071C000064140F20110ADF80C508DF80E4002F06F
:1071D0007BF89DF80B20024B33F8120005B030BD50
:1071E000242701011FB50146044604F11703E21DDF
:1071F00011F8010BF5F760FA0DF10F038DF80F0090
:10720000CDE900430122272342F2270140F2011079
:1072100002F05AF89DF80F20024B33F8120004B028
:1072200010BD00BF2427010130B585B00C460546CE
:10723000F8F72AF90DF10B03019303AB8DF80B005E
:1072400000930122022342F20C0140F201108DF85A
:107250000C508DF80D4002F037F89DF80B20024BD2
:1072600033F8120005B030BD2427010130B90A4BB4
:107270001A681980094909681A807047012804D1E1
:10728000074B1A6819800749F5E70228F5D1064B24
:107290001A6819800549EEE7303F0141403F01413E
:1072A000343F0141443F0141383F0141483F0141E2
:1072B00038B50D4D01222A700C4A1468230608D5F2
:1072C00004F0CEF808B100F035FEF2F739FF24F0F3
:1072D000800424B1064B1B680BB12046984703F08D
:1072E00081FB00232B7038BDF8F50020103F0141D1
:1072F000A0F500200E4B1A78B2B90E4A4FF00041AB
:10730000C2F88010BFF34F8FBFF36F8F0121C2F817
:107310008410BFF34F8FBFF36F8F8902C2F88410C0
:10732000BFF34F8FBFF36F8F1A7801321A70704717
:10733000F7F5002000E100E010B5044678B10D49F2
:107340000D4A0B681807FCD11368DB06F9D1FFF76B
:10735000D1FF0120FEF75EF803F026F906E0FFF703
:10736000C9FF02F08FFC2046FEF754F8BDE810403C
:1073700002F0B6B95C3801415838014138B5C36DE7
:107380005A78022A044618D193F8E430022B14D11B
:107390000A4B1B681B78022B0FD008200D7804F0D5
:1073A000AFF9014648B109230370238883808571B2
:1073B000BDE83840082004F01DB938BDA001002008
:1073C00010B4C36D0E4A93F8E730102B0C4603D16E
:1073D00011688978102910D012689078834289BF8B
:1073E000C0F11002E018001900219CBFC3F1100287
:1073F00000215DF8044B03F06BBD5DF8044B704752
:10740000A001002070B50546C06D18B104F07AF9EE
:107410000023EB650B4E3268002402F12C0300BF01
:1074200053F82420AA4208D1284604F06BF93368A7
:1074300003EB84040023E36270BD0134082CEFD118
:10744000FAE700BFA001002038B5012001F0C0FF1D
:10745000044678B10B4803F0C5FE054658B902232F
:1074600084F85330084C20681030F6F77DF9236813
:1074700083F8285038BD20460821BDE83840FAF787
:1074800013BB00BF8D740101A001002070B506463A
:10749000022001F09DFF044690B100F11205402248
:1074A0003146284603F01AF9A378092B09D1204662
:1074B000FDF7DFFF29462046FFF782FD0A23A37070
:1074C00070BD0B2BFCD12046BDE87040F5F710BC19
:1074D00010B50378022B04461BD1807802F0C6FD5C
:1074E000A08803F057FFA3792BB1E389A2896189B2
:1074F0002089F5F7F5FD03F083FF0D2809D9237CDA
:107500000BB1F7F7A9FC637C1BB1BDE81040FAF79B
:1075100047BD10BD38B505464FF4827004F0F0F851
:107520000446C0B1E87A800004F0EAF8606090B1E7
:10753000122323702B882381EA7AA272E9689200D1
:1075400003F0CCF82046042102F092F96068BDE80F
:10755000384004F0D7B838BD2DE9F0410E4E002474
:1075600000F117074FF0270835682B78E340DB0759
:107570000AD508FB045010223946223003F0A0F847
:10758000003018BF0120A87033689B7813B901340C
:10759000082CE9D1BDE8F081AC010020F0B587B03E
:1075A0000F4602AC014601A816461D46019403F0A1
:1075B00087FF394601A803F083FF314601A803F095
:1075C0007FFF294601A803F07BFF234610220349D1
:1075D0000020FDF78FF907B0F0BD00BF00010100EA
:1075E000F0B587B00F4602AC014601A816461D460D
:1075F000019403F065FF394601A803F061FF3146AD
:1076000001A803F05DFF294601A803F059FF2346B6
:10761000102203490020FDF76DF907B0F0BD00BF4F
:107620000007010053434E3A64697361626C652040
:10763000314D2053434E2C6572726F72436F6465F7
:107640003D25640053434E3A64697361626C652062
:10765000436F6465642053434E2C6572726F7243AE
:077660006F64653D25640025
:10766800026D342301FB03210A78086ACB788AB9B2
:10767800013BDBB2FF2B00F1020200D17047127808
:1076880002F03F0203321044F2E7127802F03F02A0
:1076980003321044013B13F0FF0300F10202F4D15E
:1076A800704753434E3A656E61626C6520314D20D8
:1076B80053434E2C6572726F72436F64653D256447
:1076C8000053434E3A656E61626C6520436F646592
:1076D800642053434E2C6572726F72436F64653D2C
:0376E80025640016
:1076EC0010B5054C227832B9044B13B10448AFF3F2
:1076FC0000800123237010BD50F300200000000017
:10770C000000000008B5034B1BB103490348AFF35D
:10771C00008008BD0000000054F3002000000000B1
:10772C0010B504460378013B032B06D8DFE803F0C1
:10773C00020C10144068F9F721FF204603F0B8F949
:10774C00606803F05BFF10BD4068EFF708FAF4E7E0
:10775C004068F5F7C6FBF0E7406803F0F7FBECE791
:10776C00E9B130B40C46C2B1450015F0FF0514D098
:10777C002A440021C1F34600235C03F00F03092BBC
:10778C0094BF3033373302F8013C235C1B0923547C
:10779C000131013ACBB29D42ECD830BC70477047F6
:1077AC00D8B138B504460D4B1A68136898420AD004
:1077BC00043201231D4652F8041BA14204D00133AC
:1077CC00082BF7D138BD0025204603F017FF034BDB
:1077DC001B68002243F82520F4E77047ECF40020E6
:1077EC0070B50E4B1E780022824202D3002318463D
:1077FC0070BD8C5CA042F9D38D186B78012B04D131
:10780C003EB9AD7815F0030FF1D101342244D2B258
:10781C00EAE7AB7813F00103F6E700BFF0F50020C0
:10782C0070B5E0B14AB116880024A64203D80519F8
:10783C006D789D4208D08C4201D300200FE0055D8D
:10784C0001352C44A4B2F0E78C42F6D2005DA31CA7
:10785C0001389BB280B21C188C42EEDC138070BDD8
:10786C007FB58DF80F00FCF72DFD0DF1170301937B
:10787C000DF10F03009301238DF817001A4642F205
:10788C002D0140F2011001F019FD9DF81720034B5A
:10789C0033F8120007B05DF804FB00BF2427010188
:1078AC007FB5ADF80E0001F02FF80DF11703019321
:1078BC000DF10E038DF8170000930122022342F202
:1078CC002E0140F2011001F0F9FC9DF81720034B3A
:1078DC0033F8120007B05DF804FB00BF2427010148
:1078EC001FB58DF80D108DF80C00F8F769F90DF136
:1078FC000B03019303AB8DF80B00009301220223C1
:10790C0042F2740140F2011001F0D8FC9DF80B20FA
:10791C00024B33F8120005B05DF804FB242701017B
:10792C007FB502AD0646039502F07EFE0446014685
:10793C0003A803F0B3FD317803A803F0B5FD0023D1
:10794C0000930195022240F6484140F2011001F0EB
:10795C00B5FC024B33F8140004B070BD24270101B0
:10796C001FB50446031D827841780078F2F748FF72
:10797C000DF10F038DF80F00CDE900430122142304
:10798C0042F2410140F2011001F098FC9DF80F20E9
:10799C00024B33F8120004B010BD00BF24270101C4
:1079AC001FB504468388428841780078EEF72CFB9B
:1079BC000DF10F038DF80F00CDE9004301220623D2
:1079CC0042F2420140F2011001F078FC9DF80F20C8
:1079DC00024B33F8120004B010BD00BF2427010184
:1079EC003A2808B50FD10D4B186890F82830042BA5
:1079FC0009D8013380F8283041F288311030BDE8C5
:107A0C000840F4F7E7B9022001F0DCFC20B10821B2
:107A1C00BDE80840FAF742B808BD00BFA00100203D
:107A2C00E69D350E480103CCDBFDF4AC1191F4EF6F
:107A3C00B9A5F9E9A7832C5E2CBE97F2D203B0202E
:107A4C008BD28915D08E1C742430ED8FC245637691
:107A5C005C15525ABF9A32636DEB2A65499C80DCE7
:107A6C0008B50A4A0421012002F0AAFF084801F0D7
:107A7C0041FA084801F056FA074802F0DDFF0749C1
:107A8C00042002F00DFB002008BD00BF858501011C
:107A9C00ED920001D17401015DAA010151D80001E0
:107AAC0010B50E4A0321012002F08AFF03F016FEE6
:107ABC0010B90024204610BD00F018FA0028F8D0A8
:107ACC0001F0F8F80028F4D000F0F2F90446002890
:107ADC00EFD000F0ADFB03F07BFCEBE771B60101DE
:107AEC0010B50E4C3C20218800F09AFD6188442092
:107AFC0000F096FDA388002203211C2001F073FFE7
:107B0C00E38810221621142001F06DFF2389102226
:107B1C0016216420BDE8104001F065BF140200205E
:107B2C00474154543A44617461207263762C4F700F
:107B3C003D30782530327800474154543A446174D2
:107B4C0061207263762C6E6F20617661696C2063A4
:0F7B5C006F6E6E2C68646C3D3078253034780085
:107B6C0037B5D0E9035401AA6946008901F02AF817
:107B7C0088B1009B9A7B92060FD49A682188128850
:107B8C00914288BF228022885968284602F0A0FDC5
:107B9C00002003B030BD0320FBE70120F9E7434D83
:107BAC00443A53657453636E506172616D00534374
:107BBC004E3A747970653D25642C696E74766C3D13
:107BCC00307825782C77696E3D30782578004552D1
:107BDC00523A7374617475733D2564004C32433AA8
:107BEC0044617461207263762C6F703D307825305F
:107BFC003278004C32433A44617461207263762CC3
:107C0C006E6F20617661696C20636F6E6E2C686498
:107C1C006C3D3078253034780053434E3A445453FD
:107C2C00746172742834292C6475723D2564005378
:107C3C00434E3A50545374617274283329005343A1
:107C4C004E3A505453746172742834292C50546336
:107C5C006E743D256400534D503A4461746120723A
:107C6C0063762C6F703D30782530327800534D5050
:107C7C003A44617461207263762C6E6F2061766178
:107C8C00696C20636F6E6E2C68646C3D30782530A7
:037C9C0034780039
:107CA00000B583B00023019301AA0068F7F766FDD1
:107CB000012803D0002003B05DF804FB019B43B111
:107CC000054B4FF080521A60BFF34F8FBFF36F8F99
:107CD000F1E70120EFE700BF04ED00E000B583B05D
:107CE0000023019301A90068F9F7FCFF18B90020EF
:107CF00003B05DF804FB019B4BB1064B4FF0805283
:107D00001A60BFF34F8FBFF36F8F0120F0E70120A0
:107D1000EEE700BF04ED00E0094B1A68094B1B6851
:107D2000D86A58B9084B1B68012B08D8012A06D815
:107D3000064B1868064B1B68C01A70470020704736
:107D400030F5002014F5002098F0002038F50020D0
:107D500048F5002010B504460A4B1B680A4A126811
:107D600003449A4204D0074B18682044186010BDA1
:107D700002F02CF9054A13680133136002F05EFF2C
:107D8000013CF0E748F5002038F5002040F50020E0
:107D900038B503780C2B044617D1808801F0E0F841
:107DA00098B1037A0025DB0745720ED54FF4827037
:107DB00003F0A6FC48B110220270A288828085716F
:107DC0000421BDE8384001F053BD38BDCDB50101F7
:107DD00077950101155101019DFE0001512D010111
:107DE0001DA50101E5A4010139A501011D460101FF
:107DF0006D7B010189B3010100000000D98C0001F5
:107E000021EF0001F52301011FB50146044611F8D9
:107E1000010BF9F74DFC0DF10F038DF80F00CDE9C3
:107E200000430122072342F2110140F2011001F048
:107E30004BFA9DF80F20024B33F8120004B010BD2E
:107E4000242701011FB58DF80C00FEF731FF0DF15D
:107E50000F03019303AB009301238DF80F001A4623
:107E600040F6494140F2011001F02EFA9DF80F2032
:107E7000024B33F8120005B05DF804FB2427010122
:107E800030B587B004AC0D46039402F01FF903A887
:107E9000002103F009FB294603A8062202F08CFF0B
:107EA0000194002400942346072241F2090140F284
:107EB000011001F009FA204607B030BD38B50C4C6E
:107EC0002368254663B12B688C220021184602F0F6
:107ED000FFFF18224270074803F0FEFA012038BD68
:107EE0008C2003F00DFC20600028ECD1F7E700BFE8
:107EF00060F50020A9D4000138B50B4C2368254655
:107F00005BB12B68094A1A602B68C3E90122DA6069
:107F1000074AC3E90422012038BD182003F0F0FB12
:107F200020600028EDD1F7E7A4000020F5B601019C
:107F3000F9B601010B4B1A6842F480121A600A4A22
:107F4000118E6FF3C71111861A6A02F44032B2F52E
:107F5000003FF9D15A6822F400025A60034B002214
:107F60001A7070470040014100240141F4F50020DF
:107F700037B50C4C237893B9658885B10A4B0093CB
:107F800002220123B321EC200195F5F7BBFD42F25B
:107F900010716943201DF3F723FF01232370002094
:107FA00003B030BD88F3002056AB010110B50C4C76
:107FB000236843B11B68186D03F0A4FB2068FEF72B
:107FC000E3FE00232360074C236843B11B68186D50
:107FD00003F098FB2068FEF7D7FE0023236010BD56
:107FE000300100202C01002010B590F8F4309B07E0
:107FF00004460FD1FCF794F808B9002010BD40F2F8
:108000002113A4F8E23094F86D3043F0200384F893
:108010006D30F3E70A2102F053F90028EDD040F269
:108020002243EEE770B50446B8B10C4D2B68D3F887
:108030008061FFF75FF966B926602B68D3F8843159
:1080400063601C602B68C3F88441BDE8704001F098
:1080500047BBA642F9D03668EDE770BD900100201D
:10806000F8B50D4D06682B8840F6FE6293429ABF24
:1080700001339BB200232B8040F6FE772C882046EC
:1080800001F07EFE08B93480F8BDBC429ABF0134CD
:10809000A4B200242C80F1E77C01002010B5044636
:1080A00086B0C06D0A4B019304220DEB020102ABB6
:1080B000A030EFF737FA074B0193E36D0422163334
:1080C0000DEB020102A8EFF72DFA06B010BD00BFBC
:1080D00031706D747262656C0C4B10B50C46186093
:1080E00003F03CFA002000F053FF012000F050FFA5
:1080F000EFF792FEF5F7C4FA204600F00BF8044BB8
:1081000000221A60BDE8104000F074BAA8010020F7
:10811000B8F5002010B50C4C20B900F2731003F034
:10812000EFFA206040F273120021206802F0D0FEC6
:10813000FEF774FB002002F029F8044A136843F0AC
:108140000803136010BD00BFAC010020D03801410E
:1081500010B54FF000030C4A51B192F9011090F99B
:1081600000408C4207DB017043F00203184610BD4B
:1081700092F90210F3E792F903209442DCBF0270F7
:1081800043F00103F2E700BFB2010020434D443A3F
:10819000536574507269766163794D6F64652C61C3
:1081A0006464723D3078253032782530327825305D
:1081B00032782530327825303278253032782C6D7F
:0781C0006F64653D256400BA
:1081C80010B581213C2000F02DFA8121442000F0D7
:1081D80029FA00231A4603211C2001F006FC032378
:1081E80010221621142001F000FC0323102216216E
:1081F8006420BDE8104001F0F8BB012A0278042A87
:1082080014D80B4B19680A701A6881785171417833
:1082180051701B68C2789A710279DA71C07830B1EE
:108228005A7842F008025A700020704703207047BD
:10823800A001002007B50A4803F0C0F8094B0A4A14
:108248001A604FF0FF3300936846CDF803303F23A0
:108258008DF8073003F048FA03B05DF804FB00BF5F
:108268007DB301019C000020E5B601011FB504465D
:10827800FAF7E4FF0DF10F038DF80F00CDE9004385
:108288000122052342F2140140F2011001F018F80E
:108298009DF80F20024B33F8120004B010BD00BF48
:1082A800242701011FB50446FBF7A2FF0DF10F03B8
:1082B8008DF80F00CDE900430122062342F20501A3
:1082C80040F2011000F0FCFF9DF80F20024B33F83C
:1082D800120004B010BD00BF242701011FB5FDF72F
:1082E800D9F90DF10F03019300238DF80F000093C6
:1082F800012242F2100140F2011000F0E1FF9DF866
:108308000F20034B33F8120005B05DF804FB00BFE3
:10831800242701011FB5FBF7A1FF0DF10F030193FE
:1083280000238DF80F000093012242F2290140F248
:10833800011000F0C5FF9DF80F20034B33F8120021
:1083480005B05DF804FB00BF242701011FB5FAF74B
:1083580031FB0DF10F03019300238DF80F000093FB
:10836800012242F2250140F2011000F0A9FF9DF818
:108378000F20034B33F8120005B05DF804FB00BF73
:10838800242701011FB5044600F0A4F80DF10F03DE
:108398008DF80F00CDE9004301220A2342F27D0146
:1083A80040F2011000F08CFF9DF80F20024B33F8CB
:1083B800120004B010BD00BF242701011FB50446F8
:1083C800F8F7C0F90DF10F038DF80F00CDE9004360
:1083D80001220A2342F20B0140F2011000F070FF63
:1083E8009DF80F20024B33F8120004B010BD00BFF7
:1083F80024270101094A0A4900231370094A0B601E
:108408004B601146C2E9003241F8083FD160064A84
:10841800118863F3C3011180704700BFFAF500208B
:10842800B0F4002058F40020203E014113B50C465A
:10843800087000212046FFF787FE084A94F90030AB
:1084480053700193064B0093022201232E21EC2046
:10845800F5F754FB002002B010BD00BFB2010020A8
:10846800EC9D010113B50C46087000212046FFF76A
:108478006BFE084A94F9003013700193064B009381
:10848800022201232F21EC20F5F738FB002002B04F
:1084980010BD00BFB2010020DE9E010173B50B4C78
:1084A80023788BB96678022E0ED100F0ADFC084B0C
:1084B80001900546009332460123C921EC20F5F7C7
:1084C8001DFB0DB90123237002B070BD34010020DB
:1084D80074A3010107B50B4B02881A8042885A80A1
:1084E80082889A80C288DA8002891A81064B0093B2
:1084F800022201233C21EC20F5F700FB002003B009
:108508005DF804FB5801002002A8010110B50446DB
:10851800B0B1C08801F030FC20B9204603F0EEF875
:10852800022010BD2379012262F305130022237172
:10853800226022812146006802F014FB1046F0E711
:108548000720EEE71D8800016D6B00016DDF00015B
:10855800A1360101799301014D950101D5860101EB
:1085680023950101E5890101F994010155530101A0
:10857800B100010135FD00017D73010110B5047AD8
:108588004FF4827003F0B8F820B10D220270042174
:1085980001F06AF9064B04341B6853F824302BB1F8
:1085A80013211888BDE8104001F062BC10BD00BF5F
:1085B800A4010020094B0A4A18800A4B1880C3B24C
:1085C80003F10B00183BD370074BC2F8053040B2DB
:1085D8009070107050701071FDF756BBBC010020F0
:1085E800B2010020B0010020E2D8CEF608B508207C
:1085F80000F0E2FC074B18801F2000F0DDFC064B62
:108608001880512000F0D8FC044B1880044BFF223E
:108618001A7008BDC2010020C4010020BE0100205C
:10862800C00100200C4BD3F8002C60F31742C3F8AC
:10863800002CD3F8002C61F30F02C3F8002CD3F8F8
:10864800042C42F48012C3F8042C00BFD3F8042C85
:10865800D202FBD4704700BF0024014170B50B481B
:108668000B4D4FF6FF76016821B9436813B903F043
:108678007EF870BD83684268334000F10C0455F8F9
:1086880023302046984704EB8000ECE70C2F0001CC
:10869800BCAE01014FF4001C1CEB410F98BF1CEB52
:1086A800430F11D851EA030C50EA4C0C5CEA020C57
:1086B8000AD004D282428B418041404270479042A6
:1086C80099418041404270470020704713B590F8A7
:1086D800593004469BB1C26D0191137843F00203EF
:1086E8001370C06D022201A900F59E7002F056FBBE
:1086F800E06D082201A900F59F7002F04FFB02B05F
:1087080010BDA62A10B40B4B1C680023A11C02E064
:108718000133082B0AD011F82320012AF8D134F8A4
:1087280023208242F4D104EB830000E000205DF8AE
:10873800044B7047E8F4002030B40D68B5F1FF3FF2
:1087480002D000F1080202E0026904E01A46536808
:108758001C68AC42FAD953684B6099608A605160D2
:10876800086103680133036030BC704770B5C38883
:108778000A4E022B054604D133681B780BB1F7F774
:10878800E9FD0024336803EB84032846D3F8FC3161
:1087980001349847092CF5D170BD00BF9400002022
:1087A8000000000021B80001C9A40101CF3B01016C
:1087B80055500101BD100101F53E010167A20101FB
:1087C8003DA901014F2C0101B1F00001E54401016F
:1087D80085A201011FB504460146E27911F8010B93
:1087E800F5F730FC0DF10F038DF80F00CDE90043CC
:1087F8000122082342F24E0140F2011000F060FD10
:108808009DF80F0004B010BD98B10A4A50F8043C16
:10881800126813420DD050F8081C51B9064923EAD2
:1088280002030A6840F8043C134408380B60FDF75B
:108838000DBF704770F5002074F5002038B5044668
:1088480090B10379C3F3801501F09CFE074B1B68B8
:10885800002203EBC503226059680C605C6022713A
:10886800BDE8384001F0F8B938BD00BF84F50020F4
:1088780008B568B1084B1B68984740B1074B0122FF
:108888001A70074B1B78002B0CBF1046022008BD3E
:10889800024B1870FBE700BF90F50020F5F50020AB
:1088A800F4F500200D2811D9094B1B681A7942F0FC
:1088B8003001197107490968096B89075CBF62F0C3
:1088C8004F021A715A7942F001025A71704700BF7B
:1088D800240100201C01002013B503880193094BD3
:1088E80000930446012302225F21EC20F5F706F9E4
:1088F800054B1B6823B1204602B0BDE8104018475D
:1089080002B010BDA6B20101A8F5002013B50A4BAC
:10891800019004460093022201232821EC20F5F758
:10892800EDF8064B1B6800219C840320FAF7CCFA6B
:10893800002002B010BD00BF0BAF01011C010020D8
:1089480008B5C38800F10801D8B213F47F4309D0F1
:10895800B3F5807F09D0064B196800F09DFA81F8BD
:108968004C0208BDF5F71EFAF5E7F9F751F8F2E7FA
:108978009001002010B5C469601A10F4800F0FD15F
:108988004C4008490C420BD003EB9203084040F2DC
:1089980071225043B3EB500F2CBF0120002010BDB3
:1089A8000120FCE7FFFF7F0090F85230012B08BF41
:1089B800826DC36908BF9B1A074A1168D1F8502213
:1089C80008BFC3F3160312B9C1F8503202E09A1A6D
:1089D8005202F9D4704700BF9001002013B590F8F7
:1089E8005930044693B1C26D0191137843F00803DE
:1089F8001370C06D01A900F5AC7002F042FCE06D87
:108A0800062201A900F2591002F0C8F902B010BDFF
:108A180000B593B0826802238DF804301368CDF84E
:108A280006305368CDF80A309368CDF80E30D36815
:108A3800CDF8123001A801F05BF8002013B05DF802
:108A480004FBF7B506460C461F4601A802F10C03C5
:108A580015460193043402F029FDBDF8201001A841
:108A680002F024FD2B46A2B239463046FCF79EF8A8
:108A780003B0F0BD38B5800085B201F053FB044661
:108A880000BF00BF00BF0821A94200D338BD01F0D4
:108A980049FB844288BF01F2E241091B10FA81F1C7
:108AA80089B20446F0E74FF4001C1CEB410F98BF55
:108AB8001CEB430F0CD850EA410C08BF52EA430C98
:108AC80008D0904208BF99420CBF0120002070478F
:108AD800002070470120704730B40A4B1C68231FE0
:108AE8001C3401E0A3420AD053F8042F002AF9D01D
:108AF800957F8542F6D113880B80002000E0012085
:108B080030BC7047ECF4002038B5EFF3108572B62E
:108B1800084C20634FF4804363600F226260114069
:108B2800A160A36000F0AAFF4FF40043A36085F39F
:108B3800108838BD0006004410B50A4B1A6802F5C3
:108B4800087102F5107200BF51F8043B23B1DC78BC
:108B580014B11C88844202D09142F5D100231846F2
:108B680010BD00BF9400002038B504460D4605200E
:108B7800064902F0BBFA064B064A1B68C3F8942163
:108B880029462046BDE8384002F0CCB820B601019D
:108B980094000020756D0001202870B504460E462B
:108BA8000ED8084D286820220021013002F08CF9E7
:108BB800286822463146013001F08CFD002070BD46
:108BC8000320FCE79400002010B50A4B1B681B68C3
:108BD8000BB918460DE09C898442F8D8DC89844298
:108BE800F5D313609A895B68801A03EB001008605C
:108BF800012010BDA000002070B50A4B1B689C68BE
:108C080005460E460CB9204670BD2379AB4206D105
:108C18002A463146A06801F04FFD0028F3D02468A9
:108C2800F0E700BFA000002070B504464FF4827042
:108C38000E4602F061FD70B10B220270228882801C
:108C480018250022C2800572C0F80A204672042145
:108C580000F00AFEE57470BD10B50A4B1A680023CF
:108C680002F16C01CC7834B10C88844203D11B33F7
:108C780002EB830010BD0133082B01F10401F1D18F
:108C88000020F7E760F5002038B50A4C23680C216E
:108C980001FB00310546486908B102F02FFD0C20A0
:108CA80005FB0003206818440023036043608360C9
:108CB80038BD00BF60F5002038B5094C236825464B
:108CC8003BB12B68074AC3E90022C3E9022201200D
:108CD80038BD102002F010FD20600028F1D1F7E720
:108CE80068F50020FDB6010138B50379044603F0A4
:108CF800070501F047FC00232360064B03EBC5037F
:108D08005A6814605C6000F0A7FFBDE8384001F0C5
:108D180071BE00BFD400002038B50379044603F0C3
:108D2800070501F02FFC00232360064B03EBC50366
:108D38005A6814605C6000F08FFFBDE8384001F0AD
:108D480059BE00BFD4000020084B1A6842F0050243
:108D58001A601A685207FCD41A68D207FCD4044B6C
:108D68001B680B80034B1B6803607047143E01416E
:108D78000C3E0141083E014107B5094B93F9032018
:108D8800027093F902300B70064B00930222012304
:108D98002921EC20F4F7B2FE002003B05DF804FBB3
:108DA800B201002098B20101434D443A5365745210
:108DB800616E64416464722C616464723D3078252C
:108DC800303278253032782530327825303278259F
:108DD800303278253032780038B5046894F82C3071
:108DE8006BB10D78074B29461B6820469847236DC1
:108DF800342105FB0131002081F82F0038BD1F20E8
:108E0800FCE700BFACF5002010B54FF4FA7002F093
:108E180073FC074A106048B10024064B4FF4FA72FD
:108E280021461C7002F050F8204610BD0720FCE7D0
:108E3800B0F50020FDF5002013B5094C2378012B6F
:108E48000CD16278022A09D106490091EC20C82188
:108E5800F4F754FE01F0CAFF0023237002B010BDDE
:108E6800340100201EAF010153434E3A464443618A
:108E7800636865496E69742831292C737461747547
:108E8800733D25640053434E3A4644436163686525
:108E980046726565283129000A4B1B68D3F8FC2106
:108EA8005AB9D3F8000250B9B3F8F82142B9D3F847
:108EB8000802B0FA80F04009704700207047104659
:108EC800704700BF9001002010B5FEF70FFA094B5C
:108ED8001B68D3F8804134B1D4E9001239B14A6033
:108EE800D4E900231A6000F0F7FB204610BDC3F850
:108EF8008421F5E7900100200A4B1B68D3F89C21D8
:108F080042B1D3F8A02122B1D3F8A42142B1042060
:108F18007047012203EB8203C3F89C0100207047CD
:108F28000222F7E7940000200A4B1A68D2F8A83109
:108F380043B1D2F8AC3123B1D2F8B0313BB10420FF
:108F4800704701236A3342F8230000207047022348
:108F5800F8E700BF9400002010B50A4B1A6802F128
:108F68001001303251F8043B33B193F88D40012C95
:108F780002D11C88844202D09142F3D100231846C2
:108F880010BD00BFA401002048B9094B1A6842F07F
:108F980004021A601A68D105FCD501207047054BF8
:108FA8001A8842F004021A801A68D205FCD5F4E740
:108FB800203A0141283A01410A4BD3F8002C60F3CA
:108FC8001742C3F8002CD3F8042C42F48022C3F8CB
:108FD800042C00BFD3F8042C5203FBD4D3F8280C7C
:108FE80080B270470024014184B007B50DF1100C20
:108FF8008CE80F003A238DF8043005226B460549AA
:109008000120FBF773FC002003B05DF804EB04B00B
:10901800704700BF010501010A4B002210B501206D
:109028001A809A7011460132D2B2082A1871D88073
:1090380019725972C3F80A10D98103F10C03F2D1DD
:1090480010BD00BFFCF0002053B94AB9002908BF81
:1090580000281CBF4FF0FF314FF0FF3002F068BB13
:10906800ADF1080C6DE904CEECF7D4FBDDF804E0B3
:10907800DDE9022304B07047B0F5706F2DE9F041C7
:1090880004460D4616461F460AD2FFF755FD38B16D
:109098003B46324629462046BDE8F041FBF722BD53
:1090A8000320BDE8F08110B5C0B0FFF775FD044698
:1090B80068B90A230DF103010DF102008DF80030A3
:1090C80000F0C0FF044610B96846FDF72BF82046AB
:1090D80040B010BD73B502F10C0306460C4601A85A
:1090E80015460193043402F0E1F901A8052102F0C4
:1090F800DDF92B46A2B200213046FBF757FD02B03E
:1091080070BDF0B500240746204665B2AB4200DCCE
:10911800F0BD0E5D12F804C0351AA5EB0C05EDB2D2
:10912800AE4202D034BF012000203D550134ECE7A7
:10913800484F53543A436D64207263762C477270DB
:109148003D3078253032782C5375623D30782530A3
:1091580032782C4F703D30782530327800534D509E
:109168003A47656E206B65792C64686B6579206673
:1091780061696C00534D503A47656E206B65792CD8
:1091880065646976206661696C00002A4FF0807317
:1091980040F8043C21F0010140F8081C054B40F858
:1091A8000C3C40F8202C6FF0020340F8243C443873
:1091B800704700BFAB9F010108B54FF0200383F350
:1091C8001188BFF36F8FBFF34F8FEEF7D9FF18B138
:1091D800034B4FF080521A60002383F3118808BDB7
:1091E80004ED00E010B5094A0178002312F8334075
:1091F8008C4205D102EBC3035B689847012010BD80
:1092080001331F2BF2D10020F9E700BFF0CE000197
:10921800094B1B681A7832B908B1F7F79BB803F500
:10922800F270F4F79DBA28B1032903D1D3F8743149
:1092380001201847704700BF9400002010B5094B63
:109248001A6802F11001303251F8043B2BB19C7AB4
:10925800012C02D11C88844202D09142F4D100230F
:10926800184610BD9800002070B5C47A0D4600233A
:10927800D9B28C4201D880200BE0C16801EB830190
:1092880001330E889642F3D16868498802F038FAAB
:10929800002070BD38B5054604200C46FBF7EEF9F2
:1092A80068B18388C58003F0F80343F4407343F042
:1092B800010383808460BDE83840FDF789BC38BD70
:1092C8001FB5094C24686CB1ADF80630069B0293B3
:1092D800079BADF80000ADF80210ADF80420039329
:1092E8006846A04704B010BD94F50020084B1A68E2
:1092F80042F005021A601A685107FCD41A68D207AE
:10930800FCD4044B1968043B89B2186802F0A4B96C
:10931800143E01410C3E014113B5084C2378012B42
:109328000AD1074A0092C7210222EC20F4F7E6FB93
:1093380001F05CFD0023237002B010BD3401002051
:1093480031AF0101094B012815BF18681B68D0F817
:109358005832D3F85C226FEA01010BBF0A400B4078
:10936800C3F85C22C0F85832704700BF9001002053
:1093780013B5044680B101910DF1030001A901F074
:1093880080FF04F16000F4F7EBF900239DF8032057
:1093980001212046F7F7CCFA02B010BD10B5094BF1
:1093A8001A6802F12C014C3251F8043B23B11C8895
:1093B800844201D19C7814B99142F5D10023184612
:1093C80010BD00BFA001002010B5094B1A6802F1BA
:1093D8002C014C3251F8043B2BB19C781CB193F80A
:1093E8005340844202D09142F4D10023184610BD64
:1093F800A001002000B585B00DF10601FFF76CFB58
:1094080010B105B05DF804FB06238DF80830BDF8EF
:109418000630ADF80A3002A8FDF7DEFAF1E738B5F4
:109428000C46FFF799FD054650B12378C17C994257
:1094380008D163786288F7F7D9FE00B9E87438BDB7
:109448000320FCE70120FAE7434D443A5374617264
:1094580074456E63727970742C48646C3D3078255D
:10946800303478004552523A7374617475733D25EF
:109478006400434D443A416464524C2C6164647204
:109488003D307825303278253032782530327825CD
:10949800303278253032782530327800434D443ADE
:1094A800416464574C2C616464723D3078253032D5
:1094B80078253032782530327825303278253032A8
:1094C800782530327800F0B50025074628466CB27A
:1094D800A34200DCF0BD4E5D545D34440444E4B264
:1094E800A64202D08CBF012000207C550135EEE752
:1094F80090F8593083B1C26D137843F0100313709C
:10950800C06D0B68C0F85F3100F25F124B685360A2
:109518008B689360CB68D360704790F8593083B1FB
:10952800C26D137843F004031370C06D0B68C0F864
:10953800483100F5A4724B6853608B689360CB6820
:10954800D360704790F8593083B1C26D137843F0F7
:1095580001031370C06D0B68C0F82C3100F59672CA
:109568004B6853608B689360CB68D360704738B59D
:109578000446C568008902F0ABF848B12089FFF7B6
:10958800EBFC38B129462089BDE83840EFF72CBDFF
:10959800042038BD0320FCE708B5024608461168D8
:1095A800064B19645168196591681966D2681A677B
:1095B8000221FFF7A9FA012008BD00BF00060044F8
:1095C80008480068006880F308884FF0000080F3BE
:1095D800148862B661B6BFF34F8FBFF36F8F00DF99
:1095E80000BF000008ED00E0074B1B681B6823B9AB
:1095F800064B4FF0FF321A607047034B1B68DB685D
:109608001A68024B1A60704718F5002038F50020D8
:1096180010F0FD030AD001280AD14B7903F0C003EA
:10962800402B07D0002B14BF012303231846704793
:109638000123FBE70223F9E710B500F1180300F155
:10964800380200BF53F8044B2CB194F8044124B1FC
:10965800A4B200F0F5F8204610BD9342F2D1FAE723
:10966800084B1A6800230C321178012902D151885D
:10967800814205D00133DBB2082B02F10C02F3D191
:109688001846704760F50020036810B413B14468A9
:10969800944203D15DF8044B01F058BB22B90B602A
:1096A80001605DF8044B704713680B601160F8E7C0
:1096B80010B5064B06480024202221461C7001F0F4
:1096C80003FC044BC3E9004410BD00BFF3F50020C0
:1096D80010F30020A8F40020074A13785BB1013B7F
:1096E800DBB213703BB9054B4FF000421A60012200
:1096F8005A6092025A607047F7F5002000E100E0D6
:10970800434D443A436F6E6E5570646174652C48DE
:10971800646C3D307825303478004552523A737481
:10972800617475733D256400434D443A536574482C
:109738006F73744368616E6E656C436C617373001C
:109748004552523A5374617475733D3078257800E8
:1097580010B5012200210648FAF738FC072804460C
:1097680003D00449002001F0D1FE204610BD00BFFF
:109778002801002029B2000153434E3A4552522194
:10978800207469643D25640053434E3A5741524E54
:1097980021207072696D506475436E743D256400B4
:1097A80010B5C36E044613B9436998420BD0637869
:1097B8006FF3820363702046EFF7C2F92046BDE8D5
:1097C8001040FFF7F1B810BD084B012815BF186805
:1097D8001B68D0F85832D3F85C2213BF0B430A43F6
:1097E800C3F85C22C0F85832704700BF90010020CF
:1097F800C1F30803074A490A2BB94942114043EA11
:109808004121FDF799BAC3F59C7301339BB25140CE
:10981800F5E700BFFFFF7F0030B50023074C0B7052
:1098280040FA03F2D20744BF0A781D5D03F1010331
:1098380044BF2A430A70042BF2D130BD24B701017A
:1098480070B5054600F1180400F1380654F8040B09
:1098580020B101F053FF002344F8043CB442F5D191
:10986800002385F83B3070BD38B5084B1B680446AB
:109878000D463BB9224628464FF48271BDE8384070
:1098880000F07EB998470128F4D138BDB4F500201E
:1098980010B4C488074B220A53F8223033B100F1C0
:1098A8000C028168E0B25DF8044B18475DF8044B80
:1098B800704700BF80F20020431E022B06D8074ADB
:1098C800137843F001031370F7F7D6B80028FBD1DB
:1098D800024A137843F00203F5E700BFC6010020EF
:1098E80060B188420CD310B50C4602220021FCF767
:1098F80009FD034600B18463184610BD002300E04B
:1099080000231846704738B504460D4600F05AFB48
:10991800A36C23B1002401F08DF9204638BDA36B58
:1099280013B9A5640124F6E70024F4E700B58179AA
:109938000129C1B00AD1002318460222F9F702FC16
:10994800132368468DF80030FCF7ECFB41B05DF856
:1099580004FB434D443A446973636F6E6E656374E8
:109968002C48646C3D3078253034782C72656173EE
:109978006F6E3D253032640090F8E2305BB990F8A4
:10998800E42042B990F8B0313BB9D0F8A801B0FA58
:1099980080F0400970470020704701207047434D10
:1099A800443A53657450434C5072657365742C5532
:1099B800703D25642C4C6F773D25642C737465705D
:1099C8003D25640010B5013A52B2130601D50020B6
:1099D80010BD845C8B5C9C4205D802F1FF32F4D246
:1099E8004FF0FF30F4E70120F2E730B5891A00F1B3
:1099F800824000F5B0304D1C0121A940048801398E
:109A0800914024EA010493401C43A4B2048030BD71
:109A180008B5074800F00AFF01F076FCFDF734FBB3
:109A2800034608B9184608BDFDF70CFB0346F9E7DD
:109A3800FD930101064B1B78012B07D8054A42F814
:109A480023000133024A1370002070470420704736
:109A5800000000200400002070B54FF4005442F2CA
:109A68000806E5B22046E9F701FA28B10135EDB25A
:109A78000134A4B2B442F4D1284670BD064B00228A
:109A88001A62064A1A6202F12B42A2F54B12A2F69A
:109A9800AB421A62704700BF00060044556699AA97
:109AA80008B5F1F7F3FC08BD074B19680868B0E87A
:109AB800F04F80F30988BFF36F8F4FF0000080F3F9
:109AC80011887047AFF3008014F50020026C72B162
:109AD80010B5C3681344C3608468A34224BF0368F5
:109AE800C3600C46C168204600F0F4FD10BD704705
:109AF80070B5074E05460024336804F16A0253F82E
:109B080022300BB1284698470134032CF4D170BD9C
:109B180094000020830708D5044B1A6800211160BF
:109B28001B68034A5A60034A9A60704798000020ED
:109B380005B10101DDB60101072838B50BD8064D7E
:109B4800041D2B6853F8240028B101F0D7FD2B68B9
:109B5800002243F8242038BD9800002008B5FFF7FC
:109B68007BF840B1054B80781B685B7898422CBF26
:109B78000020012008BD0120FCE700BF60F500209F
:109B880013B5074B8DF800001446ADF8021001928A
:109B98001B6868469847204601F0B0FD02B010BD2A
:109BA80064F5002008B5064C064D2B682068DB6874
:109BB8004FF0FF3198470128F7D1FDF72DF8F4E76A
:109BC800B8000020BC00002010B500F0DBFC064BFC
:109BD8001B7804461BB1FEF7A9F9F0F7ADFA204649
:109BE800BDE8104000F038B8F4F50020012805D091
:109BF80008B1022804D0034B18887047024BFBE7D2
:109C0800024BF9E7E6F50020E8F50020EAF5002028
:109C180010B9054B19807047012801D1034BF9E7AA
:109C28000228F8D1024BF5E7203F0141243F0141CA
:109C3800283F014110B5064C01222270054A1268DE
:109C480002B1904700F0CAFE0023237010BD00BF88
:109C5800F8F50020A4F5002007B5074A019013780D
:109C680033B1013BDBB2137013B901A801F006FC54
:109C780003B05DF804FB00BFF9F50020064A13683D
:109C880023F080031B041B0C1380044A138823F061
:109C980080031380704700BF203F0141E6F5002094
:109CA800064B1A8842F001021A801A68D207FCD4BF
:109CB800034B186820F07040704700BF143E014104
:109CC800083E0141074B1860998010331A6842F426
:109CD800E0421A601A689104FCD41A68D204F9D4D4
:109CE800704700BF003E014108B5FFF7EBFF064B88
:109CF8001B6813F0060F05D040210020BDE808407E
:109D0800FDF7B0BA08BD00BF203F014110B5446F50
:109D180088B05CB1036FCDE9033008AB13E90300E9
:109D28008DE8030003AB0ECB0320A04708B010BD9D
:109D380010B5446F88B05CB1036FCDE9033008AB50
:109D480013E903008DE8030003AB0ECB0420A04702
:109D580008B010BD10B54378DA0704460BD50022C9
:109D68009B070270827001D4F9F76EF92046BDE8AE
:109D78001040F9F715BC10BD074B1B680BB91A4604
:109D880008E09A68117A04390129F6D81168098817
:109D98008142F2D1104670479801002038B5074D2E
:109DA80000242B681B78E340DB07E1B202D50120D1
:109DB800F1F798F90134082CF3D138BDAC01002033
:109DC80024232221201F1E1D1C1B1A1918171615C3
:109DD80014131211100F0E0D0C0B0A0908070605B3
:109DE80004030201434D443A536574436F6E6E5445
:109DF80078506F7765725072657365742C73656CF3
:109E08005077723D25640053434E3A636C72536534
:109E1800635265712C7469643D25640053434E3A5E
:109E2800636C7250726952657100534D503A4461C7
:109E380074612073656E642C706169722066616953
:0D9E48006C206572723D3078253034780052
:109E56000369416882688A60416851605A68824233
:109E660004BF82685A6000220261186801381860CF
:109E76007047B0F5706F38B504460D4608D2FEF748
:109E86005CFE28B129462046BDE83840FDF785B975
:109E9600032038BD10B50A68937854781B0403EB89
:109EA60004231478D278234403EB026303600B681F
:109EB60004330B6010BD38B504460D460020022160
:109EC60000F01BF838B102230373457301462046A0
:109ED600F6F7C5FE012038BD434D443A536574413B
:109EE60064765478506F7765725072657365742C1A
:109EF60073656C5077723D25640038B5054601F1EF
:109F06000C000C4601F0F9FB38B10379448165F386
:109F16000513037100230381036038BD07B5426F43
:109F26003AB149B1019001AB042205210220FAF7AA
:109F3600DEFC03B05DF804FBFCF7DBFEF9E710B5C9
:109F46000446062001F0D9FB014640B10823037000
:109F560023888380BDE81040062001F048BB10BD71
:109F660010B50446062001F0C8FB014640B10423A3
:109F7600037023888380BDE81040062001F037BBBC
:109F860010BD10B50446062001F0B7FB014640B1EE
:109F96000723037023888380BDE81040062001F064
:109FA60026BB10BD82B0002301934FF0200383F33C
:109FB6001188BFF36F8FBFF34F8F019B002BFCD02F
:109FC60002B07047882B4FF0200383F31188BFF34C
:109FD6006F8FBFF34F8F024A1368013313607047C8
:109FE60000BF64F6002045787441647620536361AF
:109FF6006E20456E61626C6520537563636573738D
:10A006000D0A000000BF10B50C46FEF796FD40B1E4
:10A0160050F8043F23608388A3808379A3710020CE
:10A0260010BD0320FCE77FB5ADF80800CDE90312AB
:10A0360041F20B6069460593FFF72DF9BDF8000064
:10A0460007B05DF804FB30B5064D00232A681A44B4
:10A05600DCB2527812B90470104630BDCA540133CE
:10A06600F4E794000020044B054A00280CBF18466C
:10A076001046034B5861704700BFB7B60101BCB626
:10A08600010138EE0020054B1B7C2BB1054B1A88CD
:10A09600824201D1588870470020704700BF20F4E3
:10A0A60000205CF50020042802D0062804D0704762
:10A0B600044B1B6899607047024B1B68D960704758
:10A0C60000BFA400002010B1054B1B78037021B11E
:10A0D600044B1A680A609B888B80704700BFC800D3
:10A0E6000020C9000020054B1A8842F001021A80A0
:10A0F6001A68D207FCD4024B1868704700BF143E9A
:10A106000141083E0141054B1A8842F008021A80B7
:10A116001A681207FCD4024B186880B27047143EC6
:10A126000141043E0141054B1A8842F004021A809F
:10A136001A685207FCD4024B186880B27047143E66
:10A1460001410C3E014110B5064C236843B11B6822
:10A15600186D01F0D4FA2068FCF713FE0023236083
:10A1660010BD28010020062340F2431203FB002005
:10A17600044B1B68184403680B6083888B80704708
:10A1860000BFAC010020054BD3F8682F60F3D7520F
:10A19600C3F8682F034B1B685870704700BF002434
:10A1A6000141AC010020064B1B681A78002322FAF5
:10A1B60003F1C907D8B203D50133082BF7D11846E6
:10A1C6007047AC010020054BB3F85600054B1B78D1
:10A1D60000F07F001844404240B2704700BF006064
:10A1E6000141B0010020434D443A53657441646413
:10A1F60072526573456E61626C652C656E61626C48
:05A20600653D25640028
:10A20C0000B583B002238DF80030ADF802008DF854
:10A21C0005106846FCF7DEFB03B05DF804FB1FB5C8
:10A22C00ADF80C008DF80E1041F2046001A9FFF797
:10A23C002FF8BDF8040005B05DF804FB1FB5ADF8B0
:10A24C000C00ADF80E1042F2010001A9FFF720F846
:10A25C00BDF8040005B05DF804FB08B50089FFF7F4
:10A26C009BF838B18378022B04D10521BDE8084056
:10A27C00F7F714BC032008BD10B5847A0089FFF7EA
:10A28C008BF830B1C36D23B12146BDE81040FCF70B
:10A29C007BBB012010BD03688B4206D10B680360A9
:10A2AC0043688B4208BF42607047002AF8D00B68A5
:10A2BC001360F5E738B504460D4600200121FFF781
:10A2CC0019FE28B1057301462046F6F7C5FC01209E
:10A2DC0038BD10B5C36E04464BB94369984206D1DC
:10A2EC00EEF740FF2046BDE81040FEF75BBB10BD0B
:10A2FC0007B54378DB0707D5CDE900016B4608228B
:10A30C000A210220FAF7F0FA03B05DF804FB07B556
:10A31C0049B1019001AB042209210220FAF7E4FAB9
:10A32C0003B05DF804FBEEF741FBF9E707B5C37822
:10A33C00DB0708D50423009300880023FEF77FFB7E
:10A34C0003B05DF804FB0120FAE710B5002393423B
:10A35C0006D113F0030018BF012000EB930010BDD1
:10A36C00C45CCC540133F2E753434E3A4644436148
:10A37C00636865496E69742832292C73746174752D
:05A38C00733D25640093
:10A3920010B50446807A00F0B4FF034608B11846AF
:10A3A20010BD2046F9F785FE0346F8E7F52B08B500
:10A3B200A0F500539BB2072B04D8024B1B680BB1CC
:10A3C200C0B2984708BDF0F4002010B50C46044B0B
:10A3D20019681831FEF7B3F901212046F5F7B3F8F1
:10A3E20010BD14F5002010B5054C0022227040F279
:10A3F20001114020FBF789FF606010BD00BF5C00C7
:10A4020000201FB5ADF80800039141F201606946D2
:10A41200FEF743FFBDF8000005B05DF804FB1FB571
:10A42200ADF80800039141F203606946FEF735FF7B
:10A43200BDF8000005B05DF804FB1FB5ADF80800DB
:10A44200039141F601006946FEF727FFBDF80000BF
:10A4520005B05DF804FB1FB58DF8080003914FF4B9
:10A46200A8506946FEF719FFBDF8000005B05DF877
:10A4720004FB1FB58DF80800039141F201506946B3
:10A48200FEF70BFFBDF8000005B05DF804FB054BBD
:10A492001B6893F821300BB903707047022B0CBF75
:10A4A20003230123F8E7940000201FB58DF808006C
:10A4B200039141F204006946FEF7EFFEBDF8000089
:10A4C20005B05DF804FB08B50089FEF76AFF30B1FC
:10A4D200C36D23B10821BDE80840F7F7E4BA0120B3
:10A4E20008BD10B50446008901F0F5F828B1E1680D
:10A4F2002089BDE81040FEF795BF042010BD10B5BD
:10A502000446FCF734F8034B1B689C82EFF78DFA84
:10A51200002010BD00BFA000002010B50446008935
:10A5220001F0D9F828B1E1682089BDE81040FCF7B4
:10A532000ABB042010BD10B50446008901F0CBF817
:10A5420028B1E1682089BDE81040F9F779BB042001
:10A5520010BD10B50F230022C45C42EA4402CA5463
:10A56200C25C13F1FF334FEAD212F5D210BD054B94
:10A57200187029B10A68C3F801208A88A3F8052057
:10A58200FBF7FBBD00BFC800002007B501A800F023
:10A5920074FE034A019813780133137003B05DF817
:10A5A20004FBF9F50020044A138843F0800319469E
:10A5B2001380024B1980704700BFE6F50020203F50
:10A5C2000141054B1A6842F440721A601A68D105BB
:10A5D200FCD41A689205F9D47047103E0141054B2C
:10A5E2001A68C30800F00700D35C23FA00F000F0F9
:10A5F2000100704700BF2401002010B5FFF7D1FB16
:10A6020000231A4603490220BDE81040FAF771B947
:10A6120000BF0107010010B5054B53F820300C466E
:10A6220013B1114620469847002010BD00BF54F2D6
:10A632000020054B1B682BB11B78C3F3C0030370CA
:10A64200002070470C20704700BF00020020C0F3BA
:10A65200080310F4007F40F271224FEA902002FBBF
:10A66200003018BF00F59C707047054BD3F8682F77
:10A6720060F31242C3F8682FD3F8700F00F00100A4
:10A6820070470024014170B5054600F04EFF446852
:10A6920034B100232946A4461A46BDE870406047FB
:10A6A20070BD08B5044800F0E0FE0348BDE808406C
:10A6B20000F0E1BE00BF89A601019D26010130B56F
:10A6C20001390024A24206D0035D01340D5DAB4284
:10A6D200F8D0581B00E0002030BD5AB110B40A4433
:10A6E200431E11F8014B03F8014F9142F9D15DF875
:10A6F200044B7047704750B140F21D42B0FA80F1EE
:10A70200521A8840C30A400503EB02517047010008
:10A7120070474C32433A446174612073656E642C15
:10A7220072656A20727370206661696C00434F4ED5
:10A732004E3A4E657754785265712C204F70436FB4
:10A7420064653D3078257800434D443A536574532F
:10A75200636E456E61626C652C656E61626C653D0F
:03A762002564006B
:10A766001FB5ADF80C0001A94FF4C050FEF793FDDC
:10A77600BDF8040005B05DF804FB1FB5ADF80C008C
:10A7860001A943F20400FEF786FDBDF8040005B0FA
:10A796005DF804FB1FB5ADF80C0001A943F20600F5
:10A7A600FEF779FDBDF8040005B05DF804FB1FB5A2
:10A7B600ADF80C0001A943F20700FEF76CFDBDF8E9
:10A7C600040005B05DF804FB08B50021F8F7F1FDBB
:10A7D600FBF7F9FC18B902210846F8F776FB0020CA
:10A7E60008BD53434E3A636C7252657143622873D7
:10A7F60065632E292C7469643D256400434D443AF3
:10A8060053657444656661756C74537562726174E0
:10A8160065436D64000101020102010502010602A1
:10A82600020201020101010101020602010608B548
:10A83600034B18600348E8F76EF908BD00BFF0F453
:10A846000020B1A3010110B50446084611460022B6
:10A85600FBF759FD2060003018BF012010BD08B578
:10A8660018B1012804D0002008BD00F0F8FBFAE773
:10A87600FFF7A9FBF7E708B500231A461946006853
:10A88600EFF7A9FB012814BF0020012008BD08B579
:10A89600044B1B681BB1024B58681B68984708BDE0
:10A8A60000BF78F40020044A9368D06883423EBF14
:10A8B600024A12699B18181A7047B0F10020044B1F
:10A8C600D86A9B6A984282BF024A126B9B18181A72
:10A8D6007047B0F1002000B583B0002301930A460B
:10A8E60001A9F1F75EFE019803B05DF804FB034B86
:10A8F6001B680360034B1B684360704700BF3CF551
:10A90600002048F500201FB5039001A94FF48050A0
:10A91600FEF7C1FCBDF8040005B05DF804FB1FB5E9
:10A92600039001A941F20200FEF7B5FCBDF8040050
:10A9360005B05DF804FB08B50089FEF730FD20B1CF
:10A946000521BDE80840F7F7ACB8032008BD042888
:10A9560006D8034B00F1804001381B6843F82010ED
:10A96600704768F50020044A136803605368436023
:10A9760093688360D368C3607047A8000020044AC8
:10A98600036813604368536083689360C368D36049
:10A996007047A8000020034B1B780370034B1B78FD
:10A9A6000B70704700BFD1000020CF0000204D453E
:10A9B6004D2C416C6C6F63206661696C65642C6C10
:10A9C600656E3D25640018B9034B43F82120704796
:10A9D600024BFAE700BFA8F4002010F30020044B56
:10A9E6004FF080521A60BFF34F8FBFF36F8F7047DF
:10A9F60000BF04ED00E0044B4FF48062C3F804216D
:10AA0600BFF34F8FBFF36F8F704700E100E08B7885
:10AA16004A781B0403EB02230A781344CA7803EB33
:10AA2600026303607047434D443A436C72574C00CF
:10AA36004552523A7374617475733D256400044B34
:10AA46001A68D36C0BB104207047D064184670475F
:10AA560000BFA001002008B503783BB94088FEF787
:10AA66007CFA18B10123037280F83C3008BD044B10
:10AA76001B6A1B0A13F0FE0F14BF202040207047EC
:10AA860000BF000A004410F11D0F06DA503104DB46
:10AA9600002A0CBF11200020704711207047037850
:10AAA6003BB1034600BF13F8012F002AFBD1181A49
:10AAB60070471846704710B50446F0F7D8F9204697
:10AAC600E9F789FC2046EDF7D6FD10BD10B5044622
:10AAD60008681146FFF7FFFE2060003018BF01200E
:10AAE60010BD08B510B1012803D008BDEEF72DFE44
:10AAF600FBE700F0A0F8F8E700F1080343604FF029
:10AB0600FF328260C360036100230360704710B5A3
:10AB16000446FFF758FAA46B00F08DF8B4FA84F0F7
:10AB2600400910BD036833B100201B68013080B2B4
:10AB3600002BFAD170471846704710B50A6854784A
:10AB4600137803EB042303800B6802330B6010BDFC
:10AB560053434E3A445453746172742833292C6417
:10AB660075723D25640008B50B7913F0300F0CBFE4
:10AB76000430083000F09BFB002008BD40F2712233
:10AB86004000B0FBF2F302FB13005B0243EA500005
:10AB960070474D6963726F636869704275636B6C69
:07ABA600616E64414444525A
:10ABAE0010B50446084600F0B8FB2060003018BF10
:10ABBE00012010BD08B509680068FEF7A1FE012846
:10ABCE0014BF0020012008BD08B500230068EFF770
:10ABDE00FEF9012814BF0020012008BD042A034BF2
:10ABEE0000221A6308225A615A60704700BF002B78
:10ABFE00004408B5034B186B0021FDF782FF08BD1A
:10AC0E0000BF0006004410B5034B1C69FFF747FE5A
:10AC1E00013C201A10BDB0F10020DFF80C000168D5
:10AC2E0041F4700101607047000088ED00E0034AB6
:10AC3E001368013B13600BB983F31188704764F6F8
:10AC4E000020034B186810B1836C01338364704786
:10AC5E0000BF14F50020034B1B6853F8203010463C
:10AC6E0053F82130184758F5002010B50446062138
:10AC7E00F7F719FE637903F03F03637110BD08B552
:10AC8E00034B1B689B689847002008BD00BF9800C7
:10AC9E000020034B53F82030104653F8213018474C
:10ACAE0000BF90F400201346427A12B1827AD20786
:10ACBE0002D45222F0F737B8704708B5FDF7CFFB34
:10ACCE00024B33F8100008BD00BF2427010108B560
:10ACDE00FDF7A9FB024B33F8100008BD00BF242777
:10ACEE00010108B500F0EBFB024B33F8100008BD74
:10ACFE0000BF2427010108B5FAF797FF024B33F87E
:10AD0E00100008BD00BF2427010108B5F7F7F3FBBB
:10AD1E00024B33F8100008BD00BF2427010108B50F
:10AD2E00F1F795FA024B33F8100008BD00BF242747
:10AD3E00010130B50023C45CCD5C6C40D4540133AA
:10AD4E00102BF8D130BD00230B60036813B90160DE
:10AD5E004160704743681960FAE74D53472C4765C9
:10AD6E0074206661696C2C6C656E3D2564005359C8
:10AD7E00530000484F5354004C484349004C4C007C
:10AD8E00000001390244824200D1704711F8013FA0
:10AD9E0002F8013DF7E738B50C4609681546FFF78E
:10ADAE0096FC22682A44226038BD38B504460068F5
:10ADBE001546FFF78CFC22682A44226038BD544D9C
:10ADCE00522C53746F70206E756C6C20696E70759A
:10ADDE007400034B1B6853F8022F02609B8883801C
:10ADEE0070471C01002010B5034C206800F083FC56
:10ADFE000023236010BDB0F50020534D503A476537
:10AE0E006E206B65792C6634206661696C00534D3B
:10AE1E00503A47656E206B65792C66352066616900
:10AE2E006C00534D503A47656E206B65792C663633
:10AE3E00206661696C00534D503A47656E206B6514
:10AE4E00792C6732206661696C00034B53F8203011
:10AE5E00104653F82130184700BFB8F4002010B543
:10AE6E00034C2068FDF7CDFC0023236010BDAC0120
:10AE7E000020034B1B681878A0F1FF03584258417D
:10AE8E007047AC010020034B1B681878B0FA80F0B5
:10AE9E004009704700BFAC010020034B1B681B78B4
:10AEAE0023FA00F000F001007047AC0100201FB043
:10AEBE00010157A3010135B7010135B7010135B7BE
:10AECE00010132B1C9B20244034603F8011B934299
:10AEDE00FBD1704700BF034600BF11F8012B184687
:10AEEE0003F8012B002AF8D17047434D443A5365BD
:10AEFE0074486F73744665617475726500434D4492
:10AF0E003A536574525041544F2C544F3D256400B2
:10AF1E0053434E3A464443616368654672656528FD
:10AF2E0033290053434E3A46444361636865467283
:10AF3E006565283229004348433A616464205265AE
:09AF4E00712C496E763D2564006A
:10AF580008B50378122B00D008BD406800F050FBFC
:10AF6800FAE708B50068F1F71BFB012814BF0020B9
:10AF7800012008BD08B5006800F060F9012814BF79
:10AF88000020012008BD08B50068EFF791FB0128F3
:10AF980014BF0020012008BD08B5006800F017F8AC
:10AFA800FF2828BFFF20C0B208BD4FF0200383F35D
:10AFB8001188BFF36F8FBFF34F8FFEE74FF0200369
:10AFC80083F31188BFF36F8FBFF34F8FFEE710B580
:10AFD8000446FEF7F7FFA46BFFF72CFE204610BDD2
:10AFE80010B50446FEF766FF10B1032384F8E2307B
:10AFF80010BD434D443A5743684173736D4D6F64B8
:10B008003A25640010B5841A64024CBF501AC01A5D
:10B01800C0F3805010BD0A440023914201D10020A2
:10B02800704701F8013BF8E7434D443A47656E50D5
:09B0380075624B6579436D6400FB
:10B042000500024B1868C0F3C030704700BF00060D
:10B052000044424C45004150505F5461736B730091
:10B0620000BF024A136801331360704700BF28F51E
:10B0720000201F1F1C1C1818141414141414141468
:10B082001414024B1B68D3F88431184700BF940094
:10B092000020024B1B68D3F88831184700BF940088
:10B0A2000020024B1B68D3F89031184700BF940070
:10B0B2000020024B1B68D3F87831184700BF940078
:10B0C2000020024B1B68D3F89431184700BF94004C
:10B0D2000020024B1B68D3F87C31184700BF940054
:10B0E2000020024B1B68D3F89831184700BF940028
:10B0F2000020024B1B6843F82010704700BF58F530
:10B10200002008B500231A461946F6F7ACFBC0B278
:10B1120008BD024B104653F82130184700BFA887DC
:10B12200010108B5FDF76BFD08B1407908BD10209B
:10B13200FCE7000001000300010001000100010022
:10B14200020003681BB11A68026002B94260184625
:10B152007047024B1B6883F82700704700BF1C0131
:10B162000020024B1B6883F82800704700BF1C01B7
:10B172000020024B1B6893F82700704700BF1C0198
:10B182000020024B1B6893F82800704700BF1C0187
:10B192000020024B1878B0FA80F040097047FBF5A6
:10B1A2000020434D443A47656E44684B6579436DD0
:10B1B2006400024B1B6893F84C02704700BF900179
:10B1C200002040F2FC7303EA8003400A1380086007
:10B1D2007047024B1B68DB6C03B118477047A00134
:10B1E2000020024B1B68D86000F071BA00BFA001BA
:10B1F2000020BE83605ADB0B376038A5F5AA918325
:10B20200886C024B1B681844C078704700BFAC01C1
:10B212000020024B00EB400003EB4000704722F29B
:10B222000020024B1A6802609B8883807047C0F43A
:10B23200002053434E3A5054537461727428322999
:01B24200000B
:10B24400836BC06B984214BF00200120704708B57F
:10B254000020EEF7C3F9FAF745FDFCE7827A90F98E
:10B26400091090F90800FFF74BBD10B504460830EB
:10B27400FBF756F9208010BDEFF31083036072B61C
:10B28400BFF35F8F70470B681B7803700B68013343
:10B294000B607047434D443A52656164547850776B
:10B2A40072004556543A69643D307825303478004C
:10B2B400036813B90160184670471846F8E7070792
:10B2C400111102110B110811024111020238012857
:10B2D40002D80846F6F7BEB8704790F82F30002B16
:10B2E40014BF07200020704708B5F2F797FBF3F767
:10B2F40079FA08BD4D6963726F636869700000BFB5
:10B30400014B18700020704737EE0020014B0122DA
:10B314001A70704737EE002008B50421FDF7F6FBDC
:10B32400012008BD08B500220421FAF7EDFF08BD8D
:10B33400014B1868704700BF20F50020014B012223
:10B344001A6070474CF50020806808B1FCF7ECBA2D
:10B35400032070478389827A417A007AF7F7F4BE32
:10B364002D55010159B301016FB20101014B1B6855
:10B374005B68184798000020014B1B68184700BF02
:10B384009C0000208368187808B1F0F7B7BD7047B7
:10B394000146014800F0B6B952F20020014BB3F85F
:10B3A40001007047D6F40020014BB3F80100704748
:10B3B400DBF40020014B33F8200070475CF50020DB
:10B3C400014B1B685860704760F50020014B1B68F7
:10B3D4009860704760F500200148FFF7F7BF00BF91
:10B3E400C9310101014B1860704700BF64F50020AA
:10B3F400014B93F900007047D0000020014B1878EE
:10B40400704700BFC0000020014B1860704700BFA8
:10B414006CF50020014B1878704700BFF3F500204D
:10B42400014B1860704700BF90F50020014B186075
:10B43400704700BF8CF50020014B1878704700BF9F
:10B44400F5F50020014B1870704700BFF5F500209A
:10B45400014B00221A707047F4F50020014B187854
:10B46400704700BFF4F50020014B1860704700BF1F
:10B47400A0F50020014B1860704700BFA4F5002020
:10B48400BFF35F8F036883F310887047014B18780C
:10B49400704700BFF8F500204A780B7803EB0223CD
:10B4A40003807047036819700368013303607047B1
:10B4B40003681980036802330360704703681960E6
:10B4C4000368043303607047014B00201870704711
:10B4D4000C020020014B1860704700BFA8F5002043
:10B4E400014B43F820107047ACF20020014B1B685D
:10B4F400187A70471C010020014B1B68D864704700
:10B504001C010020014B1B68D86570471C010020FA
:10B51400014B43F82010704754F20020014B18608F
:10B52400704700BF94010020014B1868704700BFAA
:10B5340094010020014B43F820107047B8F4002018
:10B54400014B1B6858787047AC010020014B1B6805
:10B5540098787047AC010020014B1860704700BF19
:10B5640050240141014B43F82010704780F2002021
:10B57400014B1860704700BFD0F50020014B1860E4
:10B58400704700BFD8F5002010B50446FFF7A8FCAB
:0FB59400204610BD53434E3A7363616E544F000F
:10B5A400C16890F90800FFF797BBC16890F90800DB
:10B5B400FFF788BB0A4601460220FEF7E3BA0023E0
:10B5C4001A461946F6F74EB9427B017B8068FAF7B2
:10B5D40031BCBFF34F8FBFF36F8F7047434D443A75
:10B5E400436C72524C00307825782C3078257800E2
:10B5F4000A4601460320FEF7C5BA00B9704700BFEA
:10B604000138FAE708B5F5F7BBFC08BD08B5F9F74A
:10B614002CFC08BD08B5F7F709F9FCE7451701014B
:10B62400D1540101C168007AFDF7B8BAD0E902012A
:10B63400FAF7E8BFD0E90201FEF706BD50494333EB
:10B6440032435800A5060101853E0101134612222A
:10B65400EFF76EBB456363446F6E6500890841EA8A
:10B664004020704700487047940801018168C088F1
:10B67400FAF70ABC83F00043EAF730BF00939393D0
:03B684006711004B
:10B68800002303617047007AFCF7D8BB8068FCF799
:10B69800EDBD411CFCF7F0BB8068FFF7FABF103026
:10B6A80000F02AB80023E9F785BA020500012A024A
:10B6B8000300002A0A0300002A0A1500292B021792
:10B6C800002A2B201200052AFCF740BEF9F73CBAE5
:10B6D800FEF744BA0020704700F010B80020704709
:10B6E800F6F794BF0020704700207047002070478D
:10B6F8000020704700207047F3F77ABAFDF784B846
:10B708000180704701607047FEF7E4BFFCF7FEBE9A
:10B7180000207047EDF714BA00207047030C1000A2
:10B72800130002000100FFFFFDF776BC0020704700
:10B73800704700BF05000500050005000500020070
:10B748001800020008000018020070477047704790
:10B75800022903280028292B2A2B052A0500050081
:10B7680005000100100002000400011802007047E3
:02B77800704718
:00000001FF
