:020000040000fa
:0200000400807a
:045f8800ffff000017
:020000040000fa
:0200000400807a
:045f8c0000400e843f
:020000040000fa
:0200000400807a
:045f900038fc745f06
:020000040000fa
:0200000400807a
:045f94003b44121464
:020000040000fa
:0200000400807a
:045f98000b00007189
:020000040000fa
:0200000400807a
:045f9c0002000000ff
:020000040000fa
:0200000400807a
:045fbc0000000010d1
:020000040000fa
:020000040100f9
:10020000f07f012059bf01016fbc00018fde0001aa
:10021000b71d0101c3220101c32401010000000038
:1002200000000000000000000000000011ae02010c
:100230009f1a010100000000810902014d9902018d
:100240002b8800012b8800012b88000199c702012f
:100250002b8800012b880001d1a202012b8800010c
:100260002b8800012b8800012b8800012b880001be
:10027000f12302012b8800012b8800012b8800014b
:100280002b8800012b8800012b8800012b8800019e
:100290002b8800012b8800012b8800012b8800018e
:1002a0002b8800012b8800012b8800012b8800017e
:1002b0002b8800012b8800012b880001b9fd01016a
:1002c000957901012b8800012b8800012b88000102
:1002d0002b8800012b8800012b8800012b8800014e
:0c02e0002b88000100000000d90b020177
:020000040000fa
:020000040100f9
:1002ec00f8b500bff8bc08bc9e467047815f0201a0
:1002fc00f8b500bff8bc08bc9e4670475d5f0201b4
:020000040000fa
:020000040100f9
:10030c0008b5044b186818b1804780f00100c0b2e2
:10031c0008bd00bf24f3002009b91046704780b116
:10032c00037883ea122383ea131343ea022282ea54
:10033c00033282ea431292b200b10130013989b220
:10034c00eae7ff23ede72de9f04f85b081460e9edd
:10035c008a46904606b11e4443449cb247465546d5
:10036c00a74203d1012005b0bde8f08f95b36a46d2
:10037c0010232946484605f01bfcbdf80420944286
:10038c0008d9bdf8063013449bb29f4202d29c425e
:10039c0003d91f46bdf80a50e8e79742a4eb0201c7
:1003ac0028bfe31b89b234bf0b469bb2a4eb0304fa
:1003bc0032bfbdf80ab04746d346a4b246b1103599
:1003cc002944f61ac91a324689b2484605f0f0fba0
:1003dc005d46c5e72846c6e72de9f74fd4889688d1
:1003ec00dff8588082468b4644f307254ff6ff779b
:1003fc00002d03da384603b0bde8f08f1ad0a4f50f
:10040c0080741ffa84f94ff48074cdf80080234671
:10041c00324659465046fff796ff38b13a462146c8
:10042c004046fff779ff2644b6b20746013d6db250
:10043c004c46dde7002cddd0a146e6e728f3002092
:10044c0010b5094c94f8040105f050fc4ff400521f
:10045c00002194f8040105f073fc18b14ff480737b
:10046c00a4f8063110bd00bf24f300202de9f041a3
:10047c00094c05460e46174613460a46014694f8a3
:10048c00040105f0cbfb3b463246294694f80401a7
:10049c00bde8f04105f0a2bc24f3002003292cd8c0
:1004ac00dfe801f002091b23184bb3f806211044b6
:1004bc00a3f806017047154ab2f80631184480b209
:1004cc00c11c4ff6fc730b40984203d90430a2f8c0
:1004dc0006017047a2f8063170470c4ab2f8063193
:1004ec000f33184420f00f00f1e7084ab2f8063138
:1004fc003f33184420f03f00e9e74ff0200383f32b
:10050c001188bff36f8fbff34f8ffee724f30020ea
:10051c004ff0200383f31188bff36f8fbff34f8f1e
:10052c00fee770b50c4a92f808410023d9b28c4210
:10053c0001d800200be05d1c9b00d118b1f80961bb
:10054c00864207d1b1f80b2112b10448184470bd92
:10055c00fff7deff2b46e9e724f300202df4002003
:10056c0008b5fff7deff00b1408808bd10b50446a2
:10057c00fff7d7ff40b14ff0200383f31188bff38f
:10058c006f8fbff34f8ffee7094b93f808010206fc
:10059c0001d5fff7bdff421c83f8082103eb800255
:1005ac0003f20913a2f8094103eb800010bd00bf50
:1005bc0024f3002008b5fff7b4ff08b9fff7a8ff34
:1005cc00064a92f80831013bdbb282f8083102eba3
:1005dc008303d3f80931036008bd00bf24f3002066
:1005ec002de9f041244cb4f80a33b4f80c630344fd
:1005fc009bb204f20e37ff2b0546a4f80a3307eb27
:10060c00060004f104080ad82a46414635442bf06a
:10061c00d5ff0126a4f80c533046bde8f081c6f591
:10062c00807241462bf0caff4ff480723946b4f801
:10063c000601fff71bff06460028edd000214ff402
:10064c008070fff72bffb4f80a53b4f80c13a5f520
:10065c0080750023adb2a4f80c33a4f80a53002d16
:10066c00dad0c1f580712a4618fa81f138462bf0a0
:10067c00a5ffa4f80c53cfe724f300207fb545f277
:10068c004143adf806300d4bcde902300c4bc04365
:10069c00b3f80e3404904ff6ff7210210df10600e2
:1006ac00adf81430fff738fe1222adf8040001a9a2
:1006bc000020fff7dbfe07b05df804fb534e7632eb
:1006cc0024f300202de9f04f724c94f804710025ae
:1006dc008fb0122309aa29463846a4f81054a4f85e
:1006ec001254a4f80c53a4f80a5305f061fa0b9bae
:1006fc00039394f804310133dbb2012b94bf84f8db
:10070c00043184f8045194f80431bb4208d14ff001
:10071c00200383f31188bff36f8fbff34f8ffee776
:10072c00fff78efe0028e4d04ff0000adff870814e
:10073c0080e004eb8a091023b9f80bb105aa5946dd
:10074c00384605f035fa0026bdf81c50adf81a50a5
:10075c0005aa59463846adf81860adf81e60adf8dc
:10076c002060fff739fe4ff6ff72adf814000e2132
:10077c0005a8fff7d1fdf022adf82200ff21464875
:10078c002cf09afd05ab03cb1035c8f80000c8f867
:10079c000410b4f80c2303cbb4f80631c8f80800e5
:1007ac00adb21344b5f5807fc8f80c10a9f80b3125
:1007bc0019d8394b00933246bdf81c30594638468f
:1007cc00fff7c1fd50b1b4f80631b4f80c23134453
:1007dc00a9f80b312846fff703ff38bb002420464d
:1007ec000fb0bde8f08f1023b5f5807f2a4628bfe7
:1007fc004ff48072a2eb03091ffa89f94344029269
:10080c00009332464b4659463846fff79cfd00286c
:10081c00e4d00298fff7e4fe0028dfd0029bed1a2b
:10082c004e44adb2b6b20023002dddd10af1010366
:10083c005ffa83fa94f8083153453ff67aafb4f86f
:10084c000a23fab9b4f80a030021fff727feb4f81b
:10085c000631a4f80e34039b581efff70fff044615
:10086c000028bbd002210020fff718fe1222ff2126
:10087c0009a82cf021fd122309aa0021384605f005
:10088c00cdf9ace70549b4f80601fff7effd0028f8
:10089c00d8d1a3e724f3002038f3002032f600204f
:1008ac0028f3002008b50a4bb3f80631c3f5005302
:1008bc009bb283420bd2fff705ff40b94ff02003e8
:1008cc0083f31188bff36f8fbff34f8ffee708bd23
:1008dc0024f300202de9f84f344e0446351d89468b
:1008ec004ff48072ff2128462cf0e6fce1884ff68d
:1008fc00ff724846fff710fd4ff6ff7220800e2165
:10090c002046fff709fd2346e08103cb7060696048
:10091c0003cba860e960e28802f11007bfb2b9f11d
:10092c00000f07d0b7f5807f17d8494606f11400a1
:10093c002bf044fee2881e49b6f80601f02a28bfc7
:10094c00f022103292b2fff791fd8046e088103011
:10095c00022180b2fff7a2fd25e04ff0000b102022
:10096c00b7f5807f3c4628bf4ff48074a4eb000a97
:10097c00524609eb0b0128442bf020fe22460c4971
:10098c00b6f80601fff772fd804660b120460221e1
:10099c003f1bfff783fdbfb20beb0a031ffa83fb70
:1009ac000020002fdcd14046bde8f88f24f3002056
:1009bc0028f300202de9f041674c00258eb084f817
:1009cc0008514ff0ff38ff27122304aa00212846b4
:1009dc0005f0eef8dde906637340013326d19df88e
:1009ec001230412b22d19df81330542b1ed19df87f
:1009fc001430532b1ad19df815304e2b16d19df86f
:100a0c001630762b12d19df81730322b0ed14ff6b3
:100a1c00ff7210210df11200fff77efcbdf81030b3
:100a2c00834203d146453cbfb0462f46e5b1ff2f6c
:100a3c002cd1002384f804314ff6ff766ff00105ba
:100a4c00fff7fefc90b994f804310133dbb2012bb3
:100a5c0084f80431f4d94ff0200383f31188bff3e9
:100a6c006f8fbff34f8ffee70125ade72846a4f843
:100a7c000e64fff703fe0028e5d0002384f808314c
:100a8c00012384f814340eb0bde8f0814ff4807368
:100a9c00a4f806313846122309aa002184f80471ff
:100aac0005f086f84ff6ff77b4f80631b3f5005f22
:100abc00e6d2bdf83420ba4201d09a4217d80221ae
:100acc000020fff7ebfc022510236a46b4f8061150
:100adc0094f8040105f06cf86a46102312f8011b17
:100aec00ff291ed1013b9bb2002bf7d1c8e7002593
:100afc00eae729461020fff7d1fcd5e7bdf80260e4
:100b0c003046fff70efd10b93046fff72ffdb4f855
:100b1c0006314380bdf80830bbb93046fff74afdbb
:100b2c0013e03a460e216846fff7f6fbbdf80e605f
:100b3c008642ded16a46b4f8061194f80401fff738
:100b4c004bfcbdf800308342d8d0bdf80600103005
:100b5c00294680b2cfe700bf24f30020034b93f863
:100b6c0014340bb9fff726bf704700bf24f30020e5
:100b7c002de9ff478a4616469846054630b12bb1fb
:100b8c00fff7befb044650b1052045e04ff02003b3
:100b9c0083f31188bff36f8fbff34f8ffee706f11e
:100bac00100080b2fff77efe2846fff7bafc07461e
:100bbc00a8b3b0f802901d4d10236a46494695f82b
:100bcc00040104f0f5ffbdf808300aeb06029a4266
:100bdc0027d8b34218bfbdf80c40adf804a01cbf19
:100bec000134a4b241466846adf80c40adf806603d
:100bfc00adf80a90b5f80641fff76cfe98b1bdf858
:100c0c000c307c80642b4ff0000005d9bdf802300d
:100c1c00a5f81034a5f8120404b0bde8f087032041
:100c2c00fae70420f8e70120f6e700bf24f30020e0
:100c3c0073b50c4615461e46c0b1bbb1fff790fc10
:100c4c0080b16319b3f5803f09d201460c48009678
:100c5c002b46224690f80401fff775fb20b90420bf
:100c6c0002b070bd0320fbe70020f9e74ff0200332
:100c7c0083f31188bff36f8fbff34f8ffee700bf75
:100c8c0024f300201fb540b94ff0200383f31188e3
:100c9c00bff36f8fbff34f8ffee7fff761fc48b1d7
:100cac0001460648102390f804016a4604f080ffc0
:100cbc00bdf8080005b05df804fb00bf24f300206c
:100ccc002de9f04f431e14469bb24ff6fd72934232
:100cdc008bb080460e461dd8b1f5006f1ad8fff7c1
:100cec003ffc00bbfff70cfb054648bb06f11000b0
:100cfc0080b2fff7d7fd8d4b93f90821002a80f2c3
:100d0c00f7804ff0200383f31188bff36f8fbff38d
:100d1c004f8ffee74ff0200383f31188bff36f8fe3
:100d2c00bff34f8ffee74046fff7acff86420fd074
:100d3c007e4da5f81084a5f81264fff7e1fa08b10e
:100d4c0005200ee0b5f8120470b9b5f810347bb973
:100d5c00002c00f0e6802346324600214046fff787
:100d6c0067ff0bb0bde8f08f103080b2fff79afd33
:100d7c00b5f81004fff7d5fb81460028e8d0b0f891
:100d8c0002b095f80401102306aa594604f010ff8e
:100d9c00b5f81234ebb9bdf82000103080b2fff773
:100dac0081fdb5f81004fff7bcfb814640b94ff04c
:100dbc00200383f31188bff36f8fbff34f8ffee7d0
:100dcc00b0f802b095f80401102306aa594604f0b5
:100ddc00effeb5f81224b5f806310493bdf82030b7
:100dec0022b19342adf8202028bf13460022bdf853
:100dfc002010adf81c20adf81e10adf82220adf877
:100e0c0024200df1180cbce80300dff824a1686065
:100e1c0003f11007caf80410bce80300bfb2b7f521
:100e2c00807fcaf80800caf80c1030d80af11001fb
:100e3c00009195f804015946fff785fa002872d005
:100e4c0006ab03cbbdf81e206860caf8041003cbb8
:100e5c001032caf80800caf80c1092b25146b5f814
:100e6c000601fff703fb00283ff472afbdf81e002c
:100e7c001030022180b2fff711fb2c4b0022a3f89b
:100e8c001024a3f81224049ba9f8023060e715463d
:100e9c001023cdf814a0b7f5807fba4628bf4ff4c5
:100eac00807aaaeb030292b20392059a1f4813446c
:100ebc0000932a46039b90f804015946fff743fa26
:100ecc0088b31b495246b1f80201fff7cffa00284c
:100edc003ff43eaf02215046fff7e0fa039ba7eb2d
:100eec000a072b44bfb29db20023002fd3d1c4e715
:100efc00214606a8b3f80671adf81a80adf81c505f
:100f0c00adf81e60adf82060adf82250adf824505d
:100f1c00fff7e0fc38b14046fff728fb4780022082
:100f2c001fe720461de701201be700bf24f300202c
:100f3c0028f30020f0b5074685b040b94ff02003e8
:100f4c0083f31188bff36f8fbff34f8ffee7fff76b
:100f5c0007fb00283fd0fff7d3f9044600283cd10b
:100f6c001020fff79ffc4ff6ff720e216846adf87c
:100f7c000020adf80270cde90144adf80c40fff74c
:100f8c00cbf96b46adf80e0003cb154d6860a9602c
:100f9c0003cb2e1de860296110223146b5f80601fd
:100fac00fff764fa68b91022b5f8061195f8040138
:100fbc0004f0c6fe18b902211020fff76ffa0120c9
:100fcc0007e002211020fff769fa3846fff7f2fa22
:100fdc00204605b0f0bd0320fbe70520f9e700bf74
:100fec0024f30020f8b50446fff78af9054668bbe0
:100ffc0064b104f07bfe012004f078fe4ff4007223
:10100c00294613482cf058f9002020e0114d95f892
:10101c000871e3b29f420cd8fff754fb0028f3d1c0
:10102c004ff0200383f31188bff36f8fbff34f8f03
:10103c00fee705eb8403b3f80961304601f08ef945
:10104c0010b93046fff7b6fa0134e2e70520f8bdd7
:10105c002df4002024f30020014b1860704700bfd2
:10106c0024f3002008b5fff77bfa003018bf0120ed
:10107c0008bd08b5fff726fb40b94ff0200383f3fa
:10108c001188bff36f8fbff34f8ffee708bd00bf12
:020000040000fa
:020000040100f9
:10109c0090fa00201c00000000000000d0f9002095
:1010ac006000000000000000b0fb00200800000001
:1010bc000000000024f900203000000000000000b7
:1010cc0000000020800000000000000010fc002048
:1010dc000c0000000000000054010120040000007e
:1010ec0001000000aaaaaaaa1cfc0020040000000f
:1010fc00000000002403002000f0000000000000ad
:10110c0020fc00201000000000000000b8fb0020b4
:10111c00080000000000000030fc00200c00000063
:10112c0000000000bcf7002064000000000000007c
:10113c003cfc00201400000000000000fcfa002021
:10114c00280000000000000050fc002010000000ef
:10115c000000000024fb0020140000000000000030
:10116c0060fc0020040000000000000038fb0020a0
:10117c00280000000000000064fc002008000000b3
:10118c0000000000580101200400000001000000d4
:10119c000400000080000020080000000000000097
:1011ac00680101200200000001000000f80e0000a0
:1011bc0008fc002005000000000000008800002052
:1011cc0001000000000000006c0101200100000083
:1011dc0001000000ff00000090000020e60000006d
:1011ec00000000006cfc00200c000000000000005f
:1011fc00c0fb0020080000000000000078fc00206c
:10120c001000000000000000780100201800000011
:10121c000000000039f70020010000000000000071
:10122c00c8fb0020080000000000000030fa00207d
:10123c0020000000000000000dfc00200100000058
:10124c000000000088fc00200800000000000000e6
:10125c005afd0020010000000000000090fc00205e
:10126c0004000000000000005bfd002001000000f5
:10127c000000000094fc00200400000000000000ae
:10128c005cfd002003000000000000003af7002085
:10129c0002000000000000000efc00200200000014
:1012ac00000000004cfd00200200000000000000c7
:1012bc0030000120c0000000010000005741010176
:1012cc0057410101574101015741010157410101aa
:1012dc00574101015741010157410101574101019a
:1012ec00574101015741010157410101574101018a
:1012fc00574101015741010157410101574101017a
:10130c005741010157410101574101015741010169
:10131c005741010157410101574101015741010159
:10132c005741010157410101574101015741010149
:10133c005741010157410101574101015741010139
:10134c005741010157410101574101015741010129
:10135c005741010157410101574101015741010119
:10136c005741010157410101574101015741010109
:10137c0057410101574101015741010174fb002004
:10138c0010000000000000005ffd002001000000c4
:10139c0000000000d0fb002008000000000000004e
:1013ac00900100200b000000000000002001012033
:1013bc00240000000100000024232221201f1e1df8
:1013cc001c1b1a191817161514131211100f0e0dc9
:1013dc000c0b0a0908070605040302019c010020f6
:1013ec000e0000000000000098fc0020040000002b
:1013fc0000000000ac01002008000000000000000c
:10140c0060fd00200100000000000000b40100207d
:10141c00080000000000000061fd00200100000039
:10142c00000000009cfc00200c00000000000000ec
:10143c004efd0020040000000000000084f8002095
:10144c00500000000000000062fd002001000000c0
:10145c0000000000bc0100204e0000000000000055
:10146c00d8fb00200800000000000000a8fc0020b1
:10147c000400000000000000a4fb00200c00000091
:10148c00000000000c0200200c0000000000000016
:10149c00acfc00201000000000000000180200202e
:1014ac000400000000000000bcfc00200400000050
:1014bc000000000050fa0020200000000000000096
:1014cc0052fd0020020000000000000063fd00201f
:1014dc000100000000000000acfa00201c0000001d
:1014ec000000000070fa0020200000000000000046
:1014fc00c0fc0020040000000000000064fd00207f
:10150c000100000000000000acf9002024000000e5
:10151c0000000000c4fc00200400000000000000db
:10152c001c0200201000000000000000f0fb002056
:10153c00060000000000000065fd00200300000014
:10154c0000000000e0fb002008000000000000008c
:10155c0068fd00200500000000000000c8fc002011
:10156c00080000000000000054fd002004000000f2
:10157c00000000006dfd00200100000000000000d4
:10158c002c0200202900000000000000d0fc0020ec
:10159c0004000000000000006efd002001000000af
:1015ac0000000000580200201200000000000000a3
:1015bc00ecfe0020a400000001000000202000012f
:1015cc00ffffffffffffffffffffffff000000001b
:1015dc00000000000000000001000000ffffffff02
:1015ec00512563fcc2cab9f3849e17a7adfae6bcb9
:1015fc00ffffffffffffffff00000000ffffffffeb
:10160c0096c298d84539a1f4a033eb2d817d037790
:10161c00f240a463e5e6bcf847422ce1f2d1176b2b
:10162c00f551bf376840b6cbce5e316b5733ce2bfe
:10163c00169e0f7c4aebe78e9b7f1afee242e34f2d
:10164c004b60d2273e3cce3bf6b053ccb0061d656a
:10165c00bc86987655bdebb3e7933aaad835c65af3
:10166c006c0200200c00000000000000d4fc0020e4
:10167c0004000000000000006a01012002000000cc
:10168c000100000070000000780200200c00000037
:10169c000000000084fb002010000000000000008f
:1016ac00d8fc002004000000000000008402002090
:1016bc004100000000000000c80200200c000000e7
:1016cc0000000000dcfc00201c00000000000000fa
:1016dc00d40200200d00000000000000e4fa0020fd
:1016ec00180000000000000060010120080000004c
:1016fc0001000000034a0101034a0101e10200203c
:10170c000100000000000000f8fc002010000000a8
:10171c0000000000f6fb00200600000000000000a6
:10172c006ffd00200100000000000000e40200201a
:10173c00040000000000000084f9002028000000d4
:10174c000000000070fd00200100000000000000ff
:10175c0008fd00200c0000000000000071fd0020be
:10176c00010000000000000014fd00200400000037
:10177c0000000000fcfb0020060000000000000040
:10178c0020f80020640000000000000072fd002022
:10179c000100000000000000e80200200c00000026
:1017ac000000000054f90020300000000000000090
:1017bc0002fc00200600000000000000f4020020e3
:1017cc00160000000000000018fd00200c000000b6
:1017dc00000000000a0300200100000000000000cf
:1017ec0024fd002004000000000000000c03002079
:1017fc000400000000000000e8fb002008000000ce
:10180c000000000028fd0020040000000000000083
:10181c001003002008000000000000002cfd002038
:10182c000400000000000000180300200400000069
:10183c000000000030fd00200c0000000000000043
:10184c001c03002004000000000000002003002006
:10185c00040000000000000073fd002001000000e7
:10186c000000000094fb00201000000000000000ad
:10187c0058fd002002000000000000003cf7002092
:10188c00800000000000000060fb0020140000003d
:10189c0000000000c8fa00201c000000000000003e
:1018ac003cfd0020080000000000000024f3002094
:1018bc00150400000000000044fd0020040000009e
:1018cc0000000000d4f800205000000000000000d0
:1018dc0048fd002004000000000000000000000093
:1018ec000000000066666666666666666666666624
:020000040000fa
:020000040100f9
:0418fc000020704711
:020000040000fa
:020000040100f9
:10190000044b5a6842f480025a605a6822f400621a
:101910005a60704700400141174b184a1a60184a34
:101920001a61184a5a61184a9a61184a5a624ff461
:1019300014029a62164ada62164a174b1749136064
:101940005160174991601749d160174911611749d2
:10195000174a0a6043f6424048600020c8601548b4
:1019600048618a61144a154911605360144b154a45
:101970001a60154a5a6070470060014121220080b8
:101980000a14260610320d121c28402006421e3e64
:101990000600030e3060014154760c0e1a27003801
:1019a000f7ff4c463832d44e32400030446001419b
:1019b000544e4c46514b383260600141383256ce5d
:1019c000686001411a27544e4c463832c82300bf84
:1019d00000bf00bf00bf00bf00bf00bf00bf00bf0f
:1019e00000bf00bf00bf00bf00bf00bf00bf00bfff
:1019f00000bf00bf00bf00bf00bf013b13f0ff03eb
:101a0000e5d1704708b541f2440103200df0b0fb69
:101a100043f6ff4152200df0abfb47f20801542082
:101a20000df0a6fb48f24e515e200df0a1fb47f2ef
:101a3000824160200df09cfb4cf6170161200df0f7
:101a400097fb4cf6170163200df092fb41f2073132
:101a500065200df08dfb49f2072167200df088fb12
:101a600047f2824168200df083fb4bf2156169203b
:101a70000df07efb4bf215616b200df079fb41f20e
:101a800005316d200df074fb49f205216f200df03a
:101a90006ffb48f2070177200df06afb49f61e61e3
:101aa000e9200df065fb4ff60171ef200df060fbb2
:101ab00040f68321f920bde808400df059bb70477e
:101ac0002de9f74302221146012333200df07efb5e
:101ad0000c221146012319200df078fb002211463b
:101ae000012315200df072fb0822104600230a2165
:101af0000df06cfb07221146012309200df066fb57
:101b000001231a46194609200df060fb00231a46ee
:101b1000194609200df05afb0f221146012300201f
:101b200023f0defd00230d221146184623f0d8fdd8
:101b30000122114600234c2023f0d2fd032211463e
:101b400000234c2023f0ccfd0422114601234c201d
:101b500023f0c6fd4ff4007300220c2126200df067
:101b600035fb14200df06efb042400250022012318
:101b700011464c2023f0b4fd002211464c2023f0e6
:101b8000c2fd02460028f7d10f214e2023f0bbfdf5
:101b9000013c14f0ff040544e8d128462af0f8fc83
:101ba0000022534b0ef09cf90022524b04460d4686
:101bb00025f0feff0022002800f089804e4b2046d1
:101bc00029462cf05dfa4d4b00220ef089f942a314
:101bd000d3e900230ef084f90022494b494c06f06a
:101be00031ffd4e9042306460f463da1d1e90001a7
:101bf00006f028ffd4e9022380468946304639465c
:101c00002cf03efa02460b46404649460ef068f973
:101c1000d4e900232cf034fa33a3d3e9002306f0ef
:101c200011ff22f00ffe002301901a460c212620fe
:101c30000df0ccfa02221146002333200df0c6fa33
:101c40000c221146002319200df0c0fa00231a4679
:101c5000194615200df0bafa0822104605230a216c
:101c60000df0b4fa07221146002309200df0aefa58
:101c700001221146002309200df0a8fa00231a467c
:101c8000194609200df0a2fa00230f22114618462a
:101c900023f026fd0d2211460123002023f020fd14
:101ca0000122114600234c2023f01afd0322114685
:101cb00000234c2023f014fd0422002311464c2065
:101cc00023f00efd9ded010a03b0bde8f0830b4b40
:101cd0002046294679e700bf666666666666e63f87
:101ce0003d0ad7a3703dda3fbc5983f755b9603f31
:101cf0000000d03f0000e0400000f0400000503ff6
:101d00000000f83f9800002070b5a4b0044674228b
:101d10000e4607a800212bf0d5fa5f4b06930a93d5
:101d20005e4b0c935e4b5f4a5f486049604d0e937b
:101d3000129303f14643cde90420cde9081003f6e0
:101d40000d730138cde910500d90149359485a4b3a
:101d500020925a4a5a4d1c91cde9150359495a48c7
:101d60001a93cde92123594acde91d13cde9185025
:101d7000516810686b4603c39068d168272c03c371
:101d80006bdc0a2c75da14f10b0f74dc1934b4bf58
:101d9000002001204e4b1a7882427ad0187005013b
:101da00024ab002e69d15c190b2214f8803c0f2162
:101db000e5200df00bfa14f87f3c0b220f21e720f1
:101dc0000df004fa24ab1d44072215f87e3c0821cf
:101dd000fc200df0fbf915f87d3c04220521e120e3
:101de0000df0f4f915f87c3c06220721e1200df0f6
:101df000edf915f87b3c02220321e5200df0e6f910
:101e000015f87a3c00220321e7200df0dff915f8e0
:101e1000793c04220721e7200df0d8f915f8783c29
:101e200001220321e2200df0d1f915f8773c0322bd
:101e300004210a200df0caf915f8763c0e220f2174
:101e400051200df0c3f915f8753c08220e215220df
:101e500024b0bde870400df0b9b94f2c04dc3b2c28
:101e6000ccbf0520042095e7632cccbf07200620bb
:101e700090e703208ee702208ce703eb40040b225f
:101e800014f8903c0f21e5200df0a0f914f88f3cd8
:101e900093e724b070bd00bf0603033c1212020298
:101ea0000502023c141403030301010a1313030384
:101eb000111102020201030b050202460301070e83
:101ec000131203030301060d0301050c38d50201ab
:101ed0006c01012047f6ff73984207d000f3070317
:101ee0009bb2002207215a200df070b9704770474d
:101ef000094a41f62863d358084a12689b1a084acf
:101f000023f07043934205d8064b1878003018bf71
:101f1000012070470020704700200141b8000020d8
:101f2000feffff079000002010b5fff7c9fdbdeed2
:101f3000c00a10ee103a1cb22046fff7cbff094b47
:101f40001978204601f00101fff7defe064a41f64e
:101f50002863d358054a03f5403323f070431360d8
:101f600010bd00bfb000002000200141b8000020db
:101f700037b5204a1178002363f3000111701e4a1f
:101f80008df807301370044628b1fff73bfdfff7cb
:101f9000b7fcfff7c1fc22460df10701072001f055
:101fa000c9fa1cb3154d28460bf082f9d5e900019a
:101fb0000022002326f09ffc114bb0fa80f040096c
:101fc0001870104b4ff440321a604ff088430e4a9d
:101fd0001a650e4b40f27142012c9a600cbfff2231
:101fe0007f229a6113221a604022da600bf076f9a0
:101ff00003b030bdb0000020880000209800002011
:1020000090000020b80000204c0040e0001001418a
:1020100042f2780127200df0abb8002112200df01c
:04202000a7b800bf9e
:020000040000fa
:020000040100f9
:1020240080b588b000afb96011461a460346fb81fb
:102034000b46bb811346fb80fb893b82bb687b61fb
:10204400bb893b83fb887b830e4b1b68fb6110e0e1
:10205400fb691b6807f1100210469847034683f09a
:102064000103dbb2002b01d0002306e0fb695b68af
:10207400fb61fb69002bebd1012318462037bd46d9
:1020840080bd00bfc8fa00201fb504466946008819
:1020940000f0acf968b3bdf80230abb1019b9bb161
:1020a400029bd3b9a2882088cab1a368bbb1618856
:1020b400fef762fdd0b14ff0200383f31188bff324
:1020c4006f8fbff34f8ffee74ff0200383f3118828
:1020d400bff36f8fbff34f8ffee79847e2e7019b93
:1020e400bdf802200021fef747fde3e7208800f059
:1020f400c4f904b010bd7fb56946054600f076f911
:1021040010b9002004b070bdbdf80230a3b1019b2a
:1021140093b1029bcbb92846fef7b8fd019abdf8ee
:10212400021006462846fef7cffd022804460ed1cb
:10213400b4fa84f04009e5e74ff0200383f31188f3
:10214400bff36f8fbff34f8ffee79847e3e740b1cc
:102154004ff0200383f31188bff36f8fbff34f8fca
:10216400fee73346bdf8022001992846fff758ffe1
:102174000028ddd1c5e71fb504466946008800f094
:1021840035f910b9002004b010bdbdf8023093b188
:10219400019b83b1029b83b96188a288bdf8023098
:1021a40088189842eedca3682088fef745fdb0fa53
:1021b40080f04009e7e700f029f89847ece773b5a9
:1021c400104adff844c005460e4600236c46bcf8ae
:1021d4000210994201d800200de092e8030084e83f
:1021e4000300d1888d4208d1adf8065094e803006d
:1021f40086e80300012002b070bd013308329bb2af
:10220400e5e700bfec020001ccfa00204ff0200308
:1022140083f31188bff36f8fbff34f8ffee72de970
:102224007f431b4d804628682bf09df8002481468f
:102234002646a14509d836bb3246414614482af001
:1022440073fe01281fd0fff7e1ff002201a92846f1
:102254002bf05cf801280dd1019ad8f8003001a9bf
:102264009a4208bf01262846002201342af05cfe67
:10227400e4b2dee74ff0200383f31188bff36f8fde
:10228400bff34f8ffee7012004b0bde8708300bfa9
:102294003cfd002010b5044688b108200ef0aafecb
:1022a40040b94ff0200383f31188bff36f8fbff35e
:1022b4004f8ffee7024b04601a694260186110bd3b
:1022c400ccfa002010b5044688b108200ef092fe26
:1022d40040b94ff0200383f31188bff36f8fbff32e
:1022e4004f8ffee7024b04601a684260186010bd0d
:1022f400c8fa002010b5044608200ef07bfe28b171
:10230400034b04805a6942605861012010bd00bf2c
:10231400ccfa002000f44063b3f5406f13b514d138
:102324006946fff74cff70b9002002b010bd009b56
:1023340033f81400fef702fe0134e4b2bdf80430b1
:10234400a342f4d8f0e70024f8e7fef7f7fdebe743
:10235400034b00229880181dda801a81da605ee748
:10236400ccfa0020054b5b690bb9184670471a88f4
:10237400824201d05b68f7e701207047ccfa002065
:102384007fb5184b184d5e6904464eb90120fef71f
:102394002dfe3146286818f0a5fb002004b070bd5e
:1023a400fef724fe24b10021286818f09bfbf4e713
:1023b40028682af0d8ff0646a642eed9002201a9d1
:1023c40028462af0a3ff012809d1bdf80400fff72d
:1023d400c9ff20b1002201a928462af0a5fd013435
:1023e400e4b2e9e7ccfa00203cfd00202de970417d
:1023f400dff848c0dff8488085b086460e460025e1
:102404006c46bcf80030ab4201d8002010e008eb69
:1024140005130fcb84e80f00bdf8003073450ad1d3
:10242400234603cb3060716003cbb060f1600120c0
:1024340005b0bde870810135e3e700bfccfa0020a8
:10244400ec0200011fb50446008800f44063b3f5b4
:10245400406f02d1002004b010bd6946fff7c6ffeb
:102464000028f7d0a28863881344bdf80220934261
:10247400f0dc2046fff7d3feede738b5044b1c69ca
:10248400054604b938bd2368284698476468f8e7c8
:10249400ccfa002030b585b0044669460088fff7c1
:1024a400a5ff002845d0bdf80230d3b1019bc3b1cc
:1024b400029bfbb92088fef7d9fd2588e0b9019a73
:1024c400bdf802102846fef7fffb10f0fd0f2dd0db
:1024d4004ff0200383f31188bff36f8fbff34f8f47
:1024e400fee74ff0200383f31188bff36f8fbff330
:1024f4004f8ffee79847dde7a2887ab1a3686bb1f6
:1025040061882846fef738fb80b14ff0200383f33f
:102514001188bff36f8fbff34f8ffee7019bbdf8a8
:10252400022000212846fef727fbede72088fff76d
:10253400a4ff05b030bd08b5024b18682af013ff9c
:10254400c0b208bd3cfd002030b5184d89b0002252
:1025540002a928462af0dafe012801d009b030bdcc
:10256400bdf8080000f44063b3f5406f19d1694623
:10257400fff725fe0028ead00024adf81640adf898
:1025840018400794bdf80430a342e0d9009b05a885
:1025940033f81430adf814300134fff77bffe4b2a4
:1025a400f0e702a8fff776ffd1e700bf3cfd00206b
:1025b40030b50446008800f44063b3f5406f85b03d
:1025c40003d10025284605b030bd6946fff70eff4c
:1025d40005460028f5d0a28863881344bdf802207c
:1025e4009342eedc2046fff755ffebe700f440632f
:1025f400b3f5406f37b518d16946fff7e0fd0546de
:1026040088b900250ce0009b33f81400fef72efd7a
:102614000028f6d00134e4b2bdf80430a342f2d865
:10262400284603b030bd0024f6e7fef71ffd05463b
:10263400f6e700f44063b3f5406f13b516d169466d
:10264400fff7bdfd80b9012002b010bd009b33f837
:102654001400fff750fd0028f6d00134e4b2bdf8b1
:102664000430a342f2d8eee70024f8e7fff743fd75
:10267400eae7038803f44063b3f5406f00d07ae5da
:04268400002070477b
:020000040000fa
:020000040100f9
:102688002de9f04fcf790468b74e4ff0340891b078
:1026980008fb0748049198f85db0d8f8785098f886
:1026a8005f901c22002109a82af008fe01970096d5
:1026b80001230222a121ec2011f0baf9bbf1070f86
:1026c80040f0958228461ef06bfd8246002840f0b7
:1026d8007d820b36009601230222a221ec2011f004
:1026e800a7f998f8893088f88aa00bb188f889a0ea
:1026f800002333e098f8850029f0acfe40f0020092
:102708008df828000df1290198f8850021f0b2ff15
:10271800ff23bbf1070f8df8363000f0c8804ff665
:10272800ff71002e40f0d980304617f097f9064621
:10273800002800f0d5808d4b009302220123a521ab
:10274800ec2011f075f9342303fb0747002397f8b1
:10275800892087f88a300ab187f8893084f82f30c1
:102768001f2011b0bde8f08fc2f3c0128df82f20e2
:1027780053f8060f0c909b88adf83430c8e708f181
:102788000203002118468df83e1003930ff016fe41
:102798000246002837d00378db0718d5342303fb1b
:1027a800074393f88160002e58d0079093f885006e
:1027b800069329f04ffe069b40f002008df8280092
:1027c8000df1290193f8850021f054ff079a137839
:1027d800990718d5342303fb074393f88320002a6d
:1027e80057d0a37b022b4dd1022103988df82f30af
:1027f8000ff0e4fd034600680c909b88adf8343078
:1028080001238df83e3098f8023008f1030803f0f0
:102818003f039844029b0133dbb20293029b059a63
:102828009342acdb002e40f0f981514b9b78da07dc
:1028380039d4504b009302220123a421ec2011f03b
:10284800f7f8342303fb074797f8893087f88a603d
:10285800002b3ff44daf87f8896049e798f80030be
:102868000690c3f38013012103988df828300ff0e8
:10287800a5fd0368cdf829308388adf82d3056467c
:10288800069aa4e703f0fd03012b0cbf03230023e2
:10289800aae793f884300bb1fe23a5e798f8003037
:1028a800c3f38013a0e7ff238df8283030e705f144
:1028b8000208002140460ff081fd00283ff42fafa9
:1028c80003781b077ff52baf032140460ff076fdf9
:1028d80001880b0b8df8363023e70df1290024e72a
:1028e800254b1b784b4505d2244b0093022201232c
:1028f800a621a3e7bbf1070f5fd105f10208014646
:1029080040460ff05bfd8246002856d00378d80673
:1029180040f1d280042140460ff050fd90b38378f7
:10292800c3f3421301338df83830837813f0c00fa6
:1029380043d003f0e003402b3fd0114b0093022219
:102948000123a721ec2011f073f8342303fb074778
:1029580097f8893087f88a60002b40f0b080002310
:1029680084f82f301e20fce6a3530001d453000145
:10297800d8fc0020c853000163fd0020ea53000181
:10298800fe530001ab78dff89c82cdf8008003f09d
:102998003f03019302220123fb21ec2011f048f8a8
:1029a8009af800308df8043008f1100300930222e1
:1029b8000123fc21ec2011f03bf8237c8df8373003
:1029c800049bbbf1070f1b788df83a307ad105f1db
:1029d8000208002140460ff0f1fcb9f1000f0ad0bf
:1029e80095f8028008f03f08a84408f1050800217e
:1029f80040460ff0e3fc0378590640f18180062138
:102a080040460ff0dbfc03781a0675d500228df8d6
:102a180039302946904688784b7800f03f00013bd2
:102a280001321b1ad2b258fa83f8914501f1030317
:102a38001ffa88f8034480f0848010b1ce78c6f37a
:102a48000016774b1b88434547d3ab78d4f82490be
:102a58009b09012b77d9022b3fd109a928461df0e4
:102a680013fb002009aa49468df82400adf83c0064
:102a78001bf0acf8637c012b2fd1b8f1000f2cd0e0
:102a8800bdf8263043f00803adf82630b8f1e50f5d
:102a980040f28980a8f1e50801231ffa88f88df82b
:102aa8002430e525494609aa28461bf08ff8a94491
:102ab800b8f1000fead110e08df838607de787f8ab
:102ac80089604ce77f238df83930342303fb0743b3
:102ad800d4f8248093f85e60a6b9342303fb074733
:102ae800002397f8892087f88a300ab187f8893057
:102af80084f82f30002034e6132b87d9142385e778
:102b08007f2383e7284609a91df0befa00208df827
:102b180024002b7803f00f03062b07d801209840d8
:102b280010f055001ebf68780638c0b208f10601db
:102b380009aa1bf04bf86b78013ef6b298440235af
:102b4800cae7194667e709a928461df09dfaab7838
:102b580013f0c00f05d13946204625f061fcadf8c9
:102b68003c00b8f1e50f11d9a8f1e50801231ffad7
:102b780088f88df82430e525494609aa28461bf02f
:102b880025f8a944b8f1000febd1a6e75ffa88f55c
:102b98002eb102238df824304ff00008ece78df8b1
:102ba8002460b046e8e75ffa88f52eb102238df875
:102bb80024304ff0000875e78df82460b04671e7bf
:102bc8009536009601230222a32187e54946284627
:102bd8001cf0e4f882460028f2d0b9f1000f14bfc7
:102be8000223012300260593a846029616e698f8c4
:102bf8008160002e7ff47ead2a78636ac2f380126a
:102c08008df828201a68cdf829209a88adf82d204b
:102c18002a7802f00f06012e3ff4a6ad012677e5cb
:082c280052fd00201a540001c6
:020000040000fa
:020000040100f9
:102c30002de9f04f8fb0b84b01900df1200a0df146
:102c4000280b0df130080025009307460c46164668
:102c5000012302220721ec20059510f0edfe0895d6
:102c6000caf804500a95cbf804500c95c8f80450e3
:102c70002af0fafc08b10c254ee0012f01d1002cfe
:102c800049d04ff000094c4509d1002f40f0968003
:102c900016f0d2fb002840f08f8007253ce09f4ac9
:102ca000062303fb09f31068f15c04302bf022f8d3
:102cb0000546002800f06b82012f02d009f10109be
:102cc000e1e790f80431012bd5d090f81431012bb5
:102cd000d1d090f87330a3f10a02012a15d8b0f8c8
:102ce0001031002bc7d095f8211029b906a828f07b
:102cf000bffe9df8183073b995f82130012b1bd118
:102d000095f86c30002b42d105e0062b0ed1b0f8bf
:102d10000031f52be7d91225814b00930195012352
:102d20000022ff21ec2010f087fe78e0072bdad19b
:102d3000b0f80031ef2bede7023b012b27d895f8d7
:102d400022109df8183061f300038df818302b46df
:102d5000002253f8231fcdf819109b888df81220fc
:102d60000df1120106a8adf81d3021f0e1f870b1a7
:102d700095f82130022b4ff0000217d111460df1ca
:102d8000130028f075fe9df81330002bc3d195f881
:102d90006031002b92d195f87330042b284608d867
:102da00009f018ff0546002888d0b5e7032beed1bf
:102db000a6e703f09bfcf5e717f00ef900253ee0cf
:102dc00029f09afe4af8250068bb002303930725e3
:102dd0004ff000094c454bd1039b13b1184617f037
:102de000fbf8002d98d1cde90c58002f40f09c80c5
:102df000dff828a1002c65d116f01efbdaf80030b0
:102e0000484f5c680590002c44d1059820b10368b8
:102e1000002b7ed02bf0b6f801202af01dfc2846ae
:102e20000fb0bde8f08f3d4a06236b431068f15c9c
:102e300004302af05fff90f8643153b90135a542a0
:102e4000bed116f0f9fa031e039314bf002507251f
:102e5000bee729f051fe81464bf8250016f0ecfa4a
:102e600048f82500b9f1000fafd00028e6d1ace753
:102e70005af8290008b12bf055f95bf8290008b180
:102e80002bf050f958f8290008b117f0a5f809f10e
:102e900001099fe7637df02b12d094f86061012e49
:102ea0000ed194f82e300222cde900730821ec20d7
:102eb000334610f0c1fd324605a920461cf0f8fc4f
:102ec0002468a0e716f0b8fa2f46059006237b4346
:102ed000daf80000f15c04302af00cff90f8609101
:102ee000b9f1010f80460fd190f82e3001930d4bb0
:102ef000009302220821ec204b4610f09dfd4a462b
:102f000005a940461cf0d4fc0137fbb29c42ddd839
:102f10007be717f061f87fe706900001b001002021
:102f20002e8f0001249000010121084619f04cfc6d
:102f3000dff894822f46bc4240f0a98004eb4404a1
:102f4000dff8849206eb440846453ff465afd9f8b4
:102f50000000317804302af0cdfe90f860a10446dc
:102f6000baf1000f6ed116f067fa94f82e30019383
:102f7000884b059000930746012302220821ec208c
:102f800010f05afd94f864312bb1834b84f864a19e
:102f90001b68204698474ff48073a4f88c3194f84e
:102fa000733013f1ff3318bf012384f88e310423eb
:102fb00084f88f31e36940f271225a43d4f8003229
:102fc000c4f8a421002b73d142f21073c4f8a831c5
:102fd0000123237484f8603129f08efda368c4f8be
:102fe000ec010362d4f8ec316c4a5a62d4f8ec314b
:102ff0006b4a9a62d4f8ec316a4ada62d4f8ec315e
:10300000694a1a63d4f8ec31684a5a630021d4f84b
:10301000ec010ef07df8d4f8ec2100231360d4f815
:10302000ec2179685160d4f8ec210a607a60c4f828
:10303000c431d4f800325e4ac4f8ac21002b51d11f
:10304000c4f8c8317388a4f87630327984f87520d2
:10305000002284f8742004f50e70002b40f08e805e
:1030600010f032fa059828b10368002b00f08c802c
:103070002af083ff059b33b11b6823b1d4f80032db
:103080000bb11ff0cdfc0023059306365ce7062349
:103090007b43d8f80000f15c04302af02bfe90f856
:1030a00060211ab990f873100cf0a4f9013742e7c7
:1030b00094f82c10d4f89031d4f8b00179b1a2f57d
:1030c000a5720344d31a5b08b3fbf1f342f210720a
:1030d0009342d4bfc4f8a831c4f8a82178e742f2db
:1030e0001073f3e7d4f890c1d4f8b03194f82c20e1
:1030f000d4f8a4110ceb0300002a3dd0a1f5a57370
:103100001b1a5b0801fb02c203f5a5731a440344b2
:10311000cb1ac4f8c421c4f8c83129f0edfca36867
:10312000c4f8f0010362d4f8f031224a5a62d4f8ac
:10313000f031214a9a62d4f8f031204ada62d4f8a8
:10314000f0311f4a1a63d4f8f0311e4a5a63d4e9a9
:103150007b231a640121d4f8f0010df0d9ffd4f8d3
:10316000f03100221a60d4f8f0317a685a60d4f84d
:10317000f03113607b6065e71346c3e742f21071dc
:1031800059430df0e1fb6de716f026ff72e742258b
:10319000c2e500bf2490000198fc0020b92601017f
:1031a00041e10201799302019173000161eb010198
:1031b0000001010441b9000145e10201d1b402015d
:0c31c00057a1020109e10201b00100204a
:020000040000fa
:020000040100f9
:1031cc00704770b5e9b101444ff6ff7348f20845fa
:1031dc0089b210f8014b082284ea030616f0010f9d
:1031ec004fea530302f1ff3214bf6b409bb212f053
:1031fc00ff024fea5404efd182b28a42e9d1db4399
:10320c0099b2084670bd10b51378ed2b144611d148
:10321c005378032b0ed1937853b1012b0ad1fff7be
:10322c00d0ff2279e37803eb02231b1a18bf01238a
:10323c00184610bd0123fbe7f0b503464078062283
:10324c00b0fbf2f102fb110212f0ff001fd1114e84
:10325c00114fdff848c0cdb20146a94200d1f0bdf4
:10326c00dc789a7893f804e002eb042202f18244b1
:10327c0004f59034013184f800e05c7994559c7924
:10328c00d455dc7902f80c40c9b20633e5e70120cd
:10329c00e5e700bf0120014102200141032001416b
:1032ac002de9f04343780622b3fbf2f602fb16320b
:1032bc0012f0ff0237d102391c4fdff874c0dff86f
:1032cc0074e0f6b203461546c9b2b54202d11046b7
:1032dc00bde8f083dc789878012900eb042080b2fb
:1032ec0012d800f1824404f5803893f8049088f8e1
:1032fc00009004f1011493f8058084f800809c7907
:10330c00c455dc7900f80c40a42808d1187900f0d9
:10331c001f00c40648bf60f01f008ef80000013586
:10332c00edb20633d1e70122d1e700bf0200014123
:10333c0003000141880000204078023818bf0120aa
:10334c0070474378042b05d1034bd0f802201a6048
:10335c0001221a710020704708fc0020f8b50f46b6
:10336c0004460026a1f10805a54202d84ff0ff340f
:10337c0006e02378ff2b13d1230703d144f07f44bd
:10338c002046f8bd24f003031c1da742eed95a6851
:10339c00013205d15b69013302d114f00c0fedd071
:1033ac002378012b0ad16378012b07d1a178621df8
:1033bc000a44e01cfff727ff0028e1d00eb1d3e749
:1033cc000434a542d0d923680133cdd0234613f859
:1033dc00012bef2a0bd16378002bf1d1a378ed2bc5
:1033ec00eed1e378032bebd107340126bce71c4666
:1033fc00e7e72de9f04785789df8206004460f46f5
:10340c009046994603354ff0010a2378434508bf8f
:10341c0089f800a02378092b47d010d8072b2ed081
:10342c0033d8022b24d00020a74226d96378023d42
:10343c00ed1a2db20233002d1c44e6dc1de00d2be1
:10344c0027d006d80a2beed131462046fff728ffad
:10345c0011e01a2b23d0552be5d1a4f50003a3f5cd
:10346c00c043b3f5776fded22046fff76aff02e068
:10347c002046fff761ff0128d6d1bde8f087002e6a
:10348c00d1d0204609f0d1fef5e7204609f08efe9a
:10349c00f1e7002ec7d0204609f0aefeebe7002e78
:1034ac00c1d0204609f0f4fee5e7002ebbd0204643
:1034bc00fff7c2fedfe72de9f7430f46904699462a
:1034cc0030b3164b1a7932b3186800f577660025bd
:1034dc000be04346cdf800903a463146fff789ffa2
:1034ec000546a07804f10a031844b0420cd23146c8
:1034fc00fff734ff10f07f4f0446ead0084b20f062
:10350c007f449c4208bf0125284603b0bde8f083e8
:10351c00044e0348dbe78525f6e700bf08fc0020d6
:10352c0000608000706f800013b5134614460a4685
:10353c0001460020fff7bfff054b1b7933b1234633
:10354c000df1070200210120fff7b5ff02b010bdfd
:10355c0008fc00202de9f0478678089d9df824a0f2
:10356c00894604461746984603360021237862782c
:10357c00ff2fdbb208d1013bdbb2fd2b2ed8288804
:10358c000232214640440ae0bb4227d1baf1000f77
:10359c00f5d0062f0cd1072a1cd1a11c404629f0ce
:1035ac000df82b889a1c637813442b80012115e0ad
:1035bc000b2f01d1042aefe70c2f01d1012aebe7e5
:1035cc00102f01d1182ae7e7152f01d1082ae3e7bc
:1035dc00182fefd02b8802331a442a806378023ece
:1035ec00f61a36b20233002e1c4401dd4c45bdd315
:1035fc00012914bf80200020bde8f0872de9ff478a
:10360c00074600241448154d154eadf80e4088465b
:10361c004ff001092946fff7a1fe10f07f4f8246bb
:10362c0013d10df10e030093cdf8049043463a46a6
:10363c002946fff78fff00289af802000af10a03c7
:10364c00184408bf0124b042e4d9012c14bf8020d7
:10365c00002004b0bde8f08700608000706f80002f
:10366c006f6f8000014608b50620fff7c7ffb0fa60
:10367c0080f0400908bd014608b51520fff7beffd4
:10368c00b0fa80f0400908bd024b93f9003003708a
:10369c00012070478800002013b5044601a90b20b7
:1036ac00fff7acff28b9bdf804302380012002b02d
:1036bc0010bd0020fbe713b5044601a90b20fff752
:1036cc009dff28b9bdf806302380012002b010bd43
:1036dc000020fbe713b504460df107010c20fff7a2
:1036ec008dff28b99df807302370012002b010bd62
:1036fc000020fbe7014b1879704700bf08fc002045
:10370c00014b1871704700bf08fc0020014b186872
:08371c00704700bf08fc00200b
:020000040000fa
:020000040100f9
:103724002de9f04f04468db008f032fc94f8803057
:10373400d4f84ca1039394f87b7094f87f300493ed
:103744000af142030193002f00f08e810af18403f1
:103754000093d4f80062d4f80c31356902932b68d5
:103764006ff302032b602b6894f82d2062f3c403db
:103774002b602b684ff0040b6bf3ca132b602b6880
:103784002a466bf3ce2342f8103bc04b1968521af9
:10379400296892b262f3de3129602a686ff3df721e
:1037a4002a60aa68012161f30102aa60aa6842eab8
:1037b4000b02aa60aa686ff3c802aa601a68696853
:1037c400aaeb020292b262f30f0169606a686ff3b6
:1037d4001f424ff000086a605146ad4a089207a89c
:1037e4000794adf824800ff095fc9af8012094f822
:1037f4003f1094f82d0024f0b4ff86f8088035615a
:10380400c6f814a0d4f8fc20d6f80090a6f82880b6
:10381400c6e90620c6e90888d9f81060326805238d
:1038240063f302023260326894f82d10974b61f30f
:10383400c402326032686bf3ca12326032686bf3ce
:10384400ce223260326868f3de3232601988d4f8ee
:10385400443172685b1a9bb263f30f027260d4f84e
:1038640040217368521a92b262f31f437360b368c3
:10387400022262f30103b360b36843ea0b03b3604b
:1038840006f11003b2685b1a9bb263f35822b2606c
:10389400b36868f35a63b36000f170050c2294f8be
:1038a4003f1094f82d0024f05cff4ff00503c9f895
:1038b400106089f80830d4f84431c9f81430d4f8c9
:1038c4004031a9f82880c9e90630c9e9085594f8b7
:1038d4003f10b1fa81f183460c22490994f82d0076
:1038e40024f03fff94f82d30022b00f0bf80032b0f
:1038f40000f0c080012b40f0c1800bf1a703a7307a
:1039040000eb050b1d44d9f80090d9f8106032681b
:10391400042363f302023260326894f82d1061f3d9
:10392400c4023260326863f3ca123260326863f3ed
:10393400ce223260002f00f0a380544a126806f1b0
:1039440010039b1a32689bb263f3de323260336831
:103954004e4a01996ff3df73336013887068c91a94
:1039640089b261f30f0070600299cb1a71689bb23f
:1039740063f31f417160b368022161f30103b36013
:10398400b36843f00403b360012307948df8223035
:103994000592002f7ed08df82130049b8df82430c1
:1039a40000238df823308df8253001990b2307a8c7
:1039b4008df820300ff0aefb9af8432094f83f10b6
:1039c40094f82d0024f0cdfe8046002f67d0b4f883
:1039d40010a1049baaeb030a1ffa8afa042389f8ac
:1039e4000830019bc9f81430029bc9f81060c9e97a
:1039f40006380023fa1a18bf012289f829209df8f5
:103a0400212089f82830c9e9085b6ab18df828308b
:103a140094f82d30013b8df82930494608f5a573fb
:103a24000aa80b9317f0eef89df82430029a1a4472
:103a3400134694f82d20022a33d0032a0cbf7c228b
:103a44007e2290447fb3e13545440bf1e10bd84429
:103a5400d9f8009067bb454534bfc4e96c85c4e917
:103a64006c580db0bde8f08f009772e60bf1a1031e
:103a7400a13045e70bf1a903a93041e7ab4642e782
:103a8400336867f3de33336061e700bf6c02002004
:103a94000a0001008df82170b4f810317ee7ba46af
:103aa4009ce78422cde7073545440bf1070bcee7ad
:103ab400d9f8106032686ff302023260326894f809
:103ac4002d1061f3c40232603268042161f3ca121a
:103ad40032603268013f61f3ce2217f0ff07326093
:103ae40000f088804c49096806f11002521a3168c6
:103af40092b262f3de31316032686ff3df723260aa
:103b0400b2686ff30102b260b26842f00402b260bc
:103b1400b2686ff3c802b260059a0099128870689f
:103b2400891a89b261f30f00706071689a1a92b2af
:103b340062f31f410122716007948df82220002f47
:103b44005dd08df82120039a8df824200d224ff0aa
:103b5400000b0099019307a88df820208df823b05d
:103b64008df825b00ff0d6fa009b94f83f105a78e0
:103b740094f82d0024f0f5fd019b0246002f43d05c
:103b84000399aaeb010a1ffa8afa0099c9f810608e
:103b9400c9e90513391c18bf012189f829109df8ba
:103ba400211089f808b0c9e90725c9f8248089f8e3
:103bb40028b089b194f82d10029301398df8291099
:103bc40002f5a5710b910aa8494601928df828b017
:103bd40017f018f8dde901239df824100b4400992f
:103be4004231009197b105f5a575154408f5a578fe
:103bf40090442de7326867f3de3232607ce78df85b
:103c040021708df824a0a1e7ba46bee770351544ab
:0c3c140008f17008ece700bf6c02002013
:020000040000fa
:020000040100f9
:103c20002de9f04fa3b0037e0193c14b0093012314
:103c30000691022219460546ec200ff0fdfe0023f6
:103c4000cde9093329f010fd064608b10c2425e121
:103c5000dff8ec922978d9f800006f8804302af058
:103c600049f8c846044630b9d9f800301b78012b12
:103c70000ed9072412e190f86031012be6d090f8bc
:103c80006131012b04d1ea7d90f82d301a42ddd04c
:103c900007f00703072b00f0498107f00a030a2bfe
:103ca00000f0448107f01603162b00f03f8117f057
:103cb000100b03d017f0600f40f03881d4b13846b4
:103cc00020f0c2ff012801d0042804d1d4f8fc2040
:103cd000002a40f02b8194f86121012a02d094f847
:103ce00064213ab10838c0b2012800f21f81bb0636
:103cf00000f11c81a946aa4639f8041fadf824102a
:103d00003af8071f99f802208df826209af8022029
:103d10008df82a20099aadf828108649203a8a425f
:103d200000f202810a9b0593a3f120028a4200f26d
:103d3000fb80aa7a0792002a00f0f680002c00f09f
:103d40000181b4f80081b8f1000f00f00981bbf1e6
:103d5000000f40f00581384620f076ff697d8df830
:103d60002e10e97d8df82f10079a8df82c00c7f3df
:103d70004011c7f380178df830108df831708df831
:103d80002db05b46594622fa03f0c00748bf013107
:103d900003f1010344bfc9b20126032bf3d10eb1d5
:103da0008df82d10424621460ba806f0f1fa94f842
:103db0007a3094f87b6007939a1918bf40f2011289
:103dc000adf83920092200278df838200da912aa54
:103dd0000ba88df83b70adf83c700d9404f014fc0a
:103de0009df83c209df848109df82e00c1f3050178
:103df00001320a44d2b2394624f0b5fc9df82d2098
:103e0000079b863000fb02f7bbb301230d948df8ae
:103e10003a30002e4cd08df8393094f87d308df842
:103e20003c3094f86131012b18bf94f864318df85f
:103e30003b300a2200238df838200da912aa0ba8c6
:103e40008df83d3004f0e0fb9df83c209df84810d3
:103e500094f82d00c1f3050101320a440023d2b2c7
:103e6000194624f080fc07f5e8779df83c30a8eb74
:103e7000030807441ffa88f8feb9059a40f2712337
:103e80005343bb426cd8cde901732b4b0093022204
:103e900001238421ec200ff0cffd4524274b009314
:103ea000019401230022ff21ec200ff0c5fdcfe09b
:103eb0008df839608df83c80b3e7013e16f0ff06bf
:103ec0004ff000038df83a301cbf01238df83930d4
:103ed0000d941cbf94f880308df83c304ff00d02eb
:103ee0004ff000038df838200da912aa0ba804bfcb
:103ef0008df839608df83c808df83b308df83d3081
:103f000004f082fb9df83c209df8481094f82d00a9
:103f1000c1f3050101320a440023d2b2194624f04c
:103f200022fc00f5e870a0e71124b7e71224b5e7fa
:103f3000968f0001e03f1f00b28f00012e8f00011d
:103f4000b0010020d8f80000f021043029f0d2fea2
:103f5000044628b912f030fc044600283ff489ae2c
:103f60006e88304620f070fe84f873002b786375fd
:103f7000b9f80030238399f80230a376baf80030fc
:103f8000a3839af80230a377ab7a84f82030eb7ad7
:103f900084f821302b7b84f822302b4653f80d2fe8
:103fa000c4f823209b88a4f827302b7e84f82e3079
:103fb0006b7d84f82b30eb7d84f82d3095f914302f
:103fc00084f82a30eb7c84f82930ab7d84f82c30df
:103fd0006b7e84f82f30c6f3401384f84230c6f36a
:103fe000801384f8403029f057fb002394f8201008
:103ff00084f83f0084f8f43021fa03f2d20748bf76
:1040000094f8f42003f1010344bf013284f8f42052
:10401000032bf1d1204694f82a3000f8303f2af0e3
:104020003df8069a94f930301370039694f82d30c9
:10403000029394f82b3001930222074b0093114610
:104040000123ec200ff0f8fc012029f005fb0024ef
:0c405000204623b0bde8f08fcc8f0001ab
:020000040000fa
:020000040100f9
:10405c002de9f04186b0b34b019006460093022245
:10406c0001231321ec200ff0e1fc012e09d9ae4ff6
:10407c003868f021043029f037fe044630b90c259d
:10408c000fe029f0f3fa0028f1d0f8e7002e40f009
:10409c005f8190f86031012b12d115f0c7f968b926
:1040ac000725a24b0093019501230022ff21ec2050
:1040bc000ff0bcfc284606b0bde8f08115f086ff79
:1040cc003868f021043029f00ffe0446032e00f26c
:1040dc000f81dfe816f04b005800b50014011e25c7
:1040ec005de1012e00f2658168e155b9294604a80d
:1040fc0027f0b8fc9df81030002b00f06a811225d7
:10410c00cfe7ab1e012b00f2648194f822209df8be
:10411c00103062f300038df8103023464ff0000886
:10412c0053f8232fcdf811209b888df80e800df1bc
:10413c000e0104a8adf815301ff0f4fe002800f0b5
:10414c004881022d40f03f8141460df10f0027f0d0
:10415c0089fc9df80f30cfe794f86031002bafd17c
:10416c0025f051fa054600289bd1a9e794f8602167
:10417c00012a03d1002120461bf094fb012029f0d9
:10418c005dfa002596e794f86051002df6d10121d7
:10419c00084618f013fb94f8731020460bf024f922
:1041ac004ff48073a4f88c3194f87330e269257461
:1041bc0013f1ff3318bf012384f88e31042384f8e4
:1041cc008f3103f26d235343c4f8a43142f21073c0
:1041dc00c4f8a831012384f8603128f087fcc4f8b6
:1041ec00ec0115f023f9d4f8ec31a2681a62d4f87a
:1041fc00ec314f4a5a62d4f8ec314e4a9a62d4f8f8
:10420c00ec314d4ada62d4f8ec314c4a1a63d4f8ea
:10421c00ec314b4a5a6306462946d4f8ec010cf0b3
:10422c0071ffd4f8ec311d60d4f8ec3172685a602f
:10423c00d4f8ec3113603046736029f098fe9de79a
:10424c0094f8731020460bf0cff8012384f86031fa
:10425c0000232374e56929f011fa4ff4c86358431d
:10426c00b0fbf5f0374d29f051fd27f0e7ff94f83e
:10427c0073202a7094f820206a7094f82920aa7070
:10428c00b4f82120a5f80320224652f8231fc5f8c4
:10429c0005109288a5f80920b4f800212ab1d4f8a9
:1042ac00fc1005f10c0028f089f9b4f81021b4f8d1
:1042bc000031eb7222b1d4f80c11234828f07ef9ae
:1042cc00b4f8103185f82b3094f8f43085f84b3075
:1042dc001ff000fe1df004fa18f02efaa3680493e8
:1042ec00e3680093042204ab184902201ef099fce9
:1042fc00002029f0a3f9002029f0a8f941e70123b7
:10430c0084f860310023237426f08afe08b127f06c
:10431c0095ff94f8731020460bf066f8dee71e2527
:10432c00bfe600bf3baa0101b0010020e7a90101d3
:10433c00b926010141e10201799302019173000157
:10434c0061eb010190ff0020bcff00200b0001007d
:10435c00032e7ff4c6ae404b1a7884f873209a78fb
:10436c0084f82920ff2284f82e201a46597852f816
:10437c00050f84f820109288a4f82720b3f80320a6
:10438c00c4f82300a4f8212093f84b3084f8f430bf
:10439c0000293ff4a4ae002b0cbf1e2500251ff0f6
:1043ac0071fd1bf0fbf816f06df8284310f0ff0fb1
:1043bc00b5d194f87330012b3ff461ae94f82150d1
:1043cc00012d7ff492ae204629f018f900283ff415
:1043dc0096ae94f86031002b3bd1204608f0f4fbec
:1043ec00054600287ff45dae012e3ff4b5ae0420e7
:1043fc001bf0a8fce06000283ff452ae012022f034
:10440c00abfd00283ff43bae032e7ff459ae124daa
:10441c00e87a48b111f028f9c4f8fc0020b1ea7a26
:10442c0005f10c0128f0caf895f82b00eb7aa4f8ea
:10443c00003148b111f018f9c4f80c0120b195f80d
:10444c002b20064928f0baf895f82b30a4f8103137
:10445c0036e6012ecbd133e690ff0020bcff0020c6
:020000040000fa
:020000040100f9
:10446c002de9f04f89b0d0f8483100930233019315
:10447c00d0f844310493d0f84031059308238df8db
:10448c001c3090f80031d0f8548106900446063365
:10449c00254600998df81d3006a80ff039fb4246d1
:1044ac0055f8333f42f8253bab88a8f8043002920c
:1044bc00b4f800212ab1d4f8fc1008f1060028f059
:1044cc007df805238df81c3094f810310199069471
:1044dc00063306a88df81d300ff01afb2b68c8f8b0
:1044ec002530029aab889380b4f810212ab1d4f805
:1044fc000c1108f12b0028f061f80025d4f8f871a4
:10450c002e4694f8f430b34202d809b0bde8f08fcf
:10451c00d7f81090dff8e0a2d9f800306ff302035f
:10452c00c9f80030d9f80020012363f3c402c9f89c
:10453c000020d9f800204ff0040b6bf3ca12c9f815
:10454c000020d9f800104a466bf3ce2142f8101b1c
:10455c00daf80010521ad9f8001092b262f3de3178
:10456c00c9f80010d9f8002000996ff3df72c9f870
:10457c000020baf80020d9f80400891a89b261f336
:10458c000f00c9f80400d9f80410a8eb020292b28b
:10459c0062f31f41c9f80410d9f8082063f3010233
:1045ac00c9f80820d9f8082042ea0b02c9f80820fb
:1045bc00009b94f83f105a7894f82b0024f0cdf817
:1045cc00c7f81090009bdaf8002004eb8609002154
:1045dc00c7e90705c7e90538397287f82810c9f803
:1045ec00c4703f682b183d690393aa1a92b2c9f89c
:1045fc0090202a68052060f302022a602a680123b1
:10460c0063f3c4022a602b686bf3ca132b602b680c
:10461c006bf3ce232b6094f8f430013b9e4240f0b8
:10462c00cc802b6861f3de332b60baf80020049b3e
:10463c0069689b1a9bb263f30f016960059b6968fb
:10464c009b1a9bb263f31f416960ab68022161f353
:10465c000103ab60ab6843f00403ab6005f11003de
:10466c009b1aaa689bb263f35822aa60ab686ff3db
:10467c005a63ab60252294f83f1094f82b0024f079
:10468c006cf805233b72049b7b61059b3d61c7e97c
:10469c00063000233b6287f82830c9f8d0502b68cd
:1046ac0004eb460ac3f3cf33aaf8e8300c2294f893
:1046bc003f1094f82b0024f050f8009b94f83f1016
:1046cc00da78054694f82b0024f047f8039b03f5a1
:1046dc00ce731d4428440eb9c4f8940194f8f41018
:1046ec004b1e9e4208bfc4f890010023f518a94246
:1046fc006edc039bd7f800b03f4adbf8107003f276
:10470c004d151368fb1a9bb2c9f884303968042321
:10471c0063f3020139603968012060f3c401396028
:10472c00396863f3ca113960396863f3ce21396093
:10473c0094f8f430013b9e4254d13b686ff3de3366
:10474c003b601388019a7968d21a92b262f30f0116
:10475c007960029ad31a7a689bb263f31f427a602b
:10476c00bb68022262f30103bb60bb6843f0040325
:10477c00bb60009b94f83f10da7894f82b0023f080
:10478c00ecff04238bf80830019bcbf81430029b10
:10479c00cbf81070cbe906300023cbf820308bf827
:1047ac002830c9f8dc703b68c3f3cf33aaf8ee307d
:1047bc000136dbf80070f6b2a3e6daf8002005f15a
:1047cc0020039b1a2a689bb263f3de322a602ce723
:1047dc0003eb43022a4404eb82020133c2f8a0002b
:1047ec00dbb283e7116807f110035b1a39689bb2df
:0c47fc0063f3de313960a4e76c0200209a
:020000040000fa
:020000040100f9
:104808002de9f04f89b0d0f8483100930233019375
:10481800d0f844310493d0f84031059300238df843
:104828001c3090f80031d0f85481069004460633c5
:10483800254600998df81d3006a80ff06bf9424601
:1048480055f8333f42f8253bab88a8f8043002926c
:10485800b4f800212ab1d4f8fc1008f1060027f0ba
:10486800affe05238df81c3094f810310199069499
:10487800063306a88df81d300ff04cf92b68c8f8e0
:104888002530029aab889380b4f810212ab1d4f865
:104898000c1108f12b0027f093fe0025d4f8f871cd
:1048a8002e4694f8f430b34202d809b0bde8f08f30
:1048b800d7f81090dff8cca2d9f800306ff30203d4
:1048c800c9f80030d9f80020012363f3c402c9f8fd
:1048d8000020d9f800204ff0040b6bf3ca12c9f876
:1048e8000020d9f800104a466bf3ce2142f8101b7d
:1048f800daf80010521ad9f8001092b262f3de31d9
:10490800c9f80010d9f8002000996ff3df72c9f8d0
:104918000020baf80020d9f80400891a89b261f396
:104928000f00c9f80400d9f80410a8eb020292b2eb
:1049380062f31f41c9f80410d9f8082063f3010293
:10494800c9f80820d9f8082042ea0b02c9f808205b
:10495800009b94f83f105a7894f82b0023f0fffe40
:10496800c7f81090009bdaf8002004eb86090021b4
:10497800c7e90705c7e90538397287f82810c9f863
:10498800c4703f682b183d690393aa1a92b2c9f8fc
:1049980090202a68052060f302022a602a68012311
:1049a80063f3c4022a602b686bf3ca132b602b686d
:1049b8006bf3ce232b6094f8f430013b9e4240f019
:1049c800c2802b6861f3de332b60baf80020049ba9
:1049d80069689b1a9bb263f30f016960059b69685c
:1049e8009b1a9bb263f31f416960ab68022161f3b4
:1049f8000103ab60ab6843f00403ab6005f110033f
:104a08009b1aaa689bb263f35822aa60ab6861f349
:104a18005a63ab60252294f83f1094f82b0023f0da
:104a28009efe05233b72049b7b61059b3d61c7e9a4
:104a3800063000233b6287f82830c9f8d0502b682d
:104a480004eb460ac3f3cf33aaf8e830222294f8dd
:104a58003f1094f82b0023f082fe039b03f23713d8
:104a680018440eb9c4f8940194f8f4104b1e9e42f1
:104a780008bfc4f890010023f518a9426edc039b17
:104a8800d7f800b03f4adbf8107003f24d151368f1
:104a9800fb1a9bb2c9f884303968042363f3020116
:104aa80039603968012060f3c4013960396863f3fb
:104ab800ca113960396863f3ce21396094f8f4304b
:104ac800013b9e4254d13b686ff3de333b60138851
:104ad800019a7968d21a92b262f30f017960029a48
:104ae800d31a7a689bb263f31f427a60bb680222ca
:104af80062f30103bb60bb6843f00403bb60009b27
:104b080094f83f10da7894f82b0023f028fe042359
:104b18008bf80830019bcbf81430029bcbf810704f
:104b2800cbe906300023cbf820308bf82830c9f8c1
:104b3800dc703b68c3f3cf33aaf8ee300136dbf8fc
:104b48000070f6b2ade6daf8002005f120039b1af2
:104b58002a689bb263f3de322a6036e703eb43022e
:104b68002a4404eb82020133c2f8a000dbb283e7d7
:104b7800116807f110035b1a39689bb263f3de31e1
:084b88003960a4e76c02002073
:020000040000fa
:020000040100f9
:104b9000434d443a52644c6f63616c537570704678
:104ba00065617475726500434d443a536574526192
:104bb0006e64416464722c616464723d30782530a7
:104bc00032782530327825303278253032782530e9
:104bd00032782530327800434d443a5264574c5372
:104be000697a6500434d443a536574486f73744362
:104bf00068616e6e656c436c617373004552523a26
:104c00005374617475733d3078257800434d443a90
:104c100047656e52616e6400434d443a4c65456e83
:104c2000637279707400434d443a5264524c536934
:104c30007a6500434d443a52656164547850777206
:104c400000434d443a526561645246506174684372
:104c50006f6d70656e736174696f6e00434d443a99
:104c60005772697465524650617468436f6d706520
:104c70006e736174696f6e2c54783d25642c527884
:104c80003d256400434d443a536574486f73744640
:104c9000656174757265004552523a73746174753a
:104ca000733d256400434d443a536574436f6e6e03
:104cb0005478506f7765725072657365742c7365a4
:104cc0006c5077723d256400434d443a53657441fe
:104cd00064765478506f7765725072657365742c82
:104ce00073656c5077723d256400434d443a5365bb
:104cf0007450434c5072657365742c55703d256437
:104d00002c4c6f773d25642c737465703d256400d1
:104d1000434d443a5264416476412c68646c3d25ad
:104d20006400434d443a536574525041544f2c54df
:104d30004f3d256400434d443a436c72574c004349
:104d40004d443a416464574c2c616464723d307840
:104d50002530327825303278253032782530327857
:104d6000253032782530327800434d443a526d5721
:104d70004c2c616464723d307825303278253032b5
:104d80007825303278253032782530327825303227
:104d90007800434d443a416464524c2c616464721f
:104da0003d307825303278253032782530327825fc
:104db000303278253032782530327800434d443a0d
:104dc000526d524c2c616464723d307825303278db
:104dd00025303278253032782530327825303278d7
:104de0002530327800434d443a436c72524c0043b4
:104df0004d443a5264506565725250412c6164646e
:104e0000723d30782530327825303278253032784e
:104e100025303278253032782530327800434d44c1
:104e20003a52644c6f63616c5250412c61646472fd
:104e30003d3078253032782530327825303278256b
:104e4000303278253032782530327800434d443a7c
:104e500053657441646472526573456e61626c653a
:104e60002c656e61626c653d256400434d443a5388
:104e70006574507269766163794d6f64652c616405
:104e800064723d30782530327825303278253032e2
:104e9000782530327825303278253032782c6d6f95
:104ea00064653d256400434d443a5365744164761e
:104eb000436f64696e67536368656d652c63733d0a
:104ec000256400456363446f6e6500434d443a4773
:104ed000656e5075624b6579436d6400434d443a8d
:0c4ee00047656e44684b6579436d6400c3
:020000040000fa
:020000040100f9
:104eec00f7b5046800260546adf8006020f0befc5e
:104efc00267525f0b3fb236eda0505d518f0d8ff1f
:104f0c0017f010fbaff30080b4f898300133a4f81d
:104f1c00983094f86430012b64d1236edb0105d5f5
:104f2c00d4f87831198fd86b26f09af9d4f88831e7
:104f3c00df0109d5204624f041f928b1d4f87831a5
:104f4c00198fd86b26f08cf9206ee36e10f0007779
:104f5c0000f0c3809b0040334ff6fc711940d4f82d
:104f6c007801276fa66f24f0f9f8d4e91b2140f2e1
:104f7c0072234b4303eb42032033e3670023636745
:104f8c00013ed4f87831f61b1e6694f86430012b80
:104f9c0028d1e3681bb9236e23f480532366236e58
:104fac0013f4505f00f0f48018021bd514f03efa95
:104fbc00226e031e22f4000214bf00210721226678
:104fcc0081b9d4f878211160d4f8782159685160ee
:104fdc00d4f878210a605a601b68002b00f00b8112
:104fec0025f02cfc20f042fc236e23f03c5323f4e0
:104ffc004c632366d4f8883123f08073c4f888316d
:10500c0025f02cfb236e9b0715d520f02ffc236e6f
:10501c0023f0020343f00403236625f01ffbd4f8ae
:10502c007821a36d126e1344a365284627f01efa4f
:10503c000123c4f87c31236e9f0214d520f016fc9a
:10504c00236e23f40013236625f008fb20461ff083
:10505c0045f9d4f87831c2b25a61d4f878314000ad
:10506c0000f4ff705866236e9e0540f1c780b4f8bb
:10507c004c30002b00f0d280b4f80a33002b00f037
:10508c00cd80013ba4f80a33002384f89c3120f036
:10509c00edfb236eda0554bf23f4844323f48643db
:1050ac00236625f0dbfa94f89d304bb101ab04225a
:1050bc005c49019501201bf0f1fb002384f89d3025
:1050cc0094f89e32d4f8780143f0400384f89e3271
:1050dc00694629f01ff803b0f0bd10f0010035d07f
:1050ec00e66f226f203640f2722106eb430601fb7d
:1050fc000266617d59b10322b1fbf2f202eb42026e
:10510c008a1a12f0ff0f04bf06f272260746b6f594
:10511c00004fbff43aafb4f84a1040f271224a4340
:10512c00963a9642bff431af9b0040334ff6fc7178
:10513c001940d4f8780124f011f8d4f87821e667f6
:10514c00136e216f5b1adb1b13661ee7626fd4f8bc
:10515c0078019b0003f598734ff6fc71022a01ea63
:10516c00030194bf0026012623f0f8ffe26fe16ee5
:10517c00236f7a32334402eb410240f2722101fb7d
:10518c000322d4f87811e2670a6ed31a0b66fce698
:10519c0099067ff527afe27d012a7ff423afb4f89f
:1051ac004c20002a3ff41eaf1a023ff51baf14f03f
:1051bc003df9226e031e42f40002226618bf002144
:1051cc00b4f84c20a4f80a2308bf072100297ff467
:1051dc0009afd4f878211160d4f87821596851605e
:1051ec00d4f878210a605a601b6823b1b4f84c10cb
:1051fc0026f0f8fcf6e614f0e9fef3e658040dd5bb
:10520c00190405d5204623f0c1ff8df800003be7bb
:10521c00d4f878319b7a8df8003035e7204628f0a9
:08522c007dfbf2e7a204010181
:020000040000fa
:020000040100f9
:1052340053434e3a636c72526571436228736563db
:105244002e292c7469643d256400434d443a53650a
:105254007445787453636e506172616d2c70687913
:10526400733d25642c66703d25640053434e3a31ea
:105274004d2c747970653d25642c696e74766c3d93
:10528400307825782c77696e3d3078257800534343
:105294004e3a436f6465642c747970653d25642cc3
:1052a400696e74766c3d307825782c77696e3d3064
:1052b400782578004552523a7374617475733d25ac
:1052c400640053434e3a656e61626c6520314d2033
:1052d40053434e2c6572726f72436f64653d25644f
:1052e4000053434e3a656e61626c6520436f64659a
:1052f400642053434e2c6572726f72436f64653d34
:1053040025640053434e3a64697361626c652031cd
:105314004d2053434e2c6572726f72436f64653d2a
:1053240025640053434e3a64697361626c6520439b
:105334006f6465642053434e2c6572726f72436fc1
:1053440064653d2564004552522161757450747240
:10535400206e6f742076616c69640053434e3a6129
:1053640075784f66667365743d256c752c2063688b
:105374004964783d25642c206175785068793d2511
:10538400640053434e3a636c6b55313d3078256c61
:10539400782c20636c6b55323d3078256c78005343
:1053a400434e3a7469643d2564005741524e3a4570
:1053b400787448644c656e204e6f74204d6174633c
:1053c400686564005741524e3a6e6f4164647200de
:1053d40053434e3a736b6970527074286361636807
:1053e4006548697429005741524e3a546f6f4d61b4
:1053f4006e79536563506b74730053434e3a736b09
:1054040069705270742861757850687920696e7675
:10541400616c696429004552523a45787448644c79
:10542400656e3d2564004552523a457874466c6772
:105434003d2564005741524e3a6164694e6f744190
:105444006c69676e65640053434e3a445453746107
:1054540072742831292c6475723d25640053434ebf
:105464003a445453746f702831290053434e3a44dc
:105474005453746172742832292c6475723d256406
:105484000053434e3a445453746f702832290053e6
:10549400434e3a445453746f702833290053434e97
:1054a4003a445453746172742833292c6475723de0
:1054b40025640053434e3a7363616e544f00534363
:1054c4004e3a445453746172742834292c647572ae
:1054d4003d25640053434e3a50545374617274280a
:1054e40031290053434e3a505453746f7028312974
:1054f4000053434e3a505453746f7028322900437a
:105504004d443a53657445787453636e456e6162d5
:105514006c652c656e61626c653d25640053434e79
:105524003a505453746172742832290053434e3aea
:10553400505453746172742833290053434e3a50c3
:105544005453746172742834292c5054636e743d1e
:03555400256400cb
:020000040000fa
:020000040100f9
:105558002de9f04f054689b006f018fd95f87a2038
:1055680095f8803095f87b600093002a00f0b680ab
:10557800d5f84c31002e00f0b38003f14209d5f87c
:10558800fc80002a00f06581d5f800b295f87d709e
:10559800dbf81040b14822686ff3020222602268eb
:1055a80095f82d1061f3c40222602268042161f38a
:1055b800ca122260226861f3ce222260002e00f017
:1055c8009180016804f11002521a216892b262f3c4
:1055d800de31216022686ff3df722260a2686ff308
:1055e8000102a260a26842f00402a260a2686ff3fe
:1055f800c802a26002886068991a89b261f30f0034
:1056080060606168a8eb020292b262f31f41012256
:10561800616003958df81220002e68d08df8112056
:105628008df8147095f861210193012a18bf95f837
:1056380064218df8132000228df8152019460a22be
:1056480003a88df810200df063fd019b002e55d0a6
:10565800b5f80021d71bbfb25a7895f83f1095f8d6
:105668002d00019323f07bf8019bcbf8104000211b
:10567800cbe90538cbe907018bf8081095f86131bb
:10568800012b18bf95f864318bf82830331c18bfec
:1056980001238bf829309df81130824673b100231d
:1056a8008df8183095f82d30013b8df81930594692
:1056b80000f5a57306a8079315f0a2fa9df8143013
:1056c80098449df81130dbb10af5a57adbf800b0f3
:1056d800ceb9c5e96caa09b0bde8f08f134649e711
:1056e800b1464ce7226866f3de32226072e7b5f80d
:1056f80000218df811608df8142093e73746abe749
:105708000af1700ae2e7dbf8104022686ff3020240
:105718002260226895f82d1061f3c4022260226885
:10572800042161f3ca1222602268013e61f3ce228d
:1057380016f0ff06226049497cd0086804f110027f
:10574800121a206892b262f3de30206022686ff38a
:10575800df722260a2686ff30102a260a26842f0c1
:105768000402a260a2686ff3c802a2600a88606897
:10577800a9eb020189b261f30f0060606168a8ebd0
:10578800020292b262f31f410122616003958df813
:105798001220002e53d0009b8df811208df8143064
:1057a80000228df813208df8152049460d2203a8f4
:1057b8008df810200df0acfc9df81120002a43d084
:1057c800009bff1abfb299f8012095f83f1095f891
:1057d8002d0022f0c4ff00210246cbe9070a701a07
:1057e80018bf01208bf829009df81100cbf8104054
:1057f8008bf80810cbe905988bf8281078b18df84c
:10580800181095f82d10019201398df8191002f52c
:10581800a571079106a8594615f0f2f9019a9df865
:10582800141009f14209884486b10af5a57303ebff
:10583800020a4be7226866f3de32226086e78df8bb
:1058480011608df81470abe71746bce70af17003d6
:10585800ede79346924617463ae700bf6c020020f0
:020000040000fa
:020000040100f9
:105868002de9f04f8e78046899b00023012e059336
:1058780061d9022e66d094f82e30b94db1f8008067
:10588800cf780095cde90163022201238f21ec2016
:105898000ef0cef804eb86039621d3f8ec31d3f85a
:1058a800b0200292d3f8ac30019305f119030093ac
:1058b80002231a46ec200ef0bbf813f0b9fd059050
:1058c800002800f04b8105f132035ffa88f8009355
:1058d8000223cdf804801a469221ec200ef0a8f895
:1058e80018f0200f00f0db809e4e94f86c9133681e
:1058f8009b699847336804f26d1a09f001098346d9
:10590800db695146484698478046bbf1000f40f096
:10591800b980d0b1944b0093022201231821ec20c6
:105928000ef086f805980468002c00f0148128f021
:1059380025fb002003e094f8600100289bd119b0f2
:10594800bde8f08f94f86101f7e74ff44371052043
:1059580019f098fa80460028e4d0c4f88801056850
:10596800336828881b6a52464946984794f873302a
:10597800063b012b28d8012385f8a83094f873201a
:10598800072a07d80123934013f0130f30d113f0df
:10599800c00f25d1336885f8f872db6ed4f87c2106
:1059a800d4f8401140469847002f37d1012205a965
:1059b800204619f079ff227c0123a4f88031002abf
:1059c800b0d0a4f88631ade7d4f844311b789b06f3
:1059d80004d50e2026f026fc0028ccd10023cbe7e6
:1059e80094f82d30022b08d0032b09d0012bd1d1ec
:1059f80041f21113a5f86630cce741f21223f9e71a
:105a080094f83f3085f868302122012b85f866200c
:105a180014bf2322222285f86720bbe700212046f5
:105a280019f051fbb4f800313bb1d4f8fc0008b1cf
:105a380022f08afb0023c4f8fc30b4f810313bb1e3
:105a4800d4f80c0108b122f07ffb0023c4f80c3114
:105a5800002684f86061304621f080fa32462988b1
:105a6800204614f031fc2a8895f8a8308df81e30ad
:105a780041f21401adf81810adf81c2006a822f068
:105a8800b5fc4fe74e350095012302221721ec2083
:105a98000df0ceffb8f1000f3ff444af3ae718f02d
:105aa800400f09d0012205a9204619f0fdfe43f652
:105ab8000143a4f8803135e7237cbbb194f8752005
:105ac800a2b194f863318bb986b994f87430013374
:105ad800dbb29a4284f8743008d8012205a920461e
:105ae80019f0e2fe44f20133a4f8863194f87320e9
:105af800012a07d105a9204619f0d6fe43f601432d
:105b0800a4f88031002f3ff40daf0021204619f092
:105b1800dafab4f800313bb1d4f8fc0008b122f04d
:105b280013fb0023c4f8fc30b4f810313bb1d4f8af
:105b38000c0108b122f008fb0023c4f80c31002541
:105b480084f86051284621f009fa8623adf8183008
:105b58008df81c5092e714f03bfaeae60720eee6cf
:0c5b680015e90001ac01002053e9000128
:020000040000fa
:020000040100f9
:105b74000c4b13f0ff0f08d04ff0200383f3118870
:105b8400bff36f8fbff34f8ffee7074a934208d0ee
:105b94004ff0200383f31188bff36f8fbff34f8f50
:105ba400fee7704700c0070100c00701014b186001
:105bb400704700bf40fd002030b4184c1546184a09
:105bc4000c4404eb4030541e844208d24ff02003ae
:105bd40083f31188bff36f8fbff34f8ffee71c1859
:105be400a24208d24ff0200383f31188bff36f8fd2
:105bf400bff34f8ffee71944b1f5005f08dd4ff0a6
:105c0400200383f31188bff36f8fbff34f8ffee739
:105c140001461a46284630bc26f0d4bc00c0070111
:105c240000000801f8b5304d0d4405eb403517462a
:105c34002a071c4608d04ff0200383f31188bff3d2
:105c44006f8fbff34f8ffee743b94ff0200383f309
:105c54001188bff36f8fbff34f8ffee7234b5a1e9c
:105c6400aa4208d24ff0200383f31188bff36f8f49
:105c7400bff34f8ffee76219934208d24ff020031f
:105c840083f31188bff36f8fbff34f8ffee7214477
:105c9400b1f5005f08dd4ff0200383f31188bff3f3
:105ca4006f8fbff34f8ffee7114b1b6803b198470b
:105cb40023071ebf24f00f0310339cb24ff6f0737a
:105cc4002340fe18ed1bbe4204d127f01bfc002824
:105cd400fbd1f8bd27f016fc0028fbd17919384612
:105ce40024f008fb1037eee700c0070100000801ac
:105cf40040fd002010b5124c124b04eb4034a3427b
:105d040014d327f0fffb0028fbd1204627f005ff22
:105d140004f5805427f0f6fb0028fbd1204627f039
:105d2400fcfe27f0effb0028fbd110bd4ff0200351
:105d340083f31188bff36f8fbff34f8ffee700bf6c
:105d440000c00701ffff070137b542b94ff0200338
:105d540083f31188bff36f8fbff34f8ffee71f4ca0
:105d64000c4404eb40341e48431ea34208d24ff0b7
:105d7400200383f31188bff36f8fbff34f8ffee7c8
:105d84001319984208d24ff0200383f31188bff30c
:105d94006f8fbff34f8ffee71144b1f5005f08dd4d
:105da4004ff0200383f31188bff36f8fbff34f8f3e
:105db400fee74ff0ff3201929db204220deb020187
:105dc400204626f0f1fb30b90434a3b29d42f4d14d
:105dd400012003b030bd0020fbe700bf00c0070175
:105de4000000080138b5154643b94ff0200383f38a
:105df4001188bff36f8fbff34f8ffee7184c194a1a
:105e04000c4404eb4030541e844208d24ff020036b
:105e140083f31188bff36f8fbff34f8ffee71c1816
:105e2400a24208d24ff0200383f31188bff36f8f8f
:105e3400bff34f8ffee7ca18b2f5005f08dd4ff0dd
:105e4400200383f31188bff36f8fbff34f8ffee7f7
:105e54001a46294626f0a8fbb0fa80f0400938bd5e
:085e640000c007010000080165
:020000040000fa
:020000040100f9
:105e6c002de9f04f8bb090f87c6090f88130029364
:105e7c00054690f87e80d0f850b1002e00f0a4803a
:105e8c000bf14209d5f80832d5f81c711c69dff802
:105e9c00b4a22268022161f302022260226895f802
:105eac002d1061f3c40222602268042161f3ca122e
:105ebc002260226861f3ce222260002e00f08680e0
:105ecc00daf8001004f11002521a216892b262f34f
:105edc00de312160a2686ff30102a260a26842f079
:105eec000402a260a2686ff3c802a260a2686ff3fa
:105efc00dd62a260baf800206068abeb020189b2e7
:105f0c0061f30f0060606168ba1a92b262f31f41cc
:105f1c000022616005958df81a20002e5bd00121be
:105f2c008df819108df81c808df81b2095f85d20cc
:105f3c008df81d2059460c2205a801938df81820c8
:105f4c000df0e4f8019b002e4cd0b5f82021a2eb0b
:105f5c0008081ffa88f89bf8012095f83f1095f86f
:105f6c002d00019322f0f9fb019b02210246d8611e
:105f7c009df81900197200211c61c3e905b719625b
:105f8c0080b18df8201095f82d10039201398df801
:105f9c00211002f5a571099108a8194614f02efede
:105fac00039a019b9df81cb007eb0b0101919df826
:105fbc001910c9b102f5a577d3f800b0beb9c5e97f
:105fcc0074770bb0bde8f08fb1465be7226866f3df
:105fdc00de3222607ee7b5f820118df819608df85d
:105fec001c10a1e7b046b6e702f17007e4e7dbf856
:105ffc0010402268022161f302022260226895f8a7
:10600c002d1061f3c40222602268042161f3ca12cc
:10601c0022602268013e61f3ce2216f0ff06226058
:10602c0000f08180daf8001004f11002521a216895
:10603c0092b262f3de312160a2686ff30102a260ba
:10604c00a26842f00402a260a2686ff3c802a260c8
:10605c00a2686ff3dd62a260baf800206068a9eb59
:10606c00020189b261f30f006060019b61689a1aaa
:10607c0092b262f31f410022616005958df81a20df
:10608c00002e55d00121029b8df819108df81c3073
:10609c008df81b208df81d2049460d2205a88df882
:1060ac0018200df033f89df81920002a45d0029bda
:1060bc00a8eb03081ffa88f899f8012095f83f100f
:1060cc0095f82d0022f049fb02218bf80810019b5a
:1060dc009df81910cbf810400246cbf81490cbe980
:1060ec000630cbf8207081b100218df8201095f886
:1060fc002d10039001398df8211000f5a57109912f
:10610c0008a8594614f07afd039a019b9df81c10bf
:10611c000b44019309f142098eb107f5a577174499
:10612c00dbf800b04ae7226866f3de32226083e7d0
:10613c008df819608df81c80aae79046bce7703783
:08614c00ede700bf6c0200202a
:020000040000fa
:020000040100f9
:106154002de9f04f89b00023074601930e4629b973
:106164004ff00008404609b0bde8f08fd0f84490e5
:106174004c6ca1458bbfb9fbf4f3b4fbf9f304fbfe
:10618400139309fb13438bb12146484626f0b7fa13
:10619400b0fbf9f3dbb2092b019304d9b0fbf4f0a3
:1061a400c0b20928dcd84ff0020801e04ff0010822
:1061b400fb7ad7f860b0356e726eb6f87010012baa
:1061c40002bffb6babeb0303c3f3160af37a18bfee
:1061d400da46012b08bff06bb6f8763004bf2d1aef
:1061e400c5f31605b8f1010f67d1aaeb0500460205
:1061f4001ed520468a4c0093cde9012123f0e0fd11
:106204002668dff820c2348976890299344440f242
:106214003916b4fbf6f4a5eb0a06e443044406ea93
:106224000c06b442dde900329cbf2d1a05ea0c05c8
:1062340040f2391cb3fbfcf47b6edff8e891b7f84d
:106244007660b6fbfcf62a44534402ea090203eae8
:1062540009030134013614441e44b1fbfcf2b7f8bf
:106264007000b0fbfcf00132013004ea090406ead4
:106274000906aa1aaaeb0000234602ea09023146db
:1062840000ea090027f0fff800283ff469af331b48
:106294005d024cbfa4eb0a0aa6eb0a0a0bf1030445
:1062a40097f84f300aea0909a144c9f3160443f0e8
:1062b40002033c6687f84f3054e75a48ac1840f262
:1062c400391c0440b3fbfcf3013323440340039320
:1062d400534bb1fbfcf101311b680093691a014077
:1062e40012234ff0000802910493c246019b5345c8
:1062f4007ff638af049b013b13f0ff0304933ff494
:106304002faf3b6e059309fb0af023f059fd059b63
:10631400b7f870101844434b40f2391200ea030beb
:10632400b1fbf2f1786e0131abeb01011940584435
:1063340006911840b7f87610b1fbf2f1013101442f
:106344001940a4eb0b0040020fd50098b0f80ac026
:10635400b0f808e00eeb0c00abeb040cb0fbf2f071
:106364000cea030c0130604535d3dde902230698bd
:1063740027f089f800284ed0009b009a1b89528987
:10638400059840f239111344264ab3fbf1f3013363
:1063940023441340a3eb0b03134000f1030b5b44b2
:1063a4003b66356eb6f87030746eb3fbf1f30133af
:1063b400eb1a13402c4402931440b6f87630b3fb26
:1063c400f1f10131214401ea020303934ff0000a81
:1063d4004ff001088ae7706c079123f0f1fc114b30
:1063e400746e05441d4040f23912b6f87000b0fbdb
:1063f400f2f00130281a2c4400ea03011c40b6f8dc
:106404007600b0fbf2f001302044029100ea03016f
:106414000391079995e70af1010a5ffa8afa65e799
:0864240070020020ffff7f0061
:020000040000fa
:020000040100f9
:10642c00434d443a436f6e6e5570646174652c48ed
:10643c00646c3d307825303478004552523a737490
:10644c00617475733d256400434d443a5265616433
:10645c0052656d6f746555736564466561747572cc
:10646c0065732c48646c3d3078257800434d443a74
:10647c0052656d7465436f6e6e50617261725265d8
:10648c00715265706c792c48646c3d3078257800bd
:10649c00434d443a52656d7465436f6e6e50617234
:1064ac00615265714e65675265706c792c48646ced
:1064bc003d3078253034782c726561736f6e3d25d4
:1064cc006400434d443a536574446174614c656e89
:1064dc006774682c48646c3d307825782c74784f40
:1064ec0063746574733d25642c747854696d653dd3
:1064fc00256400434d443a456e68616e6365645291
:10650c006561645478506f7765724c6576656c0084
:10651c004552523a5374617475733d307825780046
:10652c00434d443a5265616452656d6f746554789d
:10653c00506f7765724c6576656c00434d443a53e9
:10654c0065745478506f7765725265706f727469a8
:10655c006e67456e61626c652c48646c3d307825c5
:10656c00782c4c6f63616c3d25642c52656d6f7497
:10657c00653d256400434d443a536574506174681d
:10658c004c6f73735265706f7274696e6750617281
:10659c00616d2c48646c3d307825782c686967688f
:1065ac0054687265733d25642c6869676848797313
:1065bc00743d25642c6c6f7754687265733d25644b
:1065cc002c6c6f77487973743d25642c6d696e540f
:1065dc00696d653d256400434d443a5365745061c3
:1065ec0074684c6f73735265706f7274696e674523
:1065fc006e61626c652c48646c3d30782530347863
:10660c002c456e61626c653d256400434d443a44f3
:10661c006973636f6e6e6563742c48646c3d30787f
:10662c00253034782c726561736f6e3d2530326481
:10663c0000434d443a5265616452656d6f74655602
:10664c006572496e666f2c48646c3d307825303429
:10665c007800434d443a52656164417574685061e9
:10666c00796c6f616454696d656f75742c48646cda
:10667c003d3078253034782c74696d656f75743db8
:10668c00256400434d443a577269746541757468ca
:10669c005061796c6f616454696d656f75742c48c9
:1066ac00646c3d3078253034782c74696d656f7569
:1066bc00743d256400434d443a5365745068792cfd
:1066cc0048646c3d307825782c7478506879733d2b
:0d66dc0025642c7278506879733d256400a8
:020000040000fa
:020000040100f9
:0366e9003000007e
:020000040000fa
:020000040100f9
:1066ec002de9f04f002390f8735090f8202087b0dc
:1066fc000446984622fa03f1c90748bf08f101087d
:10670c0003f1010348bf5ffa88f8032bf2d1a5f11e
:10671c000803dbb2012b039300f29380b4f8002141
:10672c0094f82b308df8123094f82d308df81330fe
:10673c0094f842308df81430214694f840308df89e
:10674c00153004a88df8105003f01cfeab1f012b64
:10675c0040f28680039b012b7bd894f87a5094f8f6
:10676c007b301d44edb2042000eb08100ef07cffd2
:10677c0082b20746002a77d1824b0093fe21012377
:10678c00ec200df053f93b1d02932c2008fb00f07c
:10679c0027f0a2fc814608eb481040000ef064ff85
:1067ac00c4f84801002d63d0042000eb05100ef056
:1067bc005bff82b20646002a58d1724b0093fe2131
:1067cc000123ec200df032f906f1040a2c20684369
:1067dc0027f082fc834605eb451040000ef044ff89
:1067ec00039bc4f84c01012b40f2c98042200ef0ef
:1067fc003bffc4f84401ff200ef036ff029bc4f8a7
:10680c004001002b3ed1384621f09cfc304621f053
:10681c0099fcd4f8480121f095fcd4f84c0121f0f6
:10682c0091fcd4f8440121f08dfcd4f8400121f006
:10683c0089fc484627f052fc584627f04ffc0722ab
:10684c008ae0a5f10a03012b94bfb4f810210022b1
:10685c0066e70a3d012d05d894f87b50033581e796
:10686c00032580e700257ee702908ee78246ade7a0
:10687c00039b012b74d92e46ab46c4e73e46bb4660
:10688c00072253e0baf1000fbdd0d4f84821002afa
:10689c00b9d0d4f84c21002ab5d0d4f84421002a20
:1068ac00b1d00028afd0b9f1000facd0bbf1000fc4
:1068bc00a9d00022424502d1b5b900224ce0029b7e
:1068cc00c9f810300ab9c9f80c70494604f5fc70c7
:1068dc00039227f0edf8029b039a103301320293d6
:1068ec0009f12c09d2b2e5e70027cbf810a00fb9bb
:1068fc00cbf80c600137594604f50070ffb227f055
:10690c00d7f8bd420af1100a0bf12c0bedd1d4e7ec
:10691c00002dced00022002eb2d0d4f84c1100297c
:10692c00aed0bbf1000fabd0002ac2d038460292d9
:10693c0021f008fc304621f005fcd4f8480121f088
:10694c0001fcd4f84c0121f0fdfb484627f0c6fbb6
:10695c00584627f0c3fb029a104607b0bde8f08feb
:10696c00002f8bd02e46aa46ab46d4f8482112b144
:10697c00b9f1000fccd1002d82d00722cbe7002f2c
:08698c00f3d1fae7fb8f0001d3
:020000040000fa
:020000040100f9
:106994002de9f04f89b0d0f848310193d0f8443153
:1069a4000293d0f84031d0f854810393054640f661
:1069b400014306900199adf81c3006a80df0acf81f
:1069c4002b46002753f8332fc8f800209b88a8f8db
:1069d40004302b463e4653f8392fc8f806209b88ce
:1069e400a8f80a30d5f8f8412369049395f8f430ef
:1069f400b34202d809b0bde8f08fd4f810b0dff884
:106a04001c92dbf800306ff30203cbf80030dbf8a4
:106a14000030012060f3c403cbf80030dbf8003011
:106a24004ff0040a6af3ca13cbf80030dbf80020f5
:106a34005b466af3ce2243f8102bd9f800209b1a48
:106a4400dbf800209bb263f3de32cbf80020dbf8e6
:106a54000030019a6ff3df73cbf80030b9f80030df
:106a6400dbf80410d21a92b262f30f01cbf80410cf
:106a7400dbf80420a8eb03039bb263f31f42cbf8bb
:106a84000420dbf8083060f30103cbf80830dbf8ae
:106a9400083043ea0a03cbf80830019b95f83f100d
:106aa4005a7895f82b0021f05cfe019bc4f810b0d5
:106ab40005eb860b0022c4e90707c4e905382272f6
:106ac40084f82820cbf8c44023681c692168074453
:106ad400052060f3020121602168012060f3c401f4
:106ae400216021686af3ca11216021686af3ce210a
:106af400216095f8f41001398e427dd195f8731018
:106b0400814204d1d9f8002004998a1a92b22168ea
:106b140062f3de312160b9f800200593029b6068be
:106b2400991a89b261f30f006060039b61689a1a35
:106b340092b262f31f416160a268022161f3010213
:106b4400a260a26842f00402a260a2686ff3582215
:106b5400a260a268012161f35a62a26095f83f1015
:106b640095f82b00222221f0fcfd059b05221a72c8
:106b7400029a5a61039a1c61c3e9062000221a6230
:106b840083f82820cbf8d040216805eb4604c1f3f4
:106b9400cf31a4f8e810cbf8dc20a4f8ee2007f2fb
:106ba400371210440eb9c5f8940195f8f440621eea
:106bb400964208d195f87320012a06bf164ac5f8f3
:106bc4009021c5f89001002206eb020c644519dc03
:106bd40095f87320012a07f24d1709d1252295f85b
:106be4003f1095f82b00059321f0bbfd059b07444e
:106bf40001361c68f6b2f9e6d9f8001004f1100267
:106c0400521a83e702eb4201614405eb8101013230
:106c1400c1f8a000d2b2d7e7008813006c020020ac
:020000040000fa
:020000040100f9
:106c24002de9f84f9f4e9046336800f1a6020d46b9
:106c340053f822203ab192f84d20022a03d1bde83c
:106c4400f84f25f0eab9002840f08f8093f8943289
:106c54007bb1dff854820c27336803ebc703d3f806
:106c6400c43143b9336893f8943213b117f1ff3741
:106c7400f2d2bde8f88f9c68d3f80090637ad8f814
:106c84000020012b13684fd143f002031360a37b50
:106c94005bb1d8f80020136823f0040313605dbbd4
:106ca4002046bde8f84f04f07dbd236ca3421bd100
:106cb400204615f0a3faa37b002bead1d8f80020d4
:106cc400136843f004031360a36c33b194f8503099
:106cd400db07204622d516f011fb336893f8943273
:106ce400002bc6d04b46bce794f85030da07e5d504
:106cf400204604f0bbffdee7ac42d1d095f84d301e
:106d0400012bcdd1284616f0f9faab6a13b1284607
:106d140022f035fd284611f019f9c1e716f0eefa14
:106d2400204611f013f9d8e743f480431360e36d70
:106d340033f47f430ad0204616f0e0faa36a13b175
:106d4400204622f01cfd204611f000f994f85c3036
:106d5400002bc2d1b4f85e30013b9bb2a4f85e3084
:106d6400002bbad101236372b7e793f89532002b55
:106d74003ff47faf0c27336803ebc703d3f82c32ff
:106d84004bb9336893f89532002b3ff472af17f187
:106d9400ff37f0d26de79c68d3f80090637a012b3b
:106da4005ad194f84f30580714d4dff8fca0daf81d
:106db4000020536843f002035360236ca342d3467c
:106dc40012d1a36c0bb1637f53b9414620460df039
:106dd400c7ff09e026f002ff0028e6d04b46cfe7c4
:106de40094f85030d907f0d4a37bc3b1dbf800206a
:106df400536823f004035360002d3ff451afa542c0
:106e04003ff44eaf95f84d30012b7ff449af95f820
:106e14005030da077ff576af0023ab7340e7daf83a
:106e24000020536843f004035360a36c73b194f8d7
:106e34005030db070ad4204616f060faa36a13b177
:106e4400204622f09cfc204611f080f8336893f829
:106e54009532002bc2d10ce7134b1a68536843f4e4
:106e640080435360e36d33f47f430ad0204616f029
:106e740045faa36a13b1204622f081fc204611f0a2
:106e840065f894f85c30002be0d1b4f85e30002b48
:106e9400dcd0013b9bb2a4f85e30002bd6d1012399
:0c6ea4006372d3e774020020700200202b
:020000040000fa
:020000040100f9
:106eb0002de9f04f89b0944d0391002480460123c1
:106ec00002224421ec200095adf818408df81a40bc
:106ed000adf81440adf81c408df81e400cf0acfd30
:106ee000404602f0c7fc8146002840f0028198f835
:106ef000095015f001031ebf01228df818208df8ee
:106f0000142015f002001a461fbf01228df8192027
:106f10008df81d309a1815f004051fbf01218df85a
:106f20001a108df81e208df81510002b40f0d68019
:106f3000002800f0cd809df81d500026b24605ab1c
:106f4000f35c002b00f0b8804ff49a71022017f028
:106f50009dff6e4b046843f82640e060002e40f031
:106f6000c18001236376334698f80010217498f8a5
:106f70000110217698f8021061744146039a51f885
:106f8000030fc4f812008988e18202eb0313198809
:106f900061835b88a383994208d14ff6fb739942c2
:106fa00084bf0133a383a38b0333638304f11e07e0
:106fb0004ff0000b06ab5ffa8bf11bf80330002b90
:106fc00000f0958007ab1bf80330039a1bb202eb6d
:106fd00003130bf1010b988827f8020bd888b880af
:106fe00018897881588938829889f882db89bb832f
:106ff00020461cf0d8fbbbf1030fdbd1a18b40f284
:1070000071235943c4f8c8104ff47a71c4f8cc10f6
:10701000618b4b43c4f8dc303d4bc4f8c430842052
:107020000ef028fbc4f8b40025200ef023fb4ff02f
:1070300000030127a4f80b314ff40073a4f80e31bc
:10704000c4f8b000277284f8e6700e2025f0eef840
:10705000042184f8e70084f8c070384615f0b4fbca
:1070600025f04afdc4f8ec00baf1000f02d112f08d
:10707000e3f98246d4f8ec3026495962d4f8ec3072
:1070800025499962d4f8ec302449d962d4f8ec301f
:1070900023491963d4f8ec30e1681962d4f8ec3074
:1070a00000211960d4f8ec30daf804105960d4f8f3
:1070b000ec300b60caf8043096b15046002114f051
:1070c000edfa304626f0c8fa484609b0bde8f08f20
:1070d000002d3ff432af9df81e502ee700252ce71f
:1070e00001262ce703219df81e3061763ce72b46f4
:1070f0006be712350190009501232246ff21ec2019
:107100000cf09afce0e700bf50bb0201d8fb002066
:1071100000000103f943010131e10201df9702019f
:04712000599201017e
:020000040000fa
:020000040100f9
:107124002de9f04f8fb00025072906468df80b5046
:1071340001d0152942d10132a1f1050903a804a9fe
:1071440004921ffa89f925f0fffd04a90df10e0040
:1071540025f0fafd4a4604a90aa825f07bffbdf8ec
:107164000c40002c00f0f580bdf80e30a342c0f0b6
:10717400f480747ae00739d406ab01935ffa89f995
:1071840005ab00934a460aabbdf80e10bdf80c00df
:1071940014f0cafd0446002800f0e280059b308804
:1071a400da7b012111f035fa1ffa80f8b8f1000feb
:1071b4004cd0adf80c400024254604e0adf80c504a
:1071c4002c464ff004089df80b3063b9b8f1000f5a
:1071d40040f0d0802a462146304624f087ff10b183
:1071e400284626f0bfff0fb0bde8f08fb37ad90769
:1071f400c2d514f00c0f10d0002474724ff48270b6
:1072040026f06eff0028b7d01022027032888280e8
:107214008471042123f01afcaee75b4bb9f1020f31
:107224001b88adf81c3009d14a4607a90aa825f0e5
:10723400bbf918b944f0080474729de744f00404df
:10724400002574724ff012082c46bce7059b9a7b0c
:10725400920769d49df80b30002bacd1b08826f08e
:1072640030ff054600287fd0059b9b68b3f800b02b
:107274000bf1020a00f11003092104a81ffa8afa8b
:10728400049326f0e7fc5ffa8af104a826f0e2fcf6
:10729400214604a826f0e4fc059b9a6859681288e4
:1072a40004a825f0e1fe0bf1040b2746069ad189c8
:1072b4004ff6ff7291421ffa8bf484d0b28804eb2c
:1072c4000a0b93453ff77faf06ab781c019305abe0
:1072d40080b200934a460aabbdf80e10adf80c001c
:1072e40014f022fd0746002842d0059a917b8b07b3
:1072f4003ff569af91680988023151457ff463af66
:10730400d27b3088012111f084f900287ff45baf2f
:10731400394604a826f0a4fc05998a6849681288ad
:1073240004a825f0a1fec1e707933388adf8203007
:107334000df10b01082307a8adf82240adf8248015
:107344008df8263019f046f9002883d0444680464b
:1073540032e725464ff0010835e700252c46f9e7ca
:1073640005464ff00a082ee704464ff011082ae7b5
:10737400804628e75ffa88f3bdf80c2008213046e0
:0c73840012f0f4fc2fe700bfd65c010102
:020000040000fa
:020000040100f9
:107390002de9f043046893b0d4f8ec0126f0c2fe66
:1073a00094f865310025d907c4f8ec5144d523f091
:1073b000010384f8653104f50e700cf085f894f83b
:1073c0008031002b47d094f8812184f88051002a25
:1073d0003bd1d4f888311d688db12988204612f040
:1073e00077ff2a8895f8a830adf8042041f21401ff
:1073f0006846adf800108df8063020f0fbff94f8d9
:1074000086315bb1002384f88631754b94f887216f
:107410001b681b680abb2988204698470021204624
:1074200017f055fe002384f8603124f0f1fe18b9fe
:107430000121022015f0c8f994f865319a070fd49c
:107440000025284613b0bde8f0834ff6ff712046b3
:1074500012f03effd3e71d46d1e74ff6ff71dbe7a1
:1074600023f0020384f8653194f86031012be7d1f1
:107470005b4e33685b6893b994f87310204617f03d
:1074800035fb25f039fb814625f036fb804611f0af
:10749000d3ff0746b9f1000f07d107250fe02046bb
:1074a000984705460028e7d0cbe7b8f1000f4bd04e
:1074b000002814bf00250725484626f033feb8f102
:1074c000000f02d0404626f02dfe17b1384612f0cc
:1074d00083fd002db5d111f0afff074625f00cfb61
:1074e000a368c4f8ec010362d4f8ec313d4a5a6257
:1074f000d4f8ec313c4a9a62d4f8ec313b4ada6277
:10750000d4f8ec313a4a1a63d4f8ec31394a5a6368
:107510002946d4f8ec0109f0fbfdd4f8ec311d60ec
:10752000d4f8ec317a685a60d4f8ec3113607b609f
:10753000d4f8003253b9c4e971553b683846002b82
:107540004ad026f01afd7ce70725b5e7d4f890e18c
:10755000d4f8b03194f82cc0d4f8a4010eeb030198
:10756000bcf1000f27d101f2a2330ef2a232c01af1
:10757000c4f8c421c4f8c80125f0befaa368c4f851
:10758000f0010362d4e97b231a64336820465b6907
:1075900098470121d4f8f00109f0bafdd4f8f03190
:1075a00000221a60d4f8f0317a685a60d4f8f031c9
:1075b00013607b60c1e7a0f5a572521a520802f56c
:1075c000a57300fb0cec0ceb03020b44c31ac4f8cc
:1075d000c421c4f8c831cfe712f0fefc31e700bf88
:1075e000ac010020b926010141e1020179930201b9
:0875f0009173000161eb010140
:020000040000fa
:020000040100f9
:1075f8002de9ff4704680e7994f82d7047b13423bc
:1076080003fb0644002084f8890004b0bde8f08735
:10761800d1f80080042108f102000af0cffe0546e7
:1076280030b9342303fb064484f889001f20ece7b3
:1076380025f001fc70b17e4b00933a460123fa21f4
:10764800ec200cf0f5f9342303fb064484f8897028
:107658000020dae7342303fb06436e332a881a80b6
:10766800aa789a7095f90020ab786978002a03f017
:107678001f0741ea0727bcbf4ff4967017fb00f7b6
:107688002878a8bfc7eb071703f01f03a8bf7f0020
:1076980010f0400f41ea03210cbf4ff4fa7032207a
:1076a800002ab5bf4ff49673c1eb011111fb03f12a
:1076b800490024f035fe342303fb06435867db6d8d
:1076c80023f47f0323f47f43002b40f09680227c31
:1076d80098f80130022a00f09480032a00f095807f
:1076e8000533db0033224ff0340808fb0648a7f1c6
:1076f8007209a9eb0009a9eb0309b8f86630b8f8d4
:107708006400a9eb0209b8f862209b004ff6fc71ef
:10771800194042ea004026f0a3fc8246484625f07c
:10772800a0fb014650461df0cbfcab785b090393e8
:107738002b7803f03f03cde901733e4f0097814654
:1077480001230222a821ec2027370cf071f901232c
:107758000222a921cde901a90097ec200cf068f9d3
:1077680008f1680329789a7961f305029a71aa7871
:10777800197a520962f34711197221f046ff00285d
:107788007ff466af2c4aa0644ff47a73c4e90c23e3
:10779800c4f84090a363d8f88c301bb925f0a8f939
:1077a800c8f88c0011f044fe342202fb0646a1689a
:1077b800d6f88c201162d6f88c2020495162d6f870
:1077c8008c201f49d162d6f88c201e499162d6f8c8
:1077d8008c201d491163d6f88c2000251560d6f839
:1077e8008c1042684a60d6f88c101160d6f88c204c
:1077f8004260012110f0def92ae7aa785209013225
:1078080066e705339b001e226de7342202fb064221
:1078180092f86020012a09bf1b019b01563302f52b
:10782800c6721cbf03f2511340f28d125be700bf12
:107838004a5300015f53000101000003d9580101b8
:0c784800d1cb0201415d0201013d0201b3
:020000040000fa
:020000040100f9
:1078540070b5046894f86520132a054640d002d810
:10786400122a0ed070bd403a022afbd8102901d04a
:107874001229f7d1d4f878010021bde8704026f030
:107884004dbc112937d01bd81029ebd10026204636
:1078940084f82c6026f0bffb284624f0ebfb20463e
:1078a40025f0ecfa3146204601f0e6fd204625f0ad
:1078b40005fe284614f0e6fc132384f86530d1e76e
:1078c400122908d08129cdd1002281212846bde882
:1078d400704012f097bf2846bde870400ff0d4ba4c
:1078e400212900f0cc8016d81229f4d009d8102907
:1078f40046d01129b6d128460121bde870401ef0ba
:1079040086bf1629aed31729e5d92029aad1bde807
:10791400704019f049bf242900f0b18010d8222901
:1079240058d023299ed1204623f040f8284623f03e
:107934000cfa002896d12846bde8704020f05cbec1
:107944008129c1d0822900f0ac8025298ad11df07b
:1079540091ff236e23f04003236622f083fe284622
:107964001df064fc204621f0e5fb68b31df082ffa6
:10797400236e23f480332366bde8704022f072be88
:10798400494b002684f82c601a6866f39a621a60e0
:107994001a6866f359621a60204626f03cfb2846b2
:1079a40011f098fd284624f065fb20461cf036fbb8
:1079b4003146204601f060fd204625f07ffd284633
:1079c400bde8704014f05ebc1df054ff236e43f418
:1079d4008033d0e7236e13f0100203d0d4f8fc22d6
:1079e400812174e784f808231a0709d51df042ffa2
:1079f400236e23f4005323f00803236622f032fe9f
:107a0400d4e9bf21284606f009fd94f8ac31032bd4
:107a1400284626d1e37d23bb23f097f900287ff481
:107a240021af237d1bb994f8092302b1e3822846d0
:107a340020f0e2fd236e5b067ff514af00212046a3
:107a44001cf0c4fa80b11df015ff236e23f040032f
:107a5400236622f007fe2846fdf746fa0023e38258
:107a640000e723f02cffdce71df004ff236e23f472
:107a7400f81323f40063236622f0f4fdeee71df00f
:107a8400f9fe236e43f48063236622f0ebfd28465f
:107a940023f05bf900287ff4e5ae204622f086ff50
:0c7aa40049e7002213e700bf3034014125
:020000040000fa
:020000040100f9
:107ab0002de9f04f054687b004f06cfad5f8007256
:107ac000d5f84c613c69d5f8fc202368dff834a276
:107ad0006ff302032360236895f82d1061f3c4034c
:107ae000236023684ff0040969f3ca1323602168f7
:107af000234669f3ce2143f8101bdaf800105b1a15
:107b000021689bb263f3de31216023686ff3df737a
:107b10002360a3684ff0010b6bf30103a360a3681c
:107b200043ea0903a360a3686ff3c803a360baf82c
:107b300000306068f11a89b261f30f006060d31af7
:107b400062689bb263f31f4262604ff000086c4ba7
:107b5000019531460deb09008df80d800293b5f8c3
:107b600000318df80c300bf0d7fa727895f83f1091
:107b700095f82d0020f0f7fd3c617e6187f80880c4
:107b8000d5f8fc30c7f82080c7e90630a7f8288070
:107b90003f683c692268052363f302022260226881
:107ba00095f82d1061f3c4022260226869f3ca12ad
:107bb0002260226869f3ce222260226868f3de32f6
:107bc0002260d5f84411626800f17006baf800002e
:107bd000091a89b261f30f026260d5f84011626838
:107be000091a89b261f31f426260a268022161f33f
:107bf0000102a260a26842ea0902a26004f1100236
:107c0000a168121a92b262f35821a160a2686bf3c4
:107c10005a62a26095f83f1095f82d00222220f0bc
:107c2000a2fd05233c613b72d5f844317b61d5f858
:107c300040313e62c7e90630a7f8288095f82d301c
:107c4000022b53d0032b53d05b4501d1a730064400
:107c50003f683c6923684ff0040868f3020323601f
:107c6000236895f82d2062f3c4032360236868f32a
:107c7000ca132360236868f3ce23236023686ff35d
:107c8000de33236023686ff3df73236063686ff371
:107c90000f03636063686ff31f436360a36802228e
:107ca00062f30103a360a36843ea0803a3600e2202
:107cb00095f83f1095f82d0020f055fd0023c7e9f9
:107cc0000533c7e907063c6187f808803b8595f8ce
:107cd0002d30022b0ed0032b0fd0012b01d10644e7
:107ce0008536c5e96c6607b0bde8f08fa130aee718
:107cf000a930ace706448b36f3e706448336f0e759
:087d00000a0001006c020020e2
:020000040000fa
:020000040100f9
:107d080038b5046894f86520132a054645d002d88a
:107d1800122a0ed038bd403a022afbd8102901d0c9
:107d28001229f7d1d4f878010021bde8384026f0af
:107d3800f3b9112925d019d81029ebd1002384f8db
:107d48002c30204626f065f9284624f091f91323b3
:107d580084f8653094f866001df0aefa204625f0e8
:107d6800abfb2846bde8384014f0ceba12290fd034
:107d78008129cfd1002281212846bde8384012f060
:107d88003fbd01211ef041fd132384f86530c1e792
:107d98002846bde838400ff075b8212900f0ba80b0
:107da80030d81229f4d008d8102960d01129b1d1bf
:107db8000121bde838401ef028bd1629aad317298d
:107dc800e6d92029a6d1236e180616d51df050fd38
:107dd800d4f8883123f08073c4f8883122f040fc4d
:107de800204621f0edf9002894d01df041fd236ec6
:107df80043f08073236622f033fc2846bde8384000
:107e080019f0d0bc242900f085800ed8222949d049
:107e180023297ff47faf22f096ff00287ff47aaf02
:107e2800237d002b3ff476af6be08129a2d0822915
:107e380000f0878025297ff46daf1df0f5f92846fd
:107e480020f0d8fb236e5b067ff564af204621f057
:107e58006ff910b31df00cfd236e23f04003236669
:107e680022f0fefb2846bde8384020f0c3bb0021c5
:107e7800354b84f82c101a6861f39a621a60204610
:107e880026f0c7f8284611f023fb236e23f40003dd
:107e98002366284624f0ecf85ce72846bde838401d
:107ea80024f0e6b8236e13f0100203d0d4f8fc22b5
:107eb800812162e7190784f80823627509d51df046
:107ec800d7fc236e23f4005323f00803236622f023
:107ed800c7fbd4e9bf21284606f09efa236e5a064e
:107ee8000cd5002120461cf06ff838b11df0c0fcfd
:107ef800236e23f04003236622f0b2fb284623f0ca
:107f0800dcfc236e1b067ff505af2846bde838402c
:107f180023f05cba637d013363751df0a9fc236e01
:107f280023f0400343f48063236622f099fb28463c
:107f380022f009ff00287ff4edae204622f034fd40
:0c7f480090e7002219e700bf303401412f
:020000040000fa
:020000040100f9
:107f54002de9f04f8c4b89b01a78059380460f4673
:107f64001ab91f2009b0bde8f08f342303fb0103c5
:107f740002269c6f04f1020a002150460af020fafe
:107f8400c0b10378da0715d5342505fb078595f8c4
:107f94008130002b00f0968095f8850024f05cfa7f
:107fa40040f002008df819000df11a0195f88500d2
:107fb4001cf062fba378012e03f03f0304f10304d9
:107fc4001c447dd1342606fb07860021b46f02349d
:107fd40020460af0f5f90028c3d003781b07c0d562
:107fe400032120460af0ecf9038806a81b0b8df840
:107ff40018301ef0e3fe054606a817f0f3f9044610
:10800400b06f90f802b00bf03f0b052158440844c0
:108014000af0d6f9064608b123f0d2ff5b4b009371
:108024008246cde902400195012302227121ec2010
:108034000bf000fd002d94d1002c92d0baf1000f6a
:108044008fd012f0b7fa8146002800f08f803423d5
:1080540003fb07830421d3f878a00af102000af095
:10806400aff908b185786d097378347813f0200f6f
:1080740003f01f0344ea032416bf4ff49670c4ebc5
:10808400041414fb00f4da44304608bf640020f002
:10809400e3f9012d9af8043024d0002d6ad0022d82
:1080a40068d1342101fb078191f8601001290bbfcd
:1080b4001b019b01563303f2511340f28d1114e05e
:1080c400012657e723780121c3f3801350468df826
:1080d40019300af075f90368cdf81a308388adf8c1
:1080e4001e3067e705339b001e21723c241ae31af5
:1080f400581a24f0b8fe342101fb078301fb0787db
:10810400b3f86c304ff6fc719b0019400446b86e0e
:1081140025f0a8ff21461cf0d5ff06ab044603cb8f
:108124000135c9f81010c9f80c0089f83050c9f8a5
:108134002c40338aa9f8283006f1100109f11603fe
:1081440056f8040b43f8040b8e42f9d13188198098
:10815400022d13d0032d13d0012d04d1a22024f01d
:1081640082fec9f83400484602f0d0fa059b00208c
:108174001870f7e60533db003321b6e78d20eee710
:108184004ff4fe70ebe700bf67fd00205fa3000122
:020000040000fa
:020000040100f9
:1081940030b591ea030f00f18280841a71eb030c6d
:1081a40005d2121953eb0c03001b71eb0c0140f2c6
:1081b400000ccff6e07c1cea430f52d0bceb410f1d
:1081c4005fd90c0da4eb135e5ff0010c6cf31f512f
:1081d4006cf31f53def1200c2ad303fa0cf540197b
:1081e40041f1000122fa0ef5401923fa0ef5694116
:1081f40012fa0cf2cd0208d349085fea30005feab4
:10820400320228bf42f001020134013c5fea500c03
:1082140072f1004250f1000051eb04514ff400138d
:1082240013eb410f38bf30bd6ff31301002030bd95
:10823400bef1200ebef1200f1ed223fa0ef5401916
:1082440041f10001cef1200c124218bf012203fac1
:108254000cf52a43cee711ea5c0f04bf002000218d
:1082640030bd1cea410f04bf01f00041002030bdc5
:1082740001f00041002030bd21f4801101eb0451d4
:1082840030bd004218bf41f00101bceb410f08bff3
:1082940030bd4ff0fe4141f47801002030bd83f041
:1082a4000043841a71eb030e07d28ef0004e001bbc
:1082b40071eb0e01121953eb0e0340f2000ccff6d2
:1082c400e07c1cea430fc6d0bceb410f72d90c0d05
:1082d400a4eb135ec90241ea5051c00241f00041cf
:1082e400db0243ea5253d20243f00043def1200c96
:1082f40041d312fa0cf522fa0ef203fa0cf542ea13
:10830400050218bf42f0010223fa0ef3801a9941c4
:10831400e30ac4f30a0411f0404f03d418d0013c1b
:1083240040004941013c23d44205c00a40ea41507f
:10833400c90a51eac3715fea500c72f1004250f16c
:10834400000051eb045130bd01002fd00020203c2f
:108354000029f9d0b1fa81fcdcf1200e11fa0cf1fc
:1083640030fa0ef510fa0cf02943a4eb0c04d9e70b
:108374000020d90730bdaef1200ebef1200f0dd282
:10838400cef1200c03fa0cf533fa0ef32a4318bf8e
:1083940043f00103c01a61f10001b9e721f0004183
:1083a400c00a40ea4150c90a01eb045130bd002023
:1083b400002130bd004218bf41f00101bceb410f68
:0e83c4007ff467afbceb430f3ff463af30bdf7
:020000040000fa
:020000040100f9
:0283d2007047f2
:020000040000fa
:020000040100f9
:1083d4002de9f04f05468fb00f460026bb5dab5527
:1083e4000136202efad13c464ff0000854f82c0fe9
:1083f400cdf82080616809abcde9068803c3a06885
:10840400e16803c306aa2069186011463346104682
:1084140021f0f3fe06aa83462946284621f0edfe04
:10842400ba4683445af8300fdaf8041009ab03c390
:10843400daf80800daf80c1006aa03c3334611462a
:108444001046cdf8348021f0d8fe5ffa8bfb8344cc
:1084540006aa2946284621f0d0fe3b465ffa8bfb4c
:10846400834453f8200f01935968cdf82c800df103
:108474001809a9e803003a469868c9f8000052f8b8
:10848400380f049251680cabcde9098806aa03c3de
:1084940033462946284621f0b0fe5ffa8bfb3a4664
:1084a4005844c3b252f8240f059351680292bb4654
:1084b40006ab03c39068c9f800005bf8340fdbf81f
:1084c400041009ab03c3dbf80800186003937b6b4b
:1084d4000c933b6a0d9306aa33462946284621f09d
:1084e4008cfe059b6168cdf82c801844c3b22068cb
:1084f400059306ab03c33b6aa0680c93bb6ac9f837
:1085040000000d9306aa334629462846cde909887a
:1085140021f01ef9059bdaf80410181ac4b2daf82f
:10852400000006ab03c3daf80800daf80c1003c342
:108534007b6a0c93fb6a0d9306aa334629462846a8
:10854400cde90a8821f004f9dbf80410019a241a11
:10855400dbf8000006ab03c3dbf808005168c9f878
:108564000000106809ab03c3039b906818603b6b61
:108574000d9306aa334629462846cdf8308021f0cb
:10858400e7f8049ae4b25168241a1068029a06ab18
:1085940003c310685168c9f8008009ab03c3039b87
:1085a400906818607b6b0d9306aa334629462846cb
:1085b400cdf8308021f0ccf8e4b2241a64b24445fa
:1085c4000f4e10db34b920222946304622f071fbcd
:1085d400012812d0202332462946284621f0b8f833
:1085e400241a64b2eee7202332462946284621f0b5
:1085f40004fe044464b2002cf5db0fb0bde8f08f38
:04860400f0fe002064
:020000040000fa
:020000040100f9
:108608002de9f0430e4685b014460d6800287dd14b
:1086180095f873308df8083095f82b308df80a30be
:1086280095f82d308df80b3095f842308df80c30d8
:108638000b790c2b0cbf95f84c3095f840308df821
:108648000d3001aa02a803f043fa2378012262f34d
:10865800050323709df8043013ea02081fbf22782f
:10866800072161f30502227013f0020e06d022786a
:10867800c2f30501063161f30502227013f0080107
:1086880006d02278c2f30500023060f3050222709a
:1086980013f0100c06d02278c2f30500033060f303
:1086a8000502227013f0200706d02278c2f30500d5
:1086b800123060f30502227013f0400007d02278d0
:1086c800c2f3050909f1010969f305022270727afa
:1086d8003ab12278c2f3050909f1090969f30502db
:1086e800227013f07b0f08d196f80990b9f1000faa
:1086f80003d1227869f3050222703279093a042af3
:108708001cd8dfe802f005050c0c0c0001aa9ae75a
:1087180095f87320a2f10809b9f1010f03d822785e
:108728006ff3871209e0a2f10609b9f1010f71d8b8
:1087380022784ff0010969f3871222706370237859
:1087480013f03f0318bf0123b8f1000f0bd05a1cd8
:10875800a846224458f8339fc2f80090b8f804801d
:10876800a2f804800633bef1000f0cd05a1cae46a6
:1087780022445ef8398fc2f80080bef804e0a2f8ff
:1087880004e00633dbb2f9b195f873200a3a012afe
:1087980094bfb5f81211b5f80211bdf80820c1f35d
:1087a8000b0161f30b02adf8082095f82e10c2f307
:1087b800072261f307128df80920e218bdf80810a6
:1087c800a2f801100233dbb2bcf1000f01d0033371
:1087d800dbb20fb11233dbb228b1e21895f83010d2
:1087e80051700133dbb2727a8ab15a1c22441c449c
:1087f80008236370282353702b4653f8621fc2f86e
:1088080002101b799371b5f86030a2f8073005b0f3
:10881800bde8f0830a3a012a90d822784ff002097d
:0288280089e7de
:020000040000fa
:020000040100f9
:02882a00fee767
:020000040000fa
:020000040100f9
:10882c002de9ff470478012c054600f0a0802cb1ff
:10883c00032c00f0e48004b0bde8f0878478002cb1
:10884c00f9d1794ed6f800a00af1100353f8247030
:10885c005ffa84f977bb882025f03efc04f104080c
:10886c004af82800336853f82800b0b188223946fa
:10887c0024f022fd3368a400234417211a69918047
:10888c001b6983f8029033681c440122236983f826
:10889c0085202369df6423691f65336853f82840fa
:1088ac0064b9624b0093002204239221ee200bf05a
:1088bc00bdf8c0e70134082cc8d1f2e7ab8823809f
:1088cc00aa79e378002a31d143f02103584fe370a1
:1088dc003a68d2f80080e37ab8f1000f29d19800f9
:1088ec0043b125f0f9fbe06020b13b6819684746bd
:1088fc0000293ad1b4f85c30a178216640f20142eb
:10890c0003f0f8031343a4f85c30b4f87430a16797
:10891c0003f0f8031a433368a4f87420db68002bc7
:10892c0089d0284604b0bde8f047184743f011033e
:10893c00cce798f810201344e372d8f80080cae70b
:10894c0088689b0030f822c0e06820f803c0e0681b
:10895c00034401325f80d2b2087c02eb08039042e0
:10896c00dbb2edd809689846c2e70022f4e74588e7
:10897c00284620f013fd064650b9cde901542d4b85
:10898c000093024604239321ee200bf04ff852e79c
:10899c00008825f0b7f860b34ff4827025f09cfb8b
:1089ac0040b11122027032888280b27a8271042125
:1089bc0022f048f84ff4827025f08efb0446c0b1cb
:1089cc00f07a800025f088fb054690b112232370c5
:1089dc0033882381f37aa3726060f27af168920093
:1089ec0023f0ecfd2046042122f02cf8284625f03b
:1089fc0075fbb07804b0bde8f04711f017bc0379f3
:108a0c00002b7ff418af4588284620f0c7fc02469f
:108a1c0028b9084b0093cde901540423b3e7012393
:108a2c0080f8843007e700bf10030020cebe0101a0
:088a3c0014030020e8be010153
:020000040000fa
:020000040100f9
:108a4400f0b581ea030e0ef0004e40f20007cff6b7
:108a5400e07717ea41051ebf95ea070f17ea4304ba
:108a640094ea070f00f0c5806d0da5eb545707f588
:108a740080674ff0004646eac12444ea5054c002dd
:108a840046eac32343ea5253d202801a9c4104d2d9
:108a94000018644180185c41013f5b084fea3202d0
:108aa4000025002140f001004ff0070604e0801a81
:108ab4009c4136d340416441801a9c4136d34041a5
:108ac4006441801a9c4136d340416441801a9c41e0
:108ad40036d340416441801a9c4136d340416441bd
:108ae400013e17d0801a9c4136d340416441801a1c
:108af4009c4136d340416441801a9c4136d3404165
:108b04006441090201eb156190ea052520f0ff009c
:108b14004540cce7801a9c4156d335e080185c412f
:108b2400c8d20018644180185c41c8d2001864415e
:108b340080185c41c8d20018644180185c41c8d2d6
:108b44000018644180185c41c8d200186441013e99
:108b540017d080185c41c8d20018644180185c4169
:108b6400c8d20018644180185c41c8d2001864411e
:108b7400090201eb156190ea052520f0ff0045404c
:108b8400cce780185c411fd3420918bf44f00104ac
:108b9400490101ebd56100f01f0000eb451021f401
:108ba400801141ea0e01013041f10001244208bf65
:108bb40020f00100b7f5006f3eda013f49dd01eb1b
:108bc4000751bde8f0407047490101ebd56100f061
:108bd4001f0000eb451021f4801141ea0e01b7f5a6
:108be400006f29da013f34dd01eb0751bde8f040a5
:108bf4007047004218bf41f00101124218bf43f010
:108c04000103b7eb410f2cbfb7eb430f1ce0b7ebed
:108c1400410f04bfb7eb430f16e017ea410f04bf3f
:108c240017ea430f10e017ea410f12d017ea430f77
:108c340002d0b7eb430f0cd04ef0fe4141f470016b
:108c44000020bde8f04070474ff0fe4141f4780148
:068c5400f6e77146f4e7ab
:020000040000fa
:020000040100f9
:028c5a00704761
:020000040000fa
:020000040100f9
:108c5c002de9f04fbbb0dff800a20692126801922a
:108c6c008a6e1344019a12fa83f9031f029300f1de
:108c7c002c038b4609930026029b53f8047f029326
:108c8c00002f63d07b6e0593fb7ad7f86080bbf81e
:108c9c007620b7f87040b7f87650012b04bffb6b09
:108cac00a8eb030840f23913b2fbf3f2b4fbf3f474
:108cbc0002f1010204f1010414440392b5fbf3f533
:108ccc00bbf87020b2fbf3f205f1010502f10102d1
:108cdc0015440492059a08bf08ea0a08424402eabd
:108cec000a021544ba6ca8eb040404ea0a0405ea67
:108cfc000a05002a60d13a6c97425dd1786c21f05c
:108d0c005bf840f2391308900793a4eb09035b025c
:108d1c000bd484ea090313ea0a0f06d0182e14d0d8
:108d2c00099b029a9342a7d110e04b46019a29461f
:108d3c00204624f0a4fbe0b13aab03ebc6030136aa
:108d4c00f6b2182e43e9304513d11826449b721ef7
:108d5c001e700aa8002121f05dfd00230a981a4616
:108d6c0044990978914237d8459a13703bb0bde8c5
:108d7c00f08f7b7f002bd1d0089bb7f87040b7f8f1
:108d8c0076509844079bb4fbf3f4039b01341c44ca
:108d9c00079bb5fbf3f5049b01351d44059b08eac5
:108dac000a08434403ea0a03a8eb04041d4404ea3a
:108dbc000a0405ea0a05a8e74b46019a294620460b
:108dcc0024f05dfb0028a9d03aab03ebc6030136b7
:108ddc0043e93045f6b2a1e75ab906990c68211a55
:108dec004d0206d5469901ebc301c1e900400133a0
:108dfc00dbb24499097801398a4202f1010413da91
:108e0c003aa901ebc20151f8bc6c3aa901ebc401bf
:108e1c0051f8c05c711b490206d5469901ebc301a0
:108e2c00c1e900650133dbb24499097801398a4202
:108e3c000fd13aa901ebc20252f8bc1ca1eb0902fa
:108e4c00520206d5469a02ebc302c2e9001901335d
:0c8e5c00dbb2e2b284e700bfffff7f0042
:020000040000fa
:020000040100f9
:108e68004144563a486f7374204348432c43684d35
:108e780061703d253032785f253032785f25303299
:108e8800785f253032785f25303278004144563a91
:108e98004f4f4d28486f73742043684d61702055bb
:108ea80070646174652921004144563a4c4c204352
:108eb80048432c43684d61703d253032785f25303a
:108ec80032785f253032785f253032785f2530324e
:108ed80078004144563a4f4f4d284c4c2043684d3a
:108ee8006170205570646174652043684d61703d00
:108ef800253032785f253032785f253032785f252b
:108f08003032785f2530327800434d443a457874e2
:108f180053657452616e64416464722c68616e6456
:108f28006c653d2564004552523a737461747573db
:108f38003d256400434d443a526561644d61784172
:108f48006476446174614c656e00434d443a5265e1
:108f580061644e756d4f66537570416476536574e0
:108f68007300434d443a45787452656d6f76654198
:108f780064765365742c68616e646c653d25640085
:108f8800434d443a436c7241647653657400434dd3
:108f9800443a536574457874416476506172616de2
:108fa8002c73657449643d2564004144563a4578fc
:108fb800742c65767442773d25642c696e74766ce2
:108fc8003d2564004144563a7072695068793d30d5
:108fd80078253032782c7365635068793d30782570
:108fe8003032782c65767450726f703d3078253049
:108ff8003478004552523a4c313642307300434d72
:10900800443a536574457874416476456e61626c80
:10901800652c656e61626c653d2564004144563a75
:1090280073657449643d256400434d443a5365743f
:1090380045787441647644617461004144563a73da
:10904800657449643d25642c646174614c656e3daa
:10905800256400434d443a536574457874536361fd
:099068006e5273704461746100e2
:020000040000fa
:020000040100f9
:10907400f8b5784c23f00efd237b012b00f0d4804f
:10908400002b00f0cc80042b00f0d080237b012b3c
:1090940000f0d580002b00f0cb80042b00f0d380af
:1090a4006d4b1a686d4b1b68d21a6d4b196892b2de
:1090b400184662f31f41196050f8041f62f31f4100
:1090c40001601946d51c51f8086fadb265f31f460f
:1090d4000e601e68151dadb265f30f061e600668ae
:1090e40065f30f060660086802f2031292b262f397
:1090f4000f001a46086052f8181d41f0040111606f
:10910400116841f008011160116841f0010111601a
:109114001a4644f2291052f8181f60f30f01116027
:1091240011685048c7f2761111601a46552552f855
:109134000c1f41f4000111602178405c116860f358
:10914400154111601a464ff6ff7152f8100f61f382
:109154000f001060106861f31f4010601a4601266a
:1091640052f8140f40f01f0010601068c5f25550fb
:109174001060106865f30f2010603b4a02251570db
:109184001a46222732f8400d40f00100108003f502
:109194001d60028842f48072028003f2c452106897
:1091a40066f35a601060106803f5bb6640f0006017
:1091b4001060306840f080703060184650f8206fbe
:1091c40067f3070606601068284e40f08070106050
:1091d400f0682843f06003f5b76006886ff307066c
:1091e400068003f2bc56308840f0ff0030801068df
:1091f40040f0ff00106003f5b86210886ff30700b9
:10920400108003f2d47203f2cc731088257161f3d9
:109214000f0010801a8861f30f021a80f8bd012133
:10922400022024f039f931e70221f9e70321f7e7b5
:109234000f4b1a88012161f383021a8030e70c4b2b
:1092440002211a88f7e70a4a138843f00c031380b3
:1092540026e700bf58020020d0fc00206c0200204a
:1092640048340141f8a702016902002000100141bd
:04927400c0340141c0
:020000040000fa
:020000040100f9
:10927800f8b5784d2b7b032b07d8dfe803f00212f3
:1092880014140121012024f005f9734b01241c70ea
:1092980023f0fefb2b7b032b0cd8dfe803f00647fb
:1092a800564d0221eee70321ece76c4b1a8864f374
:1092b80001021a806a4b1a6842f004021a601a689e
:1092c80042f008021a601a6842f001021a601a464f
:1092d80044f2291052f8301f60f30f011160116831
:1092e800c7f2761111605f49e8780a68107008685b
:1092f800aa78427008685c491c46096854f8506f9f
:10930800411a89b261f30f06266053f8104f0431f1
:1093180089b261f30f041c60ee780430072e3ad846
:10932800dfe806f064686c8a8d8f93954b4b1a883a
:10933800022161f30102bce7484b1a8842f003029c
:109348001a801a886ff30412b3e7444b1a8842f064
:1093580003021a801a8842f01002aae700eb040cf4
:10936800314600271a1202fa07fe82ea1312013761
:109378005b0041ea0e0102f00102c3f30803082f63
:10938800c9b243ea0203edd101348cf80010e4b20b
:10939800aa78a242e2d8354c23684ff6ff7262f3ee
:1093a8000f032360236862f31f432360234655217c
:1093b80053f8042f42f01f021a601a68c5f255527a
:1093c8001a601a6861f30f221a6019f09fff54f8a7
:1093d800043d274a43f4000323606b78d25c23687a
:1093e80062f31543236001232b71f8bd344640f224
:1093f800ff13cde70f2123f061ffcce75521fae7f2
:109408000024871921469a1302fa04fc82ea53328f
:1094180001345b0041ea0c0102f00102c3f30e03c0
:10942800082cc9b243ea0203edd101363970f6b20d
:10943800aa78b242e4d8aee700260123f8e7ff2174
:10944800d9e7002123f03affa5e7f021d3e7aa21c5
:10945800d1e700bf5802002069020020c034014152
:1094680030340141d0fc00206c0200205834014106
:04947800f8a702014e
:020000040000fa
:020000040100f9
:10947c00f8b5037e7e4d022b044621d124f034fb3b
:10948c00d4f8a0307bb92376236e23f08053236667
:10949c004ff00003a4f829302b6923634ff4807339
:1094ac00a4f8233011e094f8a8214ab11b7903f0f9
:1094bc003003102b04d100232376c4f8a030e3e74b
:1094cc00217e0029e0d002295bd0204615f07cf8e3
:1094dc0094f8671084f82b0094f82a001df018f803
:1094ec00d4f88830d4f87811d4f894201844c4f8ff
:1094fc00880094f86430d1f8b010012b40f271233d
:10950c0003fb01f340f09f809a4238bf9b1ad4f8ba
:10951c008c2028bf00239042226e80f091809842cc
:10952c0080f08e80d10040f18680012384f82930b0
:10953c0042f0400222661cf099f9216be8681ff09a
:10954c003df8eb6894f82b205a7094f8253094f879
:10955c002910ea68db0043ea011394f824100b434a
:10956c0094f8261043ea8103137021f077f8236ee8
:10957c0013f0200203d143f02003e2752366002090
:10958c00f8bdd4f8a02013895689f61a236e23f05f
:10959c0080532366002384f82930137903f03000bc
:1095ac00102829d112891abb03f00303012b1fd0f9
:1095bc0084f82410d4f8a020b4f89e1113890c332d
:1095cc001344b14223631ed3106824f0d7f8d4f8a7
:1095dc00a0301b7903f03003102b07461ed16068b6
:1095ec0024f0ccf827b3236e43f0805323660fe0ae
:1095fc00012384f82430dde7032384f8243020464b
:10960c000ff0b4ffd6e7236e43f0805323660e466b
:10961c0084f82a60204624f060fa56e7a06824f00b
:10962c00adf894f8a831002bdcd0002fdbd1efe79c
:10963c000028d8d1ece794f82130002b7ff478afd8
:10964c0022f0400276e79a4238bf9b1ad4f8902059
:10965c0028bf00239042bff46eaf9842bff46bafab
:10966c00236edb0044bf012384f8293063e700bf7d
:04967c00e4fa0020ec
:020000040000fa
:020000040100f9
:109680002de9f84307460e4698469500284607f010
:10969000b3fc002800f0c9808146542007f0acfce0
:1096a0000446002800f08c805422002123f00afe9a
:1096b000c4f830902a46a521484623f003fe043d15
:1096c000236b1d4425f007058eb1337884f83430c0
:1096d00053b1334604f134010f3613f8012f01f86a
:1096e000012f0ab1b342f8d1002384f84330089b1c
:1096f000042b28bf04239946e3626364261d304689
:1097000024f0c9fc04f1180024f0c5fc2461c9f15f
:109710000503a361646242463946284620f000f9f9
:109720002060099b03b11c6022f052f9434a136880
:1097300001331360424b1b68002b47d0414b1b6821
:109740003bb93f4b1b68da6ae36a9a429cbf3c4bc9
:109750001c603d4a136801331360e36a3b490868a3
:1097600001229a4002430a60394a03eb830302eb69
:1097700083035b68a3609968e1604e609e60e06a65
:109780008300191889005518656151580131034447
:109790009b00d15023f0e8fb2a4b1b68002b48d0dc
:1097a000274b1b68da6ae36a9a4244d2294b4ff08e
:1097b00080521a60bff34f8fbff36f8f012036e0e6
:1097c00048461af095f84ff0ff3030e01c4b1c6013
:1097d0001368012bbdd11e4d284623f033fa05f145
:1097e000140023f02ffa05f1280023f02bfa05f1dd
:1097f0003c0023f027fa05f1500023f023fa164f1e
:10980000384623f01ffa154d284623f01bfa14485a
:1098100023f018fa134823f015fa134823f012fa2c
:10982000124b1f60124b1d6093e74ff0ff30bde8f5
:10983000f8830120fbe70120f9e700bf3cfc002092
:1098400030fc002060fc002048fc00204cfc002084
:10985000bcf7002004ed00e0fcfa002010fb002023
:1098600024fb00204cfb002038fb002034fc0020af
:0498700038fc0020a0
:020000040000fa
:020000040100f9
:10987400f0b500238bb00446cde90233cde90433bf
:1098840023f0f0fe18b10c2420460bb0f0bd65782f
:1098940021f024fc06460028f5d1637a13f0050f65
:1098a40001d11224f0e7fdb9294608a822f0def818
:1098b4009df82030002bf4d1637a5a0700f0c4805d
:1098c400634b1b689847002840f0c0802378002b26
:1098d40035d1a0785f4be11c1b6800f0010098476c
:1098e400002843d00b24cfe7012d04d123f0a2fe9e
:1098f4000028e1d1d5e7ab1e012bddd89df820303f
:10990400a2788df8070062f300038df82030234617
:109914000df1070153f8032fcdf821209b88adf8f2
:10992400253008a81af002fb0028c5d0022dddd18d
:10993400314606a822f09af89df81830bae7464b4b
:109944001b689bb1434e054608aa06a928461df08c
:1099540043fb20b10135edb2082df5d1c2e73368e0
:109964009df8180008a998470028f3d1637a03f0fa
:1099740001065b0748bf01360024e3b29e4206d8c5
:109984000ff058fd051e14bf0024072413e04ff404
:109994009a71022015f078fa02ab074643f82400c6
:1099a40023f0a8f804ab054643f824004fb3013470
:1099b4000028e2d107240027fbb29e4223d815b128
:1099c400284610f007fb002c7ff45eafcde9064477
:1099d400cde908442546ebb29e4222d80025ebb2dd
:1099e4009e427ff651af06ab53f8250008b11ef036
:1099f400adfb08ab53f8250008b11ef0a7fb0135f9
:109a0400ede73d46d6e702ab53f8270008b11bf05b
:109a14007dfb04ab53f8270008b124f081fb013728
:109a2400cae784200bf024fe06ab074643f8250062
:109a340025200bf01dfe08ab43f8250017b10135b6
:109a44000028c8d10724c9e711241de707241be710
:0c9a54000c02002014020020d8fc0020ae
:020000040000fa
:020000040100f9
:109a60002de9ff4100230293adf80430c37a012ba6
:109a7000044601a902a82dd120f0d0f9029ae36b87
:109a8000218f1a44bdf804300b449bb240f2e141ef
:109a90008b42c2f31602029285bfa3f2e243013267
:109aa000adf80430adf8043088bf0292a37b029e6b
:109ab000002b55d1276cbc423d6e43d0dff87c8132
:109ac000ab1b5b0209d5786c20f07cf9054405eaf4
:109ad0000805f5e720f0a2f9e8e7606c20f072f9dc
:109ae000284400ea0800801b40f27125c0f31600ec
:109af000bdf804306843b4f8705005eb9305237a41
:109b0000012b4c4b1a680bbf5368136843f4005386
:109b100043f400530cbf53601360c5eb5005c4f809
:109b20008440294604f1780006f00eff424b1b6882
:109b3000b3f82013a94239d2691a04f1900006f053
:109b400003ff33e0606c20f03df9237a2844012bb9
:109b5000c0f31600c7d1a36c002bc4d02066c2e7a7
:109b6000206e801b40f27123c0f316005843012879
:109b700088bfbdf804304fea500588bfa5eb9305b8
:109b8000b4f8703003f27122aa4212d9636d2bb17e
:109b900093f84f2042f0080283f84f20204621f02e
:109ba0005dfe00222146207a11f0def904b0bde806
:109bb000f081ed1ae37ac4f88440012b0df106011f
:109bc00003a833d120f02af9039ae36b218f1a44ba
:109bd000bdf806300b449bb240f2e1418b42c2f328
:109be0001602039285bfa3f2e2430132adf80630bc
:109bf000adf8063088bf0392dde902239a4204d112
:109c0000bdf80630b3f5966f01d3a5f59c75237aa0
:109c1000012b084b1a680bbf5368136843f40053b9
:109c200043f400530cbf536013607ae720f0f6f85a
:109c3000e2e700bf7002002074020020ffff7f00f7
:020000040000fa
:020000040100f9
:109c4000f0b5612885b00d4617460e6850d013d880
:109c500041282dd006d8a0f11303012b40f29880a3
:109c600000246de0542834d0602845d05228f7d124
:109c7000084615f089fef3e7a02800f09e8007d87b
:109c8000802811d08128ebd1084622f0f9fae7e7c5
:109c9000a22800f0a380c0f09d80f128e0d13046da
:109ca0001ff0e5fc04464be0304618f01afbd7e7fe
:109cb00013685b89029333880193544b009302220b
:109cc00001233e21ec2009f0b7fe304622f0d8fcfb
:109cd000c6e7d6f8843113f0010431d023f0010334
:109ce000c6f8843196f8b311284623f08ffbb7e706
:109cf000084622f04dfeb3e713681e68937a032be3
:109d000021d153681b78029333880193404b009311
:109d1000022201233f21ec2009f08efe384615f087
:109d2000fdfd044660b97b681b78022b02bfd6f8a4
:109d3000843143f00103c6f88431284615f024fe2f
:109d4000204605b0f0bd537a029333880193314b1e
:109d50000093022201234021ec2009f06dfe3846d9
:109d600014f058fa04460028ead196f8a93163b1f4
:109d7000294b186821f0ccfe336e43f01003336694
:109d80003d21284623f042fbdae710f0cdffd7e76c
:109d900096f86530403b022b07d8a0f113035942d7
:109da0005941284618f008fd5ae7346e14f00404af
:109db000c6d008460df0d9fc52e7084624f048f911
:109dc000044600b30146284603f046fe204622f032
:109dd00071fc45e7308811f0a7fc41e796f8ac31fb
:109de000112b3ff43daf96f8ae31112b3ff438af55
:109df000d6f8ec321bb11b79012b3ff431af28466a
:109e000019f038f92ce707249ae700bfcbc300010b
:0c9e1000efc3000116c40001c8010020cf
:020000040000fa
:020000040100f9
:109e1c002de9f04f1646a1b0102281460c460debf1
:109e2c0002000021984623f047fa304624f054f9fa
:109e3c00074600287dd0a319421ea3427cd118ad41
:109e4c0010220021284623f037fa0df1500a102277
:109e5c0000211ca823f030fa872310220021504641
:109e6c008df87f3023f028fa10aa514648460cf0a2
:109e7c003bfc0cac10aa0023d17b19550133102be1
:109e8c0002f1ff32f8d19df93030002b59db04a9d7
:109e9c00204622f05bfb9df91030002b5bdb08a900
:109eac0004a822f053fb06f10f00000906f00f0680
:109ebc005bd01ffa80fb002e59d100f18050013885
:109ecc0010aa04a907eb001023f0d8f910220021e6
:109edc00684623f0f1f900260bf1ff339e4222462f
:109eec0064d310a9684623f0c9f90023e27bea5435
:109efc000133102b04f1ff34f8d11caa2946484633
:109f0c000cf0f2fb1cab0022d97b0df802100132d5
:109f1c00102a03f1ff33f7d10df10f02002312f8d1
:109f2c00011908f803100133102bf8d1384624f02e
:109f3c00d5f821b0bde8f08f13f8011d02f8011f10
:109f4c007be72946204622f001fb04aa1ca92846df
:109f5c0023f094f99fe7294604a822f0f7fa08aaff
:109f6c001ca9284623f08af99de74ff0010b0bf151
:109f7c008053013b1a010023b6b2194680201ffa08
:109f8c0083fc66450cd907eb020c1cf803c00af8dd
:109f9c0003c00133102bf2d110aa08a9504693e745
:109fac000cbf0af803000af80310f2e707eb0611de
:109fbc00684623f063f90023d17be9540133102b5d
:109fcc0002f1ff32f8d11caa294648460cf08cfb52
:109fdc001caa0023d17b0df803100133102b02f1c6
:0a9fec00ff32f7d10136b6b276e776
:020000040000fa
:020000040100f9
:029ff6007047b2
:020000040000fa
:020000040100f9
:109ff800f7b590f84d3004460e4633b919b10b78d1
:10a00800837280f8523003b0f0bd032bfbd1684d4a
:10a018002b68d3f8303303b1984794f85220a272d2
:10a0280094f851302a68237202eb8303614fd3f806
:10a038009812a14204bf0021c3f89812d2f8a032a6
:10a04800a34204bf0023c2f8a032237a3a68012b46
:10a0580015bf1368536843f4806343f4806314bfe7
:10a0680013605360042384f84d3000238df80730c3
:10a078005eb13378a372337884f85230737823b1a1
:10a088000df10701204613f099fe2b680022c3f852
:10a09800a422637f13b1204621f0aeff2a68d2f8cc
:10a0a80098320bb9d2f89c32c2f8a032002b5ed09d
:10a0b80093f84d30022b5ad121f0adff94f850306f
:10a0c800de0748bf23f0010343f0020384f8503051
:10a0d80094f84f30d8070ed523f00103002684f8f2
:10a0e8004f302046667215f023fa3346324632491d
:10a0f800012016f0d5fb637f03b9a3733a68b4f85f
:10a108007000118988420dd0a4f870102968b1f840
:10a118002203a4f87200b1f82413a4f87410528929
:10a12800a4f876204bb194f84e30d90705d42046d0
:10a1380021f062f82046fff78ffc94f84e30da07da
:10a148000fd523f0010384f84e30a36d4bb9204698
:10a1580015f0eef9a36d23b91a461849012016f037
:10a168009ffb29681df060fb81f834034be792f8e8
:10a17800943223b1002211461046fcf74ffd2b689c
:10a1880093f89532002b99d0237a3a68012b0bbfac
:10a198005368136843f4805343f480530cbf5360ef
:10a1a800136000221146012010f0dafe86e700bf96
:10a1b80074020020700200200b0100010901000157
:020000040000fa
:020000040100f9
:10a1c800434d443a43726561746553796e63004543
:10a1d80052523a7374617475733d256400434d445b
:10a1e8003a41646450414c69737400434d443a5297
:10a1f800656d6f766550414c69737400434d443a00
:10a20800436c7250414c69737400434d443a526434
:10a2180050414c69737453697a6500434d443a530d
:10a22800657450415278456e61626c652c68646c47
:10a238003d25642c656e61626c653d256400434d67
:10a24800443a43726561746553796e6343616e6322
:10a25800656c00434d443a5465726d696e6174656e
:10a2680053796e632c68646c3d25640053594e43e2
:10a278003a436c6f73652c68616e646c653d256448
:10a288000053594e433a43523d307825780053598c
:10a298004e433a737461727420746f2073796e63dd
:10a2a800210053594e433a706172616d313a7379a6
:10a2b8006e6348616e646c653d25642c7068793df9
:10a2c80025640053594e433a706172616d323a63a6
:10a2d8006c6b553d3078256c782c657674436e74bc
:10a2e8003d307825780053594e433a706172616d5c
:10a2f800333a7061496e74657276616c3d307825c9
:10a30800780053594e433a706172616d333a6f6603
:10a31800667365743d307825782c756e69743d30a8
:10a328007825780053594e433a77696e64576964c3
:10a33800656e556e69743d256c75287573290053d3
:10a34800594e433a63757272656e7420636c6b552f
:10a358003d3078256c780053594e433a73796e63d3
:10a3680065643d25642c66703d25642c70617261be
:10a3780056616c69643d25640053594e433a736bca
:08a3880069702052707421007d
:020000040000fa
:020000040100f9
:10a390002de9f04f03781446a3f10802012a87b093
:10a3a0008146884661d891f8613134b9012b04d0d7
:10a3b00091f86401002800f0a980012b4ff480720d
:10a3c00018bf98f86431adf8092000228df80d20ef
:10a3d0008df80b306a460a2301a948468df80830eb
:10a3e000cdf8048001f078fb01a9684614f036fe30
:10a3f00001276a46834601a948468df8097001f095
:10a400006bfb01a9684614f029fe00264f4b02930e
:10a410006a4601a905464846cdf804808df80d60ce
:10a4200001f05afb01a9684614f018fe6a4601a91a
:10a43000824648468df809701ffa8bfb01f04cfbf1
:10a4400001a9684614f00afea34570d2641ba4b2a9
:10a4500033461ffa8afa0133a245dbb203d2261a29
:10a46000b4b2002cf7d1002662e00a3b012b4ff07a
:10a4700000055fd8002c62d0354b01916a4601a9d6
:10a4800002938df80d5001f027fb01a9684614f0e6
:10a49000e5fd4ff0010b6a46824601a948468df85a
:10a4a00009b001f019fb01a9684614f0d7fd274b4c
:10a4b00002936a4601a906464846cdf804808df805
:10a4c0000d5001f009fb01a9684614f0c7fd6a466a
:10a4d00001a9074648468df809b01ffa8afa01f02b
:10a4e000fbfa01a9684614f0b9fda24524d2a41bc9
:10a4f000a4b22b46bfb20133a742dbb224d2241a46
:10a50000a4b2002cf7d12546224603e006460546b4
:10a510000346024688f87a2088f87b3088f87d5018
:10a5200088f8800088f87f6007b0bde8f08f334678
:10a530000122efe728462e462b462a46eae7204628
:10a54000264625462346dfe70025f6e70d000100f5
:04a550000b000100fb
:020000040000fa
:020000040100f9
:10a554002de9f047c388172b8cb0074640f0bd8027
:10a56400837a0c2b07d003f0fd03082b03d0802043
:10a574000cb0bde8f0874ff4407023f0b1fd804685
:10a584000028f4d01022002108a822f099fe5e4b86
:10a59400cdf808801b681c6800250cbb284623f0f6
:10a5a4009ffd0646002800f094802a46414622f08a
:10a5b40047fd404623f096fd04ab2a46314608a8e1
:10a5c400fff72afc304623f08dfd3b685a6804ab44
:10a5d40003cb1060516003cb9060d1600020c7e7cb
:10a5e400a689e389b34201d22468d6e7b4f80c9073
:10a5f4006368a6eb090903eb091999f80e305b07a8
:10a604004fd4d9f8001001a823f01efbbdf8043084
:10a61400a3f52052032a02d9b3f5245f44d1d9f813
:10a62400083093f800a055441ffa85fa0af104058e
:10a63400adb2b5f5407f4cd8314602a823f010fbeb
:10a64400bdf8041002a823f00bfbd9f80830d9f8a0
:10a6540004101a7802a822f007fdbdf8042042f67f
:10a6640002039a421dd1d9f808301b88042b18d153
:10a67400d9f804100df1060023f0e6fa03aa04a9a0
:10a68400bdf806001ef0befe58b10af11405adb2c5
:10a69400b5f5407f1dd8049b1022596802a822f00a
:10a6a400e3fc0136b6b29ce703f55643ff339bb295
:10a6b400042bf6d80435adb2b5f5407f09d8314640
:10a6c40002a823f0cdfabdf8041002a823f0c8faba
:10a6d400e7e7404623f006fd49e7152b7ff447af33
:10a6e400837a0c2b04d003f0fd03082b7ff43fafd7
:10a6f400b8881ef057fe00283ff439af3b68827ad1
:0ca704005b681a706ae700bf14030020b5
:020000040000fa
:020000040100f9
:10a7100030b5044685b016301df0a0fee37dc4f8c8
:10a720008c0013f0200f0cbf1e234ff49673c4f857
:10a73000983020461cf049fed4f88c00d4f89430b0
:10a74000984228bf1846c4f8900022f08efb228b56
:10a750004ff47a73c4e92833fa3301255343014691
:10a76000a4f89c50c4f8b430e06a20f0a9f840f294
:10a770000153a4f89e304f4bc4f8ac001b7884f80a
:10a7800076300623a4f874304b4b84f860501b8855
:10a79000a4f8623022460023a4f8643052f81a1f4d
:10a7a000e166127984f86630c4f88430013b02f027
:10a7b0001f0284f85450c4f88830404d84f870204b
:10a7c000c4e91f3302231a460095ca21ec2009f080
:10a7d00033f994f830300293a38a019305f11403fe
:10a7e000009302231a46cb21ec2009f025f9238d92
:10a7f0000293d4f8ac30019305f1350300930223a2
:10a800001a46cc21ec2009f017f9238b019305f1ae
:10a810005803009302231a46cd21ec2009f00cf9cd
:10a82000e37dc3f340120292a27d03f01f0342eacc
:10a830000323019305f17403009302231a46ce21ea
:10a84000ec2009f0f9f8d4f88c30019305f1960367
:10a85000009302231a46cf21ec2009f0edf81ff0f7
:10a86000f3fab1350223019000951a46d121ec206c
:10a8700009f0e2f81ef0cdfe0546c8b922f03cf919
:10a88000c4f8c0000ef0d8fdd4f8c020a168116251
:10a89000d4f8c0201560d4f8c02041685160d4f8c5
:10a8a000c0200a60426005b0bde8304012f0e8bc4c
:10a8b00005b030bd6cfd002054fd002096a20001c3
:020000040000fa
:020000040100f9
:10a8c0002de9f04f002311f0010a87b0cde90433e0
:10a8d0001fbf654b1b68d3f8a832049311f0100317
:10a8e000044601930cd006aa0af1010302eb8a0a7e
:10a8f0005d4a1268d2f8b0224af8082c5ffa83fa4f
:10a900004ff0000b0df110094ff0ff32cdf800b001
:10a9100040f23913da4500f09980dff8508157e0b2
:10a9200086680168c9f80010b44251d0b17b012992
:10a9300030464dd1019919b1b57aa17a8d4247d9e6
:10a94000e17a276e356e012904bfe16b7f1af17a37
:10a9500008bf07ea0807012902bff16b6d1a05ea73
:10a960000805e91b49023ed5b4f87010b6f876c068
:10a97000b1fbf3f1bcfbf3fc614401f1020c716e1d
:10a98000294401ea0801614401ea0801791a4902ef
:10a9900042d4b6f87010b4f87600b1fbf3f1b0fb16
:10a9a000f3f001440231681a00ea0800a0eb070c3a
:10a9b0001cf4800f35d1391a490203d4474017eaf5
:10a9c000080f05d10cea08018a4284bf0a460096a6
:10a9d000d9f800000028a3d10bf1010b5ffa8bfb23
:10a9e00009f1040996e7d4f864c0b6f87010b4f819
:10a9f00076e0b1fbf3f1befbf3fe71440ceb070e06
:10aa000002310eea080e714401ea0801691a49028e
:10aa1000bfd5c4f86cc001e0636ee36607b0bde863
:10aa2000f08f96f81de0bef1000fc4d0706ccde938
:10aa300002211ff0c7f90399029a054405ea0805a7
:10aa4000681a00ea080040f23913afe7636e9342d8
:10aa500002d9e3660098e1e7a36e93428cbfe266f9
:10aa6000e3660020dae700bf74020020ffff7f00ea
:020000040000fa
:020000040100f9
:10aa700038b5684b1a68052060f31f721a6023f01e
:10aa8000c7fa03f57e7140f23b100a8860f30f02ab
:10aa90000a8003f20c4240f2e244108840f00100c8
:10aaa0001080088864f30f000880118841f00201cb
:10aab0001180a3f5dc724ff43470116860f31a4111
:10aac000116003f502723430118860f30f011180b8
:10aad000a3f2a4521420116860f31741116003f52a
:10aae0000471a4f5db74088864f30f0008804ff04c
:10aaf00088411546096c484803f5067201f4405137
:10ab0000b1f5005f11880cbf24240c2464f3070105
:10ab1000118042490a886ff307020a801a686ff3ae
:10ab200007021a600a4652f81c3f6ff300031360d5
:10ab300013686ff34103136013686ff3041313601a
:10ab400013686ff34513136013686ff38613136074
:10ab50000b4633f8244f6ff300041c801c886ff3fe
:10ab600041041c801c886ff304141c801c886ff344
:10ab700045141c801c886ff386141c80146844f0f4
:10ab800004041460146844f0080414601a8842f045
:10ab900004021a801a8842f008021a802b685c228c
:10aba00062f30f232b60b0f85031a12262f30f2320
:10abb000a0f85031b0f850318c2262f30703a0f8ae
:10abc0005031d0f8143102f26f1262f3184301f2df
:10abd000fc42c0f81431136843f000531360a1f530
:10abe00041731a686ff39e721a60a1f55573a1f54f
:10abf000f2711a686ff310421a60b0f8083c122222
:10ac000062f34913a0f8083c0b8843f003030b8060
:10ac100038bd00bf0c3a014100240141043a014112
:020000040000fa
:020000040100f9
:10ac20002de9f743044600f5fc78d0e96669d0f8d1
:10ac3000f8310f4609b1d0f81032c4f8143220466a
:10ac40001d691cf049fe204621f086ff204618f0c1
:10ac5000dffb594b1a88482161f30e021a80a3f5d5
:10ac60006b7294f83f001188a3f5836360f30411bd
:10ac700011801a686ff34d321a6094f82d1003207a
:10ac800022f00cfc2a464946404618f0defd002f13
:10ac90003dd1d4f8f83194f820801f6901210df1dd
:10aca000070015f02dfb9df807100622b1fbf2f30b
:10acb00002fb131394f87310dbb20b298df80730e5
:10acc0004ff001020cd802fa01f111f0050f51d139
:10acd00040f6c870084018b911f0120f18bf0222d0
:10ace000364903eb43030b4412010021585c28fa58
:10acf00000fc1cf0010f07d0d7f808c0253060f326
:10ad0000c80cc7f808c0174401310329eed194f8e4
:10ad10007330052b06d9d4f800321bb1284b2046de
:10ad20001b689847d4f8f82132bb94f87330254952
:10ad3000012ba1f1040335d10a68062060f30f024c
:10ad40000a601a6842f002021a601f4a1268ad1abd
:10ad50001a68adb265f31f421a601c4a1168b6b298
:10ad600066f31f4111601a6842f001021a6003b0d5
:10ad7000bde8f0830322b3e7d4f8143293420ad833
:10ad8000117a1369042908d0052906d019b9186861
:10ad900061f3461018601268c6e719686ff3461130
:10ada0001960f8e7086862f30f000860196862f339
:10adb00041011960c9e700bf6c380141d2d40201da
:10adc00018fd00205c3e01416c020020703e0141f4
:020000040000fa
:020000040100f9
:10add0002de9f84f5e4b1b68002b40f0b0805d4bb7
:10ade0001d6801351d60e5b15b4b1b68ab4225d981
:10adf00000245a4b1b68db6a03eb83039b00584a11
:10ae0000d358022b28bf0124564b1b68002b00f09f
:10ae10009380554b1b68002b18bf01242046bde8ca
:10ae2000f88f524a1168524b186810601960514ae5
:10ae30001368013313601ff087fad5e700244b49ec
:10ae4000a3464d484ff0010e454adff810c137e0e8
:10ae5000414b4ff0ff321a60cbe73f4b1e60c8e713
:10ae6000de6ad0f800a00efa06f848ea0a08c0f830
:10ae7000008006eb860602eb860676689e60d6f8b2
:10ae80000880c3f80c80c8f80490c6f80890d3f87e
:10ae90002c904fea890606eb090802eb880ac3f8f2
:10aea00014a052f8288008f101084e4442f8268088
:10aeb000dcf80080de6ad8f82c309e4288bf01247e
:10aec0000b681b68002bc3d00b68db68db685e680f
:10aed000b542c2d3d3f81480de689f68be609f6815
:10aee000776003f10409d8f804604e4504bfde68ba
:10aef000c8f80460c3f814b0d8f80060013ec8f880
:10af00000060d3f82880b8f1000fa9d01e6adf696d
:10af1000be60df69776003f1180ad8f8046056450f
:10af200004bf1e6ac8f80460c3f828b0d8f80060ef
:10af3000013ec8f8006093e7fdf78ffe69e7094a14
:10af4000136801331360fdf788fe002466e700bf35
:10af500044fc002064fc002054fc002030fc002055
:10af6000bcf700205cfc002068fc002034fc0020c2
:0caf700038fc002058fc00204cfc0020a5
:020000040000fa
:020000040100f9
:10af7c002de9ff470025044689461f46057001f15f
:10af8c00ff3813780bb145450bd3624b1b7803b9d3
:10af9c002370454588bf09f10105284604b0bde87a
:10afac00f087252b07d05b49097811b904f8013bd0
:10afbc0001350132e5e75378252b37d0561c337811
:10afcc00302b4ff000001ad101464ff00a0c725c86
:10afdc00a2f13003dbb2092b0ed922f0200eaef118
:10afec00410ea2f16103bef1050fdbb206d8052bb1
:10affc0026d8a2f15703dbb2092b29d90e4433789a
:10b00c006c2b08bf01363378702b5fd027d8632b9d
:10b01c0039d0642b51d0582b3ad13e4b3a681b781f
:10b02c0003920437002b68d1019058e03949097814
:10b03c00961c0029c3d104f8013b01353246a0e728
:10b04c00a2f14103052b02d8a2f13703d3e7002369
:10b05c0001310cfb0030735c002bb8d1cee7752ba3
:10b06c0018d0782bd9d0732b12d13b680437013b05
:10b07c005a1c0dd013f8012f52b1454508d204f8d3
:10b08c00012b0135f4e73b6804f8013b043701352b
:10b09c00721c76e71f4b3a681b78039204370bbb84
:10b0ac00019000930a23a8eb0501204611f0e2ff62
:10b0bc005ffa80fa54445544eae7164b3a681b7819
:10b0cc000392043773b901900123eae7114b3a68f4
:10b0dc001b78039204372bb90423019301230093ab
:10b0ec001023e0e7002808bf04205ffa80fa5246dc
:10b0fc0003a9204621f062fadce740b1c107c0f396
:10b10c00470af4d50af1010a5ffa8afaefe74ff021
:08b11c00010aece75bfd0020d5
:020000040000fa
:020000040100f9
:10b124002de9f04f07298db0074601d015293fd1ed
:10b13400053901328cb204a805a9059221f004fe58
:10b1440005a90df1120021f0fffd08a8224605a96a
:10b1540021f080ff38461af059fa68bb2246594953
:10b1640008a821f021fa002840f0a380bdf81000bf
:10b17400002800f0a080bdf81210884200f29b80e5
:10b18400e4b207ad06ae0195009608ab224610f076
:10b19400cbfd8346002800f09280069b3888da7b3a
:10b1a40001210df036fa80b270b1adf810b003e0b1
:10b1b4000023adf810300420c3b2bdf810201021d4
:10b1c40038460ef0d3fd41e0b88822f07aff82467b
:10b1d400002872d0069b9b68b3f8008008f104092c
:10b1e40000f11003112105a81ffa89f9059322f033
:10b1f40031fd5ffa89f105a822f02cfd594605a816
:10b2040022f02efd079b05a8d98922f029fd069b73
:10b214009a685968128805a821f026ff08f10608e3
:10b224001ffa88f8079bd8894ff6ff73984204d019
:10b23400bb8808eb090b9b450bdd5246414638465b
:10b2440020f054ff10b1504622f08cff0db0bde841
:10b25400f08f013080b2cde9006508ab2246bdf81d
:10b264001210adf8100010f05ffd03900028e4d038
:10b2740006998a68128804324a45ded1ca7b388826
:10b2840001210df0c6f90028d7d1039b05a8194662
:10b2940022f0e6fc079b05a8d98922f0e1fc069b75
:10b2a4009a685968128805a821f0defe1ffa8bf807
:10b2b400b8e7102080e701207ee711207ce70a2010
:08b2c4007ae700bf66a3010157
:020000040000fa
:020000040100f9
:10b2cc002de9f04f89b00546624b00930222012311
:10b2dc000321ec2008f0aafb95f800806e78af886b
:10b2ec0022f0bcf9002840f0a9805b4c2068414654
:10b2fc00043022f0f9fca1468046002800f0a08022
:10b30c0090f86031012b03d1f31e012b00f29680d3
:10b31c0008f5947022f06bf840f27263384498424e
:10b32c000addd9f800002978043022f0ddfc002178
:10b33c0013f0ecfa072436e0032e1bd9b31e022bb4
:10b34c0005d80ef073f80028f4d00ef03ffe98f8f4
:10b35c0073300b2b05d840f61242da40d20707d4d3
:10b36c0013b19a1e012a28d8032e01d11f2f32d9ce
:10b37c00122418e0002fe1d0102022f0adfe8346fd
:10b38c00384622f0a9fe8246bbf1000f5ad00028a5
:10b39c0058460cbf0724002422f0a0febaf1000f7f
:10b3ac0054d1002ccad02d4b0093019401230022c0
:10b3bc00ff21ec2008f03afb36e0042e38d198f847
:10b3cc006021002ad4d0d8f8fc20002ad0d0002f3d
:10b3dc00ced1042bccd9d9f800002978043022f036
:10b3ec0083fcab7880f8f930ab88029390f82e3060
:10b3fc0001931b4b00930646012302220421ec20ef
:10b40c0008f014fb6b788df81430ab88adf816305f
:10b41c0005a8ab68069300248df81540079606f036
:10b42c00c9fd012022f012f9204609b0bde8f08fc9
:10b43c00033e012ecfd9002fcdd199e70c24b2e7d2
:10b44c004224b0e700283ff475af0724504622f0a1
:10b45c0045fea6e731900001b00100202e8f0001bf
:04b46c004390000108
:020000040000fa
:020000040100f9
:10b47000f7b50d78ff2d04460e4600f08480342386
:10b4800003fb050393f88020012a40f0a58093f880
:10b490005e10594a41b193f85c1029b9d2f81c11d9
:10b4a000c1f3c30183f85d10544b1968342303fbc7
:10b4b0000543c1f3411183f86010d2f84411a3f899
:10b4c0006210d2f84411c1f30f41a3f86410d2f80e
:10b4d0004811c1f30801a3f86610d2f84811c1f36e
:10b4e0000f41a3f86810d2f84c11a3f86a10d2f8f3
:10b4f0004c21c2f30842a3f86c20414b1b68002b7f
:10b500005ad100273f4b1b6863b129462046984714
:10b5100040b12a460221204607f052f8b37843f0a2
:10b520004003b3703a46294620461bf0cffd342332
:10b53000002855d003fb054393f85d30072b4dd011
:10b54000217b2a4601b10121204607f039f8637cae
:10b55000012b03d12946204606f0b4ff342303fb18
:10b56000054393f88030012b07d1274b1a686ff3fe
:10b57000db621a60002011f03ffc342303fb054519
:10b58000002385f88030a3680093b6f801301f4986
:10b590005bbaadf80430f3788df8063033788df867
:10b5a000073008226b46012015f07ef9314620460f
:10b5b0001af0e8fb03b0f0bd29462046984707463d
:10b5c00000289ed02a460321204606f0f9ffb378d2
:10b5d00063f07f03b37095e70027a3e72a46b2e73d
:10b5e0007278012ab3d103fb054393f88920002a1e
:10b5f000add083f88900aae700240141c03401419d
:10b600000cfd002010fd00200c3a01410401010155
:020000040000fa
:020000040100f9
:10b61000f8b5046894f8e830002b40f0b8800f6863
:10b620000421b81c06f0cefe064620b984f80b01b2
:10b630001f252846f8bd0388a4f81e31837884f8b6
:10b64000203190f900304578002b837803f01f03f8
:10b6500045ea0325adbfc5eb05154ff4967315fb01
:10b6600003f56d0018f098ff94f8e530c4f8280150
:10b67000002b75d194f81631002b71d1627e7b7846
:10b68000022a71d0032a73d00533db003322723dc6
:10b690002d1aeb1a9d1ab4f81c31d4f818019b002e
:10b6a0004ff6fc71194022f0dffc0746284621f0d6
:10b6b000dcfb0146384619f007fdc4f82401327856
:10b6c00094f81e3162f3050384f81e31b37894f8c0
:10b6d00020215b0963f34712002384f8202184f8ba
:10b6e0000b311df096ff05460028a2d1d4f8243175
:10b6f000284ac4f8d4304ff47a73c4e93123c4f82b
:10b70000cc30d4f8f030c4f8dc001bb921f0f4f9e7
:10b71000c4f8f0000df090fed4f8f0201e495162fc
:10b72000d4f8f0201d499162d4f8f0201c49d16270
:10b73000d4f8f0201b491163d4f8f020e1681162bd
:10b74000d4f8f02000211160d4f8f0204168516055
:10b75000d4f8f0200a60426001210ff09fff68e7f3
:10b76000b278520901328ae705339b001e228ee728
:10b7700094f81721012a09bf1b019b01563302f5da
:10b78000c6721cbf03f2511340f28d127fe70025f1
:10b790004fe700bf010000034de60101a1cb02010c
:08b7a000b9cb0201d1d0020176
:020000040000fa
:020000040100f9
:10b7a80073b50023adf8023090f85030604e04466f
:10b7b80023f0020380f850300df1020101a81ef0b9
:10b7c80029fb237a3268012b0bbf5368136843f0b7
:10b7d800100343f010030cbf53601360e37a012b8e
:10b7e80017d1019ae36bbdf802101a44238f0b445a
:10b7f8009bb240f2e1418b42c2f31602019285bf2f
:10b80800a3f2e2430132adf80230adf8023088bf4e
:10b818000192019db4f87230bdf8022029462046f5
:10b828001cf032fe40b3237a3268012b0bbf5368f9
:10b83800136843f0200343f020030cbf53601360e8
:10b84800237a2bb1012b14d1a36c93b1637f83b1fd
:10b85800204611f051fda36a13b120461df08dff5b
:10b8680020460cf071fb0022114601200ff078fbf6
:10b8780014e00022a273f7e7226eb4f87030521b6e
:10b88800c2f3160203f2712340f23911b3fbf1f34c
:10b898000133934204d920460df0b2f802b070bdce
:10b8a800237a3168012b0bbf4b680b6843f0800388
:10b8b80043f080030cbf4b600b6040f271256a4374
:10b8c800bdf80230b4f87050019905eb9305c5eb4b
:10b8d80052052a46204611f0cefe0028ded1294620
:10b8e800c4f8844004f1780005f02af8114b1b686d
:10b8f800b3f8201301f59c73ab4204d2691a04f122
:10b90800900005f01df8204611f0f6fc04232046af
:10b9180084f84d301df07cfb207a012804d1626d3b
:10b92800002abbd11146a1e70022114610469de727
:08b938007002002074020020df
:020000040000fa
:020000040100f9
:10b940002de9f04104685a48d4f8f031002284f817
:10b950006321d3f8b010c4f8b811d3f8ac10c4f810
:10b96000bc11544901250d70534984f862510d8072
:10b9700052490a70524a136022f07cfa2846214646
:10b980000df079fb2146284619f02efcd4f8003240
:10b9900020461d69d4e96e681bf09eff204621f009
:10b9a000dbf8204617f034fd94f82d20454b022a91
:10b9b00004f5007751d0032a52d01a88482161f348
:10b9c0000e021a80404b94f83f101a8861f304125b
:10b9d0001a8053f86c2d6ff34d321a6094f82d10c5
:10b9e000032021f05bfd2a464146384617f02dff23
:10b9f00094f88220d4f8003202f03f02002b33d1b9
:10ba0000d4f80022002a38d1304b1b680bb12046f5
:10ba100098472f4b1a6819466ff30f021a6051f8b6
:10ba2000042d6ff341020a602a4a1268ad1a0a68af
:10ba3000adb265f31f420a6053f8142fb6b266f335
:10ba40001f421a600b6843f001030b60d4f8bc017d
:10ba500020f08ef90020bde8f0811a882d21aee794
:10ba60001a884ff4d271aae7197a21b9196988683e
:10ba700062f3c80088601b68c0e792f82930a3b160
:10ba80005169c87810f0010f0cbf01230723870705
:10ba900048bf0633000744bf0233dbb20b4494f8bf
:10baa0008200d97860f30501d9701268aae700bf57
:10bab000b18a0101e0020020d6020020d502002058
:10bac000dc0200206c380141c034014124fd00201b
:08bad0005c3e01416c02002004
:020000040000fa
:020000040100f9
:10bad80010b5137803f07b0313700b79093b042b23
:10bae80036d8dfe803f003599facb00004780b2c7c
:10baf8002ed80123a34013f44c6f49d19c0528d4b8
:10bb0800db0525d54979137889b18178032908d1ce
:10bb18006ff300031370137823f07a0343f01803cc
:10bb280015e001790029f3d143f00103f2e7017927
:10bb380081f0010161f3000303f0c5031370437939
:10bb480013b18378032b4cd113786ff386131370da
:10bb580010bd4979137879b18178032923f003035b
:10bb680004d11370137823f07803d7e701790029fb
:10bb7800f7d143f00303f4e7017923f0030321b17c
:10bb88001370137823f03803d8e743f00303f7e77b
:10bb9800137823f07b03c1e70378063b052bd7d83e
:10bba800dfe803f0343a0326343a8378032b13781a
:10bbb80001d10479ccb16ff300031370137823f02b
:10bbc8000a0343f0080313704c79dbb264f30413df
:10bbd8001370c979dbb261f3451313704379002bf5
:10bbe800b2d0137843f04003b1e743f00103e4e730
:10bbf8008378032b137823f0030301d1047914b15c
:10bc080013701378dde743f00303f9e7137823f0a3
:10bc18003b0343f00903e0e7137823f03b0343f0c9
:10bc28000b03dae7137823f00b0343f009031370cf
:10bc38004979dbb261f304136ff34513cde7137849
:10bc480023f00b03f3e7137823f0030313708879c9
:10bc5800dbb260f3c30313704979dbb261f30413f9
:06bc680003f09f0373e7e7
:020000040000fa
:020000040100f9
:02bc6e00fee7ef
:020000040000fa
:020000040100f9
:10bc70002de9f04390f80e80bbb00446b8f1000ff8
:10bc800040f0a280037ad0f84090012b40f08e80e3
:10bc9000484540f09980237a002b40f0a180226c27
:10bca000a24209bf40f2012242f20523adf818205a
:10bcb00098461cbfadf818304ff00108a06c1ef07c
:10bcc00081f8b4f8683087b2dd19adb2b5f5487fb8
:10bcd00088bfc3f54877d9f86030079384bfbfb2f7
:10bce0004ff448751ff0b4ff444b45491b681e894b
:10bcf0005b891e4440f23913b6fbf3f6e37a013652
:10bd00000644012b06ea010604d1236ee26b9b1a5e
:10bd10000b400793b4f8700000f271201ef052f847
:10bd2000d9f8683000eb0309606c1ef04bf8484509
:10bd300003d2b8f1000f18bf4846079b304a0344ae
:10bd40001340a3eb060818f48008f8d1013d1d4408
:10bd50000793154000238df81630079bcde9083571
:10bd60000df1170301930df120090df1160306a83b
:10bd70000093cdf808903b4607aa214610f808002a
:10bd800001268df8176004f06ffa079b00939df869
:10bd900017209df816104b46204603f045f938b39e
:10bda000236eeb1a5b0223d4a6730de01ff050ff45
:10bdb000236ca3420fd099f80e302bb1d9f8603024
:10bdc000c01a42023ff567afa07b003018bf0120c8
:10bdd0003bb0bde8f0832369c3f3160323665ae73b
:10bde00040f61113adf8183068e74ff00108b1e7dd
:10bdf000b8f1010ff9d10023a373e5e77002002029
:04be0000ffff7f00c1
:020000040000fa
:020000040100f9
:10be04002de9f04f8bb09a465d4b0093cde90102ca
:10be140080460e469146012302227421ec2007f04d
:10be240009fe21f01ffcb0b9564f38684146043072
:10be340021f05eff0546002800f0988090f861210b
:10be4400f31e012a5ffa89f4dbb202d090f8640190
:10be540018b1012b06d90c243ce0012b02d96cb992
:10be6400122437e0042e07d1002af9d0b5f8203186
:10be7400002bf5d0002cf3d1002006e016f0fd0fc6
:10be840003d105f59c7021f0b6fa204481b240f24a
:10be94007263994205d90221284612f03bfd07241a
:10bea40018e0284609f0aefab5f8482040f2e2431b
:10beb400534398421bd3cde90103334b0093022231
:10bec40001239d21ec2007f0b5fd0221284612f044
:10bed40021fd45242d4b0093019401230022ff21d1
:10bee400ec2007f0a7fd20460bb0bde8f08f032e31
:10bef40023d9b31e012b09d895f86131012b05d143
:10bf04000df098fa0028cad00ef064f8386841465b
:10bf1400043021f0edfe0223099007a88df81d30ae
:10bf24008df81c60adf81e90cdf820a006f046f800
:10bf3400012021f08ffb0024d5e7002cd9d010205c
:10bf440022f0cef80590204622f0caf8059b8346dd
:10bf540073b1002818460cbf0724002422f0c2f84d
:10bf6400bbf1000f07d1002cc3d0b3e74224b1e7e3
:10bf7400002894d00724584622f0b4f8f3e700bf11
:10bf840060280101b00100202d280101522801017f
:020000040000fa
:020000040100f9
:10bf94002de9f04fd0f800b2d0f848a1d0f8f861fc
:10bfa4001bf1000389b018bf01234ff000090546b7
:10bfb40001934f4695f8f430bb4202d809b0bde86e
:10bfc400f08f346923686ff302032360236895f8c4
:10bfd4002b2062f3c40323602368042262f3ca1390
:10bfe4002360236862f3ce23236095f8f430013b89
:10bff4009f42494b67d122686ff3de322260226888
:10c004006ff3df722260a2686ff30102a260a2687c
:10c0140042f00402a2601a686168aaeb020292b2ba
:10c0240062f30f01616062686ff31f4262600395ff
:10c03400bbf1000f51d040f20112adf811204ff0c6
:10c0440000080922514603a88df810208df81380aa
:10c05400adf8148007f05ef89af8012095f83f10c7
:10c0640095f82b001cf07dfb3ab2c6e905a8c6e999
:10c07400070905eb8201019b86f82930346186f8b3
:10c084000880c6f8248086f82880c1f8c460c1f806
:10c09400d040c1f8dc8095f8f4101f4b01f1ff3c4f
:10c0a40067451dd105eb4103a3f8e680a3f8ec80b6
:10c0b400863081440fb9c5f89491674501d1c5f81c
:10c0c400909100231fe0196804f11002521a2168ac
:10c0d40092b262f3de31216091e7adf811b0aee7c0
:10c0e4001b6805eb42021034e41aa2f8e840a2f8f7
:10c0f400ee80dde703eb4302024405eb82020133e9
:10c10400c2f8a090dbb2f8188142f3dc01370af1df
:0cc11400420a3668ffb24de76c020020c2
:020000040000fa
:020000040100f9
:10c120002de9f74f0223d0f848918df8043090f8ac
:10c130000031d0f854a100900546063349466846c0
:10c140008df8053007f0eafc2b4653f8332fcaf878
:10c1500000209b88aaf80430b5f800212ab1d5f850
:10c16000fc100af1060020f02ffa4ff00008d5f875
:10c17000f871464695f8f430b34202d803b0bde8f2
:10c18000f08f3c69dff820b123686ff3020323606e
:10c190002368012262f3c40323602368042262f34c
:10c1a000ca132360236862f3ce23236095f8f4302a
:10c1b000013b9e4251d123686ff3de332360236835
:10c1c0006ff3df732360bbf800306168a9eb0302f3
:10c1d00092b262f30f0161606268aaeb03039bb243
:10c1e00063f31f426260a3686ff30103a360a36857
:10c1f00043f00403a36099f8012095f83f1095f8e7
:10c200002b001cf0b0fa31b2c7e90708c7e9059a5c
:10c2100005eb810200233c613b7287f82830c2f8ad
:10c22000c470c2f8d040c2f8dc3095f8f4208630f3
:10c230008044501e86421bd105eb4201a1f8e63036
:10c24000a1f8ec300eb3c5f890810023f0188242bb
:10c2500020dc01363f68f6b28ce7dbf8002004f101
:10c2600010039b1a22689bb263f3de322260a6e7ba
:10c27000dbf800c005eb41011034a4eb0c04a1f87d
:10c28000e840a1f8ee30002edfd1c5f894810028f7
:10c29000dbd1d8e703eb4301014405eb8101013316
:0cc2a000c1f8a080dbb2d1e76c020020e6
:020000040000fa
:020000040100f9
:10c2ac00434d443a5265616443684d6170436d641b
:10c2bc00004552523a5374617475733d3078257849
:10c2cc0000434d443a52656164427566666572532b
:10c2dc00697a65436d6400434d443a52656164501c
:10c2ec006879436d6400434d443a53657444656604
:10c2fc0061756c74506879436d6400434d443a52d7
:10c30c0065616453756767657374656444656661dc
:10c31c00756c744c656e677468436d6400434d4472
:10c32c003a577269746553756767657374656444cd
:10c33c00656661756c744c656e677468436d6400fa
:10c34c00434d443a526561644d6178696e756d4434
:10c35c006174614c656e677468436d6400434d4451
:10c36c003a5265616452737369436d6400434f4e76
:10c37c004e3a41434c206465736320616c6c6f636f
:10c38c00206661696c3a2530327800434f4e4e3a44
:10c39c004c4c206465736320616c6c6f6320666128
:10c3ac00696c3a2530327800416e63686f72204dab
:10c3bc006f76653a48646c3d3078253034780043ac
:10c3cc004f4e4e3a41636c5478446f6e653a4864f4
:10c3dc006c3d3078253034782c6c656e6774683d14
:10c3ec00257800434f4e4e3a4374726c506475522c
:10c3fc0063763a48646c3d3078253034782c4f7035
:10c40c00436f64653d3078257800434f4e4e3a4477
:10c41c006174615263763a48646c3d3078253034ef
:0cc42c00782c6c656e6774683d25640018
:020000040000fa
:020000040100f9
:10c43800f0b585b0002303935c4b019005460f4689
:10c448000093022201237521ec2007f0f1fa21f074
:10c4580007f9d0b9564e30683946043021f046fc09
:10c468000446002800f09e8090f87330083b012baa
:10c478000bd890f8423043b9eb0708d590f86830ec
:10c488001bb190f82431012b14d10c2408e08db98c
:10c4980090f86131012b14d10cf0caff78b9072448
:10c4a800444b0093019401230022ff21ec2007f064
:10c4b800bffa71e0012d77d894f86031eae70df002
:10c4c80087fd94f8613143b330683946043021f070
:10c4d8000dfc044690f8613135b3012b58d00c217e
:10c4e80002f084ff012384f8643194f86031012b51
:10c4f8004ed194f82e2001922f4a009273210222e5
:10c50800ec2007f095fa20460222002113f0ccf91e
:10c5180004f1f8001ff007fd3ae020460cf01cfa81
:10c5280004460028d0d0bbe7012b31d190f82e204b
:10c538000192214a009273210222ec2007f078fa36
:10c548000cf076ff039018b394f8663163b9d4f809
:10c55800f4311d60039ad4f8f43152685a60d4f863
:10c56800f4311360039a536094f8663143f0010381
:10c5780084f8663194f86031012b04d1022203a9b2
:10c58800204613f091f90398036843b121f0f6fcb3
:10c59800012021f05df80024204605b0f0bd0df023
:10c5a80017fdf5e742247be7112479e77f2801018d
:0cc5b800b0010020522801019928010167
:020000040000fa
:020000040100f9
:10c5c4002de9f04186b003790393c378029303887d
:10c5d400019305465a4b0093022201235121ec207a
:10c5e40007f028fa28881ef02dfe0746002800f0e0
:10c5f400a4801ef04bfb002800f0918001213846f6
:10c604003c681ef0a7f80021064638461ef0a2f842
:10c61400aa78032a804612d0eb78b3421dd1297937
:10c6240081421ad1042e0ad1eb88012b08bf84f869
:10c634006830eb88022b02d1002384f8683030463e
:10c6440020f00fff0446404620f00bff0023024673
:10c65400214638461af0fefa4ee012f0010f18bfd8
:10c66400072384f86332ab789b0754bf2b790723e5
:10c6740084f86432eb88a4f86c325a1e012a09d873
:10c68400012b08bf84f86830eb88022b04bf002319
:10c6940084f8683094f8c63143f0020384f8c63154
:10c6a40094f98032002b23da2b79042b04d1ea8805
:10c6b400d2b994f86820cab9002684f88b3284f879
:10c6c4008c62e87820f048fd0146384620f0a6f94f
:10c6d400012384f88d0284f88132384620f062f90f
:10c6e400304606b0bde8f081022ae5d00823e3e72e
:10c6f400384620f0adfe08b10026f1e794f8c631c3
:10c7040060f3410384f8c63107260e4b009301966b
:10c7140001230022ff21ec2007f08cf9e0e72868d0
:10c72400696804ab03c3082204ab042138461bf038
:10c7340082fb06460028e8d1dee70226e5e700bfd3
:08c74400c1660001466400011a
:020000040000fa
:020000040100f9
:10c74c0037b55d4d2b68d3f898420cb9d3f89c42a1
:10c75c00c3f8a04221f050fa20b9584bd3f8ac30b2
:10c76c00590616d5237a012b554b1a680cd15368f0
:10c77c0043f400435360a36a13b120461cf0fbff43
:10c78c0020460bf0dffb55e0136843f400431360c5
:10c79c00f1e7002c4ed094f84d30022b4ad1adf875
:10c7ac0002000df1020101a81df032fbe37a012b0e
:10c7bc0017d1019ae36bbdf802101a44238f0b4476
:10c7cc009bb240f2e1418b42c2f31602019285bf4b
:10c7dc00a3f2e2430132adf80230adf8023088bf6b
:10c7ec000192b4f87430bdf80220019920461bf078
:10c7fc0049fe94f84f305a0725d51b0723d5304beb
:10c80c00a56d1a68536843f480335360a36a13b15f
:10c81c0020461cf0b0ff20460bf094fb95f84d30f1
:10c82c00022b0ad11ff0f5fb94f84f3023f00803cc
:10c83c0084f84f30002003b030bd22460021012087
:10c84c000ef08cfbf0e72b68d3f8a422002a2bd136
:10c85c0000282bd1c3f8a44220461ff0b3fd194b7e
:10c86c00226a1a60032384f84d3020461ef0b0fc77
:10c87c00237a012b124b1a6815bf1368536843f4c3
:10c88c00007343f4007314bf136053602b68d3f828
:10c89c002c332bb1a07a032894bf00200120984799
:10c8ac0020461df0dfffc5e70028c3d0044b1a68f3
:10c8bc00136843f480736ae774020020002401417a
:08c8cc00700200208002002030
:020000040000fa
:020000040100f9
:10c8d4002de9ff47054630b1022800f09a80002078
:10c8e40004b0bde8f087544b1b780bb11df06eff0c
:10c8f400524c2168d1e93423cde9002300230022de
:10c904008b70c1e93423236803f10b0203f1330074
:10c9140012f8011b0d448242adb2f9d1ed0893f82f
:10c9240003c0dff81881dff82491c5f12505edb2c5
:10c93400ac4538bfac460020d8f800309b79834220
:10c9440048d901224ff0000e0c2ad3b23cd00b2b55
:10c9540094bf02f1ff3aa2f1020a4ff0010194bf21
:10c96400a2f12103a2f12203caf1200521fa05f55f
:10c9740001fa03f32b43d9f8005001fa0af1d5e97f
:10c9840002a501ea0a0603ea050756ea07051bd0d1
:10c99400d4f800a00aeb0205ed7a854214d1daf846
:10c9a400d4500395daf8d0502943039d2b43cae9a8
:10c9b40034139af8023001338af8023023689b78e2
:10c9c400634528bf4ff0010e0132272abcd1bef1c6
:10c9d400000f1bd024682822002104f10b0020f052
:10c9e4006ffcd4e93423dde900018b4208bf8242a5
:10c9f4003ff475af124b1b6813b104f1d000984794
:10ca04000e4b1868d03015f0bdf968e70130c0b29c
:10ca140092e70a4b1b680021b3f8c82008460df0c2
:10ca24006df818b9044b01221a7058e7054b0648f3
:10ca3400196803f087ff52e754020020f80200202f
:10ca4400300200205002002038020020b8010020eb
:020000040000fa
:020000040100f9
:10ca54002de9ff470c461cf0a5fc054620b903242c
:10ca6400204604b0bde8f0872088013880b24ff634
:10ca7400fd739842f3d8ab886288033b9a42eed8a0
:10ca840002aa01a91cf0befc0028e8d0019e4e4970
:10ca9400306802221ff088fd0028e0d194f8f820c5
:10caa40073681b2a1b784cd113f0100fd7d0208841
:10cab400013002aa01a980b21cf0a4fc0028ced047
:10cac40022880199013292b228461df06bfa00289f
:10cad400c5d1019b0df10200596821f0b5f894f815
:10cae400f8601b2e32d1bdf80230da07b7d5b4f89e
:10caf400029034f804ab09f103081ffa88f84046a1
:10cb040021f0dffa074600285bd000f1100331461c
:10cb140003a8039321f09ef8514603a821f0a0f83e
:10cb240021464a4603981ff04dfd3a4641462846a1
:10cb34001ff0dcfa0446002892d0384621f012fb9c
:10cb44008ee71d2ab3d113f0200fafe71d2e86d137
:10cb5400bdf802309b0782d523882b82ab7c73bb44
:10cb6400b4f80290b4f800a009f103081ffa88f899
:10cb7400404621f0a6fa074618b300f110033146e7
:10cb840003a8039321f066f8514603a821f068f83e
:10cb9400211d4a4603981ff015fd3a464146284692
:10cba4001ff0a4fa04460028c7d10123ae74a5f8e7
:10cbb4007630064905f16c0003f0c4fe50e7072403
:10cbc4004ee702244ce700bfa69e0101a064d101f8
:020000040000fa
:020000040100f9
:10cbd4002de9f743002390f8202004461d4622fa4d
:10cbe40003f1c90748bf013503f1010348bfedb2a2
:10cbf400032bf4d194f8733013f0fd0f4cd10420bf
:10cc040008f036fd05eb4505c4f84801edb24a20ad
:10cc140008f02efdc4f85401422008f029fdc4f8a0
:10cc24004401ff2008f024fdc4f84001042000eb77
:10cc3400051008f01dfd82b20746002a48d1424b78
:10cc44000093fe210123ec2006f0f4fe07f1040911
:10cc54002c20684321f044fa94f87330032b0646e1
:10cc640038d13fb1d4f8483123b1d4f854310bb1a1
:10cc7400002865d138461bf069fad4f848011bf046
:10cc840065fad4f854011bf061fa304621f02afa0f
:10cc9400072003b0bde8f083012b01d0042b08d199
:10cca400022008f0e5fc6d00c4f84801edb20c2048
:10ccb400aee7032b0ad1022008f0dafcc4f84801dd
:10ccc400252008f0d5fcc4f85401afe70025ade7f2
:10ccd4008146bde767b1d4f848314bb1d4f854313b
:10cce40033b1d4f844311bb1d4f8403103b138bb6b
:10ccf40038461bf02bfad4f848011bf027fad4f875
:10cd040054011bf023fad4f844011bf01ffad4f8a1
:10cd14004001b8e7c6f81090b8f1000f00d1f760f1
:10cd2400314604f5fc7020f0c7fe08f1010809f152
:10cd340010092c365ffa88f8a845ebd10020a8e743
:0ccd44004ff00008f8e700bfc4a901018f
:020000040000fa
:020000040100f9
:10cd50002de9f04385b0044620f08efc002840f019
:10cd6000a980564b257b1b6823b193f8c030012b5b
:10cd700000f0a0805db9294602a81ef079fe9df85a
:10cd8000083053b11224204605b0bde8f083012dd0
:10cd900016d120f051fc0028f4d0494b1b6898476d
:10cda000002840f08980237983bb6079454ba11d21
:10cdb0001b6800f00100984700283fd00b24e2e7f1
:10cdc000ab1e012be9d89df80830627962f30003ad
:10cdd0008df808302346002653f8062f8df806609c
:10cde0009b88cdf809200df1060102a8adf80d30a1
:10cdf00017f09ef80028d0d0022dcad131460df18f
:10ce000007001ef035fe9df80730bae72e4b1b6871
:10ce1000a3b12c4d044602aa0df1070120461af0d9
:10ce2000ddf820b10134e4b2082cf4d1c6e72b6858
:10ce30009df8070002a998470028f3d14ff49a7192
:10ce4000022012f023f88146842008f013fc0646e5
:10ce5000252008f00ffc05461ff04efe80460cf022
:10ce6000ebfa0746b9f1000f22d0b8f1000f1dd040
:10ce7000e0b1deb1002d14bf00240724484618f0ad
:10ce800047f9b8f1000f02d0404621f04bf917b135
:10ce900038460df0a1f816b130461bf059f9002db7
:10cea0003ff471af28461bf053f96ce70724e5e720
:10ceb0000724e6e70c2466e7072464e7d8fb002094
:0ccec0000c02002014020020d8fc00200e
:020000040000fa
:020000040100f9
:10cecc002de9f04f89b00546574b00930222012300
:10cedc000521ec2006f0aafd95f800806e78af884d
:10ceec0020f0bcfb002840f09380504c2068414659
:10cefc00043020f0f9fea0468246002800f08a801b
:10cf0c0090f86031012b02d1032e40f081800af59c
:10cf1c00987020f06cfa40f27263384498420add43
:10cf2c00d8f800002978043020f0defe012111f041
:10cf3c00edfc072430e0032e15d9b31e022b05d8c7
:10cf4c000cf074fa0028f4d00df040f89af8733015
:10cf5c0013f0fd0f2ad00a3b012b2bd9032e00d145
:10cf6c0047b3122418e0002fe7d0102021f0b4f8ba
:10cf7c008346384621f0b0f88146bbf1000f4bd008
:10cf8c00002858460cbf0724002421f0a7f8b9f15b
:10cf9c00000f44d1002cd0d0254b009301940123d9
:10cfac000022ff21ec2006f041fd2de0032ed8d10c
:10cfbc001f2fd6d8d8f800002978043020f094fe22
:10cfcc00ab7880f80931ab88029390f82e3001933e
:10cfdc00184b00930446022206210123ec2006f094
:10cfec0025fd6b788df81430ab88adf8163005a89c
:10cffc00ab680693012507948df8155004f0daff01
:10d00c00284620f023fb0024204609b0bde8f08f11
:10d01c000c24c1e74224bfe700288ad007244846e5
:10d02c0021f05cf8b6e700bf5b900001b001002076
:08d03c002e8f0001439000015a
:020000040000fa
:020000040100f9
:10d0440010b588b0f4f7e2ff04f0b4fe454b18685d
:10d0540020f49f7020f001004ff2d0231b6840f0b1
:10d064001200984713f084fcfbf7b1f915f032fe77
:10d0740011f01af81ff062ff0120f4f777ff3a4b22
:10d084003a4a1a603a4a5a603a4a9a603a4ada6024
:10d094003a4a1a613a4a5a613a4a9a613a4ada6110
:10d0a4003a4a1a623a4a5a623a4a9a623a4ada62fc
:10d0b4003a4a1a633a4a5a633a4a9a633a4ada63e8
:10d0c4003a4a1a64002110200ff0ecf904222021be
:10d0d40037481ff053fb00230593069307930df184
:10d0e4001600f6f7c3fa9df8153060f300038df8c7
:10d0f40015300df11d00f6f7cbfa9df8153060f3ed
:10d1040041038df8153005a8f6f7e8fa10b90323a2
:10d114008df814300df11f010df11e0000f0d3f84d
:10d124009df8153060f382038df8153000240194c6
:10d1340002940394049401238df80c304ff4e040de
:10d1440000901df05ffe0190049405ab6a46064909
:10d15400174802f0adf81ff041fb12f03bfb08b09a
:10d1640010bd00bf002401443c00002051c702014f
:10d1740019cc020197230201edd2020169c7020111
:10d18400c5690201ffd2020181c702012dcf02014c
:10d19400016a020111d3020123d3020105cf020166
:10d1a40019cf02012fcc020109ae02012fe00201c6
:04d1b4003400002023
:020000040000fa
:020000040100f9
:10d1b800f8b5104b104a9a6044780323b4fbf3f394
:10d1c80003eb4302a41a14f0ff0411d1deb20546a2
:10d1d8002746b74201d12046f8bd2979eb78a878cf
:10d1e80003eb0121013715f0e3fdffb20335f0e74a
:10d1f8000124f0e7003e01448848090030b5427830
:10d20800034612f0030010d19208023301469142fe
:10d2180000d130bd5d8833f8044b04f1824404f535
:10d22800b03401312580c9b2f1e70120f1e72de9d9
:10d23800f04142780323b2fbf3f303eb4301521aa4
:10d2480012f0ff0621d1dff84880dfb204463546e8
:10d25800bd4202d13046bde8f0812379e178a0785b
:10d2680001eb032189b201f07fffa178082906d1db
:10d27800e37888f800300135edb20334e8e7512946
:10d2880004bfe37888f80130f5e70126e2e700bf3c
:10d298006801012050f8022f024b1a6002791a71b6
:10d2a800704700bfb000002008b51822002120f008
:10d2b80005f801461020f6f7a3f9b0fa80f0400906
:10d2c80008bd034b1a785b7802700b700120704719
:10d2d80068010120114b1a68114bd96821f0f851e7
:10d2e800d960d968c2f3035212061143d96019698b
:10d2f80021f0f8511961196911431961596921f02f
:10d30800f8515961596911435961996921f0f851e6
:10d31800996199690a439a61704700bf0003004404
:04d32800003e01447e
:020000040000fa
:020000040100f9
:10d32c00f8b54b4b4b4e002207460c4601204ff4f0
:10d33c0096711a6011f0a4fd4ff4967130600120c3
:10d34c0011f09efd444b366818600546002e7dd0ca
:10d35c0000287bd0414b1f80414b002c74d1b7f57a
:10d36c00007f94bf042208221a703e4f38460024d6
:10d37c001822214600f8044b1ff09eff3a4bfb602d
:10d38c003a4f3846182200f8084b21461ff094fffc
:10d39c00374b3b61336801221a739e60dc851c6538
:10d3ac0083f82c4003f15c0203f59670147082f83c
:10d3bc00244082f82d4082f82e4082f82f401463ce
:10d3cc0034328242f2d101222a481a74c3f8120074
:10d3dc002b6800211a739d60dc851c6583f82c403a
:10d3ec0003f15c0203f59670117082f8241082f838
:10d3fc002d1082f82e1082f82f10116334329042c7
:10d40c00f2d11c4ac3f8122003241c741a490120bf
:10d41c0020f0d0fc1949022020f0ccfc1849204601
:10d42c0020f0c8fc1749052020f0c4fc1649062042
:10d43c0020f0c0fc1549072020f0bcfc0820144942
:10d44c0020f0b8fc0020f8bd1c708ee70720fae72e
:10d45c00c0fc0020200200201c02002052fd0020f5
:10d46c0063fd0020acfa00200101050170fa0020d8
:10d47c0001010601100005008926000195b1020189
:10d48c00f9750001d5df0201e9df0201cbdf0201f2
:04d49c00dfdf0201cb
:020000040000fa
:020000040100f9
:10d4a0002de9f0471ef094fa504b1a68013a1a60c1
:10d4b0001b68002b40f093804d4b1b680bb9002478
:10d4c0008ee000234b491c464b4801264b4adff8af
:10d4d0003ca1dff830c10d68002d5fd0cb68db6860
:10d4e000d3f828e0dd691f6aaf601d6adf696f60ed
:10d4f00003f11808def80450454504bf1d6acef854
:10d5000004509c62def80050013dcef80050d3f884
:10d510001480dd689f68bd609f686f6003f1040e32
:10d52000d8f80450754504bfdd68c8f804505c6144
:10d53000d8f80050013dc8f80050dd6ad0f80090de
:10d5400006fa05f848ea0908c0f8008005eb8505e9
:10d5500002eb85056d689d60d5f80880c3f80c80e6
:10d56000c8f804e0c5f808e0d3f82c804fea880535
:10d5700005eb080e02eb8e09c3f8149052f82ee06a
:10d580000ef1010e454442f825e0daf80050ed6a4c
:10d59000df6aaf429fd3ccf800609ce70bb11cf070
:10d5a000d3fe174b1c686cb1164e012501e0013cff
:10d5b00005d0fdf70dfc0028f9d03560f7e7104bda
:10d5c00000221a600f4b1c6854b10f4b4ff0805271
:10d5d0001a60bff34f8fbff36f8f012400e0002468
:10d5e0001ff0c2fc2046bde8f08700bf44fc0020cd
:10d5f0003cfc002024fb00204cfc0020bcf7002059
:10d600005cfc002068fc002004ed00e030fc002001
:020000040000fa
:020000040100f9
:10d61000010c000085c10201630c0000a1c10201e0
:10d62000011000009148020102100000fd99020162
:10d6300009100000b17f0201031000002d19020142
:10d6400001200000bdc1020103200000e57f0201ae
:10d6500005200000f1b902010f20000079740201d9
:10d660001020000071cc020111200000d9a002019d
:10d670001220000003a102011420000011a40201e5
:10d6800018200000b174020117200000b136020119
:10d690002520000087cc020126200000e97b020142
:10d6a0005e200000955e0201272000003587020100
:10d6b000282000002da10201292000009dcc02019c
:10d6c0002a2000001f7c02012b20000025570201a8
:10d6d0002c20000079d701012d20000039a402017f
:10d6e0002e200000198002014b2000002754020167
:10d6f0004d2000004d8002014c20000069570201be
:10d700004e2000001b67020174200000557c0201be
:10d7100050f80000e509020151f80000e989020112
:10d7200052f80000490a020155f80000a3b60201b0
:10d7300056f80000a5cf02010dfc0000b3cc020199
:10d7400024fc0000299a02012efc0000559a0201d7
:10d750002ffc0000854302017dfc0000913902018d
:10d760007efc000081b6020182fc0000e153020150
:10d7700085fc0000cd120201c6fc0000198a0201de
:020000040000fa
:020000040100f9
:10d78000f7b5534c00940546012302224521ec20b5
:10d7900006f052f92846fff7dbfa0646002840f06b
:10d7a0008d804ff49a71022011f070fb494b046890
:10d7b0001c60e0602b792374012363762a886283de
:10d7c0006b88a3839a4204bfda1c62832a7b227689
:10d7d0006a796274aa8a22862a8aa284ea89e28302
:10d7e0006a8a62852a8ba287ea8ae28655f8062f22
:10d7f000c4f81220aa88e28240f271225343c4f88e
:10d80000c8304ff47a73c4f8cc30638b5a43324b30
:10d81000c4f8dc20c4f8c430842007f02bffc4f81f
:10d82000b400252007f026ff00254ff400730127e0
:10d83000a4f80e31c4f8b000257284f8e670a4f89c
:10d840000b510e201ef0f2fc042184f8e70084f84e
:10d85000c07038460ef0b8ff2946204615f0a3ffe9
:10d860001ff04af9c4f8ec000bf0e6fdd4f8ec2008
:10d870001a495162d4f8ec2019499162d4f8ec208d
:10d880001849d162d4f8ec2017491163d4f8ec2080
:10d89000e1681162d4f8ec201560d4f8ec204168fe
:10d8a0005160d4f8ec200a60426029460df0f6fe83
:10d8b00038461ff0c9fe304603b0f0bd0f3401906a
:10d8c000009401230022ff21ec2006f0b5f8f2e7d6
:10d8d00098870201d8fb002000000103f9430101f1
:0cd8e00031e10201df97020159920101c1
:020000040000fa
:020000040100f9
:10d8ec002de9f0470521074600201df029ff0446cd
:10d8fc00002800f087803e681823037396f8663280
:10d90c0096f8635296f864921d4096f8653209eacf
:10d91c0003094ff00003a0f80d30012138461cf02c
:10d92c0015ff0021824638461cf010ff96f8641251
:10d93c00804696f863021cf032fc30b996f86512fa
:10d94c0096f866021cf02bfc70b315ea090505d09d
:10d95c00aa4501d1a84501d06573a573637b86f8f0
:10d96c006832a57b86f86952637b1d434cd01ff04f
:10d97c009ffb0546002841d01823c3710123437136
:10d98c0006f51a73c3600146384620f0fffa2146ab
:10d99c0038461ff04bf896f8681238460ff0dcf852
:10d9ac00a6f89e0101202de005ea0a03dbb2002b4c
:10d9bc0018bf002519ea080f44d12db1e8070cd483
:10d9cc00a9070dd5022309e0b9f1000fc6d019f053
:10d9dc00010f09d00123a373c0e701236373f6e79a
:10d9ec006a07f4d50423f9e719f0020f01d00223da
:10d9fc00f1e719f0040fb1d00423ece7204620f036
:10da0c00c0fa2846bde8f087e573257496f8c63150
:10da1c009b0712d5012138461cf098fe1ff01dfd06
:10da2c002946804638461cf091fe1ff016fd2b4609
:10da3c0002464146384619f009f9132138461cf0c4
:0cda4c0079f9a4e7002d89d08146b7e7e6
:020000040000fa
:020000040100f9
:10da5800f0b585b00468cb790293238801930e460c
:10da6800534b00930546012302225d21ec2005f06b
:10da7800dffff379012b29d05eb21eb1182b2cd011
:10da880005b0f0bd284611211cf056f994f8c631ae
:10da9800d80703d53146284616f065ff20f050f91f
:10daa8000128edd994f89c30002be9d00021d4f856
:10dab800780120f0a5f90028e2d094f89c30013bc9
:10dac80084f89c30012384f89d30d9e71221284638
:10dad80005b0bde8f0401cf02fb9132128461cf012
:10dae8002bf9012128461cf033fe1ff0b8fc002159
:10daf800074628461cf02cfe1ff0b1fc0023024606
:10db08003946284619f0a4f894f98032002b2ada0d
:10db180094f86460012e26d1032f38d194f87a3214
:10db280084f893320026042384f89232022184f880
:10db3800946228461ef070ff84f8950228461cf06f
:10db4800dffd94f87b3284f89332082384f89462da
:10db580084f89232394628461ef05eff84f8950212
:10db680028461cf0cdfd002384f88132114b1b6838
:10db78001a7cd10754bf5a7c072284f863221a7c86
:10db880092074cbf07239b7c84f8643278e73146c0
:10db9800204619f0dcfb002384f8943223188640d1
:10dba80093f8783284f89332014684f89262d2e787
:08dbb800c8300201b801002091
:020000040000fa
:020000040100f9
:10dbc0002de9ff41554b05681e7895f80f80544ca0
:10dbd000342303fb0653074693f88720013283f86a
:10dbe000872020f029f910b3d4f86c3fd904c3f38f
:10dbf00000321cd4d4f8683f1b0318d508f0fd0888
:10dc0000b8f1010f13d1d4f8603f98050fd5d4f8bf
:10dc1000683f99000bd54349d4f8683f0978c3f3ae
:10dc20000263994203d08df8082002a92de0ff235a
:10dc30008df801301ff0cefad0bb20f0f7f8b8bb5a
:10dc4000d4f86c3f1b0533d40df1020201a928461c
:10dc500016f036fa804658bb019b1a68cdf80920a9
:10dc60009b88adf80d309df802209df808300df12d
:10dc7000010162f3000302a88df808300ff038f8b4
:10dc8000b0b18df803800df1030138461bf0ccfada
:10dc9000d4f8283143f00803c4f82831d4f82831e7
:10dca00043f00403c4f82831002004b0bde8f0813b
:10dcb000342303fb0653d4f8201193f85e2002ebc3
:10dcc000116283f85e20d4f8202193f85f10c2f32c
:10dcd00007420a4483f85f20d4f828319df80110e8
:10dce00043f00803c4f82831d4f82831284643f01b
:10dcf0000403c4f8283107f055fe6b7c012b07d1d3
:10dd000028461af0e3fc18b100238df808308ce7a0
:10dd1000284612f0f9fb11f0effcc5e7ed020020f8
:08dd20000024014172fd002006
:020000040000fa
:020000040100f9
:10dd28002de9f043046894f8ac31062b93b007460c
:10dd380040f0a380002112f073f994f88b021ff0d1
:10dd480009fa94f88f3284f8853294f880325a07a9
:10dd5800054622d56ff3820384f88032002241f20f
:10dd68002103adf800308df804202388adf8063083
:10dd780002238df80830431c8df8093094f890324e
:10dd88008df80a3094f88e328df80c20c3f3010315
:10dd980068468df80b301af029fb94f990327e2be7
:10dda80061d07f2b1fbf621982f8743294f88e32cb
:10ddb80082f87c3294f89132013bdbb2fd2b52d8c9
:10ddc800294638461ef028fe94f8913266195ffa03
:10ddd80080f88146a8eb030304f51c7086f87032be
:10dde8000121284418f0f6fa96f9702286f878028c
:10ddf8004a4514d0a2eb080284f8942296f87832a7
:10de080084f893320123ab4084f89232294638468d
:10de18001ef002fe84f8950238461cf071fc94f856
:10de28008032db071fd541f22103adf80030002313
:10de38008df804302288adf8062001358df80830b9
:10de48008df8095096f970328df80a3096f87822d4
:10de5800a3eb0803c2f3010268468df80b208df886
:10de68000c301af0c3fa94f88132012b09d13846e4
:10de78001ff0ecfa13b0bde8f08324211df0a6fcd6
:06de8800f8e70120f6e7b7
:020000040000fa
:020000040100f9
:02de8e00fee7ad
:020000040000fa
:020000040100f9
:10de90002de9f04385b00446884601921d460027cf
:10dea000534e46e0a66b2a464146204610f0befc83
:10deb000a36ca3b1022d00f09680204614f0f0fa76
:10dec00038b14b4b4ff080521a60bff34f8fbff306
:10ded0006f8f1ff049f8012005b0bde8f083636a39
:10dee00053b90028f5d0424b4ff080521a60bff36f
:10def0004f8fbff36f8fece704f1240006f082fd33
:10df00000028e6d03a4b4ff080521a60bff34f8f93
:10df1000bff36f8fdde71ff027f80020dce702a8d2
:10df20001ef046fc12e020460df086f9fff7b8fa25
:10df300001271df04dfda26be36b9a42b2d3022d77
:10df400047d0019b002be6d0002fe8d01ff00cf843
:10df50001ff0eafa1df03cfd94f844305bb2b3f1d7
:10df6000ff3f04bf002384f8443094f845305bb28f
:10df7000b3f1ff3f04bf002384f845301ef0f4ffe7
:10df800001a902a80ff0bafbe0b91df021fdd4f8f9
:10df90003890e76b1ef0e8ffb945c4d1019904f150
:10dfa00010001ef0d3f820460df046f9fff778fa7e
:10dfb0000028bdd14ff080533360bff34f8fbff3c4
:10dfc0006f8fb5e720460df037f9fff769fa0020ab
:10dfd00082e7a66b02224146204610f027fca36c84
:10dfe000002b3ff47caf002e7ff473af65e700bfda
:04dff00004ed00e05c
:020000040000fa
:020000040100f9
:10dff4002de9f04f97b01cf0bdff504bdff8509166
:10e004001a886ff3820283461a8000270beb0703fa
:10e0140023f0704303934a4b1d7859f825404ff081
:10e024000208484b03ebc5030593002694b949f84d
:10e0340025400024a6426dd8b8f1010f76d0404b9c
:10e044001d7885f001054ff0010859f82540e8e7ef
:10e054004746dbe7039a6368d31a1a01e7d494f8b6
:10e0640014a0baf1000f2ad1042011f06ffe60b1a0
:10e07400227a6af345122272a26842600279e16848
:10e084008160530718d11af06dfd1ef0b1f82d4bc5
:10e09400049053f83520d4f800a0eab92a4b009331
:10e0a40011460523ef2005f0c5fc04981cf050ff31
:10e0b400002323755446b9e71cf098fae5e71af0f3
:10e0c400020fe2d02369636016aa731c02eb860672
:10e0d40046f8404c9eb2d8e7944210d143f835a09c
:10e0e400baf1000fe1d1059a03ebc5035a60dce7ee
:10e0f4001a4623b9154b009301210523d2e713686f
:10e104009c42f5d123681360002bced10d4b03eb59
:10e11400c503ebe716ab03eb84030022039953f822
:10e12400400c013409f090fce4b283e7002f8fd057
:10e13400584617b0bde8f04f0df022ba203e014119
:10e144005ffd002074fb00202e2202014622020102
:04e15400d0fb0020dc
:020000040000fa
:020000040100f9
:10e158000021f8b50846524a524c534e1ef09cfb1b
:10e168004f4a002101201ef097fb4ff44f701ff01b
:10e17800b5ff4ff44f72002120601ff09ff80c206c
:10e188001ff0acff23683060002119605960996066
:10e19800236883f89412c3f8981203f5e27203f522
:10e1a8000b70c2e9001208328242fad103f52a70d4
:10e1b800c3f8a812c3f8ac0283f8b81283f8951212
:10e1c800c3f89c1203f525700021c2e90012083239
:10e1d8009042fad103f52c72c3f8b422c3e9a8110e
:10e1e80003f5c072c3f884210022c3f8b01283f883
:10e1f800b91283f8c011c3f880110c2710462168a2
:10e2080007fb02f3194401320860486088602168fe
:10e21800c8502168d1f884511944202a4d602960da
:10e2280021680b44c1f88431e9d14ff4c473002547
:10e2380022681a440833b3f5e07f15605560f7d1ba
:10e248000ef010fd2368012283f8342300201ff00c
:10e25800dbfc2368c3f838531ff0dcfc2468302249
:10e26800002104f52f701ff029f83022002104f551
:10e278003c701ff023f83368a4f8ba52a4f8ec52a3
:10e28800c4f82653c4e9cb551d60336807485d6060
:10e298001ff0aefc0648bde8f8401ff0a3bc00bf65
:10e2a800c58402017402002070020020e53c0101cf
:04e2b80089d80201fe
:020000040000fa
:020000040100f9
:10e2bc002de9f84300201cf023fe814601201cf0c0
:10e2cc001ffe074602201cf01bfe4d4b1d6895f8e7
:10e2dc0024608046002e60d14a4cb4f8ac30202229
:10e2ec0043f0400305f1250104f5a060a4f8ac301f
:10e2fc001ef064f92022444904f5a4601ef05ef976
:10e30c002022424904f5a8601ef058f9b4f8a43054
:10e31c0066f34103a4f8a430b4f8a43066f30413f4
:10e32c00a4f8a430b4f8a43043f08003a4f8a430cb
:10e33c00b4f8a43066f30003a4f8a430b4f8a43005
:10e34c0043f00203a4f8a4304ff6ff7100201af03a
:10e35c0035fc4ff6ff7101201af030fc4ff6ff71bf
:10e36c0002201af02bfc494600201cf0dbfd39463c
:10e37c0001201cf0d7fd414602201cf0d3fd244a9d
:10e38c000d21012018f0eafb47f4005189b201205d
:10e39c001cf0c8fd0020bde8f883012ed4d1194c27
:10e3ac00b4f8ac3043f04003a4f8ac302022296a16
:10e3bc0004f5a0601ef002f92022e96904f5a460be
:10e3cc001ef0fcf8e9692022114404f5a8601ef047
:10e3dc00f5f8b4f8a4306ff34103a4f8a430b4f802
:10e3ec00a4306ff30413a4f8a430b4f8a43043f0b1
:10e3fc008003a4f8a430b4f8a4306ff300039be7b7
:10e40c00b801002000240141189201013892010149
:04e41c004571020143
:020000040000fa
:020000040100f9
:10e4200070b5046888b0054616461df039fa236eab
:10e430005b020ed517f020fa236e23f480032366c7
:10e440001cf012f916b1304619f09cfe002008b0fd
:10e4500070bda37d012b4ad194f82210002946d02b
:10e46000a37f002b43d020461ef058f900283ed051
:10e4700094f82230d4f80423c4f88c51834214bf9a
:10e480000823002384f89431a37fc4f89021032b40
:10e4900084f8950184f896310ad11378022b07d1bc
:10e4a00017f0eaf9236e43f0004323661cf0dcf812
:10e4b00004f5c67203951068516804ab03c39068f5
:10e4c000d168142203c3009603ab2b49012014f03a
:10e4d000aefb94f89c0101280dd1022384f89c31f5
:10e4e000042203ab2549039512f0def903e016b1cf
:10e4f000304619f047fe1df01bfc94f91b30a07646
:10e500007bbbc300a383e07694f98032002b15da3d
:10e5100094f8ac3193b994f8ae31213b012b0dd96d
:10e5200094f8813253b9b4f88932b4f898209b1a20
:10e530001bb2002b02dc284608f0a0ff94f89e32a4
:10e5400003f04102412a81d194f98022002abff6ca
:10e550007daf6ff3861384f89e32284606f008f9e3
:10e5600074e7b4f91c30a3ebe30303441bb2a383a9
:10e57000db10e376c8e700bf60040101010601017a
:020000040000fa
:020000040100f9
:10e580002de9f047052192b0074600201df0def886
:10e590000646002800f092803c6894f88b021ef03a
:10e5a000ddfd2423337394f98c3280462518002b2b
:10e5b00000f08780014638461ef032fa94f88c321b
:10e5c0005ffa80f904f51c7a4b44c24485f8703236
:10e5d0000121504617f002ff95f8703285f8780255
:10e5e000a3eb090284f88f2294f89122ff2a19d113
:10e5f00095f87822920715d094f98c22002accbf86
:10e6000003f1ff3301335bb285f8703201215046cc
:10e6100017f0e4fe95f8703285f87802a3eb090351
:10e6200084f88f3294f88032db0720d541f2210341
:10e63000adf8003000238df8043022888df80830c2
:10e6400008f101038df8093095f97032adf8062014
:10e650008df80a3095f87822a3eb0909c2f301027c
:10e6600068468df80b208df80c9019f0c3fe4146da
:10e6700038461ef0d5f994f8913284f89002ff2bb9
:10e680001cbf002384f8913294f89122531edbb210
:10e69000fd2b19d8b4f89830a4f887320233a4f8c7
:10e6a000893295f8783284f88e32d4f88e32c6f8f2
:10e6b0000d30384631461ef0bff9012012b0bde8da
:10e6c000f08784f88f32d2e7ff2ab4f8983004d16b
:0ee6d0003a79042a01d10733e1e70133dfe78d
:020000040000fa
:020000040100f9
:10e6de00f0b58db0002304290546adf80c30adf829
:10e6ee000e308df809308df80a3040f28f800539e2
:10e6fe00013203a88fb204a904921ef020fb04a9d4
:10e70e000df10e001ef01bfb2846049e16f079ff3d
:10e71e000446002860d11221bdf80c0016f03ff817
:10e72e000446002858d106aa05a9bdf80c001af017
:10e73e0064fe00286ed0059b2888da7b102109f034
:10e74e0063ff84b2002c47d1bdf80e301bb1059b80
:10e75e009b7bda0660d595f83b30072b5ed8059b80
:10e76e009b7bdb072ed52b88adf82430bdf80c3003
:10e77e00adf82630bdf80e30adf828301623adf8c2
:10e78e002c300df10901059b07930df10a0207a824
:10e79e00adf82a70089606f0c0f89df80a309df87c
:10e7ae000b10044643b3072916d8063155f821003d
:10e7be0090b11ff092fc9df80b300633002245f805
:10e7ce00232009e0bdf80c200df10b01284614f0b2
:10e7de00a4f904460028c6d09df8093053b9bdf8f7
:10e7ee000c20ecb9bdf80e30009331463b4628465e
:10e7fe0012f049fb0db0f0bd8b1d55f82330002be8
:10e80e00ead007aa284610f0cdfce5e71e461f46c3
:10e81e000424e1e70124dfe78024dde70924dbe7b8
:0ce82e00e3b2162128460bf09cfae3e749
:020000040000fa
:020000040100f9
:10e83a004144563a616464207072695265712c626f
:10e84a00573d256c75287573292c6f666673657438
:10e85a0032526566416e6b3d256c75287573292c9d
:10e86a0072616e6765324f66667365743d256c75b5
:10e87a0028757329004144563a6d696e42773d25e1
:10e88a006c75287573292c6d617842773d256c75f6
:10e89a0028757329004144563a616464207365639c
:10e8aa005265712c62573d256c75287573292c6f3a
:10e8ba00666673657432526566416e6b3d256c758a
:10e8ca00287573292c72616e6765324f66667365a7
:10e8da00743d256c7528757329004144563a616464
:10e8ea006420706572695265712c62573d256c759a
:10e8fa00287573292c6f6666736574325265664192
:10e90a006e6b3d256c7528757329004144563a741f
:10e91a007970653d307825782c73657449643d308b
:10e92a00782578004144563a616e6b3d3078256c03
:10e93a00782c62773d256c752875732900414456f9
:10e94a003a43523d30782578004144563a4c696e34
:10e95a006b20657869737421004144563a4c696e9c
:10e96a006b73207265616368206d61782100414490
:10e97a00563a7265736368446573632c61647645bd
:0ae98a007674547970653d25640031
:020000040000fa
:020000040100f9
:10e9940005292de9f74f81460d464ff000070ed0ab
:10e9a400adf800704ff0010a3e460424e3b252462b
:10e9b400042148460bf0daf9002e7fd07be00132c7
:10e9c40001a9684601921ef0bff901a90df10200e8
:10e9d4001ef0baf94846bdf800a016f017fe04462a
:10e9e400002878d1bdf80030002b76d0bdf8022085
:10e9f4009a4272d3b9f804001ff063fb064608b9c3
:10ea04001124d3e706f11003294601a801931ff04e
:10ea140021f94ff00108334bbdf80050bdf8020056
:10ea24001b681b68002b3dd09a89aa4202d99042e8
:10ea3400f7d31546d989a942f3d35b68aa1a03eb25
:10ea4400021b7db3b8f1010f9bf80e3039d103f0ee
:10ea54000403002b14bf02270127394601a814bf61
:10ea6400122404241ff0f6f84ff00208294601a8e6
:10ea74001ff0f6f8a21e92b2dbf8001001a8a04421
:10ea84001ef0f2fa1ffa88f8b9f8043008eb040211
:10ea94009a4207dc0135bdf80230adb2ab42adf8a5
:10eaa4000050b8d2b8f1010f1ad032464146484658
:10eab4001df01cfb10b130461ff054fb03b0bde841
:10eac400f08f5b0703d5012fefd00227cee7022f8b
:10ead400ebd00127cae73e4668e70646012465e70e
:08eae4000a2463e7140300207b
:020000040000fa
:020000040100f9
:10eaec002de9f04184b0044601914ff000084646f0
:10eafc0045464f4f43e0013ba36323684bb1236969
:10eb0c005bb91ef02bfa4ff00108404604b0bde88b
:10eb1c00f0811df023fba060f1e704f1100005f07b
:10eb2c006bff0028edd0424b4ff080521a60bff3c0
:10eb3c004f8fbff36f8fe4e71ef010fa4ff0000811
:10eb4c00e3e702a81df02efe23e01cf03bffa068bb
:10eb5c0007f006fd80461ef001fa40e020460cf05e
:10eb6c0065fbfef797fc09e020460cf05ffbfef717
:10eb7c0091fc20461ef06bf8002844d101261cf0b5
:10eb8c0021ffa36b002bb6d1019b002bd4d0002e00
:10eb9c00d7d01ef0e3f91ef0c1fc1cf013ff94f863
:10ebac0044305bb2b3f1ff3f08bf84f8445094f893
:10ebbc0045305bb2b3f1ff3f08bf84f845501ef0ff
:10ebcc00cdf901a902a80ef093fd0028ccd1204666
:10ebdc001ef03df80028c1d02368002bb5d0019958
:10ebec0004f124001df0acfa20460cf01ffbfef7dc
:10ebfc0051fc0028c2d14ff080533b60bff34f8fc4
:10ec0c00bff36f8fbae7b8f1000f3ff47eaf1cf083
:10ec1c00d9fe616a19b1236b1968c1f10501a068ad
:10ec2c000af094fd1ef09af94ff000086de700bf52
:04ec3c0004ed00e003
:020000040000fa
:020000040100f9
:10ec40002de9ff47046806468846d4e950571ef070
:10ec5000c1fa002839d11ff0e9f8b0bb494bd3f80d
:10ec60006c3f1805c3f3c0292fd4474b9df80820eb
:10ec70001b7804eb83030df10601d3f8eca12b689c
:10ec8000cdf80930ab88adf80d303b78c3f3801375
:10ec900063f3000202a88df808200ef029f8a0b155
:10eca00094f862318df80790022b07d14146304627
:10ecb0001af062fb002004b0bde8f087daf82c30cf
:10ecc0000df1070130469847f4e7284617f006fc97
:10ecd0000028efd194f8623123b12c4a138843f015
:10ece00020031380274bd3f86c2f12f4006f04f22b
:10ecf000731804f26d1630d1d3f86c2fd10523d5db
:10ed0000d3f8682fc2f3407192001dd584f86a11c0
:10ed1000d3f8683fc3f3026384f86b3194f86b0156
:10ed20001df09cfb94f86a3140f0020084f86c01fd
:10ed3000c3b90023c4f87331a8f804302b68c4f8b1
:10ed40006d31ab88b38018e0002384f86a313b78da
:10ed5000c3f3801384f86c31ebe794f86a31002b2d
:10ed6000dcd1f4e72b68c4f87331ab88a8f8043021
:10ed7000314694f86b0115f081fc204611f028fb18
:10ed800098e700bf00240141e0020020d6020020e5
:020000040000fa
:020000040100f9
:10ed90002de9f34190f8c130c668012b04462fd10c
:10eda000464b90f81611d3f82021c2f3076280f881
:10edb0001521d3f82021120e1ebfd3f81c21c2f357
:10edc000c30280f81421d3f82021c2f307420a4479
:10edd00080f816213a4a1268c2f3411280f81721ce
:10ede000d3f84421a0f81821d3f84421c2f30f42ec
:10edf000a0f81a21d3f84831c3f30803a0f81c3156
:10ee000020461af0f9f92f4b1d68804615b12046af
:10ee1000a84705462c4b1f6817b12046b847074640
:10ee2000b8f1000f3dd094f8e430012563f07f0382
:10ee300084f8e430204684f80c5108f087f8204626
:10ee400011f0fafa6b46042220490096284611f088
:10ee50002bfd17b1002384f80d3194f8c130012b3c
:10ee60000bd11b4b1a686ff3db6200201a600df0a8
:10ee700081ff2146002004f083fc002384f8c13088
:10ee800094f8e4308df8043005226b461149009661
:10ee9000012011f009fd204617f080fb02b0bde80b
:10eea000f081002dd5d094f8e43043f0400384f88d
:10eeb000e430094b20461b689847cae7002401410b
:10eec000c034014100fd0020fcfc002001020101d2
:0ceed0000c3a01410002010104fd002089
:020000040000fa
:020000040100f9
:10eedc002de9f34180460c200f4615461e461ff0c7
:10eeec00fbf80446002800f09380a0f8008087709f
:10eefc00858028461ff0f0f8a060002800f085807f
:10ef0c00a28831461df05afba388b3f5297f16d889
:10ef1c00a278022a4ed1012b11d920883e4f1bf02a
:10ef2c00a5fd0828054615d13b6800250c331a7839
:10ef3c0092b10135edb2082d03f10c03f7d1a068a5
:10ef4c001ff0ccf81ff0d4f8204602b0bde8f04119
:10ef5c001ff0c4b81af0b2faa3683a6818880c23e8
:10ef6c0003fb05f6043080b202eb060803f57e7352
:10ef7c009842a8f81200e2d81ff0aef83b68c8f827
:10ef8c00140033445a69002ad9d02288da8100222d
:10ef9c001a82dff88480a288d8f800600c276f43af
:10efac003e44308a738a811899420add28461af049
:10efbc0085fac4e720881bf059fd08280546e8d1de
:10efcc00bde77369a16818441df0f8faa288338a6a
:10efdc001344728a9bb29342338213d1218800224c
:10efec0001927069009001f5005189b240f2031052
:10effc001bf016f8d8f8003020881f449b687969fc
:10f00c009847d3e70123337399e71ff06ff89be719
:0cf01c0002b0bde8f08100bf2cfd002018
:020000040000fa
:020000040100f9
:10f028002de9f74304461f460a9809b1002a3fd044
:10f03800a36c23b194f81d80b8f1000f1dd1396875
:10f04800814235d17b68656e1b1a9ab295422fd8da
:10f05800257b206605b941029bb2b3f5487f216143
:10f06800a36e01d1e36602e09342fbd3e2664ff060
:10f078000108404603b0bde8f083e1b10025bc4675
:10f08800ff212b464ff6ff7e93420fd0dce900604c
:10f09800801b666e00ea0e094e4554d894f84f60fe
:10f0a8007607c0f3160046d5c5b21946ff2906d122
:10f0b8004ff00008dde7d7e90035ed1aedb2a37b84
:10f0c8000eb263bb237a012b42d1a36e9d423fd976
:10f0d80094f85030db073bd402210df1060011f003
:10f0e8000bf9a36ebdf80620c3f101032b44b2fb54
:10f0f800f3f503fb152557f8363053fa85f5c5f3b4
:10f1080016052566227b236e32bb5a022261e27afb
:10f11800012a01bfe26b9b18c3f31603236607ebb2
:10f12800c603226e5b689b1a9ab2b2f5487fa26e3c
:10f1380014d1e2669de7267a012eb5d186b2b54292
:10f1480001d2c5b219460133dbb20cf1080c9be7ba
:10f1580057f836302366d5e71a46d7e79bb293426d
:08f1680094bfe366e26684e750
:020000040000fa
:020000040100f9
:10f17000084b41f202029852074a118041f2040101
:10f180005a5842f480125a50044a1368db02fcd4e5
:10f19000704700bf002001410030014104300141af
:10f1a000094b41f2020241f2040198525a5842f4ca
:10f1b00080225a5019440a685203fcd441f22802b2
:10f1c000985880b2704700bf002001412de9f041fe
:10f1d00017460d46ed1b0135012406469846ac4006
:10f1e000fff7deff013c04fa07f504ea080420ea11
:10f1f0000500bc400443a1b23046bde8f041fff732
:10f20000b7bf38b515460c46641bfff7c9ff01347c
:10f210000123a340013bab401840284180b238bdd8
:10f22000074b41f614615a5842f004025a501944ef
:10f230000a685207fcd441f60c62985880b27047b5
:10f240000020014170b5800086b2fff7e9ff054656
:10f2500000bf00bf00bf0824b44200d370bdfff759
:10f26000dfff854288bf04f2e244641b10fa84f495
:10f27000a4b20546f0e7f8b54ff47a744cf2503377
:10f2800060430025b0fbf3f41e46a7b203fb140451
:10f29000bd4207d164b14ff6f8702040bde8f84098
:10f2a000fff7d0bf30460135fff7ccffadb2efe737
:04f2b000f8bd00bfe6
:020000040000fa
:020000040100f9
:10f2b400f0b5144687b0054618b90025284607b0ae
:10f2c400f0bd0029f9d0002af7d05268002af4d002
:10f2d4002268002af1d03e4adff810c111603d4f88
:10f2e4003d493e4e3e4893b93e4a8cf80030d2f830
:10f2f40000e0c1f800e00323b2f804e09279a1f839
:10f3040004e08a713b70f82333700e231fe05a78af
:10f31400d2074bbf1a46334a52f802efd2f800e044
:10f32400c1f800e0b2f804e0a1f804e092798a712f
:10f33400597811f0020218bf93f909208cf80020c3
:10f344001a783a704f07ded59a7adb7a32700370f6
:10f3540014f094fb224603ab52f8080f516803c320
:10f3640090681860d4e90023590705d0d91d21f00d
:10f3740007011a44521a0b46cde901231bf05ef92a
:10f38400dde9010113f0ccfd284605f013f905462b
:10f39400002892d0144b4ff48062c3f88420bff34a
:10f3a4004f8fbff36f8fa02183f82a13c3f88421f2
:10f3b4005a6005f0fdfb16f0cffe01a81cf066fbb9
:10f3c400237bdb073ff57aaf15f00af9054675e7ad
:10f3d40060010020740100206c01002075010020f0
:10f3e4007301002088e0020100e100e064010020d4
:020000040000fa
:020000040100f9
:10f3f4002de9f04f90f8219090f815a085b00446bf
:10f40400884600f1330500f16d0700f12306b9f1d8
:10f41400030f3fd8dfe809f0020a17172946002036
:10f424001cf024fb002384f8413033e0baf1f00fe0
:10f4340003d128461df022fe22e03b68c0f8333099
:10f44400bb88ab801ce09df8083090f8222062f362
:10f4540000038df808303368cdf8093002a8b3886a
:10f46400adf80d3013f0a8ff834658b10df1070134
:10f4740002a814f05bfd29469df807001cf026fc49
:10f484000123d0e7b9f1020f40d129461cf0eefa6e
:10f4940084f841b094f8423013b1ff2384f841302a
:10f4a4009df8083094f8222094f8215062f3000368
:10f4b4008df808303368cdf809304ff00009b3886f
:10f4c4008df8079002a8023dadf80d300cf088fad3
:10f4d400012d04f1390720d8f8b10df1070102a874
:10f4e40014f024fd9df80710484604f0ddfc39466d
:10f4f40002a817f08ffd0c4b196801eb88014b6ac9
:10f504000bb12046984705b0bde8f08fbaf1f00f73
:10f514008fd03b68c4f8333092e73368c4f839308d
:0cf52400b388bb80e7e700bfac0100200b
:020000040000fa
:020000040100f9
:10f530002de9f0474a4b04681b7804eb830386b03f
:10f5400006460d46d3f8ec91d4e950781df042fe02
:10f5500098bb1ef06bfc80bb424bd3f86c3f180588
:10f56000c3f3c02a29d43b68cdf80d30bb88adf871
:10f57000113098f800309df80c20c3f3801363f32a
:10f5800000020df1030103a88df80c200df0b0fb73
:10f5900098b18df804a094f86231022b07d1294666
:10f5a000304619f0e9fe002006b0bde8f087d9f832
:10f5b0002c3001a930469847f5e794f82f30012bfd
:10f5c000f1d1284dd5f86c3f190511d4d5f86c3f11
:10f5d000da0533d5d5f8683fc3f340729b002dd5cb
:10f5e00084f86921d5f8683fc3f3026384f86b316e
:10f5f000637d8df8043094f869311bb3d5f8680f3a
:10f60000c0f302601cf02aff40f002008df80500f4
:10f61000d5f8680f0df10601c0f3026015f02ef861
:10f6200001ab93e8030006ab03960c2203e9030049
:10f6300003ab0d49012011f037f9b4e7002384f83a
:10f640006931d5e798f80030c3f380138df80530a1
:10f650003b68cdf80630bb88adf80a30e0e700bf64
:0cf66000e0020020002401410400010130
:020000040000fa
:020000040100f9
:10f66c002de9f04f092989b007460d4601d017291d
:10f67c0027d1013205a904a805921df061fb05a94b
:10f68c000df112001df05cfb03a8022205a91df070
:10f69c00ddfc3846ddf81490bdf8108015f0b2ff93
:10f6ac00002874d1bdf81030002b72d0bdf8122098
:10f6bc009a426ed3b8881ef000fd044680b9112022
:10f6cc0005e00024adf810404ff001080420c3b24f
:10f6dc004246062138460af045fb002c54d050e037
:10f6ec0004f11003072105a805931ef0affa073d9e
:10f6fc00adb20126dff8a0b00df11c0a06ab0093e9
:10f70c00cdf804a003ab0222bdf81210bdf8100016
:10f71c000cf006fb58b30222594603a81cf040ff1c
:10f72c000028ebd1069b9a681288aa4211d12a466e
:10f73c00494658681cf034ff58b9079b05a89989ad
:10f74c001ef08afa079b05a8d9891ef085fa0436a3
:10f75c00b6b2ba88331d934209d8079bbdf8122064
:10f76c00db8901339bb29a42adf81030c2d2012e24
:10f77c0001d10a20abe72246314638461cf0b2fcd8
:10f78c0010b120461ef0eafc09b0bde8f08f002451
:0cf79c009de7044601209ae766a30101e6
:020000040000fa
:020000040100f9
:10f7a80038b50468494a94f8c831126823f003034d
:10f7b80084f8c8310023c4f8ac31a4f8b03184f817
:10f7c800c631117884f8bf31c4f8c031a4f8c43107
:10f7d8000546fb2394f86600a4f82232a4f81e32ea
:10f7e8001b2384f8be11a4f8f63244f2902103f6e4
:10f7f8002d0310f0100f0cbf08461846a4f8240279
:10f8080094f8670010f0100f08bf0b46a4f82032d8
:10f81800137cd90754bf537c072384f86332137cc5
:10f828009b0754bf937c072384f86432284bc4f8a1
:10f83800a03240f20262294604f529701cf050fffc
:10f8480040f20362294604f52f701cf049ff40f28c
:10f858000462294604f535701cf042ff4ff07e33f0
:10f86800c4e99c33a3f17c33c4f87832b4f880320d
:10f8780003f07803a4f8803294f89e3223f07f03d3
:10f88800002243f07c03c4f87c22a4f89c2284f86c
:10f898009e322b79c4f8ec22042b0cbf07231346a5
:10f8a800a4f889320b4b84f8f42293f90710b3f8c3
:10f8b8000530a4f88232ef23c4f8853204f53b738f
:10f8c80084f88412c4f8f03238bd00bfb8010020b3
:08f8d800b80bdc059e010020c5
:020000040000fa
:020000040100f9
:10f8e0002de9f3410446008b8846800000211ef07c
:10f8f000bbfba36f676b0133064651d094f8bc3055
:10f900009a064dd4e06f431c37d0314615f0dcfb2e
:10f9100039461af0d5ffd4f88030c4f88800c4f80e
:10f9200084303946a06f1af0cbff0125a36fe3673f
:10f930000746c4f88050d4f88c006843d4f894503b
:10f94000a84228bf2846c4f890001df08efa014650
:10f9500038461af0b5ff0df1020201a91df09cff17
:10f96000d4f8c030019a1a66bdf80230d4f8c0202d
:10f970009b08136102b0bde8f081d4f88800451cf3
:10f9800008d0314615f0a0fbc4f88800d4f88430c4
:10f990000133c4e7d4f8c0301b69c4f88830f5e7f8
:10f9a000d4f88800411c15d0314615f08dfbc4f801
:10f9b0008800d4f884506b1cc4f88430b8f1000f70
:10f9c0000ed04ff0ff33d4f88870e3670235c4f8e7
:10f9d0008030b0e7d4f8c0301b69c4f88830e8e75d
:10f9e000e06f421c14d0314615f06efb39461af018
:10f9f00067ffd4f8805007460135e06f431c9ad06a
:10fa0000314615f061fbd4f88030e0670133dee762
:08fa1000d4f888700235f0e71c
:020000040000fa
:020000040100f9
:10fa18002de9f04f1e46464bdff824811b681d6810
:10fa2800444b85b01b6891461c68cdf80080cde931
:10fa380001210123022283468a46ec20602103f03b
:10fa4800f7ff314648461af097fe0746002864d16a
:10fa580019f0010f85f82e0009f0040884f82e002b
:10fa680028d0012385f80eb085f80fa02b743278c2
:10fa78006a7473886b82b188a982b079a8758b4241
:10fa880009d14ff6fb718b4284bf4ff6fc73ab82f2
:10fa9800ab8a03336b82a98a012385f82e30039140
:10faa800698acde90121244a0092d6210222ec205c
:10fab80003f0beffb8f1000f28d0032384f80eb07e
:10fac80084f80fa023743278627473886382b188d3
:10fad800a182b079a0758b4209d14ff6fb718b4298
:10fae80084bf4ff6fc73a382a38a03336382a18a7f
:10faf800012384f82e300391618acde901210f4a50
:10fb08000092a0210222ec2003f092ff01201df0b8
:10fb18009ffd384605b0bde8f08f08f16a030190f3
:10fb2800009300220123ff21ec2003f081fff0e77e
:10fb3800200200201c0200206f5200019252000196
:04fb48004e52000118
:020000040000fa
:020000040100f9
:10fb4c00f0b5066896f8543096f8427085b00025ea
:10fb5c00012b0295adf80c500dd1414a11780129b9
:10fb6c001fd1304615701cf079ff022386f85430f3
:10fb7c0029460ff0a5ff96f8763023b9394b1b7840
:10fb8c00bb4200d37db1384b009302220123d2211a
:10fb9c00ec2003f04bff354b002200201a7005b00f
:10fbac00f0bd1d46e7e7b06c83789b0639d0c3786f
:10fbbc005c0636d50621023002f0fefb03781906ee
:10fbcc002bd58df80a30b16c00231c461a46ba426c
:10fbdc0029d19a78920618bfdd78254b1b8818bf5f
:10fbec00c5f30015a342d6d3b38aadf80830776cb1
:10fbfc004ff67f73adf80b30f72c25d9f73c01236a
:10fc0c00a4b28df80d30f726394602aa304619f009
:10fc1c0084fd3744002cefd1bde7132bd1d914232d
:10fc2c00cfe77f23cde788784b7800f03f00013b8e
:10fc3c001b1a54fa83f401f1030c01320b46a4b2e3
:10fc4c00d2b20ceb0001c2e7e6b225b102238df86b
:10fc5c000d300024d8e78df80d502c46d4e700bfaa
:10fc6c006bfd002063fd002081a300016dfd0020d1
:04fc7c0052fd002015
:020000040000fa
:020000040100f9
:10fc8000f0b50e4690f82c1085b00446002940f0df
:10fc90008380102268461df015fb19f0bafc05465a
:10fca000c0b90746306805f0e5fc4df82700a0b163
:10fcb0000137042ff6d100275df8270008b118f0ae
:10fcc00047fa0137042ff7d125b9706805f0d2fc47
:10fcd00028b90725284605b0f0bd0725ebe718f041
:10fce00037fa3368a3617368a28ae36140f2712333
:10fcf0005a4362634ff47a72a263628a5343a364e5
:10fd0000264b236304f1780604f5a477a06905f077
:10fd1000b1fc46f8340bb742f8d1e06905f0aafc13
:10fd2000002384f85c3084f8903084f8c43084f880
:10fd3000f830a37d6062da072cd513f0020f0cbff8
:10fd400002230423012084f82030022184f82c00af
:10fd50000cf03afd1cf0d0fe206509f06dfb226d21
:10fd6000a1681162226d0e495162226d0d49d16266
:10fd7000226d0d499162226d0c491163226d0021a3
:10fd80001160226d46685660226d3260426007f055
:10fd900015ff9fe70123d5e700259be7000001033e
:10fda0003d0101012992020135e102012d1d0201ef
:020000040000fa
:020000040100f9
:10fdb0002de9f0418ab0174602294ff000020646ad
:10fdc0000d468df804208df8052020d9013302a9b5
:10fdd0000df1060002931cf0b9ff3046ddf80880f3
:10fde00015f016fc044630b93946bdf8060014f08b
:10fdf000ddfc0446c0b1122f06d19df804301bb9ba
:10fe000054b9304614f022fe0ab0bde8f081122f3a
:10fe1000adf80620f8d10424e3b2bdf80620122183
:10fe2000304609f0a5ffefe704aa03a9bdf80600d4
:10fe300019f0eafa002851d0039b3088da7b1021b0
:10fe400008f0e9fb84b2002cd5d1039a937b928908
:10fe5000033d13f0080fadb232d1aa4232d103f004
:10fe60002103202b30d03388adf81c30bdf806308c
:10fe7000adf81e300023adf820308df825300df19f
:10fe80000502039b059301a905a8adf822508df842
:10fe90002470cdf8188004f047fd039b9a7bd107ae
:10fea0000446a8d40028a6d12a46586841461cf02a
:10feb0008bfb039b9a7b12079dd59b681d809ae75d
:10fec000aa42ccd20d2496e7bdf806204146304622
:10fed00008f0f0f8044600288dd1c4e701248ae731
:020000040000fa
:020000040100f9
:10fee000f0b540f2ff7681ea030c16ea115e1ebf00
:10fef000b64516ea1355b54252d021ea465141f4af
:10ff00008011a1fb024723ea465343f48013ae4419
:10ff1000a0fb03650cf0004c36197d41a1fb0347a3
:10ff200047f10003a0fb0217f619654153f10003e6
:10ff3000094218bf46f0010640f2fe74b3f5007f97
:10ff400013d2aef5806ea64523d24cea03312803c6
:10ff500041ea155140ea16503203450872f1004259
:10ff600050f1000051eb0e51f0bdaef2ff3ea64540
:10ff70000fd24ceac321e80241ea555140ea5650fb
:10ff8000f202450872f1004250f1000051eb0e51af
:10ff9000f0bd1eea0e0f2dd50cf000410020f0bd83
:10ffa00016ea115f04bf01f000410020004218bfb3
:10ffb00041f0010116ea135f04bf03f00043002281
:10ffc000124218bf43f0010306ea1354b44218bfab
:10ffd000b64503d00cf000410020f0bd21f00041f7
:10ffe00023f00043b1eb065f0cd8b3eb065f09d8f2
:10fff00041b13bb10cf0004141f0fe4141f47001d0
:020000040101f8
:100000000020f0bd40f20001c7f6f8710020f0bdfd
:020000040000fa
:020000040101f8
:10001000f0b5474c236895b093f824300193454bd5
:10002000009302231a4606467721ec2003f004fdd4
:1000300023689d6cc5b109f0fff9002835d022680e
:10004000926c00251560216842688f6c7a60896c1b
:1000500011602268926c42601df00efc2368986c5f
:100060001ef060f823689d64334a136800211970fc
:100070002768367897f8243056b3012b17d141f210
:100080000903adf808308df80c602022ff210df136
:100090000d001df017f93a2e36d197f82430012bb8
:1000a0002ed1f86918f054f82ae00725dce741f270
:1000b00008032022ff210df10d00adf808308df866
:1000c0000c601df0fff82022ff210df12d00e0e76c
:1000d00003bb12680121517026688df80c3041f283
:1000e0000802adf80820b16920220df10d001cf0c6
:1000f0006bfab169202211440df12d001cf064fa55
:100100002368986918f024f802a818f073f92846b3
:1001100015b0f0bd41f209032022b969adf80830ed
:100120000df10d008df80c601cf04efab9e700bf20
:0c013000b8010020c34e0001b401002003
:020000040000fa
:020000040101f8
:10013c0070b586b00d4604681df078fe48b13e4e91
:10014c003078013000f0070030701df047f80028bf
:10015c00f6d095f84f30394e13f0040f0dd0d5f87a
:10016c00ac10606d1af0a6fb354b984250d81cf0c1
:10017c0037f9a36b83424bd8e06394f82f30002bf4
:10018c0046d10df1030120461af0eefd00283fd1b7
:10019c002c4b9df803201a702b4b18702b4b18709e
:1001ac0033785a1c32702a4a13702a4b1d6095f80a
:1001bc004f305b070cd4d5f8b0001cf050fe014654
:1001cc00d5f8ac0014f07aff6065d5f8b030e36375
:1001dc00d5f8ac209df803302264342202fb034393
:1001ec0003f15800002283f85c20c280a3f887201a
:1001fc000f2283f85d20012283f88020164a1378a1
:10020c00b3fa83f35b092046137013f0f7f90fe090
:10021c00ff23adf8043010238df8063033788df8b9
:10022c0007305a1c01a9204632700595fbf71af9c4
:10023c00002006b070bd00bf72fd002070fd0020d4
:10024c0038feff7fed020020ec020020ee020020c1
:0c025c00ef020020e802002071fd0020ed
:020000040000fa
:020000040101f8
:100268002de9f04790b005460e4690460021302211
:1002780004a899461df022f815f003040dd0414f4b
:100288003b6893f8b84244b115f0f2fa3b68d3f8ea
:10029800a8721af0e5f900248fb915f03c0f2cd19b
:1002a8001a9b0293199b0193189b009342464b4655
:1002b800314604a8f8f7cefc10b0bde8f08715f079
:1002c800d7fad7f800a01af0cbf9bb689e4212d033
:1002d8009a7b012a0fd1e90707d510a9621c01eb07
:1002e800840444f8303cd4b205e0aa0703d5997acf
:1002f800b27a9142f1d85746cee7224f3b6893f83d
:10030800b932002bccd015f0b3fa3b68d3f8b072f1
:100318001af0a6f9002fc3d015f0aafad7f800a052
:100328001af09ef9bb689e4215d09a7b012a12d119
:10033800726d93420fd06f0707d510a9621c01ebad
:10034800840444f8303cd4b205e0e80605d5997a2f
:10035800b27a9142f1d85746dce7290704d5997a51
:10036800b27a9142f7d3e8e7aa06f4d5326c9a42fa
:10037800f1d110a9631c01eb840444f8302cdcb2e1
:08038800e9e700bf7402002048
:020000040000fa
:020000040101f8
:10039000f0b5d0f8003287b00446002b63d093f854
:1003a0002820002a7fd0d4f8f4015d6970b11f695c
:1003b00015f0b6fbd4f8f431f968064618691af05e
:1003c0007ffa3a4b984201d8002e4fd0bdf8043046
:1003d00023f47f5323f03f03adf8043022469df809
:1003e000053052f8580f94f8571002906ff38713a6
:1003f0008df80530b4f84830adf80630137943ea8b
:1004000041138df80c30236dcdf80d30234633f8b1
:10041000542fadf81120ea789b788df8133012f044
:10042000010fb4f87830adf814300cbf0123072366
:10043000900748bf0633110744bf0233dbb2d20630
:1004400048bf033301aa03ca48bfdbb22b44dc1cfc
:10045000c3f80300c3f8071003cac3f80b00c3f8be
:100460000f1013882382002007b0f0bd1bf0beffe1
:100470000f4b9842aad80f4b98429df8053095bf74
:1004800066f3451343f020038df805308df80530f1
:1004900094bf1e234ff49673b0fbf3f0bdf8043005
:1004a00060f30c0398e71b6877e700bf38feff7f17
:0804b000d47e2500c3bf030048
:020000040000fa
:020000040101f8
:1004b8002de9f041046823460025c4e9015543f8b5
:1004c8000c5f8846236107461646fff769f9a5823f
:1004d8002222414604f134001cf072f894f84730a7
:1004e80013b9012384f847303b79042b13d1002337
:1004f80084f8643000232366c4e961334ff6ff7340
:10050800e3832362012384f8243094f8643033b9f8
:10051800a4f8253005e0052becd10123e8e7012bf1
:10052800f6d002236376ff23002584f8293003f5eb
:100538007f432a463146e38220466585256310f0cd
:10054800cdfd0623c4e920332046c4e91d5507f034
:100558005bfe94f8a820a4f8985094f8553094f8c5
:100568005410206d3abb84f8aa2084f8b420c3f351
:10057800040284f8ab200122c4f8ac0084f8b0105f
:10058800a4f8b2200020c3f34213c4e92800c4e948
:100598005e000f4a84f8aa310323c4f89e21c4f8e8
:1005a800a221c4f8a601c4f8800184f89c0184f84b
:1005b8009c30bde8f081226cc4f8b82084f8bc50a7
:1005c800c4f8bd0084f8c110a4f8c250dae700bf2f
:0405d8001b004801bb
:020000040000fa
:020000040101f8
:1005dc002de9f0430746a5b01af080fc04ae3c6848
:1005ec00dff80c818022002130461cf065fe246867
:1005fc00002564b938461df05afd15f037f9e3b201
:10060c009d4262d825b0bde8f0431af027b8637f4d
:10061c00d4f80090227a0393a37acde90143002aff
:10062c004dd1304b009302231a467e21ec2003f06f
:10063c00fdf9204613f0fefb237a012b03d11cf0ad
:10064c0055fac4f8a800012384f85030237a84f8b2
:10065c005130a37a84f85230d4f8803003f0f80388
:10066c0043f4a023c4f88030d4f8983003f0f80396
:10067c00002043f49013c4e92630c4e91500d8f8df
:10068c000030c4f884001a89a4f87020164a126845
:10069c00b2f82213a4f87210b2f82423a4f8742030
:1006ac005b89a4f8763024ab03eb85032146013536
:1006bc0043f8804cedb218f0d9fc4c4699e70b4b43
:1006cc00009302231a467f21b0e756f8247038466f
:1006dc001bf0bef800223946387a0af03ffc013490
:1006ec008de700bfb62a010174020020ea2a01013d
:0406fc007002002068
:020000040000fa
:020000040101f8
:1007000010b5464a90f8e510454b1488002946d1ab
:10071000d0f8b420d3f80811121b92b262f31f4133
:10072000c3f80811d0f8b420d3f80c11121b92b200
:1007300062f30f01c3f80c11d0f8b410d3f80c21f8
:100740008331091b89b261f31f42c3f80c21d0f831
:10075000b020d3f81011121b92b262f30f01c3f84c
:100760001011d0f8b020d3f81011121b92b262f31e
:100770001f41c3f81011d0f8b020d3f8141124325f
:10078000121b92b262f30f01c3f81411d0f8b43007
:10079000c0f8bc30d0f8b030c0f8b83010bdd0f8d8
:1007a000bc20d3f80811121b92b262f31f41c3f8a8
:1007b0000811d0f8b420d3f80c11121b92b262f3d6
:1007c0000f01c3f80c11d0f8b410d3f80c21843108
:1007d000091b89b261f31f42c3f80c21d0f8b8207d
:1007e000d3f81011121b92b262f30f01c3f810116b
:1007f000d0f8b020d3f81011121b92b262f31f414f
:10080000c3f81011d0f8b020d3f814112532121b00
:1008100092b262f30f01c3f81411bfe76c0200201b
:04082000002401416e
:020000040000fa
:020000040101f8
:100824007fb590f8623186680446d3b13d4b1a68af
:100834006ff300021a60a3f24c4301461a686ff387
:10084400db621a60002008f014fc2146002014f03a
:10085400c9fc94f87330012b03d104f5087002f03d
:1008640031fe94f86251304a0296304e30490023ea
:10087400137084f86231aa1e8df80e303388adf8f7
:100884000c30534253418df80f30082202ab012043
:1008940010f008f83388274e13f028012bd1022dcd
:1008a40029d094f87320012a25d013f4c27f1fd0d5
:1008b40013f4c07f08bf012120460af037f8d4f8aa
:1008c400103213b10123337015e033701a4b94f8ce
:1008d400f4201b78013a93420dda0133dbb284f839
:1008e4009c3004eb8303d3f8c430c4f81032e9e736
:1008f4003378002bead031780023adf8043021b1ed
:1009040003f58673adf8043001a9022d05d10b4b14
:100914001b6803b1984704b070bd094b18681df0fb
:10092400fdfbf8e7583e01410a030020d6020020ef
:1009340000000101d5020020d402002020fd002087
:04094400dc020020b1
:020000040000fa
:020000040101f8
:100948002de9f3410e46044650b93f4b0093024649
:1009580005230421ef2003f06bf802b0bde8f08115
:100968001af0befa1bf042fc760080461af000fb33
:1009780040f2e1439e42257a92bf022640f271215d
:10098800b6fbf1f6ab060644074626f0704609d4d6
:1009980045f020056660257201223946204607f099
:1009a80051f818e015f0070518bf0125274b53f833
:1009b80025209442194619d1254a1278aa4222d1f3
:1009c80063681a1a44bf03f180531a1a012a08d817
:1009d800022323752661404602b0bde8f0411af0b3
:1009e800b5ba236841f825300af0c8fd194b53f809
:1009f800352019465ab9184b009311460523ef20a4
:100a080003f016f80ce0226843f82520eee7a2422e
:100a18000fd1226843f8352012b903ebc5056d6084
:100a28006660b9e71a4623b90c4b009301210523e8
:100a3800e5e71368a342f5d123681360002befd1d3
:100a480001ebc5056a60ebe75f220201d0fb0020dd
:100a58005ffd002074fb00202e22020146220201c5
:020000040000fa
:020000040101f8
:100a680070b5284d284e284600211df03bfb274b2a
:100a7800274a1e62274e5e62274e9e620426de6269
:100a8800264e1a60264a5a60c3e90c65254a264d47
:100a980026499a609d63264a264dda60264a5a619d
:100aa800c3e90f51254a264d9a615d64254a264db2
:100ab80026481961c3e91252254dda610024c3e9b9
:100ac80014500470234898652348c3e91701234943
:100ad800596623492348c3e91a12234a1a67234a45
:100ae8005a67234a9a67234ada67c0e90043224bc8
:100af80083600122214bc36002740821bde8704065
:100b080015f05eb958fd0020e6fc01013cf7002015
:100b180066a3010170e1020156560201a28c01018f
:100b28005a5f02013e740201964a0201a69e010123
:100b38000200000102002011d6e00201ee230201aa
:100b4800cce00201050000010a12020173fd002039
:100b58008ee90101ee38020101000311d1e0020122
:100b6800021b020160fb002096f2010194fb0020a9
:100b780036430201100002016ce102011000170067
:020000040000fa
:020000040101f8
:100b880038b504463e4b1d6872b6bff34f8fbff3ae
:100b98006f8f13f0c5ff08b962b638bd394b06220e
:100ba8001a6008331a680ab9374b1a68a54228bf71
:100bb8002546681e34490c6804fb0024334a126831
:100bc80012f0806f06d0314a4ff0007111602e4a42
:100bd8001268a41a2e4a1268a24238bfa41a2d4ad3
:100be800146004320021116026490a6842f00102ab
:100bf8000a6025b1bff34f8f30bfbff36f8f62b666
:100c0800bff34f8fbff36f8f72b6bff34f8fbff332
:100c18006f8f1c4906220a600a6812f4803f1ed0b2
:100c2800194b1a681c4b1b681344013b1b1b1849c2
:100c38000968994201d29a4200d2531e154a13609c
:100c4800154b00221a60083b07221a600e4b1b68de
:100c5800013b104a136015f029ff62b69de70e4a62
:100c68001168094a126805fb02f3581ab0fbf2f042
:100c780000fb0222cb1a1344064a1360e0e700bfc8
:100c880018fc002010e000e014fc002004ed00e057
:0c0c980010fc002014e000e018e000e078
:020000040000fa
:020000040101f8
:100ca40070b586b0038801930546424b0093022237
:100cb40001234c21ec2002f0bdfe28881af0c2fa70
:100cc4000646002870d0046894f86430012b03d1e0
:100cd40094f8be319b0769d5304619f0d7ff002838
:100ce40047d06b88a4f82e32ab88a4f83032eb8856
:100cf400a4f832322b89a4f834326b89a4f8363242
:100d0400ab89a4f8383294f89e304bb3002384f8ae
:100d14009e301df017f8012829d9b4f83032b4f800
:100d24004a20d4f878019a421abf40f2e24159436a
:100d340000211df067f8a4f89a00b4f89a203ab19b
:100d4400b4f83012b2fbf1f301fb1323a4f89a3088
:100d5400304616f0c4fa58b30024204606b070bddd
:100d640094f8c63143f0010384f8c631d1e7002377
:100d7400ece728686968aa8902ab03c3a86818600d
:100d84009a80012102ab0e22304617f054f8044633
:100d94000028e1d0084b0093019401230022ff2195
:100da400ec2002f047fed8e70224f3e71a24f1e727
:0c0db4000724efe72c64000146640001f6
:020000040000fa
:020000040101f8
:100dc00070b5444b1c68444b272101fb0042d3f80b
:100dd000845f92f8226066f31f65c3f8845fd3f8de
:100de000885f92f8236066f30705c3f8885fd3f83d
:100df000885f92f8246066f30f25c3f8885fd3f804
:100e0000885f92f8256066f31745c3f8885fd3f8ca
:100e1000885f92f8266066f31f65c3f8885fd3f891
:100e20008c5f92f8276066f30705c3f88c5fd3f8f0
:100e30008c5f92f8286066f30f25c3f88c5f92f8f8
:100e40002960d3f88c5f66f31745c3f88c5f92f87e
:100e50002a60d3f88c5f66f31f65c3f88c5f92f845
:100e60002b60d3f8905f66f30705c3f8905f92f8a4
:100e70002c60d3f8905f66f30f25c3f8905fd3f82a
:100e8000905f92f82d6066f31745c3f8905fd3f832
:100e9000905f92f82e6066f31f65c3f8905fd3f8f9
:100ea000945f92f82f6066f30705c3f8945f92f899
:100eb0003050d3f8942f00fb011165f30f22214429
:100ec000c3f8942f897ad3f8942f61f31742c3f8ab
:0c0ed000942f70bdc802002000240141d6
:020000040000fa
:020000040101f8
:100edc002de9f34101200e461af012f83a4a044665
:100eec00002e65d0394d29684b792bb90b702968c8
:100efc004b702968cb710b81354b00271f70354b1c
:100f0c0017700921344a1e60012015f027fe4ff698
:100f1c00ff71012017f052fe44f400712f4c89b27e
:100f2c00012019f0ffff23882d4a4ff0020868f3c7
:100f3c00830323800521404615f010fe4046294ac4
:100f4c00042115f00bfe04f5ac6303211a6861f360
:100f5c0013421a601a6861f317521a6054f8903de4
:100f6c0067f30003236016f099f90deb080101a853
:100f7c00d6f8ac4019f0c6fcbdf90220019bba4270
:100f8c0023f07043b8bf03f1ff331c442b680222db
:100f9c005a71d6f8b020a3f8ca20204605f0b6f94d
:100fac002b68b3f8ca3053b1a01c05f013fa06e055
:100fbc000d4b12781868002af7d105f0a7f900201c
:100fcc0002b0bde8f08100bf04030020f80200204d
:100fdc00fc02002000030020c1840101c034014147
:0c0fec0051be020171be0201f40200209f
:020000040000fa
:020000040101f8
:100ff80070b504461cf094fa3d4b1b689bb1002c5d
:101008003ad004f00703c3f11003da43a24233d302
:10101800e3182ad4002b2fd0364a16689e422ed3c6
:1010280035490c6830e0354a12f0070f1ad0d11d47
:1010380021f0070102f570435b1a0a462e48026048
:10104800002141601344083b23f00703284803604c
:1010580059601960991a51601360294b1960254b22
:101068001960cce74ff47043e8e7fcf715fa1cf079
:101078006ff90025284670bdfcf70efaf7e7fcf774
:101088000bfaf4e72146144662689a4202d22268b3
:10109800002af7d1164a1268a2421fd00d680835f7
:1010a80022680a606268d21a102a1ad86368f61a87
:1010b800104a1660124a126896423cbf104a1660df
:1010c80043f000436360002323600e4a1368013332
:1010d8001360fcf7e1f9002dccd1c8e7fcf7dcf987
:1010e800c5e7e0184260636011f0aaf9dee700bfc7
:1010f8001cfc002020fc0020b8fb0020240300205a
:0811080024fc002028fc00205b
:020000040000fa
:020000040101f8
:1011100001297fb504460a4637d049b219b1022adf
:101120005ad004b070bd036a3b4e1b68c0f80b1068
:101130000125457293f88e2142770572d3f89021ec
:101140008261d3f89411416193f88f118172006428
:10115000d3f8a4114164d3f8a8318364cde9021314
:10116000019200962b4602229021ec2002f064fcb2
:10117000a369029345366369019300962b460222c8
:101180009121ec2002f058fccbe7036a1b68417206
:101190000021c0f80b1093f8ae0160772172d3f8ec
:1011a000b011a161d3f8b401606193f8af01a072ee
:1011b00084f84c20d3f8c4016064d3f8c831a36428
:1011c000cde90203154b0191009393211346ec20c6
:1011d000022202f031fca4e7036a1968012343727a
:1011e0000020c4f80b0091f8ce5165772072d1f839
:1011f000d051a561d1f8d461666191f8cf61a67232
:101200002464d1f8e411c4e91110cde90151044975
:1012100000919421b5e700bf3ae800019fe8000182
:04122000e4e80001fd
:020000040000fa
:020000040101f8
:10122400f7b5044618f0f3f9074600286cd194f892
:101234002e300193364b00939f2101230222ec2090
:1012440002f0f8fbb4f8482040f2e2435343c4f8f8
:10125400e431304bc4f8cc3104f1500004f002f80e
:1012640004f14f0304f15201aa2013f8012f424064
:101274008b421a71f9d1284b1b681b7d84f85730b7
:10128400264b1b6853f8d02fa2651b7984f85c3079
:101294000026012384f8613184f85e60a4f8786044
:1012a40011f0bcfb1bf026fcc4f8f40108f0c2f8f2
:1012b400d4f8f431a2681a62d4f8f431184a5a62a4
:1012c400d4f8f431174a9a62d4f8f431164ada623f
:1012d400d4f8f431154a1a63d4f8f431144a5a6331
:1012e40005460221d4f8f401fff710ffd4f8f431d5
:1012f4001e60d4f8f4316a685a60d4f8f43113608b
:1013040028466b601cf037fe384603b0f0bd00bfc2
:10131400bb27010101000105b8010020f8020020eb
:1013240069f701017d9f0201519f0201013c010106
:04133400cddc01010a
:020000040000fa
:020000040101f8
:10133800f7b5057a012d044609d0404b1b681d8975
:101348005b891d4440f23913b5fbf3f50135267b63
:10135800012e49d100263a4f08e0013616f0ff0663
:1013680004d0a36a13b1204618f007fa606c18f08d
:1013780025fd236e1844e37a3840012b206620614e
:101388000df1020101a82cd118f044fd019ae36b7c
:10139800218f1a44bdf802300b449bb240f2e14160
:1013a8008b4202ea0702019285bfa3f2e2430132af
:1013b800adf80230adf8023088bf0192019b226e71
:1013c8002b443b40d31a5a02c7d4237a2bb9bdf811
:1013d80002200199204608f0affd0123a37303b052
:1013e800f0bd18f017fde9e7002eeed1144f606c40
:1013f80018f0e4fc236e184423693840c3f308034b
:10140800206603eb4020e37a206123b90df1020145
:1014180001a818f0fffc019b226e2b443b40d31a15
:101428005b02d2d5013616f0ff06e0d0a36a002b86
:10143800ddd0204618f0a1f9d9e700bf70020020de
:04144800ffff7f0023
:020000040000fa
:020000040101f8
:10144c002de9f8430546d0f89071d0f8f00114f06e
:10145c0061fb044600bbd5f8f0311e69d5f8f831b4
:10146c001b693046d96819f025fa374b984214d8c5
:10147c001af0b6ff07f5a57787420ed8334b984282
:10148c008abf4ff001084ff000081f24d5f8f871ff
:10149c003fb92046bde8f88300261f244ff0010811
:1014ac00f4e7d7f8149099f8033043f0100389f857
:1014bc0003303b69d968b8f1000f42d1304619f0be
:1014cc00f9f91af08dff224b984295bf1e234ff469
:1014dc009673b0fbf3f0b0fbf3f099bfc0f30c00c4
:1014ec00c446c0f30c004ff0010c99f8032095f89a
:1014fc0082e095f82d1012f0010f14bf0723012381
:10150c0012f0020f18bf0633120744bf0233dbb2ce
:10151c004b440ef03f0eda7818716ef3050202f0b0
:10152c00bf026cf3c712da705a79013922f01f022c
:10153c0001f0070142ea102061f3471058713f682f
:10154c00a6e700208446d0e738feff7fd47e250036
:04155c00c3bf030006
:020000040000fa
:020000040101f8
:101560002de9f04385b004468846019200263546b1
:10157000dff8f89035e04146204619f06dfc7b1eff
:10158000a36323692bb91bf0effc012005b0bde874
:10159000f08304f1100003f035fa0028f3d0334b48
:1015a0004ff080521a60bff34f8fbff36f8feae79f
:1015b0001bf0dafc0020e9e702a81bf0f9f81ae0ba
:1015c000204609f039fefbf76bff09e0204609f0e1
:1015d00033fefbf765ff20461bf03ffb002842d19e
:1015e00001261af0f5f9a76b002fc4d1019b002b3f
:1015f000ded0002ee0d01bf0b7fc1bf095ff1af0f8
:10160000e7f994f844305bb2b3f1ff3f08bf84f8c8
:10161000445094f845305bb2b3f1ff3f08bf84f803
:1016200045501bf0a1fc01a902a80cf067f80028a6
:10163000ccd120461bf011fb0028c1d0019904f148
:1016400024001af083fd204609f0f6fdfbf728ff81
:101650000028c5d14ff08053c9f80030bff34f8f39
:10166000bff36f8fbce7002090e700bf04ed00e000
:020000040000fa
:020000040101f8
:101670002de9f04385b03d4d009507468946164655
:101680009846022201237221ec2002f0d5f91bf0ca
:10169000ebff002863d1364c2068394604301cf03b
:1016a00029fb00285dd090f86121012a57d0b1456f
:1016b00059d890f84220002a55d190f87320083a62
:1016c000012a50d8b0f82011d9b103f09dfe40f2a4
:1016d000e2437343984214d30f35cde901030095db
:1016e000012302229d21ec2002f0a6f94524214b82
:1016f0000093019401230022ff21ec2002f09cf9c9
:1017000029e02068394604301cf0f4fa90f82e30b5
:101710000193194b009305460123ec20022273210b
:1017200002f08af918f0400f18bf01234ff00004af
:101730004ff0010085f84470a5f84860a5f8469080
:10174000a5f84a8018bf85f84c3085f85d4085f8cb
:1017500068001bf081ff204605b0bde8f0830c2433
:10176000c5e74224c3e71224c1e700bf1e280101d8
:0c177000b00100205228010146280101b0
:020000040000fa
:020000040101f8
:10177c00f0b53f4b3f4c1d782488342303fb050503
:10178c00d0e9061695f85c70aa6f3b4b0139013e07
:10179c00002f36d1d3f808c1171bbfb267f31f4c0b
:1017ac00c3f808c1d3f80cc167f30f0cc3f80cc114
:1017bc001144d3f80c71091b89b261f31f47c3f8ac
:1017cc000c71416ad3f81071091b89b261f30f07d0
:1017dc00c3f81071416ad3f81071091b89b261f317
:1017ec001f47c3f81071416a3144091bd3f81441e7
:1017fc0089b261f30f04c3f81441ea67436a836248
:10180c00f0bded6fd3f808712d1badb265f31f471a
:10181c00c3f80871d3f80c71151badb265f30f0743
:10182c00c3f80c710a44121bd3f80c1192b262f378
:10183c001f41c3f80c11826ad3f81011121b92b21b
:10184c0062f30f01c3f81011456ad3f810212d1b58
:10185c00adb265f31f42c3f81021426ad3f81411dc
:10186c003244121b92b262f30f01c3f81411c7e792
:0c187c00ed0200206c020020002401415d
:020000040000fa
:020000040101f8
:101888002de9ff410546d0f808323e4c1e69d0e9e3
:1018980076781bf05df995f82d1001201bf0fafd04
:1018a80004f5865395f83f101a8861f304121a80dc
:1018b80004f5825395f85400da69b5f8551060f3c9
:1018c8000f22da61da6961f31f42da6104f5915394
:1018d800b5f850109a6961f31f429a6104f5915363
:1018e800b5f85210da6961f30f02da6104f5925320
:1018f80041469a696ff312429a6104f5825305f5dd
:1019080002705a6942f400525a61324611f099ff46
:101918002b6d01932b4601a853f8582fcdf80920b9
:101928001b798df80d30b5f87830adf80e300123fd
:101938008df8083005f05afe0146284618f085fc57
:1019480004f5d253bfb2da696ff30f02da6104f516
:10195800d25304f5d3549a696ff341029a610a4a43
:101968001268b61a9a69b6b266f31f429a6122697a
:1019780067f31f4222619a6942f001029a6104b03a
:0c198800bde8f081002401416c02002049
:020000040000fa
:020000040101f8
:10199400f8b5046894f8ac31132b064603d094f8d8
:1019a400ae31132b74d194f86450012d64d1b4f882
:1019b400f632a4f89e31204616f037ffb4f8687268
:1019c400e7b91321304618f0b9f994f8c6319b07ea
:1019d40012d52946304618f0bdfe1bf042fd3946ab
:1019e4000446304618f0b6fe1bf03bfd3b4602466b
:1019f4002146304615f02ef92846f8bdb4f8982053
:101a0400b4f86a329b1a9bb247f6fe7293422ad804
:101a140094f8681221b9304618f09cfe84f86802e4
:101a240094f869322bb90121304618f093fe84f8fa
:101a340069021bf041fb014608b90025dce71823c5
:101a4400c371b4f86a32038104f51a73c360304673
:101a54001cf0a0fa94f8681230460bf081f80125c6
:101a6400a4f89e01c8e73046132118f067f928212d
:101a740030461bf0c9fcbfe71821304619f0a8fe18
:101a840005460028d9d01321304618f057f9b3e79a
:0a1a94001821bde8f84019f09bbed0
:020000040000fa
:020000040101f8
:021a9e00fee761
:020000040000fa
:020000040101f8
:101aa0002de9ff473b4e336890461a7882468946b7
:101ab000002a57d1b8f1000f02d15b78002b51d02a
:101ac000402003f0d7fd0546202003f0d3fd074654
:101ad000002d5dd000285bd02f4c19f005fa22684c
:101ae000012382f8243032685146137028462022a0
:101af0001af06afd20224946a8181af065fd2368ed
:101b0000b8f1000f1bd0254a1a621cf0a9fa014651
:101b1000284615f0ebf9a8b9284616f019fb384607
:101b200016f016fb122402ab05221d498df80c405d
:101b300001200ef0b9fe204604b0bde8f08703f1a5
:101b40002502e1e72368c3e9067507f0effe0446c6
:101b500048b13368002228461a7016f0f9fa384660
:101b600016f0f6fa0c240f4d0095012302223421c1
:101b7000ec2001f061ff002cddd0a5f53875019453
:101b8000009501230022fd21ec2001f055ffd2e752
:101b90000724e8e7b4010020b8010020ec1302019b
:081ba00002050101dc4e000109
:020000040000fa
:020000040101f8
:101ba800f8b5404b1d682c68237d990779d514201a
:101bb8000ef0caf8074608200ef0c6f808230646b5
:101bc800014623753a46284604f0dafa40b1304611
:101bd80016f0d4fa28462221bde8f8401af0c4bf0e
:101be800c4e9bf7694f86460012e1cd1204612f037
:101bf80013fa3146f7f73efca37d012b0fd194f879
:101c0800223063b1a37f53b11bf0cafd0368826819
:101c180094f822001344c4f8043319f039fa012364
:101c280084f80833d6e784f80903d4f87801037fe9
:101c38000bb91cf041fa236eda0329d594f8292050
:101c480023f480332366a2b994f8211001b3d4f8a1
:101c58007811d1f8b00040f271214143d4f89400d2
:101c6800884238bf0a1ad4e92210814210d2914220
:101c78000ed243f04003236620232375204612f03a
:101c8800cbf90121f7f7f6fb012384f80933b3e711
:101c9800236e23f0400343f000532366002323758b
:081ca800aae7f8bd800200204c
:020000040000fa
:020000040101f8
:101cb0002de9f04391f90040e5b26a000023804627
:101cc000a9b00e4652b2184659b28a4265dc0028c5
:101cd00060d006f1040922464146484618f0ebff61
:101ce000012866d108eb040722463946484618f019
:101cf000e2ff01285dd123463a4618a803f086ff8b
:101d000018a96846f6f766fb2022002110a81bf0f0
:101d1000d9fa96f900700323424608ac8df840309a
:101d200041463b4618a803f071ff18a92046f6f774
:101d300051fb3b4610aa2146204617f00bfd18b177
:101d40004a46204618f05bfa16f9843b4246214683
:101d500018a803f05bff18a92046f6f73bfb3b46ab
:101d600032462146204618f04afa28b93a464846f3
:101d700018f0a1ff012805d03b464a4621462046df
:101d800017f0e8fc6b1e5bb200201a060ad5b0fa09
:101d900080f0400929b0bde8f08318f80310013342
:101da000084391e71df80320e15c4a401043013be2
:061db000ebe70020eee766
:020000040000fa
:020000040101f8
:021db600fee746
:020000040000fa
:020000040101f8
:101db8004ff08842d2f8003113f4007ffad0364a47
:101dc800536823f4704343f480535360536a13f009
:101dd800010ffbd0314ab2f8ba3423f002031b04d6
:101de8001b0ca2f8ba3402f50052d36823f07e0324
:101df80043f00403d3604ff088430022c3f8b020b7
:101e0800274ac3f8b02002f12b42a2f54b12a2f6e2
:101e1800ab42c3f8b02003f52063224a1a621e4a77
:101e2800536a03f00303032bfad11f4b1f4a1a60ae
:101e380001229a601a46136813f0010ffbd11a4b5e
:101e480048f20902c3f8502140f201221a674ff400
:101e580000429a674ff088434ff410421a660022f6
:101e68001a67c3f88020c3f890201149c3f8c0103e
:101e7800c3f8d02047f6fe72c3f8e0204ff03332a3
:101e8800c3f8b020044b5a6842f010025a601a682e
:101e980042f088721a6070470040014100200141f9
:101ea800556699aa280001c0000a004405012000cf
:041eb800cf038120b3
:020000040000fa
:020000040101f8
:101ebc0030b589b00546009101a869461af040ff7b
:101ecc0069460df106001af03bff694602a81bf0ab
:101edc00e1fd69460df109001bf0dcfd06226946a7
:101eec000df10a001bf0b2f8694604a81bf0d2fdf4
:101efc0069460df112001af023ff694605a81af085
:101f0c001fff69460df116001af01aff694606a864
:101f1c001af016ff69460df11a001af011ff694606
:101f2c0007a81af00dff1bf0a1fb00283ed1bdf84d
:101f3c000630043b9bb243f6fc72934238d8bdf892
:101f4c000430043b9bb2934232d89df80830012bed
:101f5c002ed89df80930032b2ad89df81030032b6e
:101f6c0026d8bdf81230063b9bb240f67a4293421b
:101f7c001ed8bdf81430063b9bb2934218d8bdf85e
:101f8c001630b3f5fa7f13d2bdf818300a3b9bb26a
:101f9c00043a93420cd801a8fbf7ecfb0446284604
:101fac00214614f095fb204609b030bd0c24f6e711
:041fbc001224f4e710
:020000040000fa
:020000040101f8
:101fc0002de9f74f90f80190436806780193b9f135
:101fd000010f478885683cd0b9f1000f40d0b9f1b6
:101fe000020f3dd105f58c7405f59c7a4ff0010b7d
:101ff00006f0fd02012a38d1494628460cf08cfc37
:10200000032e34d0012e08bf267310201cf06af86e
:10201000804638461cf066f83a46c8f8080088f84a
:102020000c7001991af0d0fa0022c8f80020daf8f2
:102030000420c8f80420022ec2f80080caf80480e8
:1020400015d149462846267303b0bde8f04f06f087
:10205000c1bf05f5847405f5987a4ff0000bc7e70a
:1020600005f1f80405f5947af7e7022ecdd9f31eb1
:10207000012b23d805eb0b0393f86021012a04d12f
:102080005b460021284608f0e6fc032e10d160686c
:1020900018b116f05df8002363601fb138461cf0dc
:1020a00021f8606027813a46019960681af08cfa3d
:1020b000204603b0bde8f04f19f039bf03b0bde8ca
:0220c000f08f9f
:020000040000fa
:020000040101f8
:1020c200f8b507460e4600200c2119f03efb0546e6
:1020d200002844d00023f1073c68037346d5b4f8c6
:1020e2003022a4f83e22082a9abf02f1ff33dbb263
:1020f200082384f83a32b4f89a30a4f83c32b20792
:10210200d4f83232c4f8403206d594f84e12b4f8fc
:10211200483229bba4f83e3294f83a326b73b4f8d1
:102122003c32eb81b4f83e322b82b4f840326b82ff
:10213200b4f84232ab82294638461af07cfc1af0d7
:10214200bcff0646b8b30023012504f23a24c3714a
:102152004571c460014638461bf01dff2846f8bd94
:10216200b3fbf1f201fb12329b1ad3e7b4f8482217
:10217200082a9abf02f1ff33dbb2082384f83a320d
:10218200730715d5b4f852124ff6ff73994209d16d
:102192000123a4f83c32d4f84a32a4f83e22c4f80f
:1021a2004032b9e7b4f89a30002b08bf0b46f0e78b
:1021b200b4f89a30ede728461bf0e8fe3046cee749
:020000040000fa
:020000040101f8
:1021c20053434e3a436c6f73652c7068793d2564b6
:1021d2002c636e743d25642c7469643d2564005340
:1021e200434e3a7068793d25642c7365634e756d74
:1021f2003d25642c636e743d25642c7469643d2511
:10220200640053434e3a43523d307825780053439d
:102212004e3a6164645072695265710053434e3a9a
:102222006164645365635265710053434e3a636c53
:10223200725365635265712c7469643d2564005361
:10224200434e3a636c725072695265710053434e49
:102252003a46444361636865496e69742832292ca1
:102262007374617475733d25640053434e3a46445a
:102272004361636865496e69742831292c737461fe
:102282007475733d25640053434e3a46444361637b
:102292006865467265652831290053434e3a4644c3
:1022a2004361636865467265652832290053434e6f
:1022b2003a4644436163686546726565283329007e
:020000040000fa
:020000040101f8
:0222c200fee735
:020000040000fa
:020000040101f8
:1022c4002de9f04f07683b4d3c68894629689a46da
:1022d40085b0064690462346a3b9f4b91bf07efcac
:1022e40000284fd003ab04223349039701200ef09a
:1022f400d9fa2b6893f8ed2293f8ec329a4255d12f
:1023040000244be091f8ec2202f1bc00013241f8c8
:1023140020301b6881f8ec22dee7284b009302236f
:102324001a468921ec20cdf8048001f083fb84f85f
:102334005c90a4f85e80d4f800b013f09bfa94f893
:102344004d30042b01d0012b0ed1002363722046a3
:102354000df0f0f82a6892f8ed32013382f8ed328c
:1023640018f080f95c46b8e794f84f3043f0010365
:1023740084f84f30baf1000ff2d00421204615f052
:1023840075fdede730461bf096feb2e704f1bc02a2
:10239400013453f8220018f043ffe4b22b6893f899
:1023a400ed22a242f2d80022a3f8ec2205b0bde847
:1023b400f08f00bf740200200d010001672b0101a2
:020000040000fa
:020000040101f8
:1023c400037813f03f0278d04a1e062a73d8dfe858
:1023d40002f00a04111b2a3d5500427812f0010f45
:1023e4000cbf0121072103f03f038b4265d9013162
:1023f40008447047427812f0010f0cbf01210721f5
:102404009207f0d50631eee7427812f0010f14bfbf
:102414000721012112f0020f18bf06311207e2d57d
:102424000231c9b2dfe7427812f0010f14bf07216d
:10243400012112f0020f18bf063112f0080f1cbf61
:102444000231c9b2d206ced50331eae7427812f09e
:10245400010f14bf0721012112f0020f18bf06312a
:1024640012f0080f1cbf0231c9b212f0100f1cbfca
:102474000331c9b29206b6d51231d2e7427812f0ce
:10248400010f08bf012112f0020f1cbf0631c9b2af
:1024940012f0080f1cbf0231c9b212f0100f1cbf9a
:1024a4000331c9b212f0200f1cbf1231c9b2520657
:0e24b40099d50131b5e7002195e7002070476a
:020000040000fa
:020000040101f8
:0224c200fee733
:020000040000fa
:020000040101f8
:1024c400f7b53c4bd3f81c61d3f81c213a4b1c786c
:1024d400c6f34036c2f380225ffa86fcd7b21d46ab
:1024e400002c4ad09c78bcf1000f32d000232b7012
:1024f400342303fb010393f88730022b3fd10c23d1
:1025040003fb045300211a7a59720132d2b2022a0f
:102514001a7206d101221a72da88012a01d05208ed
:10252400da8001210df107000df0e8fe0c2202fb18
:1025340004539df807109b79013b0b40ff2b18bff8
:1025440001338df8073002fb04549df807302371e2
:1025540013e05fb11e70342303fb010191f85c307a
:1025640013bb91f88730022bc9d80ae00c2101fb78
:1025740004341a7021790131217103b0f0bd002fa8
:10258400e9d10c2303fb045300215a7a1972013256
:10259400d2b2022a5a72c4d101225a72da88b2f52e
:1025a400807fbed05200bbe7012bead191f887307f
:0c25b400012bd9e70024014120f8002091
:020000040000fa
:020000040101f8
:1025c0002de9f843012907460e461546d0f8088044
:1025d0002dd80c200df0bcfb0446002862d034231b
:1025e00003fb0573012283f88a2087f82f2000203f
:1025f000a38803f0f80343f4807343f00103a3803e
:10260000012e46f48073e38041d819f091fb264bec
:10261000c4f808801a689b882073c4f80d20a4f8b9
:102620001130e5742046bde8f84317f0e1bf0229f8
:102630000bd105200df08cfb044698b3342303fb2b
:102640000577012387f88b30d1e703292ad10920a8
:102650000df07efb044628b34ff0340909fb0579e1
:10266000012389f88930114b29461b683846984761
:102670000f4b1049d3f80821096801eb1242c9f841
:102680007c20d3f8103111fa83f3bb62b0e7022e3d
:10269000c4f8088001d12573c4e7032e04bfe060ad
:1026a0002574bfe7bde8f883fcfb002014fd002083
:0826b000002401416c0200202e
:020000040000fa
:020000040101f8
:1026b80070b591f84f500468334805f00405002db3
:1026c80014bf0122002284f86321d1f8b020c4f895
:1026d8009821d1f8ac20c4f89c210b462b494ff027
:1026e80000020a704ff00101018029480270294a4e
:1026f800136040d094f89c5094f8f42005f10a0334
:1027080004eb0313ff26954205d253f8041bd4f8b3
:10271800980188422bd232460021204602f036fd2d
:102728001d4b1e481e701e4b00221a70012384f890
:1027380062311bf09bfb94f87330012b04d11949cb
:1027480004f50870fef7fcf82146012006f08ffc1e
:102758002146012012f044fd94f863112046f8f751
:102768005bfad4f89c0119f0fffa002070bd691ccf
:102778002e46cdb2c7e7ff22204602f007fdff2311
:1027880084f89c30b8e700bfd6020020e0020020a1
:10279800d5020020dc020020d40200202508010117
:0827a8000a0300200088130061
:020000040000fa
:020000040101f8
:1027b0004552523a4c3136423073004144563a65e4
:1027c0006e61626c652050412c73657449643d30c4
:1027d000782578004144563a5265736368446573be
:1027e0006328772f6920414341442920666f722076
:1027f00043684d6170557064004144563a526573a8
:1028000063684465736328772f6f204143414429ef
:1028100020666f722043684d617055706400434daf
:10282000443a5365745041506172616d00414456a1
:102830003a50412c65767442773d25642c696e745c
:10284000766c3d25640050413a73657449443d25da
:1028500064004552523a7374617475733d25640087
:10286000434d443a5365745041446174612c616432
:102870007648646c3d25642c6c656e3d2564004390
:102880004d443a5365745041456e61626c652c65e8
:102890006e61626c653d25640050413a7365744910
:0528a000643d25640009
:020000040000fa
:020000040101f8
:1028a8002de9f04786b081460f46904618f0c8fcdf
:1028b8000646002867d0046894f98032002b64da51
:1028c8000021204614f043fd824627b1231893f9ce
:1028d80070327e2b08d0b8f1000f4bd004eb0a03fe
:1028e80093f974327e2b45d1304618f0cdf9d0b12a
:1028f80094f8803267f3000368f3410384f8803268
:10290800012303fa0af3002584f88b3284f88c52e9
:10291800514630461af080f884f88d0230461bf094
:10292800f7fb00240ce005ab042207213046adf884
:1029380014908df816708df8178015f07afa044601
:10294800134dcdf80490cde90278009501230222b9
:102958005421ec2001f06cf844b12b3d0194009512
:1029680001230022fd21ec2001f062f8204606b088
:10297800bde8f08794f8803267f3000368f34103f9
:1029880084f88032cde70224dae71a24d8e700bfba
:04299800476500018e
:020000040000fa
:020000040101f8
:10299c00f0b50368b3f82a02b3f81e42b3f820620c
:1029ac00b3f82c52b3f82222b3f82612b3f82872db
:1029bc00b3f89ec1a04228bf2046b54228bf354679
:1029cc00914228bf1146b3f82422ba4228bf3a4696
:1029dc0084450bd1b3f8a0c1ac4507d1b3f8a2c163
:1029ec008c4503d1b3f8a4c1944548d01a2823d8f8
:1029fc001b20a3f89e01b3f89e01a3f8f6021a2936
:102a0c001ed81b21a3f8a21193f86610c9061fd576
:102a1c00b2f5a47f18d24ff4a472a3f8a42193f8b2
:102a2c006720d2061ed5b5f5a47f21d24ff4a4722f
:102a3c00a3f8a0210120f0bda04228bf2046d8e772
:102a4c00fb2988bffb21dde7974238bf3246e4e71c
:102a5c00b2f5296f02d24ff42962dee7ba4228bfe1
:102a6c003a46dae7b5f5296f02d24ff42962dfe76f
:102a7c00ae4234bfa3f8a061a3f8a051dae700205e
:022a8c00d9e788
:020000040000fa
:020000040101f8
:102a8e0052433a436c6561724362207265713a2516
:102a9e003038780052433a53757370656e644362f2
:102aae00207265713a25780052433a41646452654a
:102abe007120507265656d707420307825303278d3
:102ace002c7072696f726974793a25642c20706566
:102ade0072696f646963616c3a25640052433a41ce
:102aee006464526571204e6f726d616c2030782572
:102afe003032782c7072696f726974793a25642c51
:102b0e0020706572696f646963616c3a2564005266
:102b1e00433a436c656172526571204e6f726d61fe
:102b2e006c203078253032782c73746174653d25b5
:102b3e00640052433a436c65617252657120507263
:102b4e0065656d7074697665203078253032782c25
:102b5e0073746174653d25640052433a5375737006
:102b6e00656e645265712c20726f756e643a202505
:022b7e006400f1
:020000040000fa
:020000040101f8
:102b800073b503790193374d374b0093022201232c
:102b90000f210446ec2000f04fff2868f02104309c
:102ba0001bf0a8f806461af067fd00284dd11eb1ab
:102bb00096f86031002b48d12388203b9bb244f625
:102bc000e07293424cd86388203b9bb2934247d833
:102bd000637b002b44d02868f02104301bf08af876
:102be000237980f87330012380f82b30617b80f8e3
:102bf00020106388c36123888361a37b80f8293018
:102c0000637980f82130a37980f8223054f8073fa7
:102c1000c0f82330a388a0f82730002380f8f430d0
:102c200021fa03f2d20748bf90f8f42003f1010320
:102c300044bf013280f8f420032bf1d101201af0b7
:102c400003fd0024204602b070bd0c24074b009306
:102c5000019401230022ff21ec2000f0edfef1e7ba
:102c60001124f3e7b0010020cfa90101e7a9010178
:020000040000fa
:020000040101f8
:102c70002de9ff4104680023cde9023394f8e830e0
:102c8000ebb9314b94f8f5601b6898472f4b04f172
:102c9000f60806f0010607461b684146304698478d
:102ca0000546002f44d170b1294b00930222012325
:102cb0004a21ec2000f0c0fe002384f80c310020f3
:102cc00004b0bde8f0814ff4437104200cf0def84d
:102cd00005460028f0d0c4f8100107681d4b38885d
:102ce0001b684246314698473946204617f071ff27
:102cf00012f002fc94f80211d4f80421222303fb01
:102d00000141154b4a311b68284698470123a4f816
:102d10000e3103a902a802f013fd0028ccd10398bc
:102d2000036813b11bf042f9c6e707f055f9c3e792
:102d30000a4b0093022201234921ec2000f07cfe83
:102d4000002db9d0b0e700bf0c0200201402002013
:102d50009e69020110020020a8fc0020ae69020159
:020000040000fa
:020000040101f8
:102d60002de9f04395b081460f4618f06dfa0646fe
:102d7000002866d0056895f98032002b63da7c1e46
:102d80005ffa84f805eb080292f974c2bcf17e0f79
:102d90003ad117f07dff58b395f880220123a34064
:102da00042f00402002485f8802285f88b3285f8f1
:102db0008c424146304619f033fe85f88d0230468c
:102dc0001bf0a8f9214d0095012302225321ec208c
:102dd00000f032fe44b1103d019400950123002221
:102de000fd21ec2000f028fe204615b0bde8f08360
:102df00002ab032206213046adf808908df80a7028
:102e000015f01bf80446dde7002441f22103adf87c
:102e100008308df80c402b88adf80e3002238df869
:102e200010308df811708df812c092f87c328df848
:102e30001440c3f3010302a88df8133015f0dafa39
:102e4000c0e70224bee71a24bce700bf2c650001de
:020000040000fa
:020000040101f8
:102e5000f8b5cb6890f866701e785d780021024660
:102e600012f008ff022e044692f864302bd0042e94
:102e70002dd0012e05d1012b4ff011012fd182f859
:102e80006610022d30d0042d32d0012d3ed1012b01
:102e90004ff0110138d182f86710212f92f8663077
:102ea00045d1212b34d0d06e116f6ff4c6754ff41d
:102eb0009c73284403fb0101b1fbf3f003fb1013e7
:102ec000c2e91b3024e0012b4ff01201d6e7012ba1
:102ed00001d12121d3e792f8681019b9232182f892
:102ee0006710cee72221fae7012b4ff01201d1e75c
:102ef000012b08d192f868301bb9232382f8673080
:102f0000cbe72223fae7212182f86610012bc4d0f7
:102f10000021104612f0aefe1319024493f970120c
:102f200082f8701293f8783282f87832f8bd212b4b
:102f3000eed1d06e116f03f2171300f28d10b9e7c6
:020000040000fa
:020000040101f8
:102f400070b40401364d25442d7b04f1824404f510
:102f5000804494f84e4014f0030f02d1edb2002dde
:102f600057d1040104f1824505f58045032685f813
:102f70004e602b4d254401262e732a4d2c5b14f4f4
:102f8000806f31d0194405eb001461600101254cbc
:102f9000615a11f4006f2cd01a4404eb00118a60be
:102fa000204902018c18895a9bb2c1f301210b41bf
:102fb0009bb2638002f1824303f580431a6c42f0b6
:102fc00002021a641a6c12f4fe4f24d193f84630b0
:102fd00013f0400f22d114490c69012202fa00f3c8
:102fe00023430b61104617e00e4c04eb00146160a4
:102ff000cce70d49498811f4404f04d1094901eb50
:1030000000118a60cce71168064a02eb0012916059
:10301000c6e7002000e0012070bc70470120fbe7fc
:0c302000f0f90020d0f900200040004131
:020000040000fa
:020000040101f8
:10302c0030b587b00546019102a801a919f088feb8
:10303c0001a90df10a0019f083fe01a903a819f0ea
:10304c007ffe01a90df10e0019f07afe01a904a86a
:10305c0019f076fe01a90df1120019f071fe01a90b
:10306c0005a819f06dfebdf80810002016f0aafc9a
:10307c0048b112242846bdf80820214617f00aff53
:10308c00204607b030bdbdf80a10012016f09afc9e
:10309c000028eed1bdf80c10012016f093fc00288e
:1030ac00e7d1bdf80e10022016f08cfc0028e0d100
:1030bc00bdf81010032016f085fc0028d9d1bdf8fe
:1030cc001210042016f07efc0028d2d1bdf814108a
:1030dc00042016f077fc0028cbd1bdf80e30bdf8db
:1030ec000c200133520913fb02f3bdf810209bb2e4
:1030fc009a42bed3bdf8080018f0a0f820b102a87f
:0c310c0009f064fc0446b5e70224b3e7b8
:020000040000fa
:020000040101f8
:103118002de9f34705689df8003095f8227095f879
:1031280021a067f300038df800302b46064653f8bc
:10313800232fcdf801209b88adf8053068460c4652
:10314800884610f037f98146684608f047fc32791e
:10315800294918f8023b8a5c62f30303dbb243f0a7
:1031680020032370baf1000f1bd16af38613237072
:1031780085f832a02378b0b343f08003237001238d
:1031880085f83130424631460020f5f739faa37800
:10319800c3f30502337a13440133637002b0bde808
:1031a800f087baf1010f06d143f0400323700023e2
:1031b80085f83230dee7baf1020f0dd1b9f1000f10
:1031c80004d043f0400323700123f1e769f3861329
:1031d800237085f83290cde743f040032370b9f1ae
:1031e800000ff6d0f0e7003718bf012767f3c713c1
:0c31f800237085f83100c5e758da0201a9
:020000040000fa
:020000040101f8
:103204002de9f8438046894616461c46056806f0b3
:1032140011f9074600285dd00021216043686360ee
:103224001c602d4b4460c5f87841e3622b4b63620c
:103234002b4ba3622b4b236301236372a373aa6ded
:10324400226140f201122464e372a2816377217245
:10325400a16495f84a30d5f878215b00dbb293611c
:10326400284611f03ff8d5f87831c0b25861b5f866
:103274004a2084f80a9040f2e2435343636426bb35
:103284002687e663c4f8208095f86530122b17d1a1
:1032940095f86430a3b995f84700b5f84a6003f28d
:1032a400e24358435e4318f05ffb00220e4b1af0d2
:1032b400e5fe18f0d1f9324681b2204610f052f8fa
:1032c4003846bde8f8431af0cdba336823877368eb
:1032d400e363d7e7bde8f88399de0201b1bd0201db
:0c32e40025d20201a3df02010088834014
:020000040000fa
:020000040101f8
:1032f00038b5837b0546032b2bd8dfe803f0021596
:103300003148334cd4f8683f04f6ac716ff38a232c
:103310000020c4f8683f18f0abfbb4f86c3f43f0f2
:103320004003a4f86c3f14e0294bd3f8682f42f413
:103330008062c3f8682f274a03f6ac711068928840
:10334000c3f8ac0f8a80b3f86c2f42f04002a3f8a8
:103350006c2feb7b032b31d8dfe803f029293131c7
:103360001b4cd4f8683f04f6ac716ff38a2300203d
:10337000c4f8683f18f07cfb174b18781af0a4fad1
:10338000b4f86c3f0028cad160f38613c9e7104c2b
:10339000d4f8683f43f48063c4f8683f0d4b04f6eb
:1033a000ac7218689b88c4f8ac0f9380e4e7084bb4
:1033b000b3f86c2f6ff3cf32a3f86c2f38bd044aeb
:1033c000b2f86c3f43f40043a2f86c3ff6e700bf4d
:0c33d00000240141fcfb002072fd0020e5
:020000040000fa
:020000040101f8
:1033dc002de9f341374e1378019380460423ee20f8
:1033ec000f46154690210222009600f01ffb404626
:1033fc0015f0d4ff044668b918360246cdf804809f
:10340c00009604239121ee2000f010fb002002b066
:10341c00bde8f0818388bb42f8d329780d2927d0e9
:10342c002dd8062907d01ad8032921d00bd8012969
:10343c001ed002290bd1204b1b685b682a463946eb
:10344c002046984719e00429f5d0052910d011f031
:10345c00400212d10623204606f084fc0de0092917
:10346c0006d003d8072903d00829e3e70b29e2d1ba
:10347c00114b1b689b68002be0d10120c7e7172973
:10348c00f6d00ad81229d6d003d81029d3d01129b6
:10349c00dce71329ecd01629cce71b29e8d003d89c
:1034ac001829c8d01929d1e71e29c4d05229c2d055
:0c34bc001d29cbe719bf010110030020ff
:020000040000fa
:020000040101f8
:1034c800f7b5064648b9324b00930523024619461c
:1034d800ef2000f0adfa03b0f0bd17f001fd18f0d1
:1034e80085fe337a9b0605463ad517f041fd347ab6
:1034f800284b6ff34514347214f0070418bf0124e5
:10350800194653f8242096420ed1234a1278a24233
:10351800326819d1736841f824201f1a44bf03f197
:1035280080531f1a012f0cd81c4b53f8342019460e
:103538006ab91b4b009311460523ef2000f078fa77
:103548000ee008f01bf8efe743f82420ece7b2425e
:1035580013d1326843f8342012b903ebc404646011
:10356800284603b0bde8f04017f0f0bc1a4623b96e
:103578000c4b009301210523dfe71368b342f5d113
:1035880033681360002bebd101ebc4046260e7e7fa
:1035980074220201d0fb00205ffd002074fb002094
:0835a8002e220201462202015d
:020000040000fa
:020000040101f8
:1035b000f8b5064605680f460020182118f0c6f831
:1035c000044600283fd00f2f07733dd1b5f82e32a7
:1035d000a0f80d30b5f83032a0f80f30b5f832321f
:1035e000a0f81130b5f83432a0f81330b5f89a309d
:1035f0004ff6ff72002b08bf134603834ff0ff33d3
:10360000c0f81a30c0f81e3080f8223080f823301d
:10361000002363751af098fbb5f84c30b5f8982084
:10362000052803f101038bbf03ebc30303eb430343
:1036300002eb430302eb83039bb23046e382214655
:1036400019f0faf90120f8bd102fe1d1b5f8463292
:10365000a0f80d30b5f84832a0f80f30b5f84a326e
:10366000a0f81130b5f84c32a0f81330b5f89a3004
:103670000bb9b5f852322383b5f854326383b5f8e9
:103680005632a383b5f85832e383b5f85a3223840f
:08369000b5f85c326384bbe76e
:020000040000fa
:020000040101f8
:10369800f8b50022354c80f84220d4f86c2f037e10
:1036a8000d461105064600f1430752d4d4f8682f99
:1036b80092004ed5032b2ed8dfe803f00444072ee2
:1036c800ff2d06d1d4f8003109e0d4f8685fc5f3be
:1036d800026528461af0f4f8d4f8003148b16ff3bf
:1036e8004103c4f8003122490020bde8f84018f031
:1036f800bbb943f00203c4f8003128461af028f990
:1037080004460ef0c7fb012386f842302368c6f84a
:103718004330a388bb80f8bdd4f8685fc5f3026561
:1037280028461af0cdf8d4f8003143f00203c4f863
:1037380000310028e1d00f48bde8f8400ef0aabbe0
:10374800ff2dedd1d4f8003143f00203c4f8003165
:10375800f1e7032bdfd801a252f823f0cd3601019f
:103768004d370101c93601014937010100240141e2
:08377800ac330141f6fb002017
:020000040000fa
:020000040101f8
:1037800070b50e460546002861d00b7e032b42d84b
:10379000dfe803f00213294d304cd4f8683f04f6fb
:1037a000ac7143f480630020c4f8683f18f060f9fe
:1037b000b4f86c3f43f040032be0284bd3f8682f5c
:1037c00042f48062c3f8682f254a03f6ac71106892
:1037d0009288c3f8ac0f8a80b3f86c2f42f0400295
:1037e000a3f86c2f17e01d4cd4f8683f04f6ac71b9
:1037f0006ff38a230020c4f8683f18f039f9194b99
:1038000018781af061f8b4f86c3f0028d2d160f350
:103810008613a4f86c3f314628460bf035ffe5b11e
:10382000104b30461978bde8704019f03fbb0b4c87
:10383000d4f8683f43f48063c4f8683f084b04f64b
:10384000ac7218689b88c4f8ac0f9380d7e7034b21
:10385000b3f86c2f60f38612c2e770bd00240141fb
:08386000f6fb00206ffd0020c3
:020000040000fa
:020000040101f8
:10386800f0b585b0064605681af0e2fa90b3344c14
:10387800d4f86c3fc3f30032db042bd4d4f8683f90
:103888001f0327d5d4f8603f980523d5d4f8683f9f
:1038980099001fd52b49d4f8683f0978c3f3026310
:1038a800994217d08df8082002a9304615f093ffe9
:1038b80095f8e5302bb9d4f8283143f00803c4f85b
:1038c8002831d4f8283143f00403c4f82831002003
:1038d80005b0f0bdff238df8013019f077fc48bb27
:1038e8001af0a0fa30bb164cd4f86c3f1b0521d453
:1038f8000df1020201a9284611f0bafc0746c8b921
:10390800019b1a68cdf809209b88adf80d309df809
:1039180002209df808300df1010162f3000302a8ae
:103928008df8083009f0e0f920b18df803700df139
:103938000301bae79df801102846fff7a9fec6e77c
:08394800002401416ffd002085
:020000040000fa
:020000040101f8
:1039500030b50388132bc3b0044620d041f20a02cd
:1039600093422cd0052b44d10579002d41d1c0883c
:1039700015f092fd58b12e4bc5701a681378013bb3
:10398000dbb213701bb11821b1fbf3f35370e08865
:1039900017f072f808282cd015f096fd29e0c088a1
:1039a00015f07afd28b3227a83789b1a204adbb27d
:1039b0001268837052789a421bd843b030bd0379a5
:1039c000bbb91b4a126802f16f0111f8230038bb22
:1039d00002eb8303e188a3f86c104ff48071a3f825
:1039e0006e1013780133dbb213701821b1fbf3f3bf
:1039f000537021880f4a002332f82300884213d1e4
:103a000002eb8303211d9b788df80430442202a829
:103a100018f0dafd064b1b6801a85b689847cce7f5
:103a20000133082bd1d1e4e701331e2be4d1c4e7e5
:083a30002cfd00203ce7010120
:020000040000fa
:020000040101f8
:103a38002de9f041334d1e462b68a2b004460f46cf
:103a48009046002b58d01af0f7f8002854d11af0f5
:103a5800c3f8002850d1f20703d52b4b1b68db07ae
:103a68000bd4b00703d5284b1b68990705d47207f8
:103a780042d5254b1b685b073ed5244b8df800804b
:103a88001b788df801408df80270002b37d1c4f1f6
:103a9800ef041f4f04eb84042744384619f0acf8b0
:103aa80039460646c4b2024602a818f089fd22ab80
:103ab8001e4401343a2306f8803ce4b202ab1819dc
:103ac80029ab289a0193c4f17e01f7f753fa54fa07
:103ad80080f0c0b222ab03440d2203f8802c431cb3
:103ae80022aa52fa83f302300a2203f8802cc1b2c8
:103af8002b6802aa6846984722b0bde8f08102a860
:103b08000024dde790fc002094fc00205bfd0020f1
:043b180030d00201a6
:020000040000fa
:020000040101f8
:103b1c002de9f34705689df8003095f8226095f87b
:103b2c0021a066f300038df800302b46074653f8ae
:103b3c00232fcdf801209b88adf8053068460c4644
:103b4c000ff036fc8146684607f046ff3a79284963
:103b5c0023788a5c62f30303237080460e2018f0ee
:103b6c005ffb237860f345132370dbb2baf1000fcf
:103b7c0013d16af38613237085f832a02378b8f139
:103b8c00000f2cd043f080032370012385f83130d3
:103b9c007b79637002b0bde8f087baf1010f06d1f2
:103bac0043f040032370002385f83230e6e7baf186
:103bbc00020f0dd1b9f1000f04d043f04003237074
:103bcc000123f1e769f38613237085f83290d5e76a
:103bdc0043f040032370b9f1000ff6d0f0e7003644
:103bec0018bf012666f3c713237085f83180cfe721
:043bfc0058da020190
:020000040000fa
:020000040101f8
:103c000070b50468d4f8f4011af08cfa94f86631af
:103c10000022d907c4f8f4210dd523f0010384f85c
:103c2000663184f8612184f85d20022120460bf082
:103c30004efa15f079f994f866319a0747d523f0d2
:103c4000020384f8663194f86131012b3fd1d4f836
:103c5000383133b194f82411022902d1204605f0fd
:103c6000b9f90c2120460af041ff15f0d2fc0646b6
:103c700068bb18f041ffc4f8f40105f0ddfbd4f88f
:103c8000f431a2681a62d4f8f431124a5a62d4f8b4
:103c9000f431114a9a62d4f8f431104ada62d4f855
:103ca000f4310f4a1a6305460221d4f8f401fdf7f6
:103cb0002ffad4f8f4311e60d4f8f4316a685a60ef
:103cc000d4f8f431136028466b601af056f90020de
:103cd00070bd00bf69f701017d9f0201519f020184
:043ce000013c0101a1
:020000040000fa
:020000040101f8
:103ce400f0b5324d2c6866075bd5002850d1304cb6
:103cf400276897f83463002e49d06c692d4d641af7
:103d0400611e21f07041a94241d840f271214ff067
:103d1400884c61436ff41c742144dcf8404040f645
:103d2400bb5504f4405440f2657eb4f5005f0cbf0b
:103d34002c4674464908204db5fbf2f52544a942aa
:103d440025d9dcf8404004f44054b4f5005fa1ebfd
:103d5400050109d197f8274334b14ef28f24a142cb
:103d640015d9a1f5624190394ff47a75b1fbf5f09c
:103d740005fb101102fb00f44a43b4fbf5f40e49b1
:103d8400b2fbf1f214441c440c4b30461c60f0bdf1
:103d94000a4a0b481468e41a84428cbf00200120ac
:103da400f5e7034b1b6893f83403f0e7203e014129
:103db40074020020feffff0740420f00d4fc0020e5
:043dc400feffff7f80
:020000040000fa
:020000040101f8
:103dc800f0b5324a324885b000231546c158d15063
:103dd8000433102bfad12f4b2f4e1a8842f00102d0
:103de8001a801a8842f004021a801a8842f00202e5
:103df8001a801a8842f008021a801a68d007fcd480
:103e08001a685107f9d41a689207f6d41a68c2f3e7
:103e1800c002002af1d1214b1968adf800101846ec
:103e28001c4650f8041dc1f30f41adf8021054f8b8
:103e3800041fadf80410194651f8087fadf8067054
:103e48002468c4f30f44adf808401b68adf80a3085
:103e58000368adf80c300b68adf80e3069461346b0
:103e68000a460878ec5c01332043102b01f8010b5b
:103e7800f7d1b6f8a0350a4c6ff30003a6f8a035c1
:103e88000fca84e80f0005b0f0bd00bf84fb002016
:103e980044010120143e014100240141043e014136
:043ea800802901412b
:020000040000fa
:020000040101f8
:103eac002de9f347dff8d88006460f46c92501f007
:103ebc00070980f0010a032101a80cf01bfa9df8f8
:103ecc0006302b4c03f07f0343f040038df8063093
:103edc00d8f800309a00fbd4264b1a8842f04002e6
:103eec001a801a8842f020021a8016b13846fcf764
:103efc0061ffd4f8683f9df8041069f31243c4f8cd
:103f0c00683fb4f86c3f6af30003a4f86c3f1a4b9b
:103f1c001a6861f307021a601a689df8051061f3bc
:103f2c000f221a601a689df8061061f317421a6086
:103f3c00d4f8683f43f48003c4f8683fd4f8683f72
:103f4c005b02fbd4d8f8003013f0807f0b4b1b685e
:103f5c0014bf1f200020013d13f0020f18bf1f20bb
:103f6c0015f0ff0501d01f28a5d002b0bde8f087e1
:103f7c0000240141c4340141103401418c3401410d
:043f8c00303401418b
:020000040000fa
:020000040101f8
:103f900070b50468344d03f0c9fe236e002143f46c
:103fa000c0732366c4f88810204611f094ff05f50d
:103fb0008353b4f840101a6861f30f021a601a684c
:103fc000b4f8421061f31f421a6005f581531a6973
:103fd00042f001021a6105f5825394f84410da693f
:103fe00061f30f22da61b4f84510da6961f31f4218
:103ff000da6194f8671094f8660006f071fb1b4bc9
:104000000221586911f058fe19f0cefb184b0268d6
:104010001e8805f58251921b8b6892b262f30f03e2
:104020008b60436805f582559b1b2a699bb263f33d
:104030000f022a61204609f0e3f994f8660011f0b6
:10404000d5fd94f86710012017f019fc94f866105c
:10405000022017f014fc204616f0befc94f91b0059
:10406000aff3008070bd00bf00240141e4fa0020de
:044070006c020020be
:020000040000fa
:020000040101f8
:104074002de9f04788b090f873308df8043090f84b
:104084002b308df8063090f82d308df8073090f8ed
:1040940042308df8083090f84c308df8093090f8a3
:1040a4005d308df815300c236a4604460e460390a5
:1040b4000deb030101a8adf81030f7f70bfd03a9d0
:1040c40068460af0c9ff4ff0010a6a46814603a90f
:1040d40001a88df811a0f7f7fdfc03a968460af0c2
:1040e400bbff00250d236a4603a9074601a8adf8c6
:1040f400103003948df815508df81250f7f7eafc40
:1041040003a968460af0a8ff6a4603a9804601a8e5
:104114008df811a01ffa89f9f7f7dcfc03a96846aa
:104124000af09affb1450bd2f11b89b21ffa88f845
:1041340001358845edb203d2091a89b20029f7d1b5
:1041440084f87c5084f87e7084f8810008b0bde85f
:02415400f087f2
:020000040000fa
:020000040101f8
:024156007047b0
:020000040000fa
:020000040101f8
:1041580010b5354bdb790c4699068ab041d5334bff
:104168005a7892073fd51f223e2101a818f036fa47
:104178000a210090684619f06bfd2178684619f00d
:1041880067fd6188684619f069fd2179684619f06c
:104198005ffd6179684619f05bfd0622a118684643
:1041a80018f060ff062204f10c01684618f05aff67
:1041b800062204f11201684618f054ff218b684664
:1041c80019f04cfd618b684619f048fda18b6846d3
:1041d80019f044fd6846a17f19f03afd01a819f0cd
:1041e800bff90ab010bd1b78db07fad513223e21b0
:1041f80001a818f0f3f901210090684619f028fd8c
:104208002178684619f024fd6188684619f026fd72
:104218002179684619f01cfd6179684619f018fd86
:104228000622a118c7e700bf48010020400100206e
:020000040000fa
:020000040101f8
:104238002de9ff410746009101a8694619f02cfcb9
:1042480069460df1050019f027fc69460df10600d5
:1042580019f022fc062269460df1070018f0f8fe55
:1042680069460df10d0019f017fc9df80d3003f0ab
:104278000105990748bf01355a0744bf0135edb21a
:104288005b0741d0002d41d0280119f027ff0026f7
:10429800804604462046694618f054fda01c69462d
:1042a80018f050fd201d694618f04cfda01d694608
:1042b80018f048fd04f10800694618f043fd04f1c0
:1042c8000a00694618f03efd013604f10c00694603
:1042d80018f038fdf6b204f10e00694618f032fd08
:1042e800b54204f11004d5d1414601a8f2f7dcfd2e
:1042f8000446404619f0f4fe3846214612f0eaf921
:10430800204604b0bde8f0811124f5e71224f3e754
:020000040000fa
:020000040101f8
:1043180010b550b9344bd3f8642f60f34922c3f871
:10432800642fbde8104002f0cbbb91f873200b2a34
:1043380001f123001bd840f69203d340db4313f06e
:10434800010314d1284c91f82210d4f89c2f63f360
:104358001842c4f89c2f18f06ff8282001f0b8f81c
:10436800d4f8643f43f40073c4f8643f10bd91f877
:104378002930032b0fd8dfe803f00216232d1a4b40
:10438800d3f89c2f40f2ff1161f31842c3f89c2f19
:10439800002002f095fb154b18680028e6d1bde80f
:1043a800104001f095b8104bd3f89c2f202161f3f1
:1043b8001842c3f89c2f082001f08af80120e8e78a
:1043c800094bd3f89c2f082161f31842c3f89c2f9e
:1043d8002020f1e7044bd3f89c2f6ff31842c3f861
:1043e8009c2f2820e8e700bf00240141d8fc0020ca
:020000040000fa
:020000040101f8
:1043f800f8b5046891f84f60002384f8e430314b35
:104408000d4606f00406196019f012fd48b12e4f4a
:104418003878013000f00700387018f0e1fe002805
:10442800f6d0deb1d5f8ac10d4f82c0116f044fa69
:10443800264b98420ad994f8e43043f0100384f8e4
:10444800e4302046faf7a0fc0020f8bd17f0caffb8
:10445800d4f8cc308342eed8c4f8d00000212046ee
:1044680018f015fd0028e6d1e6b194f8e630012be6
:104478000cbf04235b0884f8e630d5f8ac30c4f8e8
:10448800d4300122002384f8c1200f2284f8e530bb
:1044980084f80a31a4f8142184f8163120460df066
:1044a800b1f9d1e7d5f8b00018f0dbfc0146d5f832
:1044b800ac0010f005fec4f82c01d5f8b030c4f8f3
:1044c800d030dae7e40200206ffd002038feff7fdd
:020000040000fa
:020000040101f8
:1044d80010b588b00023052904468df803303cd177
:1044e800013202a901a8029218f02cfc0df1060075
:1044f80002a918f027fc204611f086f880bb04aa10
:1045080003a9bdf8040014f07bff002843d0039be7
:104518002088da7b012104f07af880b200bb039985
:10452800bdf806208b681b88934236d38b7b13f02b
:10453800020f28d02388adf81830bdf80430059153
:10454800adf81a300df103010c2305a8adf81c20b5
:104558008df81e300cf03cf802e0adf80430042071
:104568009df803306bb9d0b9039bbdf806109a6863
:1045780058681288521a0d23014492b220460df051
:1045880041fd08b010bd9b06ead5bdf804202046c1
:1045980015f006fde4e70120e2e70720e0e7c3b2f3
:0e45a800bdf804200c21204605f0defbe9e7fb
:020000040000fa
:020000040101f8
:0245b60070474c
:020000040000fa
:020000040101f8
:1045b8002de9ff412e4e2f4c2f4b22680093336874
:1045c80003922e4a029307460192002b3bd02368a0
:1045d80033b94ff4487019f081fd2060002838d0b5
:1045e800274d2b68a84623b9102019f077fd2860bd
:1045f80078b33368029323680393224b3a685a606e
:1046080000210df1040c02ae6c460f46d8f80030bc
:104618000b44c3e900730020bcf8002082421cdc74
:10462800083110290cf1020c06f1040604f1020409
:10463800ecd1154b1a46002142f8081fc3e90013b4
:10464800da60012006e0902019f048fd306000286b
:10465800bdd1002004b0bde8f0813568228800fb98
:1046680002520130576017605d682a605a60d3e7cc
:1046780084fc00207cfc00200c0028000c001400a6
:0c46880080fc0020880100207801002048
:020000040000fa
:020000040101f8
:1046940010b50b46114602680c78023c232c61d8f5
:1046a400dfe804f012606060181d60226018272c97
:1046b400602e6033181838383d6060606060604276
:1046c4004260606060485259022b4dd119f071fc70
:1046d400012010bd012b14bf00200120f9e7022b9b
:1046e40042d119f06bfcf3e7092b3dd106f0aafb8c
:1046f400eee7062b38d117f07cf8e9e7022beae75e
:10470400182b31d10ef032fde2e7032b2cd119f036
:1047140079f8dde7092b27d116f028fdd8e7032b1c
:1047240022d119f077f8d3e7022b1dd14b7882f808
:10473400aa31cde7042b17d131f8013fa2f88b320f
:104744008b7882f88d32c3e7052b0dd1d1f8013077
:10475400c2f88e32bce7052b06d1d1f80130c2f87d
:0c4764009232b5e70220b4e70020b2e773
:020000040000fa
:020000040101f8
:10477000f7b5046806460121204611f07bfa204473
:1047800090f974327e2b3bd0e27e94f89e12b4f8fe
:1047900098709b1ac1f30110dbb2032847d8dfe8f9
:1047a00000f031023c0294f899229a4241d294f8e6
:1047b00096529d4294bf0225012585422ad0c1f31d
:1047c0008102aa4202d0b4f89a22c2bbb4f89c2259
:1047d000b4f89a120a44013ad21b120410d58df88b
:1047e000043006226b461849009601208df80550ca
:1047f0000cf05af894f89e3265f3051384f89e3253
:1048000003b0f0bd94f896229a4214d994f89822f5
:104810009a420ad9a4f89c72f2e794f899229a4233
:104820000bd294f897229a42f4d30125c7e70546a4
:10483000c3e70025c1e70225c1e70025bfe765f30f
:0c484000830184f89e12e5e706060101e2
:020000040000fa
:020000040101f8
:10484c00344b1b78342202fb030090f85c30002bb5
:10485c0049d1314bd3f8242142f40012c3f824215e
:10486c00d3f8242142f48012c3f82421d3f8242154
:10487c0042f40022c3f82421d3f8242142f48022ec
:10488c00c3f82421d3f8242142f40032c3f82421a4
:10489c00d3f8242142f48032c3f82421d3f8282100
:1048ac0042f48072c3f82821d3f8282142f0800208
:1048bc00c3f82821d3f8282142f04002c3f828215c
:1048cc00d3f8282142f02002c3f82821d3f828215c
:1048dc0042f01002c3f82821d3f8282142f40072c8
:1048ec00c3f828217047012bfcd10b4bd3f82421a2
:1048fc0042f48012c3f82421d3f8242142f400227c
:10490c00c3f82421d3f8242142f48022c3f82421b3
:0c491c00cae700bfed02002000240141aa
:020000040000fa
:020000040101f8
:104928002de9f041044600898846174614f038fd01
:10493800064600284dd000233b7088f80030638974
:10494800a3f11002072a04d82046bde8f0410df073
:104958002bbb013b082b06d8214610f032fe012361
:104968003b70bde8f0814ff4827019f0b7fb054643
:1049780000283cd00b230370238983806389c3807c
:10498800237c0372a3894381e3898381637c437217
:10499800e2891ab161680e3017f012fe0421284628
:1049a80016f052f823689b7bd90712d5012388f8a3
:1049b8000030237c522b18bff374237c122b0ad1ae
:1049c80023689b7b9a0604d56389b38263681b8836
:1049d800f3820020c5e7162bfbd101233b7086f834
:1049e800383096f83930013386f83930f1e72368e2
:0a49f8009b7bdb07edd58020b3e7c1
:020000040000fa
:020000040101f8
:024a02007047fb
:020000040000fa
:020000040101f8
:104a040038b5c368dc68a36ae169226a8a60e1692f
:104a1400516004f118015a688a4204bf226a5a603c
:104a24000022a2621a68013a1a60254b1b68002b07
:104a34003ad16369a168e2688a60a1685160211d66
:104a44005a688a4204bfe2685a60002262611a68a6
:104a5400013a1a60e36a1b48056801229a402a4316
:104a64000260194a03eb830302eb83035b68a360d0
:104a74009868e06041609960e06a830019188900d1
:104a8400551865615158013103449b00d15015f00c
:104a940059fc0e4b1b68e26adb6a9a4283bf012011
:104aa4000b4b1860002038bd0a4b5a68e2619068cd
:104ab400206241609160a3621a6801321a60e8e7db
:104ac40044fc00204cfc0020bcf7002030fc0020fb
:084ad40068fc002024fb002017
:020000040000fa
:020000040101f8
:104adc0030b587b00546019102a801a918f030f94c
:104aec0001a90df10a0018f02bf901a903a818f07f
:104afc0027f901a90df10e0018f022f901a904a85b
:104b0c0018f01ef901a90df1120018f019f901a9fc
:104b1c0005a818f015f9bdf80810002014f052ff84
:104b2c0038b112242846214611f0d2fd204607b098
:104b3c0030bdbdf80a10012014f044ff0028f0d15c
:104b4c00bdf80c10012014f03dff0028e9d1bdf890
:104b5c000e10022014f036ff0028e2d1bdf8101020
:104b6c00032014f02fff0028dbd1bdf80c20bdf87a
:104b7c000a309342d5d8bdf810300a215943bdf8fc
:104b8c000e305209013313fb02f39bb29942c8db7e
:104b9c00bdf8080016f052fb20b102a8fcf77cf817
:084bac000446bfe70224bde747
:020000040000fa
:020000040101f8
:104bb4002f4b70b500251d702e4b80241c802e4b6e
:104bc4001d802e4b302628464ff6ff711e8013f0b1
:104bd400f9ff4ff6ff71012013f0f4ff4ff6ff7158
:104be400022013f0efff264b03f5d952118864f32a
:104bf4000f011180918865f30f01918003f5d9525b
:104c0400118966f30f01118103f5d9514ff6ff7233
:104c1400088a62f30f00088203f5d951888a62f387
:104c24000f00888203f5d95103f5d853088b62f33a
:104c34000f000883998962f30f019981114bd20700
:104c4400c3f88020bff34f8fbff36f8f83f81f43e8
:104c5400c3f880211a600122c3f88420bff34f8f68
:104c6400bff36f8f83f82043c3f884215a6070bd6b
:104c74005efd00203af700200efc00204cfd0020d1
:084c84000024014100e100e001
:020000040000fa
:020000040101f8
:104c8c0038b5304b304c1a8842f008021a801a881a
:104c9c0042f004021a801a8842f002021a801a8822
:104cac0042f001021a802278012a02d0022a2fd067
:104cbc0038bda3f5ec731a68d00626d01a68d50651
:104ccc00fcd110f0d3fd214b214d196829401960fe
:104cdc00196841f00c011960032013f0d4fd1d4b31
:104cec001a682a401a601a6842f00c021a600023f3
:104cfc002370bde8384015f0b1bc013a92b2002add
:104d0c00dcd01968c906f8d0d8e741f28932f8e747
:104d1c00a3f5ea731a68100710d01a681207d0d0de
:104d2c001a6802f00f020d2af7d1cae7013a92b2c3
:104d3c00002af2d019680907f8d0eee741f289325f
:104d4c00f8e700bf303a014169020020203a0141e6
:084d5c008cfbffff283a014126
:020000040000fa
:020000040101f8
:104d640030b5837bbbb00446002b63d10df1160133
:104d740006a8adf8163015f04ff8e37a012b17d1d9
:104d8400069ae36bbdf816101a44238f0b449bb2aa
:104d940040f2e1418b42c2f31602069285bfa3f2b0
:104da400e2430132adf81630adf8163088bf0692f2
:104db400b4f87030bdf8160003eb900015f000f85d
:104dc400069a0244c2f316052566a06c14f0f8ff97
:104dd400b4f86810079583b2ca1892b2b2f5487f46
:104de40088bf4ff448722a4488bfc1f54871c2f3a2
:104df400160288bf8bb2099200210df115028df8bd
:104e040014100895012108ad019205aa8df815101a
:104e14000092214607aa09200295fbf723fa079b73
:104e240000939df815209df814102b462046faf7a0
:084e3400f9f8a0733bb030bd9a
:020000040000fa
:020000040101f8
:104e3c0073b50023022904461546adf8063054d14b
:104e4c0010f0e0fb002852d16d78012d4dd894f86c
:104e5c003b6094f838305eb9012b0ed129462046c0
:104e6c0014f0fcfa182384f83860e37402b070bdb7
:104e7c00204613bb2db915f0d1fd20460ef008fdd0
:104e8c00f4e715f084ff054678b90df106012046cc
:104e9c000df04efa054640b920460bf0cbfb05460b
:104eac00204615f0bbfd002de7d0ebb2bdf8062077
:104ebc001821204604f056ffd8e735b915f0aefda1
:104ecc002946204614f0cafad0e715f060ff0546d3
:104edc0078b90df1060120460df02afa054640b9c5
:104eec00032384f838300121ebe70425dde7122594
:104efc00dbe72046022114f0b1fa002384f83830a5
:084f0c00204615f08bfdd0e7f3
:020000040000fa
:020000040101f8
:104f140030b58db00546029105a802a918f0befd72
:104f240002a90df1160017f00fff032202a906a82b
:104f340018f090f8032202a90df11b0018f08af86a
:104f440002a90df11e0018f0a9fd02a90df11f0020
:104f540018f0a4fd02a908a818f0a0fd062202a9d1
:104f64000df1210018f076f802a90df1270018f0d0
:104f740095fd02a90aa818f091fd02a90df12900d6
:104f840018f08cfd02a90df12a0018f087fd02a982
:104f94000df12b0018f082fd02a90ba818f07efd7c
:104fa40002a90df12d0018f079fd05a80ff00efaf5
:104fb400044628b90df1070105a8eef72ffe0446b3
:104fc400234603aa2946022012f04ff9029038b171
:104fd40002a89df8071018f03dfe03a818f0c2fac5
:064fe40020460db030bdb7
:020000040000fa
:020000040101f8
:024fea0070470e
:020000040000fa
:020000040101f8
:104fec0070b50646582019f077f82d4c2d4d2060e1
:104ffc005822002118f060f94ff4a07019f06cf8e9
:10500c004ff4a0720021286018f056f92b684ff469
:10501c006172a3f800212368ff221a702368f92219
:10502c005a70236801229a70f30758bf22682168ce
:10503c005ebf137943f00e0313710c2381f84530d6
:10504c004ff0ff321f23c1e9022340f20773a1f88e
:10505c0011302b6800204ff0884283f80a01126c43
:10506c0002f44052b2f5005f14bf07220246ca7424
:10507c000a75d3f8f02002f0f8010b4a0a43c3e991
:10508c003c200a4a0a49c3e94722c3e94922c3e939
:10509c004b22c3e94d220520bde8704018f078bec4
:1050ac00b8010020b4010020010100050de102014e
:0450bc00399c020118
:020000040000fa
:020000040101f8
:1050c00030b5037a012b90f84d3085b00446cde918
:1050d00001031bd12c4b009302231a468521ec209f
:1050e000fef7aafc10f0c8fb94f84d50012d2ad110
:1050f000264b227aa17a1b680d2000fb021203ebdb
:10510000c203d3f8c4313bb9002515e0204b00930e
:1051100002231a468621e2e71a689b689c4210d156
:10512000204608f0edf894f84e3043f0040384f87c
:105130004e3020460af000fa15f096fa284605b0df
:1051400030bd1346dfe7023d012d0ad894f84e30fa
:1051500043f0050384f84e300121204612f088fe0a
:10516000d2e704f17800fef7aff904f19000fef702
:10517000abf920460af0e0f994f84e3043f006030c
:1051800084f84e300125d7e71d2b01017402002061
:04519000402b0101ae
:020000040000fa
:020000040101f8
:1051940070b590f87340052c01d8032c1ad1b9b915
:1051a40000eb8200d0f8d03022e000eb830200eb69
:1051b4004301d2f8d020b1f8e8401168013364f318
:1051c400de311160dbb290f8f4209a42edd870bd64
:1051d4000023f8e714f0fd032bd129bb00eb820078
:1051e400d0f8d0301a6861f3de321a60d0f8dc30bf
:1051f4001a6861f3de321a60e9e71ab200eb820141
:1052040000eb4202d1f8d040b2f8e860256866f3ba
:10521400de352560d1f8dc10b2f8ee400a680133bf
:1052240064f3de320a60dbb290f8f4209a42e4d8e8
:10523400cde7042ccbd10029b2d000230de000eb44
:10524400830200eb4301d2f8d020b1f8e8401168a2
:10525400013364f3de311160dbb290f8f4209a423a
:04526400edd8b4e7e6
:020000040000fa
:020000040101f8
:105268002de9f7432f4fdff8c49080460b25013d09
:1052780015f0ff0552d004210deb01000bf03cf8ae
:105288003b68d3f81031002b3ed13b68d3f80c3182
:10529800002b3ed1019c204614f0cef90528e6d813
:1052a800204618f0fafe0528e1d884ea090014f02f
:1052b800a9fc0128dbd9e6b2c4f307239e4206d134
:1052c800c4f307439e4202d1b6eb146fcfd020211e
:1052d800204615f0edf91828c9d80621a00e15f0ba
:1052e800e7f90128c3d9304614f08cfc0228bed94e
:1052f8001021a0b215f0dcf90b28b8d8019bc8f82a
:10530800003003b0bde8f083019898470028bcd06e
:10531800ade7019898470028bcd0a8e7024b019355
:10532800ece700bfb4010020f6782b9dd6be898e2d
:020000040000fa
:020000040101f8
:105338002de9f0418ab01c462f4b01900746009397
:10534800ec2001230d4690464b210222fef770fb0c
:10535800384615f075ff0646002847d015f094fc2e
:1053680000b3326892f8be31db0741d52b68c2f82a
:10537800d3316b68c2f8d731a2f8dc812368c2f850
:10538800f63102f5fb7163684b60a3688b60e368d4
:10539800cb60304612f017fd60b3002420460ab0f7
:1053a800bde8f0812b6820686168cdf80e306b6825
:1053b800cdf8123006ab03c3a068e168adf80c70f5
:1053c80003c31c2203ab05213046adf8168012f04a
:1053d80030fd04460028e0d0084b009301940123d7
:1053e8000022ff21ec20fef723fbd7e70224f3e796
:1053f8001a24f1e70724efe780a102019ca102012a
:020000040000fa
:020000040101f8
:105408002de9f041064696b00d46fef72ffe96f8b8
:105418007c40009600238df8063034b301238df8c4
:10542800053096f87e308df8083096f85d308df8a6
:10543800093000270c2305a968468df807708df8f8
:105448000430fdf765fe39469df8152096f82d00c5
:1054580013f085f900f186079df80830ed1aadb212
:1054680044b9384616b0bde8f0818df805408df88e
:105478000850dae7013c14f0ff044ff000038df800
:1054880006301fbf01238df8053096f881308df85e
:1054980008304ff000084ff00d0305a9684604bf17
:1054a8008df805408df808508df8043000968df879
:1054b80007808df80980fdf72bfe9df8152096f8da
:1054c8002d00414613f04bf900f5e8700744c3e797
:020000040000fa
:020000040101f8
:1054d800324bd3f8602f10f0010114bf42f00102e3
:1054e80061f30002c3f8602fd3f8602f10f00201b7
:1054f80014bf42f0020261f34102c3f8602fd3f8ef
:10550800602f10f0040114bf42f0040261f382021c
:10551800c3f8602fd3f8602f10f0080114bf42f0d1
:10552800080261f3c302c3f8602fd3f8602f10f0ac
:10553800100114bf42f0100261f30412c3f8602f87
:10554800d3f8602f10f0200114bf42f0200261f35d
:105558004512c3f8602fd3f8602f10f0400114bf34
:1055680042f0400261f38612c3f8602fd3f8602f2f
:1055780010f0800114bf42f0800261f3c712c3f833
:10558800602fd3f8602f10f4807014bf42f480723b
:1055980060f30822c3f8602f704700bf0024014160
:020000040000fa
:020000040101f8
:1055a80073b5304bdb799a060c4658d52e4b5b7891
:1055b800db0654d54d7e05f11c0018f08ffd06461c
:1055c80000284cd005f11a02d2b23e2117f006f895
:1055d8000d21019001a818f03bfb217801a818f0d3
:1055e80037fb618801a818f039fb217901a818f068
:1055f8002ffb0622611d01a817f034fde17a01a8ee
:1056080018f026fb217b01a818f022fb617b01a87a
:1056180018f01efba17b01a818f01afbe17b01a87a
:1056280018f016fb218a01a818f018fba17c01a824
:1056380018f00efb062204f1130101a817f012fd61
:10564800617e01a818f004fb2a46e16901a817f059
:1056580009fd304617f084ff304618f041fd02b0ce
:0c56680070bd00bf480100204001002080
:020000040000fa
:020000040101f8
:105674002de9f7432a4bd3f8008018ea000f0446bb
:1056840038d1002836d0083463071cbf24f007043f
:105694000834002c2ed0234b1e68a642994629d3e9
:1056a400214b1d686a68a24202d22a68002a34d1ba
:1056b4001e4a1268aa421dd02a681f681a606b68c5
:1056c4001b1b102b07f1080704d9281943606c60d1
:1056d4000ef0eefe16496a680868b61a864248ea71
:1056e40002024ff00003c9f8006038bf0e606a6020
:1056f4002b6077b90f4b1b680bb1002098470e4bfa
:1057040000930194052300220221ef20fef792f971
:105714000027384603b0bde8f0832b461546c1e7a1
:105724006cfc002070fc0020c0fb002078fc0020f2
:0c57340074fc00206801002088c80201fd
:020000040000fa
:020000040101f8
:10574000f8b50c4630490a680546002a51d092f84f
:10575000c030012b4dd192f8e800002849d1d2f891
:10576000f020002a18bf02234a6832b192f8c01014
:10577000012902d192f8e8200ab1002b3dd003f0b4
:105780005bfe024600283cd004f026fc1e4e03f0cf
:1057900053fe00220221944656f8043b13b393f8bb
:1057a000c0e0bef1010f1dd193f8e870d7b9d3f86e
:1057b000f02083f8e8e042b11760d3f8f0204768a2
:1057c0005760d3f8f0203a604260d3f8ec20c2f87a
:1057d00000c0d3f8ec2047685760d3f8ec203a605b
:1057e00042601a46012906d100212a60206008463d
:1057f000f8bd0023b8e70121cee71f2118461a465d
:0c580000f3e70721f1e700bfd8fb002010
:020000040000fa
:020000040101f8
:10580c00023908b523295fd8dfe801f0125e5e5e2d
:10581c00161a5e1e5e22262a5e2e5e32363a3e42f4
:10582c00465e5e5e5e5e5e4a4e5e5e5e5e52565ae0
:10583c00bde8084017f0cab8bde808400af0babb8a
:10584c00bde8084001f0fcb9bde8084017f0c5ba46
:10585c00bde8084007f08ebcbde808400ff069befb
:10586c00bde8084015f0fbb9bde8084001f062b88e
:10587c00bde8084002f072bfbde8084013f01fbf3e
:10588c0012f0e8ff012008bdbde8084011f040bd52
:10589c00bde8084013f02abfbde8084011f0f4b988
:1058ac00bde8084014f030babde8084017f0a0bac3
:1058bc00bde808400df09abfbde80840f8f72ebad5
:0c58cc00bde8084006f0b8ba0020dce798
:020000040000fa
:020000040101f8
:1058d800f0b5046887b00df1030220460f4616f0b4
:1058e8000ef8064620bb9df80330342202fb034520
:1058f80002fb03435c3583f88700204618f0fdf867
:105908009eb99df803201f4ba0b18df8042042f2e8
:105918000102adf805201a780597511c1970204628
:1059280001a98df80720f5f79ffd002007b0f0bd0d
:105938000025e2e714490a70144a15491670012235
:105948000a70197888181870124b1970124b1f605a
:10595800d7f8b030e363d7f8ac302364ab7c2a7057
:10596800c3f3050385f8242085f82c6084f82130da
:105978002b7dc3f34213134484f8223020460df0e4
:105988003ffed2e770fd0020ed020020ec0200206f
:0c599800ee020020ef020020e8020020d8
:020000040000fa
:020000040101f8
:1059a40038b52f4c837bd4f86c2f0d46110547d4a2
:1059b400d4f8682f920043d5032b4fd8dfe803f0c7
:1059c40004390726ff2d06d1d4f8003109e0d4f8b4
:1059d400685fc5f30265284617f074ffd4f80031f8
:1059e40048b16ff34103c4f800311e490020bde8fb
:1059f400384016f03bb843f00203c4f8003128469f
:105a040017f0a8ffbde838400cf046bad4f8685f38
:105a1400c5f30265284617f055ffd4f8003143f06a
:105a24000203c4f800310028e9d00f48eae7ff2d4b
:105a3400f0d1d4f8003143f00203c4f80031f4e7a4
:105a4400032b0bd801a252f823f000bfcd5901015a
:105a5400375a0101c9590101335a010138bd00bf48
:0c5a640000240141ac330141fcfb002098
:020000040000fa
:020000040101f8
:105a7000f7b590f855508768012d05bf2c4bd3f82a
:105a800020310023c3f3074380f84230044618bf97
:105a90001d4613f011fc0646002840d094f8bc20a7
:105aa000b4f8741042f0200384f8bc30b4f85e30cf
:105ab00001339bb29942a4f85e3003d842f06002f1
:105ac00084f8bc2029462046f9f70aff238d0133cc
:105ad000238594f85530012b0dd1164d2b686ff3ab
:105ae000db632b60a5f5b765002007f009fd2b6887
:105af0006ff34d332b60002384f8553094f8bc309d
:105b00008df8043005226b460b49009701200af0fe
:105b1000cbfe3146204603f069f903b0f0bd2046c4
:105b20000ff03afca4f85e60204616f071f9c9e760
:0c5b3000002401410c3a01410003010176
:020000040000fa
:020000040101f8
:045b3c0015f040ba66
:020000040000fa
:020000040101f8
:105b400053ec102bc3f30a512de9f04140f2fd70e4
:105b50004e1e86421d4645d8a1f2ff30002835db97
:105b6000332831dc284bc0f120084ff0ff3c03fa0a
:105b700008f2a1f21f412cfa00fc10ee104a4cea88
:105b8000020c23fa01f24cea020c23fa00fe04eaaa
:105b90000c0605ea0e0724ea0c0256ea070425ea79
:105ba0000e030fd0002a73f100040bdb4ff48015b5
:105bb00005fa08f425fa01f10c43121925fa00f050
:105bc00040eb030343ec102bbde8f081002a73f196
:105bd000000303db9fed080bbde8f0819fed080b90
:105be000bde8f0810029efd10a4603f0004343ec01
:105bf000102be9e7aff30080000000000000f03f49
:0c5c00000000000000000000ffff0f008b
:020000040000fa
:020000040101f8
:105c0c002de9f04f00252f462c464ffa85f8984584
:105c1c0012db4fea430909f1ff3a4ff000085ffa33
:105c2c0088f606eb030e4ffa8efed64528db484469
:105c3c0000f8014cbde8f08f4ff0000c02eb0509a9
:105c4c00e64611f80ca019f8016944ea07240afb8e
:105c5c0006f616fa84f4a4b20cf1010ca64288bf25
:105c6c000ef1010e4ffa8cf6b0454fea14275ffa8d
:105c7c008efee4b2e5da44553c4601357746c4e77e
:105c8c0001363d4676b200274ffa86fc634505dcab
:105c9c0000f80e4008f101082c46c0e702eb0e0c90
:105cac00c6f1000b44ea05251cf80bb011f806c030
:105cbc000bfb0cfc1cfa85f5adb2ac4588bf01376b
:0a5ccc00ecb2ffb201362d0adee74c
:020000040000fa
:020000040101f8
:025cd6002a2b77
:020000040000fa
:020000040101f8
:105cd80006040000f92402011d040000db4802014b
:105ce8007b0c0000e91902017c0c0000110702017d
:105cf80005140000ff410201022000001d6002019e
:105d080013200000dd4a0101152000005125020181
:105d180016200000a51a02011c200000471a0201e3
:105d2800202000002d30010121200000611b02010c
:105d380022200000c7b20101232000005d6002019b
:105d4800242000004d4202012f20000021210201e1
:105d5800302000007b210201312000008d13020158
:105d680032200000918e01016d200000b354020121
:105d7800762000006d850101772000008310020164
:105d880078200000ff8b010179200000bd1b020173
:085d98007a200000ad0a0201af
:020000040000fa
:020000040101f8
:105da000f7b52e4b019004460f46009302220123c3
:105db0001121ec20fdf740fe17f05efc002849d1d0
:105dc0001f2c49d884b12046fff754fc50b9072452
:105dd000234b0093019401230022ff21ec20fdf7c7
:105de0002bfe32e012f0b4f903f026fb0028eed0cf
:105df00004f0f2f81b4b1868f021043017f07aff1a
:105e000005462cb32046fff735fc0646d5f8fc00c6
:105e100020b112f09df90023c5f8fc3034b1c5f86b
:105e2000fc6022463946304616f0cefb95f86031cc
:105e3000a5f80041012b04d102220021284609f0d7
:105e400037fd012017f000fc0024204603b0f0bd10
:105e50002646dbe70c24bbe71224b9e70baa0101b5
:085e6000e7a90101b0010020d7
:020000040000fa
:020000040101f8
:105e6800f7b52e4b019004460f46009302220123fa
:105e78001221ec20fdf7dcfd17f0fafb002849d1d0
:105e88001f2c49d884b12046fff7f0fb50b90724ee
:105e9800234b0093019401230022ff21ec20fdf7fe
:105ea800c7fd32e012f050f903f0c2fa0028eed034
:105eb80004f08ef81b4b1868f021043017f016ff19
:105ec80005462cb32046fff7d1fb0646d5f80c0152
:105ed80020b112f039f90023c5f80c3134b1c5f8f6
:105ee8000c6122463946304616f06afb95f8603157
:105ef800a5f81041012b04d102220021284609f0ff
:105f0800d3fc012017f09cfb0024204603b0f0bd11
:105f18002646dbe70c24bbe71224b9e721aa0101d6
:085f2800e7a90101b00100200e
:020000040000fa
:020000040101f8
:105f30002de9f7431d462e4b1b68d3f800802d4bef
:105f40001b680746894616461c6817f08dfbf0b99a
:105f5000b9f1020f0cd10eb912200fe0002dfbd0c9
:105f60000a204ff4a06170436943884203d3f3e7ea
:105f70000eb1002df4d1012f03d0002003b0bde8f5
:105f8000f08398f82e3023b994f82e3043b90c20c2
:105f9000f4e798f80e1001f0fd01012915d0c9b100
:105fa00094f82e30002be8d0a17b01f0fd010129ef
:105fb00019d00029e1d10df1070015f059fd9df828
:105fc0000700002818bf1220d8e717f035fb00287b
:105fd000e6d1c1e70df1070015f04afd9df8073045
:105fe000002bddd0b8e717f027fb0028c5d1b3e7b9
:085ff000200200201c02002029
:020000040000fa
:020000040101f8
:105ff8002de9f0410f4615463a78c17902f00f0ca9
:10600800bcf1060f92b0064618d8012404fa0cf425
:1060180014f0550402d07c78063ce4b241f2020048
:10602800adf8000001208df80400bcf1060f36d849
:10603800dfe80cf00607313533352f000024ede793
:1060480000208df80500342000fb013393f88110ff
:1060580039b393f88580404616f0fcf940f0020009
:106068008df806000df1070140460ef003fb3b7862
:106078008df80d4013f0090f0cbf06350025337855
:10608800049568468df8143012f0b0f912b0bde8e6
:10609800f0810220d5e70320d3e70420d1e7ff20d1
:1060a800cfe72b68cdf80730c2f38012ab888df8a4
:0860b8000620adf80b30dae719
:020000040000fa
:020000040101f8
:1060c000304bd3f8842f6ff31f62c3f8842fd3f8bb
:1060d000882f6ff30702c3f8882fd3f8882f6ff348
:1060e0000f22c3f8882fd3f8882f6ff31742c3f815
:1060f000882fd3f8882f6ff31f62c3f8882fd3f847
:106100008c2f6ff30702c3f88c2fd3f88c2f6ff30b
:106110000f22c3f88c2fd3f88c2f6ff31742c3f8dc
:106120008c2fd3f88c2f6ff31f62c3f88c2fd3f80a
:10613000902f6ff30702c3f8902fd3f8902f6ff3cf
:106140000f22c3f8902fd3f8902f6ff31742c3f8a4
:10615000902fd3f8902f6ff31f62c3f8902fd3f8ce
:10616000942f6ff30702c3f8942fd3f8942f6ff393
:106170000f22c3f8942fd3f8942f6ff31742c3f86c
:08618000942f70470024014137
:020000040000fa
:020000040101f8
:1061880070b52f4b0468586903781646427884f82e
:106198002220c3f3c00003f00305e077c3f38000b7
:1061a800c3f30013a57784f8200084f8213031bbad
:1061b800e1750023a375aeb194f8f83213b1214b01
:1061c8001b787bb994f82620e37f9a420ad194f889
:1061d800a7313bb9637e012b04d094f82230dbb998
:1061e8000123a37594f8661094f8220010f092f930
:1061f800d4f888301844c4f88800002015e094f8d2
:106208002530834205d00123e375204611f0b4fb05
:10621800cfe70023e375cce7204613f03dfe28b115
:10622800236e43f010032366012070bd94f89c315f
:10623800002bd5d1032d1cbf012384f89c31cfe757
:08624800e4fa0020e10200204d
:020000040000fa
:020000040101f8
:1062500090f8e530002b48d1d0f8d03040f27122d0
:10626000b3fbf2f39ab22b4bd3f8041162f31f4144
:10627000c3f80411417ed3f8002161f38302c3f80f
:10628000002190f8e620022a13d0042a1fd0012a08
:106290003ed1d3f8041162f3cc21c3f80411d3f832
:1062a000001162f30611c3f80011022380f8e630f2
:1062b0007047d3f8041162f3cc21c3f80411d3f86a
:1062c000001162f30611c3f800110423eee7d3f8be
:1062d000041141f4c051c3f80411d3f8001162f362
:1062e0000611c3f800110123e0e7012b10d1094b7f
:1062f00090f80811d3f8002161f3cc12c3f8002103
:1063000090f80911d3f8002161f38302c3f800214a
:08631000704700bf00240141a9
:020000040000fa
:020000040101f8
:1063180070b52d4c2268557a002d53d111782b4b2e
:1063280049001e68c9b261f307061e6011781e682d
:1063380001314900c9b261f30f261e6011781e6849
:1063480002314900c9b261f317461e6011781e6810
:1063580003314900c9b261f31f661e601178043128
:106368001170821c1a4922f070420a60a3f5147257
:10637800c0b2118860f307011180a3f58362a3f509
:106388000b73116865f34d3111601a8842f00102f0
:106398001a8023681a78272a08d91d7023689a79e1
:1063a800d979013a914204bf01225a722368b3f89d
:1063b800ca20013aa3f8ca201a7a01321a72054b88
:1063c80001221a7070bd00bff8020020503c014144
:0863d800f40200200403002080
:020000040000fa
:020000040101f8
:1063e00070b52d4c2268557a002d53d111782b4b66
:1063f00049001e68c9b261f307061e6011781e6865
:1064000001314900c9b261f30f261e6011781e6880
:1064100002314900c9b261f317461e6011781e6847
:1064200003314900c9b261f31f661e60117804315f
:106430001170821c1a4922f070420a60a3f513728f
:10644000c0b2118860f307011180a3f21c42a3f5ca
:106450000a73116865f34d3111601a8842f0010228
:106460001a8023681a78272a08d91d7023689a7918
:10647000d979013a914204bf01225a722368b3f8d4
:10648000ca20013aa3f8ca201a7a01321a72054bbf
:1064900000221a7070bd00bff8020020543c014178
:0864a000f402002004030020b7
:020000040000fa
:020000040101f8
:1064a80070b52e4b5b7a012b02d0022b31d070bd18
:1064b8002a490d7a51f8252010788872d3789cb231
:1064c8008c8102264e72012808d00228efd10133b0
:1064d800043223490120fcf72ffde8e724b10432f8
:1064e8001f49fcf729fde2e71c4c012060722a18bd
:1064f80002402272042354f822201949fcf71cfd9b
:10650800a28954f8251003320131052012f050faff
:10651800cde7124c01206072257a2a1802402272b7
:10652800042354f822200e49fcf706fda37a012b18
:106538000bd0022bbbd1094b9a8953f82510043292
:106548000131062012f034fab1e7a28954f8251077
:1065580003320131052012f02bfaa8e700000020d1
:04656800280c0040bb
:020000040000fa
:020000040101f8
:10656c00002856d070b50446c26a2b490968c96a1e
:10657c008a4245d28169002905db27490968c96a25
:10658c00c1f10501816102eb8202244901eb820217
:10659c006169914205d0204a1268d26ae2620120f8
:1065ac0036e0251d284614f03ffc38b91c490b6811
:1065bc00e06a0122824023ea02030b60164b1b683f
:1065cc00db6ae36216490e68012000fa03f23243db
:1065dc000a60124a03eb830302eb83035b68a3603c
:1065ec009968e1604d609d60e56aab0059198900be
:1065fc0056186661515801442b449b00d15007e05a
:10660c00054a1268406cd36a98422cbf00200120c6
:10661c0070bd0020704700bf30fc0020bcf700208c
:04662c004cfc002002
:020000040000fa
:020000040101f8
:1066300070b5c388013bc2b00446042b1bd8dfe809
:1066400003f0031c343a52008368029302a90df14f
:10665000060016f07bfb02a901a817f021fa029aa6
:106660009df80410bdf8060001f07cfd204ba068e9
:106670001b681b6c984742b070bd8368029302a9e7
:1066800001a816f063fb02a90df1060016f05efbef
:10669000bdf80410029bbdf80620c1f30b00090be6
:1066a000adf8040008f0f8fde0e7017a4ff47c4013
:1066b00010f014f8dfe7457ac668237a681c02aa4e
:1066c0004ff47c41c0b210f0d2fd45b12a463146ac
:1066d00015f07aff064b1b6830461b6c984702a8e2
:1066e00016f042ffc7e7007a13f0e1fcc3e700bff2
:0466f0006001002025
:020000040000fa
:020000040101f8
:1066f4002de9ff4705460e46144614f0f3fb002728
:10670400294b99461a689200fcd428686968274b7b
:1067140003c3a868e96803c330687168a3f1dc02a5
:1067240003c2b068f16803c2a3f1600aa3f12808a8
:106734000ff0a0f8d9f8003043f00063c9f8003036
:1067440013f090ffd9f800309b00fbd4daf8003046
:10675400c3f3400353b9164a03ca2060616003caf5
:10676400e160e27ba06042b1184619e0b8f800305d
:1067740043f02003a8f80030dae72fb110222146b5
:10678400684615f011ff58b1206861686b4603c371
:106794000137a068e168ffb2052f03c3b0d101201f
:1067a40004b0bde8f08700bf30340141dc3401415e
:0467b400203401414b
:020000040000fa
:020000040101f8
:1067b80073b54ff41471002008f064fb05460028f7
:1067c80051d004684ff414720021204616f076fd6b
:1067d80004f59473c4f82c3104f59873c4f8343173
:1067e80004f59c73c4f83c3104f5fc73c4f8fc311f
:1067f80004f50073c4f8043204f50273c4f80c32cb
:106808001a4ba5601a6800262660916861600c60c2
:1068180094601a681378013313703146182204f50e
:10682800087016f04bfd4ff480731822c4f82c52f0
:10683800c4f82832314604f50e7016f03ffd0c4bb3
:10684800c4f84452c4f8403201210df1070009f0a0
:1068580053fd9df807102522b1fbf2f302fb131339
:1068680084f882302546284602b070bdb001002069
:046878000101030017
:020000040000fa
:020000040101f8
:10687c0030b52b4b2b4c1b68b4f90020a3f8060148
:10688c0085b0a3f8081182b1274b1d78d2b2ad1a8e
:10689c001d705d78ad1a5d709d78ad1a9d70dd78b8
:1068ac00ad1add701d79aa1a1a710028ccbf431dd0
:1068bc00431f4ff00a02ccbfb3fbf2f393fbf2f38e
:1068cc0000291bb22380c8bf4a1d4ff00a04d6bf53
:1068dc004a1fb2fbf4f292fbf4f2144c12b2228077
:1068ec0083b1114a1478dbb21c44147054781c44e4
:1068fc00547094781c449470d4781c44d4701479db
:10690c00234413710a4b0093cde9010101230222a8
:10691c002b21ec20fdf78af8002005b030bd00bf1c
:10692c00b4010020a80100209e0100209c01002041
:04693c005c4c0001ae
:020000040000fa
:020000040101f8
:1069400070b5046894f8ae51064615b10125284685
:1069500070bd0ef017fe00284dd0112384f8ae3123
:106960000f21304606f0bcf80028efd017f0ecf904
:10697000012829d9b4f84832b4f84a20d4f878016b
:106980009a421abf40f2e2415943294617f03cfab5
:10699000a4f89a00b4f89a203ab1b4f84812b2fbbd
:1069a000f1f301fb1323a4f89a3030460ff012ffe5
:1069b000054660b1304612f0f7f994f8c63143f05d
:1069c000010384f8c631c2e7a4f89a50ede794f8c1
:1069d00064304bb904213046fbf773fb05460028b1
:1069e000b4d184f8ae01b2e7012bafd1102130460b
:1069f000fcf7defdf2e730461e220f21bde87040b5
:046a00000df0dabffc
:020000040000fa
:020000040101f8
:106a04002de9f74fcd790468032d88460cd92b4b1b
:106a14000093019501230022be21ec20fdf70af822
:106a24001e2003b0bde8f08f342707fb054797f815
:106a34005ea00af1ff33012b07d9214b0093cdf857
:106a440004a001230222bf21e7e7d4f82490be6ffb
:106a540094f80fb04ff6ff71484603f001f8e0b91f
:106a640097f8843013b3abf1020bbbf1010f1dd8bf
:106a740023464a463146404606f0b4f8baf1020fbe
:106a84000bd1b37803f00f03042b06d1727823469d
:106a94004a44b11c4046fff7adfa342303fb0545d5
:106aa400002085f88a0084f82f00bae723464a4676
:106ab40031464046fff79efae0e700bf57cf010199
:046ac40067cf010196
:020000040000fa
:020000040101f8
:106ac8002f4bd3f8642f70b342f00102c3f8642f40
:106ad800d3f8642f42f00202c3f8642fd3f8642f6e
:106ae80042f00402c3f8642fd3f8642f42f008027e
:106af800c3f8642fd3f8642f42f01002c3f8642f50
:106b0800d3f8642f42f02002c3f8642fd3f8642f1f
:106b180042f04002c3f8642fd3f8642f42f0800299
:106b2800c3f8642f704760f30002c3f8642fd3f8ea
:106b3800642f60f34102c3f8642fd3f8642f60f325
:106b48008202c3f8642fd3f8642f60f3c302c3f83a
:106b5800642fd3f8642f60f30412c3f8642fd3f8ba
:106b6800642f60f34512c3f8642fd3f8642f60f3e1
:106b78008612c3f8642fd3f8642f60f3c712cfe7e7
:046b880000240141a3
:020000040000fa
:020000040101f8
:106b8c0030b50c4693b008280ad8dfe800f0050ca5
:106b9c001014181c42515500117820460ef0aafe14
:106bac00002013b030bd084611f054fef8e708463b
:106bbc0017f07afaf4e7084615f0e0f9f0e7084622
:106bcc0015f07ffdece70d68b5f88712b5f8983035
:106bdc009942e5d092f9003085f88c320021284694
:106bec0010f0b3fb012101fa00f085f88b02284666
:106bfc0010f0abfb0146204615f00cffb5f89830b1
:106c0c0085f88d020133a5f88932204615f0c6feb1
:106c1c00c6e70b684ff48151adf800101b88adf836
:106c2c00043068461388adf8063011f0ddfbb7e789
:106c3c00084600f061ffb3e7084611f0c0fdafe76e
:020000040000fa
:020000040101f8
:106c4c0038b5036893f8b421142a044639d00cd80b
:106c5c000e2a1ad00f2a22d0032a0cd193f8be2167
:106c6c006ff3000283f8be2105e0162a2ed002d362
:106c7c00233a022a3dd90021204609f0cff92046bb
:106c8c00012109f0cbf9012016e093f8be216ff336
:106c9c00c30283f8be211a2112f068f8ebe793f8cf
:106cac00be216ff3410283f8be2193f8643023b9ff
:106cbc0010f011fb0028ded138bd1a210df051fe69
:106ccc00d9e793f8be216ff34512cbe7012113f0fe
:106cdc003dfd16f0c2fb00210546204613f036fda3
:106cec0016f0bbfb1a230246294620460ff0aeffd6
:106cfc00c1e793f880226ff3c71283f88022bae7ba
:020000040000fa
:020000040101f8
:106d0c0073b52a4c0094012302226821ec20fcf775
:106d1c008dfe13f03bf8054600283ad1244b187031
:106d2c00244b1870244b1e68044646bbe4b102f099
:106d3c007dfb94f856306bb9012384f85630d4f8a7
:106d4c00c0301e60d4f8c03042685a60d4f8c030ed
:106d5c0013604360012384f85730442384f85c307b
:106d6c0003689bb117f044f9012016f06ffcccb905
:106d7c00234622461149032009f090fd12e096f8b3
:106d8c005430012b08bf34463668cee703f01ef9a9
:106d9c00eae76f3c0190009401230022ff21ec20d4
:106dac00fcf744fe284602b070bd00bf46a20001ad
:106dbc0067fd00206bfd0020e0fb002002030101b9
:020000040000fa
:020000040101f8
:106dcc002de9f041074614f089f83b682b4d1c68ff
:106ddc0029682346a3b914bb384617f068f92b6809
:106dec0093f8bb2293f8ba329a4207d12b6893f8e6
:106dfc00bb22a24238d80022a3f8ba22bde8f08107
:106e0c0093f84e20520708d491f8ba2201eb820075
:106e1c000132c0f8bc3281f8ba221b68dae794f868
:106e2c004e10d4f8008011f004061bd12046fef75a
:106e3c0041f9012809d12a6892f8bb32013382f852
:106e4c00bb323146224604f089f8606d08b1fef77a
:106e5c0031f9d4f8a80008b117f05ef921460320e7
:106e6c0012f004f94446b6e703eb84030134d3f87b
:106e7c00bc0214f0c7fee4b2b8e700bf74020020f5
:020000040000fa
:020000040101f8
:106e8c0038b50468236ed90505462ad51a0524d5cc
:106e9c0007f00ef8294bda6a42f40032da62da6a49
:106eac006ff35142da62da6c42f40032da64da6c73
:106ebc006ff35142da64da6c42f48022da64da6cf1
:106ecc006ff39242da6494f808335bb9637d013353
:106edc006375204613f066fd16e013f032ff0028b0
:106eec00d6d038bd236e1b0606d594f86430012b22
:106efc001ad1284614f068fa0ef0b8fc236e23f071
:106f0c004003236613f0aafb94f86430012b06d1de
:106f1c00237d13f0180f02d028460ef083f9284673
:106f2c00bde83840edf7dcbf0ef0a0fc236e23f07b
:106f3c008073236613f092fbdee700bf002401414f
:020000040000fa
:020000040101f8
:106f4c002de9f04190f81431072b0446d0f8b40029
:106f5c0031d00678d4f8b050c6f38016274bd3f84e
:106f6c006c2f12f4006f04f1fc0804f1f6070dd13c
:106f7c00d3f86c2fd10534d5d3f8682f920030d5c7
:106f8c00d3f8683fc3f3026384f8f43094f8f40048
:106f9c0015f05efa40f0020084f8f5002b68c4f896
:106fac00fc30ab88a8f80430394694f8f400bde8fe
:106fbc00f0410df05dbb8378033003f03f030344d5
:106fcc0001219878033300f03f00184410f8026b4d
:106fdc00fbf7f2f9c6f3801605460028bed1bde8d2
:106fec00f081002384f8f560c4f8fc30a8f8043074
:106ffc002b68c4f8f630ab88bb80f0e70024014165
:020000040000fa
:020000040101f8
:10700c0030b52e4db0f81f1005f5915385b09a6927
:10701c0061f31f429a6105f59153b0f82110da69ba
:10702c0061f30f02da6105f5925304469a696ff326
:10703c0012429a6105f5825390f82310da6961f3d4
:10704c000f22da61818cda6961f31f42da6105f58e
:10705c00825305f5a3555a6942f400525a6190f8cf
:10706c003010022016f014fa012006f043fa94f8be
:10707c00303084f8413020460ff022fcab8960f3ad
:10708c000e03ab81d4f81f300193234601a853f8ab
:10709c006c2fcdf809201b798df80d30238dadf8b0
:1070ac000e3001238df8083000f09efa84f8400071
:1070bc0020460bf007fd05b030bd00bf0024014198
:020000040000fa
:020000040101f8
:1070cc0038b5046894f86430012b05464cd194f81b
:1070dc00ae313bb194f8ac21112a03d0112b01d065
:1070ec0001240ee0b4f89820b4f844329b1a9bb2f9
:1070fc0047f6fe7293422ed815f0daff014610b90e
:10710c000024204638bd94f8c631db0710d4b4f8ff
:10711c004a20b4f83e329a4204d1e26cd4f84032a0
:10712c009a4205d094f8c63143f0010384f8c63175
:10713c000023cb71b4f844320b8104f23a23cb60b8
:10714c00284616f023ff94f8ac31112bc8d011232c
:10715c0084f8ae31c4e72846112112f0ebfd28214a
:10716c00284616f04df9bbe7002114f02dfb044620
:0e717c000028c5d01121284612f0dcfdc1e725
:020000040000fa
:020000040101f8
:02718a0070474c
:020000040000fa
:020000040101f8
:10718c0070b50c2016f0a8ff234e244d306000245f
:10719c00046044608460702016f09eff70222146cb
:1071ac00286016f089f83268134643f8044f936050
:1071bc00fff7fcfa68b3f0234375012380f82b30fa
:1071cc00db02c0e9063307230384ff2380f82e304b
:1071dc00032380f8f43080f8734080f8224080f864
:1071ec0029400f4816f07afa0e4816f07ffa0e482e
:1071fc0016f09cfa0d4816f061fa0d4816f0aefa2e
:10720c0020460c4916f0c4fd2b680b4a9a652046a3
:10721c0070bd0720fce700bfb0010020ac010020ce
:10722c00c1af020111c202019daf02015d620201f8
:0c723c00d94c0201d1ba020169580001ce
:020000040000fa
:020000040101f8
:107248002de9f04393b01d464b7906930b790593ce
:10725800cb7804938b7803934b7802930b78264f63
:10726800019381460123ec200c46904620210222fe
:107278000097fcf7ddfb28460cf09efc064680bb19
:107288009df8203069f3000360f341038df8203046
:107298002368cdf82130a388adf82530d8f8003020
:1072a800cdf82730d8f80430cdf82b30d8f808308e
:1072b800cdf82f30d8f80c30cdf833302b68cdf816
:1072c80037306b68cdf83b30ab68cdf83f3008a855
:1072d800eb68cdf8433003f0b5f9304613b0bde89c
:1072e800f083fb3f0190009701230022ff21ec204f
:0c72f800fcf79efbf1e700bf924d000187
:020000040000fa
:020000040101f8
:10730400f8b52a4b2a4f1d68012013f0fdfd3e7885
:1073140004469eb92822314605f1130015f0d0ff2a
:10732400244a2e81092101200ff01cfc44f4007131
:1073340089b2012013f0fafd01233b701e4c2b7a15
:1073440021685a00d2b262f3070121605a1c2168f5
:107354005200d2b262f30f2121609a1c21685200bc
:10736400d2b262f317412160033322685b00dbb2bf
:1073740063f31f62226014f079fca4f514730130e6
:107384001a88c0b260f307021a80a4f58363a4f5d7
:107394000b741a686ff34d321a60238843f00103ab
:1073a40023802b7a04332b72f8bd00bfb401002074
:0c73b40060fd002031ed0101503c014162
:020000040000fa
:020000040101f8
:1073c00007b50b4613281cd8dfe800f00a1b1e1b6c
:1073d0001b22383c401b1b1b1b1b48454e1b1b53d1
:1073e000254a126892f8262342b10b6801930422c1
:1073f00001ab0021002009f057fa02e00846f9f736
:10740000edf803b05df804fb084612f0f1fcf8e774
:10741000194a116891f8262362b1d1f8a4121a68aa
:1074200041b1907a897a884204d8019201ab042252
:107430000521dfe718460af003fde2e7084616f0eb
:10744000ddfcdee7084616f017f8dae7097918469a
:1074500014f0f3f9d5e7f5f779f9d2e7d1e901129c
:107460001878eff7dffbcce74968186809f0aefc45
:0c747000c7e713f011fac4e77402002013
:020000040000fa
:020000040101f8
:10747c0037b50468b4f84a3094f98422f02b94bfe1
:10748c0094f91b3094f91a309a4205460cdc94f9a5
:10749c001b3094f982229a4206dbb4f898300133ff
:1074ac00a4f8893203b030bd94f883220121d21a9a
:1074bc00204652b20ef0d8fb002a1fdd231893f899
:1074cc007c329b07e9d4174b009593f908309a420c
:1074dc00b8bf1a46002a08da204490f97432991879
:1074ec001031bcbfc3f1f00252b28df804206b46d0
:1074fc0005220d49012009f0d1f9cee7cdd0231892
:10750c0093f87c12c907c8d494f98612002903dabf
:10751c0094f985120029c0d093f974320f33bcdb77
:0c752c00d1e700bf9e0100200506010110
:020000040000fa
:020000040101f8
:1075380003297fb5044615464cd10ef065f800289e
:1075480049d1e3789a074dd413f0100f264b1b68e6
:1075580005f101010df10a0014bf1e895e8916f0bc
:1075680071fbbdf80a30162b9cbf1723adf80a3003
:10757800bdf80a30b34228bf3346a380032016f073
:107588009efd0546b0b100f11003032103a8039343
:1075980016f05efb314603a816f060fb0423009347
:1075a8002a4600230321208811f088f910b12846c3
:1075b80016f0d6fd4ff4827016f090fd40b10e2201
:1075c800027022888280a288c280042113f03cfacb
:1075d80004b070bd0420c3b200220221204602f08c
:0c75e800c3fbf5e70620f6e714030020c3
:020000040000fa
:020000040101f8
:1075f40030b501792a4bf1b1012934d01a6842f02f
:1076040080021a60274ad0f80510116052f8041f4e
:10761400407a60f3040111601a6842f040021a6073
:107624001a685106fcd41a685200fcd51e4b18681f
:10763400c0f3054030bd1a46058852f80c4f65f377
:107644000f0414601468458865f31f4414601a68b5
:1076540061f34d321a601a46448952f85c1f64f390
:107664000f011160cae703f500720488116864f31e
:107674001f41116003f501724488116864f30f011e
:107684001160116841f4e02111601a6842f400525b
:107694001a601a46448952f8681f64f31f41e0e7f0
:0c76a4005434014158340141b03401411c
:020000040000fa
:020000040101f8
:1076b0002de9f843eff311874ff0200484f311888c
:1076c000bff36f8fbff34f8f856bc46ba54206d39b
:1076d000022b04d0002087f31188bde8f8831d46f3
:1076e0009046044690f8456076b2d0f838901a4635
:1076f00007f09cf8b6f1ff3f21d1a36c7bb1022dbe
:1077000002d1b9f1000f24d120460af0c9fe10b30e
:10771000b8f1000f21d00120c8f80000dbe7636a50
:107720000bb90120d7e704f12400fdf76bf9b0b1e4
:10773000b8f1000f15d00120c8f80000cbe716f013
:10774000fbf986420fd2013676b284f845600120fb
:10775000c1e70120bfe70120bde70120bbe7012011
:0a776000b9e70120b7e70120b5e703
:020000040000fa
:020000040101f8
:10776a0073b50468e36db4f84a10db689a889142ed
:10777a00064609d1b4f84c10da88914204d1b4f81b
:10778a004e101a89914202d0032284f89c201a785a
:10779a0084f847205a88a4f848209a88a4f84a20ee
:1077aa00da88a4f84c201b89a16da4f84e30204633
:1077ba00012209f092fc236eb4f84a2023f0010357
:1077ca002366b4f84e3000252046c4e91d55db0077
:1077da00b3fbf2f3c4f8803000f015fdd4f8783129
:1077ea001a8fdb6b0092019315f04ffc04f1c4036e
:1077fa002946b422184615f060fd6a4603460c2154
:10780a003046fbf7fafc236ec4f87c5123f00403dc
:0a781a0043f00803236602b070bdbe
:020000040000fa
:020000040101f8
:10782400f8b50301254a9c1800219950e16001250f
:107834006573a573e573616004331344a360002882
:107844003ad14ff4827013f0ddfa1d4e30604ff4dc
:1078540082752a46002115f033fd284613f0d2fa2a
:1078640070602a46002115f02bfd164a536843f434
:1078740080335360d369002bfcd1114d00262e7246
:1078840001276f7222461049384615f033fe2a7ad2
:10789400042355f822200d493846fbf74ffb2246b6
:1078a4000b49304615f026fe21460a4816f03cf9ed
:1078b400024b044a1a601e73f8bd00bf100000207a
:1078c40000000020000c004069da0201280c00408e
:0878d4003d6a0201f598020172
:020000040000fa
:020000040101f8
:1078dc0070b504460e46254b1d68254b1a680021d1
:1078ec0082f851101868043013f09efa48b9204bf6
:1078fc001a6820490b68d06a0122824023ea0203ed
:10790c000b60b4f1ff3f0dd02c44194b1b685c602d
:10791c00a5421dd9184b1868154b1968043110f085
:10792c000dfb70bd002eefd0144a5168104b186837
:10793c00816018688c68c4601868043060601868ce
:10794c00043088601b685a61136801331360e8e7e0
:10795c000b4b1868064b1968043110f0effa094b01
:10796c001b68a34284bf074b1c60dae764fc002051
:10797c0030fc00204cfc002038fc002038fb0020a0
:08798c0034fc002054fc002033
:020000040000fa
:020000040101f8
:1079940070b5294e01233370284b53f8045b1c68df
:1079a400e30602d5264b1b699847a00602d5244b53
:1079b4005b699847e90602d5224b1b699847aa04dc
:1079c40002d5204b5b6b98472b0602d51d4bdb6918
:1079d4009847e80502d51b4b1b6a9847a90502d5b1
:1079e400184b5b6a9847e20502d5154b1b6a98470a
:1079f400a30502d5124b5b6a9847650502d5104b67
:107a04009b6a9847e00402d50d4b1b6b9847a10471
:107a140002d50b4b5b6b9847620402d5084b9b6bfa
:107a24009847230402d5064bdb6b984714f042ffba
:107a34000023337070bd00bf5dfd0020143f014181
:087a4400b000012070000120d8
:020000040000fa
:020000040101f8
:107a4c002de9f04f047a14f00704034618bf012403
:107a5c00274850f8346084467eb900ebc4051e609c
:107a6c0040f834306b60234840f82430002a3cd076
:107a7c000846bde8f04f03f07fbdd3f804a04ff0eb
:107a8c00000eaaeb010bb0463746f146bbf1000fd6
:107a9c001ffa8ef5786807db401a002816daddb974
:107aac001e604cf83430dee7b9f1000f0ed1401aed
:107abc00002809db38680135adb20ef1010eb8466d
:107acc000028ecd00746e1e74ff001097868a0ebfd
:107adc000a000028eedde2e7d8f800201a6012b99f
:107aec000cebc4046360c8f80030bde8f08f00bf35
:087afc0074fb0020d0fb002008
:020000040000fa
:020000040101f8
:107b040038b50568d5f8ec4264b3012385f8f4323e
:107b14002379082b0ad8dfe803f005262a2f360933
:107b24003a404700a368188803f044f9214b1b68c6
:107b34000bb12046984795f8f432012b0fd1d5f8b4
:107b4400ec321b68c5f8ec321bb905f53b73c5f87c
:107b5400f032a06816f0c6fa204616f0c3fa0023e5
:107b640085f8f43238bda068f9f79af8dee7a3681f
:107b7400188803f0d7fdd9e7a3689a88598818882c
:107b840001f0b8fbd2e7a068f4f71afdcee7a368ca
:107b940099781888fbf7e2f8c8e7a368da78997847
:107ba4001888faf77ffec1e7a368187801f0b2fae3
:087bb400bce700bf180200202d
:020000040000fa
:020000040101f8
:107bbc002de9f34104680646002c4ed031bb284f0a
:107bcc00012501230222c3210097ec20fbf72eff95
:107bdc00236a00221b686572e272a28193f832104c
:107bec0061772572596ba161996b616193f83310c0
:107bfc00a17224649b6cc4e911322468002ce0d17e
:107c0c00304602b0bde8f04115f028be0129f7d18d
:107c1c00144f0d464ff0807801230222c4210097a7
:107c2c00ec20fbf703ff236a1b6865721a6c226158
:107c3c00c4f80b8093f83220627700222272596bc1
:107c4c00a161996b616193f83330a372c4e910227e
:107c5c00a2642468002cdfd1d2e702b0bde8f08129
:087c6c00102201011e2201019a
:020000040000fa
:020000040101f8
:107c74002de9f043cfb00d4604460146b42221a8b5
:107c840014f0a0fcc5b13295264b399f1b68d3f87c
:107c9400a852002601a8adb9b1464ff00c082c46f5
:107ca400b9f1000f04d008f1ff3818f0ff0819d11a
:107cb4003998c01bc0b202e032980028e4d14fb01a
:107cc400bde8f083aa6894420ad0916c41b9116c62
:107cd400914205d14a6c1ab140f826100136f6b229
:107ce4002d68d8e701ab21a853f82410eef730fa39
:107cf400002818bf25460134e4b209f1ff33a64237
:107d040008bf002413f0ff0309d130b16c1c701eae
:107d1400e4b2c0b2a64208bf00248146c0e71846b8
:087d2400fbe700bf7402002020
:020000040000fa
:020000040101f8
:107d2c0038b5002013f0ecf80546012013f0e8f804
:107d3c00224a04460d2100200ef010ff204a0c218f
:107d4c0000200ef00bff1f4a0b2100200ef006ff47
:107d5c001d4a0e2100200ef001ff1c4a04210120b7
:107d6c000ef0fcfe1a4a052102200ef0f7fe194a0d
:107d7c00042102200ef0f2fe4ff6ff71002010f0ed
:107d8c001dff4ff6ff71012010f018ff4ff6ff7129
:107d9c00022010f013ff45f4f04189b2002013f0db
:107dac00c1f844f0100189b2012013f0bbf8302166
:107dbc000220bde8384013f0b5b800bfa91b010183
:107dcc00792a0201813f0201315c020181d4010157
:087ddc00b1c40201cdc4020193
:020000040000fa
:020000040101f8
:107de40010b586b00023032904468df801302fd145
:107df4000df10200511c15f027ff20460df006fc82
:107e040048bb02aa01a9bdf8020011f0fbfa002840
:107e140037d0019b2088da7b012100f0fafb80b285
:107e2400c8b901998b7b9a0723d52388adf8103004
:107e3400bdf802300391adf81230adf814000a23f6
:107e44000df1010103a88df8163008f0c3fb02e020
:107e5400adf8023004209df8013043b998b9019976
:107e64008a68496812880b2320460af0cdf806b0c8
:107e740010bd9b06efd5bdf80220204612f092f803
:107e8400e9e70120e7e7c3b2bdf802200a21204652
:067e940001f06cffebe7ba
:020000040000fa
:020000040101f8
:027e9a0070472f
:020000040000fa
:020000040101f8
:107e9c0030b5044689b0008813f0d0f900284ad0d8
:107eac00036893f98022002a47daa278ff2a3dd092
:107ebc00e1780a4483f89622a278e178521a83f882
:107ecc009722617922790a4483f898222279617980
:107edc00521a83f89922e288a3f89a2293f89e22e8
:107eec0042f0020283f89e220025e3880693637910
:107efc00059323790493e3780393a378029323885f
:107f0c000f4c01930094012302225521ec20fbf726
:107f1c008dfd45b1653c0195009401230022fd21a6
:107f2c00ec20fbf783fd284609b030bd4ff6ff72fd
:107f3c00a3f89622c5e70225d7e71a25d5e700bf97
:047f4c00816500014a
:020000040000fa
:020000040101f8
:107f500038b52a4d037a2a68012b0bbf5368136882
:107f600043f0080343f008030cbf5360136090f81c
:107f70004d30032b04463fd0022b12d10df07cfc78
:107f80001f4b1a68237a02eb8303d3f89812a1429d
:107f90004ff0000108bfc3f89812c2f8a01212f007
:107fa00063fb637f03b9a3732a68b4f87000118977
:107fb00088420ed0a4f8701011490968b1f8220364
:107fc000a4f87200b1f82413a4f874105289a4f82c
:107fd0007620042284f84d2073b194f84e30db07ec
:107fe0000ad4204614f00cf8204613f009f9204674
:107ff000bde83840f1f734bd38bd00bf7002002045
:0480000074020020e6
:020000040000fa
:020000040101f8
:1080040073b5284d284c2b6893f824609869202276
:1080140004f5ac61c6bb14f0d5fab4f8a43043f04f
:108024001003a4f8a430b4f8a43066f3c713a4f87a
:10803400a430b4f8a43043f00203a4f8a4302b68ad
:108044009869202204f5ac61104414f0bbfab4f82a
:10805400a43066f34103a4f8a430b4f8ac3066f35a
:108064008613a4f8ac302b680021986c16f056f8ef
:1080740000246b4605220d498df80440012008f0c8
:1080840011fc204602b070bd14f09cfab4f8a43080
:108094006ff34103a4f8a430b4f8ac306ff3861343
:1080a400dfe700bfb80100200024014102050101ff
:020000040000fa
:020000040101f8
:1080b400f7b50446c07a16460023dab2904201d8d6
:1080c400802029e09d00e268525bb24203f1010383
:1080d400f3d10df1060015f0b7fd204b1b681b68aa
:1080e40063b11a7c0021c8b28242f8d9986800ebc7
:1080f400810001310788b742f5d14388bdf80620d5
:10810400022a01d91a42dbd0e3682b445a80208822
:1081140015f0fcfc10b9002003b0f0bd4ff48270e0
:1081240015f0deff05460028f5d0e07a800015f052
:10813400d7ff68600028eed012232b7023882b8190
:10814400e27aaa72e168920014f03cfa284604210b
:1081540012f07cfc686815f0c5ffdce7140300200e
:020000040000fa
:020000040101f8
:108164002de9f341234b0190009380460f461646b8
:10817400012302220021ed20fbf75cfc1e4d0d249f
:1081840055f8043ba3b9013c14f0ff04f8d140f6c0
:108194000343984514d1194b194a1a60194b9b682b
:1081a4005bb132463946204602b0bde8f04118477b
:1081b4003146404698470028e5d002b0bde8f0813a
:1081c400b8f57c4f07d10f4b9b68002bf5d0324696
:1081d40039460120e8e70c4b00930123194602229b
:1081e400ed20fbf727fc0121404602b0bde8f04139
:1081f4000ef072baf0be0201c80000205c0101203a
:0c8204005453524800010020fbbe020150
:020000040000fa
:020000040101f8
:1082100010b5294b90f867401b6819895b89194490
:10822000b0f84a3040f2e242122c02fb03f2b0f8fe
:108230009e3128d0222c2bd0112c2ed101f1e60416
:1082400004ebc30390f86640122c2bd0222c2cd0c8
:10825000112c2dd103f5e6739342a3eb0101c0f875
:10826000941023f0004194bfd31a0023c0f88c303f
:108270008a424ff000032cbf521a1a46c0f89020d1
:10828000c0f8883010bd01f1c20404eb8303d9e7c4
:1082900001f5197404eb0313d4e701f2663404eb1f
:1082a0008313cfe703f5c273d6e703f59963d3e7ea
:0c82b00003f2cc63d0e700bf7002002096
:020000040000fa
:020000040101f8
:1082bc002de9f34190f82c70012f044640d101f0c8
:1082cc00b5f8002843d001f081fe01f0aff894f826
:1082dc002d600546002e2ed1dff87c8084f82d70a1
:1082ec0004f18c073b6883b101230222cde900869f
:1082fc00c121ec20fbf79afb3b6800221a603b681b
:10830c006a685a603b6813606b600136042e07f193
:10831c003407e7d10f4b009302220123c221ec203a
:10832c00fbf784fb236d00221a60236d6a685a6088
:10833c00236d13606b602c6828462cb115f053fe2e
:10834c00002002b0bde8f08101f040fef8e7072004
:0c835c00f7e700bf412201012c220101c3
:020000040000fa
:020000040101f8
:1083680037b5044601200ef0f9fd244b1b78012b8c
:1083780001d0002840d007f057ffe278204b013a9f
:10838800032a05d8dfe802f0022d2f3100221a73e4
:1083980022785a7062789a70a278da7094f90c3060
:1083a8007e2b24d1174bdb78237394f90c000af049
:1083b80023f9f0f75dff0024134d009501230222f5
:1083c8007821ec20fbf734fb44b11d35019400956e
:1083d80001230022fd21ec20fbf72afb204603b0f5
:1083e80030bd0122d3e70322d1e70222cfe77f2b5a
:1083f800dbd1044b9b78d7e70c24dde7690200202a
:0c840800580200209e010020588b01014a
:020000040000fa
:020000040101f8
:1084140010b5284b1b78342202fb0303044693f85f
:108424005c3093bbc36b02f23d22b3fbf2f39ab20e
:10843400214bd3f8041162f31f41c3f80411017cea
:10844400d3f8002161f38302c3f8002190f82020bf
:10845400022a03d0042a13d0012a0bd1d3f8041121
:1084640062f3cc21c3f80411d3f8001162f30611ae
:10847400c3f80011204613f055fa84f8200010bd0b
:10848400d3f8041141f4c051ece7012bf7d10a4ba6
:1084940090f82110d3f8002161f3cc12c3f8002125
:1084a40090f82210d3f8002161f38302c3f800216d
:0c84b400e5e700bfed02002000240141bc
:020000040000fa
:020000040101f8
:1084c000f0b52549254e0b7883f00107002b40d1ec
:1084d000234c336825685a78187903eb020e5ffa4b
:1084e00085fc9ef80b50844598bf01358ef80b50e3
:1084f0002568c5f3072e551c1d4495f80bc0704523
:1085000028bf0cf1010c85f80bc02568c5f3074e98
:10851000951c1d44033295f80bc0704528bf0cf123
:10852000010c85f80bc013442468da7a240e8442c7
:108530008cbf1046501cd87232680f7053780949ae
:108540000433537000231a461846bde8f04008f083
:10855000abb9054cbde700bffc020020f8020020cb
:0c856000583c0141010801005c3c014155
:020000040000fa
:020000040101f8
:10856c0030b589b07f2301910491054601a90df125
:10857c000e008df80c308df80d3014f0e1fb01a9d4
:10858c000df10b0015f086fa9df80b30013b032b17
:10859c0035d8bdf80e10002011f014fa044680bb3b
:1085ac00bdf80e0012f04afe68b30df10d0303aadc
:1085bc009df80b10bdf80e000af050f9234605aae1
:1085cc00294606200ef04dfebdf80e10049004a8ae
:1085dc0015f042fb9df80b1004a815f037fb9df825
:1085ec000c1004a815f032fb9df80d1004a815f022
:1085fc002dfb05a814f0b2ff204609b030bd1124a4
:0a860c00dce71224dae70224d8e7c5
:020000040000fa
:020000040101f8
:1086160037b500230d4614468df806308df8073021
:1086260010f0bffe10b90f2003b030bd2c4204d1ac
:10863600012d0cbf02200320f6e7012d04d114f012
:108646000e0f1cd10020efe714f0e00ffad0102d2a
:1086560009d1610620d50df107030df106020321ac
:10866600008808f051f99df8073003bb14f0ee0faf
:10867600e8d09df806300f2be4d80c20d4e7650728
:10868600e9d4a2070ad414f0080fecd00df10703c1
:108696000df106020121e3e7a30605d50df1070357
:1086a6000df106020221dbe714f0800fede7012b46
:0a86b600b9d0022bc6d10520b6e7ab
:020000040000fa
:020000040101f8
:1086c000244b1b681bb1244b01221a60704710b564
:1086d000214b00221a60214b1b681b6b1a68b2f1f8
:1086e000a53f03d15a68b2f1a53f23d01b4b1868b0
:1086f0001968343114f027fe194b1b68b3fa83f361
:10870000dbb2c3f11f03174a9900c81802eb8000bf
:10871000446864684460194402460832944212d0a6
:1087200003eb83030f4a02eb83035b68da680b4bae
:108730001a6010bd9a68b2f1a53fd7d1db68b3f1da
:10874000a53fd3d1d8e760680a46064901eb82020b
:108750005060e5e744fc002068fc002030fc00206d
:088760004cfc0020bcf70020d6
:020000040000fa
:020000040101f8
:1087680070b5046894f8ac31132b054638d007d897
:10877800112b10d02846002107f052fc012016e0ea
:10878800213b012bf6d80022a4f8a82194f8b311b4
:1087980012f02efaeee794f8643094f8b31153b956
:1087a8001a2905d10121f9f788fc0028e2d170bd0a
:1087b8000cf0d9f8dee70cf0d6f894f8ae31112bae
:1087c800d8d0b4f89a30002bd4d094f89c30002b31
:1087d800d0d0013b84f89c30012384f89d30c9e750
:1087e800012111f0b5ff14f03afe00210646284693
:1087f80011f0aeff14f033fe94f8b331024631465f
:0888080028460ef025fab5e741
:020000040000fa
:020000040101f8
:10881000f8b509210646002012f098ff044680b3ff
:1088200001213046356811f097ff00210746304698
:1088300011f092ff14232373193b63730023a37376
:10884000b5f81e32a4f81130bb071bd0b5f82032a2
:1088500040f64802934222d94823e3740823237543
:10886000a5f8202282071dd04823e3730823237430
:1088700003f50463a5f824323046214614f0dcf8f1
:108880000120f8bd7907edd5b5f8203244f29022e9
:10889000934204d96ff06f03e3744223dfe7a4f837
:1088a0001330dfe74307e7d56ff06f03e37342232d
:0888b000237444f29023dde77c
:020000040000fa
:020000040101f8
:1088b80030b5234b1a7885b0422302fb0333029369
:1088c800204b1b880393204b1b68186890f82e30a8
:1088d8002bb302a9f7f7d0f91c4b0190054600937a
:1088e80002220123aa21ec20fbf7a2f8184b1b68ef
:1088f800186890f82e30f3b102a9f7f7bdf9154bb7
:1089080001900093044601230222ab21ec20fbf7df
:108918008ff8072d05d10724204605b030bd0c255a
:10892800e4e7072cf7d00c2d03d10c2c18bf00243a
:10893800f2e70024f0e7072dedd00c24f3e700bfa1
:1089480063fd002052fd002020020020c6520001d5
:088958001c020020e5520001a1
:020000040000fa
:020000040101f8
:108960002de9f7438146b0f82011fbf783fb99f816
:108970007c400134e4b2042000eb0410fcf77afee2
:1089800082b207463abb1f4b0093fe210123ec2025
:10899000fbf752f807f1040804eb44104000fcf721
:1089a00069fec9f850012c20604315f09bfb054679
:1089b0001fb1d9f8503103b108bb38460ff0c8fbde
:1089c000d9f850010ff0c4fb284615f08dfb0720a5
:1089d00003b0bde8f0838046dee7c5f8108006b935
:1089e000ef60294609f5027015f068f8013608f1c4
:1089f00010082c35f6b2a642efd30020e8e7002697
:088a0000f9e700bfb0270101f6
:020000040000fa
:020000040101f8
:108a080070b5274d04460cf033ff2b68d3f8a062ed
:108a180011f026fe94f84c308bb1236c93f850304b
:108a28009b070cd4204604f067fca36a13b12046c8
:108a380010f0a3fe2046bde87040fff785ba314626
:108a4800204601f0dff9844228d110f099fa014656
:108a580020460bf01efc844220d1237a012b114bb7
:108a68001a680bbf5368136843f0400343f0400390
:108a78000cbf5360136094f84d30012b0ed1204683
:108a880004f03afc022384f84d30237a2a68a6338e
:108a980042f82340bde8704013f0bdba70bd00bf76
:088aa80074020020700200209e
:020000040000fa
:020000040101f8
:108ab0007fb5234b0193234b86681a681b798df889
:108ac0000d30044602210df10e00cdf809200025dd
:108ad00007f016fc01a88df80850fef78bfd94f8fe
:108ae000623184f88200012b12d1174b1a6865f3aa
:108af00000021a60a3f24c4321461a6865f3db6258
:108b000028461a6000f0b7fa214628460cf06cfba4
:108b10000e4b0f491b88adf80830002501ab082229
:108b200084f8625101200196adf80a0007f0bcfefe
:108b3000084b2946186815f0f3fa04b070bd00bf61
:108b4000df4d17c205030020583e0141d602002028
:088b500000000101dc0200201d
:020000040000fa
:020000040101f8
:108b5800434d443a44544d5f5472616e736d697469
:108b680074657254657374436d645634004552528b
:108b78003a5374617475733d3078257800434d44d9
:108b88003a44544d5f54657374456e64436d640094
:108b9800434d443a44544d5f4d616e75546573744a
:108ba800456e64436d6400434d443a44544d5f45fb
:108bb8006e68616e63656452656365697665725453
:108bc800657374436d6400434d443a44544d5f4d9e
:108bd800616e755365744357436d6400434d443a61
:108be80044544d5f4d616e755365744357436d64ce
:058bf80053746f7000d2
:020000040000fa
:020000040101f8
:108bfe0030b585b00546019102a801a914f09ff881
:108c0e0001a90df10a0014f044ff01a90df10b00aa
:108c1e0014f03fff01a903a814f03bff01a90df1c9
:108c2e000d0014f036ff0df10e0001a914f087f8b7
:108c3e009df80a009df80b200244ff2a26dc9df8c1
:108c4e000c309df80d108b4220d398421ed30b444e
:108c5e009a421bdbbdf80810002010f0b2fe00286f
:108c6e00bdf808000cbf0024122412f0e6fa78b109
:108c7e001cb902a8fff70bf904462846bdf80820d8
:108c8e00214612f006f9204605b030bd1224f4e755
:048c9e000224f2e7d3
:020000040000fa
:020000040101f8
:028ca2000229a5
:020000040000fa
:020000040101f8
:108ca40073b51e4d00950446012302226721ec2072
:108cb400faf7c0fe204608f0b7fc064618bb184a6f
:108cc40023781370174a61781170174aa1781170cc
:108cd4002246164952f8030f086092888a80144a83
:108ce40061891180134aa1891180134ac3f3400397
:108cf4001370124b01201870114b187014f0aafc59
:108d0400304602b070bd0f3501900095012300225a
:108d1400ff21ec20faf78efef2e700bfc8a10001a4
:108d24006afd002066fd002065fd0020f0fb0020a8
:108d340054fd002056fd00206cfd00206bfd00203a
:048d440067fd0020a7
:020000040000fa
:020000040101f8
:108d480010b5274b90f867401b681a895b891a444d
:108d5800b0f84a3040f2e241122c01fb03f1b0f8be
:108d68009e3125d0222c28d0112c2bd102f1e604db
:108d780004ebc30390f86640122c28d0222c29d08b
:108d8800112c2ad103f5e6739a1a8b42c0f8942065
:108d980023f0004294bfcb1a00239142c0f88c30d4
:108da8002dbf891a0023c0f88c30c0f8901010bd70
:108db80002f1c20404eb8303dce702f5197404eb47
:108dc8000313d7e702f2663404eb8313d2e703f503
:108dd800c273d9e703f59963d6e703f2cc63d3e707
:048de80070020020f5
:020000040000fa
:020000040101f8
:108dec0038b504460d4639bbb0f86230cbb190f8bb
:108dfc006630012b15d000f019fb90b1d4f8c020cf
:108e0c001560d4f8c02041685160d4f8c0200a60c5
:108e1c00036842607bb384f86050b4f8621012f0bf
:108e2c00e1fe94f8bc1011f0040127d1144b186822
:108e3c00bde8384015f06eb990f86050002df0d1b7
:108e4c00b0f87430b0f86420033b9a42e9db00f0d0
:108e5c00edfa0028e5d0d4f8c0201560d4f8c02075
:108e6c0041685160d4f8c0200a600368426013b1b5
:108e7c0011f0e4fcd5e701f0a9f8d2e738bd00bf4a
:048e8c00f0020020d0
:020000040000fa
:020000040101f8
:108e900030b585b00546019102a801a913f056ff2f
:108ea00001a90df10a0014f0fbfd01a90df10b0061
:108eb00014f0f6fd01a903a814f0f2fd01a90df1cb
:108ec0000e0013f043ff9df80b1007292fd89df8d3
:108ed0000c20072a2bd89df80a30032b0bd912241b
:108ee000214628460df0fafb14b902a8f3f76afbf5
:108ef000204605b030bdbdf80e000228efd803f0c3
:108f000001000143ebd003f002031343e7d0bdf8a7
:108f10000810002010f05cfd0028e0d1bdf808002a
:108f200012f092f9002814bf00240224d8e711247b
:028f3000d6e782
:020000040000fa
:020000040101f8
:108f32002de9f341804601910df1010001a914f0e0
:108f4200aefd01a90df1020014f0a9fd01a90df178
:108f5200030014f0a4fd9df803305a0703f0010644
:108f620048bf013613f0050f2fd086b3f00015f07d
:108f7200b8f8002507460446204601a914f08ffde3
:108f82000135a01c01a913f0e0feedb2201d01a9dc
:108f920013f0dbfe0023ae42a37104f10804ebd10f
:108fa2003b469df803209df802109df80100f6f75c
:108fb20032fd0446384615f096f84046214613f035
:108fc2001dfb204602b0bde8f0811124f5e7122412
:028fd200f3e7c3
:020000040000fa
:020000040101f8
:108fd40001292de9f0470446884618d021b1022919
:108fe4001ad000231b81ffde00f5947700f1f80509
:108ff400bfb900262e814146204605f08bfcb8f10e
:10900400010f34d82846bde8f04712f08ebf00f5b2
:10901400987700f58475ebe700f59c7700f58c757f
:10902400e6e73b680026ebb9002ee2d0686808b199
:109034000ff08cf83046fcf71bfb82466860002872
:10904400d7d03f684ff00009002fd3d03a7bb968de
:109054000aeb090013f0b6fa3b7b3f6899441ffa08
:1090640089f9f1e71a7b1b681644b6b2dbe7bde861
:02907400f08783
:020000040000fa
:020000040101f8
:109076002de9f04107460020884611f044ff0646d8
:10908600012011f040ff0546022011f03cff044686
:1090960037b314f01efc14f024fc14f02afc14f070
:1090a60030fc46f4605189b2002011f03eff98f87a
:1090b600733013f0fd0f01d0042b0fd145f01001d2
:1090c60089b2012011f031ff6fea04516fea1151a4
:1090d60089b20220bde8f04111f027bf2946f0e72a
:1090e6004ff6ff7138460ff06cfd4ff6ff71012009
:1090f6000ff067fd4ff6ff7102200ff062fd31465b
:10910600384611f012ff2946012011f00eff2146c4
:02911600dfe791
:020000040000fa
:020000040101f8
:109118002de9f743244e336807461d7df8b9db7cfb
:10912800ab4201d90135edb2204b1c684ff0000865
:109138004ff00109ccb9b9f1000f2ad033682046a5
:109148001d753268137d0bb9012f2bd0d27c9a4242
:1091580002d1002f08bf432003b0bde8f0830128e7
:10916800e2d1002de0d0013ddde7a2681379043b90
:10917800012b09d8106814f053fb38b9d4f80880cb
:109188008146a06813f018fc2468d3e733681d757e
:10919800f7e701ab0222082140468df804700ef073
:1091a80048fecee74320d7e7b80100207802002028
:020000040000fa
:020000040101f8
:1091b800ffffffffffffffffffffffff00000000b3
:1091c800000000000000000001000000ffffffff9a
:1091d800fcffffffffffffffffffffff0000000096
:1091e800000000000000000001000000ffffffff7a
:1091f8004b60d2273e3cce3bf6b053ccb0061d6543
:10920800bc86987655bdebb3e7933aaad835c65acb
:1092180096c298d84539a1f4a033eb2d817d037708
:10922800f240a463e5e6bcf847422ce1f2d1176ba3
:10923800f551bf376840b6cbce5e316b5733ce2b76
:10924800169e0f7c4aebe78e9b7f1afee242e34fa5
:020000040000fa
:020000040101f8
:1092580070b50468d4f8ec00e66814f05fff94f881
:10926800e8200023c4f8ec30aab384f8e83084f886
:10927800c03011f031ff18b90421022003f0a0fa20
:1092880094f80e318bb194f80f2132bbd4f8103119
:109298001d682046298801f041f994f80f3123b957
:1092a80095f8a810288812f05ffcd4f8b4000ef0e6
:1092b8004bffd4f8b0000ef047ff0c4b1a689442ed
:1092c80011d05a68a24203d10122002143f822108a
:1092d80030460bf019ff002070bd4ff6ff71204695
:1092e80001f01cf9e1e70022efe700bfd8fb0020fe
:020000040000fa
:020000040101f8
:1092f8002de9f04186b0244b0190cde902120746d2
:109308000093ec2001230e46154650210222faf75d
:109318008ffb384611f094ff044670b3d0f80080f4
:1093280098f8be319b062ad511f0aefc60b1a8f8ba
:109338001e62a8f82052204614f07ff808b30024d3
:10934800204606b0bde8f081204604ab0622032182
:10935800adf81070adf81260adf814500ef069fd5c
:1093680004460028ebd0094b009301940123002206
:10937800ff21ec20faf75cfbe2e70224f3e71a246a
:10938800f1e70724efe700bfce640001466400015f
:020000040000fa
:020000040101f8
:109398002de9f3411e46214b0190054688461746a4
:1093a8000093022201236121ec20faf741fb3346a6
:1093b8003a4641462846fcf7b7fd044670b9d5b988
:1093c80009f026ff044628b910f0ccfc0cf0fafa94
:1093d8000ff016fd012014f03bf944b1104b009337
:1093e800019401230022ff21ec20faf721fb2046fb
:1093f80002b0bde8f081fff75bfa04460028e9d126
:10940800084b83f8018008f0adf8074b5f80074be5
:109418005e8002f0cbf903f0effedbe703550001b5
:10942800b852000124020020acfa002070fa002093
:020000040000fa
:020000040101f8
:1094380010b50cf01dfa254b1c6894f8c031da07fa
:109448000cd443f0010384f8c03104f5c47400233c
:10945800c4e9003411f004f9204610bd980706d479
:1094680043f0020384f8c03104f5c874efe75907e4
:1094780006d443f0040384f8c03104f5cc74e6e75d
:109488001a0706d443f0080384f8c03104f5d074f1
:10949800dde7d80606d443f0100384f8c03104f59c
:1094a800d474d4e7990606d443f0200384f8c03175
:1094b80004f5d874cbe75a0606d443f0400384f881
:1094c800c03104f5dc74c2e70024c3e7740200204d
:020000040000fa
:020000040101f8
:1094d800f7b50568ec68064644b32b6e234f43f492
:1094e80080532b66a388f3b9e2790abb2b6e1a075f
:1094f8000ad5012323716b46082239460120cde99c
:10950800006407f0cdf90ee043f400532b66b5f87c
:1095180098302289db4313441bb2002b03dc21461d
:10952800284612f096fd2468002cdbd103b0f0bd6c
:109538002389b5f898105b1a1bb2002bf3dc0123c2
:109548009a4223710dd0182aedd121462846f9f701
:109558007bfc2846fff7f4fb2b6e43f400132b66c5
:10956800c9e72146284609f079ffc4e7a0040101ac
:020000040000fa
:020000040101f8
:1095780070b5d0f8a0301e7b182e044639d80122c9
:10958800224bb2401340a3b3182ec56807d190f8f8
:10959800ac31132b03d090f8ae31132b29d16b7952
:1095a8003bb314f0cdfbb4f84c20b4f89830052840
:1095b80002f101028bbf02ebc20202eb420203eb93
:1095c800420303eb82039bb2012e2b8118d08eb18c
:1095d800182e0cd1d4f8a010a4f86a32a1f80f30d4
:1095e80094f98022002a02da0733a4f8893200238a
:1095f8006b7170bdd4f8a010a4f84432cb82f6e7a2
:10960800d4f8a010a4f81c324b82f0e70300000144
:020000040000fa
:020000040101f8
:1096180070b5234bd3f81c31c3f3c3030bb1062b2e
:109628000cd1456a4db11f4e00240622294630460a
:1096380012f0b8ffb8b91c4b9c7070bd1b4b1b785f
:10964800342202fb030300219c6fa37803f03f033d
:109658001c4405342046f8f7b1fe01212046f8f7ee
:10966800adfe0546dee70134e4b2082c06f10c062f
:10967800dbd10d4b5a780c2101fb02300124047117
:10968800c0f806402968c0f80a105a789a70072a64
:10969800a988c1810cbf002201325a70cde700bff2
:1096a800002401412af8002020f80020ed020020c3
:020000040000fa
:020000040101f8
:1096b80073b50446866804f03bfc94f86231012bcc
:1096c80020d11f4b1a686ff300021a60a3f24c42b4
:1096d800a3f6042311686ff3db6111601a686ff356
:1096e8004d321a6021460020fff7c1fc21460020b8
:1096f8000bf076fd94f87330012b03d104f5087054
:10970800f9f7defeb4f878300e4900960133a4f874
:1097180078300d4b1b88adf8043000250223adf8d6
:10972800063008226b4684f86251012007f0b8f829
:10973800064b2946186814f0effc02b070bd00bf54
:10974800583e014100000101d6020020dc02002041
:020000040000fa
:020000040101f8
:10975800002846d038b50446426c914238bf1146bd
:10976800c26a8a4202d0806c012800d038bde1620a
:10977800a0690028a4bfc1f10501a16102eb820222
:10978800184901eb820261699142efd1251d2846f3
:1097980011f04cfb38b914490b68e06a0122824089
:1097a80023ea02030b60e36a0f49086801229a4022
:1097b80002430a600b4a03eb830302eb83035b68f3
:1097c800a3609968e1604d609d60e06a83001918a4
:1097d8008900551865615158013103449b00d150e7
:0c97e800c4e77047bcf700204cfc0020d8
:020000040000fa
:020000040101f8
:1097f40010b51b481b4c14f03ffa1b4814f042faf6
:109804001a49032013f006ff1949042013f002ff3c
:10981400184814f043fa184814f052fa2146062066
:1098240013f000ff2146154c072013f0fbfe2146e0
:10983400082013f0f7fe2146114c092013f0f2fe24
:1098440021460a2013f0eefe21460b2013f0eafe17
:109854000c4814f0cbfa0c4814f056fa002010bd52
:10986400e5950201b17a0001792f020189220201f2
:10987400b7950201ed6600011d6202015955000110
:0c9884002537000171d8010121fe01010f
:020000040000fa
:020000040101f8
:109890002de9f0438db04b7906930b790593cb7886
:1098a00004938b7803934b7802930b781e4e0193ad
:1098b00081460c4601232621ec20904600250222f9
:1098c00000968df82750faf7b7f8214648460ff072
:1098d000c3f90746c8b99df8283069f300038df82d
:1098e00028302368cdf829300df12701a388adf881
:1098f0002d300aa80af01cfb41469df8270012f003
:10990000e7f938460db0bde8f083a6f5c3760190bf
:10991000c8f80050a8f80450009601232a46ff21f9
:0c992000ec20faf789f8ece71d4e00017e
:020000040000fa
:020000040101f8
:10992c0038b5234b1c6813f0e1f8a064002839d03b
:10993c00fff77cfd002835d0a26c00251560a26cc9
:10994c0041685160a26c0a604260a36c194a5a6269
:10995c00a36c194a9a62a36cdd62a36c1d63a36ca1
:10996c005d63a26c01235372a26cd572a26c13734b
:10997c00a26c9573a26c5373a36c5d77a36c1d7270
:10998c00a36c9d64a26c38239361a26c5361a36c8d
:10999c005d64a36c0c229a72a36c1b6413f05effc3
:1099ac00284638bda06c08b114f0b6fb0720f8e7c8
:0c99bc00b8010020bde2000131be020134
:020000040000fa
:020000040101f8
:1099c80070b505460e4604680921002011f0bafe5c
:1099d80000283fd0204b06731b681a68c0f80d207a
:1099e8005a68c0f81120092e2fd11a7894f8b611a8
:1099f8000a4084f8be215a7894f8b7110a4084f8ce
:109a0800bf219a7894f8b8110a4084f8c021da780e
:109a180094f8b9110a4084f8c1211a7994f8ba1156
:109a28000a4084f8c2215a7994f8bb110a4084f894
:109a3800c3219a7994f8bc110a4084f8c421db79cf
:109a480094f8bd21134084f8c5310146284612f028
:0c9a5800efff012070bd00bfb80100202e
:020000040000fa
:020000040101f8
:109a64002de9f843224b1b78012b05460e4628d1dd
:109a7400204b1f684ff6ff797c1c07f2f5181dbbbd
:109a840014f8010ca0f1ff03584258414e452bd065
:109a9400b4f8073008b1b34214d00a34a045eed16b
:109aa40015490b7803eb830207eb42021681a5b933
:109ab400ff20107001333220b3fbf0f200fb1233ad
:109ac4000b700020bde8f88306222946204612f0d8
:109ad4006bfdb0fa80f04009d8e72868c2f80100ad
:109ae400a888a2f80500e5e70028d6d0eae700bf79
:0c9af40024020020c4fc002064fd0020bf
:020000040000fa
:020000040101f8
:109b00002de9f3410746884616460ff082fd0446cc
:109b1000002832d112f0f0ff1a4d2860fff78cfcbc
:109b200000282ad02a6818495162184991621849b8
:109b3000d16218491163391c18bf01215177966110
:109b400040f2011101261460916091819464566184
:109b5000c2f8448094731264426829684a601160b4
:109b60002a68426013f080fe0b4b00930197334646
:109b70000222d421ec20f9f75fff204602b0bde8b5
:109b8000f08100bf34020020dd0e01013de1020141
:0c9b900061470201756e02018eb90201ee
:020000040000fa
:020000040101f8
:109b9c00f0b5244e0346006830609a889b79b280f9
:109bac00a6f57764b371b4f86c3f43f00203a4f8e4
:109bbc006c3fd4f8683f5a008bb00f4630d5756aad
:109bcc00d4f8683fc5f3026565f31243c4f8683fe7
:109bdc0027223146684612f0f1fc9df8003007f060
:109bec00010767f341032722694630468df80030a0
:109bfc0012f0e4fcd4f8683f43f48013c4f8683fd7
:109c0c00d4f8683fdb02fbd4074b1b68272202fb0e
:109c1c0005330020da7a67f34102da720bb0f0bd3b
:0c9c2c000220fbe770330141c802002059
:020000040000fa
:020000040101f8
:109c3800244b1b78342202fb030090f85c30ebbb0a
:109c4800214bd3f8242142f00042c3f82421d3f851
:109c5800242142f08042c3f82421d3f8242142f081
:109c68000052c3f82421d3f8242142f08072c3f8ab
:109c78002421d3f8242142f08052c3f82421d3f8b8
:109c8800242142f00062c3f82421d3f8242142f0b1
:109c98008062c3f82421d3f8242142f00072c3f86b
:109ca8002421d3f8242142f40002c3f82421d3f854
:109cb800242142f48002c3f824217047012bfcd1ef
:0c9cc800014bd6e7ed0200200024014112
:020000040000fa
:020000040101f8
:109cd400244b1b78342202fb030393f85c206ab9fb
:109ce400037b002b3cd008231e210b4403f2971363
:109cf400b3f5d27f1ad24ff4d2731be0012a2ed1ce
:109d040093f96e2090f822005b6f002aacbf1e21ed
:109d14004ff4967102284fea430311d00328e4d08c
:109d240001280cd13d330b44472b02d9c3f30e0356
:109d340000e048230c4a118863f30e011180704738
:109d440028330b442c2b84bf47f6fe721a40064b73
:109d5400198898bf2d2262f30e01198070470023e1
:0c9d64001946c2e7ed0200206c380141f6
:020000040000fa
:020000040101f8
:109d700012292de9f34104460e4690461f462ad18a
:109d8000838a0bb100238382052014f09cf90546d9
:109d9000002839d000f11003012101a8019313f02c
:109da0005bff314601a813f057ff414601a813f0ad
:109db00059ff394601a813f04fff20462a460521d6
:109dc00012f096f9044610b1284614f0cdf9204659
:109dd00002b0bde8f08116290ad190f83930013b74
:109de000dbb280f83930002bced180f83830cbe7a9
:109df0001829c9d190f83830032bc5d110f014fec2
:0c9e0000002384f83830bfe70224e0e7bc
:020000040000fa
:020000040101f8
:109e0c0070b504460d46b9b191f84d60032e08d0db
:109e1c0091f84f305a0704d4826e06f09fff002849
:109e2c0036d0237a3bbb2b7a012b10d1032e05d1d4
:109e3c00002128460ef016f8204670bdab6a13b10f
:109e4c0028460ff098fc2846fef77cf8f4e72b7fa9
:109e5c00002bedd1a27aab7a9a42e7d8204603f0d8
:109e6c0049faa36a13b120460ff085fc2046fef791
:109e7c0069f82c46e0e7a36c13b90023a373f8e749
:109e8c00637f002bf9d094f85030db07f5d4e5e76d
:0a9e9c00023e012e98bf2c46cee7cf
:020000040000fa
:020000040101f8
:029ea60003288f
:020000040000fa
:020000040101f8
:109ea80000b58bb0224b1b7823b1012b0bd00bb024
:109eb8005df804fb0020fdf7b1fc10f0f1f91c4b34
:109ec80001221a70f3e74ff0ff3201a9194813f085
:109ed8001bfa0028ebd09df80430072be7d801a225
:109ee80052f823f00d9f0101b79e0101b79e0101b1
:109ef800b79e0101179f01011d9f0101259f0101c7
:109f08002d9f01010df105000bf0c4fbcfe70ef00a
:109f18001ffdcce701a810f0f9fdc8e701a810f073
:109f2800f5fdc4e70df1050013f000fabfe700bf27
:089f38008000002084000020dd
:020000040000fa
:020000040101f8
:109f40002de9f041c37a046e012b0e46154605d16a
:109f5000c36b1f49e41af61a0c400e400bf08cfc40
:109f60001c4b1b68d3f8b08210f07efbad08b8f133
:109f7000000f01d1bde8f0810bf07efcd8f8007035
:109f800010f072fbd8f80800837b012b1ed1036e02
:109f90009c421bd10269631cc2f3080202eb4322fc
:109fa00003669b1b40f27121c3f316034b43b0f8c9
:109fb00070100261c5eb530301f271229a4205d879
:109fc000c0f88400591a7830f6f7befcb846cee7e0
:089fd000ffff7f007402002076
:020000040000fa
:020000040101f8
:109fd80010b504460bf04cfc224b1b6803f5c47209
:109fe800944209d193f8c02122f0010283f8c021dc
:109ff800bde8104010f034bb03f5c872944204d198
:10a0080093f8c02122f00202f0e703f5cc729442e3
:10a0180004d193f8c02122f00402e7e703f5d072d7
:10a02800944204d193f8c02122f00802dee703f538
:10a03800d472944204d193f8c02122f01002d5e7db
:10a0480003f5d872944204d193f8c02122f020027b
:10a05800cce703f5dc729442cad193f8c02122f010
:08a068004002c3e7740200206e
:020000040000fa
:020000040101f8
:10a0700037b5214c23788342054627d0022828d1c2
:10a080001e4b1b884ff67f7119401f200ef034facb
:10a090000df107010df1060012f0eafb184b9df8d7
:10a0a00006101b8801f0e80123f0e803194308209b
:10a0b0000ef022fa134b9df807101b8801f00301e4
:10a0c00023f00303194351200ef016fa257003b054
:10a0d00030bd022b01d0ff2bf8d1094b1988082085
:10a0e00041f0e8010ef008fa064b198821f003014f
:10a0f00041f00201e7e700bfce020020d2020020bb
:08a10000d0020020cc02002077
:020000040000fa
:020000040101f8
:10a10800244bd3f8242142f40012c3f82421d3f8b5
:10a11800242142f48012c3f82421d3f8242142f4e4
:10a128000022c3f82421d3f8242142f48022c3f862
:10a138002421d3f8242142f40032c3f82421d3f88f
:10a14800242142f48032c3f82421d3f8282142f490
:10a158000072c3f82821d3f8282142f48072c3f88a
:10a168002821d3f8282142f08002c3f82821d3f807
:10a17800282142f04002c3f82821d3f8282142f0d0
:10a188002002c3f82821d3f8282142f01002c3f88e
:08a19800282170470024014159
:020000040000fa
:020000040101f8
:10a1a00037b5224d2b681a7a013a1a725a78272a43
:10a1b00029461dd900245c702a68d3790133dbb2ab
:10a1c000d37192799a4213d8012003f0f3fe2b68e1
:10a1d000dc715c725c71164b2146186813f0a0ffad
:10a1e000234622461349012006f05efb03b030bd32
:10a1f0000b685a79022af9d1597a0029f6d1b3f8b5
:10a20000ca201ab10846f6f769feefe71b7a002b61
:10a21000ecd1012003f0cefe4ff48073adf8043092
:10a22000034b01a9186813f07bffdfe7f802002059
:08a230000003002000070101fa
:020000040000fa
:020000040101f8
:10a23800072870b545d8234d041d2b6853f82460b2
:10a24800002e3ed096f846301bb106f15400f9f7bf
:10a2580037f9b37c1d2b03d106f16c00f9f730f9ff
:10a268002b6853f82430d86808b113f039ff2b68ed
:10a2780053f82430186c08b113f032ff2b6853f8e8
:10a2880024004c3012f024fe68b12b6853f82400e7
:10a298004c3013f07dfb064628b1406813f020ffd0
:10a2a800304613f01dff2b6853f8240010f0b8fb5c
:10a2b8002b6853f8240013f013ff2b68002243f88f
:08a2c800242070bd10030020ea
:020000040000fa
:020000040101f8
:10a2d00010b592b0d0f840318df8042001228df8ed
:10a2e000082090f86c218df8092000f26d12adf86d
:10a2f000061041f20a0411689288adf80040cdf8ca
:10a300000a10adf80e20da8aadf81c201a8badf8d1
:10a310001e205a8badf8202093f82130c3f342134e
:10a320008df8223000f273131a689b88adf81a304a
:10a3300090f82130cdf81620012b08d80023049383
:10a34000adf8143068460ef055f812b010bd90f814
:10a350003230012bf2d1034653f8330f04909b881f
:06a36000adf81430eee739
:020000040000fa
:020000040101f8
:02a366000028cd
:020000040000fa
:020000040101f8
:10a368002de9f0411e4c1f4f1f4edff8848005e099
:10a3780013f061fe0cf07cfb042826d82368bbb1df
:10a3880011f022fbfb68dd68281d10f04ffd3368d3
:10a39800013b33602368013b236012f0e1fd286b29
:10a3a80009f0a2fa284609f09ffa2368002be7d1a2
:10a3b8000e4b1b68012bdbd94ff08053c8f80030d7
:10a3c800bff34f8fbff36f8fd2e713f0a9f80cf0ec
:10a3d8004ffb042801d9f6f7d3fbf3f75df8cde777
:10a3e80040fc00204cfb00203cfc0020bcf7002077
:04a3f80004ed00e090
:020000040000fa
:020000040101f8
:10a3fc00f8b50c4600250746d1f8fc008e680df028
:10a40c00a1fed4f80c01c4f8fc50a4f800510df0d6
:10a41c0099fed4f81c01c4f80c51a4f810510df09d
:10a42c0091fe29462046c4f81c51a4f8205104f092
:10a43c006dfa0121204604f069fa0221204604f04d
:10a44c0065fa2946204604f03cfe0121204604f022
:10a45c0038fe0221204604f034fed4e900236ab110
:10a46c005360d4e900231a60054b1a681378013b3a
:10a47c0013703046bde8f8400af044be7b60f0e74c
:04a48c00b0010020fb
:020000040000fa
:020000040101f8
:10a490001e4b1f4ab3f801101180d978117119466b
:10a4a0001c4a11f8040b12688988a2f8e410d98ab2
:10a4b000a2f80011997a82f8e60082f80211586831
:10a4c0001549c2f8e000d88908801449188a088024
:10a4d000998aa2f80611598aa2f80811104ad3e9fc
:10a4e0000a011268c2e90201194631f8180f897889
:10a4f0009174b3f80b101082a2f81310d3e90a2359
:10a5000013430cbf1e200020704700bff000012045
:10a510009e010020b4010020a80100209c01002021
:04a52000b80100205e
:020000040000fa
:020000040101f8
:10a5240010b592b090f802318df8042000228df815
:10a53400082090f8f5208df809200246adf80610a1
:10a5440052f8f61fcdf80a109288adf80e20222298
:10a5540002fb030341f20a04196eb3f86420adf858
:10a564002020adf80040079193f86b30c3f34213f9
:10a574008df82230034653f8fc2fcdf816209b8823
:10a58400adf81a30037e012b08d800230493adf8ec
:10a59400143068460df02cff12b010bd90f8423014
:10a5a400012bf2d1034653f8430f04909b88adf876
:04a5b4001430eee78a
:020000040000fa
:020000040101f8
:10a5b800f8b5c421032004f065fc054660b30468bf
:10a5c8001a4f1b4ec4220021204612f077fea560c8
:10a5d8000ef076fc174ba0821878174b1b88e363a4
:10a5e800164b00eb40101b784000a06333b9fbf713
:10a5f8003df83860e06bfbf739f83060386818b11f
:10a6080033685bb90df0a0fd306808b10df09cfd12
:10a6180028460af079fd00252846f8bdc4e911301e
:10a628002146074811f098fe2546f5e7c8fc0020aa
:10a63800ccfc002063fd002052fd002069fd0020b5
:04a64800e0fb002013
:020000040000fa
:020000040101f8
:10a64c00f8b52722014606461f4811f0b7ff11f056
:10a65c0059fb1e4bd3f8682f60f31242c3f8682fd6
:10a66c00d3f8682f42f480120546c3f8682fd3f84c
:10a67c00682fc2f30052002af9d1012493f8681f05
:10a68c00ac40e4b2214383f8681f06f1170306f1ce
:10a69c00270113f8010b10b98b42fad101220c4f90
:10a6ac003b682b443046da700bf078fa27220b20eb
:10a6bc0012fb050538683146284411f07fff3b68d2
:10a6cc001a7814431c70f8bd703301410024014109
:04a6dc00c802002090
:020000040000fa
:020000040101f8
:10a6e000234b1a686ff31f721a601a6812286ff3ef
:10a6f0001b621a601a461cd002d8112804d0704779
:10a700002138022824d9704712290cd002d81129e7
:10a7100003d07047213902290ad81368162161f342
:10a720001743136070471a68172161f317421a60c4
:10a730007047122909d002d8112903d07047213956
:10a740000229f5d813681a21e9e71a681b21ece7fa
:10a75000122909d002d8112903d0704721390229c2
:10a76000e6d813681321dae71a681621dde700bf7f
:04a770006834014107
:020000040000fa
:020000040101f8
:10a7740038b51d4c237813f0010532d143f00103a1
:10a7840004202370faf774ffe06010b90725284607
:10a7940038bd0420faf76cff20610028f6d00a20a7
:10a7a400faf766ff60610028f0d0e3680f4a1d7075
:10a7b400e3685d70e3689d70e368dd701268e368c8
:10a7c4009b1a0b4a11689bb263f30f0111600620b8
:10a7d400084913f07dfb084a084b1360084a1360cc
:10a7e400d5e70025d3e700bfe4fa00206c0200207f
:10a7f4008034014119d9020160010120034a010199
:04a8040064010120ca
:020000040000fa
:020000040101f8
:10a80800f0b50468236edb0585b005460e4617468d
:10a8180010d501f089fe03f04dfb0bf029f8236eeb
:10a8280023f4807323660ff01bff0021d4f878010e
:10a8380013f072fc812e12d0822e14d0802e06d1f5
:10a848000bf016f8402384f865300ff009ffd4f8b0
:10a85800783163b1284611f00bfe05b0f0bd0bf05e
:10a8680007f84123efe70bf003f84223ebe70395e2
:10a878003fb1009703ab04220549012008f0d3f942
:10a88800ebe703ab04220249012006f009f8e4e7ec
:04a8980014040101a2
:020000040000fa
:020000040101f8
:10a89c0090f8e53010b56bb9037a002b3dd0082346
:10a8ac001e210b4403f29713b3f5d27f1bd24ff446
:10a8bc00d2731ce0012b2fd190f91e3190f8094175
:10a8cc00002bd0f82831acbf1e214ff49671022c0e
:10a8dc004fea430311d0032ce3d0012c1bd13d33a1
:10a8ec000b44472b02d9c3f30e0300e048230c4a58
:10a8fc00118863f30e0111800de028330b442c2bcf
:10a90c0084bf47f6fe721a40054b198898bf2d225a
:10a91c0062f30e01198010bd00231946c1e700bf78
:04a92c006c38014141
:020000040000fa
:020000040101f8
:10a9300030b4d0f8f831ff2273b1d0f814429c4201
:10a940002dd81d7a1c69042d25d0052d23d02dbbb3
:10a950002268c2f3411212bbc0f8103290f8f41012
:10a96000ff2380f89c3000f1c4020023994207d0f5
:10a9700052f8044bd0f81052a5421cd180f89c30fc
:10a980000f4b90f89c201b789a4217d8ff22012188
:10a9900030bcfaf7ffbb2268c2f341122ab11b6830
:10a9a000cae731b11b68002bd6d01a7a022af8d830
:10a9b000d2e72c3bf7e70133dbb2d7e730bc704777
:04a9c000d40200209d
:020000040000fa
:020000040101f8
:10a9c4004552523a4c313642307300434d443a5367
:10a9d4006574416476506172616d2c747970653d63
:10a9e4002564004552523a7374617475733d25644d
:10a9f40000434d443a52656164416476506879433a
:10aa040068547850777200434d443a5365744164f6
:10aa140076446174612c6c656e3d256400434d443d
:10aa24003a5365745363616e527370446174612c5c
:10aa34006c656e3d256400434d443a53657441642e
:10aa440076456e61626c652c656e61626c653d2550
:02aa540064009c
:020000040000fa
:020000040101f8
:10aa5600f8b5044616461f460d4641b30868002859
:10aa66003dd03fbbd4f8643113f0ff2f17d1d4f893
:10aa7600f02142b11760d4f8f03142685a60d4f838
:10aa8600f03113604360d4f8ec3100221a60d4f838
:10aa9600ec3141685960d4f8ec310b60436025b95c
:10aaa6000368cbb1314612f0d2f9002018e0fef768
:10aab600c0fcd4e794f86831002bf0d194f86631e5
:10aac600002becd1d4f8f4211360d4f8f4314168aa
:10aad6005960d4f8f431e0e7fff77bfae5e70720a1
:02aae600f8bdb9
:020000040000fa
:020000040101f8
:10aae80000283ed038b50446c36b002b3bd0006c21
:10aaf800a0fb03230bb1002036e00d4610f064ffe5
:10ab08002268216ce36b03fb01f3d018a0600020de
:10ab1800a06362605b1a1344e360ff2384f8443047
:10ab280084f84530a5b923691bb912f019fa012038
:10ab38001ae004f11000f9f761ff0028f5d00b4b7b
:10ab48004ff080521a60bff34f8fbff36f8fece75f
:10ab580004f1100012f072f804f1240012f06ef8fb
:10ab6800e3e700207047002038bd00bf04ed00e097
:020000040000fa
:020000040101f8
:10ab78000a10000059410101050000009d60020112
:10ab880013000000b94b020108000000ad57020194
:10ab98000c000000292e020130000000917502010e
:10aba80057000000d98a020101100000e1bf01012d
:10abb80003100000110b020104100000a925020176
:10abc80005100000191c02010610000009f301011c
:10abd80007100000750b02010c100000751c020123
:10abe800201000007d2e02012110000079ea0101e9
:10abf8001f100000014c02011410000069440201fa
:020000040000fa
:020000040101f8
:10ac0800f0b5214b4a691b6820491b7d05784478bb
:10ac180013f01f0f4368d0780cbf012600268b4223
:10ac280095bf1e214ff49671b3fbf1f3b3fbf1f31b
:10ac380095bfc3f30c03c3f30c030027012710f0df
:10ac4800010f14bf0721012110f0020f18bf0631b0
:10ac5800000744bf0231c9b20a4405f03f05d17864
:10ac6800137165f3050166f3861167f3c711d17097
:10ac7800517921f01f0104f0070441ea132364f31a
:10ac880047135371f0bd00bfb8010020c3bf0300d4
:020000040000fa
:020000040101f8
:10ac980037b505460c4612f06bfd002837d0202d3d
:10aca80026d11d4bf4b11b68da7812f0300f30d082
:10acb8001a7942f001021a710024184d00950123f7
:10acc80002222d21ec20f8f7b3fe44b1133501948c
:10acd800009501230022ff21ec20f8f7a9fe204669
:10ace80003b030bd1a68137923f001031371e4e748
:10acf800262d0ed1084b1a6813792cb1990608d560
:10ad080043f040031371d7e723f04003eee70c2428
:10ad1800d3e71124d1e700bfb8010020844c00011b
:020000040000fa
:020000040101f8
:10ad28002de9f0411c4b1a689846002a32d01b4e78
:10ad3800346814b90020bde8f081ff20faf796fcca
:10ad4800054650b9164b1c68002cf3d10122154951
:10ad580015481a60f5f7f4fdece7627b216928468f
:10ad680009f0feffd8f80070627b217de08a2b464f
:10ad7800b8470e4b1f685fb9204610f0c5fe34680f
:10ad8800002cead128460df0dff9002fdad1d1e7ff
:10ad98000127f7e70220cee7a4fc0020c801002025
:10ada8009cfc0020a0860100d0010020a0fc00200f
:020000040000fa
:020000040101f8
:10adb8007fb5204b019005460093022201235821bc
:10adc800ec20f8f735fe284610f03afa044670b33e
:10add80006680ff059ff0146a8b196f8c6311b075f
:10ade8000ad503ab042214490394032005f058fd47
:10adf8000024204604b070bd204611f0e5ff00286d
:10ae0800f6d1072409e0204603ab0222adf80c5026
:10ae18000df00ff804460028ead0084b009301947f
:10ae280001230022ff21ec20f8f702fee1e70224cb
:10ae3800f3e700bf3d660001080601014664000112
:020000040000fa
:020000040101f8
:10ae480010b5036851f8012fc3f8b6214a68c3f852
:10ae5800ba211e4a93f8b601126893f8bb411178db
:10ae6800014083f8be11517893f8b701014083f887
:10ae7800bf11917893f8b801014083f8c011d178d7
:10ae880093f8b901014083f8c111117993f8ba0117
:10ae9800014083f8c2115079204083f8c3019079aa
:10aea80093f8bc41204083f8c401d27993f8bd01de
:10aeb80011f0060f02ea000283f8c5211ebf93f8bd
:10aec800802242f0800283f8802210bdb801002061
:020000040000fa
:020000040101f8
:10aed800214b03f5805211896ff30001118103f5ad
:10aee800d052118b6ff30821118303f5b052d1684a
:10aef8006ff35a61d160d1686ff3db61d16003f5fc
:10af0800b15108686ff3186008601448c16821f0ef
:10af18000301c16010886ff30700108090886ff3f9
:10af280007009080d1686ff30701d16003f5b05234
:10af380011896ff30701118103f5c0524ff44b716a
:10af4800908b03f5c05361f30f0090839a8a61f3e5
:10af58000f029a82704700bf00240141001001418e
:020000040000fa
:020000040101f8
:10af680030b585b099b10b7a91f84f000392cde9cd
:10af7800013110f0040429d012f02efe01ab0c228e
:10af8800194908b3012005f08bfc05b030bd174bfb
:10af98001c68231893f89432002bf6d0682300fb22
:10afa800034303f5e6730b2453f8345005b1a9683d
:10afb800b1b14d7a012d13d191f84f300392cde9fb
:10afc800010113f00404d6e70320dce712f004fec5
:10afd80001ab0c220e2108b12046d4e70220d2e7ab
:10afe800013ca51ce0d1d0e70e010001740200204d
:020000040000fa
:020000040101f8
:10aff80001292de9f843804604d9ff2921d00020f2
:10b00800bde8f8831c4edff874903768002527faee
:10b0180005f000f00304012c0fd105eb45010622d1
:10b028004944404611f0befa38b9032303fa05f53e
:10b0380027ea050535600120e2e70235102de6d143
:10b04800dde70d4b987810f00100d9d01c6800207e
:10b0580024fa00f101f00302032a08d1824024ea0d
:10b0680002021a609a786ff300029a70e3e70230de
:10b078001028edd1f6e700bfd8fc002000330141cd
:020000040000fa
:020000040101f8
:10b0880090f8e530ebbb214bd3f8242142f0004285
:10b09800c3f82421d3f8242142f08042c3f82421a4
:10b0a800d3f8242142f00052c3f82421d3f82421f4
:10b0b80042f08072c3f82421d3f8242142f0805250
:10b0c800c3f82421d3f8242142f00062c3f82421d4
:10b0d800d3f8242142f08062c3f82421d3f8242134
:10b0e80042f00072c3f82421d3f8242142f400026c
:10b0f800c3f82421d3f8242142f48002c3f8242180
:10b108007047012bfcd1014bd6e700bf0024014159
:020000040000fa
:020000040101f8
:10b1180073b5056c1f4b06460df1020201a92846be
:10b128001c7812f0b5fb1c4bd3f800216ff31c728e
:10b13800c3f80021bdf80210d3f8082161f30f020b
:10b14800c3f808219df80410d3f8282161f31742a9
:10b15800c3f82821342202fb046494f85c2092b9d5
:10b16800d3f8002142f40042c3f80021284610f029
:10b178003bfe30b1094a137843f00203137000f024
:10b1880017fe02b070bd012af0d1d3f8002142f4b5
:10b198008042e9e7ed02002000240141ec02002092
:020000040000fa
:020000040101f8
:10b1a800f8b504680025d4f89031c4f898310746fa
:10b1b80084f86351c82011f054fe06460ef040fe94
:10b1c800314609f07dff144bc4f89c011d70134be8
:10b1d800134801261e80134b1d70134b1f6002235a
:10b1e80084f8623112f042fe104b1b680bb13046f6
:10b1f800984721460120fdf73aff2146012009f032
:10b20800efff00212046eff707fdd4f89c0110f06e
:10b21800abfd0020f8bd00bfe0020020d6020020f0
:10b2280025080101d5020020800200201cfd002015
:020000040000fa
:020000040101f8
:10b2380070b5054610f0c8fb95f8454064b2002c7f
:10b2480019dd05f1240608e06b6aa3b13046f9f769
:10b25800d5fb68b9013c64b26cb1ab6c002bf3d080
:10b26800284607f019f90028f4d012f067fcf1e736
:10b2780012f064fceee7ff2385f8453011f070fe0c
:10b2880010f0a2fb95f8444064b2002c11dd2b6944
:10b298007bb105f1100606e012f050fc013c64b2e7
:10b2a8003cb12b692bb13046f9f7a8fb0028f5d043
:0eb2b800f2e7ff2385f8443011f052fe70bd1e
:020000040000fa
:020000040101f8
:10b2c60030b585b0054603910df1060003a911f0ce
:10b2d6003afd03a902a811f036fd03a90df10a00f3
:10b2e60011f031fdbdf8061000200ef06efbbdf822
:10b2f600081000284ff0050014bf122400240ef099
:10b3060064fbbdf80a1000284ff0060018bf12248f
:10b316000ef05bfb0028bdf8060018bf12240ff0e4
:10b3260090ff90b144b9bdf80a20bdf80810bdf8e9
:10b336000600fdf7deff04462846bdf80620214636
:0eb346000ff0abfd204605b030bd0224f4e749
:020000040000fa
:020000040101f8
:10b3540000283bd070b50446826c013a8264c06a0e
:10b36400616c884234d00ab1002070bd251d284686
:10b374000ff05efd38b917490b68e06a012282407c
:10b3840023ea02030b60636ce362c3f10502a2616a
:10b3940010490e68012000fa03f232430a600e4a93
:10b3a40003eb830302eb83035b68a3609968e160aa
:10b3b4004d609d60e56aab005919890056186661b5
:10b3c400515801442b449b00d150cee700207047d4
:0cb3d4000020cae74cfc0020bcf7002061
:020000040000fa
:020000040101f8
:10b3e000f8b5eff311864ff0200383f31188bff314
:10b3f0006f8fbff34f8f836bc26b9a4228d90f4672
:10b40000044690f845506db201338363b5f1ff3fb8
:10b4100014d1836c33b107f043f8e8b1f7b10120e0
:10b42000386016e0436a0bb9012012e02430f9f7c6
:10b43000e9faa8b1b7b1012038600ae012f07cfb4c
:10b44000854211d201356db284f84550012000e0eb
:10b45000002086f31188f8bd0120fae70120f8e703
:0cb460000120f6e70120f4e70120f2e7ec
:020000040000fa
:020000040101f8
:10b46c0073b5204bdb799a060c4639d51e4b1b78ed
:10b47c009b0735d54d7a05f10e0012f02dfe0646d0
:10b48c0070b305f10c02d2b23e2111f0a5f80221e5
:10b49c00019001a812f0dafb217801a812f0d6fb7a
:10b4ac00617801a812f0d2fba17801a812f0cefbb2
:10b4bc000622e11c01a811f0d3fd294601a812f0c7
:10b4cc00c5fb2a46e16801a811f0cafd217c01a840
:10b4dc0012f0bcfb304612f041f8304612f0fefd83
:0cb4ec0002b070bd4801002040010020ab
:020000040000fa
:020000040101f8
:10b4f80073b5204bdb799a060c4638d51e4b5b7822
:10b508005b0634d58d7905f10a0012f0e7fd064691
:10b5180068b305f10802d2b23e2111f05ff80f219d
:10b52800019001a812f094fb218801a812f096fb63
:10b53800a17801a812f08cfbe17801a812f088fb31
:10b54800217901a812f084fb617901a812f080fb2f
:10b55800a17901a812f07cfb2a46a16801a811f084
:10b5680081fd304611f0fcff304612f0b9fd02b003
:0cb5780070bd00bf480100204001002011
:020000040000fa
:020000040101f8
:10b5840030b51f4a1368002b31d059680b1a48bfd5
:10b5940001f18053516848bf1b1a39b349680c1a2a
:10b5a40044bf01f180510c1a1b1b002bd4bf002394
:10b5b4000123144852f82310134d02462b7052f8fd
:10b5c4001449c9b113684d6813f0040f12d024f064
:10b5d40070439d4209d013886ff3820313804b6834
:10b5e4000360138843f00403138030bd012383f008
:10b5f4000103dee70560f4e7138861f38203f3e7f0
:0cb60400d0fb0020343e01415ffd00201f
:020000040000fa
:020000040101f8
:10b6100073b51f4b1f4e019004460093ec200d465e
:10b62000012300210222f8f707fa3068214604308e
:10b6300012f060fbe0b1fdf7fffe30b3fef7ccfc8b
:10b6400030682146043012f055fb012280f86c204e
:10b650002a6890f86031c0f86d20aa88a0f871209f
:10b66000012b03d10222002104f022f9002409e079
:10b670004224094b0093019401230022ff21ec2076
:10b68000f8f7daf9204602b070bd0724f1e700bff1
:0cb69000118f0001b00100202e8f00017e
:020000040000fa
:020000040101f8
:10b69c00036870b4002b3fd0e9b901241a6a126810
:10b6ac005c72d972998192f8c6505d771c72d2f88f
:10b6bc00c8509d61d2f8cc505d6192f8c7509d7214
:10b6cc001b64d2f8dc20c3e911211b68002be5d1e7
:10b6dc0070bc12f0c3b80129fad14ff08076002467
:10b6ec001a6a12685972d2f8d4501d61c3f80b60f3
:10b6fc0092f8c6505d771c72d2f8c8509d61d2f892
:10b70c00cc505d6192f8c7209a72c3e910449c64d6
:0cb71c001b68002be4d1dbe770bc704719
:020000040000fa
:020000040101f8
:10b728007fb5204b019006460093022201234d214c
:10b73800ec20f8f77df930460ff082fd054670b32e
:10b74800036893f86420012a19d193f8be3113f0e5
:10b75800080f14bf00241a2428460ff095fa80b168
:10b7680028460ff058faa8b907240f4b0093019404
:10b7780001230022ff21ec20f8f75af90ce00024fd
:10b78800eae7022203ab11462846adf80c600cf03c
:10b7980050fb0446002ce8d1204604b070bd0224ba
:0cb7a800e3e700bf5464000146640001a8
:020000040000fa
:020000040101f8
:10b7b40037b51d4c22786588012a18d01ab1022a9f
:10b7c4002ad003b030bd002dfbd0184b0093019557
:10b7d40001230222ae21ec20f8f72cf942f2107179
:10b7e4006943201df5f7aef801232370e9e7104bf8
:10b7f4000093af211346ec200222f8f71bf9201d19
:10b80400f7f760fe00230b4923701a46032003b0a8
:10b81400bde8304005f046b8002dd2d0064b009369
:10b8240001950123b021d6e7acfa00204b54000166
:0cb8340061540001070101016f54000184
:020000040000fa
:020000040101f8
:10b84000f0b5204b204e1b6885b01d68009604465d
:10b85000012302226221ec20f8f7eef820460df0d9
:10b86000ebfa074620bba388039363880293103644
:10b870002378019302220123ec2000966321f8f73c
:10b88000dbf8a379ab73e379eb7363886b82a288ef
:10b89000aa82934204bf03336b8223786b74012026
:10b8a0002874237aab7511f0cffe384605b0f0bd91
:10b8b00030360190009601230022ff21ec20f8f79a
:0cb8c000bbf8f2e728020020fece0101d8
:020000040000fa
:020000040101f8
:10b8cc00f0b51e4b1b6885b01e681d4b01900546dc
:10b8dc00009302220123ec200f466421f8f7a6f80e
:10b8ec00284608f02ffa044658b9b5b93046fcf78b
:10b8fc00dffc044608b90ef033fa012011f09efe6d
:10b90c0044b1104b0093019401230022ff21ec2041
:10b91c00f8f78cf8204605b0f0bd04224a2302a9a2
:10b92c003046cde90223f4f7a5f904460028e4d10a
:10b93c00054b5f7005f014fedfe700bf2802002006
:0cb94c003ccf01012ecf0101240200209d
:020000040000fa
:020000040101f8
:10b9580013b51d4b1b780446002b32d011f0a4f808
:10b968001a48c38823801022002111f0a7fcf9f798
:10b9780089f9174b1a686ff382021a601a686ff315
:10b98800c3021a601a686ff300021a601a686ff32c
:10b9980045121a600f4a117853f8382f61f30702dd
:10b9a8001a60fff795fa00200bf0d8fa0a4b0093bb
:10b9b800022201237921ec20f8f73af8002002b09e
:10b9c80010bd0380f2e700bf690200205802002082
:0cb9d8003034014168020020858b010121
:020000040000fa
:020000040101f8
:10b9e40030b520490346006808609a889b798a80ac
:10b9f4008b7131f8042c42f0020221f8042c51f826
:10ba0400084cc4f380748bb01cb34a6a51f8080c18
:10ba1400c2f3026262f3124041f8080c4d6a272215
:10ba2400684610f0cffdc5f3026500230deb030259
:10ba3400d27982b90133102bf8d101220a4b1b6849
:10ba44001b78eb4013f0010307d11c4620460bb0d2
:10ba540030bd0025f1e70022f0e7002cf6d082f09b
:0cba64000104f3e770330141c802002028
:020000040000fa
:020000040101f8
:10ba700070b5214b0568d3f81c31c3f3c303dab2a8
:10ba8000072a85f8143132d1d5f8b460b41c0021ee
:10ba90002046f6f797fc20b30378db0621d5042176
:10baa0002046f6f78ffc00b30388a5f81e31837893
:10bab00085f8203181784909012914d002290cbf69
:10bac000022400240131032011f0e8fcb37803f0d4
:10bad000c003402b05d1214628460ff0b1fc85f864
:10bae0000241002070bd0c46ece70446eee700235f
:0cbaf00085f80231f5e700bf0024014199
:020000040000fa
:020000040101f8
:10bafc0037b5204b1b68d3f8ac5004460df102024d
:10bb0c0001a9284611f0c2fe1b4bd3f800216ff39c
:10bb1c001c72c3f80021bdf80210d3f8082161f3a0
:10bb2c000f02c3f808219df80410d3f8282161f303
:10bb3c001742c3f8282194f8e5209ab9d3f80021cc
:10bb4c0042f40042c3f80021284610f03bf938b10a
:10bb5c0094f8e43043f0020384f8e43000f026f962
:10bb6c0003b030bd012aefd1d3f8002142f480425a
:0cbb7c00e8e700bfe402002000240141c3
:020000040000fa
:020000040101f8
:10bb880030b5204b204c1a78342303fb02030546ba
:10bb980093f85c1021bb93f85e00d4f81c11d4f81c
:10bba8001c410128c1f3c301c4f3410406d193f831
:10bbb8008700012802d191b1062910d0342000fb5a
:10bbc800025240f20113b2f85e10994218d192f86d
:10bbd8008730022b14d1022c14bf0020012030bd65
:10bbe800b3f85e10d4f81c0140f201129142c0f380
:10bbf800410005d193f88730012b01d10228ebe7ea
:0cbc08000020ece7ed02002000240141c8
:020000040000fa
:020000040101f8
:10bc140010b5204b1c88836c1b1b9ab21e4bd3f8a7
:10bc24000c1162f30f01c3f80c11826cd3f80811e4
:10bc3400121b92b262f31f41c3f80811816b4a1eb2
:10bc4400816c1144091bd3f80c2189b261f31f42a2
:10bc5400c3f80c21426cd3f81011121b92b262f398
:10bc64001f41c3f81011426cd3f81011121b92b289
:10bc740062f30f01c3f81011c26b511e426c0a44e7
:10bc8400121bd3f8141192b262f30f01c3f814110a
:0cbc940010bd00bf6c0200200024014124
:020000040000fa
:020000040101f8
:10bca00070b5d82012f01efa1c4d1d4928600820de
:10bcb00012f010f90af092fa2e682822002106f1fb
:10bcc0000b00002411f0fefa0021942206f134004a
:10bcd00011f0f8fa34704ff0ff321f23c6e9342315
:10bce0002b685c702b6825229a702b6802f21b125d
:10bcf000a3f8c8202022dc705c71da80094b1c603c
:10bd000011f062ff2b68084a1c81c0f147001871ce
:10bd10001268c2f340329a72204670bdf8020020c9
:0cbd200037c70201f4020020383801414e
:020000040000fa
:020000040101f8
:10bd2c002de9f84f9946204b0a9f1b681d688846e1
:10bd3c00164604464ff6ff7a0db92c4630e0aa8918
:10bd4c00a2420ed942450bd92d68f5e7102e1ce006
:10bd5c005445f9d001340bf11003a4b23b6008e058
:10bd6c001446eb89a342efd36b68a21a03eb0212c1
:10bd7c003a60eb89a342e7d34445e5d8d7f800b045
:10bd8c009bf80e305b07e1d4022ee1d132464946d6
:10bd9c00dbf8000010f004fc0028d9d10b9b1d60cf
:0cbdac002046bde8f88f00bf1403002003
:020000040000fa
:020000040101f8
:10bdb80038b51f4c1f4d236843f0c06323602368c8
:10bdc800032043f0006323600cf05ffdd5f80031d9
:10bdd80043f40053c5f80031d5f800319b04fbd477
:10bde8002368154d6ff3db63032023600cf04dfdd2
:10bdf80023686ff35a6323602b6813f0606f00d1d8
:10be080038bd2368032043f0006323600cf03dfd38
:10be1800236803206ff3db6323600cf036fd23688f
:10be28002268c3f34163013363f35a622260e3e794
:0cbe38000c3a014100240141203a014174
:020000040000fa
:020000040101f8
:10be440070b5046894f995327f2b92b03ad00426e9
:10be5400012594f892321d422ed0284611f07cf927
:10be6400221894f9953282f8743294f8931282f875
:10be74007c1294f8802292071ed541f22102adf87b
:10be8400002000228df8042022888df80a3094f8ce
:10be94009332adf8062001221044c3f301038df858
:10bea40009008df80b30684694f894328df8082018
:10beb4008df80c300cf09cfa013e6d0016f0ff0674
:0abec400edb2c6d1012012b070bd2e
:020000040000fa
:020000040101f8
:10bece00474154543a457674207263762c6e6f2037
:10bede006672656520636f6e6e00474154543a4535
:10beee007674207263762c6e6f20617661696c2099
:10befe00636f6e6e2c68646c3d3078253034782c10
:10bf0e006576743d30782530327800474154543a86
:10bf1e0044617461207263762c4f703d3078253009
:10bf2e00327800474154543a44617461207263760a
:10bf3e002c6e6f20617661696c20636f6e6e2c685b
:0abf4e00646c3d3078253034780033
:020000040000fa
:020000040101f8
:10bf580008b5194b9847194b9847eff3108172b6fb
:10bf6800174ad2f8883043f47003c2f88830bff318
:10bf78004f8fbff36f8f01b962b6124a936823f0ef
:10bf8800010393601346da6812f0010ffbd10d4be1
:10bf980024225a6001229a6008f02afc0a4b23f0f6
:10bfa8007f03074a9360094b9847094b9847094b09
:10bfb800984711f063fdfee7f79f0001f79f000126
:10bfc80000ed00e00020004100020001c520020150
:08bfd800f79f0001f79f000133
:020000040000fa
:020000040101f8
:10bfe00010b51f4bdb799a0688b00c4635d51d4b32
:10bff0001b78db0731d513223e2102a810f0f2fa9c
:10c000000121019001a811f027fe217801a811f06b
:10c0100023fe618801a811f025fe217901a811f005
:10c020001bfe617901a811f017fe0622a11801a8d4
:10c0300011f01cf8a18901a811f014fee18901a8f2
:10c0400011f010fe218a01a811f00cfe01a8a17cbc
:10c0500011f002fe02a811f087fa08b010bd00bf6f
:08c0600048010020400100200e
:020000040000fa
:020000040101f8
:10c0680037b51f4b019005460093ec200c46012381
:10c0780002225c21f7f7dcfc28460ff0e1f850b308
:10c08800026892f86430012b0cd00c24154b0093f5
:10c09800019401230022ff21ec20f7f7c9fc204678
:10c0a80003b030bd2368c2f8f63102f5fb7163684e
:10c0b8004b60a3688b60e368cb6092f8ae31213b9c
:10c0c800012be2d892f8af31032bded10ff05cfbe5
:10c0d80018b90724dae70224d8e70024dfe700bf0d
:08c0e800505e0201695e0201d5
:020000040000fa
:020000040101f8
:10c0f000f7b51c4c2678012e31d1a5886788013d03
:10c10000adb2a5800dbbfcf7d7fba0b90bf058fb77
:10c11000a7800af037fe144b009302223346ba215f
:10c12000ec20f7f789fc114904f1080003b0bde8e1
:10c13000f040f4f709bc0e49a6802b462a4603209e
:10c1400003b0bde8f04004f0afbb0a4b009301958b
:10c1500033460222bb21ec20f7f76efce3e703b085
:10c16000f0bd00bf70fa00203055000100881300b8
:08c17000060101013f55000129
:020000040000fa
:020000040101f8
:10c1780073b51f4d01900646012302226921ec2068
:10c188000095f7f755fc30460af034fe044628bb04
:10c19800fdf74ef931460246164811f01ffe90f899
:10c1a80056306bb9012380f85630d0f8c0301c6087
:10c1b800d0f8c03051685960d0f8c0300b60536077
:10c1c800136810463bb111f015ff012011f040fa39
:10c1d800204602b070bdfdf7fbfef6e7843d0190f6
:10c1e800009501230022ff21ec20f7f721fcefe75f
:08c1f8005ba20001e0fb002046
:020000040000fa
:020000040101f8
:10c2000073b5054600230df1020101a8adf8023017
:10c210000df004feeb7a012b17d1019aeb6bbdf800
:10c2200002101a442b8f0b449bb240f2e1418b4227
:10c23000c2f31602019285bfa3f2e2430132adf8c8
:10c240000230adf8023088bf0192b5f87030bdf809
:10c2500002000c4e03eb90000df0b4fd019c044471
:10c2600034402c6600212846fbf704fd2b7b20443c
:10c270003040286603b9400201232861ab7302b045
:08c2800070bd00bfffff7f004d
:020000040000fa
:020000040101f8
:10c2880038b5204c056807f0effe01f013fe2023b7
:10c298002b7504f5a3539a896ff3cf329a81b5f8b9
:10c2a8007c1095f866000cf057f9d5f8783193f8ba
:10c2b800ac1004f5b0537f201a8961f307021a8184
:10c2c80004f5b15306211a6861f313421a601a681b
:10c2d80061f317521a6004f5b052116960f30f0147
:10c2e8001161116960f31f4111611a8942f001025d
:10c2f8001a811a6842f010021a601a6842f00202a3
:08c308001a6038bd0024014158
:020000040000fa
:020000040101f8
:10c3100038b5204c056807f0abfe01f0cffd0123d6
:10c320002b7504f5a3539a896ff3cf329a81b5f830
:10c330007c1095f866000cf013f9d5f8783193f875
:10c34000ac1004f5b0537f201a8861f307021a80fd
:10c3500004f5b15306211a6861f313421a601a6892
:10c3600061f317521a6004f5b052116960f30f01be
:10c370001161116960f31f4111611a6842f00202f4
:10c380001a601a8942f010021a811a8942f00102d9
:08c390001a8138bd00240141af
:020000040000fa
:020000040101f8
:10c3980038b51f4c2368022262f35a63236023686e
:10c3a800032043f0006323600cf06ffa04f24c435f
:10c3b8001a6842f400621a601a681205fcd42368ed
:10c3c800144d6ff3db63032023600cf05efa2368df
:10c3d8006ff35a6323602b6813f0606f00d138bd88
:10c3e8002368032043f0006323600cf04efa2368af
:10c3f80003206ff3db6323600cf047fa236822689d
:10c40800c3f34163013363f35a622260e3e700bf79
:08c418000c3a0141203a0141f8
:020000040000fa
:020000040101f8
:10c4200038b51d4c2368254633b94ff4107011f010
:10c4300059fe206060b938bd00242b6804f18802e1
:10c4400053f8220008b111f04ffe0134082cf4d14a
:10c450004ff410720021286810f034ff2c680f4947
:10c460000f4a04f5bc7304f5ce7543f8041b9d42d6
:10c47000c3f88020f9d14822002104f5da7010f0c9
:10c4800021ff0023c4f89c316b60ab60054bc4f8fe
:10c4900074310120cfe700bf1c03002061e10201dd
:08c4a0008b7101019b7e01017b
:020000040000fa
:020000040101f8
:10c4a80038b505460c46e9f761fbe4f759fb054b3f
:10c4b80005481d80054b0c221c801421bde838401e
:10c4c80010f05ab9ccfa00203cfd0020cefa00202a
:10c4d80030b5044685b00d46ac4201d905b030bd33
:10c4e80069462046e5f780ffd8b1bdf8021041b98a
:10c4f8004ff0200383f31188bff36f8fbff34f8f83
:10c50800fee700222046e4f7ddfb10f0fd0f08d01f
:10c518004ff0200383f31188bff36f8fbff34f8f62
:08c52800fee70134a4b2d7e7dd
:020000040000fa
:020000040101f8
:10c5300070b500200ef0eafc064601200ef0e6fc85
:10c54000054602200ef0e2fc4ff6ff710446002083
:10c550000cf03afb4ff6ff7101200cf035fb4ff663
:10c56000ff7102200cf030fb314600200ef0e0fca1
:10c57000294601200ef0dcfc214602200ef0d8fcfa
:10c58000002210460d210af0effa002210460c217d
:10c590000af0eafa002210460b210af0e5fa00221e
:10c5a00010460e210af0e0fa002204210120bde825
:06c5b00070400af0d9ba48
:020000040000fa
:020000040101f8
:10c5b60073b50546008911f0d2fd002835d02889cb
:10c5c600ec680cf0eefe054688b3238880880233bb
:10c5d60083422ed8eb7c082b2bd111f071fd064639
:10c5e60008b300f11003092101a8019311f031fbf2
:10c5f600a17801a811f02dfb2146019831f8032bf3
:10c6060011f073fd21880231324689b228460ff0b7
:10c616006cfd044618b9e874204602b070bd304679
:10c6260011f09ffdf8e70224f6e70424f4e703245b
:06c63600f2e70124f0e729
:020000040000fa
:020000040101f8
:10c63c0010b582b000230193030103f1824303f58b
:10c64c00804393f84e30dbb20193019b13f0020f41
:10c65c000dd0010101f1824202f58042022382f8e1
:10c66c004e30134b0b4400221a73012400e00224b9
:10c67c00019b13f0010f0cd0010101f1824202f574
:10c68c008042012382f84e30094b0b4400221a736e
:10c69c000224074b03eb00135b6833b1044a02eb33
:10c6ac00001399685b682046984702b010bd00bf24
:04c6bc00f0f9002071
:020000040000fa
:020000040101f8
:10c6c000f7b5074601910df1020001a911f0e8f953
:10c6d0000df1030001a911f0e3f99df802309df876
:10c6e0000300012b00d158b300eb4000400011f0d3
:10c6f000f9fc0024064605469df80310a1420fd818
:10c7000032469df80200e6f793fa0446304611f0ef
:10c71000ebfc384621460ff072ff204603b0f0bd17
:10c72000284601a911f0bcf9a81c01a910f00efbc4
:10c730000134281d01a911f0b3f90635e4b2dbe795
:04c740001224e6e7f2
:020000040000fa
:020000040101f8
:10c744001a4a1b4b11881279da701a4aa3f801109d
:10c754001268114651f8e00f58608988198192f8df
:10c76400e6101970b2f80011d98292f80211997288
:10c7740011490988d981114909881982b2f8061129
:10c78400b2f808215a820e4a99821268d2e902014b
:10c79400c3e90a01114631f8100f89789976188394
:10c7a400b2f81320a3f80b20704700bf9e010020ad
:10c7b400f0000120b4010020a80100209c01002009
:04c7c400b801002098
:020000040000fa
:020000040101f8
:10c7c800022838b50d4619d0032828d0012814d1dd
:10c7d8001a4c236893f802314bb90ff031fd2068e9
:10c7e8001749b0f80031e8305943f4f7a9f823683d
:10c7f80093f80211294383f8021138bd0f4b1868ca
:10c8080090f802110029f8d021ea050180f80211f8
:10c818000029f2d1e830bde83840f6f751be074ba1
:10c82800186890f80231002be7d0b0f800310449bd
:10c83800e8305943bde83840f4f782b8b401002025
:04c8480040420f005b
:020000040000fa
:020000040101f8
:10c84c002de9f0418ab04b7906930b790593cb789f
:10c85c0004938b7803934b7802930b78184d0193c8
:10c86c0007460c4601232521ec2090460095022218
:10c87c00f7f7dcf8214638460cf0d0f9064698b9a3
:10c88c009df8203067f300038df820302368cdf835
:10c89c0021304146a388adf8253008a80af0b6fb34
:10c8ac0030460ab0bde8f081a5f5ac750190009555
:10c8bc0001230022ff21ec20f7f7b8f8f0e700bfc6
:04c8cc00ef4d00012b
:020000040000fa
:020000040101f8
:10c8d0002de9f0418ab01e4d07924b7906930b79f2
:10c8e0000593cb7804938b7803934b7802930b7862
:10c8f000019380460c4601232c21ec20174600951d
:10c900000222f7f799f82146404602f0d7f9064689
:10c9100098b99df8203068f300038df82030236823
:10c92000cdf821303946a388adf8253008a8fdf7a9
:10c9300035f930460ab0bde8f081a5f5ea750190f9
:10c94000009501230022ff21ec20f7f775f8f0e7ae
:04c950006b4e000129
:020000040000fa
:020000040101f8
:10c95400f7b51d4f3b681e78eeb91c4c0ef0c2fab9
:10c9640020682021253003f0c9fc4020f8f780fe20
:10c97400054638b3236883f824603b6801221a70a3
:10c9840023689861fcf7d0ff044628b13b68284629
:10c994001e700bf0dbfb0c240d4d009501230222cd
:10c9a4003321ec20f7f746f84cb1a5f2cf250194da
:10c9b400009501230022fd21ec20f7f73bf82046e7
:10c9c40003b0f0bd0724e7e7b4010020b80100205c
:04c9d400cb4e000145
:020000040000fa
:020000040101f8
:10c9d80013b50388019304461c4b0093ec200123f4
:10c9e80002224e21f7f724f820880ef029fc30b3f4
:10c9f80003686288a3f82e22a288a3f83022e2886e
:10ca0800a3f832222289a3f834226289a3f83622b5
:10ca1800a289a3f8382293f8ae31112b11d110f066
:10ca28008ffb80b907240a4b00930194012300224d
:10ca3800ff21ec20f6f7fcff204602b010bd0224cf
:10ca4800f1e70c24efe70024f6e700bf7864000163
:04ca5800466400012f
:020000040000fa
:020000040101f8
:10ca5c00f8b504460f461646f7f716fe02280546ab
:10ca6c0027d12379042b19d02379052b25d03378a2
:10ca7c00022b01bf2268d2f8843123f00103c2f8e3
:10ca8c008431317820460ef09ffe2046002103f0c1
:10ca9c00c5fa0121204603f0c1fa0ce00b4b1b68d0
:10caac00002be4d032463946204698470228dbd08a
:10cabc000546012ddbd12846f8bd054b1b68002b24
:10cacc00d5d03246394620469847f1e7b4fc0020d1
:04cadc00b8fc002082
:020000040000fa
:020000040101f8
:10cae000f8b5036893f8644005460e468cbb93f88e
:10caf000ac21a2f12107012f18d8b3f8ac2140f2e4
:10cb000021118a4203d001f201318a4208d1032265
:10cb1000002083f8b02183f8b16183f8ae01f8bd3d
:10cb20003d21284610f072fc0020f8e793f8ae3162
:10cb300002ea0306f40613d59a420cbf23222a22e6
:10cb400007f03aff0028ead00121284603f06cfaea
:10cb5000eae7012c04d193f8ae31213b012bdfd958
:04cb60000120dce7ed
:020000040000fa
:020000040101f8
:10cb64000368002939d04a0715d5b3f89e01b3f8f4
:10cb7400a011820102f5747292b291422bd2a1f5f6
:10cb84007470c0f387101a282ad9b3f89e319842da
:10cb940027d9d8b27047c8070dd5b3f89e01b3f8aa
:10cba400a011c200703292b2914214d2a1f170006d
:10cbb400c0f3c700e7e78a0712d5b3f89e01b3f8bc
:10cbc400a01182003c3292b2914204d2a1f13c0005
:10cbd400c0f38700d7e7c0b2d5e793f89e0170474a
:04cbe4001b2070475b
:020000040000fa
:020000040101f8
:10cbe800f0b593b0144641f20b02adf80020a2f65e
:10cbf8000a72adf80420c2790e46342101fb0233d3
:10cc0800054693f881200ab393f8857038460ff0eb
:10cc180021fc40f002008df806000df107013846ae
:10cc280007f028fd3378c3f3c0138df80d3054f89e
:10cc3800063fcdf80e30a388adf8123068462b7841
:10cc48008df814300bf0d2fb13b0f0bd3378c3f37a
:10cc580080138df806302368cdf80730a388adf827
:04cc68000b30dfe7c7
:020000040000fa
:020000040101f8
:10cc6c0038b54ff088431c4c1b6c1c4d1c4903f40d
:10cc7c004053b3f5005f23680cbf40f6722240f2bc
:10cc8c001c42a3f820232b684ff496621a81226869
:10cc9c00c2f822134ff4a0725a810ff04bff2b688d
:10ccac00c0f307101a89b2fbf0f21a812268b2f8ad
:10ccbc002213b1fbf0f1a2f82213b2f82413b1fb4a
:10cccc00f0f1a2f824135a89b2fbf0f01a895881ba
:10ccdc00a8321a8138bd00bf7402002070020020f7
:04ccec009001400172
:020000040000fa
:020000040101f8
:10ccf00000b51e4b024600681860908892799880b3
:10cd00009a7133f8040c40f0020023f8040c53f835
:10cd1000080cc0f380708bb0c8b1586ac0f30260d1
:10cd2000087053f8081c60f3124143f8081c2722ce
:10cd3000194668460ff048fc00230deb0302d0793a
:10cd400040b90133102bf8d10bb05df804fbff2381
:10cd50000b70f9e7064a1268272101fb0323d87af2
:10cd6000c0f3400080f00100c0b2ede77033014134
:04cd7000c8020020d5
:020000040000fa
:020000040101f8
:10cd7400f8b5064600200ef0c7f8054601200ef06f
:10cd8400c3f8074602200ef0bff80446ceb110f0f7
:10cd940009fe10f00ffe10f015fe10f01bfe45f416
:10cda400005189b200200ef0c1f8394601200ef07e
:10cdb400bdf844f4e06189b20220bde8f8400ef009
:10cdc400b5b84ff6ff7130460bf0fcfe4ff6ff711d
:10cdd40001200bf0f7fe4ff6ff7102200bf0f2fe7c
:10cde400294630460ef0a2f8394601200ef09ef88e
:04cdf4002146e1e70c
:020000040000fa
:020000040101f8
:10cdf800f8b5064600200ef085f8054601200ef02d
:10ce080081f8074602200ef07df80446ceb110f0f6
:10ce1800e7fd10f0edfd10f0f3fd10f0f9fd45f41d
:10ce2800005189b200200ef07ff8394601200ef03b
:10ce38007bf844f4e06189b20220bde8f8400ef0c6
:10ce480073b84ff6ff7130460bf0bafe4ff6ff711c
:10ce580001200bf0b5fe4ff6ff7102200bf0b0fe7b
:10ce6800294630460ef060f8394601200ef05cf88d
:04ce78002146e1e787
:020000040000fa
:020000040101f8
:10ce7c00f8b50446008a11f06ff9002835d0208ae5
:10ce8c00a568a77ce6680cf089fa044678b39db1d6
:10ce9c0096b12b7843726b788372c772ba003146a5
:10ceac00c0680ff08bfb637adb0705d54ff6ff727a
:10cebc000121207805f0d2f8012304f14c052372ee
:10cecc00284610f003f878b1284610f05ffd0546af
:10cedc0042680189204600f04dfb686811f0fef8ad
:10ceec00284611f0fbf80020f8bd0420fce70320d5
:02cefc00fae753
:020000040000fa
:020000040101f8
:10cefe00434d443a53657453636e506172616d00d5
:10cf0e0053434e3a747970653d25642c696e747680
:10cf1e006c3d307825782c77696e3d307825780019
:10cf2e004552523a7374617475733d256400434dd6
:10cf3e00443a53657453636e456e61626c652c653d
:10cf4e006e61626c653d25640053434e3a45525204
:10cf5e0021207469643d25640053434e3a57415273
:10cf6e004e21207072696d506475436e743d256458
:01cf7e0000b2
:020000040000fa
:020000040101f8
:10cf800030b587b00546019102a801a910f088fdcf
:10cf900001a90df1090010f083fd01a90df10a00ae
:10cfa00010f07efd062201a90df10b0010f054f8df
:10cfb00001a90df112000ff0c9fe01a905a80ff09b
:10cfc000c5fe01a90df1160010f06afdbdf8143080
:10cfd0000a3b9bb243f6f67293420fd8bdf812306b
:10cfe000b3f5fa7f0ad202a8fbf75cfe0446284696
:10cff000214609f073fb204607b030bd1224f6e746
:020000040000fa
:020000040101f8
:10d0000010b51d4bdb799a0686b00c4631d51b4b0b
:10d010005b789b062dd510223e2101a80ff0e2fa85
:10d020000e210090684610f017fe2178684610f037
:10d0300013fe6188684610f015fe2179684610f0ed
:10d040000bfe6179684610f007fe0622a1186846bb
:10d0500010f00cf8217b684610f0fefde18968466f
:10d0600010f000fe6846217c10f0f6fd01a810f0db
:10d070007bfa06b010bd00bf48010020400100202f
:020000040000fa
:020000040101f8
:10d08000f8b5079c07469df8180092b91b4e601e24
:10d090003d4620eae07422463021284610f012f97d
:10d0a0003146281910f05eff3846bde8f8400ff011
:10d0b000a7bd00b30a2b1ed1002a1cda3d462d2045
:10d0c00005f8010b5242601e01396e1800213170c3
:10d0d0000cb10028ddddb2fbf3fc03fb1c210929a8
:10d0e00088bf07313031934206f8011d00f1ff304f
:10d0f000cfd86246ece720463d46e5e7e966000109
:020000040000fa
:020000040101f8
:10d1000037b50d4614460ef09ff8c0b9ff232b70bb
:10d1100023700224194d0095012302223721ec20af
:10d12000f6f78afc44b1263d0194009501230022c4
:10d13000fd21ec20f6f780fc204603b030bd0268ec
:10d1400092f86730122b11d002d3213b022b0fd95a
:10d1500001232b7092f86630122b0bd002d3213ba7
:10d16000022b09d9012323700024d3e70223f0e71f
:10d170000323eee70223f6e70323f4e7e3c200010b
:020000040000fa
:020000040101f8
:10d1800070b5056895f8644006461cbb95f8ac314f
:10d19000222b33d195f8ad31042b2fd10b210ef07a
:10d1a00002ff044678b1304602f024fc044660b128
:10d1b00095f8c831012223f0030385f8ad2185f8e5
:10d1c000c83185f8a921204670bd0146306810f0ad
:10d1d000e3faf8e7012c11d195f8ae31222bf2d108
:10d1e00095f8af31042beed1022385f8af3195f8d5
:10d1f000c8316ff3000385f8c831e4e70124e2e7a2
:020000040000fa
:020000040101f8
:10d2000037b5194c23781bb1012b19d003b030bdb1
:10d210006588002dfad0154b5b88002bf6d0144b97
:10d22000009302220123b621ec20f6f705fc1149f8
:10d23000a58004f10800f3f787fb01232370e5e7dd
:10d240000d4a0092b7210222ec20f6f7f5fb04f11b
:10d250000800f6f739f900231a460849032003f0bd
:10d2600023fb0023eae700bf70fa0020acfa00209d
:10d27000d854000100881300e7540001080101019f
:020000040000fa
:020000040101f8
:10d280000368f0b593b3dff870e0dff870c0184fb3
:10d29000184e01254ff080741a6a12685d72c3e956
:10d2a00009ecc3e90b76d2f8ac101961c3f80b4056
:10d2b00092f89e10597792f89c1081f00101197232
:10d2c000d2f8a0109961d2f8a410596192f89f1079
:10d2d00099721b64d2f8b4205a6400229a641b68c5
:10d2e000002bd9d1bde8f04010f0bebaf0bd00bfb0
:10d2f00089920201c9290201551f02013b980201ce
:020000040000fa
:020000040101f8
:10d30000f8b51e4e027a817a336805460d2000fb7f
:10d31000021203ebc203d3f8c44104b308f0acfa21
:10d3200027680df0a1f9a3689d4225d108f0a4fa61
:10d33000d4e90031abb15960d4e900231a602a7aec
:10d340003368134493f89422013a83f8942200231b
:10d3500085f84d300df088f9204609f0e5fd0020f4
:10d36000f8bd2a7aa87a33680d2707fb020203eb7f
:10d37000c203c3f8c811dfe73c46cee774020020c1
:020000040000fa
:020000040101f8
:10d38000c0b208b50b4611460b280ad8dfe800f0fa
:10d39000060b0f161a091e22262a2e3018460ef0ea
:10d3a00007f8002008bd18460af0b2faf9e7124a59
:10d3b0001268002af5d018469047f2e7184602f0a6
:10d3c00027fceee718460ef0e3fceae718460ff0fc
:10d3d00015ffe6e7184604f0b9f9e2e71846f1f759
:10d3e0002ffcdee71846f2f7a3f8dae7034adfe797
:10d3f0001846fdf7d9fed4e7f0fc0020ecfc002035
:020000040000fa
:020000040101f8
:10d4000090f8682090f867306ab9222b1bd123234b
:10d4100080f86730194b1a8842f003021a801a8884
:10d420006ff3041221e0012a0dd1232b0bd122230b
:10d4300080f86730114b1a8842f003021a801a886c
:10d4400042f0100211e0122b12d004d8112b4ff031
:10d45000010006d07047222becd0232bdad001201c
:10d460007047064b1a8860f301021a80002070474b
:10d47000024b1a88022161f30102f6e7c034014130
:020000040000fa
:020000040101f8
:10d4800038b51e4b1d682c6894f8640078b9236e7b
:10d49000190608d50ef0ecfba06720460bf094feb1
:10d4a000b0fa80f04009237d9a0622d438bd0128c5
:10d4b00009d1237d13f01e0ff8d0d4f87801037f33
:10d4c0000bb910f0fdfd236e5b0602d520460ff070
:10d4d000f7ff94f86430012b0ed1226e12f0400f4a
:10d4e00008bf4023237528462521bde838400ff0aa
:10d4f0003fbb0028dad1e6e74023f3e780020020b3
:020000040000fa
:020000040101f8
:10d50000f8b5064600200df001fd054601200df09e
:10d51000fdfc074602200df0f9fc0446beb110f0f8
:10d5200083fa10f089fa10f08ffa45f4006189b29d
:10d5300000200df0fdfc394601200df0f9fc44f40b
:10d54000c06189b20220bde8f8400df0f1bc4ff691
:10d55000ff7130460bf038fb4ff6ff7101200bf0e6
:10d5600033fb4ff6ff7102200bf02efb29463046ad
:10d570000df0defc394601200df0dafc2146e1e732
:020000040000fa
:020000040101f8
:10d580002de9f04190f8088006460d461746b8f19f
:10d59000000f1cd1184b1b689b89db0717d50c208b
:10d5a00010f0a0fd044628b3284610f09bfd6060f3
:10d5b00000b33946c4f8008025812a460ff004f8ec
:10d5c000214606f14c00bde8f0410ff067be397806
:10d5d0000a4a002312f83300884208d102ebc30341
:10d5e00029463a4630465b68bde8f04118470133aa
:10d5f0000c2befd1bde8f081140300206c18020160
:020000040000fa
:020000040101f8
:10d6000030b589b005460191684601a90ff09efb2f
:10d6100008220deb020001a90ff01efd01a90df17a
:10d6200002000ff093fb102201a90deb02000ff096
:10d6300013fdbdf8001000200cf0caf9c8b9bdf800
:10d6400000000df001feb0b1036893f86430012bc7
:10d6500013d004abbdf80220bdf8000002a9f7f713
:10d660006bfe04462846214609f038f8204609b0ea
:0ed6700030bd1224f6e70224f4e70c24f2e7a2
:020000040000fa
:020000040101f8
:10d67e0073b5c37a012b05460c4616460df1020111
:10d68e0001a82fd10cf0c3fb0199eb6b2a8f194423
:10d69e00bdf8023013449bb240f2e1429342c1f313
:10d6ae001601019185bfa3f2e2430131adf80230bc
:10d6be00adf8023088bf0191019ba34205d1bdf8a0
:10d6ce00022040f29b439a4202d96ff49c731e448f
:10d6de0040f271239e4208d82846fbf78ef90120ae
:0ed6ee0002b070bd0cf093fbe6e70020f8e7f9
:020000040000fa
:020000040101f8
:10d6fc0070b505460c460ef065f9194b1a68194bb6
:10d70c001b6893f851304bb1164b1b68002283f801
:10d71c00512001240ff022fc204670bd2368b3f188
:10d72c00ff3f1ad06968104800682e68864205d001
:10d73c00914203d8002323600124ebe7501a834263
:10d74c0003d8002323600124e4e79b1a0b442360d5
:10d75c0028460ff027f80024dce70024dae700bfa6
:0cd76c0064fc002030fc002058fc002071
:020000040000fa
:020000040101f8
:10d7780070b588b0064601910df1030001a9002497
:10d78800029410f089f903aa01999df80300fcf7a7
:10d798007bf805aa034605463146072009f063fdd4
:10d7a800029055b9062203a902a80ff05bfc05a850
:10d7b8000ff0d6fe284608b070bd214602a810f02a
:10d7c80047fa214602a810f043fa214602a810f0b1
:10d7d8003ffa214602a810f03bfa214602a810f0b1
:0cd7e80037fa214602a810f033fae0e7ff
:020000040000fa
:020000040101f8
:10d7f40010b51c4bdb799a0686b00c462fd51a4b14
:10d804005b785b072bd512223e2101a80ef0e8febf
:10d814000b210090684610f01dfa2178684610f03c
:10d8240019fa6178684610f015faa178684610f084
:10d8340011fa0622e11c68460ff016fc617a68466c
:10d8440010f008fa062204f10a0168460ff00cfcf5
:10d854006846217c10f0fef901a80ff083fe06b0a3
:0cd8640010bd00bf480100204001002062
:020000040000fa
:020000040101f8
:10d87000f0b58bb003790593c37804938378039351
:10d88000437802930378019304460223154d0095d3
:10d890001a468b21ec20f6f7cff820682379089000
:10d8a0008df82430002707ab09220f490797022083
:10d8b00002f0faffc6b28eb123790593e3780493a0
:10d8c000a3780393637802932a3523780193009514
:10d8d00001233a468c21ec20f6f7aef830460bb027
:0cd8e000f0bd00bfb08e00010a00010086
:020000040000fa
:020000040101f8
:10d8ec0073b51b4b019006460093022201230c21b9
:10d8fc00ec20f6f79bf80ff0b1fee0b9154d286857
:10d90c003146043010f0f0f900b390f8603193b95f
:10d91c0090f861417cb928683146043010f0e4f984
:10d92c002b680146181dfcf763fd01200ff08efedd
:10d93c00204602b070bd0c24074b009301940123c8
:10d94c000022ff21ec20f6f771f8f1e74224f3e70f
:0cd95c006a8f0001b00100202e8f000136
:020000040000fa
:020000040101f8
:10d9680073b51b4b0093022201230d21ec20f6f71f
:10d978005ff80ff075fef8b9164b1d686c68234602
:10d988000bb9043510e093f86021aab993f8612126
:10d9980092b91b68f4e7637d2668f02b03d0214613
:10d9a8002846fcf727fd3446002cf4d101200ff05f
:10d9b8004ffe204602b070bd0c24074b0093019423
:10d9c80001230022ff21ec20f6f732f8f1e700bf2f
:0cd9d800888f0001b00100202e8f00019c
:020000040000fa
:020000040101f8
:10d9e40037b51b4d01462b680c689c6003f1080099
:10d9f40009790171d3e90221164c246801f01f0151
:10da0400d960c4e93421dc6c0cb1a0470446286811
:10da1400036ddbb108309847044314f0ff040e4d46
:10da2400009518bf0c24012302221f21ec20f6f7d5
:10da340001f844b118350194009501230022fd2119
:10da4400ec20f5f7f7ff204603b030bd1846e3e7b6
:0cda5400b8010020f8020020e44b0001a3
:020000040000fa
:020000040101f8
:10da6000f0b58bb04b7906930b790593cb78049383
:10da70008b7803934b7802930b78174d01930746ed
:10da80000c46012302222121ec200095f5f7d4ff5a
:10da90002146384601f0d8f8064688b99df820306e
:10daa00067f300038df820302368cdf8213008a8f3
:10dab000a388adf8253002f075f830460bb0f0bd04
:10dac0006ff492731d440190009501230022ff2101
:0cdad000ec20f5f7b1fff0e7bc4d0001c1
:020000040000fa
:020000040101f8
:10dadc0010b5164a1378d90726d443f001031370f6
:10daec00134b1b221a80134b02f22d121a800ef0cc
:10dafc003dff0446b0b9104b0146182218460ff0f2
:10db0c00dbfb82680d4b02f0f8010d4a1c600a43e6
:10db1c0082600c49042010f03bf90bf057f90a48cd
:10db2c000ff0c4fd204610bd0024fbe761fd002072
:10db3c004efd002050fd0020d00100209cfc002058
:0cdb4c0001016104419c000175b0020160
:020000040000fa
:020000040101f8
:10db580002390068212916d8dfe801f0291a151ab8
:10db680016151a151a2511151a1a15151a151a1532
:10db78001a1a151a1515151a15151515151a90f8d6
:10db8800ac31022b04d0704790f86430002bfad1e6
:10db980090f8c6310c4943f0040380f8c63100f50b
:10dba8002970f2f7cdbe90f86430012beae790f8bf
:10dbb800c63143f0040380f8c631b0f84e3042f263
:0cdbc80010715943ebe700bf005a6202e5
:020000040000fa
:020000040101f8
:10dbd40010b592b041f20d03adf800300123147872
:10dbe4008df8043053888df81d0043ea4413adf8d2
:10dbf400063013798df808301346002853f8054f82
:10dc0400cdf809409b88adf80d30d37a8df81630e5
:10dc1400134608bf002153f80c4fcdf817409b88da
:10dc2400adf81b30b2f81330adf80f30937c8df89b
:10dc34001130b2f81530adf812306846138badf8d8
:0cdc4400143008910af0d4fb12b010bd9f
:020000040000fa
:020000040101f8
:10dc500010b502680c788878cb78497886b0b9b965
:10dc6000cde90203137c0193154b0093022201239b
:10dc70006521ec20f5f7e0fe124b0093022301949e
:10dc80001a468321ec20f5f7d7fe002006b010bd20
:10dc90003421cde9030301fb032368339a7902f0b1
:10dca0003f0202921b7a5b0901330193064b0093fa
:10dcb000022201236621ec20f5f7befedce700bf5f
:0cdcc000c221010104220101e121010147
:020000040000fa
:020000040101f8
:10dccc001fb50468002384f8683194f86131012b86
:10dcdc0031d1d4f8383133b194f82411022902d15e
:10dcec002046fbf771f90c21204600f0f9fe9df857
:10dcfc000430d4f8f40123f0030343f003038df84c
:10dd0c000430d4f8d431029301a9d4f8d031039360
:10dd1c000cf084fafbf78afb68b1d4f8f4210021eb
:10dd2c001160d4f8f42141685160d4f8f4210a60f0
:0cdd3c0042600cf083fd002004b010bd1c
:020000040000fa
:020000040101f8
:10dd480038b50d46044607f093fd012d1a4d2a6893
:10dd580092f8293321d1012b13d0217a92f8b832c5
:10dd680092f8b92289b9216ca1420ed1c97a13441b
:10dd780089b9012b01dd03f085fc2b68012283f8aa
:10dd88002923bde838400cf06bbca16c134411b9d1
:10dd9800216ca142edd0022bece7002bf1d092f8d8
:10dda800b83292f8b9221344012b01dcfef75aff6e
:0cddb8002b680022e3e700bf740200208b
:020000040000fa
:020000040101f8
:10ddc40038b51d4b1a68536843f40063536000234d
:10ddd4000b70836d0446abb101230b700023637792
:10dde400a364a373236384f84d30a4f84e302464f1
:10ddf400204601f067fb94f84f3043f0040384f8a5
:10de04004f3038bd456d45b195f84d30012b2c464a
:10de1400e4d12846fff772fae0e7d0f8a830002be7
:10de2400efd00146b42218460ef0ccfb6065846541
:0cde3400a56545650446d1e7700200209a
:020000040000fa
:020000040101f8
:10de4000012970b506460d4603d9ff2923d00020cd
:10de50002ce0084606f0ecfb0728f8d803b203ebe9
:10de60004302134b03eb420332681a60b2889a8074
:10de7000294600f037fb0522092313fb00230d4a36
:10de80003168134400ebc00419601444b1889980d0
:10de9000257101200ae0084b9b78db07f9d408467e
:10dea00006f0c6fb07288cbf0020012070bd00bf14
:0cdeb00000330141e0ff0020d8fc0020fe
:020000040000fa
:020000040101f8
:10debc0038b51b4b1b4c1b681b4d13f0100f1ad0a5
:10decc00236823f073032360236843f00c0323605f
:10dedc0003200af0d8fc2b6823f073032b602b680b
:10deec0043f00c032b6005200af0cdfc0520bde8a7
:10defc0038400af0c8bc2b6823f073032b602b68e6
:10df0c0043f00c032b6003200af0bdfc236823f0c4
:10df1c0073032360236843f00c032360e3e700bf23
:0cdf2c00283a0141283a0141203a014105
:020000040000fa
:020000040101f8
:10df380037b5044690f85e00012803d0022813d0b4
:10df480003b030bda368009305226b4616498df8cf
:10df5800040002f0a5fcb4f878300633a4f8603069
:10df6800022384f85e30ebe7b4f86020b4f8783028
:10df78009b1a9bb24ff6ff729342e1d123460025cc
:10df880053f8622fa2651b7984f85c30a36800936c
:10df980005226b4604498df80450012002f080fcec
:0cdfa80084f85e50cce700bf02000101cd
:020000040000fa
:020000040101f8
:10dfb40010b51a4a136823f400731b041b0c138056
:10dfc400044600220921012008f0ccfd002205218d
:10dfd400022008f0c7fd00220421022008f0c2fd3f
:10dfe40074b90df053fe6ff4e173c3189bb2942b14
:10dff400f7d9a0f2134080b29428f2d9fff75cff5e
:10e0040008f0caf8064b00221a60064b1b68997a7e
:10e01400054b1a6861f34d321a6010bd243f01416b
:0ce02400f4020020f8020020383801410e
:020000040000fa
:020000040101f8
:10e0300073b50446019168460d4601a90ef086feaf
:10e0400001a90df102000ef081febdf80230019a27
:10e05000062b1ad8dfe803f00b040b190d1115007d
:10e06000114b1b681b68bdf800102046984702b092
:10e0700070bd0d4b1b689b68f5e70b4b1b685b681d
:10e08000f1e7094b1b68db68ede7074e336829466b
:10e090005b69204698470128e9d0336829461b6907
:0ce0a00020469847e3e700bf180300206b
:020000040000fa
:020000040101f8
:10e0ac0070b4174a00211170516091601173117492
:10e0bc005161916111771348134b5863134c9c6356
:10e0cc005c6944f081345c61114c1c6440f209447d
:10e0dc00048083f8451001251570032483f84d4006
:10e0ec000c4e1e6540f60906068283f85510157411
:10e0fc0083f85d4040f602721a8070bc704700bf16
:10e10c00f0f90020d0f900200040004110fa002066
:08e11c00400520004004200032
:020000040000fa
:020000040101f8
:10e124001b4b1b7d002b31d010b5194a93685168e5
:10e13400184a127e12f0010f15d0994213d91549cd
:10e1440013484a6802f00702012a026814bfd25c2d
:10e1540032f813208a62013344680a7e12f0010ff8
:10e1640001d09c42edd80a4a936052689a420cd876
:10e17400074b00221a755a60064a01211175db68a3
:10e184001bb1034b1869db68984710bd704700bf8b
:08e1940024f90020000c0040fa
:020000040000fa
:020000040101f8
:10e19c0030b587b00546019102a801a90ff07afcb1
:10e1ac0001a90df109000ff075fc01a90df10a0090
:10e1bc000ff070fc01a90df10b000ff06bfc019b33
:10e1cc00da7813441b798df814309df80830282b1d
:10e1dc009df80a302cbf12240024082b9df80b301c
:10e1ec0003f1ff3328bf1224032b0bd81cb902a850
:10e1fc00faf7b4f80446284621460ef0faf9204600
:08e20c0007b030bd1224f6e753
:020000040000fa
:020000040101f8
:10e2140013b504460ff0cefa18b323688361a37aca
:10e22400037523681b681b88c38263680361637a70
:10e234004373227a037b134323f0040343f0020362
:10e2440003730e4a002303605168086050600c4a4f
:10e25400436054688460011d21601846516002b017
:10e2640010bd0724074b0093ec20019401230222e4
:10e274004121f5f7dffb2046f1e700bfc80100208c
:08e28400bc01002079c3000178
:020000040000fa
:020000040101f8
:10e28c0030b51b4b1c6885b005465cb3a0680379a0
:10e29c00042b2bd10cf0f6fcb0b1a3682a681b68d8
:10e2ac00c3f816222a7983f81a22a0680ef032ffde
:10e2bc00e0b907240f4b0093019401230022ff21a6
:10e2cc00ec20f5f7b3fb0ee02b7928688df80c30b9
:10e2dc00029002aba0680522092109f0a8fd0446b2
:10e2ec000028e7d10024204605b030bd2468cce7d7
:08e2fc00780200209ca1020140
:020000040000fa
:020000040101f8
:10e304007fb506460d460cf09dff50b3036893f9a4
:10e314008022002a27da93f89e22910725d565f3f7
:10e32400000283f89e2215b3d2b242f0300283f881
:10e334009e220024cde901650e4d009501230222a1
:10e344005621ec20f5f776fb44b1c73d01940095c6
:10e3540001230022fd21ec20f5f76cfb204604b0dc
:10e3640070bd0224e6e71a24e4e70c24e2e72c4615
:08e37400e0e700bfe3650001d2
:020000040000fa
:020000040101f8
:10e37c0008b54ff49671012000f082fd174b186020
:10e38c0048b3026800239060137382f82f30136532
:10e39c0082f82c3002f15c0102f596700b7081f85a
:10e3ac00243081f82d3081f82e3081f82f300b631a
:10e3bc0034318142f2d14ff48033c2f80e30084b25
:10e3cc00c2f812300123002082f82e3005490ff0dc
:10e3dc00f1fc002008bd0720fce700bf280200204c
:08e3ec0013001000056a010195
:020000040000fa
:020000040101f8
:10e3f40037b5054601200c4608f0b2fd174b1b78d3
:10e40400022b00d038b301f011ff022c144b1ed0a4
:10e41400032c1ed0012c01d100221a731d70eaf7bf
:10e4240027fe00240f4d0095012302227b21ec20be
:10e43400f5f700fb44b13a3d019400950123002215
:10e44400fd21ec20f5f7f6fa204603b030bd012299
:10e45400e3e70422e1e70c24e4e700bf69020020bb
:08e4640058020020af8b0101fa
:020000040000fa
:020000040101f8
:10e46c0010b40c460e2834d8dfe800f0080d333316
:10e47c0033333333331a1e2327152c0008465df82b
:10e48c00044bf2f7a5b820460023d1e901125df840
:10e49c00044bf3f711bf08465df8044b0ff007beb1
:10e4ac005df8044b07f0f2ba08685df8044b0af00b
:10e4bc007dbd5df8044b07f00bbb08685df8044ba1
:10e4cc000af08cbd20785df8044bd1e90112e8f715
:08e4dc00a3bb5df8044b70477f
:020000040000fa
:020000040101f8
:10e4e40007280cd8dfe800f0040c12181e242a3088
:10e4f400184bd3f8642f61f31042c3f8642f7047ac
:10e50400144bd3f8642f61f35142f6e7114bd3f85f
:10e51400642f61f39242f0e70e4bd3f8642f61f35a
:10e52400d342eae70b4bd3f8642f61f31452e4e7c8
:10e53400084bd3f8642f61f35552dee7054bd3f84b
:10e54400642f61f39652d8e7024bd3f8642f61f33a
:08e55400d752d2e70024014177
:020000040000fa
:020000040101f8
:10e55c0007280bd8dfe800f0040b11171d23292f17
:10e56c00184bd3f8643fc3f300430b707047154b43
:10e57c00d3f8643fc3f34043f7e7124bd3f8643f3f
:10e58c00c3f38043f1e70f4bd3f8643fc3f3c043ad
:10e59c00ebe70c4bd3f8643fc3f30053e5e7094baf
:10e5ac00d3f8643fc3f34053dfe7064bd3f8643f23
:10e5bc00c3f38053d9e7034bd3f8643fc3f3c05381
:08e5cc00d3e700bf0024014168
:020000040000fa
:020000040101f8
:10e5d40038b590f823201b4d044662b30cf0a2fb1f
:10e5e4002b4694f8c91153f8602f61f307021a609f
:10e5f4001a6894f8ca1161f30f221a601a6894f821
:10e60400cb1161f317421a601a6894f8cc1161f3c4
:10e614001f621a602b4694f8cd1153f8642f61f3ee
:10e6240007021a602b6843f000732b6094f82a00e9
:10e634000430c0b238bd2b6862f359632b6090f884
:08e644002a00f7e73034014120
:020000040000fa
:020000040101f8
:10e64c0038b50468002384f8e4301a4bd4f8f05041
:10e65c001d60012120460ef018fc50b194f8e430f6
:10e66c0043f0200384f8e4302046f0f78bfb0020c5
:10e67c0038bdd5f8b030c4f8d030d5f8ac30c4f8cb
:10e68c00d430012384f8e53084f8c13094f81e317d
:10e69c0084f80a01c3f3050384f8083194f8203197
:10e6ac00c3f34213013384f80931204603f0a8f870
:08e6bc00dde700bfe4020020cd
:020000040000fa
:020000040101f8
:10e6c4001b4bd3f80021962161f31742c3f80021b4
:10e6d400d3f80021022161f31962c3f80021428baf
:10e6e400818b9142d3f800210cbf42f080626ff31a
:10e6f4009a62c3f80021027aaab1d3f800216ff319
:10e704000002c3f800210b4b1a6842f480421a60dd
:10e7140090f8e720012a1a680cbf42f080026ff3d8
:10e72400c7121a607047d3f8002142f00102e8e7eb
:08e734000024014154340141ad
:020000040000fa
:020000040101f8
:10e73c0005000000080001000c000200100005009c
:10e74c00130006003000070057001f0086001e0053
:10e75c000110080002100a00031009000410110037
:10e76c0005100b0006100c0007100d0008100e0011
:10e77c0009100f000a1013000b1016000c101200d9
:10e78c000d1010000e1017000f10180010101900ab
:10e79c0011101a0012101b00131015001410140085
:08e7ac0020101d0021101c00cb
:020000040000fa
:020000040101f8
:10e7b40030b51c4b41781a6861f30c221a601a6850
:10e7c400017861f305021a601a6819466ff34d3235
:10e7d40041f8042b1a46058952f85c4f65f30f047f
:10e7e4001460d0f802400c601946857951f8084f3e
:10e7f40065f304040c6019686ff3c7111960196894
:10e8040041f04001196019684c06fcd419684900ac
:10e81400fcd51268c2f30542c2721b68c3f30563d8
:08e82400837230bd5434014140
:020000040000fa
:020000040101f8
:10e82c0070b504461646856b026c5ab903681bb169
:10e83c0000200135a56370bd8068fcf785fd0023c1
:10e84c00a360f6e76eb940680df0b8fe6368226c01
:10e85c0013446360a268934219d323686360304603
:10e86c00e7e7c0680df0aafe226c5242e36813443d
:10e87c00e36021688b4202d2a3681a44e260022e44
:10e88c0001d00020d5e725b1013d0020d1e730466d
:06e89c00cfe70020cde7ec
:020000040000fa
:020000040101f8
:10e8a20030b587b00546019102a801a90ef04dfad4
:10e8b20001a90df10a000ef048fa01a903a80ff010
:10e8c200eef801a90df10d000ff0e9f801a90df123
:10e8d2000e000ff0e4f8062201a90df10f000ef070
:10e8e200bafb01a90df115000ff0d9f801a90df13c
:10e8f20016000ff0d4f802a80af0bdf8044618b9c1
:10e9020002a8f4f73cf90446284621460df076feab
:06e91200204607b030bdf5
:020000040000fa
:020000040101f8
:10e9180001292de9f04104460e460bd019b1022910
:10e928000fd0bde8f08110f594770dd1002384f85d
:10e938000431f6e710f5987706d1002384f81431ee
:10e94800efe710f59c7707d03d684db9012ef4d05c
:10e95800002eebd0022ee4d1002384f82431e0e726
:10e96800a868d5f800800ff0bbfbd5e9002342b1b9
:10e978005360d5e9002328461a600ff0b1fb4546dd
:06e98800e3e77b60f5e708
:020000040000fa
:020000040101f8
:02e98e00292b33
:020000040000fa
:020000040101f8
:10e9900010b5184a0221044601200df081ff1648e7
:10e9a0000ff0eef815480ff0f1f815480ff0f4f8f5
:10e9b00020460ef0edfa00f025f807f0effa0af025
:10e9c00073f80df025f80ef0f7fa0cf07bfa0ef064
:10e9d00011fb0af099f80bf0bbfd0df039f80df0c2
:10e9e00027f80ef0f3fa0ef0fbfabde810400ef037
:10e9f0000bbb00bf316601017dcf020149d5020189
:04ea000059d50201e1
:020000040000fa
:020000040101f8
:10ea040008b513480ff07cfb12480ff071fb124b52
:10ea14004ff0ff3041f6ff71c3e900010f4b0021b5
:10ea24000020c3e900010e4b0e490122c3e9001284
:10ea34000d4b0e4a1968914205d1002100f603409e
:10ea440019600df0dafd0a4b00221a7008bd00bff0
:10ea5400a59902017dae0201480100203801002081
:10ea6400400100201f0000805c01012054535248e3
:04ea7400fc00002082
:020000040000fa
:020000040101f8
:10ea78001fb51a4bdb799a060c462cd5184b1b7917
:10ea8800db0728d509223e2101a80df0a7fd212189
:10ea9800009068460ff0dcf8217868460ff0d8f847
:10eaa800618868460ff0daf8217968460ff0d0f8e7
:10eab800617968460ff0ccf8a17968460ff0c8f87c
:10eac800e17968460ff0c4f86846217a0ff0c0f87b
:10ead80001a80ef045fd04b010bd00bf480100209c
:04eae80040010020c9
:020000040000fa
:020000040101f8
:10eaec0073b51a4b01910d46009304460123022283
:10eafc009521ec20f4f79aff0c2d154e11d1d4f87a
:10eb0c0008321bb10221204600f0dbfa33681b6986
:10eb1c00204698472946204602b0bde87040f0f7e1
:10eb2c0063bcd4f8f8311bb10021204600f0c9fabf
:10eb3c00d4f800321bb10121204600f0c2fa336830
:10eb4c00052d94bfdb689b68e2e700bf78e9000104
:04eb5c00ac010020e8
:020000040000fa
:020000040101f8
:10eb600010b5046894f86031012b01d000202de02d
:10eb7000174b1b685b682bbb94f873102046fff79c
:10eb8000b5fffaf759fc0028f0d0d4f8ec210023a7
:10eb90001360d4f8ec2141685160d4f8ec210a608c
:10eba0004260d4f8002252b1d4f8f0211360d4f8b6
:10ebb000f03142685a60d4f8f031136043600bf0d2
:10ebc00043fed3e7204698470028d5d010bd00bfac
:04ebd000ac01002074
:020000040000fa
:020000040101f8
:10ebd40030b5194d02682b68c3f8e0208288a3f889
:10ebe400e420012289b083f8e620d3f81c310446de
:10ebf400984718b12b68d3f81831984700231a4660
:10ec04000e49022001f04efe6379069323790593a1
:10ec1400e3780493a37803936378029323780193ae
:10ec2400074b0093022201231a21ec20f4f702ff80
:10ec3400002009b030bd00bfb4010020010701006d
:04ec4400a74b0001d9
:020000040000fa
:020000040101f8
:10ec48007fb5002306460d468df807300ff0eaf829
:10ec580090b99df8083066f300038df808302b68ea
:10ec6800cdf809300df10701ab88adf80d3002a8d9
:10ec780005f05af904b070bd0d4c2368d3f8203163
:10ec8800984708b10c20f5e72368d3f82431984752
:10ec98000028f7d12368d3f8283198470028f1d104
:10eca8002368d3f82c3198470028d2d0eae700bf70
:04ecb800b401002083
:020000040000fa
:020000040101f8
:10ecbc007fb5002306460d468df807300ff0b0f8ef
:10eccc0090b99df8083066f300038df808302b6876
:10ecdc00cdf809300df10701ab88adf80d3002a865
:10ecec0005f020f904b070bd0d4c2368d3f8203129
:10ecfc00984708b10c20f5e72368d3f824319847de
:10ed0c000028f7d12368d3f8283198470028f1d18f
:10ed1c002368d3f82c3198470028d2d0eae700bffb
:04ed2c00b40100200e
:020000040000fa
:020000040101f8
:10ed300008b5184b1968184b4a7a186840f4005007
:10ed4000186003f584630a441868d0741868c0f327
:10ed5000072010751868c0f3074050751b68c3f38f
:10ed6000076393754b7a0433dbb2272b4b720bd9b5
:10ed700000230b811a460949012001f095fd084b3b
:10ed80001b685b7d022b03d1bde80840f8f7babad7
:10ed900008bd00bfb4010020383801410105010160
:04eda000b801002096
:020000040000fa
:020000040101f8
:10eda4002de9f041841c05460f4620460021f3f767
:10edb40007fb03781a070dd503212046f3f700fb60
:10edc40058b10688ac78033504f03f042c44002580
:10edd400bd4204d10120bde8f081ff26f2e704f131
:10ede400020800214046f3f7ebfa38b9a37801355d
:10edf40003f03f0303341c44edb2e9e703781b0737
:10ee0400f4d503214046f3f7dbfa0388b342edd08f
:04ee14000020e0e713
:020000040000fa
:020000040101f8
:10ee1800f8b51b4e037a32685533044652f83370fe
:10ee280047bb0af00df90546846006f021fd2f6006
:10ee3800227a336803ebc202d2f8ac226a60227ae3
:10ee480003ebc203d3f8ac321d60227a336803ebbc
:10ee5800c202c2f8ac52227a134493f8b8220132a3
:10ee680083f8b8220bf0fcfb20460121fef768ff6f
:10ee78000020f8bdbb689c42f6d03f68d0e700bfd1
:04ee880074020020f0
:020000040000fa
:020000040101f8
:10ee8c00f8b5064608200f460ff026f90446c0b127
:10ee9c00002545600560067138460ff01df92060ad
:10eeac0078b129463a460ef007fa0c200ff014f907
:10eebc00054660b920680ff011f9204606f022f9da
:10eecc0003e0204606f01ef900252846f8bd043e56
:10eedc00012e846002d8204608f05cf800232b60d9
:10eeec00034b5a686a6015605d602546ede700bf0c
:04eefc007802002078
:020000040000fa
:020000040101f8
:10ef000038b51a4d00242b681b78e340db07e1b2cb
:10ef100027d50120f4f7caff2868154a062303fb0a
:10ef20000403d2f8a41f83f84311d2f8a41fc1f33d
:10ef3000072183f84411d2f8a41fc1f3074183f8d5
:10ef40004511d2f8a41fc1f3076183f84611d2f826
:10ef5000a81f83f84711d2f8a82fc2f3072283f81d
:10ef600048210134082cced138bd00bfc802002092
:04ef70000024014137
:020000040000fa
:020000040101f8
:10ef740010b500681a4c90f8e530fbb908f01afd9a
:10ef8400d4f80c31d4f808219bb263f31f42c4f8bf
:10ef94000821d4f81031d4f810211b0c63f30f02ac
:10efa400c4f81021d4f81c311a0210d5d4f8243135
:10efb40043f48023c4f82431002010bd90f8e430d9
:10efc40043f0020380f8e430fcf7f4feeae7d4f8f7
:10efd4001c31db01f0d5d4f8243143f40023e9e7f4
:04efe40000240141c3
:020000040000fa
:020000040101f8
:10efe80038b5194d2b6833b930200ff077f8286001
:10eff80048b9002038bd002420460134e4b2fbf7ac
:10f0080017f9082cf8d1114c2368abb13022002134
:10f0180028680ef053f91022002120680ef04ef9ee
:10f0280022680b4900231360226853602a68012074
:10f03800c2e90113d360dde710200ff04ff820601c
:10f048000028e3d1d5e700bf1003002014030020f7
:04f05800eb4f010178
:020000040000fa
:020000040101f8
:10f05c0070b5037813f0010618bf062613f00205ed
:10f06c0018bf06259a0813f0100418bf032402f0e9
:10f07c00020213f02000c3f3801343ea020303f1ee
:10f08c00020333441d4418bf12202c444b7a2044f5
:10f09c00c0b253b10930c0b20b790a2b09d00ed3d0
:10f0ac000d2b0cd8c043c0b270bd022808bf012084
:10f0bc00f2e70b6893f87330063b032bf1e7002063
:02f0cc00f2e769
:020000040000fa
:020000040101f8
:10f0ce00f8b500ebc1060546d6f8f8710c467fb3cd
:10f0de00f86809f036f838460ef0ffff04f13f03ea
:10f0ee00002705ebc30305eb8404c6f8f871c6f8d8
:10f0fe00fc31d4f8480118b109f023f8c4f848716e
:10f10e00d4f8540120b109f01cf80023c4f854318e
:10f11e00d5f8440120b109f014f80023c5f84431a4
:10f12e00d5f8400120b109f00cf80023c5f84031a4
:02f13e00f8bd1a
:020000040000fa
:020000040101f8
:10f14000f8b50c461f46064615460cf081fd40f604
:10f15000c4139c421bd003f2e2439c4219d040f2fc
:10f16000e2418c420cbf04210021b5f5ab7f1cd0dd
:10f1700011d8a5f1fa035a425a41b38a052f01eb7f
:10f18000830108bf01f1ff31891a0844f8bd082145
:10f19000ebe70c21e9e7b5f5517f08d040f2e662d4
:10f1a00095420cbf06220022e7e70222e5e7032290
:02f1b000e3e793
:020000040000fa
:020000040101f8
:10f1b200f7b500eb81060546b36993f804311446ae
:10f1c200a3b901aa694660890af01df970b1009ad3
:10f1d200a3899789b069bb4201d9072304e0e28978
:10f1e200d118b94209dd0d2380f8043195f83b307e
:10f1f200013385f83b3003b0f0bdb3f5807fecd826
:10f20200b1f5807fefdc0433616818440df0dbf95f
:10f21200a189e389b2690b4451888b42c8bf5380ec
:02f22200e4e71f
:020000040000fa
:020000040101f8
:10f2240038b5837c1d2b04461cd1002383744ff412
:10f2340082700ef055ff054648b1142303702388ed
:10f24400838007f060fb042128460bf0fffb04f1e8
:10f254006c00f4f737f94ff482700ef041ff054665
:10f2640008b9208238bd0c23037023888380238a45
:10f27400c380122b08d10023238207f044fb2846c5
:10f28400bde838400ef02ebf0421bde838400bf035
:02f29400ddbbe0
:020000040000fa
:020000040101f8
:02f296002a2b21
:020000040000fa
:020000040101f8
:10f298002de9f8439846184b184e1b68174693f902
:10f2a800453032789a4281460d4604db0af0e6fe84
:10f2b8000020bde8f88307f10c000ef00fff0446ac
:10f2c8000028f5d0a0f806900079678165f3010061
:10f2d800ad1065f3830020713a46414604f10c00f5
:10f2e8000df06ef920460ef007ff0028e0d13378c4
:10f2f800013333700120dce7b8010020fc00002056
:020000040000fa
:020000040101f8
:10f3080010b5194bdb799a0686b00c4624d5174bf5
:10f318001b789b0622d50b223e2102a80df05ef930
:10f328000621019001a80ef093fc218801a80ef097
:10f3380095fc618801a80ef091fca18801a80ef047
:10f348008dfce18801a80ef089fc01a821890ef046
:10f3580085fc02a80ef004f906b010bd1a21208819
:10f3680001f068fcf8e700bf4801002040010020d8
:020000040000fa
:020000040101f8
:10f37800184b1a6802b11268174b1b6803b11b6857
:10f388001649086800b1006842b192f82c100129aa
:10f3980004d1d27b02f0fd02012a15d043b193f8c3
:10f3a8002c20012a04d1db7b03f0fd03012b0dd0b7
:10f3b80078b190f82c30012b0ad1c07b00f0fd0009
:10f3c800431e5842584170471046704718467047c8
:10f3d8000020704728020020200200201c02002084
:020000040000fa
:020000040101f8
:10f3e8001fb50278437850f8021fcdf809108188bc
:10f3f800adf80d1012498df80f20087803f00103bd
:10f4080010f001008df808300ad00df1070102a8ac
:10f4180006f0a4fbb0fa80f0400905b05df804fbe3
:10f42800084909789942f8d1074b1b789342f4d1df
:10f4380006220df1090105480df0b4f8eae700bf0e
:10f448006afd002065fd002066fd0020f0fb00201d
:020000040000fa
:020000040101f8
:10f4580010b51a4b90f854201978044609b9012ab6
:10f468002bd0012a4ff00001197009bf3e23012358
:10f4780084f8572084f85c3018bf84f85830f9f7be
:10f48800d7ffd0b194f856306bb9012284f85620d2
:10f49800d4f8c0201360d4f8c03042685a60d4f859
:10f4a800c0301360436003681bb1bde810400ef024
:10f4b800a1bdbde81040faf78bbd10bd6bfd002063
:020000040000fa
:020000040101f8
:10f4c800f8b5044609f0bcfd05468460002606f040
:10f4d800cff92e60154aa77a237a11680d2000fb10
:10f4e800037301ebc303d3f8c8316b60237aa77a9f
:10f4f80000fb037301ebc301d1f8c8311d60a17a89
:10f508001368227a00fb021203ebc202c2f8c85148
:10f51800227a134493f89422013283f89422012327
:10f5280084f84d300bf09cf83046f8bd740200208a
:020000040000fa
:020000040101f8
:10f53800f8b51a4e037a32685533054652f8334007
:10f54800ecb106f095f927680bf08af8a3689d429c
:10f5580022d106f08df9d4e90032b3b15a60d4e96a
:10f5680000231a602a7a3368134493f8b822013ac0
:10f5780083f8b8220bf074f8204607f0d1fc28462f
:10f588000021bde8f840fef7dbbb297a336803ebbe
:10f59800c103c3f8ac22e2e73c46d1e7740200207d
:020000040000fa
:020000040101f8
:10f5a8002de9f041174d40f243180b270026164c61
:10f5b8002068e919272238440df002f820683844f9
:10f5c800fbf740f82368114a3344925dda702368e8
:10f5d80005eb0802434411681960013692889a8045
:10f5e800082e07f1270708f10608e0d123682a78d2
:10f5f8001a7068780cf078fb2368aa789a70bde8ce
:10f60800f08100bf74fd0020c802002077fd0020b3
:020000040000fa
:020000040101f8
:10f6180038b590f8c831194c13f00203054628d0c4
:10f628000bf07efb234695f8ce1153f8842f61f337
:10f6380007021a601a6895f8cf1161f30f221a6051
:10f648001a6895f8d01161f317421a601a6895f88c
:10f65800d11161f31f621a60234695f8d21133f86d
:10f66800882f61f307021a80236843f080632360c0
:10f6780038bd226863f39a622260f9e730340141a9
:020000040000fa
:020000040101f8
:10f6880070b50d46184c48b9d4f8643f60f30823a8
:10f69800c4f8643fbde87040f7f712ba0b7a0e7ce5
:10f6a8006bb140f28310f5f713ffd4f89c3f6ff36a
:10f6b8001843c4f89c3f26b1012e0ed070bd03201c
:10f6c800f1e7697c05f112000cf0a8fed4f8643f5c
:10f6d80043f48073c4f8643ff0e7044b186808b932
:10f6e800f5f7f6fe0120d5e700240141d8fc0020fb
:020000040000fa
:020000040101f8
:10f6f80030b5194ad2f86c3f13f4805f114610d127
:10f70800d2f86c4f154ba4051b780bd5d2f8682f8f
:10f718001503c2f3c04405d5342202fb030383f862
:10f72800834030bd342202fb0302002482f8834068
:10f73800d1f86c4fc4f34025a40506d5d1f8681f4d
:10f74800090302d482f88450ebe7342202fb030356
:10f75800002283f88420e4e700240141ed02002020
:020000040000fa
:020000040101f8
:10f7680070b504681548d4f8f431002584f863515d
:10f77800d3f8b020c4f8d821d3f8ac20c4f8dc21e1
:10f788000f4a022111700f4a012616800e4a84f88a
:10f79800626115700d4a13600ef068fb204609f08f
:10f7a800b7fd21463046f9f762fc2046f2f768f8c3
:10f7b800d4f8dc010cf0d8fa284670bdb9960101de
:10f7c800e0020020d6020020d5020020dc02002042
:020000040000fa
:020000040101f8
:10f7d800184bda6822f4e0621204120c42f0bf629d
:10f7e80042f40032da60bff35f8f62b6e02183f83b
:10f7f8002310114a82f8031308201060602082f851
:10f8080006034020106082f80c134ff480511160f9
:10f818005a6a42f480225a625a6942f010025a61c6
:10f828005a6a42f400325a625a6a42f480325a6280
:0cf83800704700bf00ed00e000e100e0c0
:020000040000fa
:020000040101f8
:10f8440000b583b0124b0193002300934ff48072f0
:10f8540010491148e9f712ff012804d00f4b1b6827
:10f8640003b05df804fb4ff0200383f31188bff36a
:10f874006f8fbff34f8f0a4b4ff0ff321a60094b63
:10f8840001221a60084b00221a6005f027f9e5e707
:10f8940050fc002048e0020169a301015801012045
:0cf8a40054fc002060fc002064fc0020ec
:020000040000fa
:020000040101f8
:10f8b00070b5044616460d4641b3086868b394f81f
:10f8c0006521bab9d4f8f03143b11a60d4f8f031f7
:10f8d00042685a60d4f8f03113604360d4f8ec31d8
:10f8e00000221a60d4f8ec3142685a60d4f8ec3146
:10f8f0001360436094f86521164384f8656165b927
:10f90000036833b1bde870400ef03cbbf9f794fddd
:0cf91000d4e7bde87040faf75fbb70bda3
:020000040000fa
:020000040101f8
:10f91c0013b504460df052ffe8b1236843616368e8
:10f92c000361637a4373227a037b134323f004034a
:10f93c0043f0010303730e4a00230360516808600f
:10f94c0050600c4a436054688460011d2160184665
:10f95c00516002b010bd0724074b0093ec200194ba
:10f96c00012302224221f4f761f82046f1e700bf9f
:0cf97c0000020020bc01002097c3000125
:020000040000fa
:020000040101f8
:10f98800f8b5164e346807462cb3ff20f5f76efe1f
:10f99800054650b9124b1a68eab901221a60114992
:10f9a8001148bde8f840f0f7cbbf627b21692846d3
:10f9b80005f0d6f92a46617b384608f01bff58b196
:10f9c80020460cf0b1f83468002ceed1284608f037
:10f9d800bbfb002cded1f8bd0124f7e700020020b4
:0cf9e8009cfc0020a0860100d001002043
:020000040000fa
:020000040101f8
:10f9f4007fb506460568172100200bf0a5fe0446d6
:10fa040050b30c2101a800f079fc01ab03cb05f540
:10fa1400ef72c5f8de015160039bc5f8ee3105f2c3
:10fa2400d311032323730b68c4f80d304b68c4f857
:10fa34001130b5f8dc31a4f815301368c4f8173068
:10fa44005368c4f81b30d5f8ee31c4f81f30304683
:0cfa540021460cf0efff012004b070bd53
:020000040000fa
:020000040101f8
:10fa6000006825292ed8dfe801f01313132d1f2d70
:10fa700013132d132d1313132d2d13132d132d13ba
:10fa80002d13132d2d2d2d2d132d2d2d2d2d131328
:10fa900090f8c6315a0715d56ff3820380f8c63146
:10faa00000f52970f3f710bd90f8643053b990f861
:10fab000c631054943f0040380f8c63100f52970ca
:0cfac000f0f742bf704700bf005a62021e
:020000040000fa
:020000040101f8
:10facc0000b593b041f20e03adf800308df8041080
:10fadc0009b13e291ed1838aadf806308389adf871
:10faec000830034653f80e2fcdf80a209b88adf84a
:10fafc000e3090f830308df81030038badf812309a
:10fb0c00837f5b0968468df8143008f06dfc13b0e8
:10fb1c005df804fb0023cdf80630cdf80a30adf8c3
:0cfb2c000e308df81030adf81230ebe711
:020000040000fa
:020000040101f8
:10fb3800ff282de9f84f80468a4617464ff0000502
:10fb4800144b05d11570987800f00100bde8f88fc6
:10fb5800d3f80090104e680029fa00f000f0030472
:10fb6800012c5ffa85fb0cd106225146701d0cf062
:10fb780019fd30b93379434503d187f800b02046e1
:10fb8800e4e70135082d06f10906e4d107233b70a7
:0cfb98000020dbe7d8fc0020e0ff00208c
:020000040000fa
:020000040101f8
:10fba40010b518490346006808609a889b798a80d2
:10fbb4008b7131f8043c43f0020321f8043c51f802
:10fbc400083cc3f38073a1f57762c3b1486a11f8a6
:10fbd400081cc0f302608340db43dbb2194082f8a7
:10fbe400681f094a11680c7823400b70272343438c
:10fbf40010680b33184405f0d5ff002010bd022017
:0cfc0400fce700bf70330141c802002083
:020000040000fa
:020000040101f8
:10fc100038b5036893f862213ab393f87320042a45
:10fc20001ed8012a1cd0124a93f8f44052f8041945
:10fc30001068090c000c84330022944202d1fcf7b6
:10fc4000abfb0de053f8045b8d4206d09d688d42fe
:10fc500000d110b10132d2b2efe7064b01221a7087
:10fc6000054a138843f480731380002038bd00bf19
:0cfc70005c3e01410a030020d602002087
:020000040000fa
:020000040101f8
:10fc7c0070b5056895f86440012c064622d1b5f89c
:10fc8c009820b5f81c329b1a9bb247f6fe72934231
:10fc9c0014d80df00dfa014610b90024204670bda1
:10fcac00c471b5f81c32038105f21623c3603046cb
:10fcbc000ef06cf9122385f8ae31efe728460af006
:10fccc0009fdebe701210bf07ffd04460028e4d091
:0afcdc000121304600f0a2f9e0e734
:020000040000fa
:020000040101f8
:02fce600052aed
:020000040000fa
:020000040101f8
:10fce80008b5174b93f82c30cbb1154bda691b6a62
:10fcf800934214d2124b986a124a916a1b6a52684c
:10fd080002f00702012a0e4a926914bfd15422f860
:10fd1800131001330a4a1362d2699a4200d008bd0f
:10fd2800074b002283f82c20da61064a84211175da
:10fd38005b6a002bf3d0024b5b6a9847efe700bf82
:08fd480024f90020000c00402a
:020000040000fa
:020000040101f8
:10fd5000202837b5054628d80cf04cfa144a042d53
:10fd600098bf136812689dbf1b68b3fa83f35b09e1
:10fd7000012302ebc302146844b12168116001b988
:10fd800052601bb1237943f0400323710bf0e2f87a
:10fd900044b9084b00930195052322460321ef2027
:10fda000f3f74afe204603b030bd0024fae700bf57
:08fdb00080fc00201cd00201c0
:020000040000fa
:020000040101f8
:10fdb80038b5164d01222a70154a1468220607d54f
:10fdc8000df02eff08b106f0adfe124bdb69984727
:10fdd800630602d50f4b9b699847200502d50d4b4a
:10fde800db6a9847e10402d50a4b1b6b9847a204cb
:10fdf80002d5084b5b6b9847630402d5054b9b6b98
:10fe080098470cf055fd00232b7038bd5dfd002090
:08fe1800103f01413000012000
:020000040000fa
:020000040101f8
:10fe200070b58ab003790593c378049383780393fc
:10fe3000437802930378019304460223104d009502
:10fe40001a468d21ec20f3f7f7fd206823790890fe
:10fe50008df82430002607ab09220a4907960220b4
:10fe600000f022fdc4b23cb12c350095012332468e
:10fe70008e21ec20f3f7e0fd20460ab070bd00bff4
:08fe8000688e00010a00010078
:020000040000fa
:020000040101f8
:10fe880038b5014690f8640040b391f8aa010cf027
:10fe98004bfd134b1b680246187d0cf045fdb1f86d
:10fea8004a501044684340f2e24404fb00f20d4c0f
:10feb800b2fbf4f004fb102404b1013091f8663071
:10fec800212b40f2712303fb05f308bf00f28d10cc
:10fed800a3f19602904228bfa3f1970038bd00bf56
:08fee800b801002040420f00a8
:020000040000fa
:020000040101f8
:10fef000f8b50e46074615460df0d6f8002811460f
:10ff000030460cbf0024092406f088fef0b9b4b9cd
:10ff10000f4b20460a2202fb00f131f803c0bcf56a
:10ff2000706f0ed15a180331178096700b442a68ef
:10ff30001a60aa889a80074a137801331370204602
:10ff4000f8bd01300828e6d11f24f8e70b24f6e7b6
:08ff500084f8002062fd00208e
:020000040000fa
:020000040101f8
:10ff58007fb5184d0095012302224621ec2000268a
:10ff6800cde90266f3f764fd0df032fc0446b0b942
:10ff780003a902a8f5f7e0fb044648b9039803680b
:10ff88004bb1029b40f20122a3f80e210ef00af8b1
:10ff9800204604b070bdfaf71bf80c24f8e70e3db4
:10ffa8000190009501233246ff21ec20f3f740fd34
:08ffb800eee700bfb58702016e
:020000040000fa
:020000040101f8
:10ffc000f8b5046894f864300546b3b994f8ac61a8
:10ffd0000027a4f8a871284608f042fc212e19d168
:10ffe0000122394628460af007fe94f86440bcb95d
:10fff0002146284600f018f814e006210bf0d3ff44
:020000040102f7
:1000000088b194f8c83194f8ae6143f0010384f8e4
:10001000c831dde7222ee8d128460bf073f8e4e77b
:08002000012ce5d00120f8bd20
:020000040000fa
:020000040102f7
:1000280037b50546046809bb94f8ac31032b4ff08b
:10003800000318bf84f8ac1184f8ad3194f8b031de
:10004800032b19d194f8b111284605f077fc98b123
:10005800002384f8b031d4f8ec328bb101ab042220
:1000680008490195032000f01bfc09e0012904bfa1
:100078000023a4f8ae31e1e794f8b031002bead0c0
:0800880003b030bd07060101c1
:020000040000fa
:020000040102f7
:10009000037803f00f03072b1cd8dfe803f00407f5
:1000a0000b1b0d1b091113234b8070471523fbe716
:1000b0001223f9e71023f7e74b8843f00803f3e72f
:1000c0008378c3f38113dab2012a0bd05bb223b178
:1000d000022a0bd04ff6ff73e6e78b7e002be3d0ae
:1000e0000423e1e78b7e2bb10523dde78b7e0bb18b
:0800f0000623d9e74a8070479e
:020000040000fa
:020000040102f7
:1000f8002de9ff41174c009480460e461746012310
:1001080002226a21ec20f3f793fc3a463146404636
:1001180003f0a8f8054698b93368cdf8093002a865
:10012800b3888df80880adf80d308df80f7007f0a2
:1001380097fb01200df08cfa284604b0bde8f08149
:100148000e3c0190009401230022ff21ec20f3f7dc
:080158006ffcf1e7e5a10001d5
:020000040000fa
:020000040102f7
:100160002de9ff41174c009480460e4617460123a7
:1001700002226b21ec20f3f75ffc3a463146404601
:1001800004f0a6fe054698b93368cdf8093002a8f8
:10019000b3888df80880adf80d308df80f7009f038
:1001a00069fe01200df058fa284604b0bde8f08140
:1001b0001c3c0190009401230022ff21ec20f3f766
:0801c0003bfcf1e7f3a1000193
:020000040000fa
:020000040102f7
:1001c800154a937b517b0133dbb29942937322d159
:1001d80000239373114b124a1b6812689b1a114a29
:1001e80011689bb263f30f0111601146043351f893
:1001f800400d9bb263f30f0002f6a41308601b685e
:1002080002f5b0620133118803f0ff0363f30701bd
:1002180011800cf061bc704758020020d0fc00200f
:080228006c020020803401414a
:020000040000fa
:020000040102f7
:1002300008b5144a0621002006f096fc124a0c214b
:10024000002006f091fc114a0d21002006f08cfce4
:100250000f4a0421012006f087fc0e4b03f5d9520a
:100260004ff6ff71108861f30f001080908803f53e
:10027000d95361f30f0090801a8961f30f021a813c
:1002800008bd00bf598f020199c302017dc302015d
:0802900085d1020100240141a7
:020000040000fa
:020000040102f7
:10029800f8b5064601201c460f46154606f05efed8
:1002a800134b1b78012b00d0e8b1272e1dd8072d42
:1002b8001bd8631e032b18d8fff7b6ff032c0d4a73
:1002c80007d0042c0dd0022c14bf00230123137374
:1002d80000e0147356709770d570e8f7c9ff0020d6
:1002e800f8bd0223f3e70c20fae71220f8e700bf75
:0802f8006902002058020020f9
:020000040000fa
:020000040102f7
:1003000070b505460e4605f0b7fa134bb3f8a04595
:1003100044f00104a3f8a045b3f8a04544f002045a
:10032000a3f8a045d3f8a0259207fbd432460b4989
:1003300028460cf049f90a490a4a0023d058c85007
:100340000433102bfad1138c6ff300031384bde830
:1003500070400af089b900bf002401419029014191
:08036000440101208029014144
:020000040000fa
:020000040102f7
:1003680010b5184a047802f58453596964f30f21cb
:1003780059615969447864f3174159615969847816
:1003880064f31f61596102f58453c478996964f371
:10039800070199619969047964f30f219961996951
:1003a800447964f3174199619969847964f31f6109
:1003b800996102f58453c1799a8b61f307029a8394
:0803c80010bd00bf002401413b
:020000040000fa
:020000040102f7
:1003d00038b590f87330063b012b04461ed890f8d0
:1003e0002d30022b1ed0032b0dd0012b1ed000224e
:1003f0001146104b1d682db10523d4f84001a847c4
:10040000c4f87c0138bd90f83f30012b40f2e66221
:1004100040f6a66108bf4ff45172eae7002240f2ad
:10042000e241e6e7fa2240f6c411e2e74ff4ab728c
:08043000f9e700bfd80200202b
:020000040000fa
:020000040102f7
:1004380038b5044690f8020194f81431072b1ad104
:1004480001281cd0f8b1022820d194f81731012bcb
:1004580040f2e66240f6a66108bf4ff451720d4bb8
:100468001d683db1222303fb00404a300423a847fe
:10047800c4f8040138bd002240f2e241efe7fa2255
:1004880040f6c411ebe74ff4ab72f9e700221146ce
:08049800e5e700bff8fc0020bd
:020000040000fa
:020000040102f7
:1004a00010b5c37b0446032b0cd8dfe803f0022110
:1004b0000221124bd3f89c2f40f2ff1161f3184236
:1004c000c3f89c2f0e4b1b686bb1984758b10d4b6e
:1004d0001b7843b9094bd3f89c2f40f2ff1161f30d
:1004e0001842c3f89c2f2046bde8104008f0d4b84d
:1004f000024bd3f89c2f6ff31842e1e7002401412f
:0805000008fd002071fd002040
:020000040000fa
:020000040102f7
:1005080030b51749d1f81c21c2f340321ab9d1f8d5
:100518001c21c2f38022d1f86c3f1b0517d4d1f8f7
:100528006c4f104be5051b7812d5d1f8684fc4f312
:100538004075a4000cd5342404fb0303134483f84a
:100548008150d1f8682fc2f3026283f8852030bd4c
:10055800342101fb03031344002283f88120f6e7ca
:0805680000240141ed02002016
:020000040000fa
:020000040102f7
:10057000184bd3f8242142f48012c3f82421d3f875
:10058000242142f40022c3f82421d3f8242142f488
:100590008022c3f82421d3f8282142f08002c3f836
:1005a0002821d3f8282142f04002c3f82821d3f8ab
:1005b000282142f02002c3f82821d3f8282142f054
:1005c0001002c3f82821d3f8282142f40072c3f89e
:0805d0002821704700240141bd
:020000040000fa
:020000040102f7
:1005d800f8b500260e70c3885a1e082a05460f462d
:1005e80003d8bde8f84007f0a7ba103b072b03d89b
:1005f800bde8f840e9f7aabf4ff482700df06efd30
:100608000446b8b1a88808f0cbfe90b1ab7ac374a1
:100618000a232370ab88a380eb88e380ab7a23722c
:100628002b896381204604210af00efa01233b70ce
:080638003046f8bd8020fce70c
:020000040000fa
:020000040102f7
:1006400073b50546044600f12006a3692bb301aa41
:100650006946188808f0d8fee0b1a369194631f858
:10066000042b032a1cd05a88009b58680bf0acff5f
:10067000009ba2699b6852881a80009b9b7b9b060b
:1006800005d5a169284631f8042bf7f713fda069b9
:100690000df02afd0434b442d7d1002002b070bd61
:0806a000987809f0f8f8e8e78a
:020000040000fa
:020000040102f7
:1006a80037b5044600890df059fd38b32089e5684f
:1006b80008f076fe044618b32b78132b08d1c37cb8
:1006c800122b1fd104f0bef900b9e07403b030bd9d
:1006d800172b0bd1c37c162b14d1a988eb886a88f9
:1006e800009105f1080100f0d1fbede7192b09d1c4
:1006f800c37c182b06d103f0cdf8e5e70420e5e725
:080708000320e3e70120e1e713
:020000040000fa
:020000040102f7
:1007100037b505460191684601a90cf017fb01a900
:100720000df102000cf012fbbdf80010002009f0e2
:100730004ff928b9bdf80210072009f049f9b0b106
:100740001224bdf800000af07ffd90b134b9bdf865
:100750000210bdf8000002f0b3f804462846bdf8c8
:10076000002021460af09cfb204603b030bd044621
:06077000e7e70224f2e7b6
:020000040000fa
:020000040102f7
:1007760030b587b0054601910df1020001a90cf0d4
:10078600e2fa01a902a810220cf063fcbdf80210df
:10079600002009f01af9c0b9bdf802000af051fdaf
:1007a600a8b1036893f86430012b12d102a9bdf8f1
:1007b6000200fbf756fc04462846bdf802202146f7
:1007c6000af06bfb204607b030bd1224f4e7022482
:0607d600f2e70c24f0e73d
:020000040000fa
:020000040102f7
:1007dc0008b50b46114612780e2a20d005d8042aeb
:1007ec000ed0052a12d0022008bd172a1cd0192ab7
:1007fc0010d0102af7d1182b1bd102f0b3fc03e058
:10080c000d2b16d10bf07cfd0120ede7013b58427e
:10081c005841e9e7032b0cd10cf0e8fff4e7092b66
:10082c0007d1faf70bfbefe7032b02d10cf0eeff2d
:06083c00eae70020d8e706
:020000040000fa
:020000040102f7
:1008420010b51478032c0b4611461cd005d87cb188
:10085200012c13d00224204610bd0a2c18d0182ccb
:100862001ad0082cf6d1092b1bd1faf7ecfa03e0c7
:100872000c2bf0d109f05bff0124ece7082b10d11f
:100882000cf0b5f8e7e7172b0bd107f098fdf3e76b
:10089200013b5c425c41dee7052b02d10cf0b3f870
:0608a200eae70024d7e79d
:020000040000fa
:020000040102f7
:1008a8002de9f041074690b20e4615469846fff7e7
:1008b8004bfa044628b30279c680330e63f302026a
:1008c800330c0271437125b12a46414608300bf0ba
:1008d80077fe032f15d8dfe807f002080c10204632
:1008e80008f03ef90020bde8f081204609f07cfec2
:1008f800f8e7204608f04cf9f4e7204609f088feae
:06090800f0e71f20efe7fd
:020000040000fa
:020000040102f7
:10090e00f8b50e4617461d4609f09ffb044640b348
:10091e0090f852303b700020012e28700bd194f8c5
:10092e0057302bb994f856301bb902232b70002088
:10093e00f8bd0123fae7022e08d194f85730002ba8
:10094e00f0d094f85430002bf2d1eee7032eefd115
:10095e0094f85730002be5d094f85530002be4d0a6
:06096e00efe70320e4e7bf
:020000040000fa
:020000040102f7
:0c097400014b60229a657047002a004485
:020000040000fa
:020000040102f7
:10098000eff30980bff36f8f154b1a681ef0100f3d
:1009900008bf20ed108a20e9f04f10602de9090012
:1009a0004ff0200080f31188bff34f8fbff36f8f9c
:1009b000f7f786fe4ff0000080f3118809bc196834
:1009c0000868b0e8f04f1ef0100f08bfb0ec108ab6
:1009d00080f30988bff36f8f704700bfaff30080cb
:0409e00030fc0020c7
:020000040000fa
:020000040102f7
:1009e40030b587b000230291054602a90df1060037
:1009f40003930df053f8124b9df8060093f903206e
:100a040090421bdb93f90230984217dc0df1070189
:100a140040b206f02bfe0446234604aa29460220cf
:100a240006f023fc9df80710039003a80df012f9bb
:100a340004a80cf097fd204607b030bd1124ebe765
:040a44009e010020ef
:020000040000fa
:020000040102f7
:100a480030b587b000230291054602a90df10600d2
:100a580003930df021f8124b9df8060093f903203b
:100a680090421bdb93f90230984217dc0df1070125
:100a780040b206f015fe0446234604aa2946022081
:100a880006f0f1fb9df80710039003a80df0e0f8bd
:100a980004a80cf065fd204607b030bd1124ebe733
:040aa8009e0100208b
:020000040000fa
:020000040102f7
:100aac0037b5054601910df1020001a90cf048f98a
:100abc0001a968460cf0eeff01a90df101000cf044
:100acc00e9ffbdf80210002008f07cffb0b9bdf8ba
:100adc0002000af0b3fb98b19df801209df80010bc
:100aec00bdf80200f1f7dafe04462846bdf80220f4
:100afc0021460af0cff9204603b030bd1224f4e7aa
:040b0c000224f2e7e6
:020000040000fa
:020000040102f7
:100b10001fb5164bdb799a060c4624d5144b1b786f
:100b20005b0720d50a223e2101a80bf05bfd0321c3
:100b3000009068460df090f8217868460df08cf82a
:100b4000618868460df08ef8a18868460df08af835
:100b5000e18868460df086f8684621890df082f834
:100b600001a80cf001fd04b010bd00bf4801002039
:040b70004001002020
:020000040000fa
:020000040102f7
:100b740010b5164bdb799a0686b00c4624d5144b77
:100b84001b785b0620d50b223e2102a80bf028fd22
:100b94000721019001a80df05df8218801a80df04e
:100ba4005ff8618801a80df05bf8a18801a80df039
:100bb40057f8e18801a80df053f801a821890df038
:100bc4004ff802a80cf0cefc06b010bd480100207e
:040bd40040010020bc
:020000040000fa
:020000040102f7
:100bd800144b70b54ff48062134c144ec3f8842143
:100be80023681bb9bde870400bf062be0bf0fefa3b
:100bf80025682b68236003b964600af0a7f901230c
:100c08006a7933700a4b284653f82230984795f989
:100c18000430002b02db284607f0b0fa00233370bb
:100c2800dee700bf00e100e07801002039f700208e
:040c3800c8fb0020d5
:020000040000fa
:020000040102f7
:100c3c0030b585b0154b0093cde9010105460c4646
:100c4c00ec20012302224f21f2f7f0fe28460af095
:100c5c00f5faa8b1036893f8ae31112b12d12146e5
:100c6c0009f0eaff80b90724094b00930194012392
:100c7c000022ff21ec20f2f7d9fe204605b030bd52
:100c8c000224f1e70c24efe70024f6e79c64000152
:040c9c0046640001a9
:020000040000fa
:020000040102f7
:100ca000f0b585b0154d0095cde9010107460c461c
:100cb000012302226e21ec20f2f7befe21463846c7
:100cc00006f0baf8064678b939460d480df08af8ac
:100cd00014f1ff3418bf012480f8764001200cf095
:100ce000bbfc304605b0f0bd4c3d019000950123a2
:100cf0000022ff21ec20f2f79ffef2e723a2000181
:040d0000e0fb0020f4
:020000040000fa
:020000040102f7
:100d040010b5154a154c137843f002031370237978
:100d1400590710d4124a138843f4004313800bf08c
:100d2400d1fe022007f0b3fd0af050ff237943f00f
:100d34003c03237110bdda0605d40af037ff23798a
:100d440043f01003f5e79b06f4d40af03fff237940
:100d540043f02003ede700bf6efd002058020020a1
:040d64006c380141a5
:020000040000fa
:020000040102f7
:100d680070b4c37a066e0d6e012b08bfc06bcb7ac8
:100d780004bf361ac6f31606012b104b08bfcc6bfe
:100d88001b680f4808bf2d1b1c895b891c4440f257
:100d98003913b4fbf3f4cb6e03f1010308bfc5f3b9
:100da800160523440134b1182b442c1b04ea000215
:100db80003400140304670bc0cf063bb7002002059
:040dc800ffff7f00aa
:020000040000fa
:020000040102f7
:100dcc0038b5037a012b164b1a680bbf536813689e
:100ddc0043f4003343f400330cbf536013600b78bf
:100dec00da0704460d4606d5637b48686061012b23
:100dfc000cd1400060662b789b0706d5637ba868f6
:100e0c00a061012b07d14000a06638bd002bf2d1a8
:100e1c0008f0d2ffeee7002bf7d108f0cdfff3e797
:040e2c007002002030
:020000040000fa
:020000040102f7
:100e300013b5d0f8c03004460df10202d3f8ac006f
:100e400001a90cf029fd124bd3f800216ff31c729d
:100e5000c3f80021d3f80821bdf8021061f30f0296
:100e6000c3f80821d3f828219df8041061f3174234
:100e7000c3f82821d3f8002142f48042c3f80021ae
:100e800020460af001fb08b1faf796ff02b010bd48
:040e900000240141f8
:020000040000fa
:020000040102f7
:100e94002de9f7435d1dadb20746284688469146c5
:100ea4001e460df00ef9044610b300f1100317218d
:100eb40001a801930cf0cefe494601a80cf0d0fe27
:100ec400bdf8281001a80cf0cbfe3246414601982b
:100ed4000bf078fb2946224638460bf007f9054605
:100ee40010b120460df03ef9284603b0bde8f0836a
:040ef4000225f9e7f3
:020000040000fa
:020000040102f7
:100ef8002de9f341804617461c4608f0c9fa064614
:100f080018b32379a4f8068023f00f0343f00203f3
:100f18002371678120460df0eff8054658b908f5aa
:100f280000510c340190024600943b4689b24ff4bc
:100f3800817009f077f8064b33f8150010b9b378cb
:100f48000133b37002b0bde8f0814ff48170f9e766
:040f580088d9020131
:020000040000fa
:020000040102f7
:100f5c0038b5e1f7ecfa0446e0f7c4ffacb900b9d8
:100f6c0038bd01200bf0eefb0546012007f01ef901
:100f7c000446294601200bf049fe002cf0d0012c30
:100f8c0013d10120e0f7caff0fe001200bf0dafbd0
:100f9c000546012007f00af90446294601200bf00a
:100fac0035fe002cdcd0e1f7cbfa002007f0fef880
:020fbc00d6e776
:020000040000fa
:020000040102f7
:100fbe0030b587b00546009101a869460cf069fd71
:100fce0069460df105000cf064fd69460df1060051
:100fde000cf05ffd69460df107000cf05afd9df80f
:100fee000620009bbdf804108df80e2003a89df876
:100ffe0007200293adf80c10adf810200593eaf718
:10100e005ef90446014628460bf0f2fa204607b078
:02101e0030bde3
:020000040000fa
:020000040102f7
:1010200030b587b00546009101a869460cf038fd3f
:1010300069460df105000cf033fd69460df106001f
:101040000cf02efd69460df107000cf029fd9df80e
:101050000620009bbdf804108df80e2003a89df813
:1010600007200293adf80c10adf810200593ebf7b4
:101070002dff0446014628460bf0c1fa204607b072
:0210800030bd81
:020000040000fa
:020000040102f7
:1010820037b5054601910df1020001a90bf05dfe95
:1010920001a90df101000cf002fd9df80130013ba8
:1010a200032b18d8bdf80210002008f090fca0b95c
:1010b200bdf802000af0c7f888b19df80110bdf82a
:1010c2000200f1f74cfe04462846214605f005fbd6
:1010d200204603b030bd1124f6e71224f4e70224bf
:0210e200f2e733
:020000040000fa
:020000040102f7
:1010e40070b50e4690f8471040f2e24304464b4375
:1010f400aab12033c36700252046fef7c3fe4ff490
:101104009c73b0fbf3f203fb1203c4e91b3294f8a3
:1011140064306bb902366423a665e36770bdb0f82a
:10112400485003f282230035c36718bf0125e3e763
:10113400e36f40f27222761b02fb0535a665e56774
:02114400ece7d6
:020000040000fa
:020000040102f7
:1011460070b5056895f8ac31213b012b064626d8cb
:1011560095f8ad31022b16d102f07ffd06213046ff
:101166000af01eff044610b90024204670bd032372
:1011760085f8ad3195f8c83123f0030343f0030336
:1011860085f8c831f1e70622032103f012fc044674
:101196000028e9d000213046fef743ffe5e70124a9
:0211a600e3e77d
:020000040000fa
:020000040102f7
:1011a80010b583789b06044601d1002010bd0021ac
:1011b8000230f1f703f90028f7d0037813f0010f94
:1011c8000cbf01200720990748bf06305a0744bfc3
:1011d8000130c0b2190744bf0230c0b2da0644bfba
:1011e8000330c0b2990644bf1230c0b25a06a37881
:1011f80044bf0130c0b203f03f031b1a58425841a4
:02120800d4e729
:020000040000fa
:020000040102f7
:02120a000500dd
:020000040000fa
:020000040102f7
:10120c00f8b5164b03eb00135b7b0bb90120f8bd53
:10121c0015460e4604460c2009f0f0fd0746d8b1e1
:10122c008680856001200bf08dfa00233b600b4b10
:10123c0003eb04139a6817609f609b7b012b05d00e
:10124c00002101200bf0e2fc0020e0e7034800eb5a
:10125c00041009f0c1fdf3e70120d8e710000020cd
:020000040000fa
:020000040102f7
:10126c0000b58bb003792bb1012b0fd0012009f005
:10127c00a1f808e004238df8043000220deb0301e3
:10128c000e480bf04dfe0bb05df804fb83681b7829
:10129c0083b900208df8040001238df805308df8fa
:1012ac0006008df807008df8080001aa052102f050
:1012bc0041fbe8e7012009f07df8e4e78400002019
:020000040000fa
:020000040102f7
:1012cc00f8b50746087910f003040d4626d10b300b
:1012dc000cf002ff06462879063023463246394682
:1012ec00c0b205f0beff2a79d5f800c0920823469b
:1012fc0022b930460cf032f92046f8bd0ceb8301d4
:10130c00013a0d68c5540f68c5183f0a6f704f88b5
:10131c00af70c978e9700433dbb2e9e70124ebe77d
:020000040000fa
:020000040102f7
:10132c0030b5154bdb799b0693b00d4622d5134b8c
:10133c0093f90030002b1dda42223e2101a80bf05c
:10134c004bf92c460090082168460cf07ffc14f8f1
:10135c00011b68460cf07afc2022214668460bf0f3
:10136c007ffe6846202205f121010bf079fe01a8d1
:10137c000cf0f4f813b030bd4801002040010020ff
:020000040000fa
:020000040102f7
:10138c0037b5054601910df1010001a90cf082fb66
:10139c0001a90df102000cf07dfb01a90df1030078
:1013ac000cf078fb9df801009df802109df80320cd
:1013bc0010f0f80418bf122411f0f80f18bf122403
:1013cc0012f0f80f0ad114b908f046fc044628466e
:1013dc0021460bf00ef9204603b030bd1224f6e77f
:020000040000fa
:020000040102f7
:1013ec00bd1a3ccda6b8995899b740eb7b60ff4a23
:1013fc00503f10d2e3b3c974385fc5a3d4f6493f4c
:10140c00e69d350e480103ccdbfdf4ac1191f4eff5
:10141c00b9a5f9e9a7832c5e2cbe97f2d203b020b4
:10142c008bd28915d08e1c742430ed8fc245637617
:10143c005c15525abf9a32636deb2a65499c80dc6d
:020000040000fa
:020000040102f7
:10144c0037b50c4609f0fafe28b3036893f8502020
:10145c00227093f85120627093f85220a27093f886
:10146c005320e27093f85430237100240b4d0095f7
:10147c00012302223521ec20f2f7d8fa44b11135c0
:10148c000194009501230022fd21ec20f2f7cefa05
:10149c00204603b030bd0224e8e700bfacc2000117
:020000040000fa
:020000040102f7
:1014ac0013b5154b019004460093ec200123022246
:1014bc008021f2f7bbfa204609f0c0fea8b1036800
:1014cc0093f8ae31213b012b11d809f039fe80b9cc
:1014dc0007240a4b0093019401230022ff21ec20e6
:1014ec00f2f7a4fa204602b010bd0224f1e70c2456
:1014fc00efe70024f6e700bf775e0201695e0201a8
:020000040000fa
:020000040102f7
:10150c0030b5134d2c78012c95b017d101f07efe1f
:10151c00b0b9104b5b8802222a706bb90e4b00934a
:10152c00ec202346b421f2f781fa41f2110302a810
:10153c00adf8083006f058ff07f0a8fc15b030bd28
:10154c0000231a4605490320fff7a8f9f6e700bf68
:10155c00acfa002070fa0020b7540001050101011b
:020000040000fa
:020000040102f7
:10156c0037b5144d2b786c781bb1012b15d003b00b
:10157c0030bd013c012cfad807f070fc0e4b0190e9
:10158c000446009302220123c521ec20f2f74efa07
:10159c00002cecd101232b70e9e7002ce7d1074a92
:1015ac000092c6210222ec20f2f740fa0bf0dafd91
:1015bc002c70dce7240200206c220101892201013d
:020000040000fa
:020000040102f7
:1015cc000e4b10b500241c700d4b1c700d4b1c7079
:1015dc000d4b1c600d4b1c600cf016fc0c4b0d489d
:1015ec00c3e900430cf09af80b480cf0ddfb0b49f7
:1015fc0003200cf0cdfb204610bd00bf69fd002080
:10160c0068fd002067fd0020ccfc0020c8fc0020f9
:10161c00e0fb002039d80201557f0001f98e020150
:020000040000fa
:020000040102f7
:10162c0037b505460cf01af818bb134b1b78012b79
:10163c001fd02c78e30712d42b46684653f8032f9f
:10164c00cdf802209b88adf80630b5f80130adf826
:10165c00003005f0affb10b10b2003b030bd074bd1
:10166c001b7814f0040018bf1120062b28bf07208c
:10167c00f3e70c20f1e700bf6bfd002069fd0020b3
:020000040000fa
:020000040102f7
:10168c0038b5134c134d2368134ac3f822232b6827
:10169c00124a9a600bf04efa2b68c0f307101a89a5
:1016ac00b2fbf0f21a812268b2f82213b1fbf0f10e
:1016bc00a2f82213b2f82413b1fbf0f1a2f8241310
:1016cc005a89b2fbf0f01a895881a8321a8138bdb8
:1016dc007402002070020020100448038007e80305
:020000040000fa
:020000040102f7
:1016ec002de9f041134d40f243174ff00b08002643
:1016fc00114b1c68272204eb080105eb08000af0cb
:10170c005dffa31908f12708da780c4b9a55e219fa
:10171c00eb1911681960013692889a80082e07f12e
:10172c000607e5d123782b7063786b70a378ab70c8
:10173c00bde8f08174fd0020c802002077fd002078
:020000040000fa
:020000040102f7
:10174c0010b5144c0368226890060ed4226851061a
:10175c000bd42268120608d42268d00505d422685e
:10176c00910502d42268520511d593f8623173b1f8
:10177c00faf70cfe084a138843f010031380236811
:10178c005b0641bf054a138843f008031380002011
:10179c0010bd00bf583e0141d6020020803e0141e1
:020000040000fa
:020000040102f7
:1017ac0037b50468236e1b0405461ad404f05ef8a2
:1017bc00236e43f40043236608f050ffd4e9201352
:1017cc0020465b1ad9b20bf01dfdd4f88030019580
:1017dc005b1ac4f88030042201ab08490120fff7e2
:1017ec005df8237d3bb104f041f8236e43f0806338
:1017fc00236608f033ff03b030bd00bfa104010124
:020000040000fa
:020000040102f7
:10180c0010b5044615480cf0a9f82046f9f740f835
:10181c000120fbf7a9fa21460120f1f7abff0cf0f0
:10182c0085f894f8e53083b9617e03200bf030fe27
:10183c0094f8e51071b984f80211204609f0fafd0c
:10184c002046bde8104006f028bb012b02d194f8cd
:10185c000911eae794f80211efe700bff6fb00204c
:020000040000fa
:020000040102f7
:10186c0002000000397501010400000095e9000137
:10187c00060000006df60001080000002571000153
:10188c000a000000e57d01010c000000d9440101b3
:10189c001000000025b100011200000079e00201e7
:1018ac005200000075d2020116000000dfe60001b4
:1018bc00180000003d4e01011e00000025f2010140
:020000040000fa
:020000040102f7
:1018cc0070b5164d00242b6803eb84031a6992b192
:1018dc00d17881b1012656721b6918880cf03cfc3a
:1018ec0048b1221d2b6853f8223031464ff6ff7257
:1018fc00187800f0b3fb0134082ce4d14ff482705b
:10190c000cf0eafb40b1102202700022828001220e
:10191c008271042109f096f8002070bd100300209c
:020000040000fa
:020000040102f7
:10192c007fb5002302aa0146092005f09afc00218c
:10193c00019001a80cf08af901a800210cf086f99d
:10194c0001a800210cf082f901a800210cf07ef90d
:10195c0001a860210cf07af901a800210cf076f9ad
:10196c0001a800210cf072f9002101a80cf06ef90d
:0e197c0002a80bf0f3fd002007b05df804fb9d
:020000040000fa
:020000040102f7
:10198a0030b585b0054603910df1050003a90cf0a9
:10199a0082f803a90df106000bf0d3f903a902a8f6
:1019aa000bf0cff903a90df10a000bf0caf9bdf843
:1019ba000610052911d9bdf80820052a0dd9bdf848
:1019ca000a309df80500eff74efe044628462146e8
:0e19da000af010fe204605b030bd1224f6e7dc
:020000040000fa
:020000040102f7
:1019e80030b587b00546029101a802a90bf0aaf903
:1019f800bdf80410002007f0e7ffbdf8040009f067
:101a08001ffc0df10601bdf8040002f0fdf803aa61
:101a1800034604462946052005f025fcbdf80410b8
:101a2800029002a80cf01af9bdf8061002a80cf0f2
:0e1a380015f903a80bf094fd204607b030bd51
:020000040000fa
:020000040102f7
:101a46007fb5002302aa0146092005f00dfcff21ff
:101a5600019001a80cf0fdf801a8ff210cf0f9f89f
:101a660001a8ff210cf0f5f801a8ff210cf0f1f810
:101a760001a8ff210cf0edf801a803210cf0e9f80c
:101a860001a800210cf0e5f8002101a80cf0e1f80e
:0e1a960002a80bf066fd002007b05df804fb0f
:020000040000fa
:020000040102f7
:101aa400f7b5054601910df1020001a90bf04cf9bf
:101ab400bdf80210002007f089ff0746b8b9bdf849
:101ac400020009f0bffb0646b8b1bdf80200f9f701
:101ad40029fe1a2804460bd13946284604f0fcfd99
:101ae4002146304607f046f9204603b0f0bd1224e3
:0e1af4002146284604f0f0fdf6e70224f8e74c
:020000040000fa
:020000040102f7
:021b02000500dc
:020000040000fa
:020000040102f7
:101b04001fb5144bdb799a060c4620d5124b9b78f3
:101b14009b071cd506223e2102a80af061fd122172
:101b2400019001a80cf096f8217801a80cf092f825
:101b3400617801a80cf08ef8618801a80cf090f887
:101b440001a821790cf086f802a80bf00bfd04b073
:0c1b540010bd00bf48010020400100202f
:020000040000fa
:020000040102f7
:101b600037b5054601910df1020001a90bf0eef821
:101b700001a90df101000bf093ffbdf80210002048
:101b800007f026ff0028bdf802000cbf0024122435
:101b900009f05afb80b134b99df80110bdf802007c
:101ba000fff74cf804462846bdf80220214609f00c
:0c1bb00077f9204603b030bd0224f4e7b2
:020000040000fa
:020000040102f7
:101bbc0037b5054601910df1020001a90bf0c0f8f3
:101bcc0001a90df101000bf065ffbdf8021000201a
:101bdc0007f0f8fe0028bdf802000cbf0024122408
:101bec0009f02cfb80b134b99df80110bdf802004e
:101bfc00fcf782fb04462846bdf80220214609f07a
:0c1c0c0049f9204603b030bd0224f4e783
:020000040000fa
:020000040102f7
:101c180030b5144bdb799a0687b00d461fd5124ba9
:101c28001b78db061bd50d223e2102a80af0d6fc44
:101c38002c460190052101a80cf00af834f8021b83
:101c480001a80cf00bf80822214601a80bf00afaab
:101c580001a869890cf002f802a80bf081fc07b012
:0c1c680030bd00bf4801002040010020fa
:020000040000fa
:020000040102f7
:101c74001fb5144bdb799a060c4620d5124b5b78c2
:101c84001b071cd506223e2102a80af0a9fc0c2140
:101c9400019001a80bf0deff217801a80bf0daff18
:101ca400618801a80bf0dcff217901a80bf0d2ffb9
:101cb40001a861790bf0ceff02a80bf053fc04b02d
:0c1cc40010bd00bf4801002040010020be
:020000040000fa
:020000040102f7
:101cd00030b585b0134b0093cde9010105460c46a4
:101ce000ec20012302225721f1f7a6fe284609f035
:101cf000abfa90b1036883f8b5410bf05ef870b9a8
:101d00000724094b0093019401230022ff21ec20ba
:101d1000f1f792fe204605b030bd0224f1e7002421
:0c1d2000f8e700bf1766000146640001f0
:020000040000fa
:020000040102f7
:101d2c00f8b506680024306d0cf0f6f906f15c0588
:101d3c00346506f59677e86910b106f003faec61a4
:101d4c0085f824402c7085f82e4085f82d4085f8b8
:101d5c002f403435bd42eed1706a10b106f0f2f965
:101d6c007462002386f82f30b38502f013f818b98b
:0c1d7c0002210846faf722fd0020f8bd05
:020000040000fa
:020000040102f7
:101d880073b5144b144e1c68054614b9204602b0ae
:101d980070bda0680379042b17d108f075ffa0b1b6
:101da800a3682a681b68c3f816222a7983f81a22be
:101db800a0680bf0b1f950b10023cde9006302220d
:101dc8000123d421ec20f1f733fe2468dde7072056
:0c1dd800dde700bf78020020a1b9020185
:020000040000fa
:020000040102f7
:101de4000d4b0e4a0e4910b51a600e4b00241c60b0
:101df4000d4b1c600d4b1c700d4b07201c700bf021
:101e0400cbff0c4b1822214618460bf059fa0a4a0c
:101e14008260204610bd00bf5002002080841e0056
:101e2400d5c8000130020020340200202c0200201a
:0c1e3400540200203802002001010207c7
:020000040000fa
:020000040102f7
:101e400010b50468237a012b134b1a680bbf536833
:101e5000136843f0010343f001030cbf53601360a8
:101e600094f84e309b070fd4636d2bb193f84f203d
:101e700042f0080283f84f20204609f0effc0022d0
:101e80002146207ae4f7cefe94f84e3023f0020388
:0c1e900084f84e3010bd00bf700200202e
:020000040000fa
:020000040102f7
:101e9c00154b0178d3f8b02f61f31742c3f8b02f6c
:101eac00d3f8b02f417861f31f62c3f8b02fd3f889
:101ebc00b42f817861f30702c3f8b42fd3f8b42f91
:101ecc00c17861f30f22c3f8b42f0179d3f8b42f82
:101edc0061f31742c3f8b42f4179d3f8b42f61f3ef
:0c1eec001f62c3f8b42f704700240141ae
:020000040000fa
:020000040102f7
:101ef80038b5134cd4f800316ff3db63c4f8003104
:101f0800d4f8003143f00053c4f80031437c25462f
:101f180033b9d4f8003143f08043c4f8003138bdf8
:101f2800084b1b682bb1984718b1074b1b78002b3f
:101f3800efd0d5f800316ff39e73c5f80031eee7a6
:0c1f48000024014108fd002071fd002074
:020000040000fa
:020000040102f7
:101f540010b50468144bd4f8c0201a60002384f828
:101f6400bc30013ba36794f8603023b9012284f8a4
:101f74006020a4f86430204605f0c9ff0cf0daf8bc
:101f840050b194f8bc3043f0100384f8bc302046c0
:101f9400f3f76cfd002010bd012384f85530204672
:0c1fa400f5f732f8f6e700bff00200206d
:020000040000fa
:020000040102f7
:101fb00038b54389152b044622d1037c122b21d13d
:101fc000008907f0f1f908b9002038bd63681b7873
:101fd000db0719d50125857200880bf099fd0028d3
:101fe000f2d04ff482700cf07df80028ecd0112272
:101ff0000270228982808571042108f029fde3e7bf
:0c200000132be1d08020e0e71320dee786
:020000040000fa
:020000040102f7
:10200c002de9f341064680880f46144698460cf09d
:10201c0054f8054600b300f11003414601a80193a2
:10202c000bf014feb388013b9c4288bf9cb224b1d8
:10203c002246394601980cf055f8611c2a4689b2a3
:10204c0030460af04ff8044610b128460cf086f8da
:0c205c00204602b0bde8f0811124f9e735
:020000040000fa
:020000040102f7
:10206800f8b50f46154607f09bf9064600b3fa2067
:102078000cf034f80446e8b10f4b40f8043b3946fd
:102088000cf030f82946a01d0cf02cf81d2384f81c
:10209800f83021463088eaf7d9fc054618b9737a32
:1020a80043f00203737220460cf01af82846f8bd74
:0c20b8000325fbe70225f9e712000400f5
:020000040000fa
:020000040102f7
:1020c4000e4a38b5002313600d4a0e4c13600e4ab5
:1020d4000e4d13600e4a13600e4a13600e4a53628b
:1020e40013610123936008f0dcf808f0daf8ac42dd
:1020f40000d338bd54f8043b9847f8e748fd002066
:10210400e0f80020f8020001dcf80020fc020001e5
:0c211400d4f80020d8f80020e4f80020e7
:020000040000fa
:020000040102f7
:1021200010b588b0044603910df10a0302aa0df11f
:10213000060101a807f0acfd002304aa21460920ee
:1021400005f095f8bdf80410039003a80bf08afd84
:10215000bdf8061003a80bf085fdbdf8081003a814
:102160000bf080fdbdf80a1003a80bf07bfd04a85e
:0a2170000bf0faf9002008b010bdd2
:020000040000fa
:020000040102f7
:10217a0030b587b0054602910df1060002a90af0b2
:10218a00e0fd0df1050201a9bdf80600faf7b3ff5b
:10219a0003aa034604462946052005f063f8bdf85c
:1021aa000610029002a80bf058fd9df8041002a830
:1021ba000bf04dfd9df8051002a80bf048fd03a891
:0a21ca000bf0cdf9204607b030bd40
:020000040000fa
:020000040102f7
:1021d40037b5054601910df1010001a90bf05efc34
:1021e40001a90df102000bf059fc01a90df1030046
:1021f4000bf054fc9df801009df80210282801f111
:10220400ff3334bf00241224022b0cd824b99df8c8
:102214000320fcf7edf80446284621460af0edf9c0
:0a222400204603b030bd1224f6e797
:020000040000fa
:020000040102f7
:10222e0051554555452c52656d6f766520656d701f
:10223e007479206c6973740051554555452c52655f
:10224e006d6f766520656c6d20696e76616c696464
:10225e0000544d522c5374617274206e756c6c2048
:10226e00696e70757400544d522c53746f70206edd
:0a227e00756c6c20696e70757400b9
:020000040000fa
:020000040102f7
:1022880037b5046894f860510023012d01930ad1f1
:1022980094f8653153b143f0010384f8653143f68e
:1022a8000143a4f88631002003b030bdf7f7c0f829
:1022b80001900028f7d020462a4601a9fdf7f4fa34
:1022c80043f601430198a4f88631036813b10bf073
:0a22d80055fee8e7f7f77cfee5e7a6
:020000040000fa
:020000040102f7
:1022e20000b5036eda0693b021d490f86520422a35
:1022f20012d190f89d318df808300522adf80020fa
:1023020000228df804200288adf80620684606f007
:1023120070f813b05df804fb412a0ad01b040ad5f9
:1023220090f8ac31032b0cbf16230823e3e73d23bf
:0a233200e1e71623dfe73e23dde7b5
:020000040000fa
:020000040102f7
:10233c00f7b5002407460e460c800546ab69ebb199
:10234c0001aa6946188807f059f838b90634802074
:10235c0057f824301b88338003b0f0bd009a937b70
:10236c00928913f0080fab69598805d18a4205d0c0
:10237c001b8833800d20efe78a42f9d30134082cf7
:0a238c0005f10405dad10020e6e7b0
:020000040000fa
:020000040102f7
:1023960038b504461d4631b101291bd00023036020
:1023a6004ff0ff301fe0012d01d900201be0032272
:1023b6000021012001f0f9fe206080b1012d0ed12f
:1023c60000231a461946ebf760fd012814bf0020ca
:1023d600012008e02946104608f073fb20602068bb
:0823e600003018bf012038bdd2
:020000040000fa
:020000040102f7
:0223ee000500e8
:020000040000fa
:020000040102f7
:1023f00008b5144b9b7df3b1124a137edbb2927d7c
:1024000012f0800f18d10f4a137edbb2927d12f0ca
:10241000010f04d013f0010f01d0fbf783fe094a2e
:10242000137edbb2927d12f0040f04d013f0040f80
:1024300001d0fdf759fc08bd13f0800fe3d004f084
:08244000ffffe0e7000c004083
:020000040000fa
:020000040102f7
:1024480010b4134a00e01a4613688342fbd351685c
:102458005418a0420ad041684418a3420bd0036024
:10246800904218bf10605df8044b70474068014403
:1024780051601046efe7074c2468a34206d05b681a
:102488001944416013681b680360e9e70460e7e7e3
:08249800b8fb00201cfc002031
:020000040000fa
:020000040102f7
:1024a00070b582b00190846ca26be36b9a4203d347
:1024b0000025284602b070bd94f8456076b200222f
:1024c00001a92046fcf7b2f90546b6f1ff3f0ad153
:1024d000636a002bedd004f12400f2f793fa002890
:1024e00018bf0125e5e70bf027fb8642e1d2013654
:0824f00076b284f84560dce7d8
:020000040000fa
:020000040102f7
:1024f80037b5054601910df1020001a90af022fc49
:1025080001a90df101000bf0c7fabdf80210002077
:1025180007f05afa0028bdf802000cbf0024122464
:1025280008f08efe70b134b99df80110bdf80200b4
:10253800fff7cafb04462846214604f0cbf820469c
:0825480003b030bd0224f6e7e8
:020000040000fa
:020000040102f7
:1025500030b58bb0054602910df1060002a90af0d4
:10256000f5fb04a9bdf80600fef770ff044630b184
:10257000014628460af043f820460bb030bd03461a
:1025800006aa2946082004f072febdf80610039042
:1025900003a80bf067fb03a8052204a90af066fd57
:0825a00006a80af0e1ffe7e7dd
:020000040000fa
:020000040102f7
:1025a80010b5134bdb799a0686b00c461ed5114b35
:1025b8001b781b071ad50c223e2102a80af00ef838
:1025c800042101900deb01000bf042fb217801a8da
:1025d8000bf03efb618801a80bf040fb01a8082224
:1025e800211d0af03ffd02a80af0baff06b010bd8f
:0825f800480100204001002011
:020000040000fa
:020000040102f7
:1026000030b5114991f90420824209d091f9023084
:10261000834203db91f90330834202dd9a4201d108
:1026200030bd0346094a0a4c10780a4de289181a4f
:1026300045fa80f022f03f02007e1204120c0243a1
:10264000e2810b71ece700bf9e010020a801002091
:0826500000600141200101209e
:020000040000fa
:020000040102f7
:102658007fb5134b0190cde9021204460e4615468c
:10266800009302223021ec200123f1f7e1f92a46f8
:10267800314620460af034f978b90a4b5c71344483
:102688002a0604ebd4744fea640454bf6d428022d6
:102698009c71de7154bf1d721a7204b070bd00bf08
:0826a800ea4c00019e01002034
:020000040000fa
:020000040102f7
:1026b00073b5144c2368d3f8303106460d4698475d
:1026c00010b10c2002b070bd2368d3f834319847a4
:1026d0000028f6d12368d3f8383198470028f0d184
:1026e0000df1070229463046fdf726fa08b1002011
:1026f000e8e731462846fbf7a3fb0028f7d107207f
:08270000e0e700bfb401002076
:020000040000fa
:020000040102f7
:1027080070b588b00b7806934b7805938b78049353
:10271800cb7803930b7902934b790e4d01930c46ba
:102728000646012302221d21ec200095f1f780f9cd
:1027380021463046fff7b8ff044640b1a83d019056
:10274800009501230022ff21ec20f1f771f92046c2
:0827580008b070bd3f4d000107
:020000040000fa
:020000040102f7
:1027600070b588b00b7806934b7805938b780493fb
:10277000cb7803930b7902934b790e4d01930c4662
:102780000646012302221e21ec200095f1f754f9a0
:102790002146304603f092f8044640b1d23d019004
:1027a000009501230022ff21ec20f1f745f9204696
:0827b00008b070bd694d000185
:020000040000fa
:020000040102f7
:1027b800f8b5046894f86430e66805460f460bb926
:1027c80006f0aefb2046fff788fd17b120460af059
:1027d8005dfc16b1304609f069ff201d09f068fd5f
:1027e80004f1080009f064fd18b181b2204608f030
:1027f800b3f9284605f002fb208804f06dff28464f
:08280800bde8f84002f080bcbd
:020000040000fa
:020000040102f7
:1028100038b50d4b0d4d0e480024c3e900440d4b57
:10282000ac601c60c5e900440af076ff0a480af073
:1028300093ff0a4b6b600a490a4b2b6002200bf096
:10284000adfa204638bd00bfd8fb0020a4fb002015
:10285000e1b00201a8fc002059830201712c0101a2
:08286000d5c20201198d02012d
:020000040000fa
:020000040102f7
:1028680073b50c4616461d4608f0eafcf0b1611e29
:10287800c9b20af0d1f80e4b307093f901302b70c1
:1028880000240c4d0095012302225221ec20f1f77f
:10289800cff844b11d350194009501230022fd2194
:1028a800ec20f1f7c5f8204602b070bd0224e8e735
:0828b8009e010020ff640001f5
:020000040000fa
:020000040102f7
:1028c0007fb5144d0095cde9010102220646012392
:1028d000ec200c465a21f1f7aff8304608f0b4fc72
:1028e000024668b96ff4127302241d44ec2001946f
:1028f00000950123ff21f1f79ff8204604b070bd39
:102900000368a3f8a0426408a3f8a24205f0a8ff58
:082910000020f3e78f660001cf
:020000040000fa
:020000040102f7
:1029180070b5046894f8ae3105460bb1222b21d16d
:1029280094f86420012a17d113b9212384f8ae3111
:10293800284600f043fc064660b1032384f8af3113
:10294800fe332846a4f8a83104f0fefe04f5f7701b
:10295800fdf706fd304670bd28460321bde87040ee
:0829680008f034bf0126f5e779
:020000040000fa
:020000040102f7
:102970000c4b0d4810b500241c600c4b1c600c4b1c
:102980001c600c4b1c600af0bffe0b480af0dcfe1a
:102990000a4b0b4a0b491a6101200bf0fff9204644
:1029a00010bd00bf28020020a13d0201200200202e
:1029b0001c020020c4fc002079f30101acf90020c6
:0829c00051dc010145c30201d5
:020000040000fa
:020000040102f7
:1029c80010b50468d4f8c0000bf0a8fb94f8573091
:1029d8000020c4f8c0002bb194f85c10442915d12c
:1029e800fdf770f894f8583013b1204609f0f5fa5d
:1029f80094f8563043b1002384f8563084f85430a4
:102a08002146044800f058fc002010bd3e29e9d1b9
:082a18002046e5e7e0fb002089
:020000040000fa
:020000040102f7
:102a200038b5104d2c78d4b90f4b197801221a7093
:102a300021b12b7801332b70204638bd0b4b1b681e
:102a400021462046b3f8c820f7f75af80446002874
:102a5000efd0074b07481968edf776ffe9e7002448
:102a6000e7e700bf2c02002054020020f8020020fb
:082a7000500200203802002092
:020000040000fa
:020000040102f7
:102a780070b5144b1d682c68237d9b0720d594f8ee
:102a880064601023012e237512d1236e43f4006372
:102a98002366204607f088ff204601f0bdfa31463c
:102aa800e6f7e8fc28462321bde870400af05cb848
:102ab800d4f87801037f002bf4d10bf0fdfaf1e78d
:082ac80070bd00bf8002002078
:020000040000fa
:020000040102f7
:102ad00038b5144cd4f8283143f00403c4f8283135
:102ae000d4f8283143f00103c4f8283101f010fb79
:102af000fdf73efdd4f80431802262f30803c4f8e8
:102b0000043107f07dffd4f80031962262f31743b9
:102b1000c4f80031f9f77ef804f0f6fabde8384061
:082b2000fef786b90024014113
:020000040000fa
:020000040102f7
:102b28002de9f843064689469046002500f118032a
:102b380053f82540efb23cb12288424515d1002018
:102b480089f80070bde8f8834ff483700bf0c6fa7b
:102b580006eb8505a86168b14ff4837221460af037
:102b6800adfbab69a3f80080e9e70135082ddfd19b
:082b78002f46e4e71120e3e71a
:020000040000fa
:020000040102f7
:102b800038b5054600890bf0edfae8b12889ec6804
:102b900006f00afc0546c8b1a3780b2b0ed1c27c07
:102ba00012f00a0f14d02146284631f8032bfff704
:102bb0002dfa11280ed000b9e87438bd0d2b07d1bd
:102bc000c27c12f00c0fede70420f6e70320f4e7d7
:082bd0000120f2e70220f0e70a
:020000040000fa
:020000040102f7
:102bd800f8b503210646002008f0b4fd044608b302
:102be80035681723037395f8652295f8643295f8cc
:102bf8006612134095f8632283730a4042730146b4
:102c0800304609f015ff95f86470012f09d1b5f821
:102c18009e31a5f8f632617b3046f9f79fffa5f89b
:062c28009e010120f8bd31
:020000040000fa
:020000040102f7
:102c2e00f8b5069c054624b32079e1800f0e67f3b4
:102c3e0002002071080c607122b1194604f10800df
:102c4e0009f0bbfc032d14d8dfe805f002070b0fcb
:102c5e00204605f082ff0020f8bd204607f0c1fc9b
:102c6e00f9e7204605f091fff5e7204607f0cdfc89
:062c7e00f1e71f20f0e762
:020000040000fa
:020000040102f7
:102c8400f0b58bb006460d4699b900248df8044082
:102c940004238df805308df809608df80a50cdf8bd
:102ca4000d4000220deb030109480af03df90bb079
:102cb400f0bd1746084608f0a5f804460028f6d0eb
:102cc40000238df804302a46394609f07bfcdfe7ff
:042cd4008400002058
:020000040000fa
:020000040102f7
:102cd800114b124a1a604ff6a0029a814ff4403203
:102ce8005a601a46d369002bfcd10b4a136843f08b
:102cf80002031360d369002bfcd1094b00229a61af
:102d0800da611a6283f82c205a621a605a609a6053
:102d18001a75da60da857047000c004084011040ab
:042d280024f900206a
:020000040000fa
:020000040102f7
:102d2c0000b583b000230193032200924ff400728c
:102d3c000b490c48e6f79efc012800d0fee70a4b35
:102d4c0001930123009300234ff480620749084844
:102d5c00e6f790fcfcf770fd03b05df804fb00bfd8
:102d6c0018d502011d610201300000201cd50201a2
:042d7c0037e0020139
:020000040000fa
:020000040102f7
:102d800003040c4a43f08073136040f201110139cf
:102d90000dd1536813f0800307d05368c3f30723a2
:102da00083420abf53680b461b0c1846704700bf8e
:102db000ede700bf003e0144054b41ea00411960c8
:102dc0005a681106fcd45a681206fcd5704700bf39
:042dd000003e01447c
:020000040000fa
:020000040102f7
:102dd4001fb5124bdb799a060c461dd5104b9b7818
:102de4005b0719d509223e2101a809f0f9fb13213b
:102df400009068460af02eff217868460af02aff00
:102e0400617868460af026ff68460622a11c0af08b
:102e14002bf901a80af0a6fb04b010bd480100205c
:042e24004001002049
:020000040000fa
:020000040102f7
:102e28001fb5134b5b781b070c461ed508220c21d7
:102e380001a809f0d3fb2178009068460af008ff42
:102e4800618868460af00aff217968460af000ff9f
:102e58000222611d68460af005f968460222e11d52
:102e68000af000f901a80af07bfb04b010bd00bf0e
:042e780048010020ed
:020000040000fa
:020000040102f7
:102e7c001fb5124bdb799b060c461dd5104b93f9f5
:102e8c000330002b18da05223e2102a809f0a4fb1e
:102e9c002021019001a80af0d9fe218801a80af08e
:102eac00dbfea17801a80af0d1fe01a8e1780af0b6
:102ebc00cdfe02a80af052fb04b010bd4801002060
:042ecc0040010020a1
:020000040000fa
:020000040102f7
:102ed00008b542f21d03984216d00133984215d02e
:102ee0001633984214d0153b984213d014339842ad
:102ef00012d04833984211d10523094a02ebc3038b
:102f00005b689847012008bd0023f6e70123f4e73a
:102f10000223f2e70323f0e70423eee70020f2e7c1
:042f2000388b0201e7
:020000040000fa
:020000040102f7
:102f24004b0705d0cb1d23f007030844c01a1946ec
:102f34000b4b002219605a600b18083b23f007035f
:102f44000848c3e900225a1ac1e900320360064b5b
:102f54001a60064b1a60064b4ff000421a60704725
:102f6400c0fb002078fc002074fc002070fc0020d2
:042f74006cfc0020d1
:020000040000fa
:020000040102f7
:102f780010b590f8643104467bb9d4f82831abb960
:102f8800d4f8300188b194f81431022b03d101210f
:102f98002046f6f71bf8002007e0002380f864318c
:102fa800074b1b6898470028e7d010bd94f80431f8
:102fb800022be5d100212046f6f708f8e0e700bf2c
:042fc80098fc002051
:020000040000fa
:020000040102f7
:102fcc0010b50e4c0e4900200af028fb21460120ba
:102fdc000af024fb0b4902200af020fb0a490320cb
:102fec000af01cfb214604200af018fb07480af0e3
:102ffc0057fe07480af06afb002010bd95690001d6
:10300c00094800016d44000121c10001d5cb00012c
:04301c00b1ba020142
:020000040000fa
:020000040102f7
:1030200038b540f20160f2f725fb104c2060c0b1ca
:103030000f4b00f5c0626260596a80b260f30f0105
:103040005962996992b262f30f01996100254ff4b8
:10305000c063ff20c4e902532361f2f70bfb6061f8
:1030600008b9072038bd2846fce700bfe80100206a
:0430700000240141f6
:020000040000fa
:020000040102f7
:1030740010b5046886b023880193114b0093022293
:1030840001234321ec20f0f7d5fc2388adf8083068
:10309400b4f84a30adf80a30adf81430adf8123057
:1030a4000123b4f84e20d4f84a1084f89e3002a8c4
:1030b4000391adf81020edf7f3fd06b010bd00bf8d
:0430c400b4c3000190
:020000040000fa
:020000040102f7
:1030c8004c4c43503a496e7374616e745570646128
:1030d8007465642c48646c3d3078253034782c6fe6
:1030e80070436f64653d30782530327800434f4e29
:1030f8004e3a4c6c63705478446f6e653a48646c11
:103108003d3078253034782c4f70436f64653d30fe
:04311800782578009e
:020000040000fa
:020000040102f7
:10311c002de9f041082106688046002008f010fbdc
:10312c000446c0b109f0c4ff0546b0b1012706f250
:10313c0016260146c7714771c66040460af026ff45
:10314c0027733368c4f80d303379637440462146d5
:10315c0009f06cfc3846bde8f08120460af011fffe
:04316c002846f8e712
:020000040000fa
:020000040102f7
:103170000368b1f80120a3f84622b1f80320a3f8b0
:103180004822b1f80520a3f84a22b1f80720a3f895
:103190004c224a7a83f84e224a89a3f850228a891f
:1031a000a3f85222ca89a3f854220a8aa3f8562205
:1031b0004a8aa3f858228a8aa3f85a22ca8aa3f80c
:0431c0005c227047d6
:020000040000fa
:020000040102f7
:1031c4007fb5064605680d21002008f0bdfa0446c7
:1031d400f0b10c2101a8fdf791f801ab03cb05f583
:1031e400f372c5f8e6015160039bc5f8f23104237c
:1031f40023731368c4f80d305368c4f81130d5f83c
:10320400f231c4f815303046214609f013fc012090
:0432140004b070bdd5
:020000040000fa
:020000040102f7
:1032180073b5114b114c1b681868f5f74bf804f19e
:10322800d3030546019000930222ac210123ec2030
:10323800f0f7fefb0a4b1b681868f5f73bf8f33408
:1032480006460195009401230222ad21ec20f0f7f7
:10325800effb304602b070bd20020020345200015e
:043268001c02002024
:020000040000fa
:020000040102f7
:10326c007fb506460c4615460af0f8f9d8b9104b4e
:10327c001b78012b17d02368cdf809300df107010d
:10328c00a3888df8086002a8adf80d308df80f50aa
:10329c0002f062fc48b109f083ff00280cbf00204b
:1032ac00072004b070bd0c20fbe71220f9e700bf2b
:0432bc006bfd002086
:020000040000fa
:020000040102f7
:1032c0002de9f04191e80c010d46dab15360d5e9e2
:1032d00000231a600c4b1c78013ce4b21c704cb902
:1032e0000a4f0b4e386804f033ff306804f030ffab
:1032f0003c603460a88a09f0c3fb4046bde8f04159
:1033000001f006bf4360e2e769fd0020c8fc002031
:04331000ccfc0020d1
:020000040000fa
:020000040102f7
:10331400134a137b032b21d8dfe803f00212161b98
:103324009378db005033f93340f27120b3fbf0f1b2
:1033340000fb113303b101310023937351737047c0
:1033440093789b002c33eee793781b0103f5e77326
:10335400e9e793789b0103f53473e4e70023e2e79c
:0433640058020020eb
:020000040000fa
:020000040102f7
:103368002de9f041002581648573456404461746bc
:10337800d0f81080fef786f90c4b1b68012683f8fd
:1033880029630b4b1b681a89a4f870205b89a4f881
:1033980076302046e8f768fc10b9a673c4f81080a8
:1033a800c4e911750020bde8f08100bf7402002057
:0433b800700200207f
:020000040000fa
:020000040102f7
:1033bc00124b0246006818609188927999809a7134
:1033cc0033f8041c41f0020123f8041c53f8080cd8
:1033dc00c0f3807080b15b6ac3f30263084a116862
:1033ec000a781944c97830b122fa03f010f00100c0
:1033fc0018bf81f0010070470023efe770330141e3
:04340c00c8020020d2
:020000040000fa
:020000040102f7
:1034100030b5d0f84421fab1d0f84031e3b10f49ca
:103420000f480c880168121b92b262f31f410160c1
:103430000146423251f8085f92b262f31f450d60b7
:1034400002681b1b9bb263f30f0202600a68ff3322
:103450009bb263f30f020a6030bd00bf6c02002014
:0434600048340141aa
:020000040000fa
:020000040102f7
:1034640070b5cb6890f8a8601d7880f850505c78ef
:1034740080f85140997880f85210da7880f8532017
:103484001b7980f8543056b980f8ac5080f8ad40c0
:1034940080f8ae1080f8af2080f8b03070bd80f8ae
:1034a400bd5080f8be4080f8bf1080f8c02080f87e
:0434b400c130f3e749
:020000040000fa
:020000040102f7
:1034b80090f8e520124bd0f8bc0082b9d3f820313f
:1034c800821cc3f30743013bdbb2ff2b00d17047db
:1034d800127802f03f0203321044821cf3e7d3f85b
:1034e8002031821cc3f30743013b13f0ff0300d1d3
:1034f8007047127802f03f0203321044821cf3e74f
:043508000024014159
:020000040000fa
:020000040102f7
:10350c0037b5012480f80b4180f80d4101460e4d72
:10351c00fff7ccff0d4b2d68d3f8082105eb1242b9
:10352c00c1f8bc20d3f8103115fa83f3c1f8b830c8
:10353c00cb680749cde9003008226b462046fdf7e1
:10354c00adf903b030bd00bf6c0200200024014176
:04355c000202010165
:020000040000fa
:020000040102f7
:1035600010b5124bd3f81c31c3f3c303072b1ad188
:103570000f4b02681b78342101fb032300219c6f51
:1035800002342046eef71eff68b10378db060ad549
:1035900004212046eef716ff28b181784909013150
:1035a000032009f07bff002010bd00bf0024014173
:0435b000ed02002008
:020000040000fa
:020000040102f7
:1035b400124b1b78342202fb030090f85c30cbb929
:1035c4000f4bd3f8282142f00802c3f82821d3f87e
:1035d400282142f00202c3f82821d3f8282142f01e
:1035e4000402c3f82821d3f8282142f00102c3f8c9
:1035f40028217047012bfcd1014beee7ed0200209e
:04360400002401415c
:020000040000fa
:020000040102f7
:1036080038b5124b044612481d780af0a9f920462d
:10361800f6f75cfb0120f9f7ebfb204609f04dfcbf
:103628000af08ef9342303fb054595f85c3043b95d
:10363800217c032009f02eff2046bde8384002f027
:10364800e9bf012bf8d194f82210f2e7ed0200202f
:04365800fcfb002057
:020000040000fa
:020000040102f7
:10365c00f0b5040b012c85b005460e4601d107f0e0
:10366c003dfcefb20d4b0093c5f30325cde90145ad
:10367c000397042301220021ee20f0f7d7f9084b21
:10368c0004f18044013c1b68324653f8243039461f
:10369c0028469847308005b0f0bd00bfc4980201a1
:0436ac0034fd0020c9
:020000040000fa
:020000040102f7
:1036b00030b597b010220023054601910deb0200b2
:1036c00001a9039309f0c8fc01a908a8102209f078
:1036d000c3fc0caa08a904a804f0a2fd10aa034682
:1036e00004462946112003f0c2fd102203900ca9c4
:1036f00003a809f0bbfc10a809f036ff204617b05c
:0237000030bdda
:020000040000fa
:020000040102f7
:1037020030b585b0054603910df1060003a90af014
:10371200c6f903a90df107000af0c1f903a902a82d
:1037220009f013fb03a90df10a0009f00efbbdf825
:103732000a30bdf808209df807109df80600f5f73d
:103742002afe04460146284608f058ff204605b0e6
:0237520030bd88
:020000040000fa
:020000040102f7
:1037540030b585b00546009101a869460af09ef986
:1037640069460df1060009f0effa694602a809f06e
:10377400ebfa69460df10a000af090f969460df179
:103784000b000af08bf9002301a88df80c30f8f730
:1037940055f804460146284608f02fff204605b098
:0237a40030bd36
:020000040000fa
:020000040102f7
:1037a60070b5222300eb41024b4303f15604034458
:1037b6000e46918ca3f86010518da3f86210044454
:1037c600128ea3f8642005462046f1f74afd2046ee
:1037d60009f08ffc204605f0b4fa204609f025fed4
:1037e6002846314609f0dbfa2046bde8704009f06c
:0237f6008abc8b
:020000040000fa
:020000040102f7
:1037f80038b5232105460468f9f76ef9f8b194f84d
:103808008b0209f0a7fcff2810d094f98d327e2b8b
:1038180013d094f8ac31062b0cbfff23002384f897
:1038280091322846bde83840eaf7a6be202228464d
:103838002321bde8384001f0bbb81e22f7e701207c
:0238480038bd89
:020000040000fa
:020000040102f7
:10384a002de9f04104680e46904625461db12a69c5
:10385a00424503d12d6a1cb9bde8f0812d68f5e710
:10386a00237a022b0ed8236943450bd3206a401bc7
:10387a0009f0f6fa237a2769012b014604d01bb115
:10388a00022b01d02468e6e7304601f018fcf86004
:02389a00f8e74d
:020000040000fa
:020000040102f7
:10389c0037b590f83830032b054607d1fcf7cafe34
:1038ac00284607f0bbf8002385f8383001200af0d1
:1038bc0004fc044698b100f11003192101a80193ee
:1038cc000af0c4f928462246012108f00bfc0546f3
:1038dc0010b120460af042fc284603b030bd022548
:0238ec00fae7f9
:020000040000fa
:020000040102f7
:0238ee000100d7
:020000040000fa
:020000040102f7
:1038f00000b310b5044650f8042c002a02da50f840
:10390000081c01b110bd22f0004240f8042c09f05f
:103910000bfe094a54f8043c11680b441360a4f1ef
:103920000800fef791fd054a136801331360e9f7bb
:10393000b7fde7e7704700bf20fc00202cfc00200b
:020000040000fa
:020000040102f7
:10394000f8b5064617460c46d1b10f4b1b68084622
:10395000db6b984722463946054608f035fe0820bd
:10396000fcf7f6f970b14268067202f0f801074af6
:1039700044720a434260c560bde8f84006f04cbea0
:103980000d46ece7f8bd00bf600100200102040015
:020000040000fa
:020000040102f7
:10399000f7b50746087900250b300c4601950af06b
:1039a000a1fb0646207906302b4632463946c0b286
:1039b00003f05dfc0422019021460deb020009f0aa
:1039c00055fb217901a80af047f92279216801a85d
:1039d00009f04cfb304609f0c7fd284603b0f0bda6
:020000040000fa
:020000040102f7
:1039e00010b5114bdb799a068ab00c461ad50f4bed
:1039f0005b78db0716d522223e2101a808f0f2fdf4
:103a00000921009068460af027f914f8011b68465e
:103a10000af022f968462022214609f027fb01a876
:103a200009f0a2fd0ab010bd4801002040010020ad
:020000040000fa
:020000040102f7
:103a300037b505460191684601a90af031f801a998
:103a40000df101000af02cf801a90df102000af0b5
:103a500027f801a90df103000af022f89df80330c0
:103a60009df802209df801109df80000fcf714fc61
:103a700004460146284608f0c2fd204603b030bd8a
:020000040000fa
:020000040102f7
:103a800000b5104a8bb01068516805ab03c390684d
:103a9000d16803c3117c1970d2f8113001930a4b1d
:103aa0000a4a186802909b88cdf80e0001a905a863
:103ab000adf80c30adf81230f2f71cfe0bb05df82b
:103ac00004fb00bfeece02016d010020500100207a
:020000040000fa
:020000040102f7
:103ad00073b5124d0095012302220a210646ec20ff
:103ae000eff7aaff09f0c0fd044640b9012009f034
:103af000b3fd40f272633380204602b070bd4ff6d2
:103b0000ff730c240e3d33800194009501230022a5
:103b1000ff21ec20eff790ffeee700bf3c8f0001a4
:020000040000fa
:020000040102f7
:103b200073b5114d00950123022210210646ec20a9
:103b3000eff782ff09f0a0fd044648b90b4b93f95b
:103b400000303370012009f07ffd204602b070bdc7
:103b5000ff210c240e3d31700194009501230022b9
:103b6000ec20eff769fff0e7f5a901019e010020c5
:020000040000fa
:020000040102f7
:103b700010b5f9f7b3ff0446b0b903f031f80b4aba
:103b80001378590710d443f00403137008f0b0fb06
:103b900007480af0ebf807480af0eef806480af082
:103ba000f1f806480af0f4f8204610bd61fd002047
:103bb0002bb70201a9d002011d6c0201f1fe010127
:020000040000fa
:020000040102f7
:103bc00010b50af033f930b909f0fafa00280cbf41
:103bd0000020072010bd0d4c2368d3f820319847f2
:103be00008b10c20f6e72368d3f824319847002861
:103bf000f7d12368d3f8283198470028f1d12368fa
:103c0000d3f82c3198470028ded0eae7b401002031
:020000040000fa
:020000040102f7
:103c10007fb506460d4607f017fbe8b10368b3f819
:103c2000a0322b8000242b880c4d0095cde9016338
:103c3000022201235921ec20eff7fefe4cb1a5f53d
:103c400006750194009501230022ff21ec20eff777
:103c5000f3fe204604b070bd0224e4e75e66000176
:020000040000fa
:020000040102f7
:103c600010b5046804f2062204f5ef7104f5fb7048
:103c7000f2f740fd04f2c9120023c4f8c9311371f0
:103c800004f5e772c4f8ce31137194f8641041b9a9
:103c900003f07f0284f8d22163f07f0384f8cd31f2
:103ca00010bd63f07f0284f8d22103f07f03f5e7b3
:020000040000fa
:020000040102f7
:103cb00010b5f9f713ff0446b0b902f091ff0b4ab3
:103cc0001378990710d443f002030948137009f0e0
:103cd000e1ff084809f0fcff074809f0ffff07482b
:103ce0000af002f809f080fd204610bd61fd0020b9
:103cf0004dbf0201a9d002011d6c0201f1fe0101bc
:020000040000fa
:020000040102f7
:103d000037b50568002405f18c031a688a4205d08e
:103d10000134e4b2042c03f13403f6d10b4b0093cd
:103d2000019401230222d521ec20eff785fe042c1b
:103d300009d0342303fb0454d4f88c000af0f2f9c0
:103d40000023c4f88c30002003b030bd3452000191
:020000040000fa
:020000040102f7
:103d500037b5124b1b6805461c6809f08dfcd8b9b5
:103d6000012d02d0002003b030bda17b11f0fd0178
:103d700008d10df1070007f07bfe9df807300bb16d
:103d80001220f0e7a37b03f0fd03012bead109f039
:103d900053fc0028e6d1f3e70c20e4e728020020da
:020000040000fa
:020000040102f7
:103da000104b1a6802b112680f4b1b6803b11b68f5
:103db0000e49086800b100681ab192f82c20012a57
:103dc0000bd01bb193f82c30012b08d040b190f8e8
:103dd0002c00431e58425841704710467047184601
:103de000704700bf28020020200200201c02002093
:020000040000fa
:020000040102f7
:103df00037b50d780468012d12d10f4b00930222c4
:103e00002b469b21ec20eff717fe84f85d50002233
:103e1000012311462046f6f71efe002003b030bdf8
:103e2000064b0093022201239c21ec20eff704feb5
:103e3000002384f85d30eae7d4270101f927010166
:020000040000fa
:020000040102f7
:103e400010b5437b012b04460bd143695b004366ed
:103e500083695b008366237b73b923695b0a2366ee
:103e600010bd002bf7d1406905f0acff6066a0697a
:103e700005f0a8ffa066eee7a36823f47f0323f410
:103e80007f43b3f1807febd12369c3f31603e6e7e9
:020000040000fa
:020000040102f7
:103e9000f8b5104c104e2368104f3360002533687e
:103ea0006a00d34003f00303012b0cd12246062302
:103eb00003fb057352f8051f196092889a802179d7
:103ec000e8b2faf70ffb0135082d04f10904e6d139
:103ed000f8bd00bfe0ff0020d8fc00200033014106
:020000040000fa
:020000040102f7
:103ee000f8b5104c104d114f002226462b6851009a
:103ef000cb4003f00303012b0cd1062303fb027319
:103f0000d0b21968c4f805109b88a4f80930211da7
:103f1000faf724fb0132082a04f10904e6d12b68e0
:103f20003360f8bde0ff0020d8fc002000330141e1
:020000040000fa
:020000040102f7
:103f3000114b0246006818609088927998809a71b7
:103f400033f8040c40f0020023f8040c53f8082c5a
:103f500052000dd5094a5b6a12681278c3f30263f6
:103f6000da4012f0010f14bf002002200b707047de
:103f700002200023fae700bf70330141c80200208d
:020000040000fa
:020000040102f7
:103f800038b5124b1d682c6894f86430012b17d19a
:103f9000236e1b0608d5d4f8883143f08073c4f82b
:103fa000883107f065fea067237d13f0010f0bd069
:103fb0000223237528462021bde8384008f0d8bdeb
:103fc000237d13f0400ff2e738bd00bf80020020d0
:020000040000fa
:020000040102f7
:103fd00008b561b90f4b1a6802f01f02102a4ff0a2
:103fe000010314d80c4903fa02f2114079b10a21f5
:103ff00090f8660004f0b4fa084b1a6842f0100218
:104000001a601a6842f002021a60002008bd1846c1
:10401000fce700bf583801414ce00100203a014163
:020000040000fa
:020000040102f7
:10402000817d90f8253090f8262080f8273080f8a0
:10403000282059b190f8a71141b9016eb2fa82f265
:1040400041f080415209016680f82620c27d6ab1a4
:1040500090f8a62112b1002303767047b3fa83f3d8
:1040600002225b09027680f8253070470123f3e7ce
:020000040000fa
:020000040102f7
:10407000114b1a68100241bf1a4632f8241f41f052
:10408000080111801a68510241bf0c490a8842f0a8
:1040900004020a801a68920241bf08490a8842f065
:1040a00002020a801b68db0241bf044a138843f006
:1040b00001031380704700bf0c3a0141303a0141bf
:020000040000fa
:020000040102f7
:1040c00010b5124b1b780c46342101fb030393f807
:1040d0005e109b6f39b91b78c3f380131370436a6a
:1040e0002360084610bd987800f03f01d81c0844b2
:1040f000012110f8023bc3f380131370eef762f94d
:104100000028206014bf00211f21eae7ed020020f3
:020000040000fa
:020000040102f7
:10411000124bd3f8242142f08052c3f82421d3f863
:10412000242142f00062c3f82421d3f8242142f074
:104130008062c3f82421d3f8242142f00072c3f82e
:104140002421d3f8242142f40002c3f82421d3f817
:10415000242142f48002c3f8242170470024014145
:020000040000fa
:020000040102f7
:1041600070b5124e05460024336803eb8403d3f880
:104170009c310bb1284698470134032cf4d12b789d
:10418000172b12d84ff4807009f0acff044660b1d1
:1041900029464ff4807208f017fa22464ff48071d6
:1041a0000120bde8704007f0b7b970bd1c030020c6
:020000040000fa
:020000040102f7
:1041b00070b5e8b10546a0fb0132e2b901fb00f0a1
:1041c00010f14d0f19d80c464c30ecf715ff064690
:1041d00078b114b100f14c0300e003463360f5639d
:1041e000346401213046f6f77ffc0023b36400e01d
:0e41f0000026304670bd0026fbe70026f9e7ea
:020000040000fa
:020000040102f7
:1041fe0030b587b0054602910df1060002a908f010
:10420e009efd0df10501bdf8060000f082fd03aa2a
:10421e00034604462946042003f022f8bdf8061092
:10422e00029002a809f017fd9df8051002a809f0ea
:0e423e000cfd03a809f091f9204607b030bd31
:020000040000fa
:020000040102f7
:10424c0037b505460191684601a908f079fd0df1d5
:10425c00020001a908f074fdbdf80000a0f11b03d9
:10426c00e02b12d8bdf80210a1f5a4739bb244f256
:10427c004812934209d804f019fd044628462146f9
:0e428c0008f0b7f9204603b030bd1224f6e763
:020000040000fa
:020000040102f7
:10429a0038b504460d4699b1037a9bb90b7a012bbe
:1042aa000ed0827a8b7a9a420ad2f9f724f8a36a54
:1042ba0013b1204605f060fa2046f3f744fe2c4677
:1042ca00204638bd836c13b90023a373f7e7437ff5
:0e42da00002bf9d090f85030db07f5d4e5e763
:020000040000fa
:020000040102f7
:1042e80038b5024690f8671090f89e0102f012f96e
:1042f80085b292f86610002002f00cf940f27122a3
:10430800b5fbf2f1ccb202fb115189b280b2b0fb1d
:10431800f2f3dbb209b10134e4b2b0fbf2f102fb13
:0e432800110292b20ab10133dbb2e01838bdc7
:020000040000fa
:020000040102f7
:02433600100075
:020000040000fa
:020000040102f7
:10433800f0b58bb006460c46174600238df80430be
:10434800084606f05dfda8b105462246394608f044
:1043580037f902238df80530adf80960adf80b4048
:10436800cdf80d50002201a9034808f0dbfd01201b
:0c4378000bb0f0bd0020fbe7840000202b
:020000040000fa
:020000040102f7
:1043840030b585b0002405460878019406f066f837
:10439400234602aa2946032002f067ff0a4d019032
:1043a400d5f8281c01a8c9b209f054fcd5f8281c7a
:1043b40001a8c1f3072109f04dfc02a809f0d2f8c5
:0c43c400204605b030bd00bf00240141c0
:020000040000fa
:020000040102f7
:1043d00013b500230446cde9003309f045f9c8b907
:1043e0002346204633f8042fadf8002030f8072f7d
:1043f0009b788df8023083788df80630009badf8fd
:1044000004201f2b08d9019b202b34bf1220002031
:0c44100002b010bd0c20fbe71220f9e701
:020000040000fa
:020000040102f7
:10441c0008b542f20803984213d00133984212d0e7
:10442c00033b984211d00433984210d0033b98427e
:10443c000fd10423084a02ebc3035b6898470120a1
:10444c0008bd0023f6e70123f4e70223f2e7032378
:0c445c00f0e70020f4e700bfd8a4020144
:020000040000fa
:020000040102f7
:104468001fb5104bdb799a060c4618d50e4b9b7876
:104478001b0714d504223e2102a808f0aff8142126
:10448800019001a809f0e4fb218801a809f0e6fbe6
:1044980001a8a17809f0dcfb02a809f061f804b0d2
:0c44a80010bd00bf4801002040010020b2
:020000040000fa
:020000040102f7
:1044b40010b5104b1a68824219d35c6819198842e6
:1044c40001bf416818460919596041684418a2425d
:1044d40008d1094c2468a24204d052680a444260bc
:1044e4001a6812680260984218bf186010bd13461b
:0c44f400e0e700bfc0fb002078fc0020c7
:020000040000fa
:020000040102f7
:1045000073b5114c01900123022227210546009426
:10451000ec20eff791fa03f0d1fe064638b9012df1
:1045200008bf284607f0e4fb304602b070bd6ff4c8
:10453000da731c440190009401230022ff21ec2037
:0c454000eff77afaf0e700bf4c4e0001e4
:020000040000fa
:020000040102f7
:10454c0073b5104c019001230222312106460094d0
:10455c00ec20eff76bfa07f07ffe054630b90a4bfb
:10456c001b6883f80a61284602b070bda4f20f24c0
:10457c000190009401230022ff21ec20eff756fa62
:0c458c00f1e700bfa64e0001b4010020c2
:020000040000fa
:020000040102f7
:104598000378827813f0400f90f900300cbf4ff485
:1045a800fa713221002b437802f01f0243ea0223fa
:1045b800adbfc3eb03134ff4967213fb02f35b001a
:1045c800054a01f5fa714b43b3fbf2f002fb1033d5
:0c45d80003b10130704700bf40420f00eb
:020000040000fa
:020000040102f7
:1045e40010b5114a0321012008f058f909f0acfd77
:1045f40010b90024204610bd02f0defd0028f8d0da
:10460400faf7f0fc0028f4d004f074ff0028f0d08e
:1046140001f0fafb04460028ebd009f09bfc04f0ff
:0c462400d9fe03f053fae5e771e0020153
:020000040000fa
:020000040102f7
:1046300070b5114b196805460022540021fa04f6a2
:10464000b607d0b213d1ff2d02bf9a7842f0010213
:104650009a704ff0030202fa04f51a680cbf0321a6
:10466000012122ea0502a1400a431a6070bd01320d
:0c467000082ae2d11046f9e7d8fc00202f
:020000040000fa
:020000040102f7
:10467c00114bd3f8682f60f31242c3f8682fd3f8ac
:10468c00702fc2f307220a70d3f8702fc2f30742bf
:10469c004a70d3f8702fc2f307628a70d3f8742f64
:1046ac00ca70d3f8742fc2f307220a71d3f8743f7f
:0c46bc00c3f307434b7170470024014119
:020000040000fa
:020000040102f7
:1046c80008b507f002fdf0b190f900308278002bb0
:1046d800437802f01f0243ea0223bcbf4ff49672ec
:1046e80013fb02f3084ad2f80021a8bfc3eb031357
:1046f800c2f30742a8bf5b00c2eb0212b3ebc20fc2
:0c4708008cbf0120002008bd00240141ee
:020000040000fa
:020000040102f7
:104714007fb50d4b00681b788df804300b4b1b786c
:104724008df806300a4b1b788df80530094b1b7841
:104734008df80730084b01a91b680593e6f796fe30
:10474400002007b05df804fbed020020ec0200201d
:0c475400ee020020ef020020e80200202e
:020000040000fa
:020000040102f7
:1047600037b5104c23685b79022b0d4614d100201d
:10477000f9f720fc29780c4a236881b90120587187
:1047800058781870236819724ff48073adf80430ac
:1047900001a9106809f0c4fc002003b030bd00215d
:0c47a0005971f6e7f80200200003002029
:020000040000fa
:020000040102f7
:1047ac00012837b50c4614d9013801aa694680b2e4
:1047bc0004f024fe70b1009d0b492868022207f01a
:1047cc00effe70b96b68122c1b7805d113f0080f33
:1047dc0000d1032003b030bd522cfbd113f0040fd9
:0c47ec00f6e70020f6e700bfa69e0101e2
:020000040000fa
:020000040102f7
:1047f80070b50e4b0e4a0021934208d30d480e4d5a
:104808004ff6ff76016829b943681bb970bd03f8f4
:10481800011bf1e783684268334000f10c0455f846
:1048280023302046984704eb8000ebe70000002087
:0c483800240300209c100001b0d20201fb
:020000040000fa
:020000040102f7
:1048440001f000428b1aa3f16051b1f5801f0adb1d
:10485400b1f17f6f09d242eac102c10071f1004196
:1048640042eb507070471046704701285b4113f5c6
:10487400001f02d842f0ff407047c90041ea50705f
:0c488400104340f4800040f0804070477a
:020000040000fa
:020000040102f7
:104890007fb5002302aa0146092002f0e8fc0b21a3
:1048a000019001a809f0d8f901a840f24c4109f0a3
:1048b000d9f901a80b2109f0cff901a8cd2109f000
:1048c000d1f940f24c4101a809f0ccf902a808f056
:0a48d0004bfe002007b05df804fb6a
:020000040000fa
:020000040102f7
:1048da0037b5054601910df1020001a908f031fa38
:1048ea00bdf80210002005f06ef80028bdf802009d
:1048fa000cbf0024122406f0a2fc60b124b9bdf852
:10490a000200f6f754fa04462846214601f0e1fe71
:0a491a00204603b030bd0224f6e78a
:020000040000fa
:020000040102f7
:1049240037b5054601910df1020001a908f00cfa12
:10493400bdf80210002005f049f890b9bdf8020056
:1049440006f080fc78b1bdf80200fcf7adfd04462a
:104954002846bdf80220214606f0a0fa204603b0fe
:0a49640030bd1224f4e70224f2e74c
:020000040000fa
:020000040102f7
:10496e0000b593b003688df8041041f20302adf860
:10497e00002093f8c6216ff3000283f8c6211a882f
:10498e00adf8062061b9b3f84222d3f83e32029355
:10499e006846adf80c2003f026fd13b05df804fb5d
:0a49ae00b3f83422d3f83032f1e7f9
:020000040000fa
:020000040102f7
:1049b80070b50368044693f8be0110f004000e4673
:1049c800154610d00321002006f0bcfe014608b9a8
:1049d800002070bd1123037346738573204608f0c9
:1049e80027f80120f5e7022106f0acfe0146002871
:0a49f800eed00d2303734573f0e7c2
:020000040000fa
:020000040102f7
:104a020070b503210646002006f09ffee0b135682e
:104a12001623037395f86332437395f864328373f4
:104a22000146304608f007f895f86440012c0ad197
:104a3200b5f89e31a5f8f63295f863123046f8f7cc
:0a4a420090f8a5f89e01012070bd58
:020000040000fa
:020000040102f7
:104a4c0037b5828a05462ab100f11601f3f72cfb23
:104a5c000023ab82012009f030fb044698b100f131
:104a6c001003132101a8019309f0f0f828462246ff
:104a7c00012107f037fb054610b1204609f06efb0b
:0a4a8c00284603b030bd0225fae70a
:020000040000fa
:020000040102f7
:024a960002001c
:020000040000fa
:020000040102f7
:104a98000b4b4ff47a421a600a4b4ff483721a6038
:104aa800094b5e221a60094b00221a6008490a6005
:104ab800084a4ff6ff11116007221a60704700bfbd
:104ac80014fc002018fc002010fc002010e000e07e
:084ad80018e000e014e000e02a
:020000040000fa
:020000040102f7
:104ae00010b50e4b1a6842f460021a601a6842f060
:104af00060421a60fff7d0ff0024094b1c6008f0e9
:104b000029fa084a136843f04043136005f008fc93
:104b1000f3f7d6fd06f04cff204610bd20ed00e077
:084b20005401012034ef00e014
:020000040000fa
:020000040102f7
:104b28000c4b1b687bb90c4b1b6873b90b4b1b6890
:104b38006bb90b4b18680b4b1b68013b984214bfb1
:104b48000120022070470020704700207047002095
:104b5800704700bf24fb002068fc00205cfc00209c
:084b680038fb00203cfc00209a
:020000040000fa
:020000040102f7
:104b7000352000008b7c020136200000154f01011a
:104b800037200000bf0f0201382000002110020171
:104b90003a200000e974020139200000c1c6010179
:104ba0003b200000217502013c200000b1a402015d
:084bb0003d200000c9cc020108
:020000040000fa
:020000040102f7
:104bb8001fb50c460522132102a807f00ffd217826
:104bc800019001a809f044f8618801a809f046f8a5
:104bd800a18801a809f042f802a808f0c1fc054a1a
:104be800a18813788b4226bf5b1adbb200231370af
:084bf80004b010bdfc00002018
:020000040000fa
:020000040102f7
:104c00001fb5104bdb799b060c4618d505223e21bb
:104c100002a807f0e7fc1f21019001a809f01cf889
:104c2000217801a809f018f8618801a809f01af89c
:104c300001a8217909f010f802a808f095fc04b049
:084c400010bd00bf4801002077
:020000040000fa
:020000040102f7
:104c4800c10606d5103880b20d2818d80d4b185c4f
:104c5800704710f0010f00f0040304d0002b14bfbc
:104c6800072006207047820704d5002b14bf0b20ad
:104c78000a207047002b14bf092008207047002025
:084c8800704700bfaeda020123
:020000040000fa
:020000040102f7
:104c900073b5104d0095012302220b210646ec202e
:104ca000eef7cafe08f0e0fc044638b9012008f02f
:104cb000d3fc02233370204602b070bdff210c24c8
:104cc000243d31700194009501230022ec20eef781
:084cd000b3fef0e7528f000172
:020000040000fa
:020000040102f7
:104cd80013b500230193f4f7abfb019048b10d4bda
:104ce8001b685c683cb90198036883b1214608f0e9
:104cf800adf802b010bd94f86031012b05d1002346
:104d08001a4601a92046f5f7a2fe2468eae7f5f756
:084d18005ff9eee7b001002095
:020000040000fa
:020000040102f7
:104d200037b50c4606f090fac8b1036893f91b300a
:104d3000237000240b4d0095012302223d21ec201d
:104d4000eef77afe44b1ac3d0194009501230022b8
:104d5000fd21ec20eef770fe204603b030bd0224aa
:084d6000e8e700bf69c3000190
:020000040000fa
:020000040102f7
:104d6800f8b5144606460f4f084607f0f5fd7b6870
:104d7800621e024493423fbf1b1a01339bb2e41ade
:104d88003abfa5b21c46002501462246304607f028
:104d980017fc35b12a4639683019bde8f84007f0e4
:084da8000fbcf8bde80100207a
:020000040000fa
:020000040102f7
:104db00038b5192104460568f7f792fe08b90120b5
:104dc00038bd95f864307bb90a4b95f86f121a68b4
:104dd000d1701b68da78252a02d92522da70efe72c
:104de000012aecd80222f9e720461921bde8384013
:084df00006f0f0bcf8020020ff
:020000040000fa
:020000040102f7
:104df80038b5062104460568002006f0a3fca8b1d2
:104e08000c2303730a4b1b7843730a4b1b88c3811b
:104e180040f24c43038295f8c63143f0080301463b
:104e280085f8c631204607f003fe012038bd00bfd3
:084e3800c40100200802002063
:020000040000fa
:020000040102f7
:104e4000f0b5c4880e4b876885b0e6b20093240a9b
:104e500002231a460546cde901468121ec20eef7f2
:104e6000ebfd084b53f824303bb105f10c023946f9
:104e7000304605b0bde8f040184705b0f0bd00bfb2
:084e800050ca020150fa0020a3
:020000040000fa
:020000040102f7
:104e880013b50d4c2378a3b90c4a63885288a380c4
:104e98007ab173b10a4b009302220123b921ec20a5
:104ea800eef7c6fd074904f10800ebf749fd0123b9
:104eb800237002b010bd00bf70fa0020acfa0020c9
:084ec8002155000100881300d0
:020000040000fa
:020000040102f7
:104ed0007fb506460c46154608f0c6fbb8b90d4b23
:104ee0001b78012b13d02368cdf809300df1070191
:104ef000a3888df8086002a8adf80d308df80f502a
:104f000000f030fe002818bf422004b070bd0c2015
:084f1000fbe700bf6bfd002070
:020000040000fa
:020000040102f7
:104f180073b5104c0094012302226d210646ec2043
:104f2800eef786fd08f08cfc054640b9012008f034
:104f38008ffb09f0f5f83070284602b070bdff21ec
:104f48003b3c01903170009401230022ec20eef7e5
:084f58006ffdf1e712a2000158
:020000040000fa
:020000040102f7
:104f600008b50b49012008f057fb0a49022008f058
:104f700053fb09490c2008f057fb084808f078fe5d
:104f8000074808f099fe074808f08efb002008bd8e
:104f90001de10201f13d02016d5e000125120101da
:084fa00061890101a9a70201ca
:020000040000fa
:020000040102f7
:104fa800104b1a686ff3c7121a601a686ff38612eb
:104fb8001a601a686ff345121a601a686ff30412c0
:104fc8001a601a686ff3c3021a601a686ff38202d4
:104fd8001a601a686ff341021a601a686ff30002c8
:084fe8001a607047203a0141f4
:020000040000fa
:020000040102f7
:104ff000104b1a886ff3c7121a801a886ff3861243
:105000001a801a886ff345121a801a886ff30412f7
:105010001a801a886ff3c3021a801a886ff382020b
:105020001a801a886ff341021a801a886ff30002ff
:085030001a807047283a014183
:020000040000fa
:020000040102f7
:10503800f8b5064601200f46154601f08fff0c4bc8
:105048001b78012b00d078b1272e0fd8072d0dd84b
:10505800fbf7eaf8074b00241c735e709f70dd7045
:10506800e4f706f92046f8bd0c20fce71220fae721
:0850780069020020580200202b
:020000040000fa
:020000040102f7
:105080002de9f84300ebc2070646d7f800900d461d
:1050900090464c1e454508db013406ebc4003946fa
:1050a00008f07af82046bde8f88356f83530a3ebcf
:1050b00009035b0206ebc50104d5013406ebc4000d
:0850c00008f06af80135e5e78c
:020000040000fa
:020000040102f7
:1050c80030b5c0f30802c1f308041319490ab3f54f
:1050d8009c7f01eb50210b4d0add6ff49c73e018a7
:1050e8004b1c1044ab4280b209d840ea432030bd83
:1050f800a94298b20b46f8d9a1f50003f5e74b1b76
:08510800f3e700bfffff7f0089
:020000040000fa
:020000040102f7
:1051100070b5104e346805464cb9cdb12868b8b1a9
:1051200008f0e2ff2846bde8704008f0ddbfa36844
:10513000ab4209d1d4e9002342b15360d4e9002342
:1051400020461a6008f0d0ff2468e5e77360f5e7b1
:0851500070bd00bf78020020d1
:020000040000fa
:020000040102f7
:105158004278007812f0010318bf0623910748bf70
:105168000633510744bf0133dbb2110744bf023392
:10517800dbb2d10644bf0333dbb2910644bf12331e
:10518800dbb2520648bf0133c0f3050048bfdbb2ab
:085198000138c01ac0b27047d3
:020000040000fa
:020000040102f7
:1051a00008b50f4bd3f8682f42f40012c3f8682fec
:1051b0001a46d2f8683f9b02fbd40a49002382f8c2
:1051c000683f0a68012013700a681a440133082beb
:1051d000d070f9d1f0f774ff0b6800229a7008bd07
:0851e00000240141c802002077
:020000040000fa
:020000040102f7
:1051e80070b50e460546b8b101f133042046fcf708
:1051f80051fe0c4bd6f833001860b6f837209a8069
:1052080033f8402c42f0400223f8402c53f8442c49
:1052180042f4806243f8442c31462846bde8704089
:08522800eff776b8ac33014149
:020000040000fa
:020000040102f7
:1052300037b50468236e002b054610da5b000ed5e7
:1052400000f01afb236e23f00043236605f00cfaee
:1052500001ab0422074901950120fbf725fb00f073
:105260000bfb236e23f08043236605f0fdf903b0aa
:0852700030bd00bf5404010130
:020000040000fa
:020000040102f7
:1052780010b590f81431072b0c46d0f8b43008d08c
:105288001b78c3f380131370d0f8b0300b60002084
:1052980010bd987800f03f01d81c0844012110f88f
:1052a800023bc3f380131370edf788f800282060e1
:0852b80014bf00201f20ebe7ea
:020000040000fa
:020000040102f7
:1052c00010b50446002008f0f7fa002008f0ecfac8
:1052d000122c12d002d8112c08d010bd213c022c67
:1052e000fbd8084b4ff4a5711a6802e0054b1a6809
:1052f000d82161f30f021a60efe7024b7c211a6894
:08530000f7e700bf643401412e
:020000040000fa
:020000040102f7
:105308000f4b02681b78342101fb0323012283f829
:1053180088200c4bd3f81c21110207d5d3f824217f
:1053280042f48022c3f8242100207047d3f81c21be
:10533800d201f9d5d3f8242142f40022f2e700bfc4
:08534800ed02002000240141e8
:020000040000fa
:020000040102f7
:10535000104bd3f80021962161f31742c3f80021c6
:10536000d3f800216ff31962c3f80021d3f80021ac
:105370006ff39a62c3f80021027b32b1d3f80021a7
:105380006ff30002c3f800217047d3f8002142f008
:085390000102f7e700240141ce
:020000040000fa
:020000040102f7
:1053980070b590f866300446ebb9856c0235072184
:1053a8002846edf70bf80646a8b12846fff7d0fec9
:1053b80028220146304605f08dfc60b10368c4f828
:1053c8006730037984f86b30b0f80530a4f8723090
:0853d800012384f8663070bd6a
:020000040000fa
:020000040102f7
:1053e000f8b50a7912f003061bd10f68920835460a
:1053f00022b9114607f003f93046f8bd51fa85f499
:10540000013ae37994f808c01b0443ea0c6394f86a
:1054100005c0a47943ea0c0343ea0423eb510435a5
:06542000e6e70126e8e7c3
:020000040000fa
:020000040102f7
:1054260030b585b0054600230df103010df10200ec
:10543600019303f0defb02aa034604462946032035
:1054460001f012ff9df80210019001a808f001fc7e
:105456009df8031001a808f0fcfb02a808f081f8eb
:06546600204605b030bd38
:020000040000fa
:020000040102f7
:10546c0037b5054601910df1010001a908f012fbb9
:10547c0001a90df1020008f00dfb01a90df10300cb
:10548c0008f008fb019b9df803209df802109df885
:10549c000100e6f7b1fc04460146284607f0a9f8de
:0654ac00204603b030bdf4
:020000040000fa
:020000040102f7
:1054b20037b5054601910df1020001a907f045fc3f
:1054c200bdf80210002004f082fa80b9bdf8020093
:1054d20005f0b9fe68b1bdf8020006f047f90446ce
:1054e2002846214601f0f9f8204603b030bd1224c7
:0654f200f6e70224f4e7d6
:020000040000fa
:020000040102f7
:1054f80090f81431072b04d041f21113a1f866304b
:10550800704790f80231012b04d0002bf4d0022b05
:1055180003d0704741f21223f0e790f8173181f871
:1055280068302122012b81f8662014bf2322222211
:0655380081f867207047b6
:020000040000fa
:020000040102f7
:10553e00f8b50c2104460668f7f7cbfa0546c0b15c
:10554e0096f8ac31022b0bd10027204686f8ac71b1
:10555e0003f034f939462046faf75ffd2846f8bdc8
:10556e0096f8c6311b07f9d42046bde8f840fff780
:06557e003cbc0125f2e730
:020000040000fa
:020000040102f7
:105584000168b1f84622b1f848329a4219d8063a6d
:1055940092b240f67a40824213d8063b9bb28342d1
:1055a4000fd8b1f84a32b3f5fa7f0ad2b1f84c02f7
:1055b4000a3880b240f6764398428cbf002001201e
:0655c40070470020704753
:020000040000fa
:020000040102f7
:1055ca0073b54a89032a06460d460ad10b7c03f0b5
:1055da00bf03122b09d14968a87b04f057f9044686
:1055ea0000b18024204602b070bd0df10701fdf71d
:1055fa0096fa04460028f5d12a469df80710304647
:06560a00f9f7d2fdeee706
:020000040000fa
:020000040102f7
:1056100038b5437ad907054601d4002038bd827acf
:10562000d207fad513f00c0f10d0002444724ff4b7
:10563000827008f057fd0028efd0102202702a88ef
:1056400082808471042105f003fae6e743f0040345
:0656500043721220e2e7a4
:020000040000fa
:020000040102f7
:0256560004004e
:020000040000fa
:020000040102f7
:1056580070b58ab004460e4600238df8043005f074
:10566800cffb98b105462246314606f0a9ff032331
:105678008df80530cdf80950adf80d40002201a98c
:10568800034807f04ffc01200ab070bd0020fbe77b
:04569800840000206a
:020000040000fa
:020000040102f7
:10569c0010b504460378032b04d0042b12d0022b34
:1056ac0008d010bd03f06aff60680028f9d008f03c
:1056bc00b8fcf6e701f0b8fda0680028f1d008f0be
:1056cc00b0fceee7fbf7ccfda0680028e9d008f0b1
:0456dc00a8fce6e759
:020000040000fa
:020000040102f7
:1056e000891a00f1824030b500f5b0304d1c01211f
:1056f000a94004880139914024ea010493401c43e5
:10570000a4b2048030bd00f1824000f5b030891aa7
:105710000388013101208840013890401840104131
:0457200080b270479c
:020000040000fa
:020000040102f7
:1057240030b589b0054602910df1070002a908f0d1
:10573400b5f903aa02999df80700f7f785f805aab9
:10574400034604462946072001f08ffd06220290f5
:1057540003a902a807f088fc05a807f003ff204668
:0457640009b030bd9b
:020000040000fa
:020000040102f7
:1057680030b587b0054600230df1060101a8029364
:1057780002f06cfd03aa034604462946052001f001
:1057880072fdbdf80410029002a808f067fabdf88f
:10579800061002a808f062fa03a807f0e1fe204606
:0457a80007b030bd59
:020000040000fa
:020000040102f7
:1057ac001fb50f4b93f90030002b0c4615da08216e
:1057bc0004220deb010006f00fff2178019001a8e7
:1057cc0008f044fa618801a808f046fa01a821798a
:1057dc0008f03cfa02a807f0c1fe04b010bd00bfef
:0457ec004801002050
:020000040000fa
:020000040102f7
:1057f0001fb50e4bdb799b060c4615d50c4b93f968
:105800000130002b10da03223e2102a806f0eafe46
:105810001021019001a808f01ffa01a8218808f0c2
:1058200021fa02a807f0a0fe04b010bd4801002034
:045830004001002013
:020000040000fa
:020000040102f7
:1058340037b5054601910df1010001a908f02ef9d3
:1058440001a90df1020008f029f901a90df10300e5
:1058540008f024f99df803209df802109df801003a
:10586400fff7e8fb04460146284606f0c6fe20463c
:0458740003b030bd90
:020000040000fa
:020000040102f7
:105878000e4b1a78b2b90e4a4ff00041c2f88010a8
:10588800bff34f8fbff36f8f0121c2f88410bff3ae
:105898004f8fbff36f8f8902c2f88410bff34f8f09
:1058a800bff36f8f1a7801321a7070475cfd0020c1
:0458b80000e100e02b
:020000040000fa
:020000040102f7
:1058bc0070b50f4c2368d3f8303106460d46984727
:1058cc0008b10c2070bd2368d3f8343198470028f8
:1058dc00f7d12368d3f8383198470028f1d13146f5
:1058ec002846f5f783fb002814bf00201220e9e7b7
:0458fc00b4010020d3
:020000040000fa
:020000040102f7
:105900007fb5056802912b8801930d4b00930e46dd
:105910000446012302225e21ec20eef78df8022ed0
:1059200006d11621204607f071fd002385f8ac3121
:105930002068002104b0bde8704007f02dbf00bf13
:04594000f53002013b
:020000040000fa
:020000040102f7
:1059440070b505460e46eff75fff044610b101241b
:10595400204670bd094b1b6853b9094b1b68002bcb
:10596400f6d0314628469847041c18bf0124efe7b7
:105974003146284698470028efd0e8e7acfc0020e1
:04598400b0fc002053
:020000040000fa
:020000040102f7
:1059880038b500240b4b0546214620220a48c3e9b6
:10599800004307f093fc094b094a1c6001210846a3
:1059a80006f07aff2846eff71dfbbde83840fcf704
:1059b80015ba00bf7802002050fa0020bcfc002075
:0459c800414e020149
:020000040000fa
:020000040102f7
:1059cc0013b50d4c2278012a03d0022a0fd002b055
:1059dc0010bd0a4b0093b12113460222ec20eef7c6
:1059ec0025f8201dedf76afd00232370efe7044b2b
:1059fc000093b2210123f1e7acfa00208554000199
:045a0c0093540001ae
:020000040000fa
:020000040102f7
:105a100037b50f4c0094012302226c21ec20eef7e5
:105a20000bf806f0b5f8054638b908f0f9f9012089
:105a300007f012fe284603b030bd2d3c01900094c3
:105a400001230022ff21ec20edf7f6fff2e700bf73
:045a500004a20001ab
:020000040000fa
:020000040102f7
:105a540010b50f4c2379590718d5e38801339bb24d
:105a6400e38003b9a36006f061f9a36818442379bd
:105a7400a0601a074cbf03f0ef0303f0df0383f0c9
:105a840008032371bde81040fbf73ab910bd00bf0d
:045a94005802002094
:020000040000fa
:020000040102f7
:105a980038b50f4d296891f8bb320133dbb281f874
:105aa800bb3291f8ba12994211d1002407e003ebf6
:105ab80084030134d3f8bc0203f07afae4b22b6809
:105ac80093f8bb22a242f2d80022a3f8ba2238bd2a
:045ad8007402002034
:020000040000fa
:020000040102f7
:105adc0038b50f4d296891f8ed320133dbb281f8fe
:105aec00ed3291f8ec12994211d1002407e004f147
:105afc00bc02013453f8220003f070fae4b22b68b4
:105b0c0093f8ed22a242f2d80022a3f8ec2238bd81
:045b1c0074020020ef
:020000040000fa
:020000040102f7
:105b200038b50546b0b1037ab3b9847bb4b9836c98
:105b300073b1e6f79df898b195f84d30012b02d07e
:105b4000284605f08bfe00222946287ae1f76af8fc
:105b5000204638bd0124fbe70324f9e71c46f7e79c
:045b60000424f5e73d
:020000040000fa
:020000040102f7
:105b64002de9f8430d4bdff838901f7880460d4639
:105b7400002427fa04f3db07e6b206d508224146df
:105b840009ebc40006f010fd28b10134082cf0d153
:105b94004220bde8f8832e70fbe700bfc40200205a
:045ba4008402002057
:020000040000fa
:020000040102f7
:105ba8002de9f0410e4e002400f117074ff02708a9
:105bb80035682b78e340db070ad508fb0450102230
:105bc8003946223006f0eefc003018bf0120a870dc
:105bd80033689b7813b90134082ce9d1bde8f0810a
:045be800c8020020cf
:020000040000fa
:020000040102f7
:105bec00122811d004d811284ff0010005d07047ad
:105bfc00213802280ed901207047094b1a8860f30e
:105c0c0083021a8000207047054b1a88022161f329
:105c1c008302f6e7024a138843f00c031380f1e782
:045c2c00c03401413e
:020000040000fa
:020000040102f7
:105c300038b50f4b1d682c6806f076ff94f8642089
:105c4000237d82b913f0400f10d0d4f87801037f80
:105c50000bb908f035fa0423237528462421bde842
:105c6000384006f085bf13f0010fede738bd00bfe7
:045c7000800200208e
:020000040000fa
:020000040102f7
:105c740061b190f86630212b11d00ad8112b15d0c0
:105c8400122b08bf012018bfff20704790f867301f
:105c9400f1e7222b0cd0232b08bf0220f3e790f866
:105ca4006830002b0cbf022003207047002070478f
:045cb4000320704712
:020000040000fa
:020000040102f7
:105cb80070b50e4b1d880e4b03f58252441b966837
:105cc800a4b264f31f46966003f582520139d66880
:105cd80003f5825364f31f46d66008441a69401bd3
:105ce80080b260f31f421a6170bd00bf6c020020d1
:045cf8000024014142
:020000040000fa
:020000040102f7
:105cfc00342303fb010191f85c20c86f91f85f30ed
:105d0c008ab9013bdbb2ff2b00f1020200d17047d4
:105d1c00127802f03f0203321044f2e7127802f0dc
:105d2c003f0203321044013b13f0ff0300f1020267
:045d3c00f4d17047e7
:020000040000fa
:020000040102f7
:105d400030b5046887b00df1030220460d4605f01a
:105d5000dafd90b99df80330094a8df8043040f21d
:105d60000143adf8053013788df80730591c1170d8
:105d7000204601a90595e5f77bfb002007b030bd63
:045d800070fd002092
:020000040000fa
:020000040102f7
:105d840037b50023adf804304b7805460c462bb1eb
:105d94000021206908f0c2f903b030bd0df1030100
:105da40004f0e6ffa37803f01103184310f0ff0f8b
:105db400eed195f833308df8043001238df8053099
:045dc40001a9e6e764
:020000040000fa
:020000040102f7
:105dc80038b50f4b014618680368a2b98c894f2c67
:105dd80001d8302c11d13bb18d89dc89a54207d877
:105de800cc899b899c4208d204f056fe002038bd1d
:105df8001a461b68efe70022ede70120f7e700bf2e
:045e0800140300205f
:020000040000fa
:020000040102f7
:105e0c0038b50d4c236825467bb12b68002118460c
:105e1c008c2207f051fa18224270084808f06cf9ed
:105e2c00074808f061f9012038bd8c2008f054f9be
:105e3c0020600028e9d1f7e72cfd00205139010141
:045e4c00ddee000186
:020000040000fa
:020000040102f7
:105e5000434d443a4c746b5265715265706c792ca9
:105e600048646c3d30782578004552523a7374612d
:105e70007475733d256400434d443a4c746b526510
:105e8000714e65675265706c792c48646c3d307852
:035e900025780072
:020000040000fa
:020000040102f7
:105e940030b593b00546019102a801a9202207f06c
:105ea400d9f8202201a90aa807f0d4f801a90df114
:105eb400030007f0f3fd9df803200aa902a8ebf7fd
:105ec400edfd04460146284600f006fc204613b0ca
:025ed40030bddf
:020000040000fa
:020000040102f7
:105ed60010b5044690f8a83031b123b9b0f8b23005
:105ee6000133a0f8b23010bd53b9aa30f8f75ffc01
:105ef60094f8b43084f8aa300123a4f8b230f2e75b
:105f0600b0f89830a0f8c230bde81040b830f1f7cc
:025f16006ebb60
:020000040000fa
:020000040102f7
:105f1800c0b208b50b461146072808d8dfe800f0dc
:105f280004090d11070715151868e8f72dff00205b
:105f380008bd1846f9f71af8f9e71846f5f794fd79
:105f4800f5e71846edf78cfcf1e7184603f043fc3b
:025f5800ede773
:020000040000fa
:020000040102f7
:025f5a0001182c
:020000040000fa
:020000040102f7
:105f5c0010b5054c227832b9044b13b10448aff399
:105f6c0000800123237010bd90fa00200000000077
:105f7c000000000008b5034b1bb103490348aff305
:105f8c00008008bd0000000094fa00200000000012
:020000040000fa
:020000040102f7
:105f9c00074b084a1a60084b084a1a60084a094b12
:105fac001360094a1360094a00201360704700bf50
:105fbc00c8000020e9a302010c0100207d7f020132
:105fcc002c010020fd1800013001002034010020bc
:020000040000fa
:020000040102f7
:105fdc002000800000c00000000004000000282207
:105fec00000000000000040000f7ffff7f0000002d
:105ffc0030f0ffffffffff07e0070004fa0100008d
:10600c000000000000000000000000000000000084
:020000040000fa
:020000040102f7
:10601c0010b586b004460df105010df1060002f035
:10602c002dfe002303aa2146042001f01af9bdf825
:10603c000610029002a807f00ffe9df8051002a8aa
:10604c0007f004fe03a807f089fa002006b010bd83
:020000040000fa
:020000040102f7
:10605c0030b587b005460df1060101a802f05cf9d8
:10606c0003aa034604462946052001f0faf8bdf8b8
:10607c000410029002a807f0effdbdf8061002a86c
:10608c0007f0eafd03a807f069fa204607b030bd17
:020000040000fa
:020000040102f7
:10609c001fb50e4b1b78db060c4614d504220521cc
:1060ac0002a806f099fa2178019001a807f0cefd1c
:1060bc00618801a807f0d0fd01a8217907f0c6fd81
:1060cc0002a807f04bfa04b010bd00bf4801002035
:020000040000fa
:020000040102f7
:1060dc004420000081cf01014520000021cd0201a8
:1060ec0046200000a1a502014720000059670201cb
:1060fc0048200000976702014920000037cd0201bb
:10610c004a2000001d810201592000002d7d020152
:020000040000fa
:020000040102f7
:10611c0073b50c4c0c4e0d4d23684ff0ff329b6a3f
:10612c0001a9304698470128f6d10198437955f8d2
:10613c0023309847019890f90430002becdb02f0e7
:10614c001bf8e9e7600100208c01002030fa0020e8
:020000040000fa
:020000040102f7
:10615c000a4b0b4a002018700a4b106050601a460c
:10616c00c3e9000342f8080fda60074b1a8860f3a2
:10617c00c3021a800721054a00f0f0bc5ffd002025
:10618c00d0fb002074fb0020203e0141f5df000114
:020000040000fa
:020000040102f7
:10619c0010b50e4c3c20218802f0a8f961884420ef
:1061ac0002f0a4f9a388002203211c2004f0a3fd13
:1061bc00e38810221621142004f09dfd238910225f
:1061cc0016216420bde8104004f095bd900100201c
:020000040000fa
:020000040102f7
:1061dc0010b53c2002f092ff0c4c2080442002f0c1
:1061ec008dff0022608003211c2005f021ff10226e
:1061fc00a0801621142005f01bff1022e080162130
:10620c00642005f015ff208110bd00bf9001002017
:020000040000fa
:020000040102f7
:10621c00d0f8f031094a5a62d0f8f031084a9a6243
:10622c00d0f8f031074ada62d0f8f031064a1a6336
:10623c00d0f8f031054a5a63704700bf41b90001ec
:10624c0045e10201d1b4020157a1020109e10201a9
:020000040000fa
:020000040102f7
:10625c0038b505460c4605f0d5ffa8b10b4b1868b0
:10626c002946043007f040fd60b190f860315bb115
:10627c0090f84130237050f8333f1360838893803b
:10628c00002038bd4220fce70c20fae7b0010020ca
:020000040000fa
:020000040102f7
:10629c0037b50d4d0095012302221c21ec20edf7a2
:1062ac00c5fb03f097fc044620b9084b1860204648
:1062bc0003b030bd9e3d0190009501230022ff21cb
:1062cc00ec20edf7b3fbf2e7354d0001d8fc0020d4
:020000040000fa
:020000040102f7
:1062dc0010b507f0a5fd08b9002010bd0b4c2368c4
:1062ec00d3f82031984778b92368d3f824319847ec
:1062fc0050b92368d3f82831984728b92368d3f8c4
:10630c002c3198470028e7d00c20e6e7b401002098
:020000040000fa
:020000040102f7
:10631c0037b50e4c0094012302222321ec20edf71b
:10632c0085fbfff7d5ff054620b9fef733ff28465e
:10633c0003b030bda4f5a774019000940123002292
:10634c00ff21ec20edf772fbf1e700bfe54d0001fa
:020000040000fa
:020000040102f7
:10635c0038b5036893f8ac21213a012a05460ad8ce
:10636c0093f8ad41012c06d1022283f8ad2183f8bc
:10637c00a941204638bd062203212846fef716fb0c
:10638c0004460028f5d000212846f9f747fef0e72f
:020000040000fa
:020000040102f7
:10639c0010b509210446002005f0d2f9b8b12368e4
:1063ac0015220273b3f8a221a0f80d20b3f8a42192
:1063bc00a0f80f20b3f89e21a0f81120b3f8a0315b
:1063cc00a0f813300146204606f030fb012010bd2a
:020000040000fa
:020000040102f7
:1063dc0010b50e4b4ff0000451b193f9012090f918
:1063ec000010914207db027044f00204204610bdfd
:1063fc0093f90220f3e793f90330994203dc03701d
:10640c0044f00104f2e7eef7d0f8efe79e0100202c
:020000040000fa
:020000040102f7
:10641c0037b50d7804686b0602d52046f9f716f8e7
:10642c00a38a0a4c01930094012302226f21ec20d1
:10643c00edf7fcfa15340223019500941a467021ed
:10644c00ec20edf7f3fa002003b030bd74a200018c
:020000040000fa
:020000040102f7
:10645c0008b50b4a0c21022000f080fb094a0d21e3
:10646c00022000f07bfb084a0e21022000f076fb94
:10647c00064a0f21022000f071fb002008bd00bf6e
:10648c00fdb20201d9b20201b5b2020191b2020110
:020000040000fa
:020000040102f7
:10649c00094b10b500241c60084b1c60084b1c6099
:1064ac00084b1c60084b1c7006f0cafe20460749be
:1064bc0007f00afd204610bdd8020020f0fc002099
:1064cc00ecfc0020f4fc0020d502002081d301015b
:020000040000fa
:020000040102f7
:1064dc00c38a063b9bb240f67a42934213d8438b55
:1064ec000a3b9bb2043a93420dd890f821301b33ef
:1064fc0003f01f030b2b06d8044b1b68002b14bf97
:10650c0000201f2070471e20704700bfd8020020bb
:020000040000fa
:020000040102f7
:10651c00122917d00bd8112911d00c4b1b68c3f3bf
:10652c004113012b07d1000100f519707047222986
:10653c00f9d02329f1d1800100f266307047c000f8
:10654c00e63070478000c230704700bfc034014154
:020000040000fa
:020000040102f7
:10655c0010b5044607f022f90369fe2b81bf002316
:10656c0063760368826894bf01239b18064a98bf20
:10657c006376126898bf43699b1a044a11689bb2f0
:10658c0063f30f01116010bd6c0200204c3401410b
:020000040000fa
:020000040102f7
:10659c0007b590f8e5100023adf8043099b990f8e0
:1065ac00e43013f0110f07d190f8c7308df8043098
:1065bc0001238df8053001a9044b186807f0aafdda
:1065cc0003b05df804fb1946f6e700bfe4020020b7
:020000040000fa
:020000040102f7
:1065dc00342303fb010393f88020012a14d193f890
:1065ec005c208ab993f85d20072a0dd193f85e20c0
:1065fc0052b1064ad2f8242112f0ff0f04d193f8bd
:10660c0088300bb9fef75ab80020704700240141be
:020000040000fa
:020000040102f7
:10661c0010b50446fcf7c8ff2046f3f707fb2046ed
:10662c00eef70ef9204604f017fff1f7edfe2046c9
:10663c00fbf75cfc2046fef785feebf799f800f0c3
:10664c0021fd01f007fa2046bde81040f4f75ebdcd
:020000040000fa
:020000040102f7
:10665c00094b10b500241c70084b1c60084b1c60c7
:10666c00084b1c60084b1c6002f0f0fd0749012030
:10667c0007f02afc204610bd71fd002008fd00200b
:10668c000cfd002010fd002014fd0020dd7e020119
:020000040000fa
:020000040102f7
:10669c00026892f8bc3043f0080382f8bc300b4b14
:1066ac00d3f81c21110207d5d3f8242142f48022ff
:1066bc00c3f8242100207047d3f81c21d201f9d54e
:1066cc00d3f8242142f40022f2e700bf0024014158
:020000040000fa
:020000040102f7
:1066dc007fb505460e4602ac01a80f21019407f0c8
:1066ec00b5fa04210deb010007f0b0fa314601a810
:1066fc0007f0acfa01a8012107f0a8fa294601a875
:0e670c0007f0aafa204606f029ff04b070bd7f
:020000040000fa
:020000040102f7
:10671a0037b5054601910df1020001a907f0bbf951
:10672a00019c01a9a31d0df10300019307f0b3f920
:10673a009df803209df802002146f6f7c4f80446a6
:0e674a000146284605f056ff204603b030bd3c
:020000040000fa
:020000040102f7
:1067580037b5054601910df1030001a907f09cf931
:10676800019c01a9a31d0df10200019307f094f902
:106778009df802209df803002146f9f7b9fc04466c
:0e6788000146284605f037ff204603b030bd1d
:020000040000fa
:020000040102f7
:1067960037b5054601910df1020001a907f07df913
:1067a600019c01a9a31d0df10300019307f075f9e2
:1067b6009df803209df802002146f9f7cefc044619
:0e67c6000146284605f018ff204603b030bdfe
:020000040000fa
:020000040102f7
:1067d4000368b3f84c10b3f84a22914215d1b3f8c8
:1067e4004e10b3f84c2291420fd193f84e2262b965
:1067f400b3f84a20b3f84612914206d8b3f84802d7
:0e68040090422cbf00200120704701207047f9
:020000040000fa
:020000040102f7
:1068120070b50468236e43f08003236605460e4676
:1068220004f094fa90b9236e23f0800343f40073ca
:10683200236616b12846f2f74efe20463146fff790
:0e68420049fb2846bde87040def74fbb70bd35
:020000040000fa
:020000040102f7
:1068500008b505f02ffcc8b190f90030002b437843
:10686000807800f01f00abbf43ea002043ea00231a
:10687000c0eb00104ff49670b4bf13fb00f0400063
:0e68800044f25063984294bf0020012008bdee
:020000040000fa
:020000040102f7
:10688e0008b5342202fb010292f88030abb102f05f
:10689e00b6ff58b1d36f92f85c2042b1023318782c
:1068ae0010f03f0002d05878c0f3401008bd9a781f
:0e68be0002f03f0213440533f1e71846f6e7f7
:020000040000fa
:020000040102f7
:1068cc0090f84130022b18d0032b40f2971318bfcd
:1068dc003d2390f85420012ad0f8902003bfd0f823
:1068ec00980000eb42001b1803eb42031e3347f6e3
:0e68fc00ff70984228bf184670472823e9e72e
:020000040000fa
:020000040102f7
:10690a0038b503780c2b044618d1808802f047fd6d
:10691a00a0b100254572008807f0f5f870b14ff470
:10692a00827007f0dafb48b110220270a2888280d6
:0e693a0085710421bde8384004f085b838bdf1
:020000040000fa
:020000040102f7
:1069480037b5d0e9035401aa6946008902f058fd19
:1069580088b1009b9a7b92060fd49a682188128886
:10696800914288bf228022885968284605f028fe6f
:0e697800002003b030bd0320fbe70120f9e74b
:020000040000fa
:020000040102f7
:10698600494e493a436c6f736500494e493a435242
:106996003d30782530327800494e493a4c696e6b65
:1069a6002065786973742100494e493a4c696e6bcb
:0d69b60073207265616368206d61782100b7
:020000040000fa
:020000040102f7
:1069c40000b583b00023019301a90068f4f706fd24
:1069d40018b9002003b05df804fb019b4bb1064bd2
:1069e4004ff080521a60bff34f8fbff36f8f0120b7
:0c69f400f0e70120eee700bf04ed00e03a
:020000040000fa
:020000040102f7
:106a000000b583b00023019301aa0068f0f750fe9f
:106a1000012803d0002003b05df804fb019b43b1c3
:106a2000054b4ff080521a60bff34f8fbff36f8f4b
:0c6a3000f1e70120efe700bf04ed00e0fb
:020000040000fa
:020000040102f7
:106a3c0001238b734b68b3b110b58ab01a684a60e6
:106a4c0072b10c4607228df80420cdf8053001a94f
:106a5c000548fff7cfff204604f0bef90ab010bd81
:0c6a6c000a1d8a60ede7704784000020de
:020000040000fa
:020000040102f7
:106a7800094b1a68094b1b68d86a58b9084b1b6838
:106a8800012b08d8012a06d8064b1868064b1b6844
:106a9800c01a7047002070474cfc002030fc0020d2
:0c6aa800bcf7002054fc002064fc00201f
:020000040000fa
:020000040102f7
:106ab40010b504460a4b1b680a4a12680344934201
:106ac40004d0074b18682044186010bd04f07eff02
:106ad400054a13680133136006f044fa013cf0e7f9
:0c6ae40064fc002054fc00205cfc00203e
:020000040000fa
:020000040102f7
:106af00007b50c4bdb799a0610d50b4b9b78db075f
:106b00000cd501223e21684605f06cfd1121019053
:106b100001a807f0a1f8684606f026fd03b05df86d
:0c6b200004fb00bf4801002040010020e1
:020000040000fa
:020000040102f7
:106b2c000b4b1a6842f480121a600a4a118e6ff3ea
:106b3c00c71111861a6a02f44032b2f5003ff9d13e
:106b4c005a6822f400025a60034b00221a707047f4
:0c6b5c0000400141002401410dfc00201c
:020000040000fa
:020000040102f7
:106b680038b90f2904d8094b02b9094a43f821203a
:106b78007047012803d10f29fad8064bf4e70228f9
:106b8800f6d10f29f4d8044beee700bf30000120fe
:0c6b98005741010170000120b0000120f5
:020000040000fa
:020000040102f7
:106ba40008b50d4b1b680146181d07f0a1f878b114
:106bb40090f8603153b190f87320072a0ad8d32390
:106bc400d34013f0010f14bf0c230023184608bd53
:0c6bd4004223fbe70023f9e7b00100209a
:020000040000fa
:020000040102f7
:106be0000b4b1b7813f0060311d10a4a13700a4aa3
:106bf00008214ff47060013911f0ff01108093708b
:106c0000c2f80330a2f8073002f10a02f3d170474c
:0c6c100061fd002062fd002084f80020df
:020000040000fa
:020000040102f7
:106c1c00f8b50d4d06460f4600242b88b3f5706f62
:106c2c0008d0ab78b34205d10622e91c384605f0f2
:106c3c00b7fc38b10134e4b2082c05f10a05ecd1eb
:0c6c4c000020f8bd0120fce784f80020c7
:020000040000fa
:020000040102f7
:106c580030b593b000688df8043041f20c04adf8fb
:106c6800004090f8c6410388adf80630002565f36a
:106c78004104a0f86c5280f8c64168468df80810a7
:0c6c88008df8092001f0b2fb13b030bd04
:020000040000fa
:020000040102f7
:106c940038b5046894f8ae3105460bb1012038bd0f
:106ca400132384f8ae311621f5f718ff0028f5d028
:106cb40094f86430284633b9e6f716fe0028edd17f
:0c6cc40084f8ae01ebe7fbf785fff7e773
:020000040000fa
:020000040102f7
:106cd00038b5046894f8ae51b5b994f8c8319b073b
:106ce00012d50b2105f05ff968b140f22243a4f8f8
:106cf000ae3194f8c83165f3410384f8c83140f2ed
:0c6d00000113a4f8a83138bd0120fce705
:020000040000fa
:020000040102f7
:106d0c0010b504210446002004f01afda8b1236834
:106d1c00062283f8ac212322027303f28b22118802
:106d2c00a0f80d109278c27393f88c2283f8862207
:0c6d3c000146204605f07afe012010bd43
:020000040000fa
:020000040102f7
:106d480037b50c4c237893b9658885b10a4b009305
:106d580002220123b321ec200195ecf769fe42f2ef
:106d680010716943201de9f7ebfd0123237003b07f
:0c6d780030bd00bfacfa0020a1540001a7
:020000040000fa
:020000040102f7
:106d840037b50c4c2278022a11d165887db10a4ba3
:106d94000093b5210123ec200195ecf74bfe42f260
:106da40010716943201de9f7cdfd0123237003b061
:0c6db40030bd00bfacfa0020c25400014a
:020000040000fa
:020000040102f7
:106dc00070b50d4b1c680546861c0cb9204670bd7d
:106dd000627b6b789a420ad10622314604f10e009a
:106de00005f0e4fb18b9227b2b789a4201d0246885
:0c6df000ebe70120ebe700bfe0fb002018
:020000040000fa
:020000040102f7
:106dfc0038b5054606f032fc044688b929460a48df
:106e0c0006f0eaff50b190f85430022b08d1f2f79b
:106e1c000dfb38b1f3f7daf8204638bd4220fce719
:0c6e2c000c20fae70720f8e7e0fb00204c
:020000040000fa
:020000040102f7
:106e380038b505460c4606f013fc88b929460a48b9
:106e480006f0ccff70b104f00304032c01d000203d
:106e580038bd242005f0e6f90028f8d11120f7e71d
:0c6e68000c20f5e74220f3e7e0fb0020df
:020000040000fa
:020000040102f7
:106e740010b50a4c206807f053f900232360084c2e
:106e8400227842b1012a04d1064b07481968e9f770
:106e940059fd00232370002010bd00bf34020020e0
:0c6ea400540200205002002038020020a0
:020000040000fa
:020000040102f7
:106eb00038b50546012000f055f80a4b1b78022b27
:106ec00000d058b1272d0bd8f9f7b2f9064b0024a2
:106ed0001c731d70e2f7cef8204638bd0c20fce78d
:0c6ee0001220fae769020020580200208e
:020000040000fa
:020000040102f7
:106eec0030b50c4691b0402205460021684606f0ac
:106efc00e3f994f9012000235200934206db21466a
:106f0c006846eaf7cffec0b211b030bd10a91944e3
:0c6f1c00e85c01f8400c0133dbb2eee74a
:020000040000fa
:020000040102f7
:106f280070b50446b8b10c4d2b68d3f88061fef7f4
:106f38009ffc66b926602b68d3f8843163601c60b7
:106f48002b68c3f88441bde8704003f089bba642b2
:0c6f5800f9d03668ede770bd740200202f
:020000040000fa
:020000040102f7
:106f640038b570b100f062fc044640b10a4b1d68ac
:106f7400012385f8283300f059fc85f834032046b2
:106f840038bd054b1c6884f8280300f04ffc84f8d6
:0c6f940034030124f3e700bf7402002066
:020000040000fa
:020000040102f7
:106fa000f8b50d4d06682b8840f6fe6293429abff5
:106fb00001339bb200232b8040f6fe772c882046bd
:106fc00004f042f908b93480f8bdbc429abf0134dc
:0c6fd000a4b200242c80f1e76a0101202b
:020000040000fa
:020000040102f7
:106fdc00072838b514d80b4c03b224685d00ec407c
:106fec0004f00304012c0bd11d44074b03eb4503a8
:106ffc001c6814609b889380f7f7aafa002038bdb0
:0c700c001f20fce7d8fc002000330141ed
:020000040000fa
:020000040102f7
:107018000d4a03460068106098889b7990809371a8
:1070280032f8040c40f0020022f8040c52f8080c64
:10703800430041bf906a086002f12803002046bf60
:0c7048009b888b801f2070477033014133
:020000040000fa
:020000040102f7
:107054000d4bd3f8182142f48072c3f81821d3f8e9
:107064002c216ff30f02c3f82c21d3f8182103212c
:1070740061f30712c3f81821d3f8182161f303024e
:0c708400c3f81821704700bf0024014130
:020000040000fa
:020000040102f7
:107090000d4bd3f8182142f48072c3f81821d3f8ad
:1070a0002c216ff30f02c3f82c21d3f818210321f0
:1070b00061f30712c3f81821d3f8182161f3030212
:0c70c000c3f81821704700bf00240141f4
:020000040000fa
:020000040102f7
:1070cc0070b50c4b1b6805460c4616464bb97eb981
:1070dc00342101fb045494f85e00003018bf0120e9
:1070ec0007e098470028f2d0034b1b78002beed119
:0c70fc00002070bd08fd002071fd002088
:020000040000fa
:020000040102f7
:107108000d4bd3f8182142f48072c3f81821d3f834
:107118002c216ff30f02c3f82c21d3f81821042176
:1071280061f30712c3f81821d3f81821052161f378
:0c7138000302c3f8182170470024014135
:020000040000fa
:020000040102f7
:1071440010b5012003f0e0fe4ff6ff710446012064
:1071540001f038fd2146012003f0e8fe00220d2154
:107164000120fff7fffc00231a4603491846bde837
:0c7174001040f9f797bb00bf02070100b4
:020000040000fa
:020000040102f7
:1071800008b50949042005f02ffd0849002006f044
:10719000cbfe074b074a1b685a60074b1b684ff032
:1071a000f7129a60002008bd61d2020138940201f2
:0c71b0001003002081d501011403002011
:020000040000fa
:020000040102f7
:1071bc0038b50b4c236825465bb12b68094a1a601d
:1071cc002b68c3e90122da60074ac3e904220120d3
:1071dc0038bd182006f080ff20600028edd1f7e7bd
:0c71ec001803002055e1020159e10201e6
:020000040000fa
:020000040102f7
:1071f80013b50b4b1c680b4bd3f81c21120203d49c
:10720800d3f81c31db0101d5f4f7d2fd01ab042220
:10721800054901940020f9f743fb02b010bd00bff7
:0c7228008002002000240141010201004e
:020000040000fa
:020000040102f7
:1072340070b50546c4880534a4b2204603f0e2fdc7
:1072440090b1064602230370ab88a0f80130eb88a6
:10725400a0f80330ea88a968053005f0b3f932468e
:0a72640021460020f9f7d0ff70bdad
:020000040000fa
:020000040102f7
:10726e0073b504460e4601a80e211d46019206f086
:10727e00ecfce11c01a8c9b206f0e7fc01a8012153
:10728e0006f0e3fc314601a806f0e5fc01a829460c
:0a729e0006f0dbfc019802b070bda1
:020000040000fa
:020000040102f7
:1072a80010b581213c2001f023f98121442001f00f
:1072b8001ff900231a4603211c2003f01efd032397
:1072c80010221621142003f018fd03231022162182
:0a72d8006420bde8104003f010bd73
:020000040000fa
:020000040102f7
:1072e20010b5046894f8641094f8be21034689b975
:1072f20091070bd50f211846ecf759f908b9002070
:1073020010bd112384f8ac310120f9e70121eaf71d
:0a731200d7fef3e79207f2d5ece78f
:020000040000fa
:020000040102f7
:10731c0038b5142104460568f5f7dcfb08b90120e3
:10732c0038bd95f8ae31002bf9d12046ebf730fb88
:10733c0005462046fff72cf80028f1d0002deed0a2
:0a734c00204600f01bfa2846eae78d
:020000040000fa
:020000040102f7
:1073560041b190f86730212b0ed006d8123b584227
:107366005841704790f86630f5e7222b0bd0232b57
:107376000cbf02200020704790f86830002b0cbf2d
:0a7386000220032070470320704727
:020000040000fa
:020000040102f7
:1073900070b506680c200d4606f0a4fe044650b1f8
:1073a0004db1284606f09efe0546a06028b920464d
:1073b00006f09afe2c46204670bd00232360d6f8c6
:0a73c000f0321c60c6f8f042f5e759
:020000040000fa
:020000040102f7
:1073ca0090f83030022b16d0032b40f2971318bfd7
:1073da003d23d0f89820018b134440f271224a438e
:1073ea00b2f5004f2abfc3f5ff43d31a7f335b08b8
:0a73fa00c0f8943070472823ebe739
:020000040000fa
:020000040102f7
:1074040038b50546008906f0abfe80b12889ec68e2
:1074140001f0c8ff054660b12378c17c99420ad1c6
:1074240063786288f2f7a2fc00b9e87438bd0420de
:0a743400fce70320fae70120f8e767
:020000040000fa
:020000040102f7
:02743e0002004a
:020000040000fa
:020000040102f7
:107440000b4b5b8b13f0070300d1704710b5094c51
:10745000e38501f099fa064b84221a75002384f81b
:107460002c30636a13b1a06a636a984710bd00bfed
:08747000000c004024f900208b
:020000040000fa
:020000040102f7
:1074780030b585b0054600230df10300019303f0f4
:10748800adfd02aa0346044629460220fff7ebfe9b
:107498009df80310019001a806f0dafb02a806f097
:0874a8005ff8204605b030bd7d
:020000040000fa
:020000040102f7
:1074b00030b589b00546002302a8019303f0e8f82f
:1074c00004aa0346044629460920fff7d0fe0822f5
:1074d00001900deb020101a805f0c8fd04a806f01b
:0874e00043f8204609b030bd5d
:020000040000fa
:020000040102f7
:1074e80030b585b005460df102000191fcf7ecfac4
:1074f80002aa0346044629460320fff7b4fe01907a
:1075080038b101a8bdf8021006f0a8fb02a806f0e1
:0875180027f8204605b030bd44
:020000040000fa
:020000040102f7
:1075200030b585b005460df103000191fdf7b0fbc4
:1075300002aa0346044629460220fff798fe01905e
:1075400038b101a89df8031006f08cfb02a806f0e4
:087550000bf8204605b030bd28
:020000040000fa
:020000040102f7
:1075580008b542f23e0398420dd0013398420cd050
:10756800b0f5015f0bd10222064b03ebc2035b6847
:107578009847012008bd0022f6e70122f4e7002021
:08758800f8e700bf28c802016a
:020000040000fa
:020000040102f7
:107590001fb50c4b93f90530002b0c4610da032273
:1075a000302102a805f01ef82178019001a806f00c
:1075b00053fb01a8618806f055fb02a805f0d4ff33
:0875c00004b010bd48010020d9
:020000040000fa
:020000040102f7
:1075c80008b541f20e0398420dd0013398420cd011
:1075d800013398420bd10222064b03ebc2035b68ce
:1075e8009847012008bd0022f6e70122f4e70020b1
:0875f800f8e700bf58c80201ca
:020000040000fa
:020000040102f7
:1076000030b585b0054600230df102000193f4f773
:10761000a3f902aa0346044629460320fff727fee2
:10762000bdf80210019001a806f01cfb02a805f0ad
:087630009bff204605b030bdb0
:020000040000fa
:020000040102f7
:10763800094b0a4a18800a4b1880c3b203f10b00a1
:10764800183bd370074bc2f8053040b290701070e9
:1076580050701071faf7d0bfa80100209e010020d9
:087668009c010020cec4baf61b
:020000040000fa
:020000040102f7
:1076700013b50c46087000212046fef7affe084afd
:1076800094f9003053700193064b009302220123ba
:107690002e21ec20ecf7d0f9002002b010bd00bf85
:0876a0009e010020a54c000131
:020000040000fa
:020000040102f7
:1076a80013b50c46087000212046fef793fe084ae1
:1076b80094f9003013700193064b009302220123c2
:1076c8002f21ec20ecf7b4f9002002b010bd00bf68
:0876d8009e010020c84c0001d6
:020000040000fa
:020000040102f7
:1076e0000b4a30b500230a2404fb03f18d5a85426e
:1076f00008d14ff470635352064a1378013b13705c
:10770000002030bd0133082beed10220f9e700bf85
:0877100084f8002062fd002056
:020000040000fa
:020000040102f7
:1077180070b50c4e0024304604f0a1ff014638b184
:10772800037a5b07a0f1040504d4064804f08aff35
:10773800204670bd284604f0acff284606f0d0fc71
:087748000124e8e7bc01002068
:020000040000fa
:020000040102f7
:1077500000b593b0036841f2050203f2d311adf80e
:1077600000201a88adf804200a68cdf80620b3f886
:10777000dc314a68cdf80a206846adf80e3000f0da
:0877800039fe13b05df804fbb3
:020000040000fa
:020000040102f7
:1077880000b503681a6e93b042f400121a6641f20b
:107798000702adf800201a88adf804206846d3f82f
:1077a8009e21d3f8a231cdf80620cdf80a3000f09a
:0877b8001dfe13b05df804fb97
:020000040000fa
:020000040102f7
:1077c00073b50b4c23788bb96678022e0ed101f07d
:1077d0004bfb084b01900546009332460123c9211b
:1077e000ec20ecf729f90db90123237002b070bd2c
:0877f000240200204f220101d8
:020000040000fa
:020000040102f7
:1077f80008b50b4b186006f021fb002001f068fc6f
:10780800012001f065fce3f72ff9ecf7d9fa01f054
:1078180047fc044b00221a60bde8084000f03cb861
:087828006c020020d8fc0020d6
:020000040000fa
:020000040102f7
:107830000c4b1b68d3f8982282b9d3f89c0268b924
:1078400093f894226ab993f8950248b9d3f8a42220
:107850003ab993f8280380f0010070470020704780
:0878600010467047740200207d
:020000040000fa
:020000040102f7
:1078680037b505460df1070003f062f870b99df8c9
:107878000740074a296802ebc402012311606968be
:107888005160044a1178a3400b43137003b030bd14
:0878980084020020c40200205c
:020000040000fa
:020000040102f7
:1078a00008b5082001f030fc074b18801f2001f0bc
:1078b0002bfc064b1880512001f026fc044b18804d
:1078c000044bff221a7008bdd0020020d202002013
:0878d000cc020020ce020020d2
:020000040000fa
:020000040102f7
:1078d8000c4b03f5d3521520d16860f31f61d160ba
:1078e800d168192003f5835360f31741d1609a6872
:1078f800062161f31f729a609a68022161f31b6284
:087908009a6070470024014160
:020000040000fa
:020000040102f7
:1079100008b5036893f862218ab193f87320042aaa
:1079200008d8012a04d1d3f844315b78252b01d93a
:10793000f4f732fd034a138843f0800313800020dc
:0879400008bd00bfd6020020c3
:020000040000fa
:020000040102f7
:1079480003780133dbb20370abb943780133dbb2a0
:10795800437083b983780133dbb283705bb9c37832
:107968000133dbb2c37033b902797f2a01d10371c5
:087978007047013202717047f3
:020000040000fa
:020000040102f7
:1079800010b5c37d0146b3b1d0f8a0309bb190f8db
:107990002a201c8922441a8105f089fdd1f8a030e3
:1079a00018895a89904206d1c1f8a4300846bde82a
:0879b000104006f09fb810bd65
:020000040000fa
:020000040102f7
:1079b8000c4bd3f8282142f00802c3f82821d3f849
:1079c800282142f00402c3f82821d3f8282142f0e4
:1079d8000202c3f82821d3f8282142f00102c3f893
:0879e800282170470024014131
:020000040000fa
:020000040102f7
:1079f0000c4b03f5d3521520d16860f31f61d160a1
:107a0000d168192003f5835360f31741d1609a6858
:107a1000062161f31f729a609a68022161f31b626a
:087a20009a6070470024014147
:020000040000fa
:020000040102f7
:107a280010b5c4880a4b220a53f8223023b100f15a
:107a38000c028168e0b29847064b1a68116809b1d0
:107a4800002111601b685a680ab100225a6010bdf3
:087a580084f9002070020020f7
:020000040000fa
:020000040102f7
:107a60000c4b03f5d3521520d16860f31f61d16030
:107a7000d168192003f5835360f31741d1609a68e8
:107a8000062161f31f729a609a68022161f31b62fa
:087a90009a60704700240141d7
:020000040000fa
:020000040102f7
:107a980008b5006890f873300a3b012b0fd8094be2
:107aa80090f83f201b68c3f341139a4207d0d0f8df
:107ab800f03100f50070d3f8ac1001f0d1fe0020d1
:087ac80008bd00bfc0340141fc
:020000040000fa
:020000040102f7
:107ad00007b50a4806f034fa094b0a4a1a604ff013
:107ae000ff3300936846cdf803303f238df807300d
:107af00006f02efb03b05df804fb00bf1ddf0201a2
:087b00000c03002049e1020121
:020000040000fa
:020000040102f7
:107b080010b5047a4ff4827006f0e8fa20b10d221d
:107b18000270042102f098ff064b04341b6853f8e6
:107b280024302bb113211888bde8104000f020b88c
:087b380010bd00bf1003002086
:020000040000fa
:020000040102f7
:107b400013b5c388032b044614d1837a0c2b03d0be
:107b500003f0fd03082b0dd123680df107005968d0
:107b600004f0b6f930b923689df807209b681a80a5
:087b700002b010bd8020fbe70c
:020000040000fa
:020000040102f7
:107b7800f8b50c4e33680746db6b0c200d4698476a
:107b8800044668b18572078101464ff4b05002f08f
:107b980033fa336825881b6c204698472846f8bd79
:087ba8000225fbe7600100204b
:020000040000fa
:020000040102f7
:107bb0004ff4001c1ceb410f98bf1ceb430f11d876
:107bc00051ea030c50ea4c0c5cea020c0ad004d2d5
:107bd00082428b41804140427047904299418041ae
:087be00040427047002070478d
:020000040000fa
:020000040102f7
:107be80030b593b00546019102a801a9202205f0fd
:107bf8002ffa01a90aa8202205f02afa00220aa9c8
:107c080002a8e9f749ff044601462846fef762fd47
:067c1800204613b030bd50
:020000040000fa
:020000040102f7
:107c1e0030b585b005460df10300019103f0edf985
:107c2e0002aa0346044629460220fff719fb9df8d7
:107c3e000310019001a806f008f802a805f08dfccb
:067c4e00204605b030bd28
:020000040000fa
:020000040102f7
:107c540037b5054601910df1020001a905f01eff9b
:107c640001a90df1030005f019ff9df803109df81b
:107c74000200f3f70ff804460146284604f0bdfc61
:067c8400204603b030bdf4
:020000040000fa
:020000040102f7
:107c8a0073b5054601910df1030001a905f003ff43
:107c9a009df80300019efef780ff044620b9314695
:107caa009df80300f3f7affc2846214604f0a2fc36
:067cba00204602b070bd7f
:020000040000fa
:020000040102f7
:107cc00037b5054601910df1020001a905f0e8fe66
:107cd00001a90df1030005f0e3fe9df803109df8e6
:107ce0000200e4f7a9fb04460146284604f087fc9d
:067cf000204603b030bd88
:020000040000fa
:020000040102f7
:107cf60037b5054601910df1020001a905f0cdfe4b
:107d060001a90df1030005f0c8fe9df803109df8ca
:107d16000200f3f7d8fd04460146284604f06cfc41
:067d2600204603b030bd51
:020000040000fa
:020000040102f7
:107d2c0037b5054601910df1020001a905f008f8df
:107d3c0001a90df1010005f0adfe9df80110bdf893
:107d4c000200f8f7a7ff04460146284604f051fc50
:067d5c00204603b030bd1b
:020000040000fa
:020000040102f7
:107d620038b50e2104460568f4f7b9fe88b195f8d6
:107d7200ae317bb995f864302bb920460921bde8b4
:107d82003840f1f720be20460e21bde8384003f00e
:067d920020bd012038bdf8
:020000040000fa
:020000040102f7
:107d98000e2912d005d804290bd005290bd00020b4
:107da800704717290bd019290bd01029f7d106f0e5
:107db8007ab9fef7cfbaf9f7c2b9fff7cebf04f028
:067dc800d0b8fcf7f1bf8a
:020000040000fa
:020000040102f7
:107dce0010b5046894f8c8319b070cd1f7f70bfe79
:107dde0008b9002010bd40f22113a4f8ac310123e4
:107dee0084f8a831f6e70a2104f0d6f80028f0d07e
:067dfe0040f22243f1e710
:020000040000fa
:020000040102f7
:107e040038b50468054603f005fd04f52970ebf761
:107e140059fb94f8c83123f0030384f8c8310023d4
:107e240084f8ac3184f8ae3184f8b0312846bde82a
:067e3400384002f0cdb958
:020000040000fa
:020000040102f7
:107e3a00f8b50f46016891f8f44215461e465cb93a
:107e4a001146fff7a0fa60b107712a4631468068e9
:107e5a0004f0b5fb2046f8bd022381f8f432002471
:067e6a00f8e70724f6e72b
:020000040000fa
:020000040102f7
:107e70001fb5c36a8df8071004463bb105f0b0fe8c
:107e800030b1e36a206a0df10701984704b010bdd4
:107e90009df807300393082202ab1146022002949a
:067ea000f8f702fdf2e715
:020000040000fa
:020000040102f7
:107ea60010b50446fff785fdf3f7ebf8f2f729f96d
:107eb60003f0b1faeef7c9f902f01bf8f6f7fffb8b
:107ec600e8f71bfcfff7c3f8fff78ffd2046bde878
:067ed6001040f3f710be9e
:020000040000fa
:020000040102f7
:107edc00c0b208b50b461146032806d8dfe800f0ff
:107eec0002070b0f1846fcf70ffc002008bd1846c4
:107efc00fdf704faf9e71846fbf72cfbf5e71846f3
:067f0c00e5f758fef1e765
:020000040000fa
:020000040102f7
:107f120090f86630012b10b514d1b0f87210028db2
:107f2200531a9bb247f6fe74a3420bd8914209d171
:107f3200034653f8672fc2661b7980f8703000231e
:067f420080f8663010bd5e
:020000040000fa
:020000040102f7
:107f480030b40d68b5f1ff3f02d000f1080202e03d
:107f5800026904e01a4653681c68ac42fad95368af
:107f68004b6099608a60516008610368013303605f
:047f780030bc704762
:020000040000fa
:020000040102f7
:107f7c00842808b50ed041f2080398420cd0013386
:107f8c0098420bd10222064b03ebc2035b68984765
:107f9c00012008bd0022f6e70122f4e70020f8e7f3
:047fac00f8c702010f
:020000040000fa
:020000040102f7
:107fb00010b586b003aa002301460720fff757f942
:107fc0000df10501044601a803f052fdddf805306e
:107fd0002360bdf80930a38003a805f0c5fa00208e
:047fe00006b010bd1a
:020000040000fa
:020000040102f7
:107fe40030b589b0054602a800f0fef804aa03469d
:107ff400044629460920fff738f9082201900debc1
:10800400020101a805f030f804a805f0abfa2046f7
:0480140009b030bdc2
:020000040000fa
:020000040102f7
:1080180037b5054601910df1020001a904f092fe61
:10802800bdf80200431eb3f5e16f09d200f028f94c
:1080380004462846214604f0defa204603b030bd47
:048048001224f6e721
:020000040000fa
:020000040102f7
:10804c0037b505460191684601a904f079fe01a9ee
:10805c000df1020004f074febdf90210bdf9000030
:10806c00eef706fc04460146284604f0c2fa204608
:04807c0003b030bd60
:020000040000fa
:020000040102f7
:108080000b4bd3f8002c60f31742c3f8002cd3f845
:10809000002c61f30f02c3f8002cd3f8042c42f437
:1080a0008012c3f8042cd3f8042cd202fbd47047fe
:0480b0000024014166
:020000040000fa
:020000040102f7
:1080b40030b585b005460df10300fbf72ffd02aa8c
:1080c4000346044629460220fff7cff89df8031023
:1080d400019001a805f0befd02a805f043fa204670
:0480e40005b030bdf6
:020000040000fa
:020000040102f7
:1080e800862808b50ed041f2020398420cd0093315
:1080f80098420bd10222064b03ebc2035b689847f8
:10810800012008bd0022f6e70122f4e70020f8e785
:0481180040c8020158
:020000040000fa
:020000040102f7
:10811c0030b585b005460df10300fcf7f7fe02aa59
:10812c000346044629460220fff79bf89df80310ee
:10813c00019001a805f08afd02a805f00ffa20466f
:04814c0005b030bd8d
:020000040000fa
:020000040102f7
:1081500098b10a4a50f8043c126813420dd050f806
:10816000081c51b9064923ea02030a6840f8043c96
:10817000134408380b60fcf79db970476cfc002075
:0481800070fc00206f
:020000040000fa
:020000040102f7
:1081840038b5044690b10379c3f3801504f030f890
:10819400074b1b68002203ebc503226059680c607f
:1081a4005c602271bde8384002f0d2be38bd00bf29
:0481b40080fc00202b
:020000040000fa
:020000040102f7
:1081b80008b568b1084b1b68984740b1074b0122c6
:1081c8001a70074b1b78002b0cbf1046022008bd05
:1081d800024b1870fbe700bf8cfc00205afd002002
:0481e8000dfc00206a
:020000040000fa
:020000040102f7
:1081ec0007b50a4900230a68d25cc2540133082b34
:1081fc00f9d1074b0093022201231921ec20ebf754
:10820c0015fc002003b05df804fb00bfb801002092
:04821c00904b000182
:020000040000fa
:020000040102f7
:1082200073b50b4b009304460d46164601230222fc
:108230007621ec20ebf700fc324629462046eef78b
:1082400059fa002814bf0c20002002b070bd00bff6
:04825000184c0001c5
:020000040000fa
:020000040102f7
:1082540007b50a4b1a68b2f9062102801b68b3f904
:1082640008310b80064b0093022201232a21ec20c3
:10827400ebf7e0fb002003b05df804fbb401002041
:04828400414c000168
:020000040000fa
:020000040102f7
:1082880013b50a4b019004460093022201232821ca
:10829800ec20ebf7cdfb064b1b680021a3f800414f
:1082a8000320f4f78dfa002002b010bd224d000122
:0482b800b4010020ed
:020000040000fa
:020000040102f7
:1082bc0010b50b4c2368d3f82031984770b923685c
:1082cc00d3f82431984748b92368d3f82831984714
:1082dc0020b92368d3f82c31984700b10c2010bd7d
:0482ec00b4010020b9
:020000040000fa
:020000040102f7
:1082f00000b50a4b1b685b7d93b063b18423adf876
:108300000030074b19682822133101a804f05cf9ea
:10831000684600f06ff813b05df804fbb801002068
:04832000b401002084
:020000040000fa
:020000040102f7
:1083240007b5094b1b880380084b1b880b80084b3f
:108334000093022201233921ec20ebf77bfb002080
:1083440003b05df804fb00bf4efd002050fd00208b
:0483540007c300015a
:020000040000fa
:020000040102f7
:108358000b4b1a6832b192f8c010012902d1107c77
:1083680001280bd0586848b190f8c030012b04d1cf
:10837800007c431e5842584170470020704700bf98
:04838800d8fb0020fe
:020000040000fa
:020000040102f7
:10838c00032911d004d859b101290bd00020704712
:10839c000a290bd018290bd00829f7d104f033bdca
:1083ac00eef78ebef7f764bcfaf7b0bafef78abcec
:0483bc00e9f7eaba39
:020000040000fa
:020000040102f7
:1083c0000368084650f8012fc3f8d3214268c3f868
:1083d000d721b1f80920a3f8dc21084650f80b2f6b
:1083e000c3f8de214268c3f8e221d1f81320c3f8b4
:0483f000ee217047c3
:020000040000fa
:020000040102f7
:1083f40013b503880193094b009304460123022219
:108404005f21ec20ebf716fb054b1b6823b12046dc
:1084140002b0bde81040184702b010bd5aca0201ac
:04842400bcfc00207c
:020000040000fa
:020000040102f7
:1084280008b5342303fb01018b6f9878033300f000
:108438003f00184483789a0601d1002008bdc3780c
:108448009b06fad505210230e9f7b8ff0028f4d0d9
:048458004088f3e77e
:020000040000fa
:020000040102f7
:10845c00037a0a4a5b0932f8132040f2e243534391
:10846c0003f51823428803f668135343044ab3fbfd
:10847c00f2f002fb103202b10130704758d8020101
:04848c0040420f005b
:020000040000fa
:020000040102f7
:1084900010b5046e601a10f4800f0fd14c400849db
:1084a0000c420bd003eb9203084040f27122504380
:1084b000b3eb500f2cbf0120002010bd0120fce7c2
:0484c000ffff7f003b
:020000040000fa
:020000040102f7
:1084c40008b5c38800f10801d8b213f47f4309d07a
:1084d400b3f5807f09d0064b1968fff7a7f981f837
:1084e400340308bdeef76afff5e7f5f7bdfff2e7e1
:0484f40074020020ee
:020000040000fa
:020000040102f7
:1084f8000b4bd3f8002c60f31742c3f8002cd3f8c9
:10850800002c61f30f02c3f8002cd3f8042c42f4ba
:108518008012c3f8042cd3f8042cd202fbd4704781
:0485280000240141e9
:020000040000fa
:020000040102f7
:10852c0010b5f2f721f9044660b9074a13785907d8
:10853c0008d443f004030548137005f09bfc044871
:10854c0005f0bcfc204610bde4fa00205578000173
:04855c0041f10101e7
:020000040000fa
:020000040102f7
:1085600012280b4b11d003d8112807d00a3106e08e
:1085700021380228fad801f5d37100e04c311a886d
:1085800061f30e021a80002070473731f7e700bf11
:048590006c38014101
:020000040000fa
:020000040102f7
:108594001fb50b7b8df80c30022b08bf01680290cd
:1085a40002bf0b6e43f480030b660120009202ab02
:1085b40008220349faf739fb05b05df804fb00bf54
:0485c40000060101ab
:020000040000fa
:020000040102f7
:1085c80030b50a4a0a4b02f584541b882568c01a3c
:1085d80080b202f5825260f30f052560c91a13684c
:1085e80089b261f30f03136030bd00bf002401415d
:0485f8006c020020f1
:020000040000fa
:020000040102f7
:1085fc0038b504680546fdf739f9236e23f080037e
:10860c0043f48043236602f029f8236e5a0608d4fb
:10861c00227d0ab99b0004d52846bde83840dcf71a
:04862c005fbc38bd3a
:020000040000fa
:020000040102f7
:10863000074b084910b500241c60074b1c60074b12
:108640001c60074b02201c6005f044fc204610bd56
:1086500000fd0020195f0201fcfc002004fd002049
:04866000f8fc002002
:020000040000fa
:020000040102f7
:1086640010b5f2f785f8044660b9074a13789907fc
:1086740008d443f002030548137005f005fc0448d0
:1086840005f0e4fb204610bde4fa0020097d00015a
:0486940041f10101ae
:020000040000fa
:020000040102f7
:1086980008b5c37b032b11d8dfe803f002070207f4
:1086a8000020bde80840eef70bba054b186818b96a
:1086b800ecf70eff0120f4e7d720f9e708bd00bf6b
:0486c800d8fc0020ba
:020000040000fa
:020000040102f7
:1086cc0038b50546f3f75afa044678b12846f0f760
:1086dc009dff07498a780c2303fb02121379013b97
:1086ec00dbb2137113b901220a701c46204638bd47
:0486fc0020f8002042
:020000040000fa
:020000040102f7
:1087000010b5c4b2012c0b460ad01cb1022c0bd000
:10871000002403e01146184602f0c8fe204610bdb2
:10872000034804f0adfcf3e7eff76cfc0446f5e713
:0487300002fc002027
:020000040000fa
:020000040102f7
:1087340037b5054601910df1030001a905f0aef925
:1087440001999df8030001f116038a1d0193eef7c8
:1087540079fd04460146284603f04fff204603b046
:0287640030bd26
:020000040000fa
:020000040102f7
:10876600022806d0032807d0012810d10a32d000eb
:1087760070470b329000704701294feac2020cbfc6
:10878600022008202b32424302f5bc7070470020bd
:0287960070472a
:020000040000fa
:020000040102f7
:10879800434d443a437265617465436f6e6e00459c
:1087a80052523a7374617475733d256400434d44a5
:1087b8003a437265617465436f6e6e43616e6365bb
:0287c8006c0043
:020000040000fa
:020000040102f7
:1087ca0000b593b00c220368adf8002000228df8a2
:1087da0004201a88adf80620684693f86222d3f876
:1087ea005e3202938df80c20fff7fffd13b05df89f
:0287fa0004fb7e
:020000040000fa
:020000040102f7
:1087fc0070b5154604460e4600f02cf82978204634
:10880c00f7f728f92a4631462046f4f721f90128d2
:10881c0005d129782046bde87040fdf78db80120c0
:02882c0070bd1d
:020000040000fa
:020000040102f7
:10882e0090f86822042a04d80123934013f0170ffe
:10883e0002d1002380f8683290f86922042a04d805
:10884e000123934013f0170f02d1002380f86932f1
:02885e00704761
:020000040000fa
:020000040102f7
:1088600038b5046894f8c831db0711d5b4f8a01204
:1088700042f21075694304f52f70e8f765f8b4f813
:10888000a21204f535706943bde83840e8f75cb8da
:0288900038bdf1
:020000040000fa
:020000040102f7
:1088920038b5800085b203f00afa044600bf00bf73
:1088a20000bf0821a94200d338bd03f000fa844278
:1088b20088bf01f2e241091b10fa81f189b2044634
:0288c200f0e7dd
:020000040000fa
:020000040102f7
:1088c400f7b506460c461f4601a802f10c031546ef
:1088d4000193043405f0c4f9bdf8201001a805f093
:1088e400bff92b46a2b239463046f8f703fb03b072
:0288f400f0bdd5
:020000040000fa
:020000040102f7
:1088f6004ff4001c1ceb410f98bf1ceb430f0cd828
:1089060050ea410c08bf52ea430c08d0904208bf17
:1089160099420cbf012000207047002070470120bb
:02892600704798
:020000040000fa
:020000040102f7
:1089280038b5eff3108572b6084c20634ff48043d6
:1089380063600f2262601140a160a36002f03cfafc
:108948004ff40043a36085f3108838bd0006004447
:020000040000fa
:020000040102f7
:108958004ff088430022c3f8b020084ac3f8b0207b
:1089680002f12b42a2f54b12a2f6ab42c3f8b0209b
:1089780003f5206301229a641b6cfee7556699aae9
:020000040000fa
:020000040102f7
:108988000a4b5b8b13f0070f0ed0084b80221a7628
:1089980007225a831b7e13f0040f05d0034b9a6af3
:1089a8001a7e12f0040ffad1704700bf000c004085
:020000040000fa
:020000040102f7
:1089b80000b58bb08df80400074b9b7a8df8053015
:1089c800adf80720cdf8091001a90448fef714f8fe
:1089d8000bb05df804fb00bf0000002084000020fd
:020000040000fa
:020000040102f7
:1089e80037b5054601910df1030001a905f054f8ca
:1089f8009df80300012809d8fbf7a4fd0446284682
:108a0800214603f0f8fd204603b030bd1224f6e7f6
:020000040000fa
:020000040102f7
:108a180008b50a4b1b685a7d022a07d100225a75ed
:108a2800fdf7b8fbeef76afc002008bd02225a7574
:108a3800fdf7d0fbfef734fcf4e700bfb8010020d7
:020000040000fa
:020000040102f7
:108a48000a4bd3f8002c60f31742c3f8002cd3f874
:108a5800042c42f48022c3f8042cd3f8042c5203cb
:108a6800fbd4d3f8280c80b2704700bf0024014122
:020000040000fa
:020000040102f7
:108a780010b5044604f0fcfd70b92388203b9bb276
:108a880043f6e072934209d86088203880b2904259
:108a98008cbf1220002010bd0c20fce71220fae742
:020000040000fa
:020000040102f7
:108aa80008b5064b064a5a60064b074a07485a60fb
:108ab80005f074f8bde8084003f026bac8000020a5
:108ac8001d4402010c0100207dd302013d5b010120
:020000040000fa
:020000040102f7
:108ad80013b50a4b93f90230002b0c460cda02222c
:108ae800572101a803f07afd21880090684605f017
:108af800b5f801a804f034fd02b010bd380100201b
:020000040000fa
:020000040102f7
:108b080008b5064b064a1a61064b074a0748da6059
:108b180005f04af8bde8084003f0fabec800002096
:108b2800899b02010c010020e9800201e1e00201b9
:020000040000fa
:020000040102f7
:108b38001d200000c9a502011e20000035580201b1
:108b480034200000313a02011f20000001760201a2
:108b580033200000d52102017b2000009de10101a6
:020000040000fa
:020000040102f7
:108b680038b50379044603f0070503f03ffb0023fb
:108b78002360064b03ebc5035a6814605c6002f07f
:108b8800e5f9bde8384003f09fbe00bf780100203a
:020000040000fa
:020000040102f7
:108b980038b50379044603f0070503f027fb0023e3
:108ba8002360064b03ebc5035a6814605c6002f04f
:108bb800cdf9bde8384003f087be00bf780100203a
:020000040000fa
:020000040102f7
:108bc80038b9084b1a68184620f8101b01681a8033
:108bd8007047012801d1044bf4e70228f8d1034b70
:108be800f0e700bf303f0141343f0141383f0141c8
:020000040000fa
:020000040102f7
:108bf80007b5094b93f90320027093f902300b7003
:108c0800064b0093022201232921ec20eaf710ffea
:108c1800002003b05df804fb9e010020334c0001e6
:020000040000fa
:020000040102f7
:108c28001fb500238df807309df8083060f3000366
:108c38008df808300b68cdf8093002a88b88adf89c
:108c48000d300df10701fbf76ff905b05df804fb76
:020000040000fa
:020000040102f7
:108c58001fb500238df807309df8083060f3000336
:108c68008df808300b68cdf8093002a88b88adf86c
:108c78000d300df10701fbf757f905b05df804fb5e
:020000040000fa
:020000040102f7
:108c880007b5fb230380084b1b6893f845300b702e
:108c9800064b0093022201233621ec20eaf7c8fe96
:108ca800002003b05df804fbb8010020cdc200012c
:020000040000fa
:020000040102f7
:108cb80007b5084b1880084b1980084b009302220f
:108cc80001233a21ec20eaf7b3fe002003b05df857
:108cd80004fb00bf4efd002050fd002029c3000109
:020000040000fa
:020000040102f7
:108ce80010b5044680b1c08802f0aafa70b12379a1
:108cf800012262f30513002223712260228121469a
:108d080005f0cef9104610bd0720fce70220fae76f
:020000040000fa
:020000040102f7
:108d180037b50a4c0d780094012302224721ec2034
:108d2800eaf786fe0a340223019500941a46482180
:108d3800ec20eaf77dfe002003b030bd8669020111
:020000040000fa
:020000040102f7
:108d480010b5044605f05bf90c23b0fbf3f202fb07
:108d58001300637d054a053060f3040312686375e8
:108d6800127d62f34713637510bd00bfb801002080
:020000040000fa
:020000040102f7
:108d780000b593b003688df8041041f20402adf811
:108d880000201a88adf8062003f5db7302aa1868dc
:108d9800596803c26846fff729fb13b05df804fb66
:020000040000fa
:020000040102f7
:108da80000b593b0036841f20602adf800201a88b6
:108db800adf804206846d3f84622d3f84a32cdf8f5
:108dc8000620cdf80a30fff711fb13b05df804fb5d
:020000040000fa
:020000040102f7
:108dd800064a074900231360064a1360064a1360cf
:108de800064a0620136004f0d5bf00bfb4fc00207b
:108df8008d6b0101b8fc0020acfc0020b0fc002009
:020000040000fa
:020000040102f7
:108e080013b5094c2378012b0cd1084a0092b821dc
:108e18000222ec20eaf70cfe04f10800eaf750fb06
:108e28000023237002b010bd70fa0020f554000131
:020000040000fa
:020000040102f7
:108e380038b50a4b1b6804461d6804f019fc58b97c
:108e480095f82c30a288012b638814bf00200c20d1
:108e58009a4288bf122038bd0c20fce72802002067
:020000040000fa
:020000040102f7
:108e680010b54ff4fa7005f039f9074a106048b1a7
:108e78000024064b4ff4fa7221461c7004f01efac7
:108e8800204610bd0720fce7c4fc002064fd00203c
:020000040000fa
:020000040102f7
:108e980013b5094c2378012b0cd16278022a09d129
:108ea80006490091ec20c821eaf7c2fd04f05cf9fc
:108eb8000023237002b010bd24020020af2201015c
:020000040000fa
:020000040102f7
:108ec80010b50a490a78002322fa03f4e407d8b255
:108ed80006d4012404fa03f31a430a7080b210bdc1
:108ee8000133062bf0d10020f9e700bf68fd002010
:020000040000fa
:020000040102f7
:108ef800c0b2012808b50b46114608d018b102289f
:108f080009d0002008bd1846fdf784faf9e718468d
:108f1800e6f718fef5e744210020f6f7d3fdf0e761
:020000040000fa
:020000040102f7
:108f280010b5084b1c78013ce4b21c7044b90648e3
:108f3800eaf7c6fa054b1a7812b11c7001f044fc26
:108f4800002010bd2c02002038020020540200200e
:020000040000fa
:020000040102f7
:108f580008b502f089fe094b1b795a070dd4c107e1
:108f68000bd4da0703d5bde80840f7f729b99b0702
:108f780003d5bde80840f7f7c1be08bd5802002078
:020000040000fa
:020000040102f7
:108f8800017a39b9437f1bb1816cb1fa81f1490982
:108f9800e1f792bc012907d1836c3bb1437f002bd9
:108fa80014bf00211121f3e70021f1e71121efe7b8
:020000040000fa
:020000040102f7
:108fb80013b5036b04467bb1084b00930223019061
:108fc8001a468721ec20eaf733fd236b206a2146f5
:108fd80002b0bde81040184702b010bd8e2a01014a
:020000040000fa
:020000040102f7
:108fe80013b5436b04467bb1084b009302230190f1
:108ff8001a468821ec20eaf71bfd636b206a0021e2
:1090080002b0bde81040184702b010bda22a010105
:020000040000fa
:020000040102f7
:10901800c37a012b08bfc26b036e08bf9b1a074aad
:109028001168d1f8382308bfc3f3160312b9c1f881
:10903800383302e09a1a5202f9d4704774020020b9
:020000040000fa
:020000040102f7
:1090480010b5fcf715fc094b1b68d3f8804134b107
:10905800d4e9001239b14a60d4e900231a6001f05a
:10906800fffa204610bdc3f88421f5e774020020fa
:020000040000fa
:020000040102f7
:109078000b6a1b79042b08d1084b1a6892f827331e
:1090880040b9013382f8273303e013b90b7a002b78
:10909800f2d07047002bfcd0013bf3e774020020ac
:020000040000fa
:020000040102f7
:1090a80008b540f2731005f019f8074b40f2731237
:1090b8000021186004f002f9fcf76ef8034a1368ff
:1090c80043f00803136008bdc8020020d0380141ee
:020000040000fa
:020000040102f7
:1090d80048b9094b1a6842f004021a601a68d105a7
:1090e800fcd501207047054b1a8842f004021a800b
:1090f8001a68d205fcd5f4e7203a0141283a014123
:020000040000fa
:020000040102f7
:109108000a4bd3f8002c60f31742c3f8002cd3f8ad
:10911800042c42f48022c3f8042cd3f8042c520304
:10912800fbd4d3f8280c80b2704700bf002401415b
:020000040000fa
:020000040102f7
:109138000a4b1a68012002f00f0200fa02f24ef2fe
:109148001c01114049b103f5e6731a8842f0100278
:109158001a801a8802431a80002070475c3801413f
:020000040000fa
:020000040102f7
:1091680010b5028f1144018703460521002040f203
:10917800e1441a8fa24208d9a2f2e2421a87da6bb6
:10918800013222f07042da6301300139f1d110bda9
:020000040000fa
:020000040102f7
:10919800d0e92023b2ebd30f0ed3b2eb930f0dd34c
:1091a800b2eb530f2cbf002002209b1a032b28bfc1
:1091b80001200630c0b270470420f6e70320f4e728
:020000040000fa
:020000040102f7
:1091c800d0f87831084ad3f8ac30806f134010409b
:1091d800834288bf00f50000c31a044883428cbf4d
:1091e80000200120704700bfffff7f00feff3f0007
:020000040000fa
:020000040102f7
:1091f80090f8c130012b0fd1084bd3f81c01c0f3f4
:10920800c02050b9d3f81c01c0f3002028b1d3f80e
:109218001c01c0f3c01070470020704700240141b2
:020000040000fa
:020000040102f7
:1092280008b50b785a1e022a08d8084a137843f062
:1092380001031370f2f7bcfd002008bd002bf9d123
:10924800024a137843f00203f3e700bfec02002060
:020000040000fa
:020000040102f7
:109258000a4b002210b501201a809a70114601327b
:10926800d2b2082a1871d88019725972c3f80a1034
:10927800d98103f10c03f2d110bd00bf20f8002002
:020000040000fa
:020000040102f7
:1092880038b50d460468f2f793fd2b785a1e022a6a
:1092980007d894f8bc3043f0010384f8bc300020b0
:1092a80038bd002bfbd194f8bc3043f00203f4e73f
:020000040000fa
:020000040102f7
:1092b80090f8553083b1094990f8bc2090f84230b5
:1092c800d1f81c01c0f3406018b1b3fa83f040092b
:1092d80070479207f9d170470120fce7002401414b
:020000040000fa
:020000040102f7
:1092e80008b530220021084803f0e8ff07490720a5
:1092f80004f0ecfd04f06afc002100b2fef798f9d6
:10930800bde8084004f074b954f90020018702014f
:020000040000fa
:020000040102f7
:1093180038b590f85e3004467bb9084d05222946d9
:10932800583003f03ff940b12b68c4f862302b790c
:1093380084f86630012384f85e3038bd05030020c8
:020000040000fa
:020000040102f7
:1093480008b503f0f7f8074804f084fd064804f070
:1093580087fd064b4ff0ff321a601f221a7100205a
:1093680008bd00bf997a020139d202010503002025
:020000040000fa
:020000040102f7
:1093780010b5036893f862310c4643b1f3f708f867
:109388002278064b2ab91a8842f004021a80002073
:1093980010bd1a8842f00802f8e700bfd602002084
:020000040000fa
:020000040102f7
:1093a80010b50a4b1a6802f11001303251f8043b2b
:1093b80033b193f88540012c02d11c88844202d035
:1093c8009142f3d10023184610bd00bf10030020be
:020000040000fa
:020000040102f7
:1093d80008b5084a0421012003f05efa064800f0a7
:1093e8009ff80649042002f04ffdfdf7c5fe002056
:1093f80008bd00bf097b02012d880001dd33010192
:020000040000fa
:020000040102f7
:1094080010b50a4b1b681b680bb918460de09c8900
:109418008442f8d8dc898442f5d313609a895b6862
:10942800801a03eb00100860012010bd140300200f
:020000040000fa
:020000040102f7
:1094380025e002017da20201cd1802017dce0101c5
:10944800d59f0201812b020105740201b7c50101f4
:10945800a90602014969020135df02010000000086
:020000040000fa
:020000040102f7
:1094680070b504464ff482700e4604f037fe70b1b2
:109478000b2202702288828018250022c280057281
:10948800c0f80a204672042101f0defae57470bdc6
:020000040000fa
:020000040102f7
:1094980010b50a4b1a68002302f16c01cc7834b17c
:1094a8000c88844203d11b3302eb830010bd0133c7
:1094b800082b01f10401f1d10020f7e72cfd002071
:020000040000fa
:020000040102f7
:1094c80038b50a4c23680c2101fb00310546486970
:1094d80008b104f005fe0c2005fb000320681844c1
:1094e800002303604360836038bd00bf2cfd00206b
:020000040000fa
:020000040102f7
:1094f80038b5094c236825463bb12b68074ac3e9b0
:109508000022c3e90222012038bd102004f0e6fd44
:1095180020600028f1d1f7e734fd00205de1020169
:020000040000fa
:020000040102f7
:109528000a4b1b68d3f89c2142b1d3f8a02122b181
:10953800d3f8a42142b104207047012203eb82032f
:10954800c3f89c01002070470222f7e71c030020a3
:020000040000fa
:020000040102f7
:10955800202870b504460e460ed8084d28682022eb
:109568000021013003f0aafe286822463146013066
:1095780003f026f8002070bd0320fce71c03002040
:020000040000fa
:020000040102f7
:1095880070b5054604890134a4b2204601f038fcc0
:1095980060b10646042300f8013b2a89696803f094
:0e95a8000ff8324621460020f7f72cfe70bd6a
:020000040000fa
:020000040102f7
:1095b60000b593b041f21303adf800300b88adf857
:1095c600043051f8023fcdf8063068468b88adf876
:0e95d6000a30fef70cff002013b05df804fb16
:020000040000fa
:020000040102f7
:1095e40000b593b041f21203adf80030437d8df81d
:1095f400053090f874308df804206846adf80610f4
:0e9604008df80830fef7f4fe13b05df804fb9d
:020000040000fa
:020000040102f7
:1096120070b503f070fa0646eff70dff044666b127
:10962200002830460cbf0725002504f07afd14b14e
:0e9632002046f0f7d0fc284670bd0725f7e76c
:020000040000fa
:020000040102f7
:10964000002330b51a461c46012505fa03f10140f6
:1096500008d001320133202bf7d19442204638bf85
:0e966000104630bd944238bf14460a46f2e769
:020000040000fa
:020000040102f7
:10966e0038b50546eff7e1fe78b1d5f8782100243c
:10967e001460d5f8782141685160d5f878210a60d8
:0e968e00426004f0f2f8204638bd0720fce7e9
:020000040000fa
:020000040102f7
:10969c0008b50379052b03d0092b0cd0002008bd8d
:1096ac008268114602f10c0331f8020b5289ebf778
:0e96bc003dfe0120f3e78068f4f7e2fdf9e7d8
:020000040000fa
:020000040102f7
:1096ca0038b5122104460568f3f705fa20b9204691
:1096da00fff7c1f8012038bd95f8ae31002bf6d15d
:0e96ea001321204602f05afc0028f0d1f3e7cd
:020000040000fa
:020000040102f7
:1096f80010b5036893f8ac31052b04460bd1e9f794
:1097080049f910b12046fef73bf800212046f6f74c
:0e97180087fc012010bd152102f058f8f9e77a
:020000040000fa
:020000040102f7
:1097260000b593b041f20f030028adf8003013687e
:1097360001938df80a009388adf8083008bf002120
:0e97460068460391fef753fe13b05df804fb76
:020000040000fa
:020000040102f7
:10975400f0b500240746204665b2ab4200dcf0bdfc
:109764000e5d12f804c0351aa5eb0c05edb2ae423d
:0e97740002d034bf012000203d550134ece747
:020000040000fa
:020000040102f7
:1097820013b5044604f02bfa48b12369c4f8ac308f
:10979200a36a13b12146206a984702b010bd01abfb
:0e97a2000422072102200194f7f77df8f5e775
:020000040000fa
:020000040102f7
:1097b00013b504460df1020101a801f0a9f8bdf8a6
:1097c0000220019b110423f0704343bf02f2e242e6
:0e97d00003f1ff3322872287e36302b010bd4e
:020000040000fa
:020000040102f7
:1097de0008b50a780368511e022909d893f8e420c7
:1097ee0042f0010283f8e420f2f7dffa002008bd10
:0e97fe00002af9d193f8e42042f00202f2e7cb
:020000040000fa
:020000040102f7
:10980c00342303fb010191f88030012b0dd191f829
:10981c005c3091f8870023b9012894bf0020012007
:0e982c007047003018bf0120704700207047c1
:020000040000fa
:020000040102f7
:10983a0010b5046894f8603023b9b4f86430013381
:10984a00a4f864302046fef75ffb94f8bc3043f07e
:0e985a00040384f8bc30ecf706f9002010bdc2
:020000040000fa
:020000040102f7
:10986800f8b504680e46002504b9f8bd237a042b20
:109878000bd045b1606a03f0f4fa01463046276917
:0e988800fbf71efcf8602468eee70125fbe705
:020000040000fa
:020000040102f7
:1098960010b5c0b0fff75dfe044668b90a230df1a6
:1098a60003010df102008df8003002f00efb0446b4
:0e98b60010b96846faf751fc204640b010bdcc
:020000040000fa
:020000040102f7
:1098c400484f53543a436d64207263762c47727048
:1098d4003d3078253032782c5375623d3078253010
:0d98e40032782c4f703d30782530327800fe
:020000040000fa
:020000040102f7
:1098f4000123c3730368074a934203d0064a934281
:1099040004d07047134602221a7570471346022288
:0c9914001a75f6e7000c0040001000403f
:020000040000fa
:020000040102f7
:109920004ff0807340f8043c21f0010140f8081c1e
:10993000054b40f80c3c40f8202c6ff0020340f837
:0c994000243c4438704700bfb1b902015c
:020000040000fa
:020000040102f7
:10994c0008b54ff0200383f31188bff36f8fbff37b
:10995c004f8fe1f737fa18b1034b4ff080521a6072
:0c996c00002383f3118808bd04ed00e027
:020000040000fa
:020000040102f7
:1099780038b5054604200c46f6f7e6f968b1838841
:10998800c58003f0f80343f4007343f001038380b8
:0c9998008460bde8384000f03bbe38bde4
:020000040000fa
:020000040102f7
:1099a40070b5094d0646082455f8043b23b9013c1b
:1099b40014f0ff04f8d170bd314631f8040b984718
:0c99c4000028f4d0f7e700bf0c010020e1
:020000040000fa
:020000040102f7
:1099d00007280cd8074a084b32f8102033f810300b
:1099e0008a4204d88b422cbf0020012070470120fe
:0c99f000704700bf88d5020178d5020145
:020000040000fa
:020000040102f7
:1099fc0000b593b000236a4601464120fdf731fcc7
:109a0c004022054902f0dafd684603f0a7fd00206c
:0c9a1c0013b05df804fb00bfdc5f02012a
:020000040000fa
:020000040102f7
:109a280038b5054607200c46fff70af84ff6fe71d1
:109a380001400720fef720fb61882078fef71cfb19
:0c9a48002846002102f0d7fd002038bda8
:020000040000fa
:020000040102f7
:109a540038b5054607200c46fef7f4ff4ff6fe71b5
:109a640001400720fef70afb61882078fef706fb19
:0c9a74002846002102f0c1fd002038bd92
:020000040000fa
:020000040102f7
:109a800008b5074b1b68984738b9064b1b689847c1
:109a900018b9054b1b68984700b10c2008bd00bfe2
:0c9aa0002c0100203001002034010020c7
:020000040000fa
:020000040102f7
:109aac0008b541f2120398420ad00133984209d109
:109abc000122054b03ebc2035b689847012008bdec
:0c9acc000022f6e70020fae798d502011e
:020000040000fa
:020000040102f7
:109ad80008b542f21a0398420ad00133984209d1d4
:109ae8000122054b03ebc2035b689847012008bdc0
:0c9af8000022f6e70020fae7a8d50201e2
:020000040000fa
:020000040102f7
:109b040008b542f20d0398420ad00133984209d1b4
:109b14000122054b03ebc2035b689847012008bd93
:0c9b24000022f6e70020fae7b8d50201a5
:020000040000fa
:020000040102f7
:109b300008b542f2410398420ad00133984209d154
:109b40000122054b03ebc2035b689847012008bd67
:0c9b50000022f6e70020fae7d8d5020159
:020000040000fa
:020000040102f7
:109b5c0008b541f20d0398420ad00433984209d15a
:109b6c000122054b03ebc2035b689847012008bd3b
:0c9b7c000022f6e70020fae7c8d502013d
:020000040000fa
:020000040102f7
:109b880008b542f20b0398420ad00133984209d132
:109b98000122054b03ebc2035b689847012008bd0f
:0c9ba8000022f6e70020fae7e8d50201f1
:020000040000fa
:020000040102f7
:109bb40010b5094c02f046fb2368d3f820319847ce
:109bc40018b12368d3f83c31984700210320f2f7f9
:0c9bd400f9fd002010bd00bfb40100200e
:020000040000fa
:020000040102f7
:109be00010b5094c2368d3f83031984748b9236839
:109bf000d3f83431984720b92368d3f838319847df
:0c9c000000b10c2010bd00bfb40100201a
:020000040000fa
:020000040102f7
:109c0c00430803f05533c31a980800f0333003f0bf
:109c1c003333184400eb101000f00f3000eb102021
:0c9c2c0000f0ff1000eb104080b2704709
:020000040000fa
:020000040102f7
:109c3800c0b2012808b50b4609d018b1022809d0ce
:109c4800002008bd11461846fff7b0fff8e7fef7f9
:0c9c58004bfbf5e71046e6f7d7f9f1e703
:020000040000fa
:020000040102f7
:109c640007b5084b1b68187459749a74064b009313
:109c7400022201233821ec20e9f7dcfe002003b0a6
:0c9c84005df804fbb8010020f2c20001f2
:020000040000fa
:020000040102f7
:109c900013b5fb24048040f6480008801480188027
:109ca000054b0093022201233b21ec20e9f7c4fe7f
:0c9cb000002002b010bd00bf4cc300013a
:020000040000fa
:020000040102f7
:109cbc0000b593b003688df8041041f21f02adf8a3
:109ccc0000201a8893f8aa31adf8062068468df862
:0c9cdc000830fef789fb13b05df804fbb4
:020000040000fa
:020000040102f7
:109ce80010b502210446002001f02cfd50b11d23bf
:109cf8000373054b1b681b7d43730146204602f026
:0c9d080097fe012010bd00bfb801002034
:020000040000fa
:020000040102f7
:109d140010b502210446002001f016fd50b11e23a7
:109d24000373054b1b681b7d43730146204602f0f9
:0c9d340081fe012010bd00bfb80100201e
:020000040000fa
:020000040102f7
:109d400070b5066896f8ac318b4204460d4602d1d8
:109d50000021f6f769f996f8ae31ab4205d12046fd
:0c9d60000121bde87040f6f75fb970bd4e
:020000040000fa
:020000040102f7
:109d6c0013b5084c2378012b0ad1074a0092c7215e
:109d7c000222ec20e9f75afe03f0f4f900232370d9
:0c9d8c0002b010bd240200209c22010146
:020000040000fa
:020000040102f7
:109d980010b503f065fc044648b9074b1b7833b18e
:109da800eff746fb28b1f0f713f9204610bd0c2059
:0c9db800fce70720fae700bf6bfd00206d
:020000040000fa
:020000040102f7
:109dc40008b502f0e3fb02460b46def7e1f9002298
:109dd400054bdef735fe41ec100bebf7affe51ec13
:0c9de400100b01f039fc08bd0088834022
:020000040000fa
:020000040102f7
:109df00038b503680446186820b92046bde83840e5
:109e000004f05bb9012305684372002380f85c30dd
:0c9e1000a0f85e30f5f700f82846ede7fa
:020000040000fa
:020000040102f7
:109e1c00084b1a6842f005021a601a685207fcd403
:109e2c001a68d207fcd4044b53f804290a801b6827
:0c9e3c0003607047143e01410c3e0141e0
:020000040000fa
:020000040102f7
:109e4800084b1a6842f005021a601a685107fcd4d8
:109e58001a68d207fcd4044b53f80419186889b25d
:0c9e680004f0feb8143e01410c3e014124
:020000040000fa
:020000040102f7
:109e740007b50df10701fbf773fe48b906499df8d4
:109e84000720012303fa02f20b7823ea02030b7082
:0c9e940003b05df804fb00bfc402002016
:020000040000fa
:020000040102f7
:109ea00090f8c83113f002030ad0074b1b685b001f
:109eb00008d590f8220004288cbf002001207047ac
:0c9ec00018467047012070473034014103
:020000040000fa
:020000040102f7
:109ecc007fb50e7916f0300f04d1fef75dfb002044
:109edc0004b070bdcde90201009202ab0822024928
:0c9eec000120f8f79efef2e7410401019e
:020000040000fa
:020000040102f7
:109ef800094bd3f8002142f00062c3f80021d3f8df
:109f080000216ff35d72c3f80021d3f8002142f0fd
:0c9f18008042c3f8002170470024014182
:020000040000fa
:020000040102f7
:109f240008b528220021074803f0caf9064a01218e
:109f3400002002f0b3fcfff7d5f9bde80840f1f7c3
:0c9f4400adbe00bf84f90020297a0201a4
:020000040000fa
:020000040102f7
:109f500008b5036893f86231012b09d1f2f71cfab6
:109f6000044a138843f004031380034b00221a7041
:0c9f7000002008bdd6020020d502002011
:020000040000fa
:020000040102f7
:109f7c0038b50468084b0025204684f863511d70e1
:109f8c00fff7c4f92046f3f7d1ffb4f8783001336a
:0c9f9c00a4f87830284638bdd50200201b
:020000040000fa
:020000040102f7
:109fa80070b5c47a0d460023d9b28c4201d88020fe
:109fb8000be0c16801eb830101330e889642f3d1af
:0c9fc8006868498804f08ef8002070bd25
:020000040000fa
:020000040102f7
:109fd40010b5094a038910680168002209b90120f3
:109fe40005e08c899c4203d102f08ff8002010bd5b
:0c9ff4000a460968f2e700bf14030020d1
:020000040000fa
:020000040102f7
:10a0000038b5054604200c46f5f7a2fe68b18388f2
:10a01000c58003f0f80343f4407343f001038380e9
:0ca020008460bde8384000f0f7ba38bd9d
:020000040000fa
:020000040102f7
:10a02c001fb5094c24686cb1adf80630069b029341
:10a03c00079badf80000adf80210adf804200393b7
:0ca04c006846a04704b010bd38fd00209d
:020000040000fa
:020000040102f7
:10a0580010b5094b1a6802f12c014c3251f8043b37
:10a0680023b11c88844201d19c7814b99142f5d15e
:0ca078000023184610bd00bf200300208c
:020000040000fa
:020000040102f7
:10a0840007b51a2101a8cdf804d003f0e3fd01a817
:10a09400012103f0dffd012101a803f0dbfd684687
:0aa0a40003f060fa03b05df804fb5e
:020000040000fa
:020000040102f7
:10a0ae0013b50446102101a8cdf804d003f0cdfd60
:10a0be0001a8012103f0c9fd214601a803f0c5fd49
:0aa0ce00684603f04afa02b010bd24
:020000040000fa
:020000040102f7
:10a0d80037b5054601910df1030001a903f0dcfc39
:10a0e80001999df80300f8f70bfb04460146284642
:0aa0f80002f081fa204603b030bdeb
:020000040000fa
:020000040102f7
:10a1020037b5054601910df1030001a903f0c7fc23
:10a1120001999df80300f8f722fb04460146284600
:0aa1220002f06cfa204603b030bdd5
:020000040000fa
:020000040102f7
:10a12c0037b5054601910df1030001a903f0b2fc0e
:10a13c0001999df80300f3f78dfc0446014628466f
:0aa14c0002f057fa204603b030bdc0
:020000040000fa
:020000040102f7
:10a1560010b50468d4f8f00103f0e1ff0023c4f859
:10a16600f03194f86531db0705d501212046f4f777
:0aa17600abfffef7d6fe002010bd7f
:020000040000fa
:020000040102f7
:10a18000434d443a5374617274456e6372797074ce
:10a190002c48646c3d307825303478004552523a72
:0aa1a0007374617475733d2564004b
:020000040000fa
:020000040102f7
:10a1aa00042810d8012202fa00f313f017030ad088
:10a1ba00042908d802fa01f313f0170303d0431a4b
:0aa1ca0058425841704700207047ca
:020000040000fa
:020000040102f7
:10a1d40038b50568d5f8ec4204b938bd2368c5f82c
:10a1e400ec321bb905f53b73c5f8f032a06803f0f7
:0aa1f40079ff204603f076ffece748
:020000040000fa
:020000040102f7
:10a1fe00f0b50025074628466cb2a34200dcf0bd40
:10a20e004e5d545d34440444e4b2a64202d08cbf89
:0aa21e00012000207c550135eee719
:020000040000fa
:020000040102f7
:10a2280037b505460c4603f0d7fc28b12146284629
:10a23800f6f7c8fd03b030bd6b4608221021022096
:0aa24800cde90054f6f72cfbf4e713
:020000040000fa
:020000040102f7
:10a25200d0f8083201f03f0103b970471a699068db
:10a2620061f3c80090605a69d078c00642bf107985
:0aa2720061f3050010711b68eee7b0
:020000040000fa
:020000040102f7
:10a27c0038b50446c568008903f06eff48b12089e3
:10a28c00fff78cf838b129462089bde83840e2f751
:0aa29c00dbbb042038bd0320fce703
:020000040000fa
:020000040102f7
:02a2a6007047ff
:020000040000fa
:020000040102f7
:10a2a80008b5064803f056fc054803f059fc054874
:10a2b80003f05cfc0c20f4f767fb08bd595602015b
:08a2c80039430201852c02015b
:020000040000fa
:020000040102f7
:10a2d00038b50024074d04e0f2f7b0f90134042c3e
:10a2e00006d0e0b26b6ae34013f0010ff6d0f3e75b
:08a2f00038bd00bf0040004131
:020000040000fa
:020000040102f7
:10a2f80008b5024608461168064b19645168196585
:10a3080091681966d2681a670221fef709fb0120d5
:08a3180008bd00bf000600446f
:020000040000fa
:020000040102f7
:10a3200008480068006880f308884ff0000080f358
:10a33000148862b661b6bff34f8fbff36f8f00df33
:08a3400000bf000008ed00e081
:020000040000fa
:020000040102f7
:10a34800074b1b681b6823b9064b4ff0ff321a6096
:10a358007047034b1b68db681a68024b1a6070472a
:08a3680034fc002054fc00202d
:020000040000fa
:020000040102f7
:10a3700038b5084b1b6805460c46db6b98472146f1
:10a380002a4602f021f9bde8384001460120fff7d6
:08a39000f3ba00bf60010020d8
:020000040000fa
:020000040102f7
:10a3980038b5084b1b6805460c46db6b98472146c9
:10a3a8002a4602f00df9bde8384001460220fff7c1
:08a3b800dfba00bf60010020c4
:020000040000fa
:020000040102f7
:10a3c00010b504460120f5f7c3fc50b14268047291
:10a3d00002f0f801034a0a434260bde8104000f071
:08a3e0001bb910bd01020300ce
:020000040000fa
:020000040102f7
:10a3e80010b5084a002332f83340844205d102eb05
:10a3f800c3035b689847012010bd01332e2bf2d1af
:08a408000020f9e710d6000165
:020000040000fa
:020000040102f7
:10a4100030b585b005220546019102a801a902f0d8
:10a420001bfe02a8f3f7defa04460146284602f0b6
:08a43000e6f8204605b030bd3e
:020000040000fa
:020000040102f7
:10a4380037b5054601910df1030001a903f02cfb86
:10a448009df80300faf758f804460146284602f03a
:08a45800d2f8204603b030bd2c
:020000040000fa
:020000040102f7
:10a46000084bd3f8002c60f31742c3f8002cd3f844
:10a47000042c42f48022c3f8042cd3f8042c520399
:08a48000fbd4704700240141e8
:020000040000fa
:020000040102f7
:10a4880010b5084a002332f83340844205d102eb64
:10a49800c3035b689847012010bd0133092bf2d133
:08a4a8000020f9e7704b0201ee
:020000040000fa
:020000040102f7
:10a4b00037b5054601910df1030001a903f0f0fa4b
:10a4c0009df80300f3f712fa04460146284602f00d
:08a4d00096f8204603b030bdf0
:020000040000fa
:020000040102f7
:10a4d8000820000019c602010920000033c6020145
:10a4e80006200000a3e801010a20000011c80201ab
:08a4f80007200000b5800201fd
:020000040000fa
:020000040102f7
:10a5000010b5084a002332f83340844205d102ebeb
:10a51000c3035b689847012010bd0133192bf2d1aa
:08a520000020f9e7d85c0101fd
:020000040000fa
:020000040102f7
:10a5280010b5084a002332f83340844205d102ebc3
:10a53800c3035b689847012010bd0133122bf2d189
:08a548000020f9e778ab0101e6
:020000040000fa
:020000040102f7
:10a55000054b064a5a61064b064a1a61102140f221
:10a56000726001f0d1b800bfc8000020319b020129
:08a570000c0100205d9b0201bb
:020000040000fa
:020000040102f7
:10a5780010b5084a002332f83340844205d102eb73
:10a58800c3035b689847012010bd0133082bf2d143
:08a598000020f9e7dc6002017c
:020000040000fa
:020000040102f7
:10a5a00037b5054601910df1020001a902f0cefb7d
:10a5b000bdf80200f1f7e0fd04460146284602f02e
:08a5c0001ef8204603b030bd77
:020000040000fa
:020000040102f7
:10a5c80037b5054601910df1030001a903f064fabe
:10a5d8009df80300fcf768fc04460146284602f093
:08a5e8000af8204603b030bd63
:020000040000fa
:020000040102f7
:10a5f00007b5074a0379019012680648526a03f0ca
:10a60000070301a900eb8300904703b05df804fb4a
:08a61000600100208801002018
:020000040000fa
:020000040102f7
:10a6180013b5074a0379019012680648146a03f0d3
:10a628000703002201a900eb8300a04702b010bd78
:08a638006001002088010020f0
:020000040000fa
:020000040102f7
:10a6400010b5064b06480024202221461c7002f05b
:10a6500039fe044bc3e9004410bd00bf39f70020a8
:08a6600030fa0020c8fb0020c5
:020000040000fa
:020000040102f7
:10a66800074a13785bb1013bdbb213703bb9054b6a
:10a678004ff000421a6001225a6092025a607047f5
:08a688005cfd002000e100e090
:020000040000fa
:020000040102f7
:10a6900013b5084b00930446012302222221ec202b
:10a6a000e9f7caf920460821f5f72afe002002b092
:08a6b00010bd00bf0c4c0001bd
:020000040000fa
:020000040102f7
:10a6b80010f0010f4fea400318bf43f001032029af
:10a6c8001dbf012202fa01f101f1ff314ff0ff3104
:08a6d80058400840fff796ba54
:020000040000fa
:020000040102f7
:10a6e00090f8a81090f81a32d0f81622026580f877
:10a6f000543021b9c0f8ac2080f8b0307047c0f8b1
:08a70000bd2080f8c130704754
:020000040000fa
:020000040102f7
:10a7080010b505210446002001f01cf858b1236853
:10a7180025220273d3f89232c0f80d300146204644
:08a7280002f086f9012010bdca
:020000040000fa
:020000040102f7
:10a7300003684a7883f83a224a88a3f83c228a8838
:10a74000a3f83e22ca88a3f840220a89a3f842222d
:08a750004a89a3f84422704776
:020000040000fa
:020000040102f7
:10a75800036851b193f86700112809d0122809d06d
:10a7680010f0200018bf0420704793f86600f3e744
:08a77800012070470220704728
:020000040000fa
:020000040102f7
:10a7800038b505460c4602f06fff48b915f0050fc5
:10a7900008d0a088638898428cbf1220002038bd62
:08a7a0000c20fce71120fae790
:020000040000fa
:020000040102f7
:10a7a800084b1b685b680bb91846704793f8612122
:10a7b800012a02d1196d814201d01b68f3e71046c6
:08a7c800704700bfb001002042
:020000040000fa
:020000040102f7
:10a7d00010b5eef731fe58b1064b196800240c6035
:10a7e0001c68416861600c601b68436003f044f8ba
:08a7f000002010bd340200201e
:020000040000fa
:020000040102f7
:10a7f80025000102030405060708090a260b0c0dab
:10a808000e0f101112131415161718191a1b1c1de8
:08a818001e1f2021222324272a
:020000040000fa
:020000040102f7
:10a82000f8b506460c461746bc420cda21463a46b5
:10a830003046faf725fc21460546421e3046fff712
:08a84000efff6c1cf0e7f8bd0e
:020000040000fa
:020000040102f7
:10a8480007b5009003f0c8f928b16846fff7ccfabd
:10a8580003b05df804fb009b0193022101ab0422c5
:08a868000846f6f71df8f3e7be
:020000040000fa
:020000040102f7
:10a8700013b5044603f0b4f930b1636a13b121464d
:10a88000206a984702b010bd01ab042206210220c5
:08a890000194f6f709f8f5e761
:020000040000fa
:020000040102f7
:10a8980007b503238df80730064b1b68d3f8a4329d
:10a8a8002bb1da6a1ab10df10701186a904703b0a3
:08a8b8005df804fb74020020ae
:020000040000fa
:020000040102f7
:10a8c000c1f30803074a490a2bb94942114043ea38
:10a8d0004121faf7f9bbc3f59c7301339bb2514098
:08a8e000f5e700bfffff7f0058
:020000040000fa
:020000040102f7
:10a8e800084b1a4642f8040b118053f8102f42f413
:10a8f800e0421a601a689104fcd41a68d204f9d4a8
:08a90800704700bf003e014151
:020000040000fa
:020000040102f7
:10a91000074b1a8842f040021a801a685206fcd48b
:10a92000044b53f8042b02601b680b80704700bf78
:08a93000143e0141003e01410b
:020000040000fa
:020000040102f7
:10a9380010b5084b1c78002224fa02f313f0010327
:10a94800d1b204d00132082af6d1072010bd017017
:08a958001846fbe7c4020020d1
:020000040000fa
:020000040102f7
:10a9600010b5074b074c1b6813b9236813b910bd0a
:10a97000012098472368002bf9d0bde81040184704
:08a98000e8fc0020e0fc0020cf
:020000040000fa
:020000040102f7
:10a9880010b5074b074c1b6813b9236813b910bde2
:10a99800002098472368002bf9d0bde810401847dd
:08a9a800e4fc0020dcfc0020af
:020000040000fa
:020000040102f7
:10a9b00010b500230446c382faf75eff236e1a0621
:10a9c00044bf23f080732366236e23f04003236685
:08a9d000fff74afe002010bd54
:020000040000fa
:020000040102f7
:10a9d80008b500210246fbf749f9104490f97002c6
:10a9e8007e2804bf034b93f90100bde80840f7f740
:08a9f80003be00bf9e01002018
:020000040000fa
:020000040102f7
:10aa0000084b90f84010d3f8002161f3cc12c3f842
:10aa1000002190f84110d3f8002161f38302c3f8bc
:08aa20000021704700240141f0
:020000040000fa
:020000040102f7
:10aa280070b5054600f1180400f1380654f8040b17
:10aa380020b103f055fb002344f8043cb442f5d19f
:08aa4800002385f83b3070bdce
:020000040000fa
:020000040102f7
:10aa500038b5084b1b6804460d463bb922462846cc
:10aa60004ff48271bde8384000f056bd9847012888
:08aa7000f4d138bd28fd0020df
:020000040000fa
:020000040102f7
:10aa7800084b1a6800230c321178012902d1518839
:10aa8800814205d00133dbb2082b02f10c02f3d16d
:08aa9800184670472cfd002058
:020000040000fa
:020000040102f7
:10aaa000036810b413b14468944203d15df8044bb9
:10aab00002f0f4bb22b90b6001605df8044b7047f3
:08aac00013680b601160f8e758
:020000040000fa
:020000040102f7
:10aac80060b188420cd310b50c4602220021f9f778
:10aad8006bfb034600b18463184610bd002300e0f9
:06aae80000231846704730
:020000040000fa
:020000040102f7
:10aaee0038b504460d4600f06cffa36c23b100246c
:10aafe0002f033fa204638bda36b13b9a5640124c6
:06ab0e00f6e70024f4e765
:020000040000fa
:020000040102f7
:10ab140008b5d0f805104378012b02d0022b05d0dc
:10ab240008bdb0f80300fff721fcf9e7b0f8030013
:06ab3400fff730fcf4e71e
:020000040000fa
:020000040102f7
:10ab3a0010b58cb00c462822842101a801f04dfde5
:10ab4a00282200902146684602f08bfa01a802f0fa
:06ab5a0006fd0cb010bd69
:020000040000fa
:020000040102f7
:10ab600000b593b01323adf8003001238df8043005
:10ab70000388adf806306846adf80810fdf73afcda
:06ab800013b05df804fbb8
:020000040000fa
:020000040102f7
:10ab860070b50368c43304460d4616460021b42248
:10ab9600184602f094fb3246034629462046bde895
:06aba6007040e8f72cbb33
:020000040000fa
:020000040102f7
:10abac0070b505460068002450b1028943899a4269
:10abbc0006d106682e6003f091fa01343046f3e7b3
:06abcc002860204670bd68
:020000040000fa
:020000040102f7
:10abd20090f81431072b03d1012381f8a830704774
:10abe200d0f8b4301b789b0603d590f8e730012be0
:06abf200f2d00023f1e7a0
:020000040000fa
:020000040102f7
:10abf80000b593b003688df804100820adf8000084
:10ac08001b88adf8063068468df80820fdf7eefb86
:06ac180013b05df804fb1f
:020000040000fa
:020000040102f7
:10ac1e0010b5046894f864304bb90821eef7cdfef8
:10ac2e0008b9002010bd012084f8ac01fae7012b11
:06ac3e00f7d10e21f2e740
:020000040000fa
:020000040102f7
:10ac440070b50a460f2105460668f9f7b3fe0446b7
:10ac540038b196f8ae31112b03d101212846f5f70e
:06ac6400e1f9204670bd7d
:020000040000fa
:020000040102f7
:10ac6a0010b5044602f0dbf838b123680022a3f8d5
:10ac7a00a8211a212046fff7baff20460021f5f73e
:06ac8a00cef9012010bd0f
:020000040000fa
:020000040102f7
:10ac90000368d3f8ac2112f0ff1f08d193f8f42217
:10aca0003ab9d3f8ec02b0fa80f0400970470020be
:06acb0007047012070470f
:020000040000fa
:020000040102f7
:10acb60010b5013a52b2130601d5002010bd845cce
:10acc6008b5c9c4205d802f1ff32f4d24ff0ff3084
:06acd600f4e70120f2e7a3
:020000040000fa
:020000040102f7
:10acdc0030b500248c4202d30023184630bd034605
:10acec00407813f8025b9042f7d0681c0444013d95
:06acfc00e4b25819eee776
:020000040000fa
:020000040102f7
:10ad020030b5891a00f1824000f5b0304d1c0121a6
:10ad1200a94004880139914024ea010493401c436c
:06ad2200a4b2048030bd64
:020000040000fa
:020000040102f7
:10ad280010b590f82c30044663b9012380f82c3014
:10ad380000f2062001f0e8fe04f5f770bde81040c7
:06ad4800f5f70ebb10bd83
:020000040000fa
:020000040102f7
:10ad4e0008b503681a6e120601d4002008bdd3f8a8
:10ad5e008020013ac3f88020002af6d18021eff737
:06ad6e004cfd0120f2e79c
:020000040000fa
:020000040102f7
:10ad740000f189020023507828b9907818b9107826
:10ad840008b90b7070470133dbb2042b02f13402b3
:06ad9400f1d10720704719
:020000040000fa
:020000040102f7
:10ad9a0010b500f1180300f1380253f8044b2cb136
:10adaa0094f8044124b1a4b2fff739fe204610bd3d
:06adba009342f2d1fae71a
:020000040000fa
:020000040102f7
:10adc000064b00221a62064a1a6202f12b42a2f5d1
:10add0004b12a2f6ab421a62704700bf0006004455
:04ade000556699aa71
:020000040000fa
:020000040102f7
:10ade40010b50446416851b10268022383738b880d
:10adf40028328968007be8f7a1f8a07b10bd012305
:04ae04008373fae773
:020000040000fa
:020000040102f7
:08ae080008b5e6f7f5f808bdf6
:020000040000fa
:020000040102f7
:10ae1000074b19680868b0e8f04f80f30988bff362
:10ae20006f8f4ff0000080f311887047aff3008000
:04ae300030fc0020d2
:020000040000fa
:020000040102f7
:10ae34000369416882688a60416851605a68824245
:10ae440004bf82685a60002202611a68013a1a60db
:04ae540018687047c3
:020000040000fa
:020000040102f7
:10ae5800026c72b110b5c3681344c3608468a3421e
:10ae680024bf0368c3600c46c168204601f0a8fbf4
:04ae780010bd704752
:020000040000fa
:020000040102f7
:10ae7c0030b41546064a54683cb100eb01301a4612
:10ae8c002946234680b230bc184730bc704700bfff
:04ae9c000001002091
:020000040000fa
:020000040102f7
:10aea0001fb50b461446014602aa0320fcf7dff942
:10aeb0002146019001a802f0d5fe02a802f054fb41
:04aec00004b010bd0d
:020000040000fa
:020000040102f7
:10aec40008b5054b054a0648da6102f075febde88f
:10aed400084001f013bd00bfc8000020059b02011b
:04aee400dde00201aa
:020000040000fa
:020000040102f7
:10aee80010b501f083f9064b1b7804461bb1fbf73c
:10aef80019fee3f77bf82046bde8104000f026b8bd
:04af08000dfc00201c
:020000040000fa
:020000040102f7
:10af0c00012805d008b1022804d0034b18887047db
:10af1c00024bfbe7024bf9e73af700200efc00204e
:04af2c004cfd0020b8
:020000040000fa
:020000040102f7
:10af300010b9054b19807047012801d1034bf9e77f
:10af40000228f8d1024bf5e7203f0141243f01419f
:04af5000283f014154
:020000040000fa
:020000040102f7
:10af540007b5074a0190137833b1013bdbb2137094
:10af640013b901a802f064fe03b05df804fb00bf4e
:04af74005efd00205e
:020000040000fa
:020000040102f7
:10af7800064b1a8842f001021a801a68d207fcd4dc
:10af8800034b186820f07040704700bf143e014121
:04af9800083e01412d
:020000040000fa
:020000040102f7
:10af9c00074b1b68586800b9704790f86031012b5b
:10afac0002d190f829200ab90068f4e718467047d6
:04afbc00b0010020c0
:020000040000fa
:020000040102f7
:10afc000074b1b68586800b9704790f86031012b37
:10afd00001d1027c0ab10068f5e71846704700bf4e
:04afe000b00100209c
:020000040000fa
:020000040102f7
:10afe40013b5074b00930446012302221b21ec20d6
:10aff400e8f720fd08230020237002b010bd00bf35
:04b00400d74b000125
:020000040000fa
:020000040102f7
:10b0080013b5074b00930446012302222421ec20a8
:10b01800e8f70efd08230020237002b010bd00bf22
:04b02800264c0001b1
:020000040000fa
:020000040102f7
:10b02c0010b5074bda69013ada6132b91a6ada619a
:10b03c000124f1f781fb204610bd0024f9e700bf85
:04b04c00f0000120ef
:020000040000fa
:020000040102f7
:10b0500010b530248cb022460021684602f032f947
:10b0600022466946024800f0e3fd0cb010bd00bf67
:04b07000f0000120cb
:020000040000fa
:020000040102f7
:10b07400074b1b680bb91846704799680a79043a5c
:10b08400012af6d80a68126c8242f2d10120704774
:04b09400780200201e
:020000040000fa
:020000040102f7
:10b09800074a13691b1a136193680344b3f5c06f19
:10b0a80083bf6ff4c0615b18012000209360704774
:04b0b800e80100208b
:020000040000fa
:020000040102f7
:10b0bc00054b0022c3e90023044bc3e90023044bd6
:10b0cc00c3e90023704700bfc80100200002002024
:04b0dc00bc01002093
:020000040000fa
:020000040102f7
:10b0e000074b1a681ab192f8c000012806d05868b8
:10b0f00020b190f8c000431e58425841704700bf2d
:04b10000d8fb002058
:020000040000fa
:020000040102f7
:10b1040000b593b03022adf80020036800228df81a
:10b1140004201b88adf806306846fdf769f913b0c2
:04b124005df804fbd3
:020000040000fa
:020000040102f7
:10b1280010b51c46044b1860044b1046196002f019
:10b13800e3fd034a146010bdb4fc0020acfc002001
:04b1480018020020c9
:020000040000fa
:020000040102f7
:10b14c0070b50622032105460668f9f72ffc044664
:10b15c0030b10023a6f8a83101212846f4f75eff90
:04b16c00204670bd4c
:020000040000fa
:020000040102f7
:10b170000368b1f80120a3f82a22b1f80320a3f84c
:10b180002c22b1f80520a3f82622b1f80720a3f855
:04b1900028227047ba
:020000040000fa
:020000040102f7
:10b1940038b5074b05680c781b6821462846984744
:10b1a400342303fb0454002084f88b0038bd00bf13
:04b1b400c0fc0020bb
:020000040000fa
:020000040102f7
:10b1b800074a137958070ad519074cbf03f0ef035c
:10b1c80003f0df0383f008031371f5f797bd7047a9
:04b1d80058020020f9
:020000040000fa
:020000040102f7
:10b1dc00437b012b07d1c36e5b08c0f8b030036909
:10b1ec00c0f8ac307047002bf9d1c26e03f271235a
:04b1fc005343f1e7e1
:020000040000fa
:020000040102f7
:10b2000010b5836c044613b9036c834209d0002344
:10b21000a3732046e0f72cfd2046bde81040fdf763
:04b22000fbbe10bda4
:020000040000fa
:020000040102f7
:10b2240013b5044602f0dafc019401ab042204498c
:10b2340020b10120f5f736fb02b010bd0320f9e779
:04b244000c010001f8
:020000040000fa
:020000040102f7
:10b24800074b1b680bb91a4608e09a68117904394c
:10b258000129f6d8116809888142f2d11046704751
:04b268007802002048
:020000040000fa
:020000040102f7
:10b26c0008b5fff73bfb064b1b6813f0060f05d028
:10b27c0040210020bde80840fdf7a0bc08bd00bf80
:04b28c00203f01411d
:020000040000fa
:020000040102f7
:10b2900007b5064b06491b680193042201ab002049
:10b2a000f5f702fb03b05df804fb00bf800200204d
:04b2b0000600010093
:020000040000fa
:020000040102f7
:10b2b40007b5064b06491b680193042201ab002025
:10b2c400f5f7f0fa03b05df804fb00bf800200203c
:04b2d400090001006c
:020000040000fa
:020000040102f7
:10b2d80007b5064b06491b680193042201ab002001
:10b2e800f5f7defa03b05df804fb00bf800200202a
:04b2f8000800010049
:020000040000fa
:020000040102f7
:10b2fc0007b5064b06491b680193042201ab0020dd
:10b30c00f5f7ccfa03b05df804fb00bf8002002017
:04b31c000700010025
:020000040000fa
:020000040102f7
:10b3200007b5064b06491b680193042201ab0020b8
:10b33000f5f7bafa03b05df804fb00bf8002002005
:04b340000200010006
:020000040000fa
:020000040102f7
:10b3440007b5064b06491b680193042201ab002094
:10b35400f5f7a8fa03b05df804fb00bf80020020f3
:04b3640003000100e1
:020000040000fa
:020000040102f7
:10b3680007b5064b06491b680193042201ab002070
:10b37800f5f796fa03b05df804fb00bf80020020e1
:04b3880004000100bc
:020000040000fa
:020000040102f7
:10b38c0008b5064a08210120fbf7e8fb044a07210f
:10b39c000120bde80840fbf7e1bb00bf61a9020139
:04b3ac0089a9020168
:020000040000fa
:020000040102f7
:10b3b00008b5036893f86231012b06d1f0f7ecff72
:10b3c000034a138843f040031380002008bd00bfe8
:04b3d000d602002081
:020000040000fa
:020000040102f7
:10b3d40010b50468faf74efa236ed4f8780123f016
:10b3e400807343f000732366fef7e0f9bde8104074
:04b3f400fff738b96e
:020000040000fa
:020000040102f7
:10b3f80008b5054802f052fd044802f055fd04481e
:10b4080002f058fd002008bde5b8020197c002010e
:04b418000d350201eb
:020000040000fa
:020000040102f7
:10b41c00027a074b42b1d3f8042140f2831161f355
:10b42c000802c3f804217047d3f804210321f6e77e
:04b43c0000240141a6
:020000040000fa
:020000040102f7
:10b44000222303fb01015631054b01f1140251f88f
:10b45000040b43f8040b9142f9d10a881a80704713
:04b460002e25014153
:020000040000fa
:020000040102f7
:10b46400027b074b42b1d3f8042140f2d71161f3b8
:10b474000802c3f804217047d3f804215721f6e7e2
:04b48400002401415e
:020000040000fa
:020000040102f7
:10b4880010b5d0f8c040fef7dbfc0146d4f8ac009c
:10b49800fff712fa024b984294bf0020012010bd1a
:04b4a80038feff7fec
:020000040000fa
:020000040102f7
:10b4ac0038b5074d0024204601342946e4b200f09b
:10b4bc0009fc082c05f10605f5d1002038bd00bfac
:04b4cc0054f900200f
:020000040000fa
:020000040102f7
:10b4d00008b5036893f86231012b06d1f0f75cffe1
:10b4e000034a138843f004031380002008bd00bf03
:04b4f000d602002060
:020000040000fa
:020000040102f7
:10b4f40008b5fdf7cfff40b1054b80781b685b783a
:10b5040098422cbf0020012008bd0120fce700bfa9
:04b514002cfd0020ea
:020000040000fa
:020000040102f7
:10b5180013b5074b8df800001446adf802100192e0
:10b528001b6868469847204602f0dafd02b010bd55
:04b5380030fd0020c2
:020000040000fa
:020000040102f7
:10b53c0007b5064b06491b680193042201ab00209a
:10b54c00f5f7acf903b05df804fb00bf80020020f6
:04b55c0002020100e6
:020000040000fa
:020000040102f7
:10b5600007b5064b06491b680193042201ab002076
:10b57000f5f79af903b05df804fb00bf80020020e4
:04b5800003020100c1
:020000040000fa
:020000040102f7
:10b5840007b5064b06491b680193042201ab002052
:10b59400f5f788f903b05df804fb00bf80020020d2
:04b5a400020101009f
:020000040000fa
:020000040102f7
:10b5a80007b5064b06491b680193042201ab00202e
:10b5b800f5f776f903b05df804fb00bf80020020c0
:04b5c800010101007c
:020000040000fa
:020000040102f7
:10b5cc0007b5064b06491b680193042201ab00200a
:10b5dc00f5f764f903b05df804fb00bf80020020ae
:04b5ec000001010059
:020000040000fa
:020000040102f7
:10b5f00007b5064b06491b680193042201ab0020e6
:10b60000f5f752f903b05df804fb00bf800200209b
:04b610000301010031
:020000040000fa
:020000040102f7
:10b6140007b5064b06491b680193042201ab0020c1
:10b62400f5f740f903b05df804fb00bf8002002089
:04b63400010301000d
:020000040000fa
:020000040102f7
:10b6380007b5064b06491b680193042201ab00209d
:10b64800f5f72ef903b05df804fb00bf8002002077
:04b6580000030100ea
:020000040000fa
:020000040102f7
:10b65c000b0d40f21e42d21a09dbcb0243ea5050ca
:10b66c0040f00040202a28bf2022d04070474900db
:04b67c008041704752
:020000040000fa
:020000040102f7
:10b6800010b50c6800230a799a4204d8002100f012
:10b69000b6ff002010bdca185279e2540133dbb264
:02b6a000f1e7d0
:020000040000fa
:020000040102f7
:10b6a20038b50b468a7891f90110054693f90000e6
:10b6b200f6f7d1ff04460146284600f09fff2046d8
:02b6c20038bd91
:020000040000fa
:020000040102f7
:10b6c40013b501220c466846842100f089ff2178d5
:10b6d400019001a802f0befa684601f043ff02b0ef
:02b6e40010bd97
:020000040000fa
:020000040102f7
:10b6e60013b501220c466846842100f078ff2178c4
:10b6f600019001a802f0adfa684601f032ff02b0ef
:02b7060010bd74
:020000040000fa
:020000040102f7
:10b70800a0f14a02b2f5c56f08b508d8102906d8c5
:10b71800e1f708fe20b9bde8084000f0e1be1120bd
:02b7280008bd5a
:020000040000fa
:020000040102f7
:10b72a0038b505680446e4f7c2fe122385f8653089
:10b73a00204600220b21fff721fabde83840f7f72f
:02b74a006ab9da
:020000040000fa
:020000040102f7
:10b74c0038b5054601f10c000c4602f0c5fc38b1c9
:10b75c000379448165f305130371002303810360ae
:02b76c0038bde6
:020000040000fa
:020000040102f7
:10b76e0008b5fff76afd40b1036893f8c1315b0776
:10b77e0005d501f01ef9002008bd0220fce71a20b5
:02b78e00fae7d8
:020000040000fa
:020000040102f7
:10b7900038b505460468f8f763fa0521284600f035
:10b7a00002fc28b194f8c83143f0020384f8c83190
:02b7b00038bda2
:020000040000fa
:020000040102f7
:10b7b20038b504460d4600200221fff7c6ff38b116
:10b7c2000223037345730146204601f034f9012038
:02b7d20038bd80
:020000040000fa
:020000040102f7
:10b7d40038b504460d4600200221fff7b5ff38b105
:10b7e4000723037345730146204601f023f9012022
:02b7f40038bd5e
:020000040000fa
:020000040102f7
:10b7f60003684a7883f85e228a7883f85f22ca78db
:10b8060083f860220a7983f861224a7983f86222f2
:02b81600704779
:020000040000fa
:020000040102f7
:10b8180010b5046894f8c831db0709d504f52f7012
:10b82800e7f74efe04f53570bde81040e7f748be6f
:02b8380010bd41
:020000040000fa
:020000040102f7
:10b83a0007b503688df8071093f84d20032a05d140
:10b84a00da6a1ab10df10701186a904703b05df878
:02b85a0004fbed
:020000040000fa
:020000040102f7
:10b85c0010b5002380f84d30a0f84e300377437ab2
:10b86c0004460bb1f3f7d2fa2046f3f727fe00207b
:02b87c0010bdfd
:020000040000fa
:020000040102f7
:10b87e0012290ad002d8112904d070472139022981
:10b88e0005d97047012101f002be0221fbe7032119
:02b89e00f9e7c8
:020000040000fa
:020000040102f7
:10b8a00010b504680a46d4f8a41029b1fef70efbbf
:10b8b0000023c4f8a43010bd1046bde81040fcf7ca
:02b8c00061bc69
:020000040000fa
:020000040102f7
:10b8c20010b50468204601f0a2fcf9f7d4ff236efc
:10b8d20043f0006343f001032366bde81040fef726
:02b8e200c2bee4
:020000040000fa
:020000040102f7
:10b8e40090f8c120012a0ad190f8e5203ab9b0f8bd
:10b8f400142140f207139a4201d1faf7a7bf00209e
:02b9040070478a
:020000040000fa
:020000040102f7
:10b9060010b58c30002304688c4202d113700020dd
:10b9160010bd0133dbb2042b00f13400f3d11f203c
:02b92600f6e742
:020000040000fa
:020000040102f7
:10b9280090f82030817d0422013a12f0ff0206d0ff
:10b93800042b1abf5b00dbb201230b42f4d118467b
:02b94800704746
:020000040000fa
:020000040102f7
:10b94a00c0b208b50b4618b1012805d0002008bdc1
:10b95a000868eaf788f8f9e711461846faf799feef
:02b96a00f4e700
:020000040000fa
:020000040102f7
:10b96c0010f0004160b148bf40420a0d02f21d4286
:10b97c00b0fa80f3d21a9840c30a400503eb025187
:02b98c00704702
:020000040000fa
:020000040102f7
:10b98e004348433a616464205265712c5065723da0
:10b99e002564004348433a434820496e642c25648d
:01b9ae000098
:020000040000fa
:020000040102f7
:10b9b00082b0002301934ff0200383f31188bff37b
:10b9c0006f8fbff34f8f019b002bfcd002b07047ed
:020000040000fa
:020000040102f7
:10b9d0004ff0200383f31188bff36f8fbff34f8fb6
:10b9e000024a136801331360704700bf54010120fd
:020000040000fa
:020000040102f7
:10b9f00070b505460e46fef743f8044610b93046ca
:10ba0000f3f7e8f82846214600f0f9fd204670bd1e
:020000040000fa
:020000040102f7
:10ba1000034b044a9a60044b044a9a6001f0b7bc95
:10ba2000c800002089a402010c010020ad9a020187
:020000040000fa
:020000040102f7
:10ba3000034b044a5a62044b044a9a61704700bfa0
:10ba4000c800002001a502010c01002029a5020167
:020000040000fa
:020000040102f7
:10ba5000034b044a9a61044b044a5a6101f0bbbc8f
:10ba6000c800002079a502010c010020c97502015f
:020000040000fa
:020000040102f7
:10ba700010b1054b1b78037021b1044b1a680a60a2
:10ba80009b888b80704700bf6c0100206d010020f7
:020000040000fa
:020000040102f7
:10ba900010b504460069f9f777ffe2f75dfbfef7a2
:10baa00041fa6068fbf7a8febde8104002f03ebb1b
:020000040000fa
:020000040102f7
:10bab00010b5064b1868f021043002f01bf9002382
:10bac0001a461946bde81040eef7c5bfb001002088
:020000040000fa
:020000040102f7
:10bad00010b5064b16301b6853f820300c4613b1d6
:10bae000114620469847002010bd00bfac01002041
:020000040000fa
:020000040102f7
:10baf000064a1368c01a0144b1f5c06f8cbfa1f2a9
:10bb0000026101f1ff31d160704700bfe801002000
:020000040000fa
:020000040102f7
:10bb1000014608b5054801f082fc0b7b43f00403a5
:10bb20000b73bde80840fbf7f7bd00bfc80100205c
:020000040000fa
:020000040102f7
:10bb3000014608b5054801f072fc0b7b43f0040395
:10bb40000b73bde80840fbf7e7bd00bf0002002013
:020000040000fa
:020000040102f7
:10bb5000434d443a457874437265617465436f6e32
:10bb60006e004552523a7374617475733d256400da
:020000040000fa
:020000040102f7
:10bb700000b593b041f21403adf804006846adf887
:10bb800000308df80610fcf735fc13b05df804fbaf
:020000040000fa
:020000040102f7
:10bb900008b501f069fd30b9044b1b78012b0cbfcf
:10bba0000c20002008bd0c20fce700bf6bfd00202e
:020000040000fa
:020000040102f7
:10bbb00008b5f9f7f9f9054b1a6842f010021a6056
:10bbc0001a6842f002021a6008bd00bf203a014123
:020000040000fa
:020000040102f7
:10bbd00008b5f9f70dfa054b1a8842f010021a80e1
:10bbe0001a8842f002021a8008bd00bf283a0141bb
:020000040000fa
:020000040102f7
:10bbf0001fb50023cde90231019001ab0c220349ae
:10bc00000120f4f751fe05b05df804fb01010001cd
:020000040000fa
:020000040102f7
:10bc100007b5036b33b1019001ab04220349032044
:10bc2000f4f742fe03b05df804fb00bf0a01000117
:020000040000fa
:020000040102f7
:10bc300010b530b129b112f0030302d1920893423a
:10bc400000d110bd51f8234040f823400133f6e7fe
:020000040000fa
:020000040102f7
:10bc5000054b1a8842f001021a801a68d207fcd4f8
:10bc6000024b1868704700bf143e0141083e014175
:020000040000fa
:020000040102f7
:10bc7000054b1a8842f002021a801a689207fcd417
:10bc8000024b1868704700bf143e0141003e01415d
:020000040000fa
:020000040102f7
:10bc9000054b1a8842f008021a801a681207fcd471
:10bca000024b186880b27047143e0141043e0141c6
:020000040000fa
:020000040102f7
:10bcb000054b1a8842f004021a801a685207fcd415
:10bcc000024b186880b27047143e01410c3e01419e
:020000040000fa
:020000040102f7
:10bcd000062340f2431203fb0020044b1b68184468
:10bce00003680b6083888b80704700bfc802002008
:020000040000fa
:020000040102f7
:10bcf000054bd3f8682f60f3d752c3f8682f034b76
:10bd00001b685870704700bf00240141c802002022
:020000040000fa
:020000040102f7
:10bd1000064b1b681a78002322fa03f1c907d8b230
:10bd200003d50133082bf7d118467047c80200200d
:020000040000fa
:020000040102f7
:10bd3000054bb3f85600054b1b7800f07f00184404
:10bd4000404240b2704700bf006001419c010020aa
:020000040000fa
:020000040102f7
:10bd500007b5064b1b680193042201ab4ff001119c
:10bd60000020f4f7a1fd03b05df804fb8002002081
:020000040000fa
:020000040102f7
:10bd700010b50446fef768f801462046fef7a0fd20
:10bd8000024b984294bf0020012010bd38feff7f77
:020000040000fa
:020000040102f7
:10bd900010b5036893f8623133b1044c22780ab1cc
:10bda000f0f7fafa00232370002010bd0a030020e8
:020000040000fa
:020000040102f7
:10bdb00008b50368d3f87c2132b10021d3f87801ab
:10bdc00002f0aef9002008bd102100f0ddfef9e719
:020000040000fa
:020000040102f7
:10bdd00010b50446fef738f801462046fef770fd20
:10bde000024b984294bf0020012010bd38feff7f17
:020000040000fa
:020000040102f7
:10bdf00010b50446fef728f801462046fef760fd20
:10be0000024b984294bf0020012010bd38feff7ff6
:020000040000fa
:020000040102f7
:10be100013b58468012001f0dfff01ab0422034960
:10be200001940120f4f740fd02b010bd01030101af
:020000040000fa
:020000040102f7
:10be300007b53a238df8043005226b4603490120eb
:10be4000f4f732fd002003b05df804fb02050101a8
:020000040000fa
:020000040102f7
:10be5000064b1b685b79022b06d100231a464ff470
:10be600084311846f4f720bd704700bff802002067
:020000040000fa
:020000040102f7
:10be7000064b1b685b79022b06d100231a464ff450
:10be800084311846f4f710bd704700bff802002057
:020000040000fa
:020000040102f7
:10be9000042802d0062804d07047044b1b68996020
:10bea0007047024b1b68d960704700bf1803002021
:020000040000fa
:020000040102f7
:10beb00007b5064b1b680193042201ab4ff4813197
:10bec0000020f4f7f1fc03b05df804fb80020020d1
:020000040000fa
:020000040102f7
:10bed00030b5064d00232a681a44dcb2527812b9f4
:10bee0000470104630bdca540133f4e71c0300202f
:020000040000fa
:020000040102f7
:10bef000636d642030782530347800554e4b4e4fba
:0fbf0000574e2048434920434f4d4d414e44007a
:020000040000fa
:020000040102f7
:10bf100008b5ebf73bf948b9f7f758f830b9faf735
:0ebf2000bdfa18b9bde80840faf798ba08bd96
:020000040000fa
:020000040102f7
:10bf2e0013b5044602210df10600f4f7e2f9bdf84f
:0ebf3e00063062899a42f5d0638102b010bdd0
:020000040000fa
:020000040102f7
:10bf4c0038b505680446e4f7b1fa122385f8653074
:0ebf5c00204600220b21bde83840fef70ebe45
:020000040000fa
:020000040102f7
:10bf6a00026892f8ac111329034604d192f86420ae
:0ebf7a000ab9e1f7b6bc17211846fff726bc3e
:020000040000fa
:020000040102f7
:10bf880000b593b003685722adf800201b88adf8c0
:0ebf980004306846fcf72afa13b05df804fb8b
:020000040000fa
:020000040102f7
:10bfa60038b504460d4600200121fff7ccfb28b129
:0ebfb60005730146204600f03cfd012038bd19
:020000040000fa
:020000040102f7
:10bfc4004388052b09d94378027803f01f0352ea0a
:0ebfd400032314bf0120002070470020704797
:020000040000fa
:020000040102f7
:10bfe20000b593b041f21003adf80030838aadf88a
:0ebff20004306846fcf7fdf913b05df804fb5f
:020000040000fa
:020000040102f7
:10c0000010b5826c52b9046c844207d1a273e5f773
:0ec0100093f92046bde81040fcf7febf10bdbe
:020000040000fa
:020000040102f7
:10c01e0008b501f0defd034618b1e0f790fb0020f5
:0ec02e0008bd02460f210220f4f737fcf7e7a9
:020000040000fa
:020000040102f7
:10c03c0000f1824000f5b030891a038801310120eb
:0ec04c008840013890401840104180b2704783
:020000040000fa
:020000040102f7
:10c05a00036eca6843f002030366b0f84a309b00d5
:0ec06a008365528803eb8203c0e916317047ec
:020000040000fa
:020000040102f7
:10c0780038b505680446284600f008fa2b6e1b06fa
:0ec0880004d52046bde83840e7f77ebf38bd3e
:020000040000fa
:020000040102f7
:10c0960090f80d314bb190f8e42012f0240f04d142
:0ec0a60090f8e5305a1e534253411846704739
:020000040000fa
:020000040102f7
:10c0b40008b5f7f7fff9c37813f0100305d004218e
:0ec0c4000230bde80840e6f77bb9184608bd1b
:020000040000fa
:020000040102f7
:10c0d20008b5f9f712fec37813f0100305d0042156
:0ec0e2000230bde80840e6f76cb9184608bd0c
:020000040000fa
:020000040102f7
:10c0f00007b5c378db0708d5042300930088002325
:0ec10000fcf7e0fb03b05df804fb0120fae75a
:020000040000fa
:020000040102f7
:10c10e0003688b4206d10b68036043688b4208bffd
:0ec11e0042607047002af8d00b681360f5e706
:020000040000fa
:020000040102f7
:10c12c0010b50023934206d113f0030018bf012071
:0ec13c0000eb930010bdc45ccc540133f2e75d
:020000040000fa
:020000040102f7
:10c14c0010b50c46044b19681831fbf7f7fe0121aa
:0cc15c002046ebf7bdfb10bd30fc0020be
:020000040000fa
:020000040102f7
:10c16800054b1b6823b1044b1a68936c0133936425
:0cc17800014b1868704700bf30fc00202d
:020000040000fa
:020000040102f7
:10c1840008b50246044b0868496803c310460021f9
:0cc1940000f033fa002008bd4801002034
:020000040000fa
:020000040102f7
:10c1a00008b50246044b0868496803c310460021dd
:0cc1b00000f025fa002008bd3801002036
:020000040000fa
:020000040102f7
:10c1bc0008b50246044b0868496803c310460021c1
:0cc1cc0000f017fa002008bd4001002020
:020000040000fa
:020000040102f7
:10c1d800054b187029b10a68c3f801208a88a3f8aa
:0cc1e8000520f7f749bc00bf6c010020e7
:020000040000fa
:020000040102f7
:10c1f40007b501a801f04bfc034a019813780133f9
:0cc20400137003b05df804fb5efd002029
:020000040000fa
:020000040102f7
:10c21000054b1b685b680bb91846704793f86001c3
:0cc220000128fad01b68f6e7b0010020ee
:020000040000fa
:020000040102f7
:10c22c00054b1a68c30800f00700d35c23fa00f032
:0cc23c0000f00100704700bfb8010020b6
:020000040000fa
:020000040102f7
:10c2480010b5f2f759fe00231a4603490220bde84b
:0cc258001040f4f725bb00bf00070100f8
:020000040000fa
:020000040102f7
:10c2640008b5054b1b68d3f820319847002814bf44
:0cc274000c20002008bd00bfb401002019
:020000040000fa
:020000040102f7
:10c2800007b50422019001ab03490220f4f70cfb2f
:0cc2900003b05df804fb00bf8106010054
:020000040000fa
:020000040102f7
:10c29c0007b50422019001ab03490220f4f7fefa22
:0cc2ac0003b05df804fb00bf8206010037
:020000040000fa
:020000040102f7
:10c2b80070b505460068002428b10668013401f00d
:0cc2c8000fff3046f8e72860204670bdec
:020000040000fa
:020000040102f7
:10c2d40010b5054b53f820300c4613b111462046d7
:0cc2e4009847002010bd00bfa4fb002004
:020000040000fa
:020000040102f7
:10c2f000024b034a03490448fef716bf9d9602010c
:0cc300008de20101997d0201dd070201c0
:020000040000fa
:020000040102f7
:10c30c000368084650f8012fc3f8e6214268c3f8c9
:0cc31c00ea21d1f80920c3f8f221704793
:020000040000fa
:020000040102f7
:10c3280000f5fa70044b4143b1fbf3f003fb101323
:0cc3380003b10130704700bf40420f000d
:020000040000fa
:020000040102f7
:10c3440010b5054b53f820300c4613b11146204666
:0cc354009847002010bd00bfacf900208d
:020000040000fa
:020000040102f7
:10c3600000230b604368044a4b60196013784160f6
:0cc3700001331370704700bf69fd00200e
:020000040000fa
:020000040102f7
:10c37c00054a1378580706d4990704d523f002030d
:0cc38c001370f9f761bb70476efd0020d4
:020000040000fa
:020000040102f7
:10c39800054a1378580706d4990704d523f00203f1
:0cc3a8001370fef705bf70476efd00200b
:020000040000fa
:020000040102f7
:10c3b400034b00221a70034b1a68034b1a70704720
:0cc3c4006902002068340141680200207a
:020000040000fa
:020000040102f7
:10c3d000036a1b791a1f012a07d8042b01d100f028
:0cc3e00013b8018fc06bfef741bf70471f
:020000040000fa
:020000040102f7
:10c3ec00c0f3080310f4007f40f271224fea902052
:0cc3fc0002fb003018bf00f59c70704779
:020000040000fa
:020000040102f7
:10c40800054b1a6842f440721a601a68d105fcd4c8
:0cc418001a689205f9d47047103e0141eb
:020000040000fa
:020000040102f7
:10c42400054b02460068186392889a865a6e61f337
:0cc4340018625a66704700bf00330141d7
:020000040000fa
:020000040102f7
:10c44000054b0268c3f8362082885a875a6e61f31a
:0cc4500059625a66704700bf003301417a
:020000040000fa
:020000040102f7
:10c45c00054bd3f8682f60f31242c3f8682fd3f85a
:0cc46c00700f00f0010070470024014137
:020000040000fa
:020000040102f7
:10c4780007b50422019001ab03490120f4f710fa33
:0cc4880003b05df804fb00bff1040101eb
:020000040000fa
:020000040102f7
:10c4940010b50446f9f7eef9236e23f4f81323f4e8
:0cc4a40004632366bde81040fef7dcb81e
:020000040000fa
:020000040102f7
:10c4b00010b5054b1c68f7f7dbfd20461621bde8db
:0cc4c000104000f055bb00bf80020020bf
:020000040000fa
:020000040102f7
:10c4cc0010b5054b1c68f7f7cdfd20461721bde8cc
:0cc4dc00104000f047bb00bf80020020b1
:020000040000fa
:020000040102f7
:10c4e80008b5044801f0f8fc034801f001fd0020fc
:0cc4f80008bd00bfdd650201fd5c020113
:020000040000fa
:020000040102f7
:10c5040008b501f097fc28b1034b1878bde8084042
:0cc51400e4f754bc08bd00bf72fd00201d
:020000040000fa
:020000040102f7
:10c5200008b5044801f0e2fc0349032001f0d2fc05
:0cc53000002008bd8f6802014bb9020119
:020000040000fa
:020000040102f7
:10c53c0010b5044b044800241c6001f0ddfc2046bf
:0cc54c0010bd00bf24fd00204d140101b3
:020000040000fa
:020000040102f7
:10c5580010b50f230022c45c42ea4402ca54c25cec
:0cc5680013f1ff334fead212f5d210bde0
:020000040000fa
:020000040102f7
:10c5740010b5054b1b681c68a36f013302d1fdf78e
:0cc5840061fca06710bd00bf8002002019
:020000040000fa
:020000040102f7
:10c5900050b140f21d42b0fa80f1521a8840c30aed
:0cc5a000400503eb02517047010070479a
:020000040000fa
:020000040102f7
:10c5ac0030b501390024a24206d0035d01340d5d83
:0cc5bc00ab42f8d0581b00e0002030bd5e
:020000040000fa
:020000040102f7
:10c5c8005ab110b40a44431e11f8014b03f8014f45
:0cc5d8009142f9d15df8044b70477047a8
:020000040000fa
:020000040102f7
:10c5e40013b51446019001a801f034fb01a82146bb
:0ac5f40001f030fb019802b010bd09
:020000040000fa
:020000040102f7
:10c5fe0007b50b466a4601460120faf731fe68463a
:0ac60e0000f0abff03b05df804fb81
:020000040000fa
:020000040102f7
:10c6180038b5054611f8010be9f7befb044601469b
:0ac628002846fff7e8ff204638bd62
:020000040000fa
:020000040102f7
:10c6320038b5054611f8010be9f715fc0446014629
:0ac642002846fff7dbff204638bd55
:020000040000fa
:020000040102f7
:10c64c0003680b6023b943684b6019604160704705
:0ac65c0048600368596001607047f0
:020000040000fa
:020000040102f7
:10c666000346006840b1026812b9c3e90023704767
:0ac6760053601a6812681a607047da
:020000040000fa
:020000040102f7
:10c6800010b504460830fef791fa28b181b2204671
:0ac69000bde81040fef764ba10bdcb
:020000040000fa
:020000040102f7
:10c69a00037b417b1a0748bf043123f00803037365
:0ac6aa0048bfc9b20069fff71ebacd
:020000040000fa
:020000040102f7
:10c6b40010b5837904461bb1c06808b101f012fdbe
:0ac6c4002046bde8104001f00dbd56
:020000040000fa
:020000040102f7
:10c6ce0010b50446006801f0a8f828b120461221e2
:0ac6de00bde81040fff760bc10bd7e
:020000040000fa
:020000040102f7
:10c6e80038b50d4614460021182200f0e7fd40f247
:0ac6f8000112c5600281448138bdc3
:020000040000fa
:020000040102f7
:10c7020001fb00f211b9b2fbf0f07047b0fbf1f39c
:0ac7120001fb130308461946f4e783
:020000040000fa
:020000040102f7
:10c71c0008b590f8c8319b0705d500f5e770fbf715
:0ac72c000df90439c9b2084608bd32
:020000040000fa
:020000040102f7
:10c7360008b5014618b1012804d0002008bdf8f755
:0ac746000cf8fae7edf729fdf7e71c
:020000040000fa
:020000040102f7
:10c7500008b518b1012804d0002008bd00f0e4fe9f
:08c76000fae7fff735f9f7e7ee
:020000040000fa
:020000040102f7
:10c7680008b500231a4619460068e1f78dfb012831
:08c7780014bf0020012008bde0
:020000040000fa
:020000040102f7
:10c7800010b50446084611460022f7f711fd206057
:08c79000003018bf012010bdac
:020000040000fa
:020000040102f7
:10c7980008b5044b1b681bb1024b58681b689847c7
:08c7a80008bd00bfb0fb00203a
:020000040000fa
:020000040102f7
:10c7b000034b1b680360034b1b684360704700bf5b
:08c7c00058fc002064fc00207d
:020000040000fa
:020000040102f7
:10c7c80000b583b0002301930a4601a9e4f7c4fe2b
:08c7d800019803b05df804fbb9
:020000040000fa
:020000040102f7
:10c7e00010b5044c0022227021214020f7f7e0fc14
:08c7f000606010bd8000002014
:020000040000fa
:020000040102f7
:10c7f800840000003bab0201081000002d13020169
:08c8080009100000e1390201f2
:020000040000fa
:020000040102f7
:10c8100038b505460878d7f721fc04460146284676
:08c82000fff7edfe204638bdd4
:020000040000fa
:020000040102f7
:10c828003e2000008b1902013f2000006d540201d8
:08c8380040200000c17c020158
:020000040000fa
:020000040102f7
:10c8400086000000e7b60201021000006db401018d
:08c850000b100000f5d70101f7
:020000040000fa
:020000040102f7
:10c858000e10000001d001010f100000f9b4010111
:08c8680010100000f15702015d
:020000040000fa
:020000040102f7
:10c87000034b1b780370034b1b780b70704700bf92
:08c88000750100207301002086
:020000040000fa
:020000040102f7
:10c888004d454d2c416c6c6f63206661696c656425
:08c898002c6c656e3d25640067
:020000040000fa
:020000040102f7
:10c8a00018b9034b43f821207047024bfae700bf49
:08c8b000c8fb002030fa002053
:020000040000fa
:020000040102f7
:10c8b800044b4ff080521a60bff34f8fbff36f8f56
:08c8c800704700bf04ed00e021
:020000040000fa
:020000040102f7
:10c8d000044b4ff48062c3f80421bff34f8fbff3c2
:08c8e0006f8f704700e100e0da
:020000040000fa
:020000040102f7
:10c8e80010f11d0f06da503104db002a0cbf1120ad
:08c8f800002070471120704779
:020000040000fa
:020000040102f7
:10c9000008b5f5f785ff30b901f002fc18b9bde8ac
:08c910000840fbf78dbe08bdd5
:020000040000fa
:020000040102f7
:10c9180008b5f6f729f830b9f1f72cfd18b9bde8d4
:08c928000840f9f797be08bdb5
:020000040000fa
:020000040102f7
:10c930000138c0b206289abf024b185c4ff4fa7057
:08c94000704700bf8fe0020107
:020000040000fa
:020000040102f7
:10c9480008b50146406800f01bff20b98868bde8bb
:08c95800084000f015bf08bd06
:020000040000fa
:020000040102f7
:10c96000044ad2e90231994238bf01f20161cb1a7f
:08c9700013617047e80100208b
:020000040000fa
:020000040102f7
:10c97800034b0b221a70034bcd221a8001f0a8b882
:08c98800c40100200802002098
:020000040000fa
:020000040102f7
:10c9900008b5044b00221a60f2f7f6ffbde8084024
:08c9a000eef7c2b99cfc002077
:020000040000fa
:020000040102f7
:10c9a800036893f8ac2132b993f8ae31213b012bdf
:08c9b80001d9faf7a7b9704795
:020000040000fa
:020000040102f7
:10c9c00010b50446006800f02fff20b12046bde8f6
:08c9d0001040fdf789b910bd0c
:020000040000fa
:020000040102f7
:10c9d80008b50368d3f88421d20703d493f8b311b8
:08c9e80000f010fd012008bd64
:020000040000fa
:020000040102f7
:10c9f0000368ca88a3f81c2251f8012fc3f8162235
:08ca00000a7983f81a2270473d
:020000040000fa
:020000040102f7
:10ca080003684a7883f868228a7883f86922b1f83b
:08ca18000320a3f86a22704715
:020000040000fa
:020000040102f7
:10ca20000368194491f970027e2804bf014b93f901
:08ca3000010070479e01002087
:020000040000fa
:020000040102f7
:10ca380038b505460c46097bf1f78af821462846a1
:08ca4800bde8384001f02cbbf1
:020000040000fa
:020000040102f7
:10ca5000307825782c30782578004556543a69642a
:08ca60003d30782530347800e8
:020000040000fa
:020000040102f7
:10ca6800044b028b1b88db00b3fbf2f3a0f8743095
:08ca7800704700bf56fd0020cd
:020000040000fa
:020000040102f7
:10ca8000044ac0b201238340107820ea03001070ea
:08ca9000704700bf68fd0020a3
:020000040000fa
:020000040102f7
:10ca980010b5044c236823b94ff4827001f01efbd3
:08caa800206010bdd0fc00204d
:020000040000fa
:020000040102f7
:10cab00010b5044c206818b101f016fb0023236068
:08cac00010bd00bfd0fc0020f6
:020000040000fa
:020000040102f7
:10cac80008b5f8f76dfa034a136843f002031360d8
:08cad80008bd00bf203a014136
:020000040000fa
:020000040102f7
:10cae00008b5f8f761fa034a136843f001031360cd
:08caf00008bd00bf203a01411e
:020000040000fa
:020000040102f7
:10caf80010b5b42001f0f2fa044618b1b4220021ae
:08cb080000f0dcfb204610bd2b
:020000040000fa
:020000040102f7
:10cb10000246044b0068516803c39068d16803c3a0
:08cb2000704700bfa034014181
:020000040000fa
:020000040102f7
:10cb2800044b1a6822f073021a601a6842f00c0269
:08cb38001a607047283a014120
:020000040000fa
:020000040102f7
:10cb4000044b1b6a1b0a13f0fe0f14bf2020402069
:08cb5000704700bf000a004419
:020000040000fa
:020000040102f7
:10cb5800037c1bb190f93000f5f74ebd014b93f9fa
:08cb68000000f9e79e01002026
:020000040000fa
:020000040102f7
:10cb700007b50422019001ab41f483310020f3f7a3
:08cb800093fe03b05df804fb15
:020000040000fa
:020000040102f7
:10cb88000379042b0cbf024b024b1b68184700bfec
:08cb980060010120640101208d
:020000040000fa
:020000040102f7
:10cba00008b5006890f8e43043f0040380f8e430fe
:08cbb000e2f7eef8002008bdd9
:020000040000fa
:020000040102f7
:10cbb80008b5026892f8e43043f0010382f8e430e3
:08cbc800eff7f6f8002008bdac
:020000040000fa
:020000040102f7
:10cbd00008b5044a137843f001031370eff7ecf83b
:08cbe000002008bdec0200205a
:020000040000fa
:020000040102f7
:10cbe800042806d8034b00f1804001381b6843f83d
:08cbf8002010704734fd0020fd
:020000040000fa
:020000040102f7
:10cc0000037833b1034613f8012f002afbd1181a19
:08cc100070471846704700bf91
:020000040000fa
:020000040102f7
:10cc180008b510b1012803d008bde0f73dfcfbe7db
:06cc280000f09ef9f8e7a0
:020000040000fa
:020000040102f7
:10cc2e0010b5044608681146fff7c7fd20600030b6
:06cc3e0018bf012010bd2b
:020000040000fa
:020000040102f7
:10cc440000f1080343604ff0ff328260c360036168
:06cc54000023036070479d
:020000040000fa
:020000040102f7
:10cc5a0010b50446fef7b7fea46b00f080f9b4faeb
:06cc6a0084f0400910bd3a
:020000040000fa
:020000040102f7
:10cc700038b50546f9f712fb044601462846fff78a
:06cc8000befc204638bd99
:020000040000fa
:020000040102f7
:10cc860038b50546eff763fe044601462846f9f730
:06cc960022fd204638bd1e
:020000040000fa
:020000040102f7
:10cc9c0038b50546f9f73cfb044601462846fff734
:06ccac00a8fc204638bd83
:020000040000fa
:020000040102f7
:10ccb20010b504460020fff78efa20460021fff748
:06ccc2009dfc002010bde6
:020000040000fa
:020000040102f7
:10ccc80038b50546f0f74cfe044601462846fff7fe
:06ccd80092fc204638bd6d
:020000040000fa
:020000040102f7
:10ccde0008b542f21903984203d1f0f78afc0120fd
:06ccee0008bd0020fce778
:020000040000fa
:020000040102f7
:10ccf40008b542f24303984203d1e7f79bfa0120b7
:06cd040008bd0020fce761
:020000040000fa
:020000040102f7
:10cd0a0038b50546f3f723f9044601462846fff7e6
:06cd1a0071fc204638bd4b
:020000040000fa
:020000040102f7
:10cd200038b50546e9f7f2ff044601462846fff705
:06cd300066fc204638bd40
:020000040000fa
:020000040102f7
:10cd360038b50546f8f769fe044601462846fff76a
:06cd46005bfc204638bd35
:020000040000fa
:020000040102f7
:10cd4c0010b50a685478137803eb042303800b683e
:06cd5c0002330b6010bd64
:020000040000fa
:020000040102f7
:10cd620003681bb119791a6811b10260184670473d
:06cd720018461346f5e728
:020000040000fa
:020000040102f7
:10cd7800036833b15a891989914206bf1a6802605b
:06cd88000023184670476d
:020000040000fa
:020000040102f7
:10cd8e0008b50b7913f0300f0cbf0430083000f0eb
:06cd9e0095fe002008bd17
:020000040000fa
:020000040102f7
:10cda400222303fb0101b1f86030502b28bf50232c
:06cdb400a1f85e3070479b
:020000040000fa
:020000040102f7
:10cdba0010b5046894f8b511fef7f6fc10b1032318
:06cdca0084f8ac3110bd3d
:020000040000fa
:020000040102f7
:10cdd00010b50468022384f8ac31f8f70df808b9ef
:06cde00084f8ac0110bd57
:020000040000fa
:020000040102f7
:10cde60010b500210446f3f71cf920460021fbf795
:06cdf600c0ff012010bd8a
:020000040000fa
:020000040102f7
:10cdfc0010b500210446fcf75bff20460021f3f739
:06ce0c000df9012010bd2c
:020000040000fa
:020000040102f7
:10ce1200036893f86430012b02d10921ecf7d3bdea
:06ce22000821fef7d6bc5a
:020000040000fa
:020000040102f7
:10ce2800036893f8ac2192065abf93f8ae01c0f399
:06ce3800401001207047cc
:020000040000fa
:020000040102f7
:10ce3e00837813f0c00005d003f0e003402b0cbf45
:06ce4e0000201e207047c9
:020000040000fa
:020000040102f7
:10ce540007b50b4601900022012101a8e5f730fa3d
:06ce640003b05df804fbc1
:020000040000fa
:020000040102f7
:10ce6a0040f271224000b0fbf2f302fb13005b02b6
:06ce7a0043ea500070477e
:020000040000fa
:020000040102f7
:10ce80000023c0f8253090f8a631002b14bf0023f2
:06ce900002230376704747
:020000040000fa
:020000040102f7
:10ce9600034690f80b0129b920b993f80d0108b99a
:06cea60093f80c01704737
:020000040000fa
:020000040102f7
:10ceac0010b50c4600f0c2ff20b12046bde8104082
:06cebc00e3f780bf10bd8a
:020000040000fa
:020000040102f7
:10cec20010b50446e6f713fa2046f3f7e8fabde890
:06ced2001040fff716bb43
:020000040000fa
:020000040102f7
:10ced800036833b100201b68013080b2002bfad1ff
:06cee80070471846704778
:020000040000fa
:020000040102f7
:10ceee004d6963726f636869704275636b6c616ed6
:05cefe006441444452b0
:020000040000fa
:020000040102f7
:10cf040010b50446084600f021fe2060003018bf2a
:04cf1400012010bd2b
:020000040000fa
:020000040102f7
:10cf180008b509680068fdf7e6fd012814bf002080
:04cf2800012008bd1f
:020000040000fa
:020000040102f7
:10cf2c0008b500230068e0f7adff012814bf00200e
:04cf3c00012008bd0b
:020000040000fa
:020000040102f7
:10cf400008b5034b186b0021fbf7eefc08bd00bfd2
:04cf50000006004493
:020000040000fa
:020000040102f7
:10cf5400dff80c00016841f47001016070470000c3
:04cf640088ed00e074
:020000040000fa
:020000040102f7
:10cf6800034a1368013b13600bb983f311887047b8
:04cf7800540101203f
:020000040000fa
:020000040102f7
:10cf7c00034b1b68014613b14078023018477047c9
:04cf8c00bc000020c5
:020000040000fa
:020000040102f7
:10cf9000431e0a2b9ebf024b1b6883f84500704757
:04cfa000b8010020b4
:020000040000fa
:020000040102f7
:10cfa40010b50446fef752f820460021fff725fb92
:04cfb400002010bd8c
:020000040000fa
:020000040102f7
:10cfb800024b034ada6000f013ba00bfc800002031
:04cfc8005975020194
:020000040000fa
:020000040102f7
:10cfcc00024b034ada6200f0e5b900bfc80000204a
:04cfdc00dfcc0201a3
:020000040000fa
:020000040102f7
:10cfe000024b034a9a6200f0edb900bfc80000206e
:04cff000d99a0201c7
:020000040000fa
:020000040102f7
:10cff400024b034a1a6200f0dab900bfc8000020ed
:04d00400f5cc020164
:020000040000fa
:020000040102f7
:10d00800024b034a1a6300f0afbf00bfc8000020fc
:04d01800d12e020112
:020000040000fa
:020000040102f7
:10d01c004d53472c476574206661696c2c6c656eaa
:04d02c003d2564003a
:020000040000fa
:020000040102f7
:10d030005359530000484f5354004c484349004c47
:04d040004d0000009f
:020000040000fa
:020000040102f7
:10d0440001390244824200d1704711f8013f02f8cd
:04d05400013df7e7bc
:020000040000fa
:020000040102f7
:10d0580038b50c4609681546fff7b2fa22682a4423
:04d06800226038bd4d
:020000040000fa
:020000040102f7
:10d06c0038b5044600681546fff7a8fa22682a442a
:04d07c00226038bd39
:020000040000fa
:020000040102f7
:10d08000034b1b6853f8e02f02609b888380704736
:04d09000b4010020c7
:020000040000fa
:020000040102f7
:10d09400d0f8783123b10023c0f8783118467047ae
:04d0a40001207047b0
:020000040000fa
:020000040102f7
:10d0a800034b1878072894bf00200120704700bf61
:04d0b80062fd0020f5
:020000040000fa
:020000040102f7
:10d0bc0008b5102001f010f818b10023838083719b
:04d0cc00c36008bd78
:020000040000fa
:020000040102f7
:10d0d00010b50468d4f8f00001f024f80020c4f87a
:04d0e000f00010bd8f
:020000040000fa
:020000040102f7
:10d0e40008b50349022000f039fe002008bd00bf46
:04d0f40011b6000170
:020000040000fa
:020000040102f7
:10d0f800431eaa21023013f8012f4a4083421a71b5
:04d10800f9d17047a2
:020000040000fa
:020000040102f7
:10d10c00034b1b6853f8d02f02611b7903757047d2
:04d11c00f8020020f5
:020000040000fa
:020000040102f7
:10d1200010b50446f5f7faff18b12368122283f808
:04d13000ac2110bd61
:020000040000fa
:020000040102f7
:10d13400024b1860024b1960704700bfb8fc002016
:04d14400b0fc00201b
:020000040000fa
:020000040102f7
:10d14800036893f8643013b90321e4f7b6bf1021dc
:04d15800e6f72aba12
:020000040000fa
:020000040102f7
:10d15c000138c0b207289abf014b185cff207047fa
:04d16c0058e0020184
:020000040000fa
:020000040102f7
:10d1700010b5034c206800f0b7ff0023236010bdfa
:04d18000c4fc0020cb
:020000040000fa
:020000040102f7
:10d18400034b1a79d20742bfda880132da8070473a
:04d19400580200201d
:020000040000fa
:020000040102f7
:10d1980010b5d0e900230c6804604c684460c1e90c
:04d1a800002310bd93
:020000040000fa
:020000040102f7
:10d1ac00034b1878a0f1ff0358425841704700bf59
:04d1bc00c402002089
:020000040000fa
:020000040102f7
:10d1c000034b1b681878a0f1ff0358425841704781
:04d1d000c802002071
:020000040000fa
:020000040102f7
:10d1d400034b1b681878b0fa80f04009704700bf11
:04d1e400c80200205d
:020000040000fa
:020000040102f7
:10d1e800034b1b681b7823fa00f000f0010070471e
:04d1f800c802002049
:020000040000fa
:020000040102f7
:10d1fc0008b5034b00681b689847002008bd00bfaa
:04d20c00f4fc00200e
:020000040000fa
:020000040102f7
:10d21000b0f84e30b0f84a20db00b3fbf2f3c0e9bf
:04d220002033704700
:020000040000fa
:020000040102f7
:10d2240008b50368d3f87c3113b91121fff7aafcc0
:04d23400002008bd11
:020000040000fa
:020000040102f7
:10d23800034b0a681a600a791a710020704700bf08
:04d2480005030020ba
:020000040000fa
:020000040102f7
:10d24c00024b00201860024b1870704718fd00202c
:04d25c000a030020a1
:020000040000fa
:020000040102f7
:10d26000034b53f82030104653f82130184700bfc5
:04d27000e8fb0020b7
:020000040000fa
:020000040102f7
:10d274001346427a12b1827ad20702d45222e2f7da
:04d2840095bd70479d
:020000040000fa
:020000040102f7
:10d2880030b50023c45ccd5c6c40d4540133102b02
:04d29800f8d130bddc
:020000040000fa
:020000040102f7
:10d29c0000230b60036813b9016041607047436859
:04d2ac001960fae724
:020000040000fa
:020000040102f7
:10d2b000e5d402012dc1020175e1020175e102010f
:04d2c00075e1020111
:020000040000fa
:020000040102f7
:10d2c40032b1c9b20244034603f8011b9342fbd1b5
:04d2d400704700bfe0
:020000040000fa
:020000040102f7
:10d2d800034611f8012b184603f8012b002af8d150
:04d2e800704700bfcc
:020000040000fa
:020000040102f7
:10d2ec0008b50068e1f7fcfb012814bf0020012001
:02d2fc0008bd6b
:020000040000fa
:020000040102f7
:10d2fe0008b5006800f032f8ff2828bfff20c0b242
:02d30e0008bd58
:020000040000fa
:020000040102f7
:10d3100008b50068e4f724f9012814bf00200120b3
:02d3200008bd46
:020000040000fa
:020000040102f7
:10d3220008b5006800f0a6fb012814bf0020012008
:02d3320008bd34
:020000040000fa
:020000040102f7
:10d3340010b50468a06800f078fe204600f075fe81
:02d3440010bd1a
:020000040000fa
:020000040102f7
:10d346004ff0200383f31188bff36f8fbff34f8f26
:02d35600fee7f0
:020000040000fa
:020000040102f7
:10d358004ff0200383f31188bff36f8fbff34f8f14
:02d36800fee7de
:020000040000fa
:020000040102f7
:10d36a0010b50446fef72ffba46bfff7f8fd204625
:02d37a0010bde4
:020000040000fa
:020000040102f7
:10d37c00862808b503d1fef79ff9012008bd0020cf
:02d38c00fce7bc
:020000040000fa
:020000040102f7
:10d38e0008b5ecf730fa18b9bde80840fbf7d5bf81
:02d39e0008bdc8
:020000040000fa
:020000040102f7
:10d3a00008b5f6f7e5fb18b9bde80840fbf7beb8cd
:02d3b00008bdb6
:020000040000fa
:020000040102f7
:10d3b20008b5fff796fe18b9bde80840fef71bb89e
:02d3c20008bda4
:020000040000fa
:020000040102f7
:10d3c40008b5f6f773fc18b9bde80840fbf748b98f
:02d3d40008bd92
:020000040000fa
:020000040102f7
:10d3d60008b5f4f7f8f818b9bde80840fff79db8a6
:02d3e60008bd80
:020000040000fa
:020000040102f7
:10d3e80008b5f7f7b9fd18b9bde8084000f0c0baac
:02d3f80008bd6e
:020000040000fa
:020000040102f7
:10d3fa000368002003b970471a7b1b68104480b287
:02d40a00f8e741
:020000040000fa
:020000040102f7
:10d40c000368162983f89d1101d1fef733bffef78f
:02d41c003fbf10
:020000040000fa
:020000040102f7
:10d41e000346006820b102681a600ab95b60704763
:02d42e00704745
:020000040000fa
:020000040102f7
:10d430004389092b9abf03f1ff33dbb20823c37181
:02d44000704733
:020000040000fa
:020000040102f7
:10d4420010b50468ebf7e3f910b1052384f8ac31a9
:02d4520010bd0b
:020000040000fa
:020000040102f7
:10d4540010b50468f7f7d3fa10b1132384f8ac318c
:02d4640010bdf9
:020000040000fa
:020000040102f7
:10d46600012805d0022803d0042814bf0120032078
:02d476007047fd
:020000040000fa
:020000040102f7
:10d4780001680b69c1f8ac308b6a0bb1086a1847b0
:02d488007047eb
:020000040000fa
:020000040102f7
:10d48a0010b5841a64024cbf501ac01ac0f38050f7
:02d49a0010bdc3
:020000040000fa
:020000040102f7
:10d49c00012805d0831e012b02d80846ecf7e2bd0b
:02d4ac007047c7
:020000040000fa
:020000040102f7
:10d4ae0090f8c831db0703d500f2c910faf745ba78
:02d4be007047b5
:020000040000fa
:020000040102f7
:10d4c00010b50446f2f7a8f82046bde81040f9f779
:02d4d00045b85d
:020000040000fa
:020000040102f7
:10d4d2000001020002010100020102000200010239
:02d4e200010047
:020000040000fa
:020000040102f7
:10d4e4000a440023914201d10020704701f8013b16
:02d4f400f8e757
:020000040000fa
:020000040102f7
:10d4f800024b03eb0010416082607047f0f9002096
:020000040000fa
:020000040102f7
:10d50800024b1868c0f3c030704700bf00060044e3
:020000040000fa
:020000040102f7
:10d51800424c45004150505f5461736b730000bf2b
:020000040000fa
:020000040102f7
:10d52800024a136801331360704700bf44fc0020af
:020000040000fa
:020000040102f7
:10d538001f1f1c1c18181414141414141414141475
:020000040000fa
:020000040102f7
:10d54800024b5b6803b11847704700bfbc0000205e
:020000040000fa
:020000040102f7
:10d55800024b9b6803b11847704700bfbc0000200e
:020000040000fa
:020000040102f7
:10d56800024b1b6803b11847704700bf0001002039
:020000040000fa
:020000040102f7
:10d57800ff0e800cf301800cfffffb009042ffffc1
:020000040000fa
:020000040102f7
:10d588000000060000000a0000001b00480101001e
:020000040000fa
:020000040102f7
:10d5980012100000051b020113100000d52d020116
:020000040000fa
:020000040102f7
:10d5a8001a200000770702011b200000254902010c
:020000040000fa
:020000040102f7
:10d5b8000d200000bd1e01010e2000000bcd020150
:020000040000fa
:020000040102f7
:10d5c8000d100000a955010111100000f16a0201b7
:020000040000fa
:020000040102f7
:10d5d80041200000338f010142200000033702017f
:020000040000fa
:020000040102f7
:10d5e8000b200000553702010c200000f77c0201d7
:020000040000fa
:020000040102f7
:10d5f800024b01221a700020704700bfe102002090
:020000040000fa
:020000040102f7
:10d60800437df02b01d100f013b890f86c007047ff
:020000040000fa
:020000040102f7
:10d61800024b16301b6843f820107047ac010020fd
:020000040000fa
:020000040102f7
:10d62800024b1b6803eb800041627047ac0100208d
:020000040000fa
:020000040102f7
:10d63800024b1b6893f8e600704700bfb401002056
:020000040000fa
:020000040102f7
:10d64800024b1b6883f80301704700bfb401002038
:020000040000fa
:020000040102f7
:10d65800024b1b6883f80401704700bfb401002027
:020000040000fa
:020000040102f7
:10d66800024b1b6893f80301704700bfb401002008
:020000040000fa
:020000040102f7
:10d67800024b1b6893f80401704700bfb4010020f7
:020000040000fa
:020000040102f7
:10d68800024b1b68b3f80001704700bfb4010020cb
:020000040000fa
:020000040102f7
:10d69800024b1b6893f80a01704700bfb4010020d1
:020000040000fa
:020000040102f7
:10d6a800024b1b68c3f80c01704700bfb40100208f
:020000040000fa
:020000040102f7
:10d6b800024b1b68c3f81001704700bfb40100207b
:020000040000fa
:020000040102f7
:10d6c800024b1b68c3f81401704700bfb401002067
:020000040000fa
:020000040102f7
:10d6d800024b1b68c3f81801704700bfb401002053
:020000040000fa
:020000040102f7
:10d6e800024b1b68c3f81c01704700bfb40100203f
:020000040000fa
:020000040102f7
:10d6f800024b1b68c3f82001704700bfb40100202b
:020000040000fa
:020000040102f7
:10d70800024b1b68c3f82401704700bfb401002016
:020000040000fa
:020000040102f7
:10d71800024b1b68c3f82801704700bfb401002002
:020000040000fa
:020000040102f7
:10d72800024b1b68c3f82c01704700bfb4010020ee
:020000040000fa
:020000040102f7
:10d73800024b1b68c3f83001704700bfb4010020da
:020000040000fa
:020000040102f7
:10d74800024b1b68c3f83401704700bfb4010020c6
:020000040000fa
:020000040102f7
:10d75800024b1b68c3f83801704700bfb4010020b2
:020000040000fa
:020000040102f7
:10d76800024b1b68c3f83c01704700bfb40100209e
:020000040000fa
:020000040102f7
:10d77800024b1878b0fa80f04009704762fd00202b
:020000040000fa
:020000040102f7
:10d7880028b1028943899a4201d10068f8e77047b5
:020000040000fa
:020000040102f7
:10d7980008b500f0dbfa10b100f0a2fc012008bdca
:020000040000fa
:020000040102f7
:10d7a80008b5fff7d9f8014808bd00bfe801002017
:020000040000fa
:020000040102f7
:10d7b80008b51c2000f092fc08b10223037308bdd1
:020000040000fa
:020000040102f7
:10d7c80008b5182000f08afc08b10123037308bdce
:020000040000fa
:020000040102f7
:10d7d80008b5fdf781fc00280cbf0c20002008bd0f
:020000040000fa
:020000040102f7
:10d7e80001490248fff7a2bc8d83020143080201e8
:020000040000fa
:020000040102f7
:10d7f80003684a7883f86e228a7883f86f22704724
:020000040000fa
:020000040102f7
:10d8080003684a7883f8b2218a7883f8b32170478d
:020000040000fa
:020000040102f7
:10d8180003684a7883f865228a7883f86622704715
:020000040000fa
:020000040102f7
:10d82800d0f8ac3113f0ff1f0cbf01200020704767
:020000040000fa
:020000040102f7
:10d83800024b1878431e5842584170476bfd002030
:020000040000fa
:020000040102f7
:10d8480008b5fff70dff002814bf0c20002008bd05
:020000040000fa
:020000040102f7
:10d85800f401fa00960064004b0032001e00140028
:020000040000fa
:020000040102f7
:10d8680007b5019001a8e2f7b5fe03b05df804fb27
:020000040000fa
:020000040102f7
:10d8780007b5019001a8e9f7a5fa03b05df804fb24
:020000040000fa
:020000040102f7
:10d88800024b1b6893f83403704700bf74020020f2
:020000040000fa
:020000040102f7
:10d8980040f2fc7303ea8003400a13800860704773
:020000040000fa
:020000040102f7
:10d8a800024b1a8860f308221a807047183e01411b
:020000040000fa
:020000040102f7
:10d8b800024b1a8860f349221a807047183e0141ca
:020000040000fa
:020000040102f7
:10d8c800024b1b681844c078704700bfc80200208c
:020000040000fa
:020000040102f7
:10d8d800024a0b210020f9f743b900bf21b3020126
:020000040000fa
:020000040102f7
:10d8e800024a0c210020f9f73bb900bf51bd0201e3
:020000040000fa
:020000040102f7
:10d8f800024a0d210020f9f733b900bf45b30201f0
:020000040000fa
:020000040102f7
:10d90800024a04210120f9f72bb900bf69b30201cb
:020000040000fa
:020000040102f7
:10d9180008b50b46c1b21846fff732f9002008bd1a
:020000040000fa
:020000040102f7
:10d92800d0f87831987a0a289cbf0130c0b2704785
:020000040000fa
:020000040102f7
:10d93800024b93f90000f4f75fbe00bf9e01002080
:020000040000fa
:020000040102f7
:10d94800024b93f90000f4f757be00bf9e01002078
:020000040000fa
:020000040102f7
:10d95800024b00eb400003eb4000704754f90020f5
:020000040000fa
:020000040102f7
:10d96800024b1a6802609b888380704702fc002083
:020000040000fa
:020000040102f7
:10d9780008b5024800f0c8fa002008bd910301016b
:020000040000fa
:020000040102f7
:10d988000000010003000100010001000100020085
:020000040000fa
:020000040102f7
:10d9980003681bb11a68026002b9426018467047f2
:020000040000fa
:020000040102f7
:10d9a800024a08210220f9f7dbb800bf3db50201a1
:020000040000fa
:020000040102f7
:10d9b800024a09210220f9f7d3b800bff971020120
:020000040000fa
:020000040102f7
:10d9c800024a0a210220f9f7cbb800bfb1be020112
:020000040000fa
:020000040102f7
:10d9d800024a0d210020f9f7c3b800bf61b5020162
:020000040000fa
:020000040102f7
:10d9e800024a08210220f9f7bbb800bf85b5020139
:020000040000fa
:020000040102f7
:10d9f800024a09210220f9f7b3b800bfa9b502010c
:020000040000fa
:020000040102f7
:10da0800024a0a210220f9f7abb800bfcdb50201de
:020000040000fa
:020000040102f7
:10da1800024a0d210020f9f7a3b800bff1b50201b1
:020000040000fa
:020000040102f7
:10da2800024a0b210020f9f79bb800bf75c5020117
:020000040000fa
:020000040102f7
:10da3800024a09210220f9f793b800bf15b602017e
:020000040000fa
:020000040102f7
:10da4800024a0a210220f9f78bb800bf39b6020151
:020000040000fa
:020000040102f7
:0fda580000010203030405050607070707070877
:020000040000fa
:020000040102f7
:0eda6800012800d0704708b5e8f71afd08bd88
:020000040000fa
:020000040102f7
:0eda7600836bc06b984214bf002001207047e4
:020000040000fa
:020000040102f7
:0eda840008b50020dff7dcfaf5f74ef9fce7f5
:020000040000fa
:020000040102f7
:0eda9200eff31083036072b6bff35f8f70472f
:020000040000fa
:020000040102f7
:0edaa0000b681b7803700b6801330b60704736
:020000040000fa
:020000040102f7
:0edaae00030002000004000000000000000160
:020000040000fa
:020000040102f7
:0edabc0000230b6043684b60196041607047a7
:020000040000fa
:020000040102f7
:0edaca00036813b90160184670471846f8e764
:020000040000fa
:020000040102f7
:0edad80008b5fdf7effabde80840f5f79dba76
:020000040000fa
:020000040102f7
:0edae60090f8c83103f0010380f82330704738
:020000040000fa
:020000040102f7
:0edaf40010b50446fef726ffc4f8a00010bdd2
:020000040000fa
:020000040102f7
:0edb020090f82f30002b14bf07200020704732
:020000040000fa
:020000040102f7
:0edb100008b5fcf7a1fa08b190f8560008bd60
:020000040000fa
:020000040102f7
:0cdb1e0008b50421faf701ff012008bd42
:020000040000fa
:020000040102f7
:0cdb2c00014bd8601961704724f90020fb
:020000040000fa
:020000040102f7
:0cdb3800014b1868704700bf3cfc002047
:020000040000fa
:020000040102f7
:0cdb4400014b01221a60704768fc0020b1
:020000040000fa
:020000040102f7
:0cdb500008b500220421f6f72bfb08bded
:020000040000fa
:020000040102f7
:0cdb5c00014b1860704700bfbc000020a7
:020000040000fa
:020000040102f7
:0cdb6800014b5860704700bfbc0000205b
:020000040000fa
:020000040102f7
:0cdb7400014b9860704700bfbc0000200f
:020000040000fa
:020000040102f7
:0cdb8000014b1860704700bf000100203e
:020000040000fa
:020000040102f7
:0cdb8c00014b5860704700bf00010020f2
:020000040000fa
:020000040102f7
:0cdb9800014b9860704700bf00010020a6
:020000040000fa
:020000040102f7
:0cdba400014b1860704700bf2c010020ee
:020000040000fa
:020000040102f7
:0cdbb000014b1860704700bf30010020de
:020000040000fa
:020000040102f7
:0cdbbc00014b1860704700bf34010020ce
:020000040000fa
:020000040102f7
:0cdbc800014b93f900007047640100203d
:020000040000fa
:020000040102f7
:0cdbd400014b93f9000070477401002021
:020000040000fa
:020000040102f7
:0cdbe000014b1878704700bf39f7002097
:020000040000fa
:020000040102f7
:0cdbec00014b1860704700bf8cfc00204b
:020000040000fa
:020000040102f7
:0cdbf800014b1860704700bf88fc002043
:020000040000fa
:020000040102f7
:0cdc0400014b1878704700bf5afd00204b
:020000040000fa
:020000040102f7
:0cdc1000014b1870704700bf5afd002047
:020000040000fa
:020000040102f7
:0cdc1c00014b00221a7070470dfc002024
:020000040000fa
:020000040102f7
:0cdc2800014b1878704700bf0dfc002075
:020000040000fa
:020000040102f7
:0cdc3400bff35f8f036883f31088704714
:020000040000fa
:020000040102f7
:0cdc4000014b1878704700bf5dfd00200c
:020000040000fa
:020000040102f7
:0cdc4c004a780b7803eb0223038070473a
:020000040000fa
:020000040102f7
:0cdc580003681970036801330360704713
:020000040000fa
:020000040102f7
:0cdc6400036819800368023303607047f6
:020000040000fa
:020000040102f7
:0cdc7000014b1860704700bf98fc0020ba
:020000040000fa
:020000040102f7
:0cdc7c00014b1b6818607047ac010020d1
:020000040000fa
:020000040102f7
:0cdc8800014b1b6858607047ac01002085
:020000040000fa
:020000040102f7
:0cdc9400014b1b68d8667047ac010020f3
:020000040000fa
:020000040102f7
:0cdca000014b1b6898607047ac0100202d
:020000040000fa
:020000040102f7
:0cdcac00014b1b68d8607047ac010020e1
:020000040000fa
:020000040102f7
:0cdcb800014b1b6818617047ac01002094
:020000040000fa
:020000040102f7
:0cdcc400014b1b6858617047ac01002048
:020000040000fa
:020000040102f7
:0cdcd000014b1b6898617047ac010020fc
:020000040000fa
:020000040102f7
:0cdcdc00014b1b68d8617047ac010020b0
:020000040000fa
:020000040102f7
:0cdce800014b1b6818627047ac01002063
:020000040000fa
:020000040102f7
:0cdcf400006810b1437d8b42fad17047ec
:020000040000fa
:020000040102f7
:0cdd0000014b1b68d8647047b80100207c
:020000040000fa
:020000040102f7
:0cdd0c00014b1b6818657047b80100202f
:020000040000fa
:020000040102f7
:0cdd1800014bc3e907007047f000012038
:020000040000fa
:020000040102f7
:0cdd2400014b1860704700bfa4fc0020f9
:020000040000fa
:020000040102f7
:0cdd3000014b01221a607047a0fc00208b
:020000040000fa
:020000040102f7
:0cdd3c00014b00221a607047a0fc002080
:020000040000fa
:020000040102f7
:0cdd4800014b1878704700bf62fd0020fe
:020000040000fa
:020000040102f7
:0cdd540011b90430fff70eb80830fbe7ef
:020000040000fa
:020000040102f7
:0cdd6000014b43f820107047a4fb00208a
:020000040000fa
:020000040102f7
:0cdd6c00014b1860704700bfa8fc0020ad
:020000040000fa
:020000040102f7
:0cdd7800014b1860704700bf0c02002037
:020000040000fa
:020000040102f7
:0cdd8400014b1860704700bf1402002023
:020000040000fa
:020000040102f7
:0cdd9000014b1860704700bf100200201b
:020000040000fa
:020000040102f7
:0cdd9c00014b43f82010704750fa0020a3
:020000040000fa
:020000040102f7
:0cdda800014b1860704700bfbcfc00205d
:020000040000fa
:020000040102f7
:0cddb400014b1860704700bfc0fc00204d
:020000040000fa
:020000040102f7
:0cddc000014b43f820107047acf9002024
:020000040000fa
:020000040102f7
:0cddcc00014b1878704700bf6dfd00206f
:020000040000fa
:020000040102f7
:0cddd800014b1870704700bf6dfd00206b
:020000040000fa
:020000040102f7
:0cdde400006810b1838a8b42fad17047ae
:020000040000fa
:020000040102f7
:0cddf000014b1860704700bf300200209b
:020000040000fa
:020000040102f7
:0cddfc0001684b6a0bb1086a18477047b9
:020000040000fa
:020000040102f7
:0cde080008b5e9f733ffc0f3870008bd40
:020000040000fa
:020000040102f7
:0cde1400014b00221a707047c40200206d
:020000040000fa
:020000040102f7
:0cde2000014b00221a707047c402002061
:020000040000fa
:020000040102f7
:0cde2c00014b1b6858787047c8020020aa
:020000040000fa
:020000040102f7
:0cde3800014b1b6898787047c80200205e
:020000040000fa
:020000040102f7
:0cde4400014b1865704700bf002401412d
:020000040000fa
:020000040102f7
:0cde5000014b1860704700bfd802002092
:020000040000fa
:020000040102f7
:0cde5c00014b1860704700bff0fc002074
:020000040000fa
:020000040102f7
:0cde6800014b1860704700bfecfc00206c
:020000040000fa
:020000040102f7
:0cde7400014b1860704700bff4fc002058
:020000040000fa
:020000040102f7
:0cde8000014b1860704700bf60010120da
:020000040000fa
:020000040102f7
:0cde8c00014b1860704700bf64010120ca
:020000040000fa
:020000040102f7
:0cde980008b51221fef774fe002008bd42
:020000040000fa
:020000040102f7
:0cdea400014b1860704700bf00fd00201b
:020000040000fa
:020000040102f7
:0cdeb000014b1860704700bffcfc002014
:020000040000fa
:020000040102f7
:0cdebc00014b1860704700bf04fd0020ff
:020000040000fa
:020000040102f7
:0cdec800014b1860704700bff8fc002000
:020000040000fa
:020000040102f7
:0cded400014b43f82010704784f9002037
:020000040000fa
:020000040102f7
:0cdee000014b1860704700bf0cfd0020d3
:020000040000fa
:020000040102f7
:0cdeec00014b1860704700bf10fd0020c3
:020000040000fa
:020000040102f7
:0cdef800014b1860704700bf14fd0020b3
:020000040000fa
:020000040102f7
:0cdf0400014b1860704700bf18fd0020a2
:020000040000fa
:020000040102f7
:0cdf1000014b1860704700bf24fd00208a
:020000040000fa
:020000040102f7
:0cdf1c00014b1b68184700bf0c030020dd
:020000040000fa
:020000040102f7
:0cdf2800014b43f820107047e8fb00207c
:020000040000fa
:020000040102f7
:0cdf34008368187808b1e2f795bd7047cb
:020000040000fa
:020000040102f7
:0cdf4000014b1b68586070472cfd00204e
:020000040000fa
:020000040102f7
:0cdf4c00014b1b68986070472cfd002002
:020000040000fa
:020000040102f7
:0cdf58000148fff7f7bf00bf31e00101f6
:020000040000fa
:020000040102f7
:0cdf640010b50446fff7b6f9204610bdca
:020000040000fa
:020000040102f7
:0adf700008b5fef71ffa002008bdf7
:020000040000fa
:020000040102f7
:0adf7a0003680bb1fff773bc70479a
:020000040000fa
:020000040102f7
:0adf840003680bb1fff776bc70478d
:020000040000fa
:020000040102f7
:0adf8e0008b500f0aaf8002008bd55
:020000040000fa
:020000040102f7
:0adf98000368da680a60d960704778
:020000040000fa
:020000040102f7
:0adfa2000a4601461320dbf74abed1
:020000040000fa
:020000040102f7
:0adfac0003680bb1fff762bc704779
:020000040000fa
:020000040102f7
:0adfb60003684a7883f8b32170472e
:020000040000fa
:020000040102f7
:0adfc00003684a7883f8b421704723
:020000040000fa
:020000040102f7
:0adfca0008b5f8f7bcfe002008bd02
:020000040000fa
:020000040102f7
:0adfd40008b5f3f799fa002008bd24
:020000040000fa
:020000040102f7
:0adfde0008b5f6f752ff002008bd59
:020000040000fa
:020000040102f7
:0adfe80008b5eef781f8002008bd2f
:020000040000fa
:020000040102f7
:0adff20003680bb1fff73fbc704756
:020000040000fa
:020000040102f7
:0adffc0003680bb1fff73abc704751
:020000040000fa
:020000040102f7
:0ae0060008b5fdf722fec0b208bd08
:020000040000fa
:020000040102f7
:0ae0100000b9704700bf0138fae7bd
:020000040000fa
:020000040102f7
:0ae01a00036e43f4c0730366704701
:020000040000fa
:020000040102f7
:0ae02400427b017b8068f7f7cdbe58
:020000040000fa
:020000040102f7
:08e02e0008b5f5f75efc08bd22
:020000040000fa
:020000040102f7
:08e0360008b5ebf736fffce72b
:020000040000fa
:020000040102f7
:08e03e0008b5f2f78cff08bde4
:020000040000fa
:020000040102f7
:08e0480049444c45000000bff3
:020000040000fa
:020000040102f7
:08e0500000680c30fef785beec
:020000040000fa
:020000040102f7
:08e058000001ff02ffffff03be
:020000040000fa
:020000040102f7
:08e0600000487047ecfe0020af
:020000040000fa
:020000040102f7
:08e06800890841ea40207047dd
:020000040000fa
:020000040102f7
:08e070008168c088f5f7f2badf
:020000040000fa
:020000040102f7
:08e0780013461222e1f798bee5
:020000040000fa
:020000040102f7
:08e0800083f00043daf786b8d3
:020000040000fa
:020000040102f7
:07e088000093939367110060
:020000040000fa
:020000040102f7
:07e08f00fa96644b321e14e7
:020000040000fa
:020000040102f7
:06e0960000230361704746
:020000040000fa
:020000040102f7
:06e09c000021f8f79db918
:020000040000fa
:020000040102f7
:06e0a200c043fbf7ccbafd
:020000040000fa
:020000040102f7
:06e0a8000068fef770bee7
:020000040000fa
:020000040102f7
:06e0ae000221e4f707b8af
:020000040000fa
:020000040102f7
:06e0b4002221fff7a9b9cb
:020000040000fa
:020000040102f7
:06e0ba000068ebf78cbfcb
:020000040000fa
:020000040102f7
:06e0c00001230377704705
:020000040000fa
:020000040102f7
:06e0c600103000f00cb860
:020000040000fa
:020000040102f7
:05e0cc000a1500292bdc
:020000040000fa
:020000040102f7
:05e0d1000217002a2bdc
:020000040000fa
:020000040102f7
:05e0d600201200052ae4
:020000040000fa
:020000040102f7
:04e0dc00fdf700b894
:020000040000fa
:020000040102f7
:04e0e000f5f75ebe34
:020000040000fa
:020000040102f7
:04e0e400e7f7c6bada
:020000040000fa
:020000040102f7
:04e0e800faf732b859
:020000040000fa
:020000040102f7
:04e0ec0001807047f8
:020000040000fa
:020000040102f7
:04e0f000fef76aba13
:020000040000fa
:020000040102f7
:04e0f400fff716be5e
:020000040000fa
:020000040102f7
:04e0f800fff71abe56
:020000040000fa
:020000040102f7
:04e0fc00fff71ebe4e
:020000040000fa
:020000040102f7
:04e10000faf7f2bd7b
:020000040000fa
:020000040102f7
:04e10400fff750be13
:020000040000fa
:020000040102f7
:04e10800002070473c
:020000040000fa
:020000040102f7
:04e10c000020704738
:020000040000fa
:020000040102f7
:04e110000020704734
:020000040000fa
:020000040102f7
:04e11400f8f7fabd61
:020000040000fa
:020000040102f7
:04e11800f8f7f8bd5f
:020000040000fa
:020000040102f7
:04e11c000020704728
:020000040000fa
:020000040102f7
:04e12000dbf76abf00
:020000040000fa
:020000040102f7
:04e12400fff7e0bf62
:020000040000fa
:020000040102f7
:04e128000820704714
:020000040000fa
:020000040102f7
:04e12c00fdf72eb914
:020000040000fa
:020000040102f7
:04e130000020704714
:020000040000fa
:020000040102f7
:04e134000020704710
:020000040000fa
:020000040102f7
:04e13800fff748bee7
:020000040000fa
:020000040102f7
:04e13c000020704708
:020000040000fa
:020000040102f7
:04e140000020704704
:020000040000fa
:020000040102f7
:04e144000020704700
:020000040000fa
:020000040102f7
:04e1480000207047fc
:020000040000fa
:020000040102f7
:04e14c00eef768b9c9
:020000040000fa
:020000040102f7
:04e1500000207047f4
:020000040000fa
:020000040102f7
:04e1540000207047f0
:020000040000fa
:020000040102f7
:04e1580000207047ec
:020000040000fa
:020000040102f7
:04e15c0000207047e8
:020000040000fa
:020000040102f7
:04e1600000207047e4
:020000040000fa
:020000040102f7
:04e16400fdf7c6b944
:020000040000fa
:020000040102f7
:04e16800fff7bebf40
:020000040000fa
:020000040102f7
:04e16c00130002009a
:020000040000fa
:020000040102f7
:04e170000100ffffac
:020000040000fa
:020000040102f7
:04e1740000207047d0
:00000001FF
