:0200000400807A
:105F8800FFFF000000400E8438FC745F3B4412148D
:085F98000B0000710000000085
:045FBC0000000010D1
:020000040100F9
:10000000FEFFFFFF01015048434D00000000740057
:100010000000000100020001000200010080040055
:1000200000000000000000000000000000000000D0
:1000300000000000000000000000000000000000C0
:1000400000000000000000000000000000000000B0
:1000500000000000000000000000000000000000A0
:100060000000000000000000000000000000000090
:100070000000000000000000000000000000000080
:100080000000000000000000000000000000000070
:100090000000000000000000000000000000000060
:1000A0000000000000000000000000000000000050
:1000B0000000000000000000000000000000000040
:1000C0000000000000000000000000000000000030
:1000D0000000000000000000000000000000000020
:1000E0000000000000000000000000000000000010
:1000F0000000000000000000000000000000000000
:1001000000000000000000000000000000000000EF
:1001100000000000000000000000000000000000DF
:1001200000000000000000000000000000000000CF
:1001300000000000000000000000000000000000BF
:1001400000000000000000000000000000000000AF
:10015000000000000000000000000000000000009F
:10016000000000000000000000000000000000008F
:10017000000000000000000000000000000000007F
:10018000000000000000000000000000000000006F
:10019000000000000000000000000000000000005F
:1001A000000000000000000000000000000000004F
:1001B000000000000000000000000000000000003F
:1001C000000000000000000000000000000000002F
:1001D000000000000000000000000000000000001F
:1001E000000000000000000000000000000000000F
:1001F00000000000000000000000000000000000FF
:10020000F07F0120215C0401717B0401757B0401F6
:100210007D7B0401817B0401857B040100000000DB
:10022000000000000000000000000000E99D030144
:10023000797B0401000000004D9E0301B59E03017F
:10024000BFE0030151490401BFE0030151C80301AC
:10025000BFE00301BFE00301BFE00301BFE0030112
:10026000BFE00301BFE00301BFE00301BFE0030102
:10027000B53E0301BFE00301BFE00301BFE003019E
:10028000BFE003013D380401BFE00301BFE003010B
:10029000BFE00301BFE00301BFE00301BFE00301D2
:1002A000BFE00301BFE00301BFE00301BFE00301C2
:1002B000BFE00301BFE00301B99B0201BFE00301FE
:1002C000BFE00301999B0201BFE00301BFE003010E
:1002D000BFE00301BFE00301BFE00301BFE0030192
:1002E000BFE0030100000000BFE00301004308007D
:1002F000DC2C012000000000000000000143010090
:10030000C12B01200000000000000000024301009A
:10031000C42B012000000000000000000A40010082
:10032000AA3C002000000000000000000040040083
:10033000EC31002000000000000000000940010036
:1003400035320020000000000000000008402000BE
:1003500030130020000000000100000007403002C0
:10036000A81A002000000000010000000640020062
:100370005832002000000000000000000540380056
:1003800050130020000000000200000004400300A1
:100390005232002000000000000000000340F00086
:1003A000581F002000000000030000000240C800A9
:1003B000A0010020000000000100000001406000DA
:1003C0008833002085730301000000002C7C0401A9
:1003D0000900004CF8B500BFF8BC08BC9E46704749
:1003E00091730401F8B500BFF8BC08BC9E46704785
:1003F0006D730401E0BE030001000000A0F57F4022
:10040000FB3804281CD8DFE800F0050E161B03009B
:10041000012070470B4B93F83620012A10D1187C2D
:10042000C0F380007047074B93F8360001288CBF5B
:10043000002001207047034B187CC0F3C0007047B8
:100440000020704700320020034B93F85201A0F1C6
:10045000AA03584258417047E03C00200A4AF0B5D0
:10046000D2E93A321978C90707D5D0E90067D3E94C
:100470000245AF4208BFA64203D010339A42F1D8DA
:1004800000231846F0BD00BFE03C0020074AD2E937
:100490003A321978C90702D55988814203D01033FE
:1004A0009A42F6D800231846704700BFE03C00206F
:1004B000F0B50C4BD3F8E06093F8E55000231C46F0
:1004C00006EBC302D7783FB11788874204D19778EB
:1004D0008F4204BFD47054600133DBB29D42EFD22F
:1004E000F0BD00BFE03C0020034B93F84C00A0F1AE
:1004F0004103584258417047E03C00203D2803D159
:1005000011B1024B0A881A80704700BFD80F012032
:10051000034B93F83C00A0F1D60358425841704772
:10052000E03C0020034B93F8C400A0F113035842B1
:1005300058417047E03C0020034B93F87801A0F14C
:10054000B703584258417047E03C0020437800F11F
:10055000080210B513F008040A611DBF0A6000F11B
:1005600010020A610C6013F010021FBF0A694A6092
:1005700008320A6108BF4A6013F001021FBF0A690E
:100580008A6001320A6108BF8A6013F004031DBF4C
:100590000B69CB601A78CB601EBF013203EB4203BC
:1005A0000B610B69181A087510BD084AD2F80C3295
:1005B00092F8082203EB8212934201D30120704784
:1005C000197809B94033F7E700207047E03C002074
:1005D000034B93F80002A0F1DA03584258417047E8
:1005E000E03C0020014BFD221A707047E03C0020E7
:1005F000034B93F8B900A0F1E60358425841704705
:10060000E03C0020034B93F87C02023818BF012025
:10061000704700BFE03C0020034B93F87001A0F14D
:100620008E03584258417047E03C0020024BFB22A9
:1006300083F86823704700BFE03C0020034B93F829
:100640006803A0F1FB03584258417047E03C00208A
:100650000C4B30B12830D3F8F820904204D300205E
:100660007047D3F8F400F6E7037803F0FB03012B9F
:1006700005D1837EDB0702D483888B42F0D12830FA
:10068000EBE700BFE03C0020084AD2F8F430C01A83
:10069000074BC0104343D2F8FC0000EBC300807945
:1006A000430714BF00F0070007207047E03C00201C
:1006B000CDCCCCCC144B93F800319A4294BF9B1A0A
:1006C000DB1ADBB299421DD2104B68B1597E890703
:1006D00008D493F85000904294BF0020012080F08D
:1006E000010070470020FAE75A7ED20705D493F83C
:1006F0005100884294BF0020012080F0010000F0EA
:100700000100704701207047E03C002000320020CB
:100710000B4A10B5D2E93D311A78062A09D05C7827
:10072000022C06D102F0FB02012A02D19A888242F1
:1007300003D028339942EFD80023184610BD00BFDC
:10074000E03C00204BF6DD734343C3F30333094A17
:1007500032F8331030EA010103D102EBC3035B68C6
:100760000BB9002070479A88824201D05B6AF7E794
:100770000120704738410020024B662283F8B023E5
:10078000704700BFE03C002073B50D4BD3F8DC127E
:1007900093F8E052002201230839D4B2A54206D8CA
:1007A000002064F3070063F30F2002B070BD013234
:1007B00051F832608642F3D05B00DBB2EDE700BF58
:1007C000E03C00202DE9F04F074685B00020994617
:1007D00088461646244CFFF7D7FF94F8E032ADF870
:1007E0000C00C0B2834232D904F1F40191E80A103E
:1007F0009DF80D20DFF874E001930D466FEA020AC0
:100800002B78062BA5EB01030AD095F801B0BBF1BC
:10081000020F05D0B5F804B0C34501D0B34519D1D6
:10082000DB100EFB03F30CEBC30393F807B00BEAEA
:100830000A0B83F807B0019B28359D42E0D3D4F81A
:10084000DC3203EBC0000760868080F8069005B0BC
:10085000BDE8F08FDB100EFB03F30CEBC30393F842
:1008600007B042EA0B0BE4E7E03C0020CDCCCCCC57
:1008700007B5FFF789FF074B93F8E022C0B2824229
:1008800082BFD3F8DC32002243F8302003B05DF899
:1008900004FB00BFE03C0020044B93F8100200F082
:1008A000FD00A0F14803584258417047E03C002049
:1008B000024B272283F81023704700BFE03C002042
:1008C000034B93F81003A0F1270358425841704797
:1008D000E03C0020034B187CA0F11903584258411A
:1008E000704700BFE03C0020094B30B5D3F8A82387
:1008F000B3F8AC4300239C4202D10021084630BD2E
:10090000114632F8145B8542F8D001339BB2F2E70E
:10091000E03C002038B505460C46FFF7E5FF50B92E
:10092000124AB2F8AE33D2F8A813142000FB031019
:100930000133A2F8AE336278428020F8045B0023D2
:1009400099B28A420AD8094BB3F8AE23B3F8AC1374
:1009500091429CBF0022A3F8AE2338BD04EB4301B3
:10096000498820F813100133EAE700BFE03C00207B
:10097000034BD3F88002B0FA80F04009704700BF03
:10098000E03C0020084A10B5D2E9A7321C782CB10F
:100990009C7A8C4202D19C88844203D018339A42BC
:1009A000F4D80023184610BDE03C002010B50446E2
:1009B000006948B1636923B15A68A24204BF0022AA
:1009C0005A60C368103098470023237010BD4368F5
:1009D00010B4C3B11A69B2B15C69844213D151B188
:1009E00014205074002018701046D36800F8101FAF
:1009F0005DF8044B1847107928B95878196161F3EC
:100A0000C3005870F0E75DF8044B7047034B93F850
:100A1000A402B0FA80F04009704700BFE03C00201B
:100A2000114930B5B1F8AC32D1F8A802C3EBC30319
:100A3000C21800230479E40709D593B145795C799C
:100A4000A54238BF034607309042F3D318460379D6
:100A500043F00103037191F8AE22012393404371E7
:100A600030BD0346EFE700BFE03C00200C4A10B564
:100A7000D2F8A832B2F8AC22C2EBC2021A441C79F6
:100A800014F0010F06D0C4F300148C4202D11C886C
:100A9000844203D007339342F1D30023184610BD9C
:100AA000E03C002008B5FFF7E1FF18B103796FF3D0
:100AB0000003037108BDF8B507460E4615461C46EF
:100AC000FFF7D4FF58B18379A34207D3094B93F8BA
:100AD000AE2201239340437145808471F8BDFFF736
:100AE0009FFF0379078003F0F10366F3041303719A
:100AF000F2E700BFE03C002010B50A4B93F8201449
:100B0000D3F824240023994202D1FF23184610BDB4
:100B1000147814B154788442F8D00133DBB21C321B
:100B2000F1E700BFE03C002008B5FFF7E5FF084B08
:100B300093F82024824281BF00B2D3F82434C0EB62
:100B4000C00003EB80008CBF0230002008BD00BF56
:100B5000E03C002010B50446C06943785B078AB0CA
:100B600010D56946FFF7F2FC039B5A7803EB42036A
:100B70009A78DB7842EA03232385012384F8323014
:100B80000AB010BD8378C27843EA0223F4E7044B2D
:100B900093F88001A0F19A0358425841704700BF72
:100BA000E03C0020024B002283F8D522704700BFB2
:100BB000E03C002090F88F3043F0020380F88F3043
:100BC000012380F83230704730B50D4C30B12830F9
:100BD000D4F8F850A84204D3002030BDD4F8F40073
:100BE000F6E70478062C09D04478022C06D08488D5
:100BF000944203D08C4201D09C42EED12830E9E7E8
:100C0000E03C0020034B93F8E802A0F13103584286
:100C100058417047E03C0020024A536823EA000034
:100C200050607047E03C0020024B986EB0FA80F0B4
:100C300040097047E03C0020034B93F82804B0FAC9
:100C400080F04009704700BFE03C002010B5094C1F
:100C5000502384F85033B4F83A33A4F8583304F5E9
:100C60005270054BC4F8603335F0AAFB1B2384F89F
:100C7000383310BDE03C0020E144000108485F2308
:100C800080F81032074BC0F83032412380F8203210
:100C9000002380F8283200F5067035F091BB00BFC4
:100CA000E03C00200514000173B506466846CDE916
:100CB0000023FFF7D3FB0446D8B9164DD5F8F04012
:100CC000D5F8E8309C4203D3D5F8EC309C4205D3EC
:100CD000114B43F214121A8045F09AFAD5E93B23DE
:100CE00010339342C5F8F03024BFD5F8E830C5F88A
:100CF000F0302378668043F001032370DDE90023A0
:100D0000C4E9022323789DF8182062F3410323707D
:100D100002B070BDE03C0020EC33002007B531B3D9
:100D20005028164B08D0512824D03D2807D11A89C5
:100D300009880A441A8102E09A8801329A809988C7
:100D4000A9B1D88864224243B2FBF1F2D2B2192A87
:100D50000DD99A785AB901229A704FF6FF73ADF8FF
:100D6000043001A814238DF8063010F053FD03B0B1
:100D70005DF804FBDA880132DA80E0E7D80F012061
:100D8000134B984237B5054605D0124B43F2050286
:100D90001A8045F03DFA104C002384F830302B784F
:100DA000A3B90E4D238C29460D2021F8423F3CF07B
:100DB00049FC94F831304BB9B5F84230ADF8043005
:100DC00001A810238DF8063010F024FD03B030BDCB
:100DD00004100120EC330020D80F01200032002045
:100DE000037907B573B1094B93F85B20920709D5D6
:100DF000B3F84230ADF8043001A809238DF806306D
:100E000010F008FD03B05DF804FB00BF00320020C5
:100E1000164AD2F8F43013B5C31A154CDB106343ED
:100E2000D2F8FC4004EBC3040378052B08D101A9D8
:100E30002C203CF0DBFB019BDB0A236002B010BDE1
:100E40004378022B05D1026A03F2E6335343019340
:100E5000F1E70DF1030114203CF0C8FB9DF80330CD
:100E600043F6982203FB02220192E4E7E03C0020D3
:100E7000CDCCCCCCF0B585B01A4CADF804000DF15A
:100E80000F012520D4F8F4503CF0B0FBD4F8FCC09E
:100E9000D4F8F470D4F8F8109DF80560124C0020D6
:100EA00002462B78062B0ED0EB1BDB1063430CEBBA
:100EB000C303DB791E426B7804BF0132D2B2022B2E
:100EC0001CBF0130C0B228358D42EAD340B19DF835
:100ED0000F30984228BF184690428CBF0020012056
:100EE00005B0F0BDE03C0020CDCCCCCC0D4A0123B8
:100EF00003FA00F0536810B50B4C0343536023888A
:100F00001B070ED438F088FF238843F008032380A2
:100F100038F092FF054B06481B68BDE810401B697E
:100F2000184710BDE03C00205E130120503800201F
:100F300054380020034B9A6F192083F8B9001177B9
:100F40000C20D3E7E03C0020024BF92283F8B422C6
:100F50001020CBE7E03C0020437843F0010361F32D
:100F600041034370044B93F8A42222B9932283F8DF
:100F7000A4220520BAE77047E03C0020D0B5134C0E
:100F8000134AD4F8B83392F8401083F82A10D2E903
:100F90001267B2F842201A8583F82B00C3E908676C
:100FA0005A6903F1200090470023C4F8B833D4F8FD
:100FB000B43333B1672384F8B0331220BDE8D04096
:100FC00094E7662384F8B033D0BD00BFE03C002036
:100FD000003200200F4B0079D3F8B823127B062A89
:100FE00000D1CBE7042A10D178B96A2283F8B02364
:100FF000094AC3F8D823452283F8C823074AC3F80F
:10100000D02303F5707035F0DBB9EA2808BFCA2099
:10101000E7E700BFE03C0020F9270001263200206E
:10102000054B0178D3F87C2182F82810472283F8F9
:10103000802106205AE700BFE03C002043680322DD
:101040001A705970172051E737B5164C94F8522191
:10105000452A054605D0144B4FF446521A8045F0F8
:10106000D7F815B1114B9D4205D00F4B43F28112B9
:101070001A8045F0CDF8AA2384F852310C4BEA7A55
:10108000B3F84230ADF8043052B9102301A88DF8FE
:10109000063010F0BFFB0220FFF728FF03B030BD81
:1010A0000923F3E7E03C0020EC330020183E002049
:1010B0000032002070B5184C94F8C430D4F8C060E9
:1010C000E82B054605D0154B43F287021A8045F000
:1010D0009FF82EB9114B43F288021A8045F098F818
:1010E00006F10C039D4205D00C4B43F289021A8095
:1010F00045F08EF8736A2A791A702A685A60EA797C
:101100001A72E92384F8C43094F8C53023700D2096
:10111000BDE87040EAE600BFE03C0020EC33002070
:1011200070B5144CD4F8746105462EB9124B43F2D5
:10113000B4021A8045F06CF806F118039D4205D000
:101140000D4B43F2B5021A8045F062F894F87831FD
:101150005E2B05D0084B43F2B6021A8045F058F8D2
:101160002B7886F84C30582384F878310920BDE874
:101170007040BBE6E03C0020EC33002070B5164C1C
:1011800094F83C20A56B712A064605D0134B43F218
:10119000D7021A8045F03CF82DB9104B43F2D80223
:1011A0001A8045F035F805F10C039E4205D00B4B33
:1011B00043F2D9021A8045F02BF8337913B1FA2B98
:1011C00008BF002385F82430722384F83C300820BF
:1011D000BDE870408AE600BFE03C0020EC33002010
:1011E000037810B50E4C93B96F2304F5EC7106200B
:1011F00084F8D0313CF0FAF90A4BC4F8E03104F538
:10120000E47035F0DDF8352384F8003210BDD4F8F1
:101210008C210A2082F82B30FFF768FE2223F3E7A7
:10122000E03C0020655200010E4B37B50E4CD3F860
:101230002C2494F85B50052183F82814FE231374A2
:101240001620FFF753FEAB0709D5B4F84230ADF8CE
:10125000043001A809238DF8063010F0DBFA03B042
:1012600030BD00BFE03C002000320020F0B5214A34
:1012700085B0D36E92F8707000244FF4A4720646C5
:1012800002FB07328DF807402546934214D335B34D
:1012900002A940F231103CF0A9F904AB3344052F08
:1012A00013F8093C13D89C422CBF00240124B4B18C
:1012B0002E70284605B0F0BD197831B1B14201D188
:1012C0000134E4B203F5A473DFE71D46FAE713FB2C
:1012D00007F3B4EB930FB4BF01240024E7E7012325
:1012E0000DF1070146208DF8073000253FF046FE3E
:1012F000DFE700BFE03C002008B5FFF7B7FFC0B153
:1013000000F11A0390F80F21C0F89C300023C0F8B8
:10131000C43080F8C030C0E93233A0F8BC3063F389
:101320004102044B80F80F21B3F84230A0F8083195
:10133000803008BD00320020742908B501D9002092
:1013400008BDFFF793FF0028F9D000F10C03C0F8A7
:1013500084308030F4E7F0B5537D122B87B00D4612
:10136000144620D81669177D7178BA1C88B23B44A0
:10137000DBB202EB4002934215D1AA88ADF80520FA
:1013800000238DF804308DF8071001AA99B2884225
:1013900002F102020AD801A93E203FF0EFFD2169C7
:1013A000A888FFF7B7FA002007B0F0BD06EB4307A7
:1013B0000133B978FF7841EA07215180E6E770B53B
:1013C0000F4D0024B5F8AC32A34200D870BDD5F85B
:1013D000A822C4EBC4063244127902F02102212A69
:1013E00003D121460A203FF0C9FDD5F8A832334485
:1013F00001341A796FF345121A71A4B2E2E700BF03
:10140000E03C002070B50E4C10F80C1CD4F81452BF
:1014100006462A203FF0B2FD94F81032602B08D126
:1014200033782B735E2384F810320720BDE87040B8
:101430005CE50DB15D23F6E7482384F8103270BDFA
:10144000E03C0020164B2DE9D043D3F80C42064671
:101450000F4644B9134B4FF441521A8044F0C6FE74
:101460002046BDE8D08356EA070110D093F8081251
:10147000234604EB811100248B42F1D2187858B135
:101480003AB1D3E90289B94508BFB04505D1002476
:10149000E6E7D3E90689F6E71C464033ECE700BFF0
:1014A000E03C0020EC33002008B50146034844F03E
:1014B00013F80320BDE8084018E500BF203D0020D8
:1014C00010B504460120FFF717FF58B1064A224421
:1014D00092F85811013982F8581180F88E40FFF7C0
:1014E000E3FF012010BD00BFE03C0020132810B531
:1014F000044605D90C4B43F2D2121A8044F088FE00
:101500000A4A224492F858310133DBB282F858314A
:101510002BB9054B43F2D3121A8044F079FE2046D2
:10152000BDE81040CCE700BFEC330020E03C0020D9
:1015300003790A4A1BB103F0EF03EA2B09D1D2F871
:10154000283301688B4304D0522382F810330820DB
:10155000CCE7272382F81033704700BFE03C00201F
:1015600010B50446B830FFF783F90023124A237000
:10157000D15CD8B2D1B1FFF7A3FFD8B90F4C94F822
:10158000A4321A2B02D10520FFF7B0FC94F8703179
:10159000902B05D1912384F870310F20FFF7A6FC22
:1015A000636F3BB11520BDE810409FE40133142B5D
:1015B000DED1E3E710BD00BF383E0020E03C002054
:1015C00038B50D4D01460446284643F085FF2B7F74
:1015D000782B10D120232B77A37D0C2B09D02089C9
:1015E0004FF6F77398428CBF01200220BDE83840C7
:1015F0007CE71020FAE738BD983F002037B5054654
:10160000214C38B194F85231442B03D104F59A732C
:10161000984205D01D4B43F282121A8044F0F8FD27
:101620002D78AA2384F8523155BB194AB4F82831D1
:10163000A2F84230ADF8043001A810238DF806302E
:1016400010F0E8F894F85431D3B10D2384F82E311A
:101650004FF6FD73A4F820310233A4F82431B4F816
:101660005031A4F822310B4BC4F81C310A4884F8DD
:101670002851462384F85231FFF7A2FF03B030BD52
:101680000220FFF733FCF9E7E03C0020EC330020B8
:1016900000320020FD510001F83D002030B40C4C18
:1016A00094F8D55295B984F8D2320123A4F8C40233
:1016B000A4F8C612A4F8CA22A4F8C82284F8CC520E
:1016C00084F8D53204F52F7030BC79E730BC704710
:1016D000E03C002010B441B1C469B0F888206188B2
:1016E000A0885DF8044B0B23D8E75DF8044B7047E6
:1016F00010B5D0F89C30104CC0F8A830002380F80A
:10170000B110C0F8AC300146204643F0E5FE237925
:10171000412B06D1032323710E20BDE81040FFF7B3
:10172000E5BB032B07D0054B43F2B312BDE81040D5
:101730001A8044F05BBD10BD283D0020EC33002032
:1017400038B5446890F88B3084F8B0300D463830A6
:10175000FFF78EF829462046BDE83840C8E708B5AF
:1017600000F10801084843F0B7FE084B93F8B02396
:10177000662A07D1672283F8B0231220BDE808400B
:10178000FFF7B4BB08BD00BF94400020E03C002040
:101790000A49D1F80C32834205D891F8081203EBBC
:1017A0008113984205D3064B43F241021A8044F05C
:1017B0001DBD4022002146F061BA00BFE03C002080
:1017C000EC330020034B0022C3E900224FF4807069
:1017D000FFF722BAE43C0020094BD3F8480493F801
:1017E000442400239A4200D170470178032903D191
:1017F0001822002146F042BA01331830DBB2F1E77B
:10180000E03C00202DE9F3410123074688463720BC
:101810000DF107018DF807303BF0E8FE3E4890F8E7
:101820003620022A4FF0000606D19DF807301BB97A
:10183000032002B0BDE8F081384C002394F8E51095
:10184000D4F8E0C01D4600BF0CEBC30292F803E0E1
:10185000BEF1000F37D0B2F800E0BE4536D1927825
:10186000424533D10020E4E736F05EFED4F8D030B4
:10187000D4F8E07094F8E56083428ABFDB43C01A75
:10188000C0184FF0FF32002307EBC301CC7854B1EE
:101890004C6844B1A94206D084420ED9241AA2420F
:1018A0004C6028BF22460133DBB29E42ECD269680D
:1018B0001B4B8A4228BF0A4625E000244C60CC70AE
:1018C000F1E70220B5E70DB91E4615460133DBB23C
:1018D0009942B9D2002DF4D085F8028042692F8058
:1018E0000A320123B1426A60EB7007D194F8E43008
:1018F000013B99423CBF013184F8E51094F8C830AF
:10190000002BB1D1064B0748012145F035FB0548B6
:1019100045F046FB01208CE700320020E03C00202F
:1019200029190001A83D0020F8B5184BD3F8E06054
:10193000D3F8D47093F8E5504FF0FF32002100BF88
:1019400006EBC104E07830B16068C01B606090B104
:10195000824228BF02460131C9B28D42F0D2511CE9
:101960000BD00B4B0B48012145F006FB0948BDE8A5
:10197000F84045F015BBE070EDE7002283F8E52064
:101980000448BDE8F84045F013BB00BFE03C002030
:1019900029190001A83D002013B540F20B100DF1EC
:1019A00006013BF023FEBDF806303BB90C4B43F279
:1019B00015121A8044F01AFC02B010BD094C40F216
:1019C0000A2021463BF0F8FDBDF8062020681201F0
:1019D00083180021636046F051F92368A360EBE7A8
:1019E000EC330020C83D002010B50F4B93F83F208A
:1019F000827793F84020816101239340436140F650
:101A000001030446838300F11F014FF482703BF011
:101A1000EDFD04F1100140F202203BF0CDFD204627
:101A2000BDE8104034F0C9BC003200202DE9F74376
:101A3000364D95F86833FB2B4BD13549C888B1F842
:101A40004230984245D1507D092842D91669D1E9E2
:101A50001223D6F80690D6F802804B4508BF4245BF
:101A600037D1737813F0E00733D103F01F03053348
:101A7000B0EB430F2DD1B1F844404FF482700DF11B
:101A800007013BF0B3FD9DF807300133DBB20134B1
:101A9000A4B28DF8073038464FF6FF7C9AB27378BF
:101AA000C1B203F01F038B420AD9A5F86CC3002111
:101AB0007778CBB207F01F079F420ED88F421CDC0D
:101AC00014491548A5F86A43FFF78EFF832385F86C
:101AD0006833012003B0BDE8F0830B1D06EB430320
:101AE0005B881B1B9BB29342E8D9B5F86C739F428D
:101AF00088BFA5F86C330131DAE7031D06EB430319
:101B000001305C880134A4B2C9E700BFE03C00208A
:101B100000320020394500015040002038B5012333
:101B200080F824300B68C36190F84D3080F8253080
:101B30000D4B93F83F3080F82630044600F108053D
:101B400000F127014FF482703BF050FD04F11801C1
:101B500040F202203BF030FD044B23622846BDE8F2
:101B6000384034F02ABC00BF003200200D3D000197
:101B7000F7B52F4C94F87831D4F87451572B0646AA
:101B800005D02C4B43F2A8021A8044F041FB2DB93A
:101B9000284B43F2A9021A8044F03AFB05F11003E6
:101BA0009E4205D0234B43F2AA021A8044F030FB38
:101BB00033796BBB3168EA6922EA0102019232B9DA
:101BC0001C4B43F2BA021A8044F010FB1EE0B768C7
:101BD000F679202001229E4211D9019911420AD0A2
:101BE00017F803C0BCF1CC0F88BF914303F1010388
:101BF00088BF0191DBB201384FEA4202EBD101A963
:101C00002846FFF78BFF562384F8783103B0F0BDE8
:101C1000FA2B03D1074B43F2BB02D4E785F84C30D3
:101C20000920582384F87831FFF760F9EEE700BF08
:101C3000E03C0020EC3300200348002380F87C3295
:101C400000F514703DF00EB8E03C002073B5164C62
:101C50000DF107014FF486703BF0C8FC214640F2BD
:101C60000B203BF0A9FC9DF80720206802EB420204
:101C7000D200831800216360002645F0FFFF20207A
:101C80002672FEF7C9FFA4F1140066723CF0EAFF69
:101C9000064B44F8043C4FF4807304F8086C44F895
:101CA0000C3C02B070BD00BF7C3F0020B11C0001A5
:101CB00038B5104C0023D4F89C5284F8A5322B7808
:101CC00033B1013BDBB22B707BB92846FEF76EFEC9
:101CD000D4F8A0321835AB42F1D894F8A53243B904
:101CE0000548BDE838403CF0BDBF012384F8A5326B
:101CF000EEE738BDE03C0020683F002013B500232C
:101D00000DF107014FF498708DF807303BF06EFC31
:101D10009DF807308BB10A4C94F890238B2A05D19B
:101D2000084B43F203221A8044F072FA94F890337D
:101D30008A2B02D104483CF095FF02B010BD00BFD1
:101D4000E03C0020EC33002074400020F8B5174C34
:101D500094F82834042B0F4623D1D4F82C64156949
:101D60002EB9134B43F205521A8044F051FABB7955
:101D7000012B18D10F483CF075FF94F82834042B40
:101D800007D16B782BB9AB780B4A03F0070382F8C5
:101D90005B306B78052284F8282416203374FFF713
:101DA000A5F80020F8BD0120FCE700BFE03C0020C2
:101DB000EC330020104100200032002003480123B2
:101DC00080F87C3200F514703CF022BFE03C00202B
:101DD000054B1A78D20705D5022283F87C22002011
:101DE000FFF784BBEAE700BFE03C00201E2810B5E7
:101DF0000C4613D10B88B3F5005F0FD1FFF71CFF22
:101E000063681A68064BC3F85822012283F85C22E3
:101E1000044AC3F86022BDE81040CFE710BD00BF00
:101E2000E03C0020D11D0001084831B9042380F8AE
:101E3000283400F586603CF0EBBED0F82C34052247
:101E400080F8282419741620FFF750B8E03C0020D1
:101E50000B4881B9552380F81033012380F82033D3
:101E600042F21073C0F81C33064BC0F8243300F55F
:101E700045703CF0CDBE272380F81033704700BF7B
:101E8000E03C0020B108000107B54FF48A7001A9B9
:101E90003BF0ACFB134B93F87A221946D2B193F87E
:101EA0007B22013AD2B283F87B229AB1019858B1D1
:101EB0000122C3F86C0283F87C2203F519703CF010
:101EC000A7FE03B05DF804FB022283F87C22FFF733
:101ED0000DFBF6E743F69823C1F85832FFF76EFF83
:101EE000EFE700BFE03C0020194B70B5D3E9A741F4
:101EF0000646002522784AB993F8A522B2B90122F4
:101F000083F8A52213483CF083FE0FE060780007B9
:101F100004D4D5B12878904288BF25461834A14210
:101F2000E8D885B12846FEF741FD2C46182200214D
:101F3000204645F0A3FE4FF0000366F3C303637031
:101F4000272323702546284670BD2546E6E700BFB7
:101F5000E03C0020683F002038B50D4CD4F8F45028
:101F60002846FEF755FFD4F8F83028359D42F7D3C0
:101F7000084BC4F814314FF40063C4F80C3100234B
:101F800084F810310448BDE838403CF041BE00BF41
:101F9000E03C002061860001E43D002010B50F4CBC
:101FA0001D2021463BF022FB2368B3B142F25D7253
:101FB00093420B489CBF42F25E732360012380F87A
:101FC000A033084BC0F8A4338A2380F89033BDE8CF
:101FD000104000F565703CF01BBE10BD7C40002039
:101FE000E03C0020057B000107B500230DF107014F
:101FF0004FF498708DF807303BF0F8FA9DF80730F1
:1020000053B1084B93F89033892B08D0064B4FF40B
:1020100048521A8044F0EAF803B05DF804FBFFF779
:10202000BDFFF9E7E03C0020EC33002008B5074B8A
:1020300093F890338B2B05D0054B43F202221A8084
:1020400044F0E6F8BDE80840A8E700BFE03C002007
:10205000EC3300202DE9F0470D4691F82010017275
:1020600090461E4642686B6A9342044608D20B446F
:102070009A4205D21A4B43F2A7121A8044F0C8F8CC
:10208000227A696A606845F03BFD04F110016068DE
:10209000B5F808A095F82890277A95F92A50FEF708
:1020A00055FA94F824309DF8202084F82890FF1ADF
:1020B000237884F8257084F8295062F3000398F897
:1020C0000120A4F826A0520862F341039DF82420C1
:1020D00066F3C70362F382032370BDE8F08700BF95
:1020E000EC33002010B5074C002384F8883004F14D
:1020F0008000054BC4F88C3034F01CF9142384F8AC
:10210000B93010BDE03C0020B19F0001036893F995
:102110001230002B05DA1323002180F841300846E5
:10212000E0E7122380F841300620FFF7DFB910B551
:102130001D4C94F82834D4F82C04012B224620D1CD
:102140002378DB0618D503790E2B03D8437913F0D7
:10215000FE0F09D0052382F82834C123037416200A
:10216000BDE81040FEF7C2BE022384F828341220D6
:10217000BDE81040FFF7BAB9052384F82834C2231C
:10218000ECE7052B0FD183680C30984704F22C4004
:1021900043F0C6F9D4F82C341BB1012384F8283459
:1021A000DDE784F8283410BDE03C002010B507209E
:1021B000FFF75CF80446C0B10C4843F0B1F904F1F4
:1021C0003503C4F81831037984F839310346803473
:1021D00043F80C4F826818469047054B5B6F23B15C
:1021E0001520BDE81040FEF781BE10BD543D002013
:1021F000E03C002070B5144D064605F57D70D5F81D
:10220000F44343F08DF9114991F8403084F82230BD
:10221000D1E91223C4E90623B1F84230238484F8BB
:102220002360E36804F118009847D5F8F4333BB114
:10223000172385F8F0331320BDE87040FEF756BE33
:10224000162385F8F03370BDE03C002000320020FA
:10225000007810B9014BBD221A70CBE7E03C00209A
:1022600070B5244C04F56D70D4F8B45343F058F9AC
:102270002378287913F0100FA5F1080623461AD009
:10228000042818D11C4B2A7C1A74682384F8B033B4
:102290001A4BC4F8D83306206F2304F57471C4F8C0
:1022A000B86384F8C8333BF0A1F904F57070BDE859
:1022B000704034F085B8062812D10F4A297C117479
:1022C000682283F8B0230D4AC3F8D8236F22C3F8DD
:1022D000B86383F8C8230A493BF088F90948E6E760
:1022E000C22385F8233005F11800EB68BDE8704083
:1022F000184700BFE03C002000320020F927000111
:10230000B0400020A040002038B51D4D284643F0C5
:1023100007F92B79032B044605D01A4B43F2B4126C
:102320001A8043F075FF2CB9164B43F2B5121A8090
:1023300043F06EFFD4F8A0303BB9124B43F2B61213
:102340001A80BDE8384043F051BF04F1A40098471B
:1023500094F8B1301BB90C493C203EF00FFE0B49FC
:102360003D203EF0D9FD0A4B9A6C22B10E20BDE80B
:102370003840FEF7BBBD412283F84C2038BD00BF7A
:10238000283D0020EC330020D80F0120EC2801204C
:10239000E03C002070B5314C94F8C430E72B48D1B4
:1023A000D4F8C0502DB92E4B43F281021A8043F06D
:1023B0002FFF237813F0010F6B6A1FD01A6AAA61EE
:1023C000002685F8206093F8242085F82120254AEE
:1023D00092F83F2085F822201022093385F8232027
:1023E000214A6B61EA61281D33F0E7FF237884F806
:1023F000C5302670E82384F8C43070BDC3221A703B
:10240000E92384F8C430194843F08AF8054628B90E
:10241000134B43F282021A8043F0FAFE686A836A21
:102420006BB90F4B43F28302BDE870401A8043F052
:10243000DDBEE92BE7D00A4B43F28602F4E798476A
:10244000D4F8C0303BB1E72384F8C4300D20BDE898
:102450007040FEF74BBD1323CDE700BFE03C0020EA
:10246000EC33002000320020B5100001A03D002018
:1024700073B5304890F810325D2B054632D10278A2
:10248000D0F81432D20714D5602280F810221B79BC
:10249000294AC0F83022003318BF0123412280F8B6
:1024A000202280F8283200F5067033F089FF02B050
:1024B00070BDC2221A735E2380F810321F4C204672
:1024C00043F02EF8236806467BB1C22303735D23D5
:1024D00085F810320720FEF709FDB36806F10C00FD
:1024E0009847E4E75E2BE2D1E8E703795A1ED2B2BF
:1024F000FD2A0BD84FF47A72534304F12400E362AF
:102500003CF086FB4A2385F81032E6E7FF2B0FD11B
:102510000DF107014FF495703BF068F89DF8073016
:10252000012B01D1064BE8E7022B01D1054BE4E773
:102530004823E8E7E03C002005140001F43E0020B9
:1025400000C8AF0030E003002DE9F041434CA4F592
:102550002077204642F0E4FF3B78DB07054676D53E
:102560003F4EC188B6F84200D4E907321C782CB13E
:102570001C898C4202D19C88844207D01833934234
:10258000F4D30120FFF7B0FC044630B904236B7488
:10259000EB6805F1100098474DE02A79637862F303
:1025A00046136A7A62F304136370FF23E370B6F88C
:1025B0004230A380EB88238197F884325A1E0D2A7B
:1025C00041D996F83530013313F0FF034FF0010283
:1025D00014BF86F8353086F8352087F8842296F8BF
:1025E000351026203EF0CAFC96F835305A1E97F872
:1025F000843243EA0213A3722B7AE3724FF000088D
:1026000084F80C80B37C0133DBB2B37401216373B3
:1026100020462561FEF7A0FC124B598E4FF6FF7243
:10262000914208BFA3F832805A8E0F4901324520EB
:102630005A863EF0A3FCD7F880326BB10420BDE887
:10264000F041FEF753BC013387F88432CCE7C22354
:1026500000F8103FEB689EE7BDE8F081603F002086
:1026600000320020D80F01200A10012038B5104D8B
:102670002B7CC22B2C4618D105F1140042F050FFE0
:102680004368083098476B6963B1C1232B740123F9
:1026900084F82030074B6362074833F04BFEC323B6
:1026A000237401E019232B7438BDC12BFCD1EEE754
:1026B000E03C0020418D0001F83C00200178144BE3
:1026C000E12910B41846D3F8EC4217D193F8E92267
:1026D000032A13D80F490132B1F844000988A3F83E
:1026E000001383F8E922A421A3F8FA0283F8E81280
:1026F00003F53C705DF8044B33F068BEA5232173ED
:1027000080F8E8325DF8044B0120FEF7EFBB00BF14
:10271000E03C002000320020027810B51AB11046CB
:10272000BDE8104066E543782F4C502B3FD011D8C0
:10273000462B1ED04B2B33D0452B3ED1462384F85D
:1027400000340F2384F8083404F57E70BDE810408F
:1027500033F036BE532B14D06F2B1BD0522B2CD101
:10276000532384F80034214BB3F84230A4F80834E2
:10277000EAE7522384F800341C4B1B7CC3F3C003EC
:10278000E0E76F2304F58161062084F800343AF015
:102790002DFFD9E74B2384F80034144B1B88E5E761
:1027A000502384F80034114BB3F84430DEE70F4B6C
:1027B00084F8002493F84030C4E794F800348BB9CF
:1027C0000A4B0B481B7C13F0080F14BF6FF07F43BC
:1027D0000023C4F80034074BC4F80434BDE81040AB
:1027E00033F0E8BD10BD00BFE03C00200032002007
:1027F000D840002051220001027812B11046FEF7A5
:10280000BDBB4378462B30D002D8452B22D0704731
:10281000522B33D06F2B43D12248692180F8B0135B
:10282000032180F8DC13D0F8B8130B6BC0F8D43355
:1028300091F8341080F8DD131B4980F8DF2391F8FC
:102840003F101A4A80F8DE13C0F8D82300F57070E4
:1028500033F0B3BD1348462380F8C8330F2380F804
:10286000D03300F5707033F0ABBD0E48522380F8C2
:10287000C8330D4B1B7CC3F3C003F0E70A4B094878
:102880001B7C13F0080F14BF6FF07F430023C0F8C8
:10289000C833074BC0F8CC3300F5707033F08ABDF5
:1028A000704700BFE03C002000320020D50F00013F
:1028B0003529000170B51C4CD4F8745106462DB969
:1028C0001A4B43F2B1021A8043F0A2FC05F11C033B
:1028D0009E4205D0154B43F2B2021A8043F098FC99
:1028E00094F878315D2B05D0104B43F2B3021A8077
:1028F00043F08EFC337863B96FF07F432B610C4B50
:102900006B6105F1080033F055FD5E2384F87831E2
:1029100070BD85F84C30582384F878310920BDE823
:102920007040FEF7E3BA00BFE03C0020EC3300202B
:1029300021110001007868B907486B2380F8B03393
:10294000064BC0F8CC33532380F8C83300F57070C1
:1029500033F0EDBCFEF712BBE03C00206137000114
:10296000426810B4537813F0010108BF022180F8C7
:102970005410D478917841EA0421A0F856101179C6
:10298000527941EA0222A0F85820C28CA0F85A20BD
:1029900090F8252080F85C20C3F34003026A0266A9
:1029A00080F86C30028D064BA0F86420036700238A
:1029B00080F86D305DF8044B383009F0C7BE00BFB9
:1029C000AF340001F8B5394DD5F86C41062094F8C4
:1029D000B910FEF7B1FC2E46002862D00546B4F8C7
:1029E000B42015F8383B23F00703037094F8B8308F
:1029F000A0F856202E4A80F85430B2F84220A0F8B1
:102A0000582094F8B92080F85C20012BD4F8981055
:102A100094F8BD7080F86C700CBF09230823CB1AA2
:102A20005B7813F0040F436815BF1B33093303664B
:102A3000036614BF02F11B0302F10903037217B10D
:102A4000036E0E3303661B4B0367012380F86D3062
:102A5000006E45F055F8184842F062FD0023A4F8D6
:102A6000B030D4F89C30C4F8A83094F8BF308BB99B
:102A7000D4F8A03004F1A4009847284609F066FE77
:102A8000D6F86C315BB10F20FEF730FA8F2386F851
:102A90007031F8BD04F10800FEF706FDEDE78E2366
:102AA000F5E7902385F87031F3E700BFE03C0020A4
:102AB00000320020AF3400014C3E0020F0B5284D1C
:102AC000D5F80C4295F8086287B004EB861684B3FB
:102AD00041F64C57B44232D22178022931D1238CAD
:102AE000ADF80030D4E90623CDE90223ADF811108A
:102AF00063789B0712D595F87C32022B0ED0FFF736
:102B00009BF845F065F880B2B0FBF7F307FB1303C1
:102B100017FA83F3C5F85832FFF750F963788DF848
:102B200010302046FEF734FE68460EF099FD403422
:102B3000D0E70C4B43F242021A8043F057FB07B038
:102B4000F0BD0329F3D1238AADF80030D4E9022384
:102B5000CDE90223637D8DF811108DF81230C7E79F
:102B6000E03C0020EC33002010B5164A002303801F
:102B700092F83B40017864F38501017004684FF6D8
:102B8000FC51214041F400710160B2F84210818093
:102B900092F83C104900FF2928BFFF218171917CE8
:102BA0000131C9B29174C17192F83610022904D171
:102BB00092F85B30003318BF0123427863F345126B
:102BC000427010BD00320020F8B5C469174E0546AA
:102BD0002046B76FFFF7C8FF238823F4805323F004
:102BE000030343F4805343F0010323802EF098FE47
:102BF000D0E90023E3603B8A63806378A2606FF3CF
:102C0000C30363700123A37146F2040323821223DA
:102C100085F830303B8AA5F888302B8502221823AE
:102C200085F8252086F8B930F8BD00BFE03C0020CB
:102C3000F8B5C469204D06462046AF6FFFF794FFF4
:102C4000238823F4805323F0030343F4805343F099
:102C5000010323802EF064FED0E900236361B5F800
:102C6000883063806378226143F008036370D5F88D
:102C70008030A360D5F88430E3600123A37144F26F
:102C800004032383FB7C002B14BFC0234023637603
:102C90003A7D12B143F020036376B5F8883033856E
:102CA0001A2386F8303095F88A3086F832301623A9
:102CB00085F8B930F8BD00BFE03C0020F8B5294BDD
:102CC000D3F80C4293F80832064604EB8313A34270
:102CD00007D8254B43F243021A80BDE8F84043F081
:102CE00085BA2778012F01D04034F0E7F5692846EE
:102CF000FFF73AFF2B88627D23F4C05323F00303D0
:102D000043F4C05343F001032B806B7862F341031B
:102D10006B70638A6B80A368AB60E368EB60134BF6
:102D2000B3F84230AB802EF0FBFDD0E900236B619D
:102D30000723AF712B76238AA5F81930237DEB7614
:102D4000638A2A6133856378746013F0080F4FF04B
:102D50001C0386F8303008BF0527042386F832703C
:102D60002370F8BDE03C0020EC330020003200204E
:102D7000F8B5C469194E1A4F05462046FFF7F4FE10
:102D80002388D6F88C2123F4C05323F0030343F4A3
:102D9000805343F001032380527B637862F3410345
:102DA0006370D6F890319B886380B7F84230A38077
:102DB0002EF0B6FDD0E90023A260E36006220123D5
:102DC000A37122743A7C6274D6F89021928885F8B7
:102DD000323012232A8585F83030F8BDE03C0020DF
:102DE000003200202DE9F04FC4697F4E85B00746C0
:102DF0002046FFF7B9FE238823F4805323F0030312
:102E000043F4805343F0010323802EF089FDD0E981
:102E10000023E3606FF00303A3700333E370012327
:102E2000A371238AA26003F4FE4343F008032382C4
:102E30006E4BB6F878E2D6E93D12D3E9128900204C
:102E40004FF6F77A914273D31A2800F2908096F8E1
:102E50007A22637C002A40F0828023F0600343F0F2
:102E60006003637404F160030193D6F8F4300093B7
:102E7000D6F8F8300393D6F8FC3002935B4BB6F8E3
:102E8000785296F87AC2D3E9122304F112099B46CC
:102E90009246AE464B464FF00008009A0026039932
:102EA0008A42C0F0848026B3009AB5881D80B11A8A
:102EB0004F4AC9105143029A02EBC1019A788879AE
:102EC0008979C0F3C20060F30202C1F3020161F329
:102ED000061202F07702BCF1000F9A701CBFAE46DA
:102EE000E0465207019A18BF033301359A42ADB24A
:102EF000D3D8B8F1000F02D03B4AA2F878E2A3EB96
:102F000009093C4B627C03FB09F363F3040262741E
:102F1000BCF1000F02D1344AA2F878C203F01F03BB
:102F200003EB4303123387F8303005B0BDE8F08F70
:102F30000B78062B11D04D78022D0ED0D1E904BCB0
:102F4000E14508BFD84508D18B88534505D8012DE8
:102F500003D19E459CBF0130C0B2283172E70022E8
:102F600023F0600386F87A2243F0400379E796F86D
:102F70007A521DB1637C23F0600372E71E4940F270
:102F800013103AF033FB96F87B32012B637C23F06D
:102F900060031BBF43F02003637443F0600301230D
:102FA0000ABF637486F87A3286F87A525AE7117843
:102FB000062914D05178022911D0D2E904018B4599
:102FC00008BF82450BD191884FF6F770814206D831
:102FD0008D4204D82EB1B088884288BF1646283268
:102FE0005DE71646FBE700BFE03C00200032002012
:102FF000CDCCCCCCABAAAAAA5B3F00202DE9F041F6
:10300000C469204DDFF88080AF6F06462046FFF789
:10301000ABFD238823F4805323F0030343F4805350
:1030200043F0010323802EF07BFCD0E90023E36012
:103030006FF00203A3700233E370A260E179B8F885
:103040004200FEF7DFFB63786FF3C3036370012375
:10305000A3714FF00403238298F83630022B03D07B
:10306000FB7C0BB1802363743B7D1BB1637C43F01D
:1030700020036374122386F83030132385F8B930A7
:10308000BDE8F081E03C002000320020F8B52A4B7A
:10309000C469D3F8485493F8442406460023934265
:1030A0000BD12046FFF760FD2278012363F3010274
:1030B000A371002322705B88FFDE2F78012F03D0DD
:1030C00001331835DBB2EAE72046FFF74DFDA77163
:1030D0006B886380238823F4805323F0030343F435
:1030E000805343F0010323802EF01AFCD0E9002323
:1030F00063616378226143F008036370AB68A36087
:10310000EB68E3600C2323766B7863760B4B93F8C4
:103110005B20A37E510862F3000361F34103A376B1
:103120001B2386F8303075600223AA742B70A37EAF
:103130006FF3C703A376F8BDE03C00200032002007
:1031400038B5C46905462046FFF70EFD238823F4F1
:10315000805323F0030343F4805343F0010323809F
:103160002EF0DEFBD0E90023E3604FF0FF33A370C5
:10317000E3706378A2606FF3C30363700B4B9A6CC8
:10318000C4F81220DA6CC4F816201B7EA3764FF424
:1031900085732382064BB3F86A23A4F81B201D22F3
:1031A00085F83020852283F8682338BD003200205E
:1031B000E03C002030B5134C002384F8B83094F87C
:1031C000AD3085B02546BBB904F1A0002EF0B4FBAC
:1031D00020B9D4E9282352EA03010FD10A49002279
:1031E0000023C1E9122395F8AC108DF80810684649
:1031F000CDE900230EF090FA05B030BD94F8AC1084
:10320000F3E700BFE03C0020003200202DE9F04F42
:10321000724A90F88E3090F88A80C46902EB0313EA
:1032200085B01B7B8DF80B3008F1FF3305460F4648
:103230000192092B14D8DFE803F0B31305131334FC
:1032400034131334E1290BD000296288ADF80C2027
:103250000CBF1323092303A88DF80E300EF0DAFA01
:103260005F4B93F83620022A07D06278D10740F1ED
:10327000A580227A920700F0A78095F88E30019AF7
:1032800002EB03139B6813B13946284698479DF813
:103290000B301BB1A5F18000FEF762F905B0BDE867
:1032A000F08FB4F802B061781FFA8BF601F00101DB
:1032B0003046FDF7DBFB0346002847D04279BFB913
:1032C000FF2A12D1474AD2F8A832B2F8AC22C2EB98
:1032D000C2021A441979C90741BF59794908013115
:1032E000597107339342F5D3BAE701324271B7E718
:1032F00052B13C4991F8AE1242FA01F111F0FF01CE
:1033000008BF0121521A42715A791979003218BF47
:10331000012262F300011971314AB4F804A0B2F835
:1033200042201FFA8AF082429AD02278920797D1DF
:1033300013B11B79DB0793D4B8F1060F09D1002331
:10334000B5F888203146FEF7A9F989E7002F87D024
:10335000E2E7244E96F8D582B8F1000F80D1B5F897
:1033600088902A8D034649464046FDF72DFC0028EB
:103370003FF476AF0C2386F8D2328388A6F8C832A1
:103380000123A6F8C4B2A6F8C6A2A6F8CA9286F887
:10339000CC8286F8D53206F52F70FEF711F95FE77B
:1033A000B0F888206188A0880023FEF777F961785B
:1033B000608801F00101FDF775FB51E761884FF668
:1033C000F77291423FF659AF5A8801325A80002F66
:1033D0003FF453AF9A8801329A804EE78CA60301DE
:1033E00000320020E03C002017B441688A79013A9D
:1033F000D3B28B71027812F0010202D01A1C18BFEE
:103400000122037862F300030370DBB2DA0748D5C8
:10341000C269A2B31A2262F3C7030370037A8DF85C
:10342000003003780191C3F3C4038DF80130C38CDD
:10343000ADF80230019B5A786FF345125A709DF82F
:10344000013080F88E309DF8003080F83030019BDC
:1034500090F88F20C361BDF80230A0F888300023B7
:1034600063F34102436480F84030C0E9123383873C
:1034700080F88F2003B05DF8044BFEF715B80A788A
:1034800002F00302012AC9D1026A1478052C01D185
:103490001B22C0E7032CC1D152780C2ABED11C22BA
:1034A000B9E7803803B05DF8044BFEF759B810F85F
:1034B000743CDB0701D5743896E7F438FEF750B852
:1034C00038B5114C20460D4642F02AF803464268B2
:1034D00003F8155F1846904723688BB120222277A6
:1034E0009A7D0C2A0AD018894FF6F77398428CBF40
:1034F00001200220BDE83840FDF7F8BF1020F9E7B1
:103500007823237738BD00BF983F002030B590F86E
:103510003030722B8BB004461AD86946C069FDF76B
:1035200015F8049B9DF81420587894F83010023256
:1035300045002A448A420BD10130074A58702B4477
:10354000B2F842205A80023184F830100BB030BDFE
:10355000752384F83030F9E70032002008480378FA
:10356000DB0705D5022380F87C320020FDF7BEBFC3
:10357000012380F87C3200F519703BF049BB00BF95
:10358000E03C00202DE9F041537D05460C461646EF
:103590007BB101784F1EFBB20B2B0AD862884FF625
:1035A000F7739A4208D8124B03EB8703D3F8103213
:1035B000BBB90020BDE8F081082904D84FF4897315
:1035C000CB40DB07EFD40B4BA088B3F842308342EB
:1035D000EFD0E179FEF716F900F0FD000128E2D006
:1035E000E7E732462146681CBDE8F041184700BFB6
:1035F0008CA603010032002008B550F80C3C40F8BE
:10360000503C037900F83C3C0378ABB9124B30F8DE
:103610004C2CB3F844309A4204D16438BDE80840D9
:1036200032F0D7BEA0F16C010C4841F055FF0320E9
:10363000BDE80840FDF75ABC022B08D009D3042B83
:103640008CBFC321CE216C38BDE80840DEE5CC211B
:10365000F9E7C321F7E700BF00320020243D002036
:1036600010B5194B93F80031994294BF5B1ADB1ADD
:10367000DBB29842154B06D393F8282002F07B0268
:1036800083F8282010BD5C7EA20718D493F8502040
:103690008A4294BF0021012193F8282061F382021D
:1036A00083F82820E2070CD493F85120824294BF7B
:1036B0000020012093F8282060F3C712E0E70021E2
:1036C000EAE70020F6E700BFE03C002000320020DF
:1036D0000C4A10B4D2E93D34002108461A78062A73
:1036E0000AD002F0FB02012A06D15A78022A0BBF47
:1036F00001300131C0B2C9B228339C42EED85DF826
:10370000044BADE7E03C0020144B002293F83A1044
:1037100083F8262093F8272061F3030293F83B10E7
:1037200061F3071283F8272093F82820597C02F0D0
:10373000FC0261F3C60283F828209A6CC3F82920A2
:10374000DA6CC3F82D20FF2283F8312002F57F4286
:103750005A861A7E83F83420BAE700BF0032002070
:1037600038B5057825B12846BDE83840FDF706BCD8
:103770004478502C17D0532C07D04B2C1ED11C4B07
:1037800002891A801B48502305E0194B0289194809
:10379000A3F842204B2380F8C83300F57070BDE8D1
:1037A000384032F0C4BD1249038921F8443F172044
:1037B00039F048FF0F4880F8C853EEE7B4B90C4D14
:1037C000037A2946162001F8403F39F03BFFFFF706
:1037D0009BFF084B2046BD221A70FDF7CFFB95F8E2
:1037E00040102420BDE838403DF0C8BB38BD00BFC4
:1037F00000320020E03C0020F8B5454DD5F874417A
:10380000064604F108072CB9424B43F2AE021A8077
:1038100042F0FEFC04F124039E4205D03D4B43F2EE
:10382000AF021A8042F0F4FC33784BB184F84C308C
:10383000582385F878310920BDE8F840FDF756BBDC
:1038400095F87831593B072B5AD8DFE803F0041B71
:10385000353B595944156F23237404F11801062090
:1038600039F0C4FE602385F878312B4B236238464B
:10387000BDE8F84032F0A4BD462323740F2323761D
:103880005A23F0E7254E002306F1480133207374D4
:1038900039F0ACFED6E91223134305D12EF040F8DF
:1038A000D0E90023C6E91223FFF72EFF4523237436
:1038B0001B4BA3615B23D6E752232374012323769A
:1038C0005C23D0E78323237404F11801082039F026
:1038D0008DFE5F23C7E7114BB3F84420228293F893
:1038E0004020A27493F83F30E3740123A3820D4B70
:1038F000A361384632F067FD5D2385F87831F8BD65
:10390000044B43F2B0021A80BDE8F84042F06EBCAE
:10391000E03C0020EC330020F937000100320020A9
:1039200026320020B528000173B52A4C00250DF180
:10393000070140F207108DF8075039F057FE9DF847
:10394000073084F83C3004F150014FF4837039F0B3
:103950004DFE0DF1070140F2051039F047FE94F8D5
:1039600050209DF807309A4239BF9B1A84F8513095
:1039700084F8503084F851500226FFF7A9FE0DF16B
:10398000070119208DF8076039F030FE9DF80730E7
:1039900084F8373094F836300F499B1B18BF012349
:1039A000222084F85B3039F021FE0C4B43F609509D
:1039B00093F832502DF0CEFF06FB05054FF4006062
:1039C0002DF0C8FF05EB500094F83C50454365616D
:1039D00002B070BD003200205C320020383100207F
:1039E00038B51A4C2378DB062AD5194DD4F8F433B0
:1039F00018221B7C84F8F02305F1440117202B7456
:103A000039F0F4FD05F14001162039F0EFFDFFF724
:103A10008BFFFFF779FE0F4BC4F81034452384F871
:103A2000003404F57E7005F12603C4F8083432F042
:103A3000C7FC95F840102420BDE838403DF09EBA00
:103A4000C220BDE83840FEF7D5BB00BFE03C0020F7
:103A5000003200201927000138B5204C94F8E832D4
:103A6000A32B34D1D4F8EC3200221A732278D20777
:103A70005CBFC2221A731A79AAB1C1221A73A52394
:103A800084F8E832164D284641F04AFD83680C3030
:103A900098472B68F3B1A32384F8E8320120BDE8EE
:103AA0003840FDF723BA1B7B002BE8D10D4B0E48A5
:103AB000B3F844201B88A4F800334FF4D273A4F861
:103AC000FA22A4F8E832BDE8384032F07FBCA52BDA
:103AD000D8D038BD312384F8E832FAE7E03C002042
:103AE000CC3F002000320020D03F002010B5114C08
:103AF000F1B9114BB4F86A131A7E84F83C230F4ACB
:103B00005B69C4F84023192284F83823C4F8503381
:103B100001220B4BC4F8583304F55270A4F83A1341
:103B200084F854233BF074F8862384F8683310BD7E
:103B3000FB23FAE7E03C0020003200202D060001C4
:103B40004D0C00011F49C888B1F8423098422DE958
:103B5000704334D01C4B93F8380392282DD1507DFC
:103B60000D282AD11269567816F0E00025D1012ED1
:103B700023D1D1E91245D2F80690D2F802804D4502
:103B800008BF44451CD1D47A957A127BC3F8400310
:103B900044EA0222A3F83A23192283F838234A6917
:103BA000C3F85023094A83F83C5383F85463C3F89D
:103BB000582303F552703BF02BF8012000E0002061
:103BC000BDE8708300320020E03C00204D0C000175
:103BD0002DE9704316460C46FCF78EFF144B93F804
:103BE0002024824203D800233360012017E0D3F859
:103BF000243400B2C0EBC00003EB800010F1140FBE
:103C00004FF000033360F0D0D4E900894369D3E971
:103C10000045A94508BFA04503D133600020BDE899
:103C20007083826910339A42F1D80220F7E700BF0F
:103C3000E03C002030B58BB043680593044690F813
:103C400024308DF8183005A83CF0CEFD07990029E6
:103C500051D0089B002B4ED094F824200244207AA7
:103C6000824248DC1A680D685B68CDE902236B1C50
:103C700033D001AA02A99DF81900FFF7A9FF012876
:103C80002BD0019B13B19B689D4226D99DF819004A
:103C9000FCF74AFF206470B31A4B93F8533084F852
:103CA0004430089B1A685B68C4E90C2304F13003B4
:103CB000A3646368E36494F8243084F85030237A72
:103CC00084F85130104B6365002384F8523004F1BE
:103CD00038003CF07DFD0BB030BD9DF81900FCF7BD
:103CE00023FFE38CADF8043050B9162301A88DF8FA
:103CF00006300DF08FFDA4F18000FDF731FCEAE7FE
:103D00001123F3E700320020799E00012DE9F04FE6
:103D10008C4F97F87831D7F8744185B0562B06460A
:103D2000009705D0884B43F2AB021A8042F070FA3C
:103D30002CB9854B43F2AC021A8042F069FA04F1C7
:103D400010039E4205D0804B43F2AD021A8042F030
:103D50005FFA337923B103F0EF02EA2A40F0E780FB
:103D60003268E3699343019300F0E080D6F808C01D
:103D7000F5790CF1040A504600224FF6FF7E954279
:103D80000DD1FF25A846A94600234FF0010C01994B
:103D900011EA0C0F40D00020D646014631E0B0F8C1
:103DA0000080F04503D10132D2B21830E7E7531C4E
:103DB000DBB203EB430190F80C900CEBC1019D4288
:103DC000F1D09A4209D0B1F804B0C34505D191F8B9
:103DD00010B0CB4508BFA1F804E00133DBB21831C5
:103DE000EDE79EF80CB09B4507D1BEF800B04FF64A
:103DF000FF77BB451CBF0131C9B20130C0B20EF123
:103E0000180E9042EDD119B91CF4C30F65D1984634
:103E100049453CBF89461D460133DBB2202B4FEAA2
:103E20004C0CB4D1B8F1FF0F59D1FF2D05D1464B41
:103E300043F2B8021A8042F0D9F9DFF814B1002336
:103E40008BF840500DF10D011820D6F8089096F827
:103E500007A08DF80D3039F0C9FB9DF80D805E4646
:103E6000B8F1000F42D143F0B3FE80B20AF1010B6A
:103E7000ADF80E0043464FF6FF71884204BF4FF085
:103E80000108002009F1040C002292450BD09CF897
:103E90000CE0AE4525D1BCF800E0864521D10130CB
:103EA00080B24FF0010801339BB29B45E5D8B8F1D1
:103EB000000F01D0ADF80E00BDF80E30A6F844306A
:103EC0004FF6FF72934217D11F4B43F2B9021A808B
:103ED00042F08CF905B0BDE8F08F1D46ADE74546D0
:103EE000ABE70132D2B20CF1180CCEE70DF10E01A6
:103EF000172039F07BFBDFE794F8453004F1080028
:103F00000BB1B4F84630A6F8423023830F4B23623E
:103F1000009A53232374592382F8783132F050FAEF
:103F200096F8401024203DF029F8D3E7C423009AE6
:103F300084F84C30582382F878310920FCF7D6FFFA
:103F4000C8E700BFE03C0020EC330020F937000157
:103F500000320020014BB3F84200704700320020CD
:103F600070B50B4C94F830500E467DB95323237630
:103F70002084084BA36204F1100032F021FA0123DF
:103F800084F8303084F83160284670BDC320FCE7E7
:103F9000D80F0120810D0001014B93F839007047C3
:103FA0000032002008B5FCF759FA18B103786FF316
:103FB0000003037008BD08B5FCF750FA003018BFC5
:103FC000012008BD08B50146034841F085FA1120DB
:103FD000BDE80840FCF78ABFB83F002010B5014695
:103FE00038B90F4B43F2D002BDE810401A8042F0BE
:103FF000FDB80C4C204641F06FFA2379D62B06D140
:10400000702323710820BDE81040FCF76FBF703BA0
:10401000022B03D9024B43F2D102E5E710BD00BFEA
:10402000EC330020183D002070B5494C94F8003264
:10403000212B254640F0868004F5C47041F070FACB
:10404000A0F10803C4F88C31424B027C1A74FFF7CC
:104050006BFC2378DB062BD5D4F88C311A7B023A23
:10406000012A25D8322284F80022227093F83420C5
:1040700084F8FD211A6BC4F8F4210022C4F8F02161
:1040800084F8EE219B7B344AC4F8F821012284F89D
:10409000FC212BB104F5E470BDE87040FFF79EBF32
:1040A00084F8EC3104F5F670BDE87040FDF798B87F
:1040B000D5F88C31C22283F82B20222385F80032D8
:1040C000244CD5F88C11B4F842300B85D1E900238B
:1040D000C1E9082391F82B6094F8403081F82A3028
:1040E000F6B9D5F89031D3E9042304F1440117203F
:1040F000C4E9122339F0A6FA04F14001162039F080
:10410000A1FAFFF701FBBD232B70637CD5F890214A
:10411000C3EBC303DBB2928831463046FCF7CBFCDD
:10412000D5F88C014369203098470023C5F89031B9
:10413000D5F888314BB10A20FCF7D8FE212385F849
:10414000003201E0222BBBD070BDDA23F7E700BFBD
:10415000E03C002000320020E111000100487047DF
:104160002C410020014BD3F84C047047E03C002068
:10417000014BD3F850047047E03C0020014B93F80A
:1041800054047047E03C002010B5084CD4F84C347F
:104190002BB118461822002143F070FD0346D4F8D5
:1041A000502418339A42F3D810BD00BFE03C0020E1
:1041B00010B5014638B90F4B4FF44252BDE81040DC
:1041C0001A8042F013B80C4C204641F085F923794F
:1041D000132B06D1E72323710D20BDE81040FCF717
:1041E00085BE1933DBB2022B03D9024B43F28A029C
:1041F000E4E710BDEC330020A03D002010B50146DF
:1042000038B90F4B43F2A002BDE810401A8041F0CC
:10421000EDBF0C4C204641F05FF92379B72B06D156
:10422000542323710920BDE81040FCF75FBE543BC6
:104230000C2B03D9024B43F2BC02E5E710BD00BFD3
:10424000EC330020543E00204B1EDBB2FD2B10B59A
:1042500007D90D4B43F2A0421A8041F0C7FF00205E
:104260000DE00A4AD2F81834D2F81C241C783CB964
:1042700058801970014611203CF080FE012010BDCD
:1042800004339A42F2D8EAE7EC330020E03C002005
:10429000F8B507460E4639B9104B43F2A1421A80D1
:1042A00041F0A4FF3046F8BD0D4DD5F8184400206C
:1042B00023786BB16288BA420AD1FF2E01D0B34293
:1042C00006D100231120237039463CF057FE01200F
:1042D000D5F81C340434A342EAD8E4E7EC330020D8
:1042E000E03C002073B5064640B9104B43F2A342B0
:1042F0001A8041F07BFF304602B070BD0C4DD5F8FE
:1043000018440020FF2E02D02378B34208D123683E
:104310000193122001A93CF031FE002323700120FB
:10432000D5F81C340434A342ECD8E5E7EC33002084
:10433000E03C002038B50C4639B90E4B43F2A2429E
:104340001A8041F053FF002038BD0B4AD2F81834D0
:10435000D2F81C141A7832B15D88854203D1FF2C43
:1043600005D0A24203D004339942F3D8EBE70120F1
:10437000EAE700BFEC330020E03C0020064AD2F818
:104380001834D2F81C240020197809B90130C0B2C1
:1043900004339A42F8D87047E03C0020084B30B113
:1043A0000430D3F81C34984204D300207047D3F86B
:1043B0001804F6E70278002AF8D10430F3E700BFCA
:1043C000E03C002013B50B4C0DF1070140F2151035
:1043D00039F00CF9214640F2112039F0EDF89DF842
:1043E00007202068920083180021636043F046FC98
:1043F00002B010BDF8400020014B83F85B0070470D
:1044000000320020014B83F85C007047003200202E
:10441000014B93F85B00704700320020014B83F89A
:104420005B00704700320020014B93F85C0070473E
:1044300000320020014B1888704700BF0032002076
:10444000014BB3F84400704700320020014BA3F841
:104450004400704700320020014BD3E9120170473D
:1044600000320020D0E90001014BC3E9120170477E
:1044700000320020014B93F83600704700320020D4
:10448000014B93F84000704700320020034B014677
:1044900083F8400024203CF071BD00BF00320020B2
:1044A000014B5869704700BF00320020014BD8888B
:1044B000704700BF00320020014BD880704700BF1A
:1044C0000032002008B5054B0146187622203CF04A
:1044D00055FDBDE80840FFF717B900BF00320020C6
:1044E00073B50578124CCDB9124EB4F83A33A6F82C
:1044F0004430FDF751FA06F14401172039F0A2F8D3
:1045000094F83C03FFF7DEFFFFF7FEF80F2301A846
:10451000ADF804508DF806300DF07CF9922384F844
:104520003833D4F8403303B1984702B070BD00BFB0
:10453000E03C00200032002038B503791F4C0546CE
:104540008BB103F0EF03EA2B0DD01D4B187E013029
:10455000C0B2FFF7B7FF842384F868330920BDE8B1
:104560003840FCF7C3BFEA79B4F86C339B1A9BB2AE
:10457000A4F86C336BB143F02BFBB4F86C2380B21E
:10458000B0FBF2F302FB1303B4F86A030344A4F88C
:104590006A330023EA799A42D7D9AA68B4F86A0341
:1045A00003EB430102EBC10201339288824204BF54
:1045B0000132A4F86A23DBB2ECE700BFE03C002044
:1045C00000320020014B187E704700BF00320020EF
:1045D000014B83F83800704700320020014B93F8FC
:1045E0003B00704700320020014B5888704700BFE5
:1045F00000320020014B9888704700BF0032002035
:10460000024B0022C3F80220704700BF0032002096
:10461000014B9876704700BF00320020084B1B7E8C
:10462000C21A002AB8BF5242C72A04DC984294BF7B
:1046300000200120704798428CBF00200120704765
:10464000003200200A4B1B7E98420FD0C21A002A6B
:10465000B8BF5242C72A04DC984294BF0020012010
:10466000704798428CBF002001207047012070479E
:10467000003200202DE9F8432F4BD3F8F4400646D2
:104680000F469046002599462378062B41D0637843
:10469000022B3ED056EA070309D0D4E90423BB42DB
:1046A00008BFB24235D1607EFFF7CCFF88B3A37E4E
:1046B000B8F1000F35D013F0040F2AD0002D38D0F8
:1046C000D9F8F4201D48D9F8FC10A31AAA1ADB1057
:1046D000D2104243434301EBC30301EBC2011B79F8
:1046E00009796A7E591A637E93420AD0981A002883
:1046F000B8BF4042C72817DC93428CBF0023012378
:104700003BB9193105DB43F063FA10F0080F08BF1D
:104710002546D9F8F83028349C42B5D32846BDE860
:10472000F88313F0020FC8E7934294BF00230123DC
:10473000E6E72546EDE700BFE03C0020CDCCCCCC41
:1047400010B5164CD4F88C310122D3E90001FFF7E3
:1047500091FFC4F89001B0B1002384F80132104AEF
:10476000C388A2F84430A4F8D83150220D4BC4F8C5
:10477000E03104F5E47084F8D02131F021FE2923E2
:1047800084F8003210BDD4F88C31C32283F82B207A
:104790000A20FCF7ABFB2223F2E700BFE03C00203D
:1047A000003200206552000110B50F4C99B9D4F8C1
:1047B0009C3103F51173C4F89C310C4BC4F8A4313F
:1047C00004F5CA70012384F8A0313AF021FA2D23B0
:1047D00084F8003210BDD4F890319A7E6FF38202D3
:1047E0009A76BDE81040ABE7E03C0020F1470001BD
:1047F0000F4B10481B7C13F0080F11D1022380F8D7
:10480000B031D0F89031DA889B88A0F8B8310A4BE3
:10481000A0F8B221C0F8C03100F5D47031F0D6BD97
:10482000D0F890319A7E6FF382029A7688E700BFC3
:1048300000320020E03C00208981000180E70B4A23
:1048400092F801320133DBB2022B82F8013206D931
:10485000D2F890319A7E6FF382029A7670E728231D
:1048600082F800320320FCF741BE00BFE03C00208C
:1048700010B50378174CD4F88C2143B182F82B3053
:104880000A20FCF733FB222384F8003210BD117B91
:10489000032915D1104B1B7C13F0080304D1C4F875
:1048A0009C31BDE81040CAE7812384F8D03104F57B
:1048B000E4700A4BC4F8D43131F039FD2B23E3E71F
:1048C00082F82B30222384F800320A20BDE8104001
:1048D000FCF70CBBE03C002000320020E148000166
:1048E000037810B5094C2BB98368C4F89C31BDE836
:1048F0001040A4E7D4F88C210A2082F82B30FCF772
:10490000F5FA222384F8003210BD00BFE03C0020FD
:10491000F8B58B79012B0F46164654D18C68CD68BB
:104920002CF0FEFFD0E900239D4208BF94424AD1FB
:10493000384D95F80032A3F12C02012A2C464DD8AF
:1049400005F5CA703AF08EF9B7F819204FF6FF73E3
:1049500093423AD0FB7E002B37D1D5F88C112E4DE7
:1049600081F82B30A5F84220D4F890219188298035
:10497000D17885F840101370137E507E0133DBB27E
:104980000F2B28BF0F236B74FFF79CFD73682BB1AF
:104990001968D4F890215B68C2E90213532384F8A4
:1049A000D031B5F84230A4F8D8311C4BC4F8E0310E
:1049B0001B4831F005FD2E2384F8003295F8401095
:1049C00024203CF0DBFA0120F8BDD4F890319A7E27
:1049D0006FF382029A76FFF7B3FEF4E7DA2BF2D197
:1049E0000D4A92F83630022BEDD1B7F81930A2F803
:1049F0004230A5F8D8315322084BC5F8E03185F88C
:104A0000D02105F5E47031F0DBFC312385F800326C
:104A1000D9E700BFE03C00200032002065520001D1
:104A2000A83E002010B51D4CD4F88C310022D3E9EB
:104A30000001FFF71FFEC4F8900108B3002384F8BB
:104A40000132174B93F83F2084F8D121C27884F8C3
:104A5000D02102221B7C84F8D221C288A4F8D42160
:104A6000828884F8E03104F5E4700E4BC4F8E43138
:104A7000A4F8D82131F052FC232384F8003210BD71
:104A8000D4F88C31CA2283F82B20222384F80032F8
:104A90000A20BDE81040FCF729BA00BFE03C002026
:104AA00000320020D9610001024B00229A705A6046
:104AB0001A817047D80F012010B5FFF7F5FF3AF0C3
:104AC000EDF8054C6063383420463AF0CBF82046C8
:104AD000BDE810403AF09CB8D80F012010F0FB0F51
:104AE00003D1074B01221A757047052801D00E2803
:104AF00004D1034B00221A75FFF7DEBF704700BFD9
:104B0000EC28012000487047DA0F0120044B054AC9
:104B10001A64012283F84420034A9A64704700BF54
:104B2000D80F0120A075E900B94A000108B53AF094
:104B3000B5F8064B5B6BC01A054B984297BF4EF613
:104B40006023FF20B0FBF3F0C0B208BDD80F0120F6
:104B50009F75E900037B03F0FD02042A10B50146AE
:104B600003D1BDE81040FCF7FABD012B01F10801AB
:104B7000104C0FD104F57D7040F0AEFC94F8F0338A
:104B8000162B15D1172384F8F0331320BDE81040FD
:104B9000FCF7ACB904F5C47040F09EFC94F8003208
:104BA000DA2B05D10A20FCF7A1F9212384F8003281
:104BB00010BD00BFE03C002008B50146084840F0A9
:104BC0008BFC084B93F8B920E62A07D1112283F811
:104BD000B9200C20BDE80840FCF788B908BD00BF2B
:104BE000583D0020E03C002038B5164B164993F89C
:104BF000B8501C462DBB022A1AD1A3F8A8000123E5
:104C000084F8AD3000220023C4E9282391F8403213
:104C100084F8AA304FF48073A4F8AB300B4BC4F87F
:104C2000B0300B48FFF7C8FF012384F8B83008E024
:104C3000032AE7D100200021C3E92801012283F8DB
:104C4000AD2038BDE03C00208CA60301B531000149
:104C5000783D002010B50E4C94F8B830B3B900225E
:104C60000023C4E928230B4B84F8AC0093F84032AE
:104C700084F8AA3004F19800074BC4F8B03084F8E7
:104C8000AB10FFF799FF012384F8B83010BD00BFC7
:104C9000E03C00208CA60301B531000110B4094CA2
:104CA000094AD4F8F430C31ADB105A43D4F8FC3064
:104CB0005DF8044B03EBC2039A7961F302029A7127
:104CC000FCF7A6B8E03C0020CDCCCCCC10B5074C0E
:104CD00094F87C32022B08D0FCF7AEFF012384F855
:104CE0007C32BDE81040FDF773B810BDE03C0020F9
:104CF00010B5084C0146204640F0EEFB23798E2B80
:104D000006D18F2323710F20BDE81040FCF7EEB8C9
:104D100010BD00BF4C3E00204FF6FF7398420D4A75
:104D20001ABF013080B20020B2F8AC12D2F8A8222B
:104D3000C0EBC0031344814202D84FF6FF707047A6
:104D40001A7902F00502052A03F10703F7D00130B2
:104D500080B2F0E7E03C0020034BC0EBC000D3F88A
:104D6000A832185A704700BFE03C0020034BD3F82C
:104D7000A832C0EBC000034458887047E03C0020D4
:104D800001460A203CF08EB801460A203CF0C4B827
:104D90000C4B30B12830D3F8F820904204D30020D7
:104DA0007047D3F8F400F6E7037803F0FB03012B18
:104DB00005D14378022B02D183888B42F0D1283071
:104DC000EBE700BFE03C002010B50B4A0B49D2F8DE
:104DD000F430B1F84410D2F8F8201C78062C05D035
:104DE0009C88844202D1DC888C4203D028339A42CA
:104DF000F3D80023184610BDE03C0020003200200C
:104E0000F8B5264AD2E93A35EB1A92F80051013545
:104E100005EB23150E46ADB204464FF6F677631E3A
:104E20009BB2BB4288BF01241D4BB3F84230A34262
:104E300013D02046FBF72AFB18BB2046FFF7C4FF20
:104E400038B1D0E90201D6E90023994208BF904267
:104E500008D12046F8BD1D46E1E730462CF06CFD38
:104E60000028E6D101346B1EA4B29BB2002DF2D112
:104E70000C4B43F206021A804FF6FF7441F0B6F96C
:104E8000E7E703789B07EDD4D0E90201D6E90023D8
:104E9000994208BF9042E5D1CFE700BFE03C002037
:104EA00000320020EC33002010B586B0CDE900239D
:104EB0002023ADF80C300DF10A03ADF80A1004936D
:104EC0000C46002303A91E2005933CF057F8059BD0
:104ED00043B1BDF80A006946FFF792FF0446204639
:104EE00006B010BD0C4B93F83920002AF7D193F887
:104EF0003730022B09D14FF6F7739C4202D942F0AA
:104F000067FE84B269462046E6E7032B0CBFBDF876
:104F100000404FF6FF74E2E70032002038B501226E
:104F20000546D0E90201FCF78DFA0446D8B1AA7E05
:104F3000637862F3C30363700020AB8863822075DB
:104F4000D5E902234FF6FE71FFF7AEFFD5E9022344
:104F5000C4E9022301232082637523700420BDE885
:104F60003840FCF7C3BA38BDF7B5514C227812F07F
:104F7000400F0F46254612D094F85221AA2A10D08D
:104F8000B4F8502182420AD14A4B84F85411B3F844
:104F90004230934214BF0123002384F8533103B0FD
:104FA000F0BD444EA4F85001B6F8422084F85411E4
:104FB000824296F836204FD1002AF0D0022A03D040
:104FC00096F83730022B25D0D6E91223C5E94623BF
:104FD0000323A5F824310DF10701292038F006FB41
:104FE0009DF8072001230AB185F8253196F8402065
:104FF00085F826319340C5F84831082385F84C31AF
:105000002D4BC5F82C31452385F852312B48FFF73D
:10501000A1FDC4E7012AC2D12CF082FC4FF6FE713B
:10502000D0E900230120FFF73FFFB6F8423083426A
:10503000F2D04FF6F7739842B1D8532385F8203158
:105040001F4BC5F830314423A5F8280185F85231AB
:105050001A4831F0B5F9A2E7022AA0D0C9B10D2251
:10506000184B84F82E21C4F81C314FF6FD72002332
:10507000A4F82021A4F82201023284F8283104F592
:105080008C704623A4F8242184F85231FCF798FA56
:1050900085E7FBF73DFB002881D0472284F85221A9
:1050A000827E67F3C3028276FFF738FF77E700BF9F
:1050B000E03C00200032002049100001F83D0020B3
:1050C000FD150001FD510001024B0021B3F8420023
:1050D0004AE700BF0032002030B5274B1B78DB07C2
:1050E00087B008D5537D042B05D1146965780B2D45
:1050F00016D003D85DB1012007B030BD0C2D25D0EE
:105100000D2DF8D100216088FFF72EFFF3E76088AE
:105110004FF6F7739842EED82946FBF7C3FCEAE74F
:1051200001238DF804306388ADF805308B88ADF825
:1051300007303E2001A93BF021FF6088FBF7D4FB3C
:105140000028D8D04FF6FF730380D4E702238DF8F0
:1051500004308B88ADF8053001A93E203BF00EFFEE
:10516000A378E2788DF8025043EA02236846ADF84E
:1051700000300CF04FFBBEE7E03C002010B51E4CA9
:1051800094F85231AA2B2ED1D4E93D321978062950
:1051900002D0997E090703D428339342F6D3002323
:1051A000002184F85311A3B19A88A4F850219A7E63
:1051B00061F3C3029A760121B4F85001FFF7D4FEDF
:1051C00094F85231AA2B0ED10220BDE81040FBF713
:1051D0008DBED4E93A311A7802F00302032A03D0D3
:1051E00010338B42F7D310BD5A88A4F850211A7897
:1051F0006FF341021A70DEE7E03C002010B5164C58
:1052000038B194F85231462B03D104F22D13984251
:1052100005D0124B43F283121A8040F0F9FF104B75
:1052200093F83630022B0ED0B4F85001FBF770FA29
:1052300048B1827E6FF3C3028276FFF76FFE472389
:1052400084F8523110BDAA2384F852310220BDE8FF
:105250001040FBF74BBE00BFE03C0020EC330020C9
:1052600000320020037873B5654C53B1D4F88C211B
:105270000A2082F82B30FBF739FE222384F8003213
:105280003FE094F80032243B112B3AD8DFE803F0DA
:10529000535B6F39393E4B393939818B96A2393B93
:1052A0006409D4F88C311B7B032B28D1554D95F81C
:1052B00039309BB9B5F842204FF6F7739A4203D9BB
:1052C00042F086FCA5F84200B5F842602CF028FBBD
:1052D00001463046FFF794FDA5F84200532384F8B9
:1052E000D031B5F84230A4F8D831332384F80032F5
:1052F0004548464BC4F8E03131F062F801E0FFF771
:1053000091FB02B070BDFFF71BFAFAE7D4F89031B9
:105310003C4ADB7882F84030002284F8D83184F8A7
:10532000D0212A23E2E7452384F8D031384BC4F852
:10533000D8312423DAE7462384F8D0310F2384F8C8
:10534000D8312523D2E78323324984F8D03108208D
:1053500038F04CF93423C9E7522384F8D031294B73
:105360001B7CC3F3C00384F8D8312623BEE7254B4A
:1053700025481B7C13F0080F14BF6FF07F430023F8
:10538000C4F8D031244BC4F8D43131F013F82723BA
:1053900074E74B2384F8D031D4F890319B88A4F87B
:1053A000D8312F23A2E74A2384F8D031D4F89031A2
:1053B000D3E90223C4E97623302397E7D4F88C316C
:1053C000002283F82B200A20222384F80032FBF7E6
:1053D0008DFD96E70B4BB3F84230ADF8043001A8D1
:1053E00010238DF806300CF015FAD4F8883123B16B
:1053F0000A20FBF77BFD212340E7DA233EE700BFCD
:10540000E03C002000320020A83E00206552000150
:1054100026320020B83E0020714800010C4BB3F842
:105420004230834210B5044603D1BDE810402CF051
:1054300077BAFFF7C9FC28B1D0E90223134301D0A2
:10544000083004E02046FBF721F80028F8D110BD11
:1054500000320020F8B5C4691C4D06462046D5F838
:105460002C74FDF781FB0123A371194B1B8863800A
:10547000238823F4805323F0030343F4805343F041
:10548000010323802CF04CFAD0E900236361637898
:10549000226143F0080363706088FFF7BFFFD0E923
:1054A0000023E3600B2323763B796376A260A37E1F
:1054B0007A7962F300036FF34703A3761B2386F820
:1054C0003030032385F82834F8BD00BFE03C0020CD
:1054D00000320020F8B5264FC469D7F8B0624660A4
:1054E000338D0385012380F8323005462046FDF7D1
:1054F0003BFBF369588860809B88A380238823F452
:10550000805323F0030343F4805343F001032380CB
:10551000FFF784FF3A46D6E9147128B3637843F065
:1055200008036370D0E900C36161C4F808C0E36098
:1055300027611821EB690B4405201870F4690D48A8
:10554000A488B0F8420084420BBF002001245870A8
:105550005C7016BF5880022304230B4485F830305A
:10556000F82382F8B432F8BDE160A7601021E1E7CA
:10557000E03C0020003200202DE9F041C4693D4E9E
:1055800005462046FDF7F0FA2388F088608023F472
:10559000805323F0030343F4805343F0010323803B
:1055A000FFF73CFF637800283CD043F008036370AA
:1055B000D0E90023A260E3602CF0B2F9D0E9002327
:1055C000636122611823183485F8303023882A4813
:1055D000224603F4F85343F0090322F8023BB36C6C
:1055E000C4F80230D0F82473F36C5360B6F844303A
:1055F00090F823C363810437012300218C451DD11A
:10560000627863F30402627095F8302003F01F03A0
:105610000A3202EB430385F83030542380F810330C
:10562000BDE8F08160F3C30363702CF079F9D0E931
:105630000023E360A26010231034C5E704EB4302AB
:105640003E885681002200BF02F10108043204EBBB
:105650004202B2F802E076455FFA88F2F4D1934252
:1056600003D20133DBB2102BCAD00131C9B21837D3
:10567000C4E700BF00320020E03C00202DE9F041EB
:105680004FF6FF73C46903858B7880F88D3006462A
:1056900020460D46FDF768FA23684FF6FC721A4063
:1056A0002B4B13432360EB7AA3716B7BE371A888C8
:1056B000A080FFF7B3FE40B3637843F0100363703C
:1056C000D0E900234FF00808A260E360F46908F114
:1056D00008073C44238803F4804343F001032380FC
:1056E0006A78637802F06001202910D143F040030A
:1056F0006370AB7AA3702B89A4F80330AB78637125
:10570000063786F83070BDE8F0818046DEE76FF33B
:105710008613637049B912F0100FDBB203D0022276
:1057200062F3C403E4E70122FAE72889FFF776FE73
:105730000028DED0637843F020036370D0E90023B3
:1057400008F11007C4F80620C4F80A30D1E700BFFA
:105750000100FCFF2DE9F04F85B0884601925C4ABC
:105760000F9E92F836109DF838409DF840504FF645
:10577000FE7B022907469A46A6F800B091461DD145
:105780001288328013B9824208BF012503238DF8A5
:105790000C308DF80D50FE238DF80E309DF80C3036
:1057A000002063F307009DF80D3063F30F209DF890
:1057B0000E3063F3174005B0BDE8F08F2BB11CB37A
:1057C0004FF6FF7333800823E1E74FF6F7729042FC
:1057D000F6D8FFF7F9FA0446B0B1827ED30707D4B2
:1057E0004FF481733780ADF80C308DF80EB0D5E7EB
:1057F0000278052A02D04278022A05D14FF482733A
:105800003780ADF80C30C6E751463846FBF72EF925
:10581000002852D0428832801FFA82FC027990F828
:1058200006B051073ED5B9F8421041454BD1130798
:1058300049D40721BAF1000F01D1674545D05D4534
:1058400028BF5D46EDB214B3062920D12148224A73
:10585000D0F8F430E31ADB105A43D0F8FC3003EBF5
:10586000C2039879C0F3C2072046FAF70DFF99F8F2
:105870003D30B842B8BF38465B4528BF5B46DBB217
:10588000984211D2A38833808346012504213388AE
:10589000434502D0019A934208D14FF6FE733380FC
:1058A000012103E00621C5E70029F0D18DF80C1095
:1058B0008DF80D5099E72146F8E74FF0FE0B002CCC
:1058C000F9D00146C2E70A21BDE70125BBE700BFC9
:1058D00000320020E03C0020CDCCCCCC30B5C569F6
:1058E0008BB0044669462846FAF730FE9DF814202E
:1058F00094F830309A4229D80123039A84F8323040
:1059000053786BB96D882846FFF75EFA28B1837E1D
:10591000DB075CBF052384F8323025850BB030BD32
:105920001178994212D902EB430148880949B1F82C
:10593000421088420AD1013BDBB2537002EB4303B1
:105940009A78DB7842EA03232385E7E7752384F816
:105950003030E3E7003200202DE9F34190F8078072
:105960008779002308F101085FFA88F84372764BC3
:1059700080F8078093F83630022B04460E4600F07C
:10598000C3803D460E2F2CD8DFE807F0C9C9082692
:105990002633335858582B2B2BA7C90042F018F93F
:1059A000C0F30B0060810126E379B34219D8608906
:1059B0002BF0D0FF40096081214664483FF08CFD08
:1059C000634890F85030002B3DD1012380F85030CF
:1059D000543039F01DF936E0B8F1010F32D0032F01
:1059E00001D001252FE041F60273438104260225F0
:1059F000DAE7062F13D1B8F1010FF2D8B8F1010F91
:105A000014D142F0E5F840F6627280B2B0FBF2F3D6
:105A100002FB13033F335B0063810326E7E750F883
:105A2000343C90F855209B789A42E6E71EB13378D3
:105A30000BB9E371D5E741F60273EDE7092F06D103
:105A4000072383710025284602B0BDE8F081B0F835
:105A50005000FFF7B9F9082F05461CD10023337019
:105A60006369002B6CD1B8F1020F69D8A379082BB8
:105A700021D12046FAF788FE354BADF8040093F8A3
:105A8000E032C0B2984216D20198FBF7F3F950B158
:105A90000325E571D7E7002EE2D03378002BDFD164
:105AA0000823A371DCE7E679022E04D143F60953FB
:105AB0006381042578E74DB16E78022E06D12B78EC
:105AC00003F0FB03012B01D10023F1E742F080F842
:105AD000C0F30A0060810226EBE70029B2D00B7800
:105AE0006BB1E12B14BF0126022642F071F8E27976
:105AF0004FF480639340013B1840608177E70123B6
:105B000043729B02438188E70E2F3FF66AAF012262
:105B1000BA4044F283331340002B3FF462AF8EB19E
:105B20003378002B3FF45DAF012F07D00E2F0CBF51
:105B300002260126E12BD8D10136D6E70326D4E789
:105B4000032580E735467EE700320020483D0020EF
:105B5000E03C00202DE9F0413D4FC469D7F8B86220
:105B600005462046FDF700F8337C1BB1738AA380FD
:105B7000337DE37123883089608023F4805323F0E0
:105B8000030343F4805343F0010323804FF6F7737C
:105B9000984245D8FFF742FC8046002840D0637801
:105BA00043F0080363702BF0BBFED0E900232261B1
:105BB0006361D8E90023A260E360182204F11803AE
:105BC00085F8302003221A70B27D5A7072895A808B
:105BD00095F88E30102B02BF95F88F3043F00203FA
:105BE00085F88F30B089F389A5F888304FF6F773C0
:105BF0009842288522D8FFF7E7F8012385F832304C
:105C000028B1837EDB0702D4052385F8323095F86E
:105C10003030043385F83030212387F8D43215E052
:105C200063786FF3C30363702BF07AFED0E900232F
:105C3000A260E360102204F11003C1E7054BE17993
:105C4000B3F84200FBF7DEFD0228E0D1BDE8F081A9
:105C5000E03C0020003200202DE9F8434B78064656
:105C60006FF3C3034B70C8883085012386F8323048
:105C7000F4698846FFF7D2FB07462046FCF774FF1D
:105C800098F80C30594AA371B2F84230A380338D92
:105C90006380238823F4805323F0030343F4805369
:105CA00043F0010323809146002F00F08280637847
:105CB00043F0080363702BF033FED0E90023226128
:105CC0006361D7E900230827A260E36098F80130F8
:105CD000F46903F0600310373C44A3F120025342FF
:105CE0005341627863F386126270238803F4E043C1
:105CF00043F00203238098F80A30A370B8F80450E8
:105D0000B8F80830A4F80350A4F80530B8F8060035
:105D1000FFF75AF8002861D099F838203449DFF8A5
:105D2000D4C0002A4CD0D1F8F420831ADB10D1F86B
:105D3000FC200CFB03F302EBC3039979C1F3C2010E
:105D4000FAF7A2FC8842B8BF084698F80330184416
:105D500080B2FE2828BFFE20E0712846FFF75EFBD8
:105D6000637800283CD043F010036370D0E900232F
:105D70000125A260E36063786FF3451363705B06EF
:105D800010D4B4F80500FFF749FB58B1637843F02D
:105D9000200363700135D0E9002304EBC504EDB2A4
:105DA00022606360681C07EBC00086F83000BDE825
:105DB000F8832BF0B5FDD0E90023A260E36085E70E
:105DC000D1F8F420831ADB10D1F8FC200CFB03F38C
:105DD00002EBC3039879C0F3C200B6E70720B4E72B
:105DE00060F3041363700546C5E700BF003200206E
:105DF000E03C0020CDCCCCCC094A30B5D2E93D32D4
:105E00001C78062C05D0D3E902458D4208BF844298
:105E100003D028339A42F3D80023184630BD00BF80
:105E2000E03C0020F7B51F464FF6F7739842054651
:105E3000164626D856EA070323D0FFF7EFFAB8B183
:105E4000D0E90023BB4208BFB24211D00220FBF7C9
:105E50004DF8012430463946FFF7CEFF50B1837E1E
:105E6000858064F3C303837684F0010003B0F0BD42
:105E70000024EFE7009432463B462846FAF714FF29
:105E8000F2E70020F2E72DE9F04D1746527D072A90
:105E9000884614D93D696B78C3F34011C3F30014ED
:105EA0000C44E4B2611CB2EBC10F08D3DA0609D48A
:105EB000A978B5F80300FAF765FD0646B0B90020E9
:105EC000BDE8F08D374BB3F84220B5F803309A4265
:105ED000EED1D5F808A0D5F80CB02BF021FDD0E913
:105EE00000239B4508BF9245E9D1E1E7EB79C278F1
:105EF0009A42E4D9C3706B789B060CD5013CE4B29E
:105F0000012CDCD8013405EBC404B5F80500226887
:105F10006368FFF787FF7178F378FA8A01F0600110
:105F2000A1F12000414241413089FAF7C4FD1D4BE7
:105F3000B5F80300B3F8422082421FD06B78DB062D
:105F400003D5AA68EB68FFF76DFF98F80630012BC0
:105F500086BF03F1FF33DBB201233373737843F061
:105F600004037370104B93F8A422002AA7D1932244
:105F700083F8A4220520FAF7B9FFA0E7306918B129
:105F800000220274FA8A42829B7E002B97D010B1C5
:105F9000C368103098477378002262F3C3033261FC
:105FA00073708CE700320020E03C002037B50546D6
:105FB00028B9244B43F211121A8040F017F9D5E9A1
:105FC0000023013308BFB2F1FF3F02D1002003B02C
:105FD00030BD28462BF0B0FC88BB00220023694668
:105FE0002A20CDE9002337F001FBD5E90001DDE9E6
:105FF0000023994208BF90420ED1134C2B2004F18C
:106000004C0137F0F3FAB4F84C204FF6F7739A428C
:1060100002D804F14C00DAE7D5E90001FFF7ECFE05
:1060200030B182884FF6F7739A4201D80430CEE738
:106030002846FAF713FA0028C8D00230C7E7034809
:10604000C5E700BFEC330020D80F0120423200200A
:1060500082B00A4B009340F20713ADF804300023DE
:106060001DF803108142DAB203D90133062BF7D1B0
:106070001A46501CC0B202B0704700BFFCAF60119E
:1060800038B50B4BD3F8F440001B0A4CC0106043EA
:10609000D3F8FC4004EBC004084621711546FFF715
:1060A000D7FFA379657160F3C503A37138BD00BF45
:1060B000E03C0020CDCCCCCC38B50E4BD3F8F4402E
:1060C000001B0D4CC0106043D3F8FC4004EBC0042F
:1060D0001546237923B1032212FB0311C1F3870173
:1060E00021710846FFF7B4FFA379657160F3C5031A
:1060F000A37138BDE03C0020CDCCCCCC4B682DE961
:10610000F04104460D46002B2ED12B68002B3FD1C9
:10611000E88AFEF759FE0646002850D12D4B93F829
:1061200038609846002E53D06378DB072DD4628800
:106130004FF6F7739A4228D8A7883846FEF744FEF0
:1061400020B1037803F0FB03012B1ED098F83C30FC
:10615000A2799A4234BFD343DB43DBB2EA8A0021FF
:106160003846FAF7A8FC10E0027802F00302012A90
:1061700003D10A691278062AC7D01A68A0885B681A
:10618000FFF750FE0028C0D100263046BDE8F08160
:106190006278D207F8D460884FF6F7729042F3D84D
:1061A0000C4AA188B2F842209142B1D09042AFD0BF
:1061B0001A685B68FFF736FE0028A9D1E4E795F975
:1061C0001920297EFFF778FF3046FAF721FEA5E770
:1061D0000126DAE70032002070B50646807C2A4CA2
:1061E00058B1022840D8D4F890319A7E6FF341021A
:1061F0009A76BDE87040FEF715BCD4F89011234D97
:10620000CB88A5F844303388A5F842308B882B80A2
:10621000D6E90223C1E9022394F8D03185F8403051
:106220000B7E08700133DBB20F2B28BF0F23487E93
:106230006B74FEF747F9D4F8900196F91120317C80
:10624000FFF73AFF452384F8D0312423263584F81C
:1062500000320F4BC4F8D851C4F8E03104F5E470B3
:10626000BDE8704030F0ACB894F801320133DBB2D5
:10627000012B84F80132B6D804F5E47030F04EF802
:10628000232384F8003270BDE03C0020003200205F
:10629000655200012DE9F84F0746494E087E9DF8EA
:1062A000289015469A468846FFF7D2FE96F8383071
:1062B00095F801B0044613B91BF0180F2ED0B8F8AA
:1062C0001600FEF781FD0146002865D0FAF7DCF9DB
:1062D0001BF0180F04463B4A10D0D2F8F4303A486D
:1062E000CB1ADB104343D2F8FC0000EBC3008479E7
:1062F00014F0070402D10020BDE8F88FD2F8F43082
:10630000C91A314BC9104B43D2F8FC1001EBC30141
:106310008B79C3F3C2039C42B8BF1C4696F83E304B
:10632000A342E8D96B79A978B8881C44A4B2FE2CA2
:1063300028BFFE24FAF726FB002833D14846FBF796
:10634000D3FD0028D7D043786AF3461343702A79E7
:10635000EB7843EA022303813B797A7943EA02230B
:106360008380AB788372BB79013BC372FB79437343
:1063700089F001035B42C370B9F1000F10D096F8A9
:106380003C305B00FF2B28BFFF23DBB2037384701C
:10639000B8F81630C380AFE71BF0180FBED0AAE7DD
:1063A0000123F3E74378C3F341135345A3D1B5F871
:1063B000032003899A429ED18378A342E7D89AE7C3
:1063C00000320020E03C0020CDCCCCCC012B2DE9CC
:1063D000F34106460F461546984611D0224BB2F8B7
:1063E0000300B3F84230834211D0FEF7EDFC38B120
:1063F000047804F0FB04012C02D14378022B07D06F
:10640000B379012B29D8002002B0BDE8F081012426
:106410002A460094434639463046FFF73BFF05467F
:106420000028F0D0104B93F838302BB18378FA8ADB
:10643000B0880021FAF73FFB8CB16B7843F004037E
:106440006B700A4B93F8A422002ADCD1932283F8C4
:10645000A4220520FAF74AFDD5E70024D8E7214613
:106460002846FAF779FDCEE700320020E03C002014
:106470002DE9F341537D052B0D4617465DD9424B5F
:1064800093F83630022B58D04B781669D80607D5CA
:10649000137D0F2B51D98A68CB688888FFF7C2FC1F
:1064A000737813F040046CD1C3F3C102002A48D0C2
:1064B000022A42D8B6F803204FF6F7739A423CD925
:1064C00000942346324639462846FFF7E3FE8046CD
:1064D00098B32146A888FAF7C9FA0446002849D19A
:1064E000FAF79EFA0379044623F0280343F02803C1
:1064F00003711420FAF7FAFCAB882380FB8A6380CF
:106500007378227903F01803A3F110014B424B4139
:1065100042F0040263F34102227198F8012063F310
:10652000041298F8023088F80120A37198F80B3013
:106530001BB100214046FAF70FFD002002B0BDE874
:10654000F081B6F803004FF6F7729042F5D899063D
:1065500008D57B7D0D2BF0D9D6F80620D6F80A3069
:10656000FFF760FC022332463946284602B0BDE8F8
:10657000F0412BE703795A07B6D543F008030371BE
:10658000BAE70123EFE700BF003200200048704760
:10659000D43D0020064AD2F8F430C01A054BC01092
:1065A0004343D2F8FC0000EBC3000079704700BF02
:1065B000E03C0020CDCCCCCC064AD2F8F430C01A56
:1065C000054BC0104343D2F8FC0000EBC30090F928
:1065D00005007047E03C0020CDCCCCCC10B5144673
:1065E000FFF70AFC034630B1817EC1F3001014B1FD
:1065F00041F01001997610BD40B1431E0D2B4FF0B4
:10660000010398BF83403C20584370470A207047DD
:106610002DE9F047B04D95F83C1071298CB0044637
:1066200040F069811021ADF8241000210B9190F801
:106630002C10066B0A900E2940F2818031780029D7
:106640007DD1D6F80310D6F8070011F1FF3240F1E2
:10665000FF334FF0FF316FF00200994208BF9042C4
:106660006DD3AF6B2FB99D4B43F2DA021A803FF026
:10667000CFFD97F825C097F8263063450BD9BA6A45
:1066800002EB0C13002A40F0A480944B43F2DB028F
:106690001A803FF0ABFD7378914E96F83B20B2EB39
:1066A000131F4CD196F83A2003F00F03934246D1C2
:1066B00009A91E203AF062FC0B9B002B3FD104A9D4
:1066C0003E20276B36F092FF06A9332036F08EFF6E
:1066D000DDE9062312F1FF31009143F1FF31019111
:1066E000DDE900894FF0FF316FF00200494508BF36
:1066F000404507D3D7F80710D7F803008B4208BFEF
:1067000082421CD10DF10F01182036F06FFF9DF869
:106710000F3043B106A9172036F068FFA289BDF8F3
:1067200018309A420BD196F83630022B56D19DF88C
:106730001130002B57D197F90230002B53DB0CB0EE
:10674000BDE8F087D6F807905168D6F80380106846
:10675000894508BF804510D194F91F100029B178F0
:10676000B8BF82F80DA0480748BF82F80EA00906FE
:1067700048BF82F80FA04FF0010E10329342E1D8CB
:10678000BEF1000F87D1227E1A72A27FC2F30302EC
:10679000DA72A27FC2F303121A73E27FD6F80310F3
:1067A000D2095A73D6F807205A60B2781960C2F33A
:1067B0008001D209DA7372789973C2F303025A72B4
:1067C00072780CF1010CC2F303129A7287F825C09B
:1067D00061E74FF0000E4FF0010ACFE7012B02D125
:1067E000BB785807ABD5002706A93E20D4F83090D7
:1067F000D5F8F4808DF8107036F0F8FED5F8F8C0B2
:1068000098F80030062B6FD0228AB8F804309A42EC
:106810006BD1D8E90423D9F80710D9F803008B42CB
:1068200008BF824261D1E04563D24746D5F8F430D3
:106830002C4AE17FFB1ADB105343D5F8FC2002EB16
:10684000C3083B78062B04BF03233B7081F0400351
:10685000C3F380137B70BB7803F0300343F00A036B
:10686000BB70237EFB70238ABB80A389FB80002240
:106870000023C7E90223D9F80320D9F80730C7E974
:10688000042399F80230C3F3C3033B7699F80E3022
:106890007B76BB7E96F85C00C90961F3410303F087
:1068A000FA0343F001030022BB76BA83FFF7A4FE8C
:1068B000386298F8063062F3861388F8063099F843
:1068C0000230590744D596F83620012A40D1BB7EC4
:1068D00043F00403BB7645E0E03C0020EC330020AD
:1068E00000320020CDCCCCCC474608F12808E0454A
:1068F00086D3002F9AD195F81033272B7FF41FAF42
:106900002B785B067FF51BAF2A4BA189B3F8442097
:1069100091427FF414AF94F82C100E290BD9216BFF
:10692000D1F80360D1F80770D3E912018F4208BF94
:1069300086423FF404AFB3F84210DB88994228D076
:106940001D491E48FBF750F8512385F81033F6E631
:1069500096F83620022A05D11A06B8D49DF81930C7
:10696000002BB4D13846FAF753FAE17E94F91D2092
:106970003846FFF785FB98F806306FF3020388F876
:10698000063004A901234A208DF810303AF0F6FAB7
:10699000B1E795F86833FB2B7FF4D1AE013208499B
:1069A0000848A5F86A23FBF71FF8832385F86833A6
:1069B000C5E600BF0032002031150001F43F002081
:1069C00039450001504000202DE9F0410E460746B0
:1069D0009046FEF7F9F93149B0B9D1E93D45234672
:1069E0001A78062A11D02833AB42F9D3B8F1000F38
:1069F00005D02378032B09D02834A542F9D8BDE867
:106A0000F0810022002321E003461C46D1F8F45017
:106A1000234B651BED105D43D1F8FC3003EBC5053E
:106A200040F203132380A37803F0300343F00A03FA
:106A3000E11C1620A37036F0D9FDA780A11D1720F8
:106A400036F0D4FD002EDCD0D6E90023C4E90223C1
:106A500004F110010C2036F0C9FD124E01232376FB
:106A6000337E6376A37E23F0070343F00703A37608
:106A70002046FAF7CDF90022FF212046FFF700FB60
:106A8000AB7996F85C0000226FF30203AB71A2832E
:106A9000FFF7B2FDC4E908022046B0E7E03C002061
:106AA000CDCCCCCC003200202DE9F0418B79012BEC
:106AB0000F46904636D1254E347814F0080410D095
:106AC000536818685968FFF797F9044658B3037874
:106AD000012B06D1D6F8485496F84424002393425B
:106AE00001D100201FE02978F9B101331835DBB25C
:106AF000F5E7C1236B707A793B7943EA02236B8017
:106B0000D8F804301A685B68C5E9022373782B74DF
:106B1000B378C3F300036B7401232B701320FAF7CF
:106B2000E5FCDEE70120BDE8F081D8F81060707860
:106B30000E28DED8FFF760FD20622046FAF768F9DC
:106B4000B37803F00103A383D5E700BFE03C002046
:106B500016481749D0F8F43070B510220C460025BD
:106B6000013A92B20D804D600831002AF8D1D0F878
:106B7000F8004BF6DD751A7802F0FB02012A11D1FC
:106B80005A78022A0ED1998805FB01F2C2F303322A
:106B900034F83260314324F8321004EBC2025168F9
:106BA0005962536028339842E5D870BDE03C00201C
:106BB0003841002007B501238DF80730037803F032
:106BC000FB03012B1ED14278022A0F4A14D192F8FE
:106BD000281041F0800182F828100622027000225D
:106BE00042620BB1FFF7B4FF0DF107014B203AF001
:106BF000C5F903B05DF804FB92F8283043F00403B4
:106C000082F828300023E8E70032002038B5B0F1E0
:106C10002805044607D1144B43F246021A80BDE80A
:106C200038403FF0E3BA10F8283C052B03D00E4B58
:106C300043F24702F2E750E90401FFF7DDF870B1D3
:106C400014F8063C4BB9237D3BB9022304F8283CD9
:106C50000B20BDE83840FAF749B9FFF7ABFF2846EB
:106C6000BDE83840FAF794BDEC330020F8B5224F68
:106C7000D7F8F440054600262378062B18D0012BC0
:106C800030D195F842305BB1D5E90201D4E9022355
:106C9000994208BF904203D12046FFF78BFF07E0DF
:106CA000164B93F8373003B36378022B08BF2646A0
:106CB000D7F8F8302834A342DED8C6B1B3882B8287
:106CC000D6E90223C5E90223B37E13F0010308BF0E
:106CD0000523AB74152385F841300720BDE8F84043
:106CE000FAF704BC052BE3D1D6E72646E0E72846B1
:106CF000BDE8F840FBF70ABAE03C00200032002073
:106D00000B48836F30B4D3E9024554EA050207D03B
:106D1000192280F8B92030BC19770C20FAF7E6B8B0
:106D200090F8BA30013380F8BA3030BC78309DE743
:106D3000E03C002073B544682378042B0E4605D050
:106D4000174B43F245021A803FF062FAD4E9020180
:106D5000FFF752F80546D0B1237D3BB9DEB90323D6
:106D600023700B20FAF7C2F802B070BD022B12D1CB
:106D70000022002369462A20CDE9002336F036FCA4
:106D8000DDE90023013308BFB2F1FF3F03D0204605
:106D9000FAF7FEFCE8E72846FFF70CFFF7E700BF2D
:106DA000EC33002073B5464C94F8B90011280FD18C
:106DB0002378A56FDB0777D56B7D7BB12A8A4FF6E9
:106DC000F7739A420AD8172384F8B930FAF78EFB82
:106DD00094F8B930192B46D002B070BDD5E9022322
:106DE0001343384E4DD005F108002AF0A5FD0028C8
:106DF00047D18DF807000DF107015C2036F0F6FB56
:106E000096F83630012B3AD8D5E90201FEF7F4FFA7
:106E100020B30378012B04D09DF80720A2B9022BE0
:106E200012D18388A4F88830D0E90223C4E9202352
:106E3000837E13F0010308BF052384F88A301523ED
:106E400084F8B9300720C1E7052B18D1FFF7B2FE4F
:106E5000192384F8B93000232B77B9E7C823192206
:106E600084F8B9202B7718483EF05AFB83691C3010
:106E70009847A36FEBB9E62384F8B930ACE7C22397
:106E8000EDE796F83630022B0AD0EB7C43B1F123C4
:106E900023700D48002384F8BA30FFF7E7FE97E728
:106EA0000948FBF733F993E7192384F8B930C22373
:106EB000D8E711230C2084F8B930FAF717F88BE7DC
:106EC000E03C002000320020583D00208188134A19
:106ED0004BF6DD734B43C3F3033310B432F8334046
:106EE000214322F83310416ADB0019B9D1184968EF
:106EF000814202D1D118496831B913445A684262BB
:106F000058605DF8044B7047496A11B18142FBD16A
:106F1000F7E75DF8044BFFF71BBE00BF38410020C8
:106F20002DE9F04F8BB098469DF858300793924664
:106F30009D4B179A0025CDE90201D3F8F410157086
:106F4000D3F8FC200692D3F8F8E0D3F8F4208DF8BB
:106F5000265005922E462C46A9462F460B78062B26
:106F6000184645D0DDE902BCD1E90223634508BFDC
:106F70005A4500F0FB0B08BF0C46BBF1010F1CD1BA
:106F80004B78022B0BBF01360135F6B2EDB228313A
:106F90008E45E3D829463046FCF762FB002C40F0D2
:106FA000BC802A463146C8F34000F9F783FB28B37A
:106FB000002420460BB0BDE8F08FB9F1000F1BD0C4
:106FC000059B7A4A0698CB1ADB10534300EBC303A8
:106FD00005981B79A9EB000B4FEAEB0B069802FB17
:106FE0000BF200EBC2021279934238BF8946CEE71A
:106FF000002F08BF0F46CAE78946C8E71FB9B9F195
:10700000000FD5D04F46DDE902235146C8F34000BA
:10701000FDF74AFF4FF6F773984208F002048146E5
:10702000C6D8002C76D00135EDB229463046FCF7A3
:1070300017FBDDE90234C7E90234BB7EA7F80490F0
:107040006FF30413BB760DF1260101234A208DF85E
:10705000263039F093FF3C46012323700DF12701C0
:10706000292036F0C3FA9DF827300BB10523237091
:1070700018F0020F00F08A800122627084F802800A
:107080004B4B93F84010E170B3F84410E180D3E922
:107090001201C4E90401597CA0780E299CBF01317A
:1070A000C9B22176197E6176A17EC0F3C00060F37B
:1070B000000101F0F901A176002193F85C00A183A1
:1070C000FFF79AFA022AC4E9080102D12046FFF725
:1070D000FDFE3549354AD1F8F430E31ADB105A4346
:1070E000D1F8FC309DF8501003EBC20320469A798A
:1070F00022F047029A719DF95420FEF7C1FF204605
:10710000F9F786FE0023A0880093D4E90223F9F75B
:10711000CBFD4EE70136F6B287E7237803F0FB0399
:10712000012B27D02A463146C8F34000F9F7C2FAAE
:1071300000287FF43DAF18F0020F15BF013501366E
:10714000EDB2F6B229463046FCF78AFAA37E6FF319
:107150000413A376164B93F83930002B3FF47CAF21
:10716000A388A4F804A053451EBFA37E6FF30413A5
:10717000A37671E7A388534504D1A2785FFA88F318
:107180009A42E7D0179A0223137012E7079B022254
:10719000627023B99DF82630002B3FF471AF84F85C
:1071A000028002226CE700BFE03C0020CDCCCCCCBA
:1071B00000320020F0B5224B1B781B0787B0054634
:1071C00036D5204B027A1B7CC2F38012C3F38013A6
:1071D0009A422DD10022D0E90001FAF733F9044692
:1071E00030B30DF11703039395F90A30019301268B
:1071F0006B7A0093002702962B7A8DF817704FF662
:10720000FF72D5E90001FFF78BFE98B1838884F8FF
:10721000227023842B7A6370D5E90023C4E9062306
:10722000094B636204F108002FF07BF805232370FB
:1072300007B0F0BD84F822604FF6FF73E9E700BFA6
:10724000E03C0020003200200D6C00012DE9F047E9
:10725000002388B090460022CDE906234B788A7936
:1072600013F0080F01F110060ABF374601F11807A5
:1072700001F10806012A0D4603D0012008B0BDE83F
:10728000F0873A4B197C7B78C1F38011C3F38013EC
:10729000994269D1364B1B781907EED53068716871
:1072A000FAF7D0F804460028E7D06B789B0712D491
:1072B00006A92A2036F09AF9DDE90623013308BF32
:1072C000B2F1FF3F07D12B796A7943EA0223238287
:1072D0000223237522E00DF1170303936B78C3F3A8
:1072E0004003029398F9193001934FF0000998F880
:1072F000183000938DF817907B78AA8830687168F1
:10730000FFF70EFE824650B39DF81720022A1AD1CD
:107310002B796979227543EA012323827B78637094
:107320006B78C3F3400363756A792B7943EA0223D0
:107330006382326873680125C4E902232570052041
:10734000FAF7D4F899E798F9192098F81810FEF789
:10735000B3FEBAF80430238284F81490DEE74FF6C7
:10736000FF7323820123B4E7002087E70032002067
:10737000E03C002070B51F4D86B0D5F8D842002300
:1073800005F536708DF817303EF0CAF82CB91A4B57
:1073900043F220321A803EF03BFF0DF11703228AA0
:1073A000039300260123CDE90163FF230093A37C0F
:1073B000D4E90201FFF7B4FD70B1837E43F01003FE
:1073C00083762676636953B90B4B43F221321A80D8
:1073D0003EF00CFF06B070BDC7232376F2E704F140
:1073E00018009847D5F8D832002BF3D01120F9F7C0
:1073F0007DFDEFE7E03C0020EC33002010B5D0E944
:107400000001FEF7F9FC044668B10378052B0BD1A7
:10741000012303704378022B01D1FFF757FD20466B
:10742000F9F7F6FC012010BD0020FCE7F8B51E4E70
:10743000D6F8F450074600242B7803B947B16A7890
:10744000022A05D0012B1FBF062301342B70E4B2A2
:1074500000232A886B6203F201239A4202D1284654
:10746000FFF734FDD6F8F8302835AB42E4D80F4B9F
:10747000BCB193F85020003218BF012293F82810B5
:1074800062F3820183F8281024B193F8514000344C
:1074900018BF012493F8282064F3C71283F828202A
:1074A000F8BD2246EAE700BFE03C002000320020A1
:1074B00010B5104C40F20120214636F07DF804F161
:1074C0000C014FF4817036F091F8237B226803EBB6
:1074D000830302EBC30304F1080140F2032063605D
:1074E00036F06AF804F1100037F0BCFB0120BDE86B
:1074F00010409BE7D43D002070B5694D95F8783178
:10750000542B40F0B680D5F874412CB9654B43F24A
:10751000A1021A803EF07CFE634E94F8443033742E
:10752000FCF702FA2B7894F8451096F83620C3F34E
:107530004003002937D0012A14BF002303F00103C0
:10754000B4F84620013A92B24FF6F6718A428CBFE7
:10755000002303F00103002B51D094F83830012BA5
:1075600025D15249172036F041F81620504936F0FF
:107570003DF894F8453004F108000BB1B4F84630FA
:10758000A6F8423023834B4B2362532323745923A1
:1075900085F878312EF014FF96F840102420BDE8CD
:1075A000704039F0EBBC002A18BF0023D3E7236CEE
:1075B000F3B15A1E1A421BD0E361002294F84D30F9
:1075C00084F8242084F8253096F83F3084F826305B
:1075D000102384F8273004F12803A361364B23627B
:1075E00004F108002EF0E9FE572385F8783170BDCC
:1075F00004F140012046FAF791FA5623F5E7C22339
:1076000084F84C30582385F878312C483DF088FFB9
:10761000044628B9234B43F2A2021A803EF0F8FD3B
:1076200094F83C3013B10120FFF700FF94F84C3080
:10763000ABB91E49172036F005F81D49162036F063
:1076400001F895F879312BB9FAF786FCFAF7B6FB11
:10765000FAF7CAFC012385F87931FD232B70A36C5E
:107660006BB9104B43F2A302BDE870401A803EF0A4
:10767000BDBD582BC9D00B4B43F2A402F4E704F173
:107680004C009847D5F874313BB1542385F87831D4
:107690000920BDE87040F9F729BCB723A5E700BF72
:1076A000E03C0020EC330020003200204432002077
:1076B00040320020F9370001711B0001543E0020C8
:1076C00070B5324D95F83C30702B49D1AC6B2CB96C
:1076D0002F4B43F2D2021A803EF09AFD2B789B0684
:1076E00023D594F83430261D13B10120FFF79EFEF8
:1076F000012284F82020E26AA26194F8352084F8FF
:1077000021200023234A84F8253092F83F2084F872
:1077100023306361204BE36184F8222030462EF051
:107720004CFE712385F83C3070BDC22384F82430B0
:10773000722385F83C3019483DF0F2FE044628B922
:10774000134B43F2D3021A803EF062FD236B6BB9F8
:107750000F4B43F2D402BDE870401A803EF046BDA4
:10776000722BE8D00A4B43F2D502F4E704F124006F
:107770009847AB6B3BB1702385F83C300820BDE8DF
:107780007040F9F7B3BBD623CCE700BFE03C002044
:10779000EC330020003200207D110001183D002054
:1077A00038B52E4D95F88031452B2C464ED12C4BBB
:1077B000D5F87C0193F83620012A16D12A78520791
:1077C00013D5B3F84420828193F84020827393F854
:1077D0003F30C37300230382224B436104302EF0F9
:1077E000F2FD462385F8803138BDC22380F8283069
:1077F000472384F880311C483DF092FE90F82030F9
:10780000054613B10020FFF711FE95F8283073B933
:107810002B7F052B08D094F881312BB9FAF79CFB0C
:10782000FAF7CCFAFAF7E0FB012384F881316B6AAE
:1078300005F128009847D4F87C3153B1452384F8EA
:1078400080310620BDE83840F9F750BB472BCBD13B
:10785000D1E79A2384F88031C6E700BFE03C0020DE
:1078600000320020211000015C3E002010B50F4BBB
:107870004468AA2283F852212378042B07D00C4BAA
:1078800043F24802BDE810401A803EF0AFBC41B957
:10789000D4E90201FEF7B0FA18B1228A8280FFF71C
:1078A00015FB2046BDE81040F9F772BFE03C002010
:1078B000EC330020F8B51B4C23781B0706462FD568
:1078C00094F8B033662B2BD1D0E90001FEF794FA7F
:1078D000054628B30778012F22D1F9F799FAD4F891
:1078E000F430114AEB1ADB105A43D4F8FC3003EBA6
:1078F000C20304F570709A7942F040029A71D6E999
:107900000023C4E9F223AB88A4F8D033074BC4F8B2
:10791000D43384F8D2732EF007FD6C2384F8B0338F
:10792000F8BD00BFE03C0020CDCCCCCC79070001F5
:107930000146064810B550F8744F3DF0CDFD24B90E
:107940001520BDE81040F9F7D1BA10BDE03C002089
:107950008038F9F705BE13B590F824308DF8033060
:1079600090F8343004469BB991B1A0F183030193A0
:107970000198A16A9DF803203FF0D6FC019B236685
:107980009DF8033084F88130A4F1380002B010BDB6
:10799000A36A0193F2E707B58DF807000DF107011F
:1079A000252035F04FFE03B05DF804FB014B5876FF
:1079B000FBF78EBE0032002010B50C4C01460C487F
:1079C0003DF08AFD94F81032482B05D04A2B0BD19C
:1079D00004F50E7037F046F95D2384F81032072065
:1079E000BDE81040F9F782BA10BD00BFE03C0020AE
:1079F000F43E002038B5194C054604F11801252045
:107A000039F050FA04F12C01372039F04BFA04F127
:107A10004001002039F046FA04F14001042039F019
:107A200041FA04F14001052039F03CFA04F140012B
:107A30000E2039F037FA012323750948094C22F04A
:107A4000C1FB294608483DF047FD237C192B04D192
:107A50000020F9F74BFAC123237438BDEC2801202C
:107A600045070001E03C0020F43C002008B5074B2E
:107A700028221846002140F001F9192202708022C4
:107A800000F8102CBDE80840F9F79CBEF03C00203F
:107A900008B5F8F729FF10B14FF6FF73038008BD52
:107AA00030B5072987B013D88DF8051000239CB294
:107AB000A14205D801A9F8F72DFF002007B030BD7D
:107AC00001AC04EB430432F8135065800133EEE758
:107AD0000520F3E708B50379014673B903744FF63F
:107AE000FC73C3804FF6FE734B8205483DF0F4FCF7
:107AF0000420BDE80840F9F7F9B9D0230382F1E783
:107B0000603F00200D4890F890338A2B05D00C4B35
:107B100043F201221A803EF069BB002380F89833BB
:107B20000823A0F89C33074BC0F8A0338B2380F8C0
:107B3000903300F56570FFF7CDBF00BFE03C00203B
:107B4000EC3300202D2000017FB54FF6FE73ADF819
:107B50001630084BB3F842200DF116010023CDE991
:107B6000003102931146FDF7F5FDBDF8160007B090
:107B70005DF804FB00320020F8F79DBF07289DBF89
:107B8000024B83F8AE020020C1207047E03C002089
:107B9000F8F788BF0A4A58B10730B2F8AC32D2F8C9
:107BA000A822C3EBC3031344834204D800207047C8
:107BB000D2F8A802F1E70279D207F8D40730F3E748
:107BC000E03C0020D3B516461F46BDF81820002320
:107BD0008DF807300223037004461F4BA2BB42708E
:107BE0000276A17801F0300141F00A01A17093F80A
:107BF0004010E170D3E91201A280B3F84420E28082
:107C0000C4E90401C4E902671A7E6276A27E93F891
:107C10005C0022F0070242F00702A2760022A28353
:107C2000FEF7EAFC9DF9202020629DF81C102046FA
:107C3000FEF726FA01230DF107014A208DF80730DF
:107C400039F09CF902B0D0BD01214170597C002966
:107C500008BF01210176C4E7003200202DE9F04F72
:107C600055688BB0002D7AD00378547DC3F304039C
:107C7000DEB2023C03EB4303DBB2E4B2A3426ED8B4
:107C8000494FB7F842E000244FF6FF735FFA84FCD7
:107C900066453AD84FF6FF74A3421CBF03EB43037B
:107CA0001B18B1F8048018BFDE78137E059392F993
:107CB000193006933D4BD5F800A0D5F804B0D3E9B0
:107CC0003D434FF0000114BF06F0070607268DF86C
:107CD000271007930D462078062820D1002D08BFD5
:107CE0002546079B28349C42F5D30DB9B9B30D4600
:107CF000069B0293059B2846CDE9008352465B46CE
:107D0000FFF760FF3146284627E004EB440C84442B
:107D1000BCF801C0F44508BFA3B20134B6E7A3889C
:107D2000434520D16378022B19D00DF127015C2047
:107D300035F05CFC9DF82720237852BB012B28D11D
:107D400097F837303BB10223237097F8283043F07F
:107D5000040387F8283031462046FCF79FFF0120B6
:107D60000BB0BDE8F08FD4E902239B4508BF9245D4
:107D7000D8D000F0FB000128B3D02046F8F784FCEF
:107D8000814661B10846F8F77FFC814588BF2146EE
:107D9000A7E7033B012B9CBF02232370DBE786424E
:107DA00038BF21469DE700BF00320020E03C0020A4
:107DB0002DE9F0433A4B87B0D3E93D420025074611
:107DC0000E468DF817502378062B25D1002D08BFBD
:107DD00025462834A242F6D8002D48D03B7803F03F
:107DE0000303012B03D133691B78062B0FD07B785B
:107DF000B98896F91940307E13F0100F49D1CDE9BA
:107E000001040091002200232846FFF7DBFE002139
:107E10002846FCF743FF2AE0B7F804C0A38863456F
:107E200028D16378022B16D00DF117015C2035F0B4
:107E3000DDFB9DF8173073B92378012B0BD1194B5B
:107E400093F837203AB10322227093F8282042F0A9
:107E5000040283F828207B78DA0608D5D4E90223C7
:107E6000134304D173681A685B68C4E9022307B03E
:107E7000BDE8F0837B78DB06ABD57368D4E9028973
:107E800059681868894508BF8045A2D1A4F804C084
:107E9000EDE773681A685B680091CDE90104B3E708
:107EA000E03C0020003200202DE9F74399460B7892
:107EB0009DF8288003F00303012B07460C46164665
:107EC00046D14B789A072AD597F820100320F9F766
:107ED00033FA054600283CD00123CDE90083224631
:107EE0004B463946FAF7B6F8637898070ED42B78E4
:107EF00003F0F803C02B09D1A379012B06D9E3794C
:107F0000A288398905F13800F8F75CFC2B789907CD
:107F10002DD5284603B0BDE8F043FBF78BBE214BBF
:107F20001B789B0707D48A88F38A9A4203D131468B
:107F30002046FFF73DFF324621463069FBF722FB22
:107F4000B8F1000F01D00028BED103B0BDE8F08326
:107F50004BB163789D07F8D4E179A08803B0BDE800
:107F6000F043F8F7A5BA90F820100420AFE70D4BC6
:107F70001B789A0707D4A288F38A9A4203D1314624
:107F80002046FFF715FF23789B07284604D103B04E
:107F9000BDE8F043FAF7E4BC03B0BDE8F043FBF7FB
:107FA00023BA00BFE03C0020014B1865704700BFBA
:107FB000D80F0120014B93F8530070470032002086
:107FC000014B93F854007047003200202DE9F7432D
:107FD000474E96F82054012D0746894650D9084649
:107FE000F8F78AFD854200F28180424B6C1EE4B2B4
:107FF00093F852E0D6F82434C4EBC40203EB8203B6
:108000004FF6FF72197891B1A64509D093F801C0D7
:108010001FFA8CF1914203D2CC453CBF0A46204660
:10802000013CE4B2FF2CA3F11C03EBD10446A542B2
:108030005AD90FFA84F8D6F82424C8EBC8084FEAB6
:10804000880842440125157082F801903B68C2F807
:1080500002307B68C2F80630BB68C2F80A30FB68A1
:10806000C2F80E304846F8F747FD96F820348342B0
:1080700007460BD8D6F82434002003F8080002E0A5
:108080004FF0000032D003B0BDE8F0830FFA80F962
:10809000D6F82434C9EBC90903EB890919F1140F87
:1080A000E8D00DF103014FF4817035F09FFA01A97A
:1080B00040F21B2035F080FA9DF80320019B12FB53
:1080C00007F703EB0710174403EB07171201002112
:1080D000C9F81400C9F818703FF0D0FD14202146EB
:1080E00038F04CFF2846CEE70020CCE70446A0E756
:1080F000E03C00200032002008B5F8F7FDFC084BFA
:1081000093F820348342014607D9064B83F8520086
:10811000142038F033FF012008BD0020FCE700BF29
:10812000E03C002000320020054B93F85200054B44
:1081300093F8203498422CBF00200120704700BFE4
:1081400000320020E03C002013B5C3695C780122B6
:108150008DF8072022466FF3410229205A700DF155
:10816000070135F043FA9DF8070040B1FFF7DCFF47
:1081700028B1044B93F8530008B1C4F3400002B097
:1081800010BD00BF0032002073B5174C94F80032C8
:108190002D2B064625461CD10DF10701292035F06F
:1081A00025FA3378BBB99DF80730A3B1FFF7BCFFC0
:1081B00088B10E4BC4F8A431012384F8A03104F532
:1081C000CA707823C4F89C3136F022FD2C2384F841
:1081D000003202B070BDD5F890319A7E6FF3820202
:1081E0009A76FCF7ADFAF4E7E03C00203D48000148
:1081F000054B064A93F85230D2F82424C3EBC3034C
:1082000002EB83035878704700320020E03C0020E6
:10821000054B93F85200054BD3F82434C0EBC00053
:1082200003EB80000230704700320020E03C002069
:1082300030B591B004460D46FFF7EAFF134BA0603E
:1082400093F85330237329F06BFB206168696061F8
:1082500095F82830637606A9F8F778F99DF82C3060
:108260006269237601A801928DF8083038F0BCFAD3
:108270009DF80900F8F758FC054BE3610023A06066
:10828000A376204638F0A4FA11B030BD00320020A9
:10829000ADA0000113B51A49B1F85620B1F8583015
:1082A000ADF80630501E80B24FF6FD74A0421CD9C6
:1082B00001339BB20122ADF80420A1F856201A0424
:1082C000ADF80630A1F8583003D50021402038F031
:1082D00055FE00211F2038F051FEBDF80630013B4D
:1082E000ADF80630019802B010BD013292B21B0405
:1082F000ADF80420A1F85620EFD500214020EAE790
:1083000000320020024BD3F8560082B002B0704712
:1083100000320020044BFF2293F8521083F85220C1
:10832000142038F02BBE00BF0032002013B5114BD3
:108330000024C3F856400DF103014FF4817035F06D
:1083400055F90DF1020140F2211035F04FF901A964
:1083500040F21B2035F030F99DF802209DF80330E3
:10836000019812FB03F2120121463FF087FC02B094
:1083700010BD00BF0032002010B50D4C40F221109E
:10838000214635F033F9211D40F21A2035F014F959
:10839000084BFF2283F85220FFF7C8FF227860685D
:1083A000C2EBC20292000021BDE810403FF066BC63
:1083B0000041002000320020F0B50F4B93F852200E
:1083C000C2EBC2030D4AD2F8242402EB8302D2E9A5
:1083D00005329A4201D800200AE0D0E90067D3E9CB
:1083E0000045AF4208BFA64203D19B680B60012045
:1083F000F0BD1033EDE700BF00320020E03C00206C
:108400002DE9D04F124B93F820C4D3F82414002246
:108410004FF000084FF00009944501D1BDE8D08F1E
:108420000B781BB1D1E90534A34203D30132D2B298
:108430001C31F1E7D0E90067D3E900AB5F4508BF25
:10844000564501D01033EFE7C3E90089EEE700BFDE
:10845000E03C00207FB50E4615461946D0E90223C0
:10846000044652EA03002ED031B168468DF8085018
:10847000CDE9002309F050F95DB11549154AD1F84D
:10848000F430E31ADB105343D1F8FC2052F83330B8
:10849000E3B92378012B0DD14FF6FE73ADF8003010
:1084A000A368CDF802306946E368CDF806300320B2
:1084B00038F064FD04F1080516B12846FBF772FD9B
:1084C0002846FFF79DFF2046FEF774FB04B070BD01
:1084D000E03C0020CDCCCCCC2DE9F74F174606462A
:1084E0000D4600240DF107015C208DF8074035F0A2
:1084F0007DF87B7D012B21D933784FFA83F95A0619
:1085000003F02008C3F340164FEAD9771AD56A88DA
:108510004FF6F7739A4211D84F4B93F83620022A40
:1085200007D11A88AB889A4208D1B8F1000F67D1F9
:108530005DE093F85A40002C40F08980204603B05B
:10854000BDE8F08F6B78DB0601D40124F6E7A8685C
:10855000E968FDF751FC0446002864D00123324647
:108560001946FFF777FFB8F1000F2BD1AC88002137
:108570002046F8F797FA394AB2F8AC12D2F8A83286
:10858000C1EBC1011944187910F0010F06D0B3F8FE
:1085900002C0A44504BF6FF30000187107338B427B
:1085A000F1D3B2F8ACE3D2F8A8334FF6FF70002253
:1085B00072450AD019888C4239D11880013292B2A2
:1085C0001433F5E72046FEF7F5FA9DF80720224B15
:1085D0001AB993F83620022AB7D1AA881B889A4282
:1085E000B3D1B9F1000FB0DAB8F1000F03D1002117
:1085F000352038F0C3FC184B93F83630022B08D1E5
:10860000154B00200021C3E9120139463046FCF722
:1086100021FB114B93F83640012C96D13946304658
:10862000FCF718FB8AE7B8F1000FCED19EE7814234
:10863000C4D0B3F802A003F1040C00215145BDD011
:108640003CF802BB5C45B8D0013189B2F6E7B8F11D
:10865000000FDED1CBE700BF00320020E03C00205D
:1086600070B5134D134ED5F8F4402178062913D078
:10867000D5F8F430D5F8FC20E31ADB10734302EB95
:10868000C3031A6872B9481E41424FF000034141CA
:108690001A462046FFF7DEFED5F8F83028349C4213
:1086A000E3D370BD013A1A60002AF5D1EBE700BFB1
:1086B000E03C0020CDCCCCCC07B529200DF1070142
:1086C00034F094FF9DF8070028B1054B93F8530050
:1086D00008B193F8540000F0010003B05DF804FB0A
:1086E000003200202DE9F743044628B1D0F8983035
:1086F00013B190F8B93043B9B94B43F2B0121A80B4
:108700003DF074FD03B0BDE8F083B64A90F8BF7049
:108710001D2380F8963092F83C305B0080F893304F
:10872000904667B190F8B830B0F8B400022B14D17D
:10873000B2F84230834202D0F7F760FE0746AA4BF8
:1087400084F8BF701B78DB0710D457B1002384F87E
:10875000BF302046FCF7CCFAD4E7FF21FBF7EAFD57
:10876000ECE7C2212046F8F7C3FFCBE794F8B83016
:10877000012B59D0022B03D0994B43F2B112BEE723
:10878000B4F8B4204FF6F7739A4250D8002FDDD1D9
:108790000DF107014FF498708DF8077034F026FF43
:1087A0009DF80750002D3DD0B4F8B46039463046EE
:1087B000F8F75CF9B0BB3046F8F796F890B341880B
:1087C00071B3CBB25E1CD4F898207600F6B2921B3F
:1087D00003F1FF3C137082F801C09BB2043000BF6C
:1087E0001FFA87FC9C4513D30836F6B22F464B1C64
:1087F00084F89330202384F8963094F8C030C3B1C5
:10880000B4F8B6204FF6F7739A4212D9C121A9E7FE
:1088100002EB470C30F817E0ACF802E00137DFE775
:108820000826E4E70826E8E709260027E5E7082602
:10883000FBE7D4F89850C6F100094D4400232B8083
:1088400098F83B202B7862F385032B702A684FF64B
:10885000FC53134043F400732B6094F8C030002B9A
:108860005AD0B4F8B630AB8094F8C130EB7198F8B8
:108870003C305B00FF2B28BFFF23AB7198F83630EC
:10888000022B53D198F85B20003218BF01226B787D
:1088900062F3451367F382036B70FFF70DFF94F8E3
:1088A000973018B194F8BD20002A41D16A786FF34F
:1088B00041026A706FF3410384F89730B4F8B43022
:1088C0006B8094F8BA30002B3AD0AB7194F8B83082
:1088D000012B3FF446AF6B786FF300036B70B4F875
:1088E000B4304FF6F77293424AD90832934203D01C
:1088F00005339BB2022B89D81E2384F8963094F856
:10890000C03073B394F8C110B4F8B600F8F77AFF2A
:1089100002282AD1D22125E7B8F84230AB8098F856
:1089200012300133DBB288F812309FE70022AEE745
:10893000B4F8BE20003218BF012262F34103BBE746
:1089400098F83C30AA795B00FF2B28BFFF23DBB2ED
:108950009A42BBD0224B43F2B7121A803DF046FC3C
:10896000B4E7E979B8F84200D0E7AB79012B07D931
:10897000B8F84220EB79114604F14000F7F722FFE6
:1089800094F896301D2B07D194F8BC3023B12B7886
:10899000012262F387132B700023E36484F84830CC
:1089A000C4E91433A4F84430B8F84230A4F8903045
:1089B00094F8B930E4601E44D4F8983084F83860F4
:1089C0004B44636209493D2038F06CFA94F8BF309B
:1089D000002B7FF4BEAE04F10800F8F765FD91E6C8
:1089E000EC33002000320020E03C0020EC28012085
:1089F00043789B0710B5044606D5094B93F83630EB
:108A0000022B06D1002010BDFFF756FE0028F4D03F
:108A1000F8E7A079012894BF00200120F3E700BF08
:108A20000032002013B504460DF1070140F2211079
:108A300034F0DCFD9DF80730A34225BF034B002036
:108A4000C12083F8204402B010BD00BFE03C0020EC
:108A5000036801330ED041780378074A43EA0123C3
:108A6000A2F856308378C17843EA0123A2F858303F
:108A700000207047C1207047003200207FB51446A7
:108A800002AA05460E46FBF7A3F8029B1BBB002279
:108A90000023CDE9022302A901AA2846FBF798F892
:108AA0000199D9B9FFF7A4FBA8420BD2FFF72AFC22
:108AB000002804DA002302A80293FFF7C9FF284622
:108AC000FFF71AFB2368002B03DA0021402038F05F
:108AD00055FA04B070BD22689A60E3E7D6E9002336
:108AE000C1E9002323688B60DCE710B5074C014621
:108AF00020463CF0F1FC23799A2B06D145232371C3
:108B00000620BDE81040F8F7F1B910BD5C3E00202A
:108B100038B50A4B1B78802B09D0094D142400BFAF
:108B200055F8043B2BB9013C14F0FF04F8D10020A8
:108B300003E098470028F6D1012038BDE03C002032
:108B4000D0A8030110B50C46FFF7E2FF237880F0B0
:108B500001001840207010BD08B5074B93F836305F
:108B6000022B07D0F9F7F8F9F9F728F9BDE8084022
:108B7000F9F73ABA08BD00BF00320020034BD3E931
:108B80001223134314BF012000207047003200203D
:108B900008B5014608483CF09FFC084B93F8E822D2
:108BA000312A07D1A32283F8E8220120BDE808403A
:108BB000F8F79CB908BD00BFCC3F0020E03C002086
:108BC00037B5C37C027805462BB1D0E90201FCF72A
:108BD0000BF803B030BD022A27D10089FCF7F4F866
:108BE00004460028F5D00DF10601232034F0FEFCE8
:108BF00095F91220297C2046FDF75EFABDF8063073
:108C0000DB0702D52046F8F703F90B4AD2F8F43017
:108C1000E41A0A4BE4106343D2F8FC4004EBC304AB
:108C2000A37943F04003A371D3E7032AD1D1D0E95C
:108C30000201FDF7E1F8D3E7E03C0020CDCCCCCC3D
:108C4000704710B5184C217A60680B460133DBB2CF
:108C5000182B28BF002320FA03F2D2071FD50122C8
:108C60009A4042406260114A237202EB8303D3F8B8
:108C7000943298476368ABB10D4C23881B0711D41D
:108C800031F0CAF8238843F00803238031F0D4F888
:108C9000084B09481B68BDE810401B6918479942FA
:108CA000D4D1E7E710BD00BFE03C00208CA6030153
:108CB0005E130120503800205438002013B50A4BB1
:108CC0004FF4806093F83C4028F044FE074B93F843
:108CD00032301844444301A9342034F087FC019811
:108CE00004EB400002B010BD0032002038310020FB
:108CF00013B5114C00234FF4800084F82834C4F8D5
:108D00002C34F7F789FF04F5866035F0ABFF0123BB
:108D100084F83C3401A9094BC4F84034352034F0C0
:108D200065FCFFF7CBFF019BFA3003EB4003C4F86F
:108D3000383402B010BD00BFE03C00202912000111
:108D40002DE9F7430778E54C002F40F04D82E44EC3
:108D500096F836204FF6FF7333800123002A40F047
:108D60004D8277740025DF4986F85B30222034F08D
:108D70003DFC756075803EF02BFF01233583B37693
:108D8000B074FFF7F9FAFEF793FBFAF7CDFDFAF7A7
:108D9000BBFCD5493D2038F085F8D349502038F048
:108DA00081F8D149512038F07DF8FBF7AFFECF486C
:108DB00084F8505035F056FF2023E365CC4B84F8FF
:108DC00060500820C4E91935F7F726FF41234FF416
:108DD000804084F84C302564A564F7F71DFFC54931
:108DE0004FF4847034F002FCC34940F2062034F0A2
:108DF000E3FB94F87020E16EA8464FF4A470EBB248
:108E00009A4200F200824FF40010C4F87480F7F721
:108E100003FFDA234FF4806084F80032C4F88881BD
:108E2000F7F7FAFEB54884F80182C4E9638835F0A3
:108E300019FFB7234FF4007084F87831C4F87481B7
:108E4000F7F7EAFED6234FF4807084F83C3084F8BC
:108E50007981C4F83880F7F7DFFE9A23402084F840
:108E60008031C4F87C81F7F7D7FE0DF1030140F2A1
:108E70000D1084F88181CDF804808DF8038034F0E2
:108E8000B5FB01A94FF4037034F096FB9DF8032065
:108E9000019BC4F8E0307F2A28BF7F2284F8E420B9
:108EA000002503EBC202934240F0B381944884F85A
:108EB000E5504FF048093EF07BF84A4600219148C2
:108EC0003EF0DCFEE62384F8B9303123A4F8E83222
:108ED0008D4BC4F80833022384F8F832C4F8EC52FE
:108EE000F8F75AFD89494FF4857034F07FFB8849C3
:108EF00040F2092034F060FBB4F8AC22D4F8A802A8
:108F0000C2EBC20200214FF001083EF0B7FE84F828
:108F1000AE82F8F79BFE1020C4F88052F7F77CFE73
:108F20003EF056FE01A986F835004FF48A7084F8A9
:108F3000845234F05BFB84F87C52F8F77DFE754870
:108F400084F87C5235F08EFE3EF042FE41F64C52E3
:108F500080B2B0FBF2F302FB130312FA83F3C4F8FE
:108F600058326D4BC4F86032019B6C49C4F86C32C6
:108F70001E206B4BC4F8743284F85C8284F87082D3
:108F800084F87A52A4F8785237F08CFF6548664E20
:108F900035F068FE4022002164483EF06FFE8020DC
:108FA00084F81092F7F738FE614BC4F80852314646
:108FB00040F209107560C4F8483284F8448234F0F5
:108FC00015FB311D40F2072034F0F6FA94F8082220
:108FD000D4F80C02920100213EF050FE13234FF40E
:108FE000005084F8C430C4F8C050F7F715FE06F5F9
:108FF000A07035F037FE3022002106F598703EF063
:109000003DFE92232422002106F5847084F8383333
:109010003EF034FE27232822002106F5B07084F8A4
:1090200010333EF02BFEFB2384F868337823402274
:109030000021A4F8D432A6F1F0003E4BC4F8C032AF
:10904000C4F8B8523EF01AFEAA23042084F8523124
:10905000F7F7E2FD14220021A6F1B0003EF00EFE6B
:1090600001A94FF498708DF8045034F0BFFA9DF8C0
:10907000043053B1F8F742FE1822002106F5C470FF
:109080003EF0FCFD892384F8903300258E234FF4B5
:10909000004084F87031C4F86C51F7F7BDFD2E2301
:1090A0004FF4803084F8B432C4F8B052F7F7B4FD0E
:1090B000214940F2031034F099FA204940F205208A
:1090C00034F07AFAB4F8AC33D4F8A80314225A4333
:1090D000FF213EF0D3FD4FF4003031E0E03C0020B2
:1090E000003200205C32002040290120343D002065
:1090F0009D940001503D00204C3D0020743E002016
:10910000A83D0020583D0020BD2600018C3F0020D6
:10911000883F0020443F0020D11D00015429012038
:109120005D350001183F0020E83E0020F03E0020A1
:109130007D0C0001A50B00018C4000208840002020
:10914000A4F8AE53C4F8D852F7F766FD66234FF47F
:10915000802084F8B033C4F8B453F7F75DFD1623CC
:109160004FF4002084F8F033C4F8F453F7F754FDBB
:109170004FF48010F7F750FD2A4940F2212034F0D7
:109180001BFA29494FF48B7034F030FA94F8E0322E
:10919000D4F8DC12082B28BF082384F8E0322E46CE
:1091A000EAB2934239D8214DFFF7A2FD294640F299
:1091B0002F10C5E9006634F019FA291D40F223206A
:1091C00034F0FAF94FF40000F7F726FD2A786868C2
:1091D00002EB4202D20000213EF050FDFBF7F2F814
:1091E000F8F7F0FA36232370636900201F72F7F74F
:1091F0007DFEC223237403B0BDE8F0837374931E15
:1092000018BF0123AEE500FB05F3013501F803802B
:10921000F5E5DD705D60083345E641F83560013500
:10922000BEE700BFBC3F0020C03F0020244100201B
:10923000F0B58BB004464D690E46FEF7D9FF607756
:10924000FEF7E6FF0127A060A777FFF723F8114B91
:10925000A06193F8533084F8213084F8227028F00C
:109260005FFB7369E060236196F8283084F8203052
:1092700069462846F7F76AF99DF81430E377064BFC
:1092800063616B7843F002036B70204637F09DFA00
:109290000BB0F0BD00320020F935000108B590F8A0
:1092A0008F30DB0710D5C3695B7813F0020F00F134
:1092B000080100F1500003D0BDE80840FEF7B8BF38
:1092C000BDE80840FFF7B4BF094B028CB3F8443047
:1092D0009A4204D10830BDE808402DF07AB8014622
:1092E00004483CF0F9F80320BDE80840F7F7FEBD5C
:1092F00000320020243D00202DE9F8430B460446AF
:1093000011464FF6FF76042B00F2B080DFE803F041
:1093100003AE3D72260094F88E300D2B0AD163689F
:1093200094F88D209B789A427CD92046BDE8F8437A
:10933000F9F76CBF012B75D1574B93F85321002AD5
:1093400070D0E269B3F85051508A85426AD1527C9C
:109350000D2A67D1002283F85321E6E7D4F81C8058
:1093600098F80130DB0710D4B8F802204FF6FF73ED
:109370009A420AD104F138056B6943B9274600BF08
:1093800095F80490B9F1000F03D0BDE8F8831D46AD
:10939000F2E7B8F80410E868F7F75AF9E86030B374
:1093A0000220F7F7A9FF06460028E9D090222146BF
:1093B0003EF0A6FBA6F1660394F83020E16918465A
:1093C0003EF09EFB06F13803F061BB64EB689B88BE
:1093D000338538370523C6E9129786F83230304690
:1093E000FFF75CFF2B7A01332B723746C8E7012366
:1093F0002B71C5E7E36904F138056A69B2B95A7897
:10940000D70733D45A88B24230D12A7982B99988A1
:10941000E868F7F71DF9E86050B1838823850523D4
:1094200084F832302046BDE8F84337E71546E4E7D4
:10943000E36C01222A71BBB1A26C1A61A26C02B169
:109440005361A4F18000F8F78BF82B7A013B2B7263
:109450002B7A002B99D16B79002B96D0A5F138048B
:10946000012315F8151C4EE76A71F1E7E3695B7893
:1094700098077FF55AAF94F88F309A077FF555AF6C
:109480006FF3000384F88F3004F1080104F15000F9
:10949000BDE8F843FEF7CCBEE03C0020F8B5134D24
:1094A0000023AC6E85F8503005F1680763892668A3
:1094B0007BB10122013B85F8502063813446002EA8
:1094C000F4D195F8503083B90948BDE8F84035F03B
:1094D000C9BB214638463CF029F814F8152C617AAE
:1094E000A4F13800FFF708FFE8E7F8BDE03C0020F2
:1094F000343D002010B590F88F3090F88E2061F345
:10950000000380F88F300A4B03EB021300211B7815
:1095100080F83F100446A0F8421080F83E30383002
:10952000FCF71AFAE82201462046BDE81040E3E6BF
:109530008CA6030130B504468BB00D4619B36946BD
:10954000C069F7F703F8049B606C5B88228DB4F860
:109550008810F7F739FB6064A8B1E269537843F0EB
:109560000203537094F88F3043F0020384F88F3075
:10957000838823852046FEF7E7FD01462046FFF756
:10958000B9FF0BB030BD94F88E30102B03D12946B3
:109590002046F9F795FFA4F18000F7F7E1FFF0E727
:1095A00038B5324B93F8B422D3F8B042F62A1D46B0
:1095B0002DD194F88E200F2A2ED01B2A2CD0F721E3
:1095C000E26983F8B4122A4B9088B3F842308342A0
:1095D00013D0FBF7F9FBF8B1037803F0FB03012B81
:1095E0001AD14378022B17D1D0E90223C4E91423FE
:1095F0000F20BDE83840F7F779BF28F091F9D0E99E
:109600000023C4E9142395F8B432F72BF0D095F871
:10961000B432F92B29D102E0F92385F8B432154888
:109620003BF07EFFE36900215888F7F71FFA38B155
:10963000037903F00602042A04BF6FF3C303037126
:109640002046FEF781FD01462046FFF753FFD5F87F
:10965000B0323BB1F62385F8B4321020BDE8384073
:10966000F7F744BC2E2385F8B43238BDE03C002027
:1096700000320020903F00202DE9F04107460120F4
:1096800088461646F7F738FE0446F0B140F202234A
:1096900083840F4BB3F8443003844FF6FE73038585
:1096A00000250C4B8361314680F83250C04784F866
:1096B0008E70204674616660FEF746FD01462046C6
:1096C000FFF718FF2846BDE8F0810120FBE700BF47
:1096D00000320020C197000170B5234D234ED5F80C
:1096E0009C421A2285F8A422237843B9D5F8A032E7
:1096F0001834A342F8D8002385F8A4321EE063781A
:10970000DA0721D513F0600F03F0020317D1002B05
:1097100014BF0C200E2016492246FFF7ADFF6378D8
:1097200060F30003D90763700ED5206920B10423CC
:109730004374C368103098470023237070BD002B1A
:1097400014BF0B200D20E6E763785A07CED52246DA
:1097500031460A20FFF790FF637860F3820363705D
:109760005B07C3D5EAE700BFE03C0020595C00017D
:109770007D56000138B50546044615F86039CBB969
:1097800050F8441C40888A8890420FD014F82E3C30
:1097900024F8380C43F0010304F82E3C2846FEF769
:1097A000D3FC01462846BDE83840A3E6228D49880F
:1097B000F7F774FF21782846BDE83840F9F726BD51
:1097C00038B5411C0446A0F122051630FCF7C4F858
:1097D000627801462846BDE838408DE57FB5694886
:1097E0003BF09EFE0446002800F0B88040F20223C1
:1097F0008384654B90F88E20B3F8443003844FF691
:10980000FE730385002380F83230604B8361604B28
:1098100003EB02135B6803B1984794F83030742B64
:1098200000F29780228DE5694FF6FE739A422DD1A2
:1098300094F88B606B78B4F88820A98868880296C1
:1098400004F1280601962E7A06F0030606F1FF3C85
:10985000DCF1000646EB0C0603F001030096FBF773
:1098600079FFC0F3072384F88A0084F88B30C0F3B3
:109870000743C0B284F88C300A287CD8DFE800F0B7
:109880001E7D49505050505009095500092384F855
:109890008A3094F88E30112B08D1022384F88A3054
:1098A00094F8323043F0010384F832302046FEF75A
:1098B0004BFC01462046FFF71DFE1FE02B7813F0FE
:1098C000C00F5AD0062384F88A306B7813F0010356
:1098D00008BF022384F85430AB78EA7843EA0223C5
:1098E000A4F85630AB7984F85830002384F8593006
:1098F000284BE36504F15000FEF7ECF8264B1A6C98
:109900000AB95B6CDBB3032004B0BDE87040F7F725
:10991000EDBA94F8323043F0050384F83230B8E7FA
:1099200094F8323043F00103F7E794F832301B4DDE
:1099300043F0010384F83230214628463BF0CCFD49
:109940002B792E2BDAD1F6232B711020F7F7CEFAD4
:10995000D4E7E5212046F9F759FCCFE710483BF062
:10996000DFFDE82380F8233090F8313000F8223F03
:10997000FFF726FFC2E7C221ECE7D121EAE704B0F6
:1099800070BD00BF203D002000320020C1970001C3
:109990008CA6030175970001E03C0020903F002059
:1099A000243D00202DE9F74300268DF8036042880E
:1099B0004FF6F7739A4204460F4640F2C780037889
:1099C00003F00303012B00F0C1806A4D8088B5F8D5
:1099D000422082422BD0E179F7F714FF00F0FD031B
:1099E000012B064623D10DF103015C2033F0FEFD6F
:1099F0009DF80350002D3FD162884FF6F7739A42CD
:109A000013D9A088FB8A83420FD0FBF7DDF960B140
:109A10004278022A09D1047804F0FB04012C04D115
:109A20002B462A462946FEF715FD012524E095F828
:109A30003630514D022B23D0A08894F807C0D5F8BA
:109A4000E0E095F8E51000230EEBC30292F80380E6
:109A5000B8F1000F06D0B2F80080804502D19278AC
:109A600062451DD00133DBB28B42EDD9022E17D0F7
:109A70000121FBF779FA0025284603B0BDE8F08301
:109A80006378DA060CD57B68D3F80080D3F80490AD
:109A900027F046FFD0E90023994508BF9045CBD178
:109AA00095F8E002D5F8DC32B4F804C094F807E089
:109AB000002201245FFA82F84045DCD91968D600FB
:109AC00000293ED0997971453BD19988614538D1BB
:109AD000F88AFBF779F90028CDD0D5F8F4308DF865
:109AE0000480C01A254B8DF80540C0104343D5F8BB
:109AF000FC0000EBC300C37923EA0403C37101989F
:109B0000F7F7B8F90028B6D0D5F8DC321C489C59D4
:109B100021463BF00BFD0028ADD0AB6E002B14BFEF
:109B20000123002385F8503002D1164835F09AF809
:109B30000321E17114F8152CA4F13800FFF7DCFBC8
:109B400099E76400E4B201320833B3E76378DB07D6
:109B50007FF549AF074BA088B3F8423083428AD0E3
:109B6000E179F7F74FFE00F0FD0001283FF43BAF2D
:109B700081E700BF00320020E03C0020CDCCCCCCFF
:109B8000483D0020343D00202DE9F047446A237809
:109B900003F03C020C2A8EB0054606D1B24B1B6D79
:109BA00003B198470EB0BDE8F08790F82070012F00
:109BB000F8D9AE4E96F83B10C3F383028A42F1D136
:109BC00003F00303032B02D103F0CEFCEAE7027893
:109BD000022AE7D1027C022AE4D1072FE2D9A27936
:109BE000002ADFD0A1884FF6F7729142DAD8002B15
:109BF00048D19F4B1B7813F0010FD3D004A9204606
:109C0000B5F808A095F8289095F92A80F6F79EFCFB
:109C10009DF8243095F82020ADF826A0FF1A9A422E
:109C20008DF825708DF828908DF82980BAD3637847
:109C30009B0731D56078870767D404A92046FCF7D5
:109C40005DFA0028AED06778BB0600F18F8017F070
:109C50000109A7D160884FF6F773984240F29E80C1
:109C6000F6F7CCFB00289DD0B80740F18F80204646
:109C7000FEF7BEFE1823009004AA21462846FEF7F0
:109C800013F98FE7012B8DD16378DA078AD4784BEB
:109C90001B7813F0200FB0E70DF10F01292033F0EE
:109CA000A5FC9DF80F30002BC4D096F85330002B44
:109CB000C0D0704B1A7D2378DAB998073FF472AFA1
:109CC000089B1B78062B7FF46DAF6378D9070AD504
:109CD000237A9A077FF466AF6288B6F842309A42D8
:109CE0007FF460AFA6E762884FF6F7739A42F3D924
:109CF00058E703F00303012B03D1089B1B78072BC4
:109D0000EEE7002B7FF44EAF94E7059999B12378E5
:109D100003F00303012B03D1089B1B78062B0AD009
:109D2000A2884FF6F7739A423FF63CAF0A684B6839
:109D300013433FF437AF0499002984D0C7073FF598
:109D400031AF62884FF6F7739A423FF62BAFB6F801
:109D50004230A08898423FF476AF9A423FF473AF06
:109D60000A684B6813437FF46EAF1BE796F83630F2
:109D7000022B3FF417AFA088FBF726F800283FF42A
:109D800011AF4378022B7FF40DAF60E704A92046A2
:109D9000FFF708FE00287FF46AAF03E72378A08866
:109DA00013F0030F2B890CBF4FF017084FF0160864
:109DB00083420FD0FBF708F860B14378022B09D13A
:109DC000027802F0FB02012A04D14B464A4649467A
:109DD000FEF740FB6088B6F84230984211D1049BF0
:109DE0001BB900230093434646E71E685F6827F0CF
:109DF00097FDD0E900239F4208BF96427FF4D2AE80
:109E0000EFE7A2889A422AD02046FEF7F1FD00280B
:109E10003FF4C8AE6088F6F77BFC95F82010A0B13F
:109E20000220F7F789FA0646A0B101230022CDE906
:109E30000032294643462246F8F70CF93378990751
:109E4000304604D5F9F7F6FEACE60520E9E7F9F768
:109E5000CBFAA7E6E179A088F6F72AFBA2E6002173
:109E6000F6F720FE9EE600BFD80F0120003200204A
:109E7000E03C0020EC280120F0B5027885B00446D3
:109E8000B2BB10F85C3C50F8105C40F8585C62F3D0
:109E9000410300F85C3CA0F14C0610F80B3C00F8C4
:109EA000543C31462846F6F751FB14F8543C14F85C
:109EB000382C9B1A04F8373C3C4B1B78980707D486
:109EC000AA8834F8363C9A4202D12846FDF770FF42
:109ED00031462846FCF712F950B154E90B2334F807
:109EE000360CFBF79FFF31462846FFF75BFD28B98C
:109EF000A4F1DC00F7F734FB05B0F0BD14F85C3CCE
:109F000003F0F803C02B0AD1AB79012B07D9EB7909
:109F1000AA8834F8361CA4F12400F6F753FC14F890
:109F20005C3C5907A4F15C0738D52B789A0711D10E
:109F3000D4F80320D4F80730A078CDE9022302A991
:109F4000D4F80B30019301AAFEF798FD3846F8F7D4
:109F500007FDD1E72946324654F83C0CF9F712FBCD
:109F600054F83C3C1B78042B05460DD0D4F8032054
:109F7000D4F80730A078CDE9022302A9D4F80B3039
:109F8000019301AAFEF77AFD14F85C3C13F0010F6F
:109F900008BF002565F3000304F85C3C14F85C3C42
:109FA000DB07A5D53846F9F71FFAA5E7E03C002006
:109FB000F8B53B4B07789D6F1C46002F67D103F126
:109FC00068003BF0ADFA94F850300646ABB184F827
:109FD000507004F1540034F045FE04F1680700BFEE
:109FE00016F8152CA6F138000121FFF785F938463F
:109FF0003BF096FA06460028F2D1AB7CDE0716D578
:10A00000D4F89C62337813B13046F6F7CFFCD4F81D
:10A01000A03218369E42F5D3F7F718FE214E30468F
:10A020003BF07EFA034658BB1020F6F7F5FDAB7CFB
:10A03000980701D5FDF73CFAAB7C590701D5F7F736
:10A04000ABFCAB7C9A0601D5FAF7BCF9AB7C5B069E
:10A0500001D5FEF791F995F91230002BA1BF124BF3
:10A0600000200021C3E9120112232370192384F870
:10A07000B93000232B770C20BDE8F840F6F736BF47
:10A080001846C22200F8102FDB689847C7E7FD2268
:10A090001A700278192183F8B9102A77EBE700BF0C
:10A0A000E03C0020603F00200032002050F8103CCF
:10A0B00010F80B2C10B400F8442C5A7840F8583C97
:10A0C0006FF341025A700378A0F174045BB1022B64
:10A0D00015D016D3042B8CBFC321CE2120465DF8AA
:10A0E000044BF9F793B8C37E10F8511CDB07F5D584
:10A0F000A0F16C015DF8044B2438FFF799B8CC212E
:10A10000ECE7C321EAE7064BC3F840231922A3F882
:10A110003A0383F83C1383F83823F6F797BD00BF62
:10A12000E03C002008B5014607483BF0D5F9074B55
:10A1300093F828243AB9012283F828241620BDE890
:10A140000840F6F7D3BE08BD0C410020E03C0020DB
:10A1500010B50C4B93F85B309B0712D50A4CFEF7F9
:10A16000C7FD002384F8593004F15801074BE3651B
:10A17000222033F03BFA04F15400BDE81040FFF711
:10A18000D1BF10BD00320020D80F0120E10D000129
:10A19000FEF7AEBD07B522200DF1070133F026FA18
:10A1A0000A4A0B4B13619DF8070000231373FCF759
:10A1B00023FA0323B0FBF3F003F2E53343431046E5
:10A1C000936034F025FD03B05DF804FBB841002036
:10A1D00051A10001014834F045BD00BFB841002045
:10A1E00008B5094B93F83630022B08D0074834F0F5
:10A1F00039FDF7F721FDBDE80840F7F77FBDBDE861
:10A200000840FFF7E7BF00BF00320020E43D002018
:10A2100010B51446FBF7F0FD014668B10378012B39
:10A220000AD10E2C0AD82046FCF7E6F90862084647
:10A23000F6F7EEFD002010BDC820FCE7C120FAE7CC
:10A240002DE9F3411A4CB4F8008064684FF0300CEB
:10A250000CFB014C884507D84FF6FC73ADF8043071
:10A2600000238DF806300AE09CF80AE00EEA0204AA
:10A270009C4218D178B9ADF804108DF806E0BDF80D
:10A280000430002063F30F00BDF8063063F31F4075
:10A2900002B0BDE8F081DCE90067D0E90045AF42DB
:10A2A00008BFA642E7D0013189B20CF1300CD1E7EA
:10A2B00088040120094A03B2506882B050B1002BD3
:10A2C0000ADB11889AB2914206D903EB430300EBF3
:10A2D00003100B3002B070470020FBE78804012018
:10A2E000084B82B009B29A685B68019001EB4101AA
:10A2F00022F8210003EB0111BDF806300B8102B0FA
:10A30000704700BF88040120027812F003030DD1CA
:10A3100002F00C030C2B18D013061CD5037A13F093
:10A32000030F14BF0A23092318467047012B0ED0D0
:10A33000022B0ED1D106F7D413060CD5037A13F0F5
:10A34000030F0CBF09230B23EEE70923ECE70223DD
:10A35000EAE70023E8E70823E6E7D0B5044608B9B2
:10A360000020D0BDAA2380F82030D0E9006727F074
:10A37000D7FAD0E900239F4208BF9642F0D182234A
:10A3800084F82030237A013BDBB2FD2BE8D8237B15
:10A39000032B0FD1237E013BDBB2FD2BE0D8D4E9A8
:10A3A000042313430CD1094B44F210421A803BF0B2
:10A3B0001DFFD5E7012B03D0A62384F82030CFE77B
:10A3C000002384F820300120CBE700BFEC330020CD
:10A3D00030B4294CA2688242214606D9274B44F268
:10A3E000824230BC1A803BF001BF2478831AF020EF
:10A3F000B3FBF0F3DBB29C4203D8204B44F2834220
:10A40000EFE700FB032393F8E0205208032A07D864
:10A41000DFE802F002020E020A790AB1013A0A717B
:10A4200093F8E0206FF3000283F8E02030BC70471F
:10A43000CA780AB1013ACA70D3F8B05008698542A7
:10A44000A5EB00024FF06004B2FBF4F2D2B203D2EB
:10A450000A4B44F28442C4E74978914203D8074B3F
:10A4600044F28542BDE704FB020211780029D7D0EF
:10A4700000211170D4E700BFD8380020EC33002051
:10A4800010B1D0F880302BB9044B44F272521A80CC
:10A490003BF0ACBE00F8871F184700BFEC3300202C
:10A4A00013B504460DF10701292033F09FF89DF8FC
:10A4B000070018B194F8340000F0010002B010BD9C
:10A4C00013B5044690F8340010F0010309D010F0E1
:10A4D000080004D0E08D2B2894BF0020012002B09A
:10A4E00010BD4FF498700DF107018DF8073033F06F
:10A4F0007DF89DF8073094F83400002B14BF3F23FB
:10A50000512310F00800EAD0E08D9842E4E713B53B
:10A51000044601A9342033F069F8034BD868019B45
:10A5200000FB043002B010BD8804012070B51D4C42
:10A530001D4D0668C4F89C014FF00003A4F8A53136
:10A540006B7884F8AA3104F5D2714FF4947033F02B
:10A550004DF83046FFF7A4FF234630B194F8A4210C
:10A560002B2A84BF2B2284F8A421F48D93F8A40114
:10A57000B4FBF0F1CAB200FB114189B995F827107C
:10A5800083F8A821FF228A40D243084922F0010221
:10A5900083F8A7210A7C83F8A921501C087470BD98
:10A5A0000132EBE7D83800209030002088040120E9
:10A5B00007B5019000B2002804DB094B1B8880B26C
:10A5C000834205D8074B44F226521A803BF020FE06
:10A5D0009DF80600C0F3800003B05DF804FB00BFE7
:10A5E00088040120EC330020F7B5384A00241578A0
:10A5F00096688DF80740F027E3B2AB4238D207FBEC
:10A600000463013493F8E01011F00101F4D1C3F8B0
:10A61000B01003284BD8DFE800F0020223021179C2
:10A6200094788C4224D90131117193F8E110002201
:10A6300062F307115A6083F8E11083F8E820B3F859
:10A64000E02022F4706222F0010242F00102A3F83D
:10A65000E02060F3470283F8E02000221A6010E057
:10A66000D5785478AC4203D9177B16698F420BD149
:10A6700001230DF1070146208DF8073036F07EFCEE
:10A680000023184603B0F0BD344616F860CBBCF189
:10A69000000F09D101210135D57004F84A1B83F858
:10A6A000E810C3F8B040CAE70131C9B2DEE70123C0
:10A6B0000DF1070146208DF8073036F05FFC044BA2
:10A6C00044F281421A803BF0A3FDD9E7D83800203C
:10A6D000EC330020D0F8CC3070B5044680F8C910B7
:10A6E0002BB9094B44F2F5521A803BF091FD2546F7
:10A6F000412015F8C91F36F041FCD4F8CC3028466B
:10A70000BDE87040184700BFEC330020D0F89C3003
:10A7100010B5044680F898102BB9064B44F2F55258
:10A720001A803BF075FDD4F89C3004F19800BDE828
:10A7300010401847EC33002010B5044628B90E4BE2
:10A7400044F243521A803BF063FD637884F827306B
:10A7500094F8303084F82630D4F822302BB9064BE8
:10A7600044F244521A803BF053FDD4F8223004F1F5
:10A770002600BDE810401847EC33002030B5154DD9
:10A7800085B0AB68019004B22BB1002C03DB2A88A2
:10A79000A3B29A4205D8104B44F220521A803BF0E3
:10A7A00037FD04EB44046B68AA6803EB041332F82A
:10A7B00024201B89D1B2002061F30700120A62F342
:10A7C0000F20DAB262F317401B0A63F31F6005B073
:10A7D00030BD00BF88040120EC33002070B50D4669
:10A7E000044608B1C36F2BB9064B44F292521A804B
:10A7F0003BF00EFD2046E36F00F8795FBDE8704046
:10A80000184700BFEC3300201FB50190FFF7B6FFDB
:10A8100084B2631E9BB24FF6FD7203909342BDF863
:10A820000E3015D90133ADF80E300123ADF80C30E0
:10A8300001990398FFF754FD01A9202036F09EFBF3
:10A84000BDF80E30013BADF80E30039804B010BDDA
:10A850002BB9074B44F228521A803BF0D9FC013443
:10A86000ADF80C4001990398FFF73AFDE8E700BF07
:10A87000EC330020002310B580F83C30836B044695
:10A880002BB9064B44F244421A803BF0C1FCA36B47
:10A8900004F13C00BDE81040184700BFEC33002035
:10A8A0002DE9F041284B9C691B7D03EB830304EBEE
:10A8B000C30690F8203005460F4633B900F1100862
:10A8C000B4420AD385F8207005E0204B44F22542BB
:10A8D0001A803BF08BFC002433E094F82030A42B4A
:10A8E00001D0AA2B19D12A7A237A9A4215D16A89E2
:10A8F00063899A4211D1D4E90001D5E90023994234
:10A9000008BF904209D12A7B237B934205D1012BBA
:10A9100005D12A8A238A9A4213D02834D0E7032B00
:10A9200003D00A4B44F22642D2E72A7E237E9A4283
:10A93000F3D1082204F1100140463DF0D3F800287D
:10A94000EBD12046BDE8F08188040120EC330020E3
:10A9500010B50D4A0D4C012303FA00F0137F184384
:10A96000238810779B060ED42FF056FA238843F0E5
:10A97000200323802FF060FA054B06481B68BDE8D2
:10A9800010401B69184710BD880401205E13012088
:10A99000503800205438002037B500230D468DF87C
:10A9A0000730044660B180F8401002B11268E36BD2
:10A9B00062643BB9124B44F254421A803BF016FCDD
:10A9C00003B030BD04F14000984765B9E28B4FF603
:10A9D000F7739A4207D801230DF107014E208DF835
:10A9E000073036F0CBFA2046FFF76AFD0028E7D0A3
:10A9F000044B0022C3F89C210120FFF7A9FFDFE7E9
:10AA0000EC330020D838002008B5064B5A7F0146A9
:10AA1000013A03F120005A773AF05EFD0120BDE8CB
:10AA2000084095E78804012008B580F8E21000F19D
:10AA30000C0103483AF050FD0220BDE8084087E7CA
:10AA40000005012010B5044628B9084B44F26052B5
:10AA50001A803BF0DDFB0023A365214604483AF051
:10AA60003BFD0320BDE8104072E700BFEC3300203F
:10AA70000805012038B5044600F1080528B90D4B3A
:10AA800044F233621A803BF0C3FB41F20133A4F875
:10AA90006430032384F8663004F18003E366064BD8
:10AAA0002367064B6367242384F868302846BDE893
:10AAB0003840C7E7EC33002091BE000105AB000130
:10AAC00038B50D4BD3F88440B3F88830A3F58873BC
:10AAD000B3F5BE6F054605D9084B44F263421A80B0
:10AAE0003BF096FB294606483AF0F6FC1CB9204696
:10AAF000BDE838402CE738BD88040120EC33002045
:10AB00000C05012038B50D46044628B9094B44F21E
:10AB100007621A803BF07CFB012384F89C5084F888
:10AB20007030214604483AF0D7FC0720BDE8384091
:10AB30000EE700BFEC3300201405012008B5A0F19A
:10AB4000540103483AF0C8FC0320BDE80840FFE682
:10AB50000805012008B5A0F1140103483AF0BCFC37
:10AB60000120BDE80840F3E61805012008B510F8FB
:10AB700014393BB9014606483AF0AEFC0120BDE865
:10AB80000840E5E60022A921BDE8084004E700BF2F
:10AB90001C050120024A537F01335377FDF7A2BD04
:10ABA000880401201F4B03F5AD72C3F8D020B3F821
:10ABB0007421A3F8EC201C4AC3F8D8201B4A83F860
:10ABC0007A0140F60231C3E93C12822283F85A210D
:10ABD00093F8812183F85B21D3F87621C3F85C21B7
:10ABE00093F8802183F8602193F8822183F8612112
:10ABF000022283F86221B3F87E21A3F8632193F83F
:10AC0000832183F811210021AF2A83F8F810C3F8BB
:10AC1000701103D00B2103F1200005E703F1380088
:10AC2000B8E700BFD8380020A1CC00010101000125
:10AC300070B50646124C0025022084F86850FFF7D4
:10AC400087FE337863B1646E2A4620680221FFF7DD
:10AC5000A3FE2046FFF7BCFB0120BDE8704077E66D
:10AC6000606E236C94F8502080F8D120C0F8B0308A
:10AC7000012380F8D530BDE8704018308AE700BF66
:10AC80008804012038B5446905462CB9184B44F2B4
:10AC900068521A803BF0BCFAD4F8983013B194F89B
:10ACA000B9302BB9124B44F269521A803BF0B0FA1A
:10ACB000104BC4F8A030022384F8B8300022AB88CF
:10ACC000A4F8B43095F85C3084F8BA202A7F84F870
:10ACD000BD300123C4F89C5084F8BC3084F8BE20F9
:10ACE000A4F8BF302046BDE83840FDF7FBBC00BFEC
:10ACF000EC330020D5E5000170B5044686B018B1EC
:10AD000043680BB103682BB92D4B44F253621A8090
:10AD10003BF07EFA63689D6A2A466B4652F8050F3F
:10AD2000516803C32B79042B22D0254B44F2546283
:10AD30001A803BF06DFAEB788DF811302B79226890
:10AD40008DF81030106851681E4D02AB03C3D5F862
:10AD5000984005F198068CB9D5F8983013B91A487F
:10AD600033F080FF02A807F05FFE012006B070BD3F
:10AD7000684626F0E1FD0028D7D0DCE794F8B8302B
:10AD8000042B1AD19DF81030042B16D1D4E92C01D4
:10AD9000DDE90223994208BF90420ED1012384F8D5
:10ADA000AA30214630463AF0C1FB94F8AB3023B1CB
:10ADB0009DF811102046FFF78DFC2468CBE700BFFB
:10ADC000EC3300208804012024050120F8B51F4D34
:10ADD000D5F8B040064605F1B0073CB9D5F8B0301B
:10ADE0009BBB1B48BDE8F84033F03CBF94F888306B
:10ADF000022B20D0042B25D0012B1AD1B37A03F0DB
:10AE0000FB03012B15D1D6E90001D4E924238B42A1
:10AE100008BF82420DD1012384F87830214638469C
:10AE20003AF084FB94F879301BB100212046FFF7FB
:10AE30006DFC2468D1E7B37A023B012BF9D8D6E93F
:10AE40000601E2E7B37A042BDCE7F8BD88040120B1
:10AE50003C050120012370B580F8753090F87430FE
:10AE6000061FBBB9036F9BB1B1B105240B4D314631
:10AE700005F1B0003AF05AFBD5F8B0301BB905F136
:10AE8000B40033F0EFFE21463046BDE870403DE4AB
:10AE90000424EBE70024F6E770BD00BF880401201E
:10AEA00090F8A63070B50124061F80F8A740BBB902
:10AEB000036F9BB1B1B10C4D314605F198003AF0EA
:10AEC00035FBD5F898301BB905F19C0033F0CAFE6C
:10AED00021463046BDE87040FFF7FCBB0224EAE79C
:10AEE0000024F5E770BD00BF8804012010B50446BA
:10AEF0008AB018B143680BB103682BB9144B44F204
:10AF000062621A803BF084F963689C6AE378042BE0
:10AF100005D00F4B44F263621A803BF079F9224668
:10AF2000E37852F8040F8DF80030516802AB03C388
:10AF3000234604AA53F80C0F596803C29868D968CD
:10AF400003C268462EF0C0F901200AB010BD00BF50
:10AF5000EC33002038B5044628B90D4B44F2276283
:10AF60001A803BF055F9637BA4F1A4055BB954F852
:10AF7000080C0378052B06D18288238A9A4202D1D5
:10AF8000083007F0B9FC2846BDE83840FCF7E0BCC3
:10AF9000EC33002010B5A0F1A40428B9054B44F20D
:10AFA00035621A803BF034F92046BDE81040FCF7CA
:10AFB000CFBC00BFEC33002070B5B0F13C060446B6
:10AFC00050F8285C05D11D4B44F265521A803BF0C5
:10AFD0001FF9237803BB227914F8303C9A4205D933
:10AFE000164B44F266521A803BF012F9237985F829
:10AFF000B93054F80C3CC5F8983054F8243C2BB9BF
:10B000000E4B44F267521A803BF002F954F8243C8C
:10B010003046BDE870401847236B2BB9074B44F20C
:10B020006D521A803BF0F4F83046236B02219847AA
:10B030002846BDE87040FCF78BBC00BFEC33002015
:10B04000F8B50446086849681746FAF7D5FE05467C
:10B0500088B30678012E06D0052E2CD107F01FFCF0
:10B06000B0FA80F6760960683146FCF774FC044655
:10B0700038B9124B44F209621A803BF0B7F8204607
:10B08000F8BD022380F8B830AB88A0F8B430C0F81F
:10B090009C5001230025C0F8A07080F8BC5080F8B7
:10B0A000BA3080F8BD60A0F8BE5080F8C050FDF7FF
:10B0B00019FB2846E4E70120E2E700BFEC3300205B
:10B0C00030B5044685B018B143680BB103682BB99D
:10B0D0000C4B44F293521A803BF09AF8636893F851
:10B0E0002420042A0BD122689D6A106851686B469F
:10B0F00003C36846EB788DF8083007F063FB012046
:10B1000005B030BDEC33002070B5436893F824607F
:10B11000036886B004462BB90F4B44F2F4521A80F0
:10B120003BF076F8636821689B6ADD788DF80850FB
:10B13000086849686A46022D03C206D10C2E07D161
:10B1400053F8040F596804AA03C268462EF028F881
:10B15000012006B070BD00BFEC3300201FB50446CF
:10B1600018B143680BB103682BB90E4B44F28352FC
:10B170001A803BF04DF8636893F824200B2A0ED117
:10B1800021689A6A086849686B4603C3D2F80310BD
:10B19000D2F807306846CDE9021307F02DFB0120F5
:10B1A00004B010BDEC33002010B5044688B018B1CF
:10B1B00043680BB103682BB91C4B44F273521A80DD
:10B1C0003BF026F8636893F824200E2A2AD11A8CC3
:10B1D0002168ADF80620086849689B6A02AA03C284
:10B1E000D3F80310D3F80720CDE90412197BDA7ADB
:10B1F00042EA0122ADF81A205B7B8DF818300DF180
:10B2000005015C2032F0F2F99DF805302BB9DDE93B
:10B210000423BDF81A00FAF705FE0DF1060102A895
:10B220003CF0FAFB012008B010BD00BFEC33002059
:10B2300050F80C3C10B5FF210446B3F80100F9F7B3
:10B2400079F850B1074B44F8043C0023E376A4F1AD
:10B25000A400BDE81040F9F74BBD2046BDE8104002
:10B26000FFF7D2BB09AA000170B53149314C4FF448
:10B27000887032F0BBF9304940F20E2032F09CF970
:10B280000023217B206960251E46DAB291423FD817
:10B29000284940F20F1032F0A9F9284940F20D2058
:10B2A00032F08AF92278A5680023F026D9B28A42C2
:10B2B00033D8237B63702249A2704FF000034FF410
:10B2C0009470A4F8033032F091F91E4940F229102D
:10B2D00032F08CF91C494FF48C7032F087F994F8F5
:10B2E0007B314BB1194940F20F2032F065F9184912
:10B2F0004FF4047032F060F994F87B1194F87C31CB
:10B30000A26901FB0323E361002384F87A3170BD55
:10B3100005FB03F201338654B7E706FB0351013303
:10B3200091F8E0006FF3000081F8E000BEE700BF95
:10B33000E4380020D8380020E8380020E038002029
:10B340007C3A0020543A0020533A0020F038002084
:10B35000783A002010B5134C40F2122004F1180185
:10B3600032F02AF904F1140140F2171032F03EF9DC
:10B37000237D22464BB1A16939B90B4B44F22942D6
:10B38000BDE810401A803AF031BF926903EB8303A5
:10B3900002EBC303A8219A4200D310BD82F820100B
:10B3A0002832F8E788040120EC33002070B5324ED3
:10B3B0004FF0FF3500243378A3421AD8D6F8703105
:10B3C00053B12E4AD2F8D4209B1AC6F87031002B04
:10B3D00048D10220FFF7E6FB6B1C47D02A462848DD
:10B3E000284B01213BF0C8FD2548BDE870403BF0EB
:10B3F000D7BDB268C4EB041302EB031340F2012281
:10B40000B3F8E01021F0FE010905090D914222D1A7
:10B4100093F8E01001F0FA02022A1CD117485A688A
:10B42000D0F8D400121A5A60C2B993F8E12004206F
:10B4300001F0FE0160F30302062983F8E12007D141
:10B44000114B93F82720FF239340DB4386F8A73165
:10B450000120FFF77DFA0134E4B2ACE7954228BF42
:10B460001546F8E79D4228BF1D46B5E70448BDE8EC
:10B4700070403BF09DBD00BFD838002088040120FB
:10B4800050050120ADB3000190300020F7B5304CDD
:10B49000636805460BB1A3682BB92E4B44F22252C8
:10B4A0001A803AF0B5FED5E900234FF0FF316FF076
:10B4B0000600994208BF90421CD20023012219467F
:10B4C0001846FEF7BDFE0526009000B2031D28D1E8
:10B4D0004FF6FD73ADF8043000238DF80630BDF84B
:10B4E0000430002063F30F00BDF8063063F31F4003
:10B4F00003B0F0BD184B1E7801231A4600212846E0
:10B50000FEF79EFE009000B2021D46F0010608D133
:10B510000023012219461846FEF792FE009000B261
:10B52000D4E7A268ADF8000000EB400702EB870209
:10B5300000211160516091606368D5E9004503EB1B
:10B540000713C3E900459E721981009B0193C6E76A
:10B5500088040120EC3300201C2D012013B50C467B
:10B5600081B94FF6FB73ADF804308DF80610BDF8C5
:10B570000430002063F30F00BDF8063063F31F4072
:10B5800002B010BDFFF782FF030400900DD4FEF758
:10B5900091FE2368036063684360A3688360E36887
:10B5A000C3606946152035F0E9FC009B0193DEE796
:10B5B000702208B500213CF061FB0122A0F85C205C
:10B5C000002280F85E2008BD38B5044600F1080569
:10B5D00028B90D4B44F213621A803AF019FE28463E
:10B5E000FFF7E6FF40F21133A4F86530074B2367FD
:10B5F000074B63671D23E46684F868302846BDE87E
:10B600003840FFF71FBA00BFEC3300204DC10001E6
:10B6100005AB000170B50D46044610B1D0F884307A
:10B620002BB90E4B44F282521A803AF0F1FD6DB9FB
:10B63000D4E91E01FAF7E0FB20B101232A4629468E
:10B64000FCF708FF04F17800F8F7ACFC2046D4F8CA
:10B65000843000F8805FBDE870401847EC3300206C
:10B6600070B5114DD5F8B04005F1B0063CB9D5F82C
:10B67000B030BBB10D48BDE8704033F0C9BA636F5C
:10B680001BB1013B63672468F0E794F87930002B25
:10B69000F9D02146304639F049FF04212046FFF712
:10B6A00035F8F0E770BD00BF880401203C0501209B
:10B6B00070B5124DD5F8984005F198063CB9D5F80B
:10B6C0009830D3B10E48BDE8704033F0A1BA636F33
:10B6D0001BB1013B63672468F0E794F8AB30214667
:10B6E000304633B139F022FF02212046FEF7F2FF47
:10B6F000F1E739F01BFF0121F7E770BD8804012055
:10B70000240501202DE9F041164D174FD5F8E040F2
:10B7100005F1E00644F264683CB9D5F8E030F3B1D5
:10B720001248BDE8F04133F073BA636F1BB1013BBF
:10B7300063672468F0E72146304639F0F7FE0123BD
:10B7400084F88230D4F884301BB9A7F800803AF02E
:10B750005FFDD4F8843004F182009847E9E7BDE842
:10B76000F08100BF88040120EC3300206C0501202B
:10B7700070B50E46044608B1C3682BB90C4B44F2B1
:10B780006B421A803AF044FD0A4D05F1840039F00D
:10B79000C7FE2046E36800F8106F9847D5F884305C
:10B7A00023B10020BDE87040FFF7D2B870BD00BFE4
:10B7B000EC3300208804012038B55B4839F0B0FE36
:10B7C000044628B9594B44F201621A803AF020FD30
:10B7D00094F87030012B05D9544B44F202621A8060
:10B7E0003AF016FD94F87030002B40F08C8054E94C
:10B7F0000223134307D14D4B44F203621A80BDE884
:10B8000038403AF0F3BC94F89D30052B6DD80122F6
:10B810009A4012F0220FA4F1080550D112F0110F36
:10B8200023D112F00C0F60D015B1023B012B05D9CA
:10B830003E4B44F210621A803AF0EAFCD4E91E232F
:10B84000134305D1394B44F211621A803AF0E0FCFF
:10B8500004F181001EF02CF828B9344B44F2126236
:10B860001A803AF0D5FC324B48E015B113F0FB0FCB
:10B8700005D02E4B44F230621A803AF0C9FCD4E96C
:10B880001E23134312D1294B44F231621A803AF03D
:10B89000ADFC042384F89C30012384F87030D4F884
:10B8A000983033BB214B44F20562A7E704F18000D6
:10B8B0001DF0FEFF08BB1D4B44F23262E6E71DB1EE
:10B8C00003F0FB03012B05D0184B44F220621A80D1
:10B8D0003AF09EFC94F8913013B3D4E91E2313433D
:10B8E0001ED1124B44F22162D0E7104B44F20462A5
:10B8F00084E704F19C00984709E00E4B022284F88B
:10B9000070202846984794F87030012BC7D00A4B16
:10B91000D3F88C3033B10720BDE83840FFF718B8B2
:10B92000064BEBE738BD00BF14050120EC330020C7
:10B93000C9B5000175AA00018804012041B90001C0
:10B9400038B5044600F1080528B9184B44F22262C4
:10B950001A803AF05DFC2846FFF72AFE40F21223D7
:10B96000A4F8653094F89930EBB104F18002E266F6
:10B970000F4A22670F4A6267252284F868206BB15C
:10B98000FCF71EFB50B194F89A303BB194F8683044
:10B990000B3384F86830012384F867302846BDE80B
:10B9A0003840FFF74FB82246E1E700BFEC330020F4
:10B9B0004DF9000105AB000138B5856A2B789B076E
:10B9C000044605D0287810F023000FD0002038BDA1
:10B9D00090F83430002BF5D1FCF7ECFA0028F1D0C8
:10B9E00007F05AFB0028EDD00120F0E794F834303E
:10B9F000002BECD1BDE83840FCF75EBEF7B518313E
:10BA00000191019A022382F8B8304FF6FD73A2F833
:10BA1000B43090F82E30093382F8B930036B90F8C7
:10BA20003540C58E82F8C040A3F10901C2F89810D4
:10BA3000A2F8B65090F8381082F8C110C28B23F8E3
:10BA4000082C428D23F8062C028D23F8042C90F844
:10BA50002C2003F8022C002C3CD003F8011C13F816
:10BA6000092C02F0FC0242F00C0202F08F026FF38C
:10BA7000C71203F8092C019B1A4AC3F8A020019BA6
:10BA800090F8392083F8BA20174A019B127883F87E
:10BA9000BB2090F83430019ADB43C3F3C01382F823
:10BAA000BC30019A012382F8BD30019A82F8BE3081
:10BAB000019A82F8BF30019B83F8C040019BA3F834
:10BAC000B650019B019883F8C110FFF763F800207E
:10BAD00003B0F0BD054E327C03F8012C571C3774BF
:10BAE000BDE700BF31B20001903000208804012082
:10BAF0002DE9F347A84BC1F8B830022381F8D030C4
:10BB0000C38BA1F8CC3090F8392081F8D2200022E4
:10BB100081F8D3200C4690F83410CA43C2F3C01207
:10BB200084F8D42040F20112A4F8D5204A06054634
:10BB300000F1D0804FF6F77293428CBF00230123AF
:10BB400084F8D73095F8353084F8D830EB8EA4F8E7
:10BB5000CE3095F8383084F8D9302846FEF7B0FC5E
:10BB60000746002800F0BD800DF107015C2031F090
:10BB70003DFD9DF80770894E002F00F0AD8088498B
:10BB800096F8A50191F8282042FA00F313F001037A
:10BB900000F0A4800123834022EA0302FF2384F8FB
:10BBA000D230002381F8282084F8C93004F1BC0980
:10BBB00096F8A83196F8A51196F8A481013B994210
:10BBC00008BF95F82E30284604BF01FB183808F04E
:10BBD000FF08FEF765FC2B6B96F8A4C196F8A5113B
:10BBE0000028D6F8A00114BF4FF04C0A4FF03E0ACF
:10BBF0000CFB0131504442463BF082FF08F10A033E
:10BC000084F8D130D6F8A031AAF10A0A5344C4F816
:10BC1000B030D4F8B060E98B33784FF6F77223F088
:10BC200013039142337068D86FF383033370337812
:10BC300095F834206FF3451312F004023370DBB231
:10BC40006AD162F3861333702846FEF739FC3378E5
:10BC5000002800F0828043F080035049337091F84F
:10BC6000A521337A002A72D1012262F301033372D3
:10BC700091F8A831737295F8263073706B8D7380CC
:10BC80002B8DB38095F82C30B3712846FEF718FC45
:10BC9000002866D0414B93F8A931F37195F83530FF
:10BCA00013B195F83830F3712068FEF7F9FB0028DE
:10BCB0005FD02068FEF704FC94F8D110002855D01E
:10BCC000A1EB0801C9B22046FEF7AEFE002002B08B
:10BCD000BDE8F087012333E7B94669E71F46994677
:10BCE00066E795F82E30083384F8D1302B6B083B8B
:10BCF000C4F8B030814680468BE72A49022262F3BD
:10BD000083033370B1F8FA300133A1F8FA304420DC
:10BD1000F83135F033F98AE743F04003337094F893
:10BD2000E130012262F3030384F8E1302846FEF794
:10BD3000C7FB94F8E13038B1184A92F8AA2162F3AF
:10BD4000071384F8E1307FE7154A5278F7E70221BC
:10BD500061F30103337272728DE760F3C7133370BE
:10BD600089E7104A137C591C117496E795F82E80C8
:10BD7000A6E70DF107015C2031F038FC9DF8073093
:10BD800023B11FB14846FEF73FFE9FE704F11800BC
:10BD9000FEF700FF9AE700BF09AA0001D83800208B
:10BDA0009030002088040120024BD3F89C110868D1
:10BDB0009EE600BFD838002010B5294839F0B0FB06
:10BDC000044610B190F860302BB9264B44F2615212
:10BDD0001A803AF01DFA606E08F0E4F900B30388A7
:10BDE000A380012384F85F301F4B236194F85D101A
:10BDF0001E4B94F860200B4404F108009B7C13F068
:10BE0000600318BF112313442373FBF791FD184BF4
:10BE1000D3F8803013B30320BDE81040FEF798BD7F
:10BE2000A36D73B9626E032384F84A301368E36428
:10BE3000536823650F4BA36504F1440008F029FA09
:10BE4000E5E7E36E2BB9074B44F26D521A803AF0E6
:10BE5000DFF9E36EEC2120469847D8E710BD00BF1C
:10BE600008050120EC33002019E600019030002085
:10BE7000880401203DAB000110B5044A8170012304
:10BE80000370137C43705C1C147410BD8804012083
:10BE9000436970B5D3F8984005462CB9114B44F26C
:10BEA00034621A803AF0B4F90521204695F89D6075
:10BEB000FFF7E2FF2A46E67052F8803F636053685E
:10BEC000A3609368E360D3682361284650F8083D77
:10BED00063614368A36125F023FD0368E361436860
:10BEE000236270BDEC33002038B54369D3F8984025
:10BEF00005462CB9084B44F281521A803AF088F971
:10BF000007212046FFF7B8FFAB6FC4F80330EB6F93
:10BF1000C4F8073038BD00BFEC33002038B54369A2
:10BF2000D3F8984005462CB9064B44F291521A803A
:10BF30003AF06EF909212046FFF79EFF95F8783018
:10BF4000E37038BDEC33002038B54369D3F898402E
:10BF500005462CB90B4B44F271521A803AF058F94D
:10BF600006212046FFF788FFAB6FC4F80330EB6F64
:10BF7000C4F80730B5F88430A4F80B3095F8863053
:10BF8000637338BDEC33002038B54369D3F898505B
:10BF900004462DB9134B44F2F1521A803AF038F9A5
:10BFA00008212846FFF768FF94F88430EB70022BD5
:10BFB00005D1224652F88C3F6B605368AB60052375
:10BFC000094823670023A4F87430D0F8B03013B9BF
:10BFD000B43032F01DFE211F0448BDE8384039F06E
:10BFE0007BBA00BFEC330020880401203805012013
:10BFF00038B54369D3F8985004462DB9194B44F22B
:10C0000051621A803AF004F90F212846FFF734FFF5
:10C0100094F8B430EB7025F083FC03686B604368E0
:10C02000AB602246104852F8B53FEB6053682B6175
:10C0300093686B61D368AB61D4F8A8304FF47A721F
:10C04000B3FBF2F323670023A4F8A630D0F89830AE
:10C0500013B99C3032F0DCFD211F0448BDE83840A4
:10C0600039F03ABAEC330020880401202005012081
:10C0700038B54369D3F8985004462DB9134B44F2B0
:10C0800061621A803AF0C4F828461021FFF7F4FEE6
:10C0900094F87D30EB7094F87C302B7122460C487C
:10C0A00052F8743FC5F805305368C5F809304FF4AD
:10C0B000A0532367D0F8E03013B9E43032F0A8FD84
:10C0C000211F0448BDE8384039F006BAEC3300209F
:10C0D000880401206805012038B5044628B91A4BA8
:10C0E00044F224621A803AF093F8656995F8B93001
:10C0F0000B33DBB2412B85F8B93007D0124B44F239
:10C1000025621A80BDE838403AF070B8D5F898102A
:10C11000362201F10B003BF007F9D5F898500E21BB
:10C120002846FFF7A9FEEA7A616E2B466FF34512A7
:10C1300003F8032B0A68C5F803204A685A602046B2
:10C14000BDE83840FEF79EBDEC330020436970B572
:10C15000D3F8984005462CB9104B44F214621A806B
:10C160003AF056F80521204695F89D60FFF784FEC9
:10C170002A46E67052F8813F63605368A360936873
:10C18000E360D36823612A4652F8783F63615368BD
:10C19000A36195F88030237770BD00BFEC33002099
:10C1A00070B504460D4619B1B1F1E90518BF012576
:10C1B0000F4E211F06F1E00039F0B8F9D6F8E03053
:10C1C0001BB906F1E40032F04DFDD4F8803084F85C
:10C1D0007E502BB9074B44F264621A803AF018F88B
:10C1E000D4F8803004F17E00BDE87040184700BFED
:10C1F00088040120EC3300202DE9F84F9946204BAC
:10C200001C7D9E6904EB84040D46904606EBC40435
:10C210000746D8B1864205D91A4B44F223421A8008
:10C2200039F0F6FF2837BE1B2822B6FBF2F302FBDB
:10C2300013662EB1134B44F224421A8039F0E8FF02
:10C24000A74205D300273846BDE8F88F3746F7E701
:10C2500097F82010A42901D0AA290FD13B7A434591
:10C260000CD17B89AB4209D1D7E900ABD9E90023D6
:10C270009B4508BF924501D1A429E4D02837DFE7C8
:10C2800088040120EC33002070B505460E4625F0E9
:10C2900047FB044638B90A4B44F212421A8039F07F
:10C2A000A5FF204670BD0020234632462946FFF7F1
:10C2B000A3FF0028F6D0037B012BF5D11846F1E748
:10C2C000EC3300202DE9F0470F46044625F028FB0B
:10C2D000BD68814604B130BB264B44F214421A803B
:10C2E00039F084FFA8263046BDE8F0872B7BBD607F
:10C2F000032B10D105F1100007F054FFA92698B1C7
:10C300002B7E84F826300388E38339462046BDE837
:10C31000F047FFF7EDBB2B8AE38339462046BDE8A3
:10C32000F047FFF76BBBA82628464B4694F82C2015
:10C33000618DFFF761FF05460028D4D0A369002B6B
:10C34000D4D195F80CA0BAF1030FCFD105F11008A4
:10C35000404607F027FF06460028C7D184F80AA008
:10C360002B69E3606B692361034BA361201D07F018
:10C3700090FFB8E7EC3300207DC30001F8B5174EFD
:10C380003278B568A0F114070024A24207D1144BFB
:10C3900044F215421A80BDE8F84039F039BF95F8EB
:10C3A000E030DB0716D52B68BB4213D1294638464F
:10C3B000FFF788FF014648B100223846FEF7ECFA45
:10C3C0002846FEF705F80120FEF7C2FA3378A342AB
:10C3D000DDD9F8BD0134E4B2F035D6E7D838002015
:10C3E000EC33002038B50C46054600B129B90A4B9C
:10C3F00044F213421A8039F00BFF0023AB61284648
:10C40000A3602146FFF75EFF054610B12046FDF709
:10C41000DFFF284638BD00BFEC330020F8B50468C4
:10C4200006460F4615462CB92D4B44F24F421A8052
:10C4300039F0EEFEADB9CE2F38D007F0DF03D02BA8
:10C4400034D0D12F03D194F93430002B2EDB204689
:10C45000FEF726F8A8B90225D6F8C430636484F83C
:10C460004070022D24D0032D2CD0012D36D106F1A1
:10C470000C011C4839F030F80220BDE8F840FEF706
:10C4800067BA94F834309A06E5D4FBF799FD18B1F1
:10C4900094F834309B07DED42046FEF711F80028CC
:10C4A000D9D1237F012BD6D00125D5E70325D3E7AA
:10C4B00033681B7F33B9A36131462046FFF702FF83
:10C4C000A8280BD104F1440294F840103068FEF71C
:10C4D00063FA3046FDF77CFF0120CEE7F8BD00BFD0
:10C4E000EC330020FC04012038B504785CB9064D1B
:10C4F000022085F86840FEF72BFA2146686E02227A
:10C50000BDE838408AE738BD8804012073B5044689
:10C51000FDF723FFF8B10DF107015C2031F066F85B
:10C520009DF8071021B92046FEF7BAF9002838D146
:10C5300014B194F820302BB11F4B44F220421A80E2
:10C5400039F066FE1D4B197D9A6900238B4204D198
:10C55000AE2384F8203002B070BD1546283212F8A0
:10C56000080CA8280ED1A42685F820606CB9124BBF
:10C5700044F227421A8039F039FE0021102034F0AD
:10C58000FDFCE8E70133DBB2E0E794F82030002B54
:10C59000EDD12822214628463BF0B2FA85F82060EA
:10C5A000EBE7A6212046FEF77BF90028D3D0A42391
:10C5B00080F82030E1E700BFEC3300208804012040
:10C5C00010B5044650B1104A9369834206D8127DD3
:10C5D00002EB820203EBC203984205D30B4B44F2F9
:10C5E00021421A8039F014FE94F82030A42B07D091
:10C5F000AA2B05D0054B44F222421A8039F008FEDE
:10C60000A82384F8203010BD88040120EC330020DA
:10C6100010B50446FDF7A1FE60B1A4212046FEF747
:10C620003FF938B1FFF7CCFF00211020BDE81040E2
:10C6300034F0A4BC10BDF0B50C4A9369127D02EB36
:10C64000820203EBC202AA21934200D3F0BD93F809
:10C650002040A42C08D1D0E90067D3E90445AF42BB
:10C6600004BFA64283F820102833EDE78804012098
:10C67000F0B50D4A9369127D02EB820203EBC20210
:10C68000A421934200D3F0BD93F82040AA2C08D1F6
:10C69000D0E90067D3E90445AF4204BFA64283F85E
:10C6A00020102833EDE700BF880401200B4A50B169
:10C6B0002830137D926903EB830302EBC3038342AB
:10C6C00003D8002070479069F3E790F82020A42A4F
:10C6D000F8D0AA2AF6D02830F1E700BF880401205C
:10C6E000D2E510B500242046FFF7E0FF044600B96C
:10C6F00010BDFFF765FF0021102034F03FFCF2E78A
:10C70000D0B506460F4600242046FFF7CFFF04466B
:10C7100000B9D0BDD4E90423BB4208BFB242F3D173
:10C72000FFF74EFF0021102034F028FCECE710B595
:10C7300001460446044838F0CFFE0023A3610120DF
:10C74000BDE81040FEF704B91C05012010B50146F4
:10C750000446054838F0C0FE0023A3610120BDE86F
:10C760001040FEF7F5B800BF18050120F8B5846A3F
:10C7700025780F466906064601D40020F8BD4F4BC8
:10C7800005F00305012D19789A6818BF07250023C5
:10C79000994245D10220FDF727FF0028EDD0D0F8BF
:10C7A000B030328C03F8497C43F8466C0021A0F885
:10C7B000CC20434AA0F8D210C0F8B820414AC0F8B3
:10C7C000D42094F800E01A7880F8D8104FF0020CCA
:10C7D000CEF3810E6CF301026EF3830294F800E055
:10C7E00080F8D0C04FEADE1E02F09F026EF3C7123F
:10C7F0001A70227802F0030EBEF1010F25D1B26A41
:10C80000525D5A701A7842F010021A7080F8D1C046
:10C81000AF2F4FD090F8D110FEF706F90120ADE709
:10C8200092F8E00005280CD1B6F820C0B2F8CC0090
:10C83000844506D1D2F8B00014F805C0405D8445A7
:10C840009BD00133DBB2F032A2E74FF0080C80F846
:10C85000D1C093F800C0B66A61F3041C83F800C02D
:10C8600094F806C083F801C0B4F802C0A3F802C06F
:10C87000B4F804C0A3F804C094F801C083F806C05B
:10C88000755DDD711206C3D5227A12F0030204D160
:10C890001A72092380F8D130BAE70B2280F8D12030
:10C8A000247A1A7AC4F3010464F3010261F3870263
:10C8B0001A72ADE71830FEF76DF9AFE7D8380020EF
:10C8C00009AA00010101000138B5114DD0F8B020CE
:10C8D0002B699A42044605D20E4B44F247421A8015
:10C8E00039F096FC2869D4F8B0406B78241A60209F
:10C8F000B4FBF0F4E4B2A34205D8064B44F248423C
:10C900001A8039F085FC2B69602000FB043038BDAB
:10C91000D8380020EC33002030B5374B89B005A95A
:10C9200040F2071093F8324030F060FE06A9342040
:10C9300030F05CFE069B9C4205D35B0006A93420C8
:10C94000069330F07FFE2D4B9DF81420F534DC600B
:10C950005443069A04EB44041444C3F8FC400DF11C
:10C960001501012340F207108DF8163030F03EFE1D
:10C970000DF11601282030F039FE9DF81500400019
:10C98000FF2828BFFF20C0B2FDF7C1FD9DF816406B
:10C990007CB30023013C00F2FF1214F0FF041344A7
:10C9A0004FEA4000F6D1C3F30805003518BF012552
:10C9B0000DF1170140F2111005EB53258DF81640CB
:10C9C00007948DF8174030F011FE07A94FF402705C
:10C9D00030F0F2FDFF2D28BFFF250123EDB20193BA
:10C9E000029400955B029DF817200799044835F0E2
:10C9F00063FB09B030BD00BF38310020880401203E
:10CA00008805012038B51F4C20B13BF0E1F8002328
:10CA1000207463770025C4E9245525621A4C6423E9
:10CA2000C4F89031194BC4F89831012384F894313B
:10CA30002946C4F87D51A4F88151C4E95C55A4F895
:10CA4000785184F87A51F02204F120003BF016F975
:10CA50002946602204F588703BF010F994F87C3187
:10CA600094F87B21A06903FB02222946D2B23BF055
:10CA700005F904F5AD73C4F8D030BDE83840FFF7D0
:10CA80004BBF00BF88040120D8380020A9BD000199
:10CA900038B5374DD5F884402CB9364B44F2644252
:10CAA0001A8039F0B5FB23798A2B16D0C52B3ED0DE
:10CAB000192B54D1B5F88830B3F5887F0CBF4FF4EB
:10CAC00000734FF4E063A5F888302B4BE36004F16A
:10CAD0000800BDE83840FAF78DBFB5F8883040F25D
:10CAE0003232934202D0B3F5C26F1ED140F23F43BF
:10CAF000A5F88830FFF710FF002323731F4838F094
:10CB00000FFDA3682BB91B4B44F26A421A8039F01F
:10CB10007FFBA36804F10C009847D5F8843033B349
:10CB20000020BDE83840FDF713BFA323E5E7B5F8C3
:10CB3000882040F23F439A420BD1C133A5F8883098
:10CB4000022323810E483AF033FA00236B77012049
:10CB5000E7E72046A321BDE83840FEF709BE054BB4
:10CB600044F265421A80BDE8384039F051BB38BD07
:10CB700088040120EC33002025ED00010C05012084
:10CB80005005012030B5826887B003464020B2F8D6
:10CB90000120ADF80C004FF6FF7501A80490A942E2
:10CBA0004FF0010094B2059003D1120403D407B0F2
:10CBB00030BD8C42FBD0ADF808101E2003A90193B4
:10CBC00034F0DCF90598B0FA80F04009EFE72DE980
:10CBD000F84F2F4C80460D4691462BF0A5FC94F85B
:10CBE000C83043B32B4ED4F8D01096F800E0B368A9
:10CBF000421AA1EB000A4FF0000C4FF0FF3740F251
:10CC0000012BE64524D15DB9D6F8703143B19A4283
:10CC10003CBFCD182D1AAF42C6F8705128BF2F4621
:10CC20004F453A461C481D4B28BF4A4601213AF061
:10CC3000A3F9194808E004F1C800184B4A4601213D
:10CC40003AF09AF904F1C800BDE8F84F3AF0A8B9F3
:10CC5000B3F8E04024F0FE042405240D5C4511D116
:10CC600093F8E04004F0FA04022C0BD15C684CB15C
:10CC7000434507D094428CBF54440024A7425C60D3
:10CC800028BF27460CF1010C5FFA8CFCF033B8E7A3
:10CC900088040120D838002050050120ADB30001E0
:10CCA00070B5194D194C6A7F013A6A7794F87A2168
:10CCB000032A05D1002384F87A31C4F8703170BD9D
:10CCC000022A05D0124B44F252421A8039F0A0FADF
:10CCD00094F884010028EDD00E4BD5F8FC5093F861
:10CCE00027205B786426013A06FB025201380121B5
:10CCF0005A4384F8840184F87A11C4F87021002022
:10CD0000BDE87040FFF763BF88040120D8380020D9
:10CD1000EC330020903000200146014838F006BC7A
:10CD20001C05012018B9034BD3F8140170470068A3
:10CD3000704700BF8804012008B50246002000BFEC
:10CD4000FFF7F0FF18B183681B789342F8D108BD54
:10CD500038B50446C0B1A62303748368A3B118781C
:10CD6000F22803D0431EDBB2EF2B0DD8FFF7E4FF10
:10CD7000054648B9E3680548B3FA83F35B092371B4
:10CD8000214638F0A9FB257438BD00BF9C05012061
:10CD900010B5044648B10078FFF7CEFF014628B130
:10CDA000034838F0C3FB0023637010BDA623FBE7E4
:10CDB0009C05012008B50246002000BFFFF7B2FF26
:10CDC00040B1FF2A01D10171F8E783681B789342D3
:10CDD000F4D1017108BD2DE9F041054628B91B4B7E
:10CDE00044F230421A8039F013FA184F002444F20A
:10CDF00031482046FFF796FF044608B9BDE8F081A8
:10CE00002379002BF5D1A3681BB9A7F8008039F06E
:10CE1000FFF9A98B2046FFF7B5FE0028E9D0A368EB
:10CE2000E8881E783146F7F785FA0028E1D0AE731E
:10CE3000E3683BB9054B44F23242BDE8F0411A8049
:10CE400039F0D4B928469847D3E700BFEC33002027
:10CE50002DE9F043866A8FB004460F460025018C09
:10CE6000F2796A488DF8035035F068F900286ED0E1
:10CE70007078431EDBB2FD2B04D8FFF75DFF05463B
:10CE8000002864D0237F012B67D18DF80830E38B15
:10CE9000ADF80A3073788DF8123002238DF8133014
:10CEA000238CADF81430638CADF81C30B3798DF859
:10CEB0001E307279337943EA0223ADF82030F278DC
:10CEC000B37843EA022394F82420ADF8223093B2D9
:10CED000A3F10A01ADF8241000218DF82C1096F969
:10CEE000001000294CDB083BADF82430BDF824309D
:10CEF0008DF82D70D21AA36A1A4494F834308DF844
:10CF00002E3094F82C308DF82F30236B0C930029A1
:10CF100094F82D300A928DF8343013DA337A03F016
:10CF20000303022B0ED13A4FFB691A78ADF8242087
:10CF300093F800904FF0010897F87D31434524DCC9
:10CF4000BB690A93002D38D0EB6801A898472046AA
:10CF5000FDF790FC0FB0BDE8F08302238DF8083098
:10CF6000E38BADF80A304FF6F772934292D8012363
:10CF70000DF103014D208DF8033033F0FFFF89E7F9
:10CF8000307A8007B2D1093BAEE7D7E9060397F8BC
:10CF90007C1113F8082008FB010148443AF0B0FD69
:10CFA000FB69BDF82410434408F101081A780A44CB
:10CFB000ADF824201B789944BEE7237F012B03D1D1
:10CFC00001A8FFF708FFC2E77378FF2B1AD12846A4
:10CFD000FFF7A8FE05460028B9D0AB681B78002BE8
:10CFE000F5D02B79002BF2D1BDF82010FFF7CAFD48
:10CFF0000028ECD0AB681B788DF81230EB6801A8E4
:10D000009847E4E701A807F0E9F9A0E788050120BF
:10D01000D83800202DE9F74F846A07466078431E10
:10D02000DBB2FD2B884618D8FFF786FE054618B1FF
:10D03000A188FFF7A7FD88B9002594F90030002BDF
:10D0400080F2A081237A980700F09C81C74C94F865
:10D050007B31002B3AD101201CE0002523781A06F1
:10D0600002D5227A9607E7D113F0400F03F00C03A4
:10D0700013D0082B28D0398C4FF6F772914223D861
:10D080000DB12A7902BB41463846FFF76FFB80F0AD
:10D090000100C0B203B0BDE8F08F0125082BCCD150
:10D0A000FA8B4FF6F7739A42C7D93E8CF6F752FFC8
:10D0B0008642C2D0AE49B1F8F830013321F8F83FCA
:10D0C000442033F05BFFB8E70025E7E797F82490AA
:10D0D000BE6A94F87AA1757AA9F10A095FFA89F90A
:10D0E000BAF1030F00F24A81DFE81AF004004F00A2
:10D0F000390139015C200DF1070130F077FA9DF814
:10D10000070048B19B4A92F82930D90704D523F08B
:10D11000010382F82930BDE796F808B0BBF1010F92
:10D1200099D194F87B21954295D894F87C31994512
:10D1300091D802FB03220021A0693AF09FFD84F8F8
:10D140007D5184F87AB13B8C84F88381A4F87431E2
:10D15000737884F88031F278B37843EA0223A4F834
:10D1600076313379727943EA0223A4F87831B379BE
:10D1700084F88131F37984F882317E4B5B7884F8CE
:10D180008431002384F87E3155465C200DF107017F
:10D1900030F02CFA9DF8070070B1764991F82930EB
:10D1A00023FA05F2D20707D5012202FA05F523EA90
:10D1B000050381F829306DE7337A03F00302022A70
:10D1C00002D0002D7FF447AF13F0FC0F7FF443AF84
:10D1D00094F87D31AB42FFF43EAFB4F874213B8C40
:10D1E0009A427FF438AF94F8802173789A427FF4A2
:10D1F00032AFB4F8762173889A427FF42CAFB4F83A
:10D200007821B3889A427FF426AF94F88121B379CC
:10D210009A427FF420AF94F88221F3799A427FF406
:10D220001AAF544E94F87E1196F827208B189D4221
:10D23000BFF611AFB5FBF2F38D4202FB1353DBB225
:10D2400008D2E91A84F87E114FF0FF3101FA02F298
:10D2500084F87F21A26994F87C1101FB0521BA6A48
:10D2600002F10A00002291453AD1E26902F80590E4
:10D2700094F87E118D420ED194F87D2196F8270006
:10D28000521BD2B2824228BF02464FF0FF3000FA52
:10D2900002F284F87F2101229A4094F87F311343EF
:10D2A000DBB2FF2B84F87F310AD194F87D5196F8D8
:10D2B00027006A1A4D1E8242D4BFAD182D18EDB258
:10D2C00094F87D21013A954214D1FF2B0ED1032011
:10D2D000FDF768FC38464146FFF7BAFD0020D9E665
:10D2E00010F802C001F802C00132BCE70220FDF7CD
:10D2F00059FCB0E696F82720013A11448D4201D03E
:10D30000FF2B1DD10220FDF74DFC94F87F31FF2B40
:10D310007FF4A1AE96F8273094F87E211A4484F861
:10D320007E2194F87D21013A551BEDB2AB4228BF16
:10D330002B46012000FA03F35B4284F87F31A9E613
:10D340000B4BD3F8FC30642101FB023273785A4353
:10D35000C4F8702101210020FFF739FC7BE6064B61
:10D3600044F240421A8038F053FF74E6D838002067
:10D370008804012090300020EC330020034B44F25D
:10D380005342EFE7002D3FF466AEA3E7EC330020F5
:10D3900001210FE500210DE510B5044628B90E4B1B
:10D3A00044F270421A8038F033FFA1784B1EDBB292
:10D3B000FD2B07D9084B44F27042BDE810401A809B
:10D3C00038F014BF2088F6F73FFF10B10023E37058
:10D3D00010BDAE23FBE700BFEC33002010B50446C0
:10D3E00028B90E4B44F271421A8038F011FFA1782F
:10D3F0004B1EDBB2FD2B07D9084B44F27142BDE84E
:10D4000010401A8038F0F2BE2088F6F741FF10B1C4
:10D410000023E37010BDA623FBE700BFEC33002020
:10D4200010B5044628B90D4B44F272421A8038F008
:10D43000EFFE2078431EDBB2FD2B07D9074B44F2E9
:10D440007242BDE810401A8038F0D0BEF6F74AFFAD
:10D4500010B10023637010BDA623FBE7EC3300205E
:10D4600073B5044638B93E4B44F240521A8038F046
:10D47000BDFE02B070BD90F849205D2A03D9384B3B
:10D4800044F24152F2E790F8483000260321012B84
:10D4900080F82A6001774AD1022060774FF6FF704A
:10D4A00020840E4694F84B10A56BC90742BF94F830
:10D4B0002A1041F0080184F82A10012B0CBF09231F
:10D4C0000723ED1AB4F8421021831A4484F8282067
:10D4D0002B78656143F003032B700DF107011B20CE
:10D4E00030F084F82B789DF8072062F384032B70CA
:10D4F0002B8803F01F032B8094F84830B600012BD3
:10D5000046F00306AE7013BF6569238EA5F803309D
:10D51000023DB4F84630A5F80530B4F84430A5F81B
:10D520000730104B2361204628F053FFA1E7D0E9D4
:10D530000C01032BC4E9080104D16377012184F8AD
:10D540002A10AFE7022B03D0054B44F242528DE77D
:10D55000208E63774FF6FF718842EFD11E46A1E718
:10D56000EC33002039A7000130B58FB038B93C4BFF
:10D5700044F245521A8038F039FE0FB030BD0378BE
:10D58000032BFAD14388ADF80830D0E90223CDE966
:10D590000423037C8DF81830438AADF81A30D0E9A3
:10D5A000062390F82050CDE9082390F828308DF814
:10D5B0003430062D90F82A308DF83530DDD9446AA4
:10D5C000237803F00302032AD7D113F0E00FD4D15C
:10D5D0006378002BD1D10DF107011B2030F006F844
:10D5E00023789DF80720C3F382039342C5D1A37823
:10D5F00003F00302032AC0D113F0F00FBDD103F0F2
:10D600000C030C2B10D10123082D8DF81830B4D940
:10D61000B4F80300ADF82000FF21F6F78BFE0028D8
:10D62000ABD02346092201E0A31E0722597998793D
:10D6300041EA0021ADF82A10D9791B7A41EA032387
:10D64000ADF82830074BD3F81831AD1A14448DF8D3
:10D650002C500C94002B90D002A898478DE700BF67
:10D66000EC3300208804012018B1064BD3F81821B0
:10D670002AB1054B44F246521A8038F0B7BDC3F8C0
:10D680001801704788040120EC33002030B5234A8C
:10D69000526885B082B94FF6FA73ADF808308DF84C
:10D6A0000A20BDF80830002063F30F00BDF80A30EF
:10D6B00063F31F4005B030BD30B94FF6FB72ADF8D3
:10D6C00008208DF80A00ECE7D0E900234FF0FF3581
:10D6D0006FF006049D4208BF94420BD301231A4603
:10D6E0000021FCF7ADFD019000B2043002D0019B97
:10D6F0000293D6E70D2300211A460846FCF7A0FD49
:10D70000019000B20430F2D1052300211A460846E8
:10D7100005B0BDE83040FCF793BD00BF8804012090
:10D7200070B586B00D46694681E80C009DF8003062
:10D73000164CAF2B06461BD1A8B10068716804AB2C
:10D7400003C304A8FFF7A2FF03040CD4FCF730FFC7
:10D750002C4420B1A07CC0F3400006B070BDA07C7A
:10D76000C0F38000F9E72C44A07C00F00100F4E74E
:10D77000DDF80200FCF71CFF2C4418B1A07CC0F3BC
:10D78000C000EAE7A07CC0F30010E6E7903000207C
:10D790002DE9F04188B06B4683E80600876ABB78C4
:10D7A000053B0B2B054603D9012008B0BDE8F081ED
:10D7B0003B789DF800405B062ED47A78298C284867
:10D7C00034F0BCFC0028EFD09DF804308DF80C300C
:10D7D00095F82430BDF902208DF80840022BADF8F1
:10D7E0000A2013D9AB6A9E78731E0F2B0ED805F052
:10D7F00053FCB8B195F83440A4B9052E15D0102EBD
:10D8000004D1288C06F01AFD044670B9387880F0EF
:10D810004000C0F38010C8E72146FEF7A7FF0028AC
:10D82000CBD1C1E7052EECD100240DF1080898E812
:10D830000C0031462046FFF773FF0028E6D0094B65
:10D8400053F82630002BE1D098E80300CDE90445D9
:10D850000690ADF81C1004A898470028A5D0D5E77D
:10D8600088050120AC6204012DE9F04391B06E46B9
:10D8700086E8060090F81C909DF80070B9F1010F41
:10D8800004466DD0B9F1020F01D001206BE0856A2A
:10D890002B78C3F301085FFA88F2012A00F01F8198
:10D8A0004FFA88F1002957D0022AEED103F0030382
:10D8B000022B05D08C4B44F245421A8038F0A8FC6C
:10D8C0008A4B1A789E68C2EB021206EB021140F2F4
:10D8D00001208E42D9D2B6F8E02022F0FE021205D5
:10D8E000120D824240F0F9803268278CD28B974229
:10D8F00040F0F380D6F8B02095F807C0D779BC4542
:10D9000040F0EB80B5F804C09788BC4540F0E58056
:10D91000B5F802C05788BC4540F0DF8095F801C0DB
:10D920009779BC4540F0D980AF795278974240F062
:10D93000D48096F8E02002F0FE02022A5DD196F82B
:10D94000E130032262F30303002286F8E13011463E
:10D950003046FEF763FD98E703F00C030C2B05D06F
:10D960003946FFF757FB11B0BDE8F083018C2A7AE6
:10D970005F4834F0E3FB002887D094F82430082B6C
:10D9800083D901228DF81020A9786A788DF81B9030
:10D9900042EA0122ADF81220228CADF81C20628CE4
:10D9A000ADF82420EA798DF82620A9796A7942EA2F
:10D9B0000122ADF82820093BEA782979ADF82C300E
:10D9C000A36A8DF8348009330C9394F834308DF8C1
:10D9D000363094F82C308DF83730236B0E9342EAB2
:10D9E000012294F82D30ADF82A2003A88DF8357067
:10D9F0008DF83C30FFF7EFF947E7062A6DD193F831
:10DA0000A601697A81424FF001042DD1DFF8E4C00C
:10DA100095F80AE09CF8272004FA02F77F4247EACB
:10DA20000E07FFB2AF7296F8E1504FF0030E6EF39F
:10DA30000305FF2F86F8E1502FD193F8A851481E17
:10DA4000A5EB010E9645D4BF70448018C0B2013DCD
:10DA5000A84283F8A50109D13046FCF767FD0022F2
:10DA600011463046FEF7DAFC20467CE7114407FAFF
:10DA700002F2C9B2D24383F8A6119CF8010083F8E0
:10DA8000A51122F00102D3F89C1183F8AA0183F8B2
:10DA9000A7210868FEF72CF8E6E7F943C9B200258C
:10DAA000ECB2A24202D883F8A71110E02E4641FA48
:10DAB00006FC1CF0010F05F10105F1D00122B24076
:10DAC0003A43D243204483F8A72183F8A501D3F831
:10DAD0009C110868FEF70CF8D7E6F036F9E696E8F0
:10DAE0000600FFF755FE3EE7EC330020D838002053
:10DAF00088050120903000202DE9F04FA34EB6F8A4
:10DB00008880B8F5887F87B018D0A14F06F120092A
:10DB100044F24E4A484637F003FD054670B1BB68F3
:10DB20003978EC1AF022B4FBF2F4E4B2A14227D81F
:10DB3000984B44F249421A8038F058FB0025DFF830
:10DB40006482DFF86492ADF80C50404637F0E8FC90
:10DB50000446002840F0FC80B6F88830980700F1B1
:10DB600086818D4DD6F89440002C40F0A981B6F8FE
:10DB70008830B3F5A06F40F0B6820024844FDAE21B
:10DB800002FB0434B8F5C26F94F8E03002D0B8F567
:10DB9000A06F22D103F0FE03042B14D12046FEF720
:10DBA00093FE4368417883463BB97A4B019144F236
:10DBB0004A421A8038F02CFB01996B7B1BB9DBF8C9
:10DBC0000400FFF745F9206805F10802A321FCF7DE
:10DBD000E3FE2846FCF7FCFB9CE75B08032B00F206
:10DBE000B180DFE803F0020896490022697B2046F5
:10DBF000FEF714FC8EE794F8E13003F00F03012BDD
:10DC000088D1287BD4F800B0FCF781FC634B94F8F2
:10DC1000E1205B78697BA3EB12139840A1B96060A7
:10DC200039F0D6FF6368C0F308000344636094F8DA
:10DC3000E130022262F30303626884F8E1300021DC
:10DC40002046FEF7C4FF65E7CE2909D0F02907D0AA
:10DC5000D02905D0D129E2D19BF93430002BDEDA6E
:10DC600005F108025846FCF797FE2846FCF7B0FB82
:10DC70000120FCF76DFE61E794F8E13003F00F033B
:10DC8000012B7FF447AF97F8A83197F8A521DFF86B
:10DC90000CB1013B9A4207D09BF8273097F8A701B7
:10DCA0000022D1B28B421CD8287BFCF730FC9BF8B9
:10DCB000012094F8E140A2EB141400FA04F439F0C6
:10DCC00087FFD7F89C31C0F3080093F8E1100219E0
:10DCD000022060F3030183F8E1105A600021184626
:10DCE000AFE7944640FA0CFE1EF0010F02F101026C
:10DCF000D7D0012303FA0CF320EA030387F8A731F6
:10DD000097F8A63126480B4487F8A53130F080FFFC
:10DD100000E72046FEF7D8FD436890F801B00446BE
:10DD20002BB91C4B44F24D421A8038F071FA594617
:10DD30006068FFF78DF82846FCF74AFB0120FCF7E6
:10DD400007FEE7E6134BA3F800A038F061FAE1E61E
:10DD5000A369B6F888707BBBA26A137803F0200130
:10DD600003F00303012B21D19378052B1ED0208CC7
:10DD700006F064FA00BB0223A372238CA381C4F8CB
:10DD80001890201D06F085FADFE600BF8804012008
:10DD9000D8380020EC3300201C05012090300020F2
:10DDA000603A00201805012055AB000121B1204642
:10DDB000FDF702FE0028DAD040F23F439F42A76AF7
:10DDC00007D03B7803F00303012B02D094F83530E1
:10DDD00073B13B7858060CD5990709D1A94BD9786E
:10DDE0001A7918780A44904202DD5B788B4200D899
:10DDF0007DB1AF238DF810304FF6FF73ADF81230C0
:10DE000000238DF814303B7803F00C02042A0BD168
:10DE100001252046FCF72EFDA38DADF80C3003A99B
:10DE20003B2033F0ABF890E65A0605D503F0030229
:10DE3000022AEDD01B07EBD42046FDF7BDFD0028DC
:10DE4000E6D13B789D0608D521468F4837F044FB44
:10DE50000220FCF77DFD0125DEE706AB13E9060095
:10DE60002046FFF701FD05460028F4D0D1E7DFF892
:10DE70001482DFF8289200BFD6F89440002C3FF4BB
:10DE800076AEA369002B37D1254604AB55F81E0F9B
:10DE9000696803C3237F032B1CD104A806F082F911
:10DEA000C0B92B68E3606B682361237FA372774B53
:10DEB000A361201D06F0EDF9754837F031FBDBE773
:10DEC0002146284637F032FB0022A3212046FCF7EA
:10DED00063FD47E6237F022B0ED12046FCF7E0FAD4
:10DEE00050B1E08B4FF6F773984205D806F0A6F9CB
:10DEF00010B9E38BA381D8E7D8F89C3143B1204611
:10DF0000FCF7DEFA20B12046FCF7DAFA002847D108
:10DF100000234FF4987004A98DF810302FF066FBA1
:10DF20009DF810302046002B14BF52256425FCF7C5
:10DF3000C7FA20B1D8F8A031002B00F0838020462A
:10DF4000FCF7BEFA18B194F8343059077AD5A38E8D
:10DF500023F0FB031B041B0CB3F5827F72D0E38D0F
:10DF6000AB4204D994F8345015F0080544D094F825
:10DF70002C1019B10846FEF7DFFE60B194F834307A
:10DF8000227F13F0040311D0022A0DD1E58B4FF646
:10DF9000F77085420AD900252F464FF0A60A2EE0D9
:10DFA0002468002CAFD1E2E5012AF4D0901E0128AC
:10DFB00012D894F82630F22B09D194F83530ABB949
:10DFC000237F032BE7D8DFE803F042577A6B0F3348
:10DFD000DBB20D2BF1D8DEE7002AEED1002BECD01E
:10DFE000608DFEF751F90028E7D0D4E7E28E4FF6B6
:10DFF000F7739A42E4D9CEE72F464FF0A00A2146A4
:10E00000234837F093FABAF1000F15D12FB9214BFD
:10E0100044F250421A8038F0FBF82C602046FCF79E
:10E020004FFA10B12846FCF781FA29462046B84736
:10E03000824600283FF420AF002251462046FCF7DC
:10E04000ABFC19E700252F464FF0AA0AD7E7204678
:10E05000FCF736FA50B10320FCF7C6FA0E4F05461E
:10E06000002D3FF484AD4FF0000AC8E794F8343037
:10E070005A0748BF0120EFE70020FCF7B5FA4F46EA
:10E080000546EDE7D8380020F80401206DAB00010B
:10E090001C050120EC330020E5C30001FDB900019F
:10E0A000224604AB52F81E0F516803C304A806F0C1
:10E0B00079F8054668B10388E38302232377204675
:10E0C000FCF7FEF948B10320FCF78EFA5D4F0546D8
:10E0D000C6E707464FF0A90A91E794F834305B078A
:10E0E00048BF0120F0E7B3F5C26F3FF446AD40F200
:10E0F0003F42934246D10027534D82E0C4EB0415C2
:10E10000BB682D012B4493F8E020032A11D193F82A
:10E11000E12002F00F02042A01D0022A09D1186876
:10E120000022A321FCF738FCB8682844BC30FCF777
:10E130004FF90134E4B23B78A342DFD8B6F8883017
:10E14000B3F5A06F1ED1737FE3B9D6F884502B7955
:10E15000C52B05D03D4B44F26D421A8038F058F87B
:10E160002C8924F002042404240C2C8154B9204668
:10E17000FEF748FC4FF4C26321462846A6F88830D3
:10E18000FDF7F6FA07B0BDE8F08FAB68C7EB0714F0
:10E1900003EB041440F20142B4F8E03023F0FE0334
:10E1A0001B051B0D93422AD194F8E01001F0FA03ED
:10E1B000022B24D194F8E13013F0F0023CD003F0AC
:10E1C0000F02012A12D0012201F0FE0162F30303C3
:10E1D000103B022984F8E13017D104F11800FCF754
:10E1E000D9FC626800212046FEF7F1FCB6F81C312C
:10E1F000174901334320A6F81C3132F0BFFE013726
:10E20000FFB22B78BB42C0D898E70629EED195F82B
:10E21000A731D5F89C1123F0010385F8A73195F8B3
:10E22000A63185F8A53195F8AA31013B85F8AA31C8
:10E230000868FDF75DFCD9E7A7212046FEF7EEF858
:10E24000DDE700BFF1BA0001D8380020EC33002030
:10E25000A40501202DE9F043426892F82410042916
:10E260008FB0054604D8012630460FB0BDE8F083D4
:10E27000946AE0780528F6D80123834013F0220F32
:10E2800040F0908013F0110F4ED113F00C0FEAD034
:10E2900092F83430002BE6D092F8353023B92B7A3F
:10E2A0004F33DBB2012BDED805F1080797E80C00ED
:10E2B00011212868FFF734FA06460028D3D06A688F
:10E2C00092F824301D2BCED12968946A002900F0E1
:10E2D000D280086849686B4603C3138CADF80830D8
:10E2E000E3788DF80A30224608AB52F8040F5168E3
:10E2F00003C39068D16803C3224606AB52F8140FDB
:10E30000516803C397E80300237F0C90003318BFC4
:10E31000012368468DF81030ADF8341004F0AAF9E6
:10E32000237F002BA0D032E024299CD104F11C08CB
:10E3300005F1080797E80C0013214046FFF7F0F9B4
:10E34000064600288FD004F1140923F0E9FA0822C8
:10E35000494639F0C7FBF0B9E3788DF80A30E06937
:10E36000216A6B4603C397E803006B681B8CADF80A
:10E3700008300C90ADF8341054F8040F616804AB09
:10E3800003C3A068E16803C3684604F073F96846F4
:10E39000FCF71CFD68E73A4A49462846FCF750FE60
:10E3A000064661E725297FF45EAF04F11D0805F1FB
:10E3B000080797E80C0012214046FFF7B1F906461E
:10E3C00000283FF450AF04F1150904F1140204F1E0
:10E3D0001C0100BF12F8013F33BB8A42FAD1E27838
:10E3E00083F00103052ADBB220D16A6892F8352058
:10E3F0002AB92A7A4F32D2B2012A3FF634AF002B23
:10E400007FF431AF23F08CFA08220146484639F0F8
:10E4100069FB68B1E378012B7FF425AF2B7AAF2B32
:10E420003FF421AF174AB7E73346D8E7002BE9D0CE
:10E43000E3788DF80A30D8F80000D8F804106B465D
:10E4400003C397E803006B681B8CADF808300C9091
:10E45000ADF83410237D8DF8103054F8043FCDF81A
:10E4600011306368CDF81530A368CDF81930E36832
:10E47000CDF81D3088E700200021CDE900012CE710
:10E4800095AF000155AF0001094A03B2506882B050
:10E4900050B1002B0ADB11889AB2914206D903EBE6
:10E4A000430300EB03101B3002B070470020FBE772
:10E4B0008804012013B50C4681B94FF6FB73ADF803
:10E4C00004308DF80610BDF80430002063F30F000F
:10E4D000BDF8063063F31F4002B010BDFCF7D6FF55
:10E4E000030400900DD4FFF7CFFF23680360636837
:10E4F0004360A3688360E368C3606946152032F017
:10E500003DFD009B0193DEE7F7B545690446406E8B
:10E510000E46FFF7BBF80304009012D5E36E2BB94B
:10E52000294B44F26D521A8037F072FEE36E0221DD
:10E53000204698472846F9F70BFA0125284603B0EC
:10E54000F0BD94F85D500190FCF732F81F4B2B445E
:10E550009D7C20B1C5F3401525B90025EEE7C5F334
:10E560008015F9E76369D3F898702677002EF4D107
:10E5700094F85E3084F83E300098FFF785FFA06283
:10E580000098FCF741F9A063F9F714FD94F85F30A7
:10E5900084F8423084F8410023F0C2F9E062384642
:10E5A000FBF7B2FE94F8603084F83F0084F8403006
:10E5B000074B63633B78276343F020033B7004F110
:10E5C000200032F002F9B9E7EC330020903000204F
:10E5D000B9AF000170B54468E36E6569064603B1E2
:10E5E0002DB90C4B44F26A521A8037F011FE237F8A
:10E5F00043B92046E36E717B98472846BDE87040DA
:10E60000F9F7A6B900212046FFF77EFF0028F0D0D9
:10E6100070BD00BFEC330020F7B5436D06460446DD
:10E6200056F814791BB1836D0BB1036D2BB92E4BCA
:10E6300044F263521A8037F0EBFD17B1D7F89830E7
:10E640002BB9294B44F264521A8037F0E1FD274D73
:10E6500094F849302B449B7C13F0600305D094F868
:10E660004B30002B0CBF05230D23D7F89820134403
:10E67000C7F898301E4B63603046636D98470DF1C4
:10E68000070129202EF0B2FF9DF8073013B394F84C
:10E6900049302B449B7C13F0600F1BD0206DD0E9D8
:10E6A0000023134316D023F047F998B9236DD3E91B
:10E6B00000234FF0FF316FF00600994208BF9042EF
:10E6C00008D394F849301D443046A97CC909FFF7A6
:10E6D0001BFF30B994F84C3087F8B9306368304686
:10E6E000984703B0F0BD00BFEC330020903000200D
:10E6F00085AC00012DE9F743DDF828800446894602
:10E7000016461F46F9F756FC18B9002003B0BDE8BD
:10E71000F083A57F012D31D0B9F1000F01D1022086
:10E72000F4E74846FEF7B2FF030405460190F6D42D
:10E73000FFF7AAFEA0602846FCF766F8A061B8F1D2
:10E74000000F02D00198C8F80000A37F012B28D049
:10E75000A3690133E3D0A368002BE0D022691378CA
:10E7600043F02003137084F8227023F0D9F8666117
:10E77000E060204632F029F80120C7E7F9F7D4FC21
:10E780000028CCD0A577F9F743FDA0601BF090F8E6
:10E7900000B9A060F9F77EFDA061F9F729FD607767
:10E7A000D3E7F9F70DFC0028AFD1D1E782B002B072
:10E7B000FCF7D4BE82B0019002B0FBF77BBD82B003
:10E7C00002B0FCF7CBBE82B0019002B0FBF772BD85
:10E7D00037B5FCF75BFE0304054600901ED4FFF737
:10E7E00053FE044628460195FBF764FD0368236049
:10E7F000436863608368A360C368E360BDF9003069
:10E8000003EB4302064B5B6803EB021369469A7AFB
:10E8100022F020029A72152032F0B0FB03B030BD16
:10E820008804012037B5FCF731FE0304054600904B
:10E8300012D40190FBF73EFD04462846FFF724FE64
:10E8400003682360436863608368A360C368E36010
:10E850006946152032F092FB03B030BD2DE9F3413B
:10E86000184E73680746884623B90025284602B02B
:10E87000BDE8F0810028F8D00024254601231A467F
:10E8800021463846FBF7DCFC019000B2031D0ED098
:10E89000736800EB400203EB0213013000229A720E
:10E8A00084B201A9152032F069FB0125E6E7002DAD
:10E8B000DBD0B8F1000FD9D03946092032F05EFB29
:10E8C0004546D3E7880401201FB51C4B01905B68C7
:10E8D0008BB94FF6FA72ADF80C208DF80E30BDF8FA
:10E8E0000C30002063F30F00BDF80E3063F31F40BF
:10E8F00005B05DF804FBBDF904109DF80600002981
:10E90000A6BF013189B2002110F0040017BF052312
:10E9100001231A46002008BF1A46FBF791FC02901B
:10E9200000B2031D05D14FF6FE73ADF80C30002385
:10E93000D3E7ADF80800029B0393D0E788040120D9
:10E940002DE9F8430746414E00230446022086F88D
:10E950006830FBF7FDFF17F824393546002B5CD1F2
:10E9600014F80A2C92B196F86E20510704D4686E00
:10E97000BDE8F843FBF77EBF012286F8682004F863
:10E980000A3C3846BDE8F84331F022BF736E54F8B4
:10E99000102C9A6214F80B2C83F8242054F8140CD1
:10E9A000D0E9003213F1FF3842F1FF394FF0FF3365
:10E9B0006FF007024B4508BF424511D322F0BCFF60
:10E9C00070B954F8103C1B7803F00303012B07D0F7
:10E9D00054F8143C716ED3E90023088CF7F722FA3F
:10E9E00054F8102C137803F0030101290AD1D5F84B
:10E9F0006A10B5F86E20686EFEF7CAFE0028B6D120
:10EA0000BDE8F8836FF345131370D5F86A10B5F8B5
:10EA10006E20686EFEF728FFF0E7042BA7D114F8EC
:10EA20000A3C002BA3D096F86E305A079FD5F06EA3
:10EA3000FFF74AFF0304F06699D4FFF725FD012391
:10EA400044F81C0C86F868309BE700BF880401205E
:10EA500013B50C46FEF71AFE4303019012D4BDF91C
:10EA60000420002A0EDB0A4853001344426802EBDC
:10EA700003139A7A44B142F002029A7201A9152056
:10EA800032F07CFA02B010BD22F00202F5E700BFBE
:10EA9000880401201FB5019000B200282ADB164C23
:10EAA000636800EB400003EB0010837A5A0721D51E
:10EAB0000D2300211A460846FBF7C2FB039000B263
:10EAC000031D08D0636800EB400003EB0010837A5D
:10EAD00023F008038372BDF9043003EB430263683B
:10EAE00003EB021301A99A7A42F008029A721520E8
:10EAF00032F044FA04B010BD8804012013B5044676
:10EB000080B94FF6FB73ADF804308DF80600BDF800
:10EB10000430002063F30F00BDF8063063F31F409C
:10EB200002B010BD1D2300211A460846FBF788FBE2
:10EB3000009000B2002811DB0A4B5B6800EB40003C
:10EB400003EB0010D4E90023C0E90023837A23F00B
:10EB50000C0383726946152032F010FA009B019372
:10EB6000D5E700BF8804012007B5019000B2002856
:10EB70000FDB094B5B6800EB400003EB0010837A6E
:10EB80005A0706D543F01003837201A9152032F00D
:10EB9000F5F903B05DF804FB8804012007B5FEF722
:10EBA00075FD019000B20028A1BF074B5B6800EB28
:10EBB000400003EB0010B2BF0020807AC0F3400099
:10EBC00003B05DF804FB00BF880401202DE9F34188
:10EBD000314C636805460E468BB94FF6FA72ADF8B4
:10EBE00004208DF80630BDF80430002063F30F00D8
:10EBF000BDF8063063F31F4002B0BDE8F08130B9C4
:10EC00004FF6FB73ADF804308DF80600EBE70027F4
:10EC10006FF00308394601231A462846FBF710FB1C
:10EC2000019000B2021D32D016F0020F4FEA4002EE
:10EC300011D06368171803EB0717394651F80B3FDB
:10EC4000C7F81B304B68C7F81F308B68C7F82330F4
:10EC5000CB68C7F8273073070BD5A368171803EBE9
:10EC600087030021196059609960636803EB0717F7
:10EC7000398163689DF80670024403EB0212411C5F
:10EC8000937A23F02003937289B28046C3E7ADF8EC
:10EC900004808DF80670A6E78804012010B5154C95
:10ECA0004FF4927021462EF0A1FCB4F90030002BF5
:10ECB00005DA114B44F227521A8037F0A9FA0F49AE
:10ECC00040F21E202EF078FC0D4940F21F202EF05D
:10ECD00073FC2388606830225A43002138F0CEFF4D
:10ECE0002388A0680C225A430021BDE8104038F068
:10ECF000C5BF00BF88040120EC3300208C04012034
:10ED000090040120064B5A681988002308321846DF
:10ED1000994200D17047013322F8300B9BB2F7E7DC
:10ED2000880401202DE9F843074650B1734CD4F80C
:10ED30008420A0F110039A4203D110F80C3C192B47
:10ED400007D06F4B44F266421A80BDE8F84337F0B3
:10ED50004DBAB4F88830B3F5E06F40F0C18004F1EB
:10ED6000940600BFD4F89450002D6BD1DFF8B48125
:10ED700044F24349256A002D6DD100BF98F8003058
:10ED8000AB4200F29E8000250120257784F81E51B9
:10ED9000FDF738FEFCF768FA5A48C4F8805001269F
:10EDA0004FF48068C4F88C50C4F8B0502FF05AFF6C
:10EDB000554B5648C4F8C430C4F8BC8084F8C060D1
:10EDC000C4F898502FF04EFF4FF47A73C4F8A43073
:10EDD0004F48504BC4F8AC3084F8A860C4F8E050F9
:10EDE0002FF040FF4C4BC4F8F430C4F8EC8084F8AA
:10EDF000F06084F86850C4E91C55A56738F0AAFE95
:10EE0000FCF7A8FAFFF77EFF40F23233A4F888300F
:10EE10003B783B72414836F083FB7B682BB9384B1B
:10EE200044F269421A8037F0F3F97B6807F1080071
:10EE30009847D4F88430002B5DD00020BDE8F8431B
:10EE4000FBF786BD304636F06BFB0022A321284637
:10EE5000FBF7A2FD86E72946314836F067FBD8F874
:10EE60000860F023AE1BB6FBF3F698F80030F6B25C
:10EE7000B34205D8224B44F242421A8037F0C8F917
:10EE8000D8F80830F02202FB063696F8E0303068F9
:10EE9000C3F34603DAB2012A10D05BB243B1022AAF
:10EEA0003FF468AF164BA3F8009037F0B1F961E773
:10EEB000697B05F10802FBF76FFD5BE70022A721E4
:10EEC000F9E7D8F80830C5EB051003EB001090F80F
:10EED000E030DB0701D5FBF77BFA0135EDB24DE7FA
:10EEE000B3F5007F3FF44FAF054B44F267421A8001
:10EEF00037F08EF947E7BDE8F88300BF88040120AA
:10EF0000EC3300203C05012061B6000124050120FE
:10EF10006C050120B1B6000105B700010C05012008
:10EF2000A8040120D8380020094A03B2506882B0F2
:10EF300048B1002B09DB11889AB2914205D903EB45
:10EF4000430300EB031002B070470020FBE700BF53
:10EF5000880401202DE9F047714D8AB01C464FF01E
:10EF6000FF33A5F86C3000930026AF2385F86E6060
:10EF700085F86A306061894690460590FBF7C4F9D0
:10EF80009DF84C708DF8180018B902200AB0BDE841
:10EF9000F08705A831F028FC079A7AB9B7B99DF82F
:10EFA0002530002B52D0089B1A685B68C5E90A23FC
:10EFB0005C4B23613E464FF0FF3A1EE03346D15C86
:10EFC0000DF803100133042BF9D1E7E76B6EB3F9A9
:10EFD00010A01A690192BAF1000F9E7C05DA524B1B
:10EFE00044F204521A8037F013F9ADF804A08DF8FA
:10EFF00006600198FFF798FF2061DDF80080B8F106
:10F00000FF3FC2D023693BB94FF0FF336FF00302DB
:10F01000C5E90A23434B23619DF82430012B1AD103
:10F02000F9F782F80028B0D0F9F7F2F8AC23A06025
:10F0300085F86A304FF00008A368002B52D13A4B94
:10F0400044F205521A8037F0D1F89EE7404605F0A9
:10F05000F5F82061AEE72169002302A8CA5C1A54C2
:10F060000133082BFAD137B9FEF710FB01900FFAE4
:10F0700080FAC0F30746BAF1000F86DB2B4BADF8E0
:10F0800004A0D3E90201DDE90223994208BF9042BE
:10F090008DF806600CBFB123AB23019885F86A3068
:10F0A000FFF7F2F97307A06006D5002FC2D186F0F2
:10F0B0000808C8F3C008BFE7AB6823B12A881FFA65
:10F0C0008AF39A4205D8184B44F221521A8037F03D
:10F0D0009FF8AB680AEB4A0203EB82035B68984532
:10F0E000A8D252E7ADF804A08DF80660019BEB664C
:10F0F000F8F760FF9DF818302376129BE361009BC0
:10F10000207384F8199084F81A80236217B122F0D2
:10F1100007FC2061204631F05BFB012036E700BF91
:10F1200088040120B0040120EC330020903000203E
:10F130002DE9F347634C94F868602546002E38D1DA
:10F14000236FEBB104F1700036F0EAF9012384F883
:10F15000683060665C4B028C90F824100093019636
:10F16000054604F13003806AFFF7F4FE012820D041
:10F17000284684F8686002B0BDE8F047FBF77ABB28
:10F18000636FCBB104F1740036F0CAF9A0F10C033F
:10F190006366012384F86830B0F8C02090F8C51089
:10F1A00001934A4B0093D0F8A40004F13003FFF719
:10F1B000D1FE02B0BDE8F087A36F002BF9D004F1B7
:10F1C000780036F0ADF90446A0F10C07B0F8C000A5
:10F1D00005F034F80126814685F868606F66F8F717
:10F1E000E9FE94F8C52094F8D63085F8502094F8BC
:10F1F000DC2085F84F30D4F8A43085F851002B641A
:10F2000005F1300804F1040A4ABB54F80C3C93F8A9
:10F210003430C3F3400285F84E20C3F30013CDF819
:10F2200000A02B4A49464046FFF764FA0128C0D0A7
:10F230000023022885F8683033D098BB2B6C95F8F2
:10F240005020C4F8A43004F10C00012384F8C52038
:10F2500084F8C93002B0BDE8F047FBF79BBC13F857
:10F26000493CAB3B072B15D8DFE803F00B04141423
:10F270000D140B0B012385F84E30CDF800A00023B0
:10F28000CFE70023F7E784F8C96004F10C00FBF72F
:10F2900081FCF2E70F4B44F202521A8036F0B8FFBD
:10F2A000EBE7AD200146002254F80C0CFBF774FB91
:10F2B0003846FBF78DF8012002B0BDE8F047FBF7B8
:10F2C00047BB00BF8804012041E90001E9C40001F7
:10F2D00031AC0001EC33002030B585B0CDE9000140
:10F2E000684614461D46FEF7D1F9039000B2002887
:10F2F0000FDB9DF80E305B070BD4074B5B6800EB10
:10F30000400003EB0010C0E9004503A9152031F0CF
:10F3100035FE05B030BD00BF880401201FB5019047
:10F32000FBF72CFA05B05DF804FB1FB5CDE9000131
:10F3300068461446FEF7AAF90304014605D42046A0
:10F34000FAF7CEFF002004B010BDA620FBE7014B6A
:10F35000187070471C2D012082B0019002B0FBF79D
:10F3600027B900B50123002189B01A460846FAF7EB
:10F3700067FF00B2043011D14FF0FF324FF0FF337E
:10F38000CDE90223074A1068516804AB03C39068B3
:10F39000D16803C304A902A8FFF78CF809B05DF88F
:10F3A00004FB00BFF062040100B50123002189B015
:10F3B0001A460846FAF744FF00B204300DD14FF068
:10F3C000FF324FF0FF3304A92D20CDE902232EF0A8
:10F3D0000DF904A902A8FFF76DF809B05DF804FB68
:10F3E00030B587B0FEF752F903040446009037D4D5
:10F3F0000290FAF75FFF024600685168019402AB81
:10F4000003C39068D16803C32046FAF753FF05464B
:10F410002046FFF739F803682B6043686B60836808
:10F42000AB60C368EB600098FFF72EF802AB0246B2
:10F4300003CB5160106003CB9060D160BDF9002018
:10F4400002EB4203074A526802EB03126946937AC1
:10F4500023F00C0343F022039372152031F08EFD4C
:10F4600007B030BD8804012082B0C0F3405002B024
:10F470007047184A526833B48AB94FF6FA73ADF838
:10F4800004308DF80620BDF80430002063F30F002F
:10F49000BDF8063063F31F4002B030BC704738B986
:10F4A0004FF6FB73ADF8043000238DF80630EAE721
:10F4B000D0E900234FF0FF356FF006049D4208BFEE
:10F4C0009442EDD301231A46002102B030BCFAF772
:10F4D000B7BE00BF8804012082B0019000B20028AE
:10F4E00008DB054B5B6800EB400003EB0010837A00
:10F4F0001943817202B070478804012082B00190E4
:10F5000000B2002809DB064B5B6800EB400003EB10
:10F510000010837A23EA0103837202B0704700BFB0
:10F520008804012010B5044638B90E4B4FF48B42C5
:10F53000BDE810401A8036F059BEFCF739F80723B1
:10F5400084F85D3004F1700363660B2384F8603047
:10F55000054BA366054BE3662046BDE81040FBF76C
:10F5600071BA00BFEC330020E9BE000115B60001FE
:10F5700038B50446051D38B9124B44F2F0521A80D2
:10F58000BDE8384036F032BE2846FCF711F80823B3
:10F5900084F8613004F18003A36694F88830022B6C
:10F5A0000ED0042B0CBF0C23042384F86430064BCC
:10F5B000E366064B23672846BDE83840FBF742BAAE
:10F5C0000C23F2E7EC33002089BF000155AE0001A7
:10F5D00008B50A4B4FF48872A3F888200022C3F8BC
:10F5E00084201A7783F81E21C3F81421FBF73CFE10
:10F5F000FFF754FBBDE80840F8F738BA880401204B
:10F6000010B50C490446252031F04CFC094938203E
:10F6100031F048FC3CB9084B44F26042BDE8104070
:10F620001A8036F0E3BD192323712046BDE810404F
:10F63000FBF746BA202D0120EC33002028B9054BFA
:10F6400044F261421A8036F0D1BD8A220271FBF782
:10F6500037BA00BFEC33002028B9054B44F26242B0
:10F660001A8036F0C3BDC5220271FBF729BA00BF6C
:10F67000EC330020044BB3F8880040F23F43C31A38
:10F6800058425841704700BF8804012038B51B4CD0
:10F690002269207B0023603A6025D9B2884209D8CC
:10F6A00000252378AB420DD894F87A01003018BFBA
:10F6B000012006E0013305FB03F1515C0029ECD089
:10F6C000012038BD36F0D0FE2BB2A268C3EB031385
:10F6D00002EB031360B193F8E020D20705D593F84D
:10F6E000E13003F00F03022BEAD10135EDB2D8E788
:10F6F00093F8E030DB07E3D4F7E700BFD838002009
:10F700002528F8B50C4607D1FFF7C0FF237880F015
:10F71000010018402070F8BD3828FCD1114B187832
:10F720009D680022F02640F20127D3B2984204D807
:10F730000023227813432370EDE706FB0251B1F852
:10F74000E03023F0FE031B051B0DBB4205D191F8F1
:10F75000E03003F0FA03022B01D00132E5E7012388
:10F76000E7E700BFD83800200378DA0610B5044672
:10F7700001D5FBF7EFFD23781B0703D5BDE810404B
:10F78000FFF7C0BA10BD10B5044638B90D4B44F2AE
:10F790009052BDE810401A8036F028BDFBF708FFF4
:10F7A000092384F85D3004F170036366042384F850
:10F7B0006030054BA366054BE3662046BDE810406C
:10F7C000FBF740B9EC3300201DBF0001DDA70001AD
:10F7D00070B51C4C94F81E11227F0B460133DBB22E
:10F7E000082B28BF002322FA03F0C00726D50121E9
:10F7F00099404A402277144A84F81E3102EB830371
:10F800005D6D2DB9114B4FF488421A8036F000FD22
:10F81000A847237FABB10E4C23889B0611D42AF056
:10F82000FBFA238843F0200323802AF005FB094BD1
:10F8300009481B68BDE870401B6918479942CDD143
:10F84000E7E770BD88040120AC620401EC330020BE
:10F850005E130120503800205438002010B50446B3
:10F8600038B90A4B4FF48C42BDE810401A8036F08C
:10F87000BDBC00F10801064835F02EFE002384F8D7
:10F8800078300720BDE81040FBF762B8EC33002069
:10F8900014050120014B1882704700BF90300020F2
:10F8A00010B5044638B90E4B44F27052BDE8104012
:10F8B0001A8036F09BBCFBF77BFE062384F85D3094
:10F8C00004F1700363660E2384F86030054BA36671
:10F8D000054BE3662046BDE81040FBF7B3B800BF18
:10F8E000EC33002049BF000181A40001054BD0E9A1
:10F8F0000001D3E90223994206BF90420120002073
:10F90000704700BF903000200048704798300020BA
:10F9100000487047A030002010B50B4CD4E90223FA
:10F92000013308BFB2F1FF3F0BD021F0F9FFD4E95A
:10F930000223D0E90001994206BF90420120002035
:10F9400010BD0220FCE700BF90300020F8B54369ED
:10F9500090F89D60D3F89850044605212846FCF79E
:10F960008BFA2246EE7052F8813F6B605368AB60B1
:10F970009368EB60D3682B6194F880302B75A28874
:10F980004FF6F773A4F108069A429CBF3368C5F896
:10F99000153005F115028ABF00237368C5F81530CC
:10F9A0005360FFF7B9FF022805F11D0714D10E4B74
:10F9B00003CBC5F81D00796094F891305BB1F8F77E
:10F9C000FFFA40B194F892302BB1252384F86030CF
:10F9D000064BA3616666F8BD21F0A2FF0368C5F877
:10F9E0001D3043687B60E7E798300020D9C00001F4
:10F9F00038B50446FFF790FF6168084B054620685C
:10FA000003C3FFF789FF8542014602D0232031F06E
:10FA1000B5FA2046BDE83840FFF770B898300020AE
:10FA200008B5FFF779FF003018BF012008BD094B6A
:10FA3000D3E90223591C08BFB2F1FF3F07D0D0E938
:10FA40000001994206BF904201200020704701202A
:10FA5000704700BF9030002038B5446805460CB1AF
:10FA600003682BB9104B44F226621A8036F0D0FBA3
:10FA700094F82430412B14D12868FFF7D8FF80B1C7
:10FA800094F8343073B1A16A084A362384F82430DC
:10FA900001F10B03A36228460331BDE83840FBF7B0
:10FAA000CFBA012038BD00BFEC33002055AF0001B4
:10FAB000014B1844817470479030002013B5002426
:10FAC00001A9074801942FF0F3F830B9019804F523
:10FAD0007A74B0FBF4F002B010BD2046FBE700BF23
:10FAE000AC48002038B5044618B190F8B830042B63
:10FAF00007D00F4B44F250621A80BDE8384036F010
:10FB000075BB051D2846FBF753FD0F2384F86130B4
:10FB100004F1B003A3661C2384F86430054BE3664C
:10FB2000054B23672846BDE83840FAF78BBF00BF76
:10FB3000EC330020F1BF0001A1AE000138B504464E
:10FB400018B190F88030042B07D00F4B41F23422CB
:10FB50001A80BDE8384036F049BB051D2846FBF742
:10FB600027FD102384F8613004F17803A3660D2388
:10FB700084F86430054BE366054B23672846BDE8EF
:10FB80003840FAF75FBF00BFEC33002071C00001BE
:10FB9000A1C1000180B584B000AF78607B68DB8BC9
:10FBA000FB81786800F05CF8034683F00103DBB268
:10FBB000002B4FD1FB89132B03D1786800F00EFA8C
:10FBC00049E0264B1B7803F00703DBB2022B06D07B
:10FBD000FB891F2B03D1786803F0CAFC3BE0FB894B
:10FBE0001E2B03D8786800F094F934E0FB89212BB0
:10FBF00002D0FB89222B03D1786804F023FA2AE093
:10FC0000FB89332B03D1786804F07FF923E0FB896B
:10FC10002F2B06D9FB89372B03D8786801F005FA1A
:10FC200019E0FB89382B03D1786800F083FF12E0DC
:10FC3000FB8948F23802934203D1786801F014F945
:10FC400009E0FB8948F23B02934204D1786801F055
:10FC50003DF800E000BF1037BD4680BD20310020D8
:10FC6000C38B3C2B00F2A480DFE803F01F252B2B75
:10FC7000312B4EA2A2A2A2A2A2A2A2A22B3737A2ED
:10FC8000372B37373737373737373761A27474A296
:10FC9000A2A2A2A2A2A2A2A2A2A2A2A2A23C3C3C76
:10FCA00048A22BA28AA2A2A24200008C0A2894BFDA
:10FCB000002001207047008C042894BF0020012000
:10FCC0007047008C022894BF002001207047008CF0
:10FCD000032894BF002001207047008C003018BF1B
:10FCE00001207047008C012894BF0020012070473C
:10FCF000008C082894BF002001207047008C092840
:10FD000094BF002001207047038C062B4ED9426A15
:10FD10005179073BDBB24800834247D302449279D2
:10FD20000A44B3EB420F2CBF012000207047214B47
:10FD30001B7803F00703022B38D0038C012B35D935
:10FD4000426A023B5278DBB2B3EBC20F2CBF0120F8
:10FD500000207047038C0E2B28D9426A127BA3F136
:10FD60000D00012AC0B204D1012894BF0020012057
:10FD70007047032A1CD1082894BF00200120704737
:10FD8000038C052B12D9426A5279981F052AC0B2FA
:10FD900008D9FE2A0CD3FF2A04D1022894BF0020E0
:10FDA00001207047003018BF0120704700207047C5
:10FDB00001207047203100202DE970430C46054694
:10FDC000D0F82480CE6B914603F0DDFF022384F847
:10FDD00028302B8A6385EB8B84F8A1016FEA4343BB
:10FDE0006FEA5343E38694F84030C4F8489023F018
:10FDF000240343F0240384F8403098F80030337033
:10FE000000237370BDE8708304F022B837B5002377
:10FE100001A940F2222001938DF803302DF0CCFB94
:10FE20000DF1030140F22B102DF0E0FB019C4FF48B
:10FE3000D47500BF9DF8032001986A4383189C4243
:10FE400004D3002137F01AFF03B030BD04F5BC70B5
:10FE50002EF008FF04F5D474ECE7B0F8563030B457
:10FE6000152B27D8DFE803F0282B37373A37402601
:10FE70002626262626262626373D260B3D2E0C2313
:10FE8000438700F1AF03D3F80650D3F802400135A1
:10FE900008BFB4F1FF3F0DD1012380F8413090F845
:10FEA000B02090F8AF3043EA0223A0F8423000239C
:10FEB00080F8443030BC70470B234387FAE70523B2
:10FEC0004387F7E790F840306FF3861380F84030AF
:10FED00003234387EEE703234387EBE704234387AA
:10FEE000E8E701234387E5E730BCFFE790F8B3304C
:10FEF00090F8D6205B005200DBB2D2B299180731DD
:10FF000003444187013200F1D60103F1B40037F018
:10FF10000BBA70B5044603F0BAFF064600285AD063
:10FF2000014600F10C052C4A2046FFF745FFE38B04
:10FF3000152B1DD8DFE803F00B1221262B454A1C98
:10FF40001C1C1C1C1C1C1C1C30351C1C3517294679
:10FF5000204600F0B0F807282CD109E029462046B9
:10FF600000F03AF9F7E72946204600F0C4F908B353
:10FF70003046BDE8704003F06BBF2946204600F0D4
:10FF8000CBF9E8E72946204600F0E8F9E3E72946FF
:10FF9000204600F05FFADEE72946204600F0B1FB7C
:10FFA000D9E796F840306FF3000386F8403002231B
:10FFB00073878420F36B58702846BDE87040FCF7C7
:10FFC000B6BB2946204600F0FDF9C4E72946204685
:10FFD00000F0BBFABFE770BD09FE00017FB5446ABF
:10FFE000068AD4F80730D4F80320CDE90223038C25
:10FFF000013B0A2B054650D92146292030F0BEFF8F
:020000040101F8
:100000002B8BB3420CD0DDE90201F5F7F5FE38B1D8
:10001000027802F0FB02012A41D0E27A920747D42B
:100020000B2030F0E1FF68B1DDE90201F5F7E4FEF5
:1000300040B1037803F0FB03012B03D102A90B208D
:1000400030F09CFF1A200DF107012DF0CFFADDE909
:100050000223B4F80100F5F7E5FEB0B19DF80730D2
:10006000022B12D000210846F4F792FE68B1E37A21
:100070009B070AD52B8BB34207D1002202A9B4F803
:100080000100F6F7A1FCF4F721FEE17A11F002017C
:1000900003D1B4F80100F7F77BFD04B070BD4378DD
:1000A000022BBDD100231A461946F8F7D3F9B7E75A
:1000B00002220270B4E72DE9734F466A0C6B0D46BD
:1000C000B34603F060FE5BF8011F95F83430DBF8AF
:1000D0000420019004F1020A6FF3000385F8343024
:1000E000C4F80210CAF80420F3F734FF0C22608130
:1000F000EA85DBF80080DBF8049021F011FCD0E900
:100100000001894508BF80451DD0DBF80000DBF801
:100110000410F5F771FE38B10378012B04D1838800
:100120004FF6F77293420AD94FF0FF33A372E3728E
:10013000019B002B4ED1072002B0BDE8708F727A70
:10014000012A18BF6381737A012B04D9019B002B0C
:10015000F1D08020F0E701D00020EDE7F6F716FAA5
:10016000804621F0DDFBD0E90023C4F80220CAF864
:100170000430EB8D0133EB850023237396F80AC01E
:1001800084F80DC098F80CE0227BDEB2B64506D9A3
:10019000B5F82E90B9F1130F01D8092A05D9002A14
:1001A000DAD0EB8D0133EB85D6E7D8F800002821B3
:1001B00001FB0301087801280AD1B44508D804EBF3
:1001C00042008988C1810132227309F10202EA8565
:1001D0000133D9E78120AFE72DE978470D460C6B55
:1001E000D0F8248003F0CFFD95F834306FF300038E
:1001F00085F83430B8F801306381814621F090FBF6
:10020000D0E90023A61CC4F8022073600C23EB8500
:1002100098F80330012B05D9B9F1000F69D10720F7
:10022000BDE87887B8F801A0F3F794FE824546D080
:10023000B8F80100F4F7C8FD38B10378012B04D1F8
:10024000D0E9022352EA03010ED14FF0FF33A3702D
:100250007370B370F37033717371B371F371B9F17B
:10026000000FDCD08120DBE798F80310012921D1B1
:10027000F6F78CF90646F3F76DFEEB8D60810133DE
:10028000EB850023237398F804E084F80DE096F8DA
:100290000C80227B5FFA83FCE04506D9B5F82E90EE
:1002A000B9F1130F01D8092A0FD962B1EB8D0133CF
:1002B000EB8508E0C4F8022000207360B0E798F8EE
:1002C0000330012BD4D00020AAE73068282101FB9D
:1002D0000301087801280AD1E64508D804EB42005A
:1002E0008988C1810132227309F10202EA85013352
:1002F000CFE7802094E7436A064AB3F801301289B9
:1003000013401FBF0A6B0420C885002014BF538010
:10031000842070472031002038B5426A91F834308B
:100320000D6BB2F801006FF3000381F83430688080
:100330000C4600F002FA1123E38548B9064A136817
:100340006B605368AB609368EB60137B2B7438BDB4
:100350000423E385FBE700BF2031002038B5426A63
:1003600091F834300C6BB2F801006FF3000381F8A0
:10037000343060800D4600F0E0F90623EB85D8B9F3
:100380000F4B21795A7BC2F3030262F303012171FF
:100390005A7BC9B2120962F3071121719A7B617904
:1003A000C2F3030262F3030161719B7BCAB21B09B2
:1003B00063F30712627138BD0423EB85FBE700BFCE
:1003C000203100202DE9784191F834300C6B426ADD
:1003D0006FF3000381F8343000232371B2F8010079
:1003E0000523CB8560800E4600F0A7F9054650B185
:1003F000892814BF0546812510E08268591C2171A7
:10040000234412785A71FCF78DFC23790028F4D12B
:100410002146834205D1F28D1344F3852846BDE879
:1004200078810130C0B204EB000C0246934201D146
:100430000131EEE79CF8058091F805E00132C645F0
:1004400088BF81F80580D2B288BF8CF805E00CF136
:10045000010CEBE72DE97841D0F824800C6BB8F85B
:1004600001000D4600F069F995F834306FF3000390
:1004700085F834300523EB85B8F80130638000231C
:100480002371064630B13046BDE87881836819781B
:10049000914218D0FCF746FC98F803200028F5D1CB
:1004A000013AD2B2FE2A34BF83268226EBE71EF839
:1004B00001800CF8018001312EE010F801C002F833
:1004C00001C0013136E06171B3F80120E280B3F878
:1004D000032059792281A27AC1F3030161F3030257
:1004E0005979090961F30712A27222790632227141
:1004F0009A79DB7AD1181E2905DD0F2A28BF0F2231
:100500000F2B28BF0F23E27281685200D1F807E059
:1005100004F10C0CD2B200218A42C8D121790131F8
:1005200011446244217102F8013B81685B00C86894
:10053000DBB200218B42C0D1227901321344DBB2FD
:100540002371EA8D1344EB859DE72DE9704F86B04A
:100550000123ADF80C3091F83430466A0C6B0490EE
:10056000002262F3000381F83430824689461E205F
:1005700003A9059230F002FD059B23B10724204614
:1005800006B0BDE8708F757906F106086D00A844C5
:100590004FF6F77198F800B02371B6F801200523E3
:1005A000A9F82E3093B28B422CD86280F3F762FF09
:1005B0000228B6F801000BD10190F3F7CBFC019BA8
:1005C00083421DD1AB19019308EB4B0B00255EE074
:1005D000F4F7FAFB28B1037803F0FB03012B00F0DA
:1005E0008E80B6F801300193F3F7B4FC019B83428F
:1005F000E8D08124504603F0C6FB0028BFD1BDE7F8
:100600008024F7E74FF6FD729342B7D1F3F7A2FCCF
:100610006080D7E7B6F80310FCF7B4FA002836D0AC
:1006200033460FE09A798DF80A20A968DA798DF8B7
:100630000B2091F806C0BDF80AE00022D0B2844534
:1006400017D80233019A9A42ECD143465B451ED03B
:100650005A788DF80A20A9689A788DF80B2091F8BD
:100660000BC0BDF80AE00022D0B284452DD8023379
:10067000ECE7D1F8070030F81200704502F10102F2
:10068000DCD123795A1C227123440A785A712846F6
:10069000FCF748FB05460028BCD12179A9421CD1B2
:1006A00065B9B6F801204FF6F7739A423FF666AF88
:1006B000504603F068FB00283FF460AFB9F82E30D5
:1006C0001D44A9F82E50002459E7C86830F81200DC
:1006D000704502F10102C7D1D3E7221D2B46607994
:1006E00012F801CF01336045DBB284BF84F805C046
:1006F00010709942F3D10135EDB20134CEE789246F
:100700003DE738B591F834300D6B6FF3000381F895
:1007100034300C46F3F71EFC00232B710523688050
:10072000E385842038BD91F834306FF3000381F8FD
:1007300034300223CB858420704710B50446F3F78C
:1007400009FCA04211D04FF6F7739C420FD8F3F783
:1007500091FE02280DD02046F4F736FB58B10378FD
:10076000012B14BF8120892010BD0020FCE7072049
:10077000FAE78020F8E78120F6E710B5104C002357
:10078000A4F8383402F034FC00F0B2F901F058FE5D
:1007900000F066FE2FF0F6FFFEF71AFF37F032FB8F
:1007A00040F28343A4F8383403F071FB054BC0F8E2
:1007B0009831BDE8104000F5BC7001F05DBE00BF8F
:1007C00050440020C907010110B5044631F076FD00
:1007D0002046BDE8104003F03BBB07B5134802F0CC
:1007E000F7FB00B3124B1B7803F00703022B13D166
:1007F0000DF1030116202CF0F9FE0E4930202CF0EB
:10080000F5FE9DF803200123934001A930200193B8
:100810002CF018FF01F038FA01F0CEFE0648074B25
:10082000C360FEF719FF03B05DF804FB6108010126
:1008300020310020840C0120504400204108010197
:1008400008B50021054B4FF480620846A3F8382410
:1008500030F094FBBDE8084002F0D2B950440020CB
:1008600010B5044602F0BEFB0E4B8CB941F6FE7289
:1008700021460520A3F8382430F080FB0A4B1B7872
:1008800003F00703022B0CD1BDE8104002F0B8BB07
:1008900040F2834200210120BDE81040A3F8382433
:1008A00004E010BD504400202031002038B504463B
:1008B00005480D4600F006F920B129462046BDE85E
:1008C000384011E038BD00BFE909010110B5044608
:1008D000044800F0F7F820B120460021BDE81040A0
:1008E00054E010BDE90901012DE9774106460D46A6
:1008F00059B301A93F202CF079FE164C9DF8043025
:1009000084F8F431012384F8F631134B84F8F5515F
:100910001B7803F00703022B4FF0000802D101F00F
:10092000B3F9464600220023C4E902239DF80430AF
:10093000A3740848094B84F81580E6742575A361F3
:10094000F4F73AF903B0BDE8708101A940202CF01A
:100950004DFED2E750440020203100206109010102
:1009600008B5037813B90748FEF7FEFE064B93F867
:10097000F41193F8F501002283F8F621C909BDE8C6
:10098000084003E0444600205044002038B50D4C98
:10099000022284F8F6210C4A84F8F501127802F05C
:1009A0000702022A0D4601D101F06EF901F004FEA2
:1009B0000DB902F07BFB054BE3600248BDE838400F
:1009C000FEF74ABE5044002020310020D109010129
:1009D0000078FFE7034B002283F8F621D3F8F031CB
:1009E000184700BF5044002037B5214C00F02EFEC0
:1009F00003F012FA03F076FC94F8F5312BB31D489E
:100A000002F0E6FA08B31C4D2B7803F00703013B14
:100A1000012B09D800214FF480630846A4F838342C
:100A200030F0ACFA02F0ECF8297811F0070108D1A7
:100A30004FF480630420A4F8383430F09FFA02F0B9
:100A40005FF900F04BF803B030BD01A940202CF055
:100A5000CDFD9DF90430002B01DB01F037FD40F2A4
:100A6000834300210420A4F8383430F087FAE8E703
:100A7000504400207D0A01012031002008B50146C4
:100A80000E4B90B941F6FE720520A3F8382430F0E1
:100A900075FA0B4B1B7803F00703022B01D102F010
:100AA000AFFABDE8084002F09DBA40F2834200214F
:100AB0000420A3F8382430F061FAF2E75044002013
:100AC00020310020044BD3F8F0211AB9C3F8F0010B
:100AD000012070470020704750440020034B002243
:100AE00083F8F621C3F8F021704700BF504400207E
:100AF000034B002283F8F621C3F8F021704700BFB2
:100B00005044002010B5054C94F8463423B903F046
:100B1000BEF9C4F8400410BD0020FCE7504400209A
:100B2000034B002283F84624C3F8402403F090B915
:100B30005044002037B5456A044601A930202CF006
:100B400055FD6B79052B0AD8AB7973B3204603F0BA
:100B50001AF910B1204600F049F803B030BDFE2B61
:100B600014D1D5F801305842184000F0D7F9E0B15F
:100B7000A879F3F767FD0028EFD0D5F80130019A86
:100B80009343EAD1204600F0B7F8E6E7FF2B0CD1FB
:100B9000D5F801305842184000F0C0F90028DCD0E8
:100BA000B5F80700F3F788FCD7E7204603F0EBF829
:100BB0000028D2D0FFF7A6FF03460028CDD0E27B65
:100BC00080F85820103403CC074AC3F85E10012186
:100BD000C3F85A0082F84614297882F8451418465A
:100BE000802100F0F7F8B8E75044002038B50446FB
:100BF000FFF788FF024650B3154B164D1862191DBA
:100C0000C0F89C11616A8879003018BF012085F80E
:100C10004404087885F84504D1F801005862497900
:100C200083F828100C49D962E37B82F8583004F12C
:100C3000100303CB0423C2F85A00C2F85E1002F579
:100C4000BC7085F84634BDE83840F3F7B1BA38BD1A
:100C5000840C012050440020E50C010110B504462D
:100C6000F3F72AFF2046BDE8104003F0F1B837B58E
:100C70000446F3F747FF01A9054630202CF0B6FCE7
:100C8000002384F8AF30019BC4F8B030F3F74EFF77
:100C900084F8BA006B88A4F8B430AB88A4F8B630F6
:100CA000EB88A4F8B8300D23638703F07DF884F84F
:100CB000AE0003B030BD48F23B02A0F85620024A15
:100CC000C0F8102102F021BD5D0C0101406A013025
:100CD00014F027BB08B503F0DAF810B1FFF7EBFF0B
:100CE000012008BD034B0178C069052283F8462422
:100CF00070E000BF5044002070B50546FFF702FFCA
:100D00000446E0B16E6A0E4D31465422AE3036F0E4
:100D1000F7FE337885F84534F3F7C2FB012384F8F6
:100D20008431084BC4F888310223C4F8800185F867
:100D3000463404F5BC70BDE870402DF069BF70BD4D
:100D400050440020490D0101104AD2F8403430B41B
:100D50000021D3F8AF5083F8881103F5BC7000BFB1
:100D600093F8881125FA01F4E4070BD5002183F8E4
:100D700080110749C3F89011032382F8463430BC30
:100D800025F01EBB013183F88811E9E750440020AB
:100D9000950D010170B505780446ADB90C4BA0F175
:100DA0000C01D3F8406416202CF04CFC14F80C0C09
:100DB000F3F76CFB96F8B400F3F784FBFBF7ACFD9C
:100DC0002946062030F0DAF82046BDE87040A7E654
:100DD0005044002048F2380310B5A0F85630144BA8
:100DE000C0F81031134B80F8AF1093F84634012B44
:100DF000044606D0052B08D02046BDE8104002F07E
:100E000084BC002380F8B830F6E7D0F89C114A681B
:100E10000B6A23EA0203C0F8B0300A7A102A28BF0E
:100E2000102280F8B8200931B93036F069FEE3E7C6
:100E3000390E0101504400200A4A92F84634052B2D
:100E40000FD192F84434D2F84014013BDBB282F85F
:100E5000443433B1042382F8463401F5BC70F3F70F
:100E6000A7B95DE65044002010B5044602F0FAFD33
:100E700028B1606ABDE81040013031F055BA10BDAC
:100E80000723438790F8B330FF2B04BF0923438720
:100E900090F840306FF3820380F8403090F858307B
:100EA000022B0BD1B0F85A204FF6F6739A429EBF30
:100EB00090F8403043F0040380F84030704710B59C
:100EC0000446F3F791FBA4F8B400F3F793FBA4F8FE
:100ED000B600F3F795FB0B23638794F8AF3073B933
:100EE00094F8B8300B3363870B4BD3F840242AB106
:100EF000A24204BF93F8453484F8AE3010BD0023FD
:100F000084F8B03084F8B13084F8B23084F8B3306B
:100F100084F8B830E8E700BF5044002013B5044619
:100F200001A930202CF062FB0198084B204330EAE5
:100F3000030308D040F2FF7330EA03030CBF012023
:100F4000002002B010BD0120FBE700BF00F8FF0742
:100F5000044B002283F84624C3F8402483F8442439
:100F6000704700BF50440020B0F85630362B024680
:100F700020D00BD8322B04D8312B17D2302B1CD0D9
:100F80007047342B15D0352B17D070473C2B1AD017
:100F900004D8372B11D0382B12D0704748F23802C2
:100FA00093420ED0033293420CD070470223438702
:100FB00070470DE003234387704701235387704731
:100FC0005EE77CE753E6B0F854300133438770475F
:100FD0000A2373B5438790F85830032B04461AD17F
:100FE00000F1AF0600F15A0508223146284636F0D6
:100FF00079FD10B9C4F8AF007060286869686B4665
:1010000003C3DDE90023134304F12A0605D0C4F825
:101010002A006B68736002B070BD20F081FC036829
:10102000C4F82A3043687360F5E738B5044602F027
:101030002EFF054608B30146104A2046FEF7BCFEC7
:10104000E38B313B052B18D8DFE803F003121708B8
:10105000170D29462046BDE8384011E029462046B4
:10106000BDE8384078E029462046BDE838402FE109
:1010700029462046BDE8384082E138BD09FE00011E
:101080002DE97043456ACC6B8846F5F77FFA6B789B
:10109000E370002381461D461E4600BF99F80C20D0
:1010A000AA4213D89A001A44237103EB42035B004F
:1010B000A6700533A8F83A3098F8A131002B46D035
:1010C00008F10C00BDE87043FBF731BBD9F80020F4
:1010D00005EB850002EBC0000278042A34D8E178E1
:1010E000B1422FD873BB0369C4F805304369C4F813
:1010F00009308368C4F80D30C368C4F811308388A0
:101100004178A4F81530E37D61F30103817E01F09D
:10111000010161F3830362F30613E375837E227E8C
:10112000C3F3400363F301022276B4F8172040F2C0
:101130007F331340A4F81730037E6376F5F72AFA5D
:101140000123A0760136F6B20135EDB2A6E740469E
:10115000BDE8704302F07CBE2DE97747466AD1F8BE
:101160003C803246054652F8010F0C4601F10C094D
:1011700051686B4603C36B4603CBC4F88001C4F8C7
:101180008411737A294EC3F38012DB0984F88C3101
:10119000274BC4F89031337884F88B2103F0070390
:1011A000022B0AD1EB7B022B17D0EB7B032B04D154
:1011B00005F1100020F0C0FBA8B1684620F0BCFB90
:1011C00078BBDDE9000150EA01032AD0F4F714FEF0
:1011D000B8B9C82388F801301BE0B5F810A0F2F7C1
:1011E000B9FE8245E1D0288BF3F7EEFD28B9204601
:1011F00002F02EFE03B0BDE870870378002BDCD030
:10120000F5E7037803F0FB03012BE2D14378022BCF
:10121000DFD1084BA364022363874846FBF787FAB4
:10122000E8E733785B07E2D0F3E700BF2031002026
:10123000CD1201013912010137B5D0E94D23134315
:10124000044622D050F8105C00F59A7020F074FB30
:10125000D8B96B78BBB91C4A8DF80430127884F881
:101260003E2101A95C202CF0C1F99DF8043033B176
:10127000D4E94D01F4F7C0FD08B1F5F79BFC04F586
:101280009670F3F799FC03B030BD34F8220C02F0ED
:10129000D5FF20F051FB58B98DF8040001A940207A
:1012A0002CF0D0F994F8401111B935202FF066FEDA
:1012B00094F83F0194F84011FFF7F8FAA4F14C00BC
:1012C00002F0C6FDDFE700BFC87A040102F0C0BD2E
:1012D00002234B87284B1B7803F00703022B70B5C2
:1012E00005460C4601F10C060BD191F8A131002BFB
:1012F0003CD0CB6B80225A703046BDE87040FBF783
:1013000016BA012B0CD16B6A5B7884F87C311B4BCD
:10131000C4F8803104F5BC70BDE87040F6F74CBBF2
:101320009BB9C37B022B1BD0EB7B032B05D105F1B3
:10133000100020F001FB0028E5D1FEF7EDFA0128AE
:10134000E1D134F035FA0028DDD194F8A1316BB148
:10135000E36BA3225A703046BDE87040FBF7E7B953
:10136000F2F7F8FD2B8A8342DED1CCE72046BDE8B8
:10137000704002F06DBD00BF203100204914010112
:10138000304B2DE9704F1C7814F006040D46994639
:1013900017D1D0F824B0D1F83CA09BF801308AF8DE
:1013A00003300AF105082646204600BFF6F7F2FB97
:1013B000D0B98AF80440013404EB84048AF802604E
:1013C0006C8799F8003003F00703022B01BF6B878D
:1013D000EB6B84225A7095F8A1316BB305F10C00C8
:1013E000BDE8704FFBF7A3B99BF80130B34220D89A
:1013F000042C1ED803880279A8F8003098F802302F
:10140000C2F3400262F3C3030279C2F3800262F3C3
:1014100004130279C2F3C00262F3451303F03803E8
:1014200088F802304388A8F80330013408F1050831
:10143000E4B20136F6B2B9E72846BDE8704F02F0D3
:1014400007BD00BF20310020427F034632B1A0F526
:10145000BC701B78026B5370FBF769B902F0F8BCE3
:1014600038B51C4C04F11405294600202FF01AFD54
:10147000294604202FF016FD294605202FF012FDE5
:101480002946062004F128052FF00CFD29460220EC
:101490002FF008FD294603202FF004FD29460720E0
:1014A00004F13C052FF0FEFC294601202FF0FAFC48
:1014B000294608202FF0F6FC294609202FF0F2FCDF
:1014C00029460C202FF0EEFC21464020BDE8384094
:1014D0002FF0E8BCE029012000B58DB006281BD80C
:1014E000DFE800F0041A1A1A1D21250090238DF858
:1014F0000430F2F79FFFADF80500F2F72BFDADF8D1
:101500000A00F2F7BDFF8DF80900F2F799FFADF878
:10151000070001A830F008FF0DB05DF804FB91232F
:101520008DF80430E5E78F238DF80430E1E78E2352
:101530008DF80430DDE710B503288CB00C461FD0C1
:10154000072828D0022819D1D1F80200D1F80610B6
:101550000122F5F743F888B992238DF80430236807
:10156000CDF805306368CDF809302389ADF80D302A
:1015700001A8A37A8DF80F3030F0D6FE0CB010BD64
:10158000D1F80200D1F806100022F5F727F800285C
:10159000F4D09323E1E7FEF743FA0028EED050237E
:1015A000DBE700B501388DB00B280DD8DFE800F07F
:1015B000060C0C0C0C0C0C0F150C0C1F60238DF87A
:1015C000043001A830F0B0FE0DB05DF804FB9523A7
:1015D0008DF80430ADF80510F3E753238DF804308F
:1015E0000B68CDF805304B68CDF80930E9E7512399
:1015F000F4E708B52BF042FE02494020BDE8084060
:101600002FF050BCE029012008B5FEF785F901282C
:1016100011D1094B094A1A6483F83C0040F6B832EC
:1016200003F130009A632DF0F3FA05494020BDE83C
:1016300008402FF071BC08BD840C0120F315010196
:10164000E029012030F070BE13F06BBE034A92F81F
:10165000113323F03F0382F81133704750440020C8
:1016600030B58BB00388ADF804308368CDF8063010
:10167000C368CDF80A300446037C8DF80E300DF1B6
:10168000030129202BF0B2FF9DF803302BB901A9EB
:1016900002202FF073FC0BB030BD01F000F930B325
:1016A000637C032B28D0042B34D0022BF3D1237C72
:1016B00013F0400F14BF05250125A37C1BB104F1D5
:1016C000080001F019F9D4E9022304A8CDE90623A2
:1016D0002388ADF822308DF8205000F049F8637C63
:1016E000022BD8D101A939202FF048FCD3E7F6F717
:1016F0001BFD0028D4D1CEE7257CA37C15F0400546
:1017000004D0002B14BF04250725D6E7002B08BF03
:101710000325D2E70125D0E710B5144BB3F83834D0
:101720005B0686B0044606D5D0E90023134304D1F6
:10173000007AFFF7CBF806B010BDF6F7BDFF002822
:10174000F9D0237A002BF6D1D4E900232046CDE945
:101750000223F4F72BFC0388ADF81230684602230D
:101760008DF8103000F004F8E5E700BF5044002089
:1017700037B5054669462A202BF038FFDDE90023FE
:10178000013308BFB2F1FF3F0ED120F0C9F8D0E914
:1017900000232846C5E90023F4F708FC0146284643
:1017A00036F03AF903B030BDFEF73AF90028ECD133
:1017B000164C94F81133DA06F4D443F0100384F88D
:1017C0001133134BC4F8F032FEF79EF8D0E9002332
:1017D000C4E9B823D5E90223C4E9BA236B8AA4F883
:1017E000F4322B7C84F8F632FEF78EF800F0CEF956
:1017F00020B104F51C70FEF753F8D3E794F81133C9
:1018000043F0200384F81133CCE700BF504400209C
:10181000791B010113B5394CB4F838345B062BD56C
:101820008378093B0D2B27D8DFE803F0072626260F
:1018300026263D285E263642596394F811335A1CF9
:1018400062F3030384F811330DF1070140F227100E
:101850002BF0CCFE002131202FF090FB94F81133B7
:101860009DF8072003F00F01914205D16FF30303A8
:1018700084F81133FEF7B1FF02B010BD02F007FB90
:101880000021044606202FF079FB002CF4D01C49DF
:10189000204600F03FF8EFE794F811336FF30303AD
:1018A00084F81133E8E7002106202FF067FBE3E717
:1018B00094F81233002BDFD1FFF70CFA0028DBD0AD
:1018C000012384F812330F4A84F808330E4BC4F80E
:1018D0000423C4F80C330D482DF09AF9CCE70188A5
:1018E00008202FF04BFBC7E7018833202FF046FB81
:1018F000C2E7018836202FF041FBBDE750440020AD
:1019000011190101A0BB0D006B1B01014C47002008
:1019100002F09EBA132310B5A0F85630022380F8C7
:1019200058304FF6FD73C0F81011A0F85A30044635
:101930001FF0F6FFD0E90023C4F8B530074BC4F818
:10194000B1209B7884F8B930F2F704FBA4F8AF001B
:101950002046BDE8104001F0D8BE00BF2031002075
:1019600038B504460088F3F72FFA054638B1F4F786
:1019700011FEA0702846F4F71FFEE07038BD6080AD
:10198000FCE770B50446F4F701FE017B0022282530
:10199000D3B2994200D870BD036805FB02331E78AC
:1019A0003EB99E68C4F80260DE689B88C4F8066091
:1019B00023800132ECE770B50446F4F7E7FD5CB331
:1019C00050B365685DB3016859B3037B1BB32078DE
:1019D00048B3013BDBB203EB830301EBC30C0023F1
:1019E0009CF8002002F0FB02012A10D1DCE9026E13
:1019F00003EB830205EB42020133DBB2C2F8026063
:101A00009842BCF80460C2F806E0168003D98C4501
:101A1000ACF1280201D1237070BD9446E0E72B465B
:101A2000F9E70B46F7E70346F5E7084B0222C3F850
:101A3000680283F85022027883F85822044AC3F8D7
:101A4000602203F5127024F0BBBC00BF504400209C
:101A5000551A01010278074B3AB9D3F868120A7295
:101A6000D3F86802436808301847D3F86822072182
:101A70001172F5E75044002070B50446F4F786FD76
:101A80004FF000032380057B0023AB4200DB70BDD9
:101A9000026803EB830102EBC1010A7802F0FB0646
:101AA000012E0CD14A78012A05D122780132227008
:101AB00001335BB2E9E7627801326270F8E7002A2D
:101AC000F3D0023A012AF3D8EFE72DE978478046B0
:101AD000F4F75CFD00268146354600BF99F80C30CE
:101AE0009D4201DBBDE8788705EB8503D9F800004E
:101AF0004FEAC30A50440378032B33D806EB86041D
:101B000008EBC40483882380D0E90223C4E90223BC
:101B100043782374F4F73EFD6074D9F80000504414
:101B2000F4F74AFDA074D9F800305344D3E9040116
:101B30009A7EC2F30002E2741A782275C4E90601A3
:101B4000DA7884F820201A7E84F821209A7E9B7E01
:101B5000C2F34002C3F38003013684F8222084F8E4
:101B6000233076B201356DB2B8E7024B002283F81C
:101B70001223704750440020034B93F811236FF356
:101B8000041283F8112370475044002038B50546ED
:101B9000F4F70CFA0446D0B902F079F9B0B10D4A65
:101BA000C0F81021022280F858204FF6FD72A0F8EC
:101BB0005A20D5E90012A0F85640C0F8AF10C0F87E
:101BC000B320A0F8B74001F0A0FD204638BD0120A9
:101BD000FCE700BFD91B010110B5044602F038F93B
:101BE000E37AC3B9E2682369A08AF4F71BF90E4BC4
:101BF0001B7813F0060215D10C4890F811339906A2
:101C000010D562F3451380F81133BDE8104000F59C
:101C10001C70FDF745BE054A92F8113323F03003DE
:101C200082F8113310BD00BF203100205044002045
:101C3000044BD3F8F82122B9C3F8F801022001F0CF
:101C400061BA704750440020044BD3F8FC2122B9FC
:101C5000C3F8FC01022001F055BA7047504400203F
:101C6000084B93F8422210B54AB993F83F4234B971
:101C7000012283F8422200F0B1FA204610BD8020F4
:101C8000FCE700BF5044002008B5074B93F8422200
:101C90003AB14FF00002A3F8412200F099FA002077
:101CA00008BD8020FCE700BF5044002037B51A2053
:101CB0000DF107012BF09AFC9DF807300D4C022B1B
:101CC00002D194F8413253B9D4F8F8514DB100F033
:101CD00048F8D4F8FC3113B108B100F0BFF903B0F3
:101CE00030BDD4F8FC010028F3D000F0B7F9284645
:101CF000EFE700BF504400200C4B07B5B3F83804A1
:101D000010F0800004D001F0DCF980F00100C0B2D6
:101D100000F001008DF807000DF1070125202FF0DC
:101D20002DF99DF8070003B05DF804FB5044002036
:101D300010B504462AF0E0F934B1044B002283F8D0
:101D40004222BDE8104043E210BD00BF50440020D5
:101D500010B504462AF098F914B1BDE81040E1E14D
:101D600010BD73B52C4D0DF107011A202BF03EFC70
:101D700095F83E422CB1802000F05EF9204602B07A
:101D800070BDFFF7B9FFB8B9042000F055F99DF810
:101D90000730022B01D00024F0E795F83F42002CD9
:101DA000F9D134F061FB0028F5D000F0A5F9002846
:101DB000F1D000F0B7F9E1E7184B1B889BB21BB1DB
:101DC000042000F039F9D9E79DF80730022B1DD126
:101DD00095F83F32D3B934F047FBA0B100F08CF94D
:101DE00095F84232064633B928B100F09BF995F8D0
:101DF0004132002BE4D186F00100C0B2FFF798FF1A
:101E000000F070F8C7E700F0E3F9F9E704490020B3
:101E100000F008F8B2E700BF504400205E13012034
:101E2000391E0101034BC3E9820103F5007024F060
:101E3000C1BA00BF50440020007808B538B9F8F79F
:101E4000CFF90120FFF774FFBDE808404AE0BDE884
:101E50000840F1E013B504460DF107011A202BF0FC
:101E6000C5FB23788BB99DF80730022B04D0F6F719
:101E700085FE08B1F6F770FE064B002083F83E029F
:101E8000D3F8FC311BB100F017F902B010BD30F0EF
:101E90005DFAFAE75044002037B51A200DF103012E
:101EA0002BF0A4FB9DF80330022B14D101F0F4F8C1
:101EB00088B90B4B1B7973B100F010F901A90546E5
:101EC00035202BF093FB019BAB4204D8012000F09E
:101ED00089F803B030BD002000F084F8F9E700BFB6
:101EE000A048002073B51A200DF103012BF07EFBF2
:101EF00001F0D2F8394CF8B99DF80330022B214695
:101F00000CBF352036202BF071FB0123237134F0F8
:101F1000ABFA60B32568002D4AD000F0DFF82368E3
:101F2000834205460BD82AF0AFF800F0FBF80420F6
:101F300000F082F802B070BD00232360E5E71B1AB1
:101F400001A92E2001932FF019F8019B2BB92AF03B
:101F50009BF8042000F070F8ECE72068401B8342F7
:101F60003CBF00222271834294BF23602060002086
:101F700000F062F81A4B1948012583F83E5233F0FD
:101F80001FFE9DF80330022B24D101F085F808BB19
:101F90002379FBB100F0A2F81049064635202BF05A
:101FA00025FB2368B34215D8284600F01BF8C1E78B
:101FB0004FF0FF3301A92E2001932EF0DFFF019B8C
:101FC000002BC4D0B3F1FF3F18BF1D46002325608E
:101FD0002371CCE7002000F005F8ABE7A048002013
:101FE0005044002037B505460DF107011A202BF0AB
:101FF000FDFA9DF80730022B13D10D4C94F83F22C7
:102000007AB934F031FA48B12846FFF7A1FE00232F
:1020100084F83E3230F09AF903B030BD00F0DEF8BB
:10202000F5E704496FF07F40FFF7FCFEF4E700BFDF
:1020300050440020551E0101044AD2F8F831002115
:102040001870C2F8F81118465A681047504400201A
:10205000014B93F83E0270475044002013B5144CD6
:102060000DF107011A202BF0C1FA94F83E32DBB1D2
:102070009DF80730022B11D194F83F3273B934F038
:10208000F3F940B12AF000F8002084F83E0200F095
:1020900013F802B010BD00F0A1F8F5E705496FF0A4
:1020A0007F40FFF7BFFEF4E7802000F005F8F0E77F
:1020B00050440020551E010108B5074AD2F8FC31F2
:1020C000002118701846C2F8FC115A689047022087
:1020D000BDE8084001F016B85044002008B526F0CD
:1020E00023FA044BD3F8383283428ABFDB43C01A49
:1020F000C01808BD5044002007B5094BD3F8183369
:10210000003318BF01230DF1070138208DF8073087
:102110002EF034FF9DF8070003B05DF804FB00BF0C
:102120005044002007B50A4B012283F8422201A93E
:1021300034202BF05BFAFFF7D1FF019B984204D2C9
:1021400000F008F803B05DF804FB00F047F8F9E789
:102150005044002037B51B4C94F842323BB301A9E0
:1021600034202BF043FA34F07FF930B3FFF7B6FF99
:10217000019DA8421DD2FFF7B1FF281A019D85429B
:1021800007D3FFF7ABFF019DA84214D2FFF7A6FFCC
:102190002D1AC4F82C52012384F830320A480B4B14
:1021A000C4F834322CF05EFD07482CF031FD03B04A
:1021B00030BD0020E2E70025EBE7019BC4F82C329C
:1021C000E9E700BF5044002074460020DD210101F2
:1021D00001482CF047BD00BF7446002013B53420E1
:1021E00069462BF003FA01A922202BF0FFF99DF894
:1021F0000400134CF4F700FA4FF47A735843009B31
:102200009B00984228BFB0FBF3F094F8413238BFEE
:102210000A20019093B994F842227AB184F81832D6
:1022200004F50570074BC4F81C32F6F7B1FC012326
:1022300084F8413226F078F9C4F8380202B010BDB3
:1022400050440020ED2201017FB5224CC37A0025C5
:1022500084F8415226462BB984F84032FFF7BEFF7E
:1022600004B070BD0DF103014FF493702BF0BEF973
:102270009DF8032094F84032FF2A18D180220133C0
:10228000ADF8042001A904F510721E2084F8403234
:10229000CDE902252EF072FE039B13B9FFF75AFF1A
:1022A00001E084F84052022000F02CFFD8E701330F
:1022B000DBB29A4284F84032F0D8D4F8F83113B146
:1022C0000420FFF7B9FE002386F84032FEF785FAB6
:1022D000E9E700BF5044002008B5F2F799F8024B37
:1022E000A3F83C0208BD00BF504400207FB506465D
:1022F0002A4C00250DF103015C2084F841528DF831
:1023000003502BF073F93378EB2B264608D184F871
:102310004052FFF71FFF022000F0F4FE04B070BD32
:1023200053B984F840329DF8033013B1FFF712FF20
:10233000F1E7FFF753FFEEE70DF102014FF4937061
:102340002BF054F99DF8022094F84032FF2A13D163
:1023500080220133ADF8042001A904F510721E207B
:1023600084F84032CDE902252EF008FE039B002BB5
:10237000DCD084F84052CEE70133DBB29A4284F8D5
:102380004032D3D8D4F8F83113B10420FFF754FE0B
:10239000002386F84032FEF720FABCE750440020C4
:1023A0000D4A0E4810B5002313210D4C82F844301D
:1023B000A2F84610C158E15004334C2BFAD1132334
:1023C000A2F8483034F050F8064B84F860001B79CE
:1023D00084F8543010BD00BF840C01204846002012
:1023E000502A0120A0480020114A1248132138B574
:1023F000A2F846101049002382F844300C46CD580C
:10240000C55004334C2BFAD11323A2F8483091F86D
:1024100060304BB134F01CF8084B94F854201A711A
:10242000BDE83840FFF738BD34F018F8F4E700BFD6
:10243000840C012048460020502A0120A04800209A
:1024400007B51A200DF107012BF0D0F89DF8071001
:10245000084B00220229C3E97E2283F83E2204BFF2
:1024600083F8422283F840220122A3F83C2203B0E1
:102470005DF804FB50440020034B0022A3F83824ED
:10248000024B4361FDF7BCB8504400209124010188
:1024900010B5044635F010FC35F0B6FC0A4B40F29E
:1024A0008342A3F8382400F001FE00F02BF8FCF77B
:1024B00058FFFCF779FF2046227800F8042FA26825
:1024C0009047BDE8104001E05044002008B501F0FD
:1024D000A3FCFFF7BBF80A4B1B7803F00703022BA2
:1024E00001D1FFF7D1FB00F067F801F0FBFE00F02F
:1024F00037FFFDF78BFCBDE80840FEF729BD00BFA4
:102500002031002010B586B00DF1060129202BF0F6
:102510006DF89DF80630ABB1FDF7FEF90DF107013E
:1025200004462F202BF062F89DF8073063B902A90A
:1025300020202BF05BF8002102A8F5F747FD0020D2
:10254000F5F7DAFD06B010BD012CF0D0022CF9D160
:10255000F1F790FF0128F5D1E9E738B50E4D95F870
:102560003444082C02D0092C0AD038BD002000F0D9
:1025700015F8012385F83434BDE8384000F058BC24
:10258000002000F00BF8002385F834342046BDE825
:10259000384000F05BBC00BF50440020054B1B7866
:1025A00003F00703022B04D108B1FFF759BBFFF773
:1025B0006BBB70472031002010B5FDF7ADF90A4C18
:1025C0000023012884F8343406D1012384F83434FC
:1025D0000023C4F8303410BD0228F9D1F1F74AFFC6
:1025E0000028F2D0F4E700BF5044002037B5204C5B
:1025F00000F055F994F85430012B054602D0012023
:10260000FFF7CCFF0DF1070129202AF0EFFF9DF81D
:1026100007301BB900F00CFC03B030BD00F08BF9A3
:1026200028B9082384F8343400F06CFDF4E700F096
:10263000C1F818B10E2000F009FCEDE794F834342D
:102640002BB1092384F8343400F05CFDE4E7032D5A
:1026500006D8DFE805F008080208022384F83434BD
:1026600000F032F9D8E7032384F83434F8E700BFE8
:10267000504400202DE97041044685B000F00FF968
:10268000A37A4A4D032B804695F834344FD0012B62
:102690004FD0032B52D1A37A032B66D0042B78D0D2
:1026A000012B4BD195F8343404F11106032B30463D
:1026B0004BD117F0FDF8002843D0B8F1000F3DD002
:1026C0004FF48073ADF8043001A900231E2003935A
:1026D00002942EF053FC039B83BB217C3046F5F71C
:1026E00075FC207CF5F708FDB4F93230002B07DBD0
:1026F00094F834305B0703D5D4F83200FCF7CAF9FC
:102700002046FDF775F9D4E90023013308BFB2F183
:10271000FF3F02D00020FDF7BDF8082385F83434D0
:10272000002000F0EFFC22482CF09CFA06E0012B80
:102730001BD12046FDF77BF90028ACD105B0BDE8E0
:102740007081B8F1000FCFD0F8E717F0B1F800288A
:10275000F4D0FDF7E1F8022802D12046FDF748F950
:10276000217C3046F5F732FCE8E704F1180504F166
:1027700020012846FBF79EFE2846FFF707FA204671
:10278000FDF755F90028D9D001212846FCF760F95A
:10279000D4E72046FCF746F804F110012046FBF789
:1027A00089FE012385F83434C8E700BF5044002077
:1027B0008847002008B500F072F8012894BF002077
:1027C000012008BD0B4B93F83434012B13B504469C
:1027D0000ED8FDF72CF958B1F5F794FD002804DA6E
:1027E000002301A80193F6F733F9207AF5F784FC6A
:1027F00002B010BD504400202DE9F041244C94F863
:102800003484B8F1010F054634D1FDF710F90028E2
:102810003CD005F108001FF08FF8064648B10021B2
:1028200034202EF0ABFB00210846BDE8F041FEF756
:102830003DB8D5E90201F3F7DFFA38B30378012B8D
:102840000FD1D5E90223C4E90223124BE6745B7869
:10285000A374114BA682A3612046BDE8F041F2F7B4
:10286000ABB9052B12D1434632464146BDE8F04193
:10287000F5F7F0BD08301FF05FF838B1092384F890
:1028800034340020BDE8F04100F03CBCBDE8F081EC
:1028900050440020C87A04019D280101704707B503
:1028A0002F200DF107012AF0A1FE9DF8070003B0CB
:1028B0005DF804FB034B092283F83424002000F068
:1028C00021BC00BF5044002010B5094C012384F8FE
:1028D000443304F55071074BC4F848332C202AF0D8
:1028E00085FE04F54E70BDE810402CF091B900BF94
:1028F00050440020B528010130B5054685B0D0E927
:102900000001F3F779FA044698B12846F4F776FD0A
:1029100078B1A388ADF80430A368CDF80630E36839
:10292000CDF80A3001A9A3788DF80E3002202EF0E0
:1029300025FB05B030BD08B5084B93F85430012B8A
:1029400008D0033B012B07D8F5F7EEFB80F0010020
:10295000C0B208BD0020FCE70120FAE75044002087
:1029600010B50A4C042384F81834FCF7CDFF024656
:102970000068516804F5826303C30E2384F834347D
:1029800004F55870BDE81040FDF7ACB85044002085
:1029900037B50546FCF7B8FFFAF778FE0190FCF76B
:1029A000BBFF022808D12846032300F8083F6B68C4
:1029B00003B0BDE830401847BDF90430002B02DAFF
:1029C00028460123F1E7144C144941202EF06AFAFD
:1029D0000D2384F834346B68C4F82C342B68C4F8A5
:1029E0000C340F4D0198032384F8E83304F57A730F
:1029F000EB66012385F87430FBF746FD094B286729
:102A000004F2194405F15C00AC67C5F8803003B0EE
:102A1000BDE830402DF0D6BE50440020302A0120C1
:102A2000840C01206129010138B5437A084C012B3F
:102A3000054609D1FCF7FBFF30B194F834340E2B76
:102A400002D12846FBF7C4FE012384F8343438BD94
:102A50005044002010B586B011F0FF0F01910E4CCC
:102A600015D04FF48053ADF80C3001AB049303A99B
:102A700000231E2005932EF081FA94F834340E2B97
:102A800005D1059B1BB904F58260FBF7A1FE01236C
:102A900084F8343406B010BD5044002008B5014617
:102AA000024832F019FDBDE8084059E0A04400207A
:102AB000034A92F87430184482F87400704700BFDB
:102AC00050440020234B37B593F875201C6D012A24
:102AD00003D00B2A0AD003B030BDB3F83834DB077B
:102AE00002D500F053F8F6E78023A376F1F7C8FC8F
:102AF0002072F1F72FFA6081F1F7A2FCA081F1F7C3
:102B0000ABFCC4E90401F1F795FC134D2083284682
:102B100032F006FD236A04F10800984700230DF106
:102B200007015D208DF807302AF060FD0B4B1B7804
:102B300003F00703022B09D1A37E3BB92B79012BAC
:102B400002D19DF807300BB900F05AFA00F04AFAAA
:102B5000C1E700BF50440020A044002020310020E5
:102B600010B5084C236D53B1074800F031FA40B15D
:102B7000012384F875300320BDE81040C2E284F8D8
:102B8000753010BD50440020A52F01011FB500F085
:102B900055F8194C194B4FF48062A3F83824FFF70D
:102BA0000BFD227802F00702022A01D000F0AEFBF2
:102BB000F3F7CEFF237813F0070303D100F0A0F85A
:102BC00004B010BD012B12D10DF1070124202AF011
:102BD0000DFD9DF8073063B14FF0FF324FF0FF332A
:102BE00002A92A20CDE902232AF02CFDE6E7022BD8
:102BF000E6D100F0EFF8E3E7203100205044002058
:102C000010B50C4C3B2021462AF0F0FC05226270E6
:102C1000FE3224F8202C084A127802F00702012123
:102C2000022A04F81E1C08BF04F81C1CBDE8104052
:102C3000D0E000BFC4440020203100202DE97041C5
:102C40002B4C2C4D85B021463E202AF0CFFC00F0C5
:102C5000D1FA94F80080B8F1000F0AD1012666700D
:102C60002671F1F7F9FB50EA01030DD0A4F80280B8
:102C700026702B7803F00703013B012B0AD81E496D
:102C80003B202AF0B3FC05E02B785B0709D1052334
:102C900066802370AB786FF38613AB7005B0BDE828
:102CA00070810DF1070124202AF0A0FC2B7803F09D
:102CB0000703012B05D19DF8073013B105232370BD
:102CC000D7E702A933202AF091FCDDE90223134360
:102CD00002D1F1F761F940B10322084B83F8542087
:102CE00040F20112A3F85620C3E70222F5E700BF25
:102CF000A444002020310020C4440020504400207F
:102D000037B5174C174D01A930202AF06FFC03226C
:102D100084F8752004F1540292E8030084F83C1012
:102D2000E97B84F84D102978019AA06301F007012E
:102D30000129226409D104F1450124202AF056FC1E
:102D400004F146010D202AF051FCAB7884F84430A0
:102D50000348054BA364F1F751FA03B030BD00BF3F
:102D600050440020203100206D2D0101007800B971
:102D700079E005E12EE010B5074C3C2021462AF011
:102D800035FC01232371054BA360A4F10800BDE8C5
:102D900010402BF03DBF00BFB8440020752D01014D
:102DA000C27A0B4B10B5044632B9062283F875205F
:102DB000BDE81040FFF71ABC93F8743013B1BDE8BA
:102DC0001040D8E700F072F9E07ABDE81040D7E093
:102DD0005044002013B5134C01A930202AF006FC02
:102DE000042384F8753094F87430013B84F874300F
:102DF00004F1540393E80300E0602174F1F72CFB25
:102E0000019B2363084BDA7B9B782376C4E900019E
:102E1000064B84F8342020466361F1F79BFE02B034
:102E200010BD00BF5044002020310020A12D010121
:102E3000054B1B7803F00703022B00D14CE0012B5C
:102E400000D110E0704700BF20310020082810B5E5
:102E5000044602D1BDE81040EAE700F027F9204619
:102E6000BDE810408CE00548082380F87530044B1D
:102E70001B7C0371034B8360F4F79EBD504400201C
:102E800020310020892E0101007840B9054B1B78C4
:102E900013F0070300D11FE0012B01D104E06FE024
:102EA000704700BF20310020074B072283F87520B0
:102EB00003F1540292E80300044AD86183F8201019
:102EC0005A621846F5F711BE50440020D12E010178
:102ED000007800B900E053E00348092380F875301A
:102EE000024B8360FCF7AABB50440020F12E010185
:102EF000017808B5B1B937202EF040F80B4B4FF4EC
:102F00008862A3F8382493F857303BB100F0BFFF34
:102F100020B10749BDE80840FEF7FCBC0020BDE831
:102F2000084007E00846BDE8084029E0504400207A
:102F3000352F010107B500238DF8073008B100F0E7
:102F400087FF0DF107015D202AF050FB0A4B1B782B
:102F500003F00703022B09D1084B93F85430012BDF
:102F600002D19DF807300BB9FEF77AFE002000F081
:102F700007F803B05DF804FB203100205044002026
:102F8000074B002210B5044683F87520DB6D984787
:102F90002CB921460E20BDE810402DF0EFBF10BD2A
:102FA00050440020094B10B4002841F6FE7440F252
:102FB0008342196D08BF2246A3F838240B22887675
:102FC0005DF8044B83F8752003209BE050440020FB
:102FD000034BDA6D12B9D8650120704700207047A5
:102FE00050440020014B0022DA65B9E5504400202E
:102FF000024B002283F875201A6570475044002068
:1030000008B5F7F7C5F80849002381F88D30074B5C
:10301000C1F8903022208C312AF0E8FA0448BDE84B
:103020000840F7F77FB800BF840C0120353001015C
:103030000C0D012038B50546F1F7EAF92B79044665
:103040003BB9FFF749F9A30703D5BDE83840F7F7C7
:10305000A1B838BD13B50D4C01A930202AF0C6FA2D
:1030600006232373F1F7F8F9019B2363084BDA7BFE
:103070009B782376C4E90001064B84F8342020466F
:103080006361F1F767FD02B010BD00BF504400203E
:103090002031002049220101034BB3F8380480F4A9
:1030A0000060C0F3C02070475044002007B50023E3
:1030B00000226846CDE90023F1F7D4F903B05DF8AA
:1030C00004FB08B533F0D0F9084B48B1D3F81833F6
:1030D0000BB9184608BD1A7A042AFBD11B68F7E71A
:1030E000D3F81803003018BF0120F3E75044002044
:1030F000034BD3F81803003018BF0120704700BFFE
:103100005044002010B50E4A0E4C012303FA00F083
:1031100092F864301843238882F86400DB060ED4EA
:1031200026F07AFE238843F01003238026F084FEE5
:10313000054B06481B68BDE810401B69184710BDC9
:10314000E02901205E13012050380020543800206F
:10315000054A012303FA00F092F8643023EA0003E1
:1031600082F86430704700BFE029012070B51B4928
:103170001B4C91F89C0094F8642003460133DBB2A9
:10318000062B28BF002322FA03F5ED0721D581F88D
:103190009C30012199404A4084F86420114A02EB96
:1031A00083035B68984794F86430ABB10E4C238876
:1031B000DB0611D426F030FE238843F01003238071
:1031C00026F03AFE094B0A481B68BDE870401B69AF
:1031D00018479842D2D1E6E770BD00BF840C0120A9
:1031E000E0290120C87A04015E1301205038002034
:1031F0005438002073B5F1F73DF9012304460DF171
:1032000006014FF487708DF805302AF0EFF90DF1C3
:10321000030138202AF0EAF901A939202AF0E6F959
:103220000DF1050137202AF0E1F9344BBDF80620F5
:10323000A3F803201A789DF803109DF8055064F355
:10324000020261F3C3021A701A88D3F80A1002F05E
:103250001F0242F480421A8016469DF8042062F351
:10326000041647225A7101F07F412B221143C3F803
:103270000A10997BDA80002D4FF00C0262F30711DF
:10328000587B1E7014BF0122042262F3030107223F
:1032900062F3071085F0010262F3030058739A7815
:1032A0009973A01E18BF012016F0070F60F34102AA
:1032B00001F00F010CBF0120002060F30002481E46
:1032C00041424141022C61F382020CBF2946012197
:1032D00061F3C302002C14BF0121002102F08F0210
:1032E00061F3C7129A7014BF4FF430524FF4315249
:1032F0001A81034B83F83F5202B070BD2031002089
:1033000050440020004870472031002013B542F29D
:10331000107028F0E1FE6946044633202AF066F971
:10332000DDE90023134312D00A480B4A026104F579
:103330001C5410348460094C0123037384F8A630B4
:103340002BF066FC0023C4F8A030A4F8A43002B02F
:1033500010BD00BFAC48002095330101840C012052
:1033600038B50A4D0A482BF07DFCD5F8A0000023A3
:10337000A5F8A43085F8A6301C4608B100F068FD19
:10338000034BC5F8A0401C6138BD00BF840C012070
:10339000AC480020124B1B7803F00703022B10B53A
:1033A0001DD0104CD4F8A010234681B994F8A42065
:1033B0006AB994F8A53093B900F069FD0146C4F8E4
:1033C000A00061B10848BDE8104000F00FB893F8C4
:1033D000A530002BF5D1BDE81040FFF7C1BF10BDEF
:1033E00020310020840C0120273401011F2310B557
:1033F000A1F8563002230C4681F858304FF6FC7382
:10340000C1F81001A1F85A3004F1AF00012100F019
:103410005FF820B12046BDE8104000F076B9BDE865
:103420001040FFF79DBF2DE9784D0646F3F7AEF843
:10343000F47A05464CBB40F20128337BA34224D9E1
:1034400095F80CE000234FF0280C00E00133D9B2CE
:103450008E4517D928680CFB030001884145F5D13A
:1034600006EBC401D1F80DA0D1F811B0D0E90212D9
:10347000934508BF8A45E9D1A968002241F8332065
:10348000F3F798FB0134E4B2D7E70E4B93F8A5307D
:10349000A3B10D4C20462BF0E5FB42F2107028F052
:1034A0001BFE012300F51C5010302373074BA06056
:1034B00023612046BDE8784D2BF0AABBBDE8784DCE
:1034C000FFF74EBF840C0120AC480020953301016A
:1034D0002DE9784706468846234CF3F757F8002332
:1034E000337094F8A43090F80CE0DD0040F201292C
:1034F0009E4506D81D482BF0B5FB002384F8A53067
:103500001FE0016805EB85020A441188494527D16F
:103510008168B8F1000F06D001EB050C9CF806C0DD
:103520001CF0400F03D029448979490618D596F834
:1035300000C0BCF1090F07D984F8A430012384F836
:10354000A5303078BDE8788706EBCC0A9168D26860
:10355000CAF801100CF1010CCAF8052086F800C069
:103560000133DBB20835C3E7840C0120AC480020EE
:103570002DE978470646F0F7EDFC8246F1F74EFF5D
:10358000814642F2107028F0A7FD054600F07FFC4E
:10359000194B93F8A630804673B1184C20462BF097
:1035A00061FB05F51C550123103523732046144B90
:1035B000A56023612BF02CFBB8F1000F1AD0F37B30
:1035C000022B07D1338A53450ED14046BDE87847D8
:1035D00000F03EBC032B07D10822494606F110003B
:1035E00034F080FA0028F0D041463046BDE87847F4
:1035F00000F008B8BDE87887840C0120AC480020B2
:10360000953301012DE9734F06460C46F2F7BEFFD4
:103610002C4A214605463046FCF7CEFBD6F824C09E
:10362000E16B00230CF101028B7001929CF80120E8
:103630009A4235D9019895F80CE0002200EBC306B8
:1036400000E00132D0B2864527D928684FF028081B
:1036500008FB02000090D0E90289D6F801008246FA
:10366000D6F80500814508BFD045EAD1009800880A
:1036700040F2012A5045E4D1A86800EBC2008079ED
:103680004006DED50A4612F8020F02EBC0020130F6
:10369000C2F80180C2F8059088700133DBB2C5E73B
:1036A0008A78D3000333638732B104F10C0002B08F
:1036B000BDE8704FF9F73BB8204602B0BDE8704F47
:1036C000C6E300BF09FE000138B5054600F0DFFB88
:1036D0000446C8B11F23A0F85630022380F85830A2
:1036E0004FF6FC73C0F81051A0F85A300021AF30EB
:1036F000FFF7EEFE20B12046BDE8384000F005B8E7
:103700002046BDE83840A3E338BD38B50C4B598A94
:10371000054629B9F0F7C4FE0446F5F7CFFA21189B
:10372000284600F0DBFA00232B7200F03DFB29460F
:103730006872044831F0D0FE0120BDE83840E1E471
:1037400020310020684700202DE97841304DDFF816
:10375000CC80D5F818430CB9BDE87881237A072BC3
:1037600019D8DFE803F0041818181822222DB5F82C
:1037700038345B0511D504F10C064822002130468F
:1037800034F07CFAC4F84880204600F07DF820B17F
:103790003046F8F7CCFF2468DDE70723237284F86E
:1037A0001F310120FFF7AEFCF5E7052B0CBF04230A
:1037B0000223237204F58A70D4F810319847EAE79F
:1037C0002146144831F0B2FE94F81F3163B9B4F8C1
:1037D0005630012B06D1D4E94823B4F82801F2F77A
:1037E00021FB01E0002BF6D0204600F0C5F8D4F80C
:1037F000103104F58A709847D5F818331BB10120B1
:10380000BDE878417EE40448BDE8784133F0D0BBA0
:1038100050440020684700206C47002021380101F7
:1038200010B5044610F8443C14F84C2980F8D32015
:10383000023B072B24D8DFE803F0041123231523D0
:10384000231B5AB9042300F8443C21460D4831F0AB
:103850008BFEA8B10120BDE8104053E4072300F817
:10386000443CF2E7002AF9D1052300F8443CECE798
:10387000052380F8D330D0F8C430C8309847E4E747
:1038800010BD00BF6847002038B504460023B0F8DB
:10389000565080F81F3101460C3000F063FA94F85E
:1038A0004030C5F30E0523F0210343F020031E2D05
:1038B00084F840301ED82046FCF7CFFAB4F85630D2
:1038C000E386132B07D0C3F30E02382A03D048F245
:1038D000200293424DD103222272608F48B113F42B
:1038E000004F04BF627A84F8AE2004F1AE03E363B4
:1038F000012038BDB4F856301F2B05D194F8AF30F5
:10390000DB0002336387D9E7A5F12102012A20D821
:103910001623638794F8BA3094F82820012B04BF4B
:103920000F23638794F84030022A43F0010384F8A0
:10393000403009D1618D4FF6F772914204D96FF38F
:10394000820384F84030B9E743F0040384F8403040
:10395000B4E7332D02D102236387AFE7303D172D43
:1039600003D948F23B029342A8D12046FDF7FCFA66
:10397000A4E702222272B0E738B5B0F85630042B23
:10398000044623D190F8293100EB4301112B28BFC5
:10399000112301F5957100F2771280F82931CB1CC3
:1039A0009A4214D3521A11F8013B013A112B4FEAF3
:1039B000520228BF11239A4228BF1A46D5B200F2FC
:1039C0004D10520033F0B0FC84F84C5138BD002546
:1039D000FAE738B5038C012B054603D9204BD3F801
:1039E000184304B938BD6B6A1A78637A9A422CD1AD
:1039F000284600F037F80028F4D0237A022B26D18D
:103A0000B4F85630062B0CBF062303232372EB7B3E
:103A100084F8143105F1100303CB04F58F7444F8D6
:103A2000041C44F8080C59220021204634F026F9E1
:103A30002A8C696A592A204628BF592234F060F836
:103A40000120BDE83840FFF75DBB2468C9E7042BBF
:103A5000FBD1B4F85630062B0CBF05230723D5E75E
:103A60005044002070B5C48B48F222039C424FD8CA
:103A7000013B9C426DD21B3B9C4237D8023B9C428F
:103A800080F08A80B4F5004F05D3033B9C4268D98F
:103A900001339C427AD000231A4648F204018C423A
:103AA00040F0A480456A48F204018C426E7840F0F0
:103AB000A680002E40F09F80591E062914D9002AA6
:103AC00000F09980EC7ADA1F6100D2B24B1C9A4266
:103AD0000AD329446FEA440422440B7BD2B2B2EBEE
:103AE000430F2CBF01260026304670BD48F210035C
:103AF0009C4251D00F339C42CDD1038C022B40F21B
:103B0000AC80426A9278033BD200D2B2DBB237E09B
:103B100048F233039C4255D011D8023B9C4243D01B
:103B200001339C42B7D1038C042B40F29680426A49
:103B30001279053B02EB8202D2B2DBB220E048F2FE
:103B400036039C4205D002339C4245D0043B9C4244
:103B5000A1D1038C012B94BF00260126002E9AD1FF
:103B6000C2E7018C0B2978D90C293DD0436A1B7B15
:103B7000002B42D05A000132A1F10D03D2B2DBB2C8
:103B8000002B67D1002A68D1134686E7038C102BDF
:103B900094BF00260126E1E7038C042B5DD9426A1D
:103BA000053B1279DBB2EBE7038C042B55D9426A53
:103BB000127902EB820102EB41025200053BD2B2C4
:103BC000DBB2DDE7038C042B47D9426A1279053B4F
:103BD0009200D2B2DBB2D3E7038C0A2B3DD9426A02
:103BE0000B3B927ADBB2CBE70022134648F233015B
:103BF0008C423FF457AF012676E71A46F6E748F2C3
:103C000033029442F7D1002EF5D12A796C1D1AB1F6
:103C1000591E0C297FF668AF90F82010C2EBC20243
:103C20000539C9B252000126002A3FF45DAF914226
:103C30000DDBE07A451E012D07D9032807D1152099
:103C4000091AC9B204440E3AEEE70E20F8E700263E
:103C50003046F5E79A427FF620AF002644E770B57C
:103C60001B4ED6F818434FF0FF3564B96B1C2AD0B1
:103C70002A461848184B012133F07EF91548BDE853
:103C8000704033F08DB9227A931E022B9FBF636878
:103C9000D6F828135B1A6360636883B9042A0CD1D1
:103CA000B4F85630062B0CBF0D23022384F81F31C5
:103CB000072323720120FFF725FA2468D5E79D42E8
:103CC00028BF1D46F9E70348BDE8704033F070B9DE
:103CD000504400206C4700205F3C01012DE97841F1
:103CE0001D4D80460E46D5F8184324F01DFC95F86E
:103CF0001C33C8F804609BB1D5F824334FF0FF3271
:103D0000C11A181ACCB9B242144B154828BF324612
:103D1000012133F031F91248BDE8784133F040B960
:103D200005F547700D4B3246012133F025F905F5B5
:103D30004770BDE8784133F033B963684BB144450F
:103D400007D08B428CBF1B1800239A42636028BFA8
:103D50001A462468D6E700BF504400205F3C0101AA
:103D60006C47002091F85830037751F85A3FC0F85B
:103D70001E304B68C0F8223090F8343043F04003D6
:103D800080F8343070470379032B09D0022B09D116
:103D9000C0884FF6F77398428CBF0020012070470F
:103DA0000120704700207047034B93F83403421CF6
:103DB00083F83423704700BF5044002038B50146D3
:103DC0000446134831F0B2FB237A0546E0B19A1E4F
:103DD000012A01D9062B0ED1092323720D48D0F8F0
:103DE000183333B900F5477033F0E2F80120FFF7DC
:103DF000AFF9284638BD052384F81F3104F58A70D1
:103E0000D4F810319847E9E7093B5D425D41E5E7A9
:103E1000684700205044002038B50C4D05F5477028
:103E2000D5F8184333F0C4F80120FFF791F914B91D
:103E3000C5F8184338BD052384F81F3104F58A708E
:103E4000D4F8103198472468F1E700BF50440020AF
:103E500037B5002501A9044640F2222001958DF8CE
:103E6000035029F0A9FB0DF1030140F22B1029F0BA
:103E7000BDFB019B4FF4D472E41AB4FBF2F4E4B23C
:103E800002FB043484F8A05103B030BDE0E773B501
:103E9000002401A940F2222001948DF802408DF8FF
:103EA000034029F089FB0DF1020140F22B1029F0AB
:103EB0009DFB9DF80220019BA24209D101230DF137
:103EC000030146208DF8033000252DF057F816E049
:103ED0001D4603F5D47313F8086C9EB9012385F8C9
:103EE000A0314822314605F10C0033F0C7FE05F140
:103EF000AE0359223146184633F0C0FEE863284627
:103F000002B070BD0134E4B2D6E72DE9734F8246AA
:103F1000FFF7BDFF00F10C0304460093002800F0FA
:103F20008C8090F84020DAF824B012F0010F00F1F4
:103F3000B00100F1B3054FF000000CBF3A26262671
:103F4000814680460191F8F7B1FB0199002837D1ED
:103F500084F8B08084F8B290B8F1000F6AD09BF872
:103F6000012084F8B120002284F8AF200222DAF880
:103F7000243084F82820BAF810206285BAF81E2070
:103F80009AF82960E06B6FEA42426FEA5242E28699
:103F900094F84020AF3E18BF012642F0200266F39D
:103FA000000284F840201A7802706D1A244A0098A2
:103FB000A2640235658702B0BDE8704FF8F7B7BB61
:103FC0009BF80120424509D8B9F1030F06D890F8B3
:103FD0000CC0BCF1030F06D1142E09D808F101085A
:103FE0005FFA88F8AEE7BCF1010FF7D10D2EF5D9D5
:103FF00002682A6042686A60027A2A724289A5F8D9
:104000000920BCF1030F85F80BC00DD10269EA60ED
:1040100042692A61153E027E2A75F6B209F101094C
:1040200015355FFA89F9D9E7028AAA810E3E073D64
:10403000F6B2F3E784F8B18095E702B0BDE8708F7F
:104040008D3E01012DE970410379B0F81E80022BED
:104050008FB0054604D1C2884FF6F7739A4242D812
:10406000FFF715FF044600283DD0B8F1210F0CBF23
:1040700002230423ADF8043001A900231E2003937A
:1040800002952CF07BFF039B002B40F085806B6A30
:104090001E4656F8011F7268CDE904125A7A8DF84F
:1040A0001820D97A9A7A42EA0122ADF81A201A7BAE
:1040B0008DF81C20A321012A8DF8301016D15A7BCF
:1040C0009B7B42EA0323ADF82030B8F1210F04A80E
:1040D00014D1F8F71BFA9DF83030A42B50D010D82B
:1040E000CBB1822B58D00FB0BDE870815B7D8DF8CD
:1040F0002830F2683369CDE90823E6E7F8F788FA53
:10410000E9E7AA2B44D0AE2B3ED0A62BEBD18023DF
:1041100084F8AF3007E0B8F1210F84F8AF303046B3
:104120002BD12EF0DDF82B8A686A6385EB8BE26B6E
:1041300002216FEA434384F8281061876FEA5343F2
:1041400095F82910E38694F84030AF3918BF012163
:1041500043F0200361F3000384F8403003781370C8
:104160000F4BA36494F8403043F0040384F84030CC
:1041700004F10C00F8F7DBFAB5E72EF0C3F8D2E74C
:10418000882384F8AF30CEE78C2384F8AF30CAE7B9
:10419000842384F8AF30C6E784F8AF30C3E700BFAC
:1041A0008D3E010113B504460DF10701292029F0C8
:1041B0001DFA9DF807306BB3D4E90023591C08BFE2
:1041C000B2F1FF3F2AD04FF0FF316FF002008B4277
:1041D00008BF824224D04FF0FF316FF003008B42C2
:1041E00008BF82421ED04FF0FF316FF004008B42B7
:1041F00008BF824218D0FBF78BFB02884FF6F7739B
:104200009A4207D82046FBF771FB18B1FBF780FBF9
:1042100002B010BD2046F1F7C9FEF9E70348F7E701
:104220000348F5E70348F3E70348F1E7482A01208C
:104230004A2A0120462A01204C2A01204FF6F77312
:10424000984210B5044608D8FBF762FB0388A342E6
:1042500003D1BDE81040FBF757BB2046BDE8104036
:10426000F1F7DCB8B0F85430013310B5438790F85B
:1042700040306FF3451380F840300446FBF74CFBA9
:10428000012802BF94F8403043F0010384F8403025
:1042900010BD08B5012343710146044831F01CF9F3
:1042A0000420BDE80840FEF72DBF00BF8C48002069
:1042B00010B50B4BD3F83C34A0F58A723BB1547A5D
:1042C00019798C420AD1C27A1A7403225A71FFF703
:1042D000BFFD0420BDE81040FEF714BF1B68EDE7EA
:1042E0005044002038B5094DD5F83C442CB9042081
:1042F000FEF72EFFC5F83C4438BD2046052300F8E4
:10430000103F636998472468F0E700BF50440020DD
:104310002DE973432F4ED6F83C5406F23C4815B9AC
:1043200002B0BDE8708395F80590B9F1010F04D093
:10433000B9F1030F45D02D68F1E7B6F83834DB0446
:104340003DD5FFF7A4FD0446C8B30222224B6A7193
:10435000C0F81031AB79934207D0032B18D0204618
:10436000FFF7D3F9637A2B71E5E7A0F8569080F850
:10437000583005F1080303CBC4F85A00C4F85E10A6
:104380002B89A4F8AF304FF00003A4F8B130E6E772
:104390000023A0F8563080F858209C462A464FF655
:1043A000FD73A0F85A3052F8080F5168C4F8B310E2
:1043B0006B4603C3C4F8AF00A4F8B7C0CFE78023AF
:1043C0002B742946404631F0B1F86B6905F11000B5
:1043D0009847B0E750440020B1420101838B10B5EB
:1043E0000446C3B9C38B1A040CD548F23802934271
:1043F00008D0014628202CF0C1FD2046BDE8104021
:10440000FFF7E7BA214627202CF0B8FD2046BDE88B
:104410001040FBF7BFBB10BD4465766963655479F6
:104420007065203D2025640D0A0000004841446568
:104430007669636554797065203D20307825303485
:10444000780D0A00537461747573203D2025640D46
:104450000A0000002D6F6E002D746F67676C650099
:1044600072656164417474726962757465000000FC
:1044700073646464640000002D3E526561642041F1
:10448000747472696275746520666F7220737065EA
:1044900063696669656420636C75737465723A203C
:1044A00072656164417474726962757465205B61E0
:1044B0006464724D6F64655D5B616464725D5B65CD
:1044C000705D5B636C757374657249645D5B617488
:1044D000747249645D0D0A0072656164417474729E
:1044E00069627574654D756C7469706C6500000067
:1044F00073646464646400002D3E5265616420410D
:104500007474726962757465204D756C7469706C31
:104510006520666F722073706563696669656420E3
:10452000636C75737465723A20726561644174746A
:104530007269627574654D756C7469706C65205B29
:10454000616464724D6F64655D5B616464725D5B40
:1045500065705D5B636C757374657249645D5B73F4
:10456000746172744174747249645D5B636F756EDB
:10457000745D0D0A000000007772697465417474FF
:104580007269627574650000736464646464646471
:10459000000000002D3E57726974652041747472EA
:1045A000696275746520666F7220737065636966F1
:1045B00069656420636C75737465723A20777269FB
:1045C0007465417474726962757465205B616464BA
:1045D000724D6F64655D5B616464725D5B65705DA7
:1045E0005B636C757374657249645D5B617474724E
:1045F00049645D5B747970655D5B6174747256616A
:104600006C75655D5B6174747253697A655D0D0AE2
:104610000000000077726974654174747269627594
:1046200074654E6F52657370000000002D3E577226
:1046300069746520417474726962757465204E6F87
:1046400020726573706F6E736520666F7220737071
:104650006563696669656420636C75737465723A35
:104660002077726974654174747269627574654EFD
:104670006F52657370205B616464724D6F64655D39
:104680005B616464725D5B65705D5B636C757374C4
:10469000657249645D5B6174747249645D5B7479D1
:1046A00070655D5B6174747256616C75655D5B61AC
:1046B00074747253697A655D0D0A0000636F6E66EB
:1046C00069677572655265706F7274696E67000014
:1046D0002D3E53656E647320636F6E6669677572F5
:1046E00065207265706F7274696E6720746F2073D5
:1046F000706563696669656420636C75737465725F
:10470000207365727665723A20636F6E66696775AD
:1047100072655265706F7274696E67205B61646464
:10472000724D6F64655D5B616464725D5B65705D55
:104730005B636C757374657249645D5B61747472FC
:1047400049645D5B747970655D5B6D696E5D5B6D21
:1047500061785D0D0A000000636F6E6669677572AF
:10476000655265706F7274696E675752430000003E
:104770007364646464646464640000002D3E536583
:104780006E647320636F6E6669677572652072650B
:10479000706F7274696E67207769746820726570D3
:1047A0006F727461626C65204368616E6765207426
:1047B0006F2073706563696669656420636C7573E7
:1047C000746572207365727665723A20636F6E66E7
:1047D00069677572655265706F7274696E6757525A
:1047E00043205B616464724D6F64655D5B6164640A
:1047F000725D5B65705D5B636C7573746572496453
:104800005D5B6174747249645D5B747970655D5B56
:104810006D696E5D5B6D61785D5B7265704368614B
:104820006E67655D0D0A0000726561645265706FA8
:104830007274696E670000002D3E53656E647320CC
:1048400052656164207265706F7274696E6720745E
:104850006F2073706563696669656420636C757346
:10486000746572207365727665723A207265616450
:104870005265706F7274696E67205B616464724D1B
:104880006F64655D5B616464725D5B65705D5B63F5
:104890006C757374657249645D5B617474724964AC
:1048A0005D0D0A0061646447726F7570000000005E
:1048B00073646464000000002D3E53656E64204103
:1048C00064642047726F757020636F6D6D616E64F4
:1048D0003A2061646447726F7570205B6164647232
:1048E0004D6F64655D5B616464725D5B65705D5BAB
:1048F0006769645D0D0A000061646447726F7570DA
:1049000049664964656E74696679696E670000007E
:104910002D3E53656E64204164642047726F75704C
:10492000204966204964656E74696679696E6720FE
:10493000636F6D6D616E643A61646447726F757028
:1049400049664964656E74696679696E67205B6162
:104950006464724D6F64655D5B616464725D5B6528
:10496000705D5B6769645D0D0A00000067657447F0
:10497000726F75704D656D62657273686970000065
:104980002D3E53656E64204765742047726F7570C5
:10499000204D656D6265727368697020636F6D6D1F
:1049A000616E643A2067657447726F75704D656D0E
:1049B00062657273686970205B616464724D6F64D4
:1049C000655D5B616464725D5B65705D5B636F75A3
:1049D0006E745D5B6769645D2A350D0A0000000036
:1049E00072656D6F7665416C6C47726F75707300A0
:1049F000736464002D3E53656E642052656D6F765E
:104A00006520416C6C2047726F757020636F6D6D0F
:104A1000616E643A2072656D6F7665416C6C4772A9
:104A20006F75705B616464724D6F64655D5B61643A
:104A300064725D5B65705D0D0A00000072656D6FEC
:104A4000766547726F7570002D3E53656E64205217
:104A5000656D6F76652047726F757020636F6D6D41
:104A6000616E643A2072656D6F766547726F75701E
:104A7000205B616464724D6F64655D5B6164647248
:104A80005D5B65705D5B6769645D0D0A0000000039
:104A90007669657747726F75700000002D3E53652B
:104AA0006E6420566965772047726F757020636F5A
:104AB0006D6D616E643A207669657747726F7570C7
:104AC000205B616464724D6F64655D5B61646472F8
:104AD0005D5B65705D5B6769645D0D0A00000000E9
:104AE0007265736574546172676574546F464E00E5
:104AF0000000000052657365742064657669636523
:104B000020746F20464E3A20726573657444657652
:104B1000696365546F464E0D0A0000007365745456
:104B2000617267657454797065000000640000006C
:104B30002D3E205365747320746172676574207410
:104B40007970653A2073657454617267657454793D
:104B50007065203C747970653E0D0A00536574627F
:104B600064624A6F696E55736573496E7374616CE4
:104B70006C436F64654B6579000000002D3E205347
:104B8000657473206264624A6F696E557365734918
:104B90006E7374616C6C436F64654B6579205B76F2
:104BA000616C75655D0D0A007265736574546F46BE
:104BB0006163746F727944656661756C747300002B
:104BC0002D3E20726573657420616C6C20636C757A
:104BD0007374657220617474726962757465732090
:104BE000746F20666163746F7279206465666175A5
:104BF0006C747320636F6D6D616E643A726573657A
:104C000074546F466163746F727944656661756C44
:104C10007473205B616464724D6F64655D5B616495
:104C200064725D5B65705D0D0A000000646973610C
:104C3000626C6544656661756C74526573700000E2
:104C40002D3E44697361626C652F456E61626C65CF
:104C50002064656661756C7420726573706F6E7325
:104C60006520666F72205A434C20636F6D6D616ED4
:104C7000643A2064697361626C6544656661756C51
:104C80007452657370205B76616C7565202D2030E1
:104C900020666F7220656E61626C65206F722031D4
:104CA00020666F722064697361626C655D0D0A0035
:104CB0006164645363656E65546F444C000000008A
:104CC0002D3E53656E6420416464205363656E65B8
:104CD00020636F6D6D616E6420746F2044696D6D2B
:104CE00061626C65204C696768743A206164645342
:104CF00063656E65205B616464724D6F64655D5BC6
:104D0000616464725D5B65705D5B67726F7570494D
:104D1000645D5B7363656E6549645D5B7472616E4F
:104D2000736974696F6E54696D655D5B6F6E4F6614
:104D3000665D5B6C6576656C5D0D0A00616464534D
:104D400063656E65546F5448000000002D3E536546
:104D50006E6420416464205363656E6520636F6DEB
:104D60006D616E6420746F20546865726D6F73742A
:104D700061743A206164645363656E65205B6164AD
:104D800064724D6F64655D5B616464725D5B6570E8
:104D90005D5B67726F757049645D5B7363656E65BB
:104DA00049645D5B7472616E736974696F6E546996
:104DB0006D655D5B6F63637570696564436F6F6C90
:104DC000696E67536574706F696E745D5B6F636362
:104DD000757069656448656174696E675365747060
:104DE0006F696E745D5B73797374656D4D6F646527
:104DF0005D0D0A006765745363656E654D656D6290
:104E000065727368697000002D3E53656E642047BB
:104E10006574205363656E65204D656D62657273C0
:104E200068697020636F6D6D616E643A20676574A8
:104E30005363656E654D656D626572736869702058
:104E40005B616464724D6F64655D5B616464725D37
:104E50005B65705D5B67726F757049645D0D0A001C
:104E60006D6F7665000000002D3E53656E64204D29
:104E70006F7665202877697468204F6E2F4F6666BD
:104E80002920636F6D6D616E643A206D6F766520C9
:104E90005B616464724D6F64655D5B616464725DE7
:104EA0005B65705D5B6D6F64655D5B726174655DB4
:104EB0005B6F6E4F66665D5B6F70744D61736B5DAB
:104EC0005B6F70744F7672645D0D0A006D6F76656E
:104ED000546F4C6576656C002D3E53656E64204DB5
:104EE0006F766520546F204C6576656C2028776955
:104EF0007468204F6E2F4F66662920636F6D6D6159
:104F00006E643A206D6F7665546F4C6576656C20E3
:104F10005B616464724D6F64655D5B616464725D66
:104F20005B65705D5B6C6576656C5D5B7472616E14
:104F3000736974696F6E54696D655D5B6F6E4F6602
:104F4000665D5B6F70744D61736B5D5B6F70744F0A
:104F50007672645D0D0A00006F6666576974684575
:104F600066666563740000002D3E53656E64204FD5
:104F700066662057697468204566666563742063B9
:104F80006F6D6D616E643A206F666657697468452F
:104F90006666656374205B616464724D6F64655D11
:104FA0005B616464725D5B65705D5B6566666563CD
:104FB0007449645D5B6566666563745661726961B8
:104FC0006E745D0D0A0000006F6E5769746852655B
:104FD00063616C6C476C6F62616C5363656E6500F6
:104FE0002D3E53656E64204F6E20576974682052C1
:104FF0006563616C6C20476C6F62616C2053636504
:105000006E6520636F6D6D616E643A206F6E5769D7
:105010007468526563616C6C476C6F62616C53635A
:10502000656E65205B616464724D6F64655D5B6194
:105030006464725D5B65705D0D0A00006F6E576998
:10504000746854696D65644F666600002D3E536553
:105050006E64204F6E20576974682054696D6564D2
:10506000206F666620636F6D6D616E643A206F6EAF
:105070005769746854696D65644F6666205B616446
:1050800064724D6F64655D5B6D6F64655D5B6570DB
:105090005D5B6F6E4F66664374726C5D5B6F6E54E2
:1050A000696D655D5B6F66665761697454696D65AE
:1050B0005D0D0A00726563616C6C5363656E65001B
:1050C0002D3E53656E6420526563616C6C205363A2
:1050D000656E6520636F6D6D616E643A2072656305
:1050E000616C6C5363656E65205B616464724D6FC7
:1050F00064655D5B616464725D5B65705D5B677276
:105100006F757049645D5B7363656E6549645D5B73
:105110007472616E736974696F6E54696D655D0D4B
:105120000A00000072656D6F7665416C6C536365B3
:105130006E6573002D3E53656E642052656D6F760B
:105140006520416C6C205363656E657320636F6DE1
:105150006D616E643A2072656D6F7665416C6C535B
:1051600063656E6573205B616464724D6F64655D39
:105170005B616464725D5B65705D5B67726F7570C7
:1051800049645D0D0A00000072656D6F76655363BA
:10519000656E65002D3E53656E642052656D6F76B9
:1051A00065205363656E6520636F6D6D616E643A53
:1051B0002072656D6F76655363656E65205B616413
:1051C00064724D6F64655D5B616464725D5B6570A4
:1051D0005D5B67726F757049645D5B7363656E6577
:1051E00049645D0D0A0000007374657000000000E2
:1051F0002D3E53656E642053746570202877697462
:1052000068204F6E2F4F66662920636F6D6D616E4B
:10521000643A2073746570205B616464724D6F64DE
:10522000655D5B616464725D5B65705D5B6D6F6441
:10523000655D5B7374657053697A655D5B747261FB
:105240006E736974696F6E54696D655D5B6F6E4FE7
:1052500066665D5B6F70744D61736B5D5B6F7074E0
:105260004F7672645D0D0A0073746F700000000069
:105270002D3E53656E642053746F702028776974D7
:1052800068204F6E2F4F66662920636F6D6D616ECB
:10529000643A2073746F70205B616464724D6F6454
:1052A000655D5B616464725D5B65705D5B6F6E4FD5
:1052B00066665D5B6F70744D61736B5D5B6F707480
:1052C0004F7672645D0D0A0073746F726553636587
:1052D0006E6500002D3E53656E642053746F7265D9
:1052E000205363656E6520636F6D6D616E643A2057
:1052F00073746F72655363656E65205B616464727D
:105300004D6F64655D5B616464725D5B65705D5B80
:1053100067726F757049645D5B7363656E65496440
:105320005D0D0A007472696767657245666665633C
:10533000740000002D3E53656E64205472696767E7
:10534000657245666665637420636F6D6D616E643A
:105350003A20747269676765724566666563742092
:105360005B616464724D6F64655D5B616464725D12
:105370005B65705D5B65666665637449645D5B650E
:10538000666665637456617269616E745D000000E3
:10539000766965775363656E650000002D3E536541
:1053A0006E642056696577205363656E6520636F70
:1053B0006D6D616E643A20766965775363656E65DD
:1053C000205B616464724D6F64655D5B61646472EF
:1053D0005D5B65705D5B67726F757049645D5B7383
:1053E00063656E6549645D0D0A0000006F6E4F666F
:1053F00066000000736464730000000053656E640F
:1054000073204F6E2F4F666620636F6D6D616E6403
:105410003A206F6E4F6666205B616464724D6F6404
:10542000655D5B616464725D5B65705D5B6F6E4F53
:1054300066663A202D6F6E20666F72204F6E2C20AC
:105440002D6F666620666F72204F66665D0D0A00DE
:105450006964656E74696679000000002D3E5365CD
:105460006E64204964656E7469667920636F6D6D42
:10547000616E643A206964656E74696679205B6167
:105480006464724D6F64655D5B616464725D5B65ED
:10549000705D5B696454696D655D0D0A0000000014
:1054A0006964656E7469667951756572790000008A
:1054B0002D3E53656E64204964656E74696679207B
:1054C000517565727920636F6D6D616E643A206904
:1054D00064656E746966795175657279205B616483
:1054E00064724D6F64655D5B616464725D5B657081
:1054F0005D0D0A006D6F7665546F4875650000009C
:105500005B616464724D6F64655D5B616464725D70
:105510005B65705D5B6875655D5B6469726563742E
:10552000696F6E5D5B7472616E73697454696D65E9
:105530005D5B6F70744D61736B5D5B6F70744F7604
:1055400072645D0D0A0000006D6F76654875650038
:1055500073646464646464005B616464724D6F646A
:10556000655D5B616464725D5B65705D5B6D6F76EC
:10557000654D6F64655D5B726174655D5B6F7074D2
:105580004D61736B5D5B6F70744F7672645D0D0A75
:105590000000000073746570487565005B616464A9
:1055A000724D6F64655D5B616464725D5B65705DC7
:1055B0005B737465704D6F64655D5B737465705388
:1055C000697A655D5B7472616E73697454696D6547
:1055D0005D5B6F70744D61736B5D5B6F70744F7664
:1055E00072645D0D0A0000006D6F7665546F536143
:1055F0007475726174696F6E000000005B616464B1
:10560000724D6F64655D5B616464725D5B65705D66
:105610005B73617475726174696F6E5D5B747261E6
:105620006E73697454696D655D5B6F70744D617301
:105630006B5D5B6F70744F7672645D0D0A000000E5
:105640006D6F766553617475726174696F6E000079
:105650007374657053617475726174696F6E000064
:105660006D6F7665546F487565416E6453617475EE
:10567000726174696F6E00005B616464724D6F6487
:10568000655D5B616464725D5B65705D5B687565DB
:105690005D5B73617475726174696F6E5D5B74726A
:1056A000616E73697454696D655D5B6F70744D6193
:1056B000736B5D5B6F70744F7672645D0D0A0000F2
:1056C0006D6F7665546F436F6C6F72005B616464DD
:1056D000724D6F64655D5B616464725D5B65705D96
:1056E0005B636F6C6F72585D5B636F6C6F72595D5B
:1056F0005B7472616E73697454696D655D5B6F7024
:10570000744D61736B5D5B6F70744F7672645D0D89
:105710000A0000006D6F7665436F6C6F72000000C9
:105720005B616464724D6F64655D5B616464725D4E
:105730005B65705D5B72617465585D5B7261746519
:10574000595D5B6F70744D61736B5D5B6F70744F0F
:105750007672645D0D0A000073746570436F6C6F40
:10576000720000005B616464724D6F64655D5B6133
:105770006464725D5B65705D5B73746570585D5BDE
:1057800073746570595D5B7472616E73697454698A
:105790006D655D5B6F70744D61736B5D5B6F707495
:1057A0004F7672645D0D0A006D6F7665546F436FBE
:1057B0006C6F7254656D706572617475726500000E
:1057C0005B616464724D6F64655D5B616464725DAE
:1057D0005B65705D5B636F6C6F7254656D705D5B74
:1057E0007472616E73697454696D655D5B6F70741A
:1057F0004D61736B5D5B6F70744F7672645D0D0A03
:1058000000000000656E68616E6365644D6F7665CB
:10581000546F4875650000005B616464724D6F648D
:10582000655D5B616464725D5B65705D5B656E6840
:10583000616E6365644875655D5B64697265637418
:10584000696F6E5D5B7472616E73697454696D65C6
:105850005D5B6F70744D61736B5D5B6F70744F76E1
:1058600072645D0D0A000000656E68616E636564B8
:105870004D6F766548756500656E68616E63656439
:105880005374657048756500656E68616E63656424
:105890004D6F7665546F487565416E6453617475DC
:1058A000726174696F6E00005B616464724D6F6455
:1058B000655D5B616464725D5B65705D5B656E68B0
:1058C000616E6365644875655D5B73617475726173
:1058D00074696F6E5D5B7472616E73697454696D27
:1058E000655D5B6F70744D61736B5D5B6F70744F62
:1058F0007672645D0D0A0000636F6C6F724C6F6F9F
:1059000070536574000000007364646464646464CC
:10591000646400005B616464724D6F64655D5B612B
:105920006464725D5B65705D5B757064617465462F
:105930006C6167735D5B616374696F6E5D5B646905
:1059400072656374696F6E5D5B74696D655D5B73D1
:10595000746172744875655D5B6F70744D61736BD3
:105960005D5B6F70744F7672645D0D0A000000001D
:1059700073746F704D6F766553746570000000002E
:105980005B616464724D6F64655D5B616464725DEC
:105990005B65705D5B6F70744D61736B5D5B6F70A9
:1059A000744F7672645D0D0A000000006D6F7665BD
:1059B000436F6C6F7254656D70657261747572655A
:1059C000000000005B616464724D6F64655D5B6143
:1059D0006464725D5B65705D5B6D6F76654D6F6471
:1059E000655D5B726174655D5B636F6C6F7254655E
:1059F0006D704D696E5D5B636F6C6F7254656D7039
:105A00004D61785D5B6F70744D61736B5D5B6F7042
:105A1000744F7672645D0D0A000000007374657047
:105A2000436F6C6F7254656D7065726174757265E9
:105A3000000000005B616464724D6F64655D5B61D2
:105A40006464725D5B65705D5B737465704D6F64FB
:105A5000655D5B7374657053697A655D5B747261D3
:105A60006E73697454696D655D5B636F6C6F7254BE
:105A7000656D704D696E5D5B636F6C6F7254656DC3
:105A8000704D61785D5B6F70744D61736B5D5B6FC2
:105A900070744F7672645D0D0A000000656E686177
:105AA0006E6365644164645363656E650000000065
:105AB0007364646464646464646464646464646497
:105AC000000000005B616464724D6F64655D5B6142
:105AD0006464725D5B65705D5B67726F75705D5B62
:105AE0007363656E655D5B747254696D655D5B6F54
:105AF0006E4F66665D5B6C6576656C5D5B585D5B85
:105B0000595D5B656E4875655D5B7361745D5B6374
:105B10006F6C6F724C6F6F70416374765D5B636F17
:105B20006C6F724C6F6F704469725D5B636F6C6F0A
:105B3000724C6F6F7054696D655D5B636F6C6F72F3
:105B400054656D705D0D0A00656E68616E63656415
:105B50004164645363656E65546F544800000000EF
:105B60005B616464724D6F64655D5B616464725D0A
:105B70005B65705D5B67726F757049645D5B7363D5
:105B8000656E6549645D5B7472616E736974696F9B
:105B90006E54696D655D5B6F6363757069656443C1
:105BA0006F6F6C696E67536574706F696E745D5B5F
:105BB0006F6363757069656448656174696E675386
:105BC0006574706F696E745D5B73797374656D4D28
:105BD0006F64655D0D0A0000636F70795363656ED5
:105BE000650000005B616464724D6F64655D5B61BC
:105BF0006464725D5B65705D5B6D6F64655D5B6762
:105C0000726F757046726F6D5D5B7363656E65462E
:105C1000726F6D5D5B67726F7570546F5D5B736300
:105C2000656E65546F5D0D0A00000000656E686169
:105C30006E636564566965775363656E6500000041
:105C40005B616464724D6F64655D5B616464725D29
:105C50005B65705D5B67726F757049645D5B7363F4
:105C6000656E6549645D0D0A0000000073656E6431
:105C7000456E64706F696E74496E666F0000000057
:105C8000646400002D3E53656E6420456E64706F41
:105C9000696E7420496E666F20636F6D6D616E640E
:105CA0003A2073656E64456E64706F696E74496EF8
:105CB000666F205B73686F7274416464725D5B65CC
:105CC000705D0D0A0000000067657447726F7570A3
:105CD0004964656E74696669657273006464640022
:105CE0002D3E53656E642067657447726F757073DF
:105CF0004964656E7469666965727320636F6D6D62
:105D0000616E643A2067657447726F7570496465A7
:105D10006E74696669657273205B73686F72744133
:105D20006464725D5B65705D5B7374617274496E0F
:105D30006465785D0D0A0000676574456E64706F78
:105D4000696E744C697374002D3E53656E642067F0
:105D50006574456E64706F696E744C69737420630A
:105D60006F6D6D616E643A2067657447726F757010
:105D70004964656E74696669657273205B73686FE8
:105D80007274416464725D5B65705D5B73746172B3
:105D900074496E6465785D0D0A0000007365745483
:105DA000696D6553746174757300000064646464A4
:105DB000000000002D3E2073657454696D655374B6
:105DC00061747573205B6D61737465725D5B73796B
:105DD0006E6368726F6E697A65645D5B6D61737422
:105DE00065725A6F6E654473745D5B73757065722E
:105DF000736564696E675D0D0A0000004961734157
:105E0000636547657450616E656C53746174757336
:105E10004368616E676564436F6D6D616E64000019
:105E20002D3E50616E656C205374617475734368C8
:105E3000616E67656420436F6D6D616E64205365AC
:105E40006E743A5B616464724D6F64655D5B61643E
:105E500064725D5B65705D5B70616E656C5F7374D1
:105E6000617475735D5B7365636F6E64735F726598
:105E70006D61696E696E675D5B61756469626C65B1
:105E80005F6E6F74695D5B616C61726D7374617478
:105E900075735D0D0A0000004961734163655A6FB7
:105EA0006E655374617475734368616E67656443AE
:105EB0006F6D6D616E6400002D3E5A6F6E652053EC
:105EC00074617475734368616E67656420436F6DB8
:105ED0006D616E642053656E743A5B616464724DEB
:105EE0006F64655D5B616464725D5B65705D5B7A68
:105EF0006F6E6549645D5B7A6F6E655F7374617424
:105F000075735D5B61756469626C655D5B7A6F6E0C
:105F1000655F6C6162656C5D0D0A00005A6F6E65AD
:105F2000496E6974696174654E6F726D616C4F7012
:105F300065726174696E674D6F6465436F6D6D6105
:105F40006E6400002D3E53656E64205A6F6E654985
:105F50006E6974696174654E6F726D616C4F7065C6
:105F6000726174696E674D6F6465436F6D6D616ECC
:105F7000643A5B616464724D6F64655D5B61646427
:105F8000725D5B65705D0D0A000000005A6F6E6502
:105F9000496E697469617465546573744D6F6465A5
:105FA000436F6D6D616E64002D3E53656E64205AC3
:105FB0006F6E65496E697469617465546573744D7B
:105FC0006F6465436F6D6D616E643A5B61646472AA
:105FD0004D6F64655D5B616464725D5B65705D5BA4
:105FE000546573745F4D6F64655F44757261746965
:105FF0006F6E205D5B43757272656E745F5A6F6E73
:10600000655F53656E7369746976697479204C6550
:1060100076656C5D0D0A0000496173416365496EE8
:106020006974696174655A6F6E65456E726F6C6CE8
:106030006D656E74000000002D3E456E726F6C6DD4
:10604000656E742070726F6365647572652075701B
:10605000646174653A205B616464724D6F64655D70
:106060005B616464725D5B4369654174747256611F
:106070006C75655D5B656E726F6C6D656E74547981
:1060800070655D0D0A000000736574506F696E7471
:106090004368616E676500005B616464724D6F64A4
:1060A000655D5B616464725D5B65705D5B736574A7
:1060B000706F696E746D6F64655D5B616D6F756E39
:1060C000745D0D0A000000007265736574416C61B7
:1060D000726D000053656E647320526573657420A1
:1060E000616C61726D20636F6D6D616E643A20202A
:1060F0005B616464724D6F64655D5B616464725D75
:106100005B65705D5B616C61726D49645D5B636C66
:10611000757374657249445D0D0A0000726573659C
:1061200074416C6C416C61726D73000053656E64F8
:1061300073207265736574416C6C416C61726D7330
:1061400020636F6D6D616E643A2072657365744192
:106150006C6C416C61726D73205B616464724D6F35
:1061600064655D5B616464725D5B65705D0D0A0012
:106170007265736574416C61726D4C6F67000000ED
:1061800053656E6473207265736574416C61726DE2
:106190004C6F6720636F6D6D616E643A207265733A
:1061A0006574416C61726D4C6F67205B61646472F1
:1061B0004D6F64655D5B616464725D5B65705D0D10
:1061C0000A000000676574416C61726D0000000098
:1061D00053656E64732067657420616C61726D2015
:1061E000636F6D6D616E643A20676574416C6172B6
:1061F0006D205B616464724D6F64655D5B616464B6
:10620000725D5B65705D0D0A00000000696E766F5F
:106210006B65436F6D6D697373696F6E696E67004F
:106220002D3E20696E766F6B657320636F6D6D69AF
:106230007373696F6E696E67205B6D6F64653A207A
:10624000312D546F7563686C696E6B3A20322D5333
:1062500074656572696E673A20342D466F726D61A0
:1062600074696F6E3A20382D4626425D5B6769641B
:106270005D496E766F6B65206F6E6520436F6D6D47
:10628000697373696F6E696E67206D6574686F649A
:1062900020617420612074696D650D0A00000000A2
:1062A000676574417070446576696365547970659B
:1062B000000000002D3E20526571756573742066E4
:1062C0006F722064657669636520747970653A2021
:1062D000676574417070446576696365547970656B
:1062E0000D0A0000676574446576696365547970CA
:1062F000650000002D3E205265717565737420663F
:106300006F722064657669636520747970653A20E0
:10631000676574446576696365547970650D0A0034
:106320006765744578744164647200002D3E2047AF
:1063300065747320457874416464723A20476574CB
:10634000457874416464720D0A0000006765744EFC
:106350006574776F726B41646472657373000000DB
:106360002D3E2052657475726E73206E6574776F62
:10637000726B20616464726573733A206765744E52
:106380006574776F726B416464726573730D0A0094
:106390006765744368616E6E656C00002D3E205227
:1063A000657475726E732063757272656E742063A6
:1063B00068616E6E656C3A206765744368616E6EE5
:1063C000656C0D0A000000007365744578744164C3
:1063D000647200002D3E536574204578742041643A
:1063E00064726573733A5B75707065725D5B6C6F38
:1063F0007765725D0D0A00007365745072696D6196
:1064000072794368616E6E656C4D61736B0000005C
:106410002D3E2053657473207072696D617279200E
:106420006368616E6E656C206D61736B3A20736595
:10643000745072696D6172794368616E6E656C4DFE
:1064400061736B205B6D61736B5D0D0A0000000072
:106450007365745365636F6E646172794368616ECE
:106460006E656C4D61736B002D3E20536574732017
:106470007365636F6E64617279206368616E6E65C7
:106480006C206D61736B3A207365745365636F6E36
:10649000646172794368616E6E656C4D61736B20E7
:1064A0005B6D61736B5D0D0A00000000706F7765B6
:1064B000724F6666000000002D3E20506F776572B7
:1064C00073206F6666206465766963653A20706F35
:1064D0007765724F66660D0A00000000726573658D
:1064E000740000002D3E5265736574206465766902
:1064F00063650D0A000000007265736574546F4691
:106500004E0000002D3E526573657420746F206646
:106510006163746F72792066726573682073657445
:1065200074696E67733A207265736574546F464E72
:106530000D0A000073657463636100002D3E2053F3
:1065400065747320434341204D6F646520616E6420
:10655000205468726573686F6C64205B63636120AC
:106560006D6F64655D205B7468726573686F6C64E1
:106570005D0D0A0067657463636100002D3E20476E
:1065800065747320434341204D6F646520616E64E0
:10659000205468726573686F6C640D0A0000000017
:1065A000666F726D416E6453746565720000000021
:1065B0002D3E20666F726D73206E6574776F726BFF
:1065C00020616E64207374656572730D0A000000AB
:1065D000666F726D5374656572416E644642000069
:1065E0002D3E20666F726D73206E6574776F726BCF
:1065F000202C73746565727320616E642046420DB1
:106600000A000000536574496E7374616C6C436FCB
:1066100064650000646473002D3E2053657473202C
:106620004943205B657874416464725D5B636F64A9
:10663000655D0D0A00000000536574416C6C6F7756
:1066400052656D6F74655443706F6C69637943680C
:10665000616E6765000000002D3E20536574732055
:106660005443506F6C6963795B656E61626C652F32
:1066700064697361626C655D0D0A0000536574495D
:106680006E7374616C6C436F6465446576696365B1
:1066900000000000730000002D3E2053657473203D
:1066A0004943205B636F64655D0D0A007365744147
:1066B0006C6C6F77544C5265736574546F464E0022
:1066C0002D3E205365747320736574416C6C6F7735
:1066D000544C5265736574546F464E3A2030206FA7
:1066E000722031203C747970653E0D0A0000000074
:1066F000536574544C526F6C650000002D3E20535E
:1067000065747320546F7563684C696E6B20526FAB
:106710006C65205B696E69746961746F725D0D0AE6
:106720000000000073657454434C4B457863686106
:106730006E67654D6574686F640000002D3E2053E0
:106740006574732054434C4B2045786368616E67D1
:1067500065204D6574686F64205B6D6574686F6457
:106760005D0D0A0073657454434C4B4D617852655E
:10677000747279417474656D707473002D3E20538A
:106780006574732054434C4B204D617820526574DE
:10679000727920417474656D707473205B617474D8
:1067A000656D70745D0D0A007365745443526571B4
:1067B000756972654B657945786368616E676500D8
:1067C0002D3E205365747320547275737443656E47
:1067D000746572526571756972654B657945786348
:1067E00068616E67653A2030206F722031205B72DD
:1067F0006571756972655D0D0A0000007365744707
:106800006C6F62616C4B6579000000002D3E205377
:10681000657473204B657920666F72206E656761C1
:10682000746976652074657374696E675B4F707404
:10683000696F6E5D0D0A00007365745065726D6955
:10684000744A6F696E0000002D3E205365747320FA
:106850005065726D6974204A6F696E3A2073657471
:106860005065726D69744A6F696E205B6475725D04
:106870000D0A000068656C70000000002D3E536832
:106880006F772068656C7020796F7527726520724C
:10689000656164696E67206E6F773A202068656C69
:1068A000700D0A007A646F48656C7000636F6D6DDF
:1068B000697373696F6E696E6748656C700000007C
:1068C0002D3E53686F7720636F6D6D697373696FC9
:1068D0006E696E672068656C7020796F75277265C8
:1068E0002072656164696E67206E6F773A20206858
:1068F000656C700D0A0000007A636C48656C70006E
:106900002D3E53686F77207A636C2068656C702029
:10691000796F752772652072656164696E67206E94
:106920006F773A202068656C700D0A008013012093
:106930001C00000000000000941E01200400000064
:106940000100000058060120A80501200C010000EC
:10695000000000005E0F01200200000001000000A6
:1069600014010000102B01204D0000000100000068
:106970000000000000000000000000000000000017
:106980000000000000000000000000000000000007
:1069900000000000000000000000000000000000F7
:1069A000795D02010000000000000000000000000E
:1069B0000A00000001000000495F02010100000020
:1069C000C01101203D000000000000000000002078
:1069D00020000000000000008002012008020000EA
:1069E00000000000401001205400000000000000E2
:1069F00078120120300000000000000098150120EE
:106A00000800000000000000A81201203000000073
:106A100000000000A0150120080000000000000098
:106A2000DC2B01203000000001000000C0C1C2C307
:106A3000C4C5C6C7C8C9CACBCCCDCECFD0D1D2D39E
:106A4000D4D5D6D7D8D9DADBDCDDDEDFCCCCCCCCE4
:106A5000CCCCCCCCCCCCCCCCCCCCCCCCB2080120CB
:106A6000050000000000000020000020403200006F
:106A700000000000EE2501200200000001000000DF
:106A8000FFFF00007612012002000000000000005D
:106A9000D40F01200400000000000000642D01203C
:106AA00014000000010000000000000000000000D1
:106AB0000000000000000000458303018015012054
:106AC0000900000000000000603200202C000000DF
:106AD00000000000901401201000000000000000E1
:106AE0008C320020F8000000000000002B2E012056
:106AF000010000000100000001000000A8150120B5
:106B00000800000000000000883300206000000042
:106B100000000000642C012028000000010000009B
:106B20000000000000000000000000000000000065
:106B300069AC03010000000000000000000000003C
:106B400000000000DDAC0301381301202600000026
:106B500000000000E83300200C00000000000000EE
:106B6000DE2901200200000001000000FFFF0000FC
:106B70005E1301200200000000000000A0140120AC
:106B80001000000000000000782D0120140000001B
:106B9000010000000000000000000000E803000009
:106BA0000100000019C00301201501200C000000A5
:106BB00000000000F4330020050000000000000089
:106BC00098FF0020E802000000000000F0150120FE
:106BD00004000000000000002B160120010000004E
:106BE00001000000010000006013012020000000EF
:106BF00000000000FC3300207C01000000000000C9
:106C0000F415012004000000000000002C2E0120DB
:106C10001200000001000000000021000000FDFF44
:106C200021020000FDFF2102000000009C13012052
:106C30001C00000000000000281B01206C03000065
:106C40000100000051340401B98D03015D6B0401A2
:106C50000D6C040139890301A9000401556A04017E
:106C6000B56B0401656E0401AD6A04018D09040170
:106C7000056B0401D1430401317904012960040149
:106C8000ED680401CD800301000003000600080048
:106C900004000500060400040204050400100003BB
:106CA00001020402090002020005000000000300C6
:106CB0000400010500100A0000000101E825012080
:106CC00001000000000000000000000000000000C3
:106CD000000000000000000003000101382E012028
:106CE00004000000BC790401000000000000000066
:106CF000000000000000000006000101882E0120B5
:106D000006000000DC4C0401000000000000000050
:106D1000000000000000000008000101882E012092
:106D200008000000DC7E04010000000000000000FC
:106D3000000000000000000004000101182E0120E6
:106D40000A000000D86E04010000000000000000EE
:106D5000000000000000000005000101B82E012025
:106D600014000000F47004010000000000000000A6
:106D7000000000000000000006040101702E012048
:106D80000000000000000000000000000000000003
:106D9000000000000000000000040101B02E0120EE
:106DA00000000000000000000000000000000000E3
:106DB000000000000000000005040101782E012001
:106DC00000000000000000000000000000000000C3
:106DD000000000000000000002040101682E0120F4
:106DE00000000000000000000000000000000000A3
:106DF000000000000000000000100101482E0120EA
:106E00000500000090780401000000000000000070
:106E1000000000000000000000030101E015012057
:106E200013000000D4AA02010000000000000000CE
:106E3000000000000000000001020101982E012066
:106E40000100000000000000000000000000000041
:106E5000000000000000000004020101802E01205B
:106E60000000000000000000000000000000000022
:106E70000000000000000000090001010000000007
:106E800006000000EC7C040100000000000000008F
:106E9000000000000000000002020101A82E0120F5
:106EA00000000000000000000000000000000000E2
:106EB000000000000000000000050101A02E0120DC
:106EC00005000000FC7C0401000000000000000040
:106ED000000000000000000051340401B98D0301DE
:106EE00039890301058E02018D09040100000000AB
:106EF0000000000F0025012001000000747E040145
:106F00000000000000000000000000000000000081
:106F1000030000022C2E012004000000BC790401B3
:106F20000000000000000000000000000000000061
:106F300004000002202E01200A000000D86E040187
:106F40000000000000000000000000000000000041
:106F500001050001602E012013000000886E04016D
:106F60000000000000000000000000000000000021
:106F700000100001402E012005000000907804015F
:106F80000000000000000000000000000000000001
:106F90000A00000BBC2601200000000000000000D9
:106FA00000000000000000000000000000000000E1
:106FB000682E01200600000001000000FDFF2102F4
:106FC00000000000702E01200600000001000000FB
:106FD000FDFF210200000000782E012006000000C5
:106FE00001000000FDFF210200000000002501203B
:106FF000EE00000004000000000220020001010079
:107000000120020001020001200200010300012012
:1070100002000104000142020020050001420200BA
:107020002006000142020010070001300200011199
:1070300000013000020800013002000109000130A7
:107040000200010A0001410200200B00014202007F
:10705000214042020010FDFF21020004FDFF210239
:1070600000020000BC260120B40000000100000066
:107070000000E2100000000000000000FEFFFFFF23
:107080000100181000000F02002B1000000000800B
:10709000AEFEFF805101000300231000000000003D
:1070A000000000FEFFFFFF040023100000000000AE
:1070B000000000FEFFFFFF05002B10000000008015
:1070C000AEFEFF8051010006002312000000000008
:1070D000000000FEFFFFFF07002312000000000079
:1070E000000000FEFFFFFF0800E2120000000000A9
:1070F000000000FFFFFFFF0900E210000000000099
:10710000000000FFFFFFFFFDFF2102000000000064
:10711000000000000000000000000000000000006F
:10712000193F0301F01301201800000000000000C7
:10713000802E01200600000001000000FDFF21025A
:1071400000000000E0150120060000000000000023
:10715000882E01200600000001000000FDFF210232
:1071600000000000902E0120060000000100000039
:10717000FDFF210200000000982E01200600000003
:1071800001000000FDFF2102000000007028012026
:107190007C00000001000000140C0400FFFF000050
:1071A000D4280120CC280120753904010D90030159
:1071B00000000000000000000000000000000000CF
:1071C0000000000014040107000106901B012011BB
:1071D0006C1B0120D41D01209C1B0120FFFFFFFF21
:1071E000FFFFFFFF5A6967426565416C6C69616E1C
:1071F000636530390000030004000105000003004E
:10720000060008000400050006040004020405044A
:10721000000300055C2E01200A00000001000000B0
:10722000FFFF0000FDFF2102000000000814012004
:107230001800000000000000783500203D0000002C
:1072400000000000402E01200E00000001000000A0
:10725000FDFF210200000000FDFF210200000000F0
:10726000A02E01200600000001000000FDFF210209
:1072700000000000B83500202700000000000000DA
:10728000A82E01200600000001000000FDFF2102E1
:1072900000000000B02E01200600000001000000E8
:1072A000FDFF210200000000B82E012006000000B2
:1072B00001000000FDFF210200000000C02E01209F
:1072C0000600000001000000FDFF21020000000098
:1072D000182E01201300000001000000FDFF210214
:1072E000000000000000180200FDFF210200000065
:1072F000F0250120CC000000010000000300000088
:107300000000000000000000B80B000001000000B9
:10731000252C0201000000000000000064000000B5
:1073200000000000212A020100000000000000000F
:107330001027000001000000A52602010300000044
:107340000000000000000000102700000100000005
:107350000D270201000000000000000000000000F6
:1073600000000000C52A02010C000000000000001F
:1073700015260201A1250201A1240201000000003E
:1073800069240201C92B0201CD2B0201D12B02017C
:10739000000000004D2A02017D250201D9240201CE
:1073A000F52902010D25020131240201000000002F
:1073B00000000000C52B0201BD2B020100000000EF
:1073C000352402016D2502017C11012041000000DD
:1073D00000000000E0350020040000000000000074
:1073E000003600204C020000000000002C15012097
:1073F0000C000000000000004C3800200C000000D1
:1074000000000000662E01200100000001000000C5
:10741000FF00000020140120150000000000000003
:10742000B42A01205C000000010000000000000000
:10743000AD640301CD640301F565030175670301C4
:1074400025660301D5660301FD6603012567030177
:107450004D670301ED6403011D65030185660301AA
:1074600095650301C5650301456503019D6703013A
:10747000C5670301AD6603016D650301ED67030197
:107480005566030115680301381501201800000036
:1074900000000000B01501200800000000000000FE
:1074A000101501200D00000000000000B81501209B
:1074B00008000000000000008C2D012014000000D6
:1074C000010000003D2E0201552D0201012E020196
:1074D000352E0201392E0201583800200C00000020
:1074E00000000000643800200800000000000000D8
:1074F00088090120C4000000000000006C38002052
:1075000004000000000000002C1601200400000010
:1075100001000000AAAAAAAA501501200C00000030
:10752000000000001C4A00201CA000000000000019
:10753000C82E01200400000001000000040000002B
:10754000B406012004010000000000007038002093
:107550000800000000000000C01501200800000025
:1075600000000000E81501200500000000000000F8
:10757000783800200100000000000000672E012084
:107580000100000001000000FF0000008038002022
:107590002C000000000000004E2A01200200000024
:1075A00001000000F80E0000DC2C0120200000008B
:1075B000010000000100F7FF0100FFFE0100FFFED7
:1075C00000000000000000000000000000000000BB
:1075D000BBC503014C2D0120160000000100000076
:1075E000000000000000000000000000000000009B
:1075F000B1BA0201FF010000D80E01208500000091
:1076000000000000082101204002000001000000ED
:10761000000000000000000000000000000000006A
:1076200045C302010000000000000000000000004F
:10763000000000000000000000000000000000004A
:10764000000000000000000000000000000000003A
:10765000000000000000000000000000000000002A
:10766000000000000000000011C90201000100003C
:107670000000000000000000030101010100000003
:1076800000000000000000000000000000000000FA
:1076900000000000000000000000000000000000EA
:1076A00021C40201000000000000000000000000F2
:1076B00000000000000000000000000000000000CA
:1076C00000000000000000000000000000000000BA
:1076D00000000000000000000000000000000000AA
:1076E000000000000000000000000000000000009A
:1076F0000000000000000000000000000000340056
:107700000300000000000000000000000000000076
:107710000000000000000000000000000000000069
:107720000000000000000000000000000000000059
:107730000000000000000000000000000000000049
:107740000000000000000000000000000000000039
:107750000000000000000000000000000000000029
:107760000000000000000000000000000000000019
:107770000000000000000000000000000000000009
:1077800000000000000000000000000000000000F9
:1077900000000000000000000000000000000000E9
:1077A00000000000000000000000000000000000D9
:1077B000000000000000000011C5020100000000F0
:1077C00000000000000000000000000000000000B9
:1077D00000000000000000000000000000000000A9
:1077E0000000000000000000000000000000000099
:1077F0000000000000000000000000000000000089
:107800000000000000000000000000000000000078
:107810000000000000000000000000000000000068
:107820000000000000000000000000000000000058
:1078300035C602010000000000000000000000004A
:107840000000000055C60201E8030000E803000044
:10785000001201203C00000000000000AC380020B5
:107860002800000000000000981E01206C020000AB
:107870000100000000000000000000000000000007
:1078800000000000000000000000000000000000F8
:1078900000000000000000000000000000000000E8
:1078A00000000000000000000000000000000000D8
:1078B000F1B902010001000000000000000000001A
:1078C00000000000DC05000001000000F5B402012A
:1078D00001010001010000000000000000000000A4
:1078E0000000000000000000000000000000000098
:1078F00000000000000000000000000059B4020178
:107900000000000000000000000000000000000077
:107910000000000000000000000000000000000067
:107920000000000000000000000000000000000057
:107930000000000000000000000000000000000047
:107940000000000000000000000000000000000037
:1079500000000000000000000000340003000000F0
:107960000000000000000000000000000000000017
:107970000000000000000000000000000000000007
:1079800000000000000000000000000000000000F7
:1079900000000000000000000000000000000000E7
:1079A00000000000000000000000000000000000D7
:1079B00000000000000000000000000000000000C7
:1079C00000000000000000000000000000000000B7
:1079D00000000000000000000000000000000000A7
:1079E0000000000000000000000000000000000097
:1079F0000000000000000000000000000000000087
:107A00000000000000000000000000000000000076
:107A100000000000C9B602010000000000000000E4
:107A20000000000000000000000000000000000056
:107A30000000000000000000000000000000000046
:107A40000000000000000000000000000000000036
:107A50000000000000000000000000000000000026
:107A60000000000000000000000000000000000016
:107A70000000000000000000000000000000000006
:107A800000000000000000000000000095B70201A7
:107A900000000000000000000000000000000000E6
:107AA0008DB3020100000000000000000000000093
:107AB0000000000035B302010000000000000000DB
:107AC00000000000000000006DB302010000000093
:107AD00000000000E80300000100000081B4020182
:107AE000301101204900000000000000482301205F
:107AF000B8010000010000000000000000000000CC
:107B00000000000000000000000000000000000075
:107B10000000000000000000000000000000000065
:107B20000000000000000000000000000000000055
:107B30000000000000000000000000000000000045
:107B40000000000000000000000000000000340001
:107B50000300000000000000000000000000000022
:107B60000000000000000000000000000000000015
:107B70000000000000000000000000000000000005
:107B800000000000000000000000000000000000F5
:107B900000000000000000000000000000000000E5
:107BA00000000000000000000000000000000000D5
:107BB00000000000000000000000000000000000C5
:107BC00000000000000000000000000000000000B5
:107BD00000000000000000000000000000000000A5
:107BE0000000000000000000000000000000000095
:107BF0000000000000000000000000000000000085
:107C00000000000000000000E54D0301000000003E
:107C10000000000000000000000000000000000064
:107C20000000000000000000000000000000000054
:107C30000000000000000000000000000000000044
:107C40000000000000000000000000000000000034
:107C50000000000000000000000000000000000024
:107C60000000000000000000000000000000000014
:107C70000000000000000000000000000000000004
:107C8000F14E0301000000000000000000000000B1
:107C900000000000000000000000000000000000E4
:107CA0000000000000000000114F03010000000070
:107CB0003C1201203A00000000000000A02B01202F
:107CC0003C00000001000000000000000000000077
:107CD00000000000000000000000000000000000A4
:107CE0000000000000000000000100000100000092
:107CF0000000000000000000000000000000000084
:107D0000B92D0301081301202D0000000000000020
:107D1000F815012004000000000000006E2E012074
:107D2000010000000100000001000000B807012070
:107D3000F900000000000000B01401201000000055
:107D400000000000A02D0120140000000100000030
:107D50000000000000000000000000000000000023
:107D6000DDD90301C40D01208C00000000000000DB
:107D7000100B01207401000000000000C815012054
:107D800008000000000000005C1501200C0000004D
:107D900000000000FC1501200400000000000000AD
:107DA000B42D0120140000000100000000000000BC
:107DB0000000000000000000000000000DE20101D2
:107DC00040F2002030050000000000001C2D0120C2
:107DD0001800000001000000020000000000000088
:107DE00000000000000000000000000001F700019A
:107DF000880401201F01000000000000D838002086
:107E0000B0010000000000000C2C01202C0000003C
:107E10000100000001000000000000000000000060
:107E20000000000000000000BF0D03010000000082
:107E3000000000000000000000000000BD1203016F
:107E4000681501200C00000000000000883A0020A6
:107E50001802000000000000C82D012014000000DE
:107E60000100000000000000000000000000000011
:107E700000000000B5EA0301B8080120D0000000AE
:107E80000000000038140120150000000000000070
:107E9000A03C00200400000000000000602B012036
:107EA0004000000001000000000000000000000091
:107EB000307500000000000075F0020100000000B5
:107EC0000000000000000000C1ED02010000000001
:107ED0000000000020BF02000100000041F002018C
:107EE00000000000E1EE0201500E012088000000B9
:107EF00000000000A83C002030000000000000004E
:107F0000C014012020000000000000008C2C012083
:107F10002800000001000000000000000000000038
:107F20000000000000000000B9070301000000008D
:107F3000000000000000000000000000D107030165
:107F40005014012015000000000000000016012060
:107F50000400000000000000342D01201800000083
:107F600001000000FFFFFFFFFFFFFFFF5A696742AC
:107F70006565416C6C69616E63653039E0140120A0
:107F800010000000000000006829012076000000B9
:107F900004000000040001050001060001050001C5
:107FA00006000108000105000106000108000203A7
:107FB0000600010600010800010600010800020396
:107FC000000201000105000106000101030100019A
:107FD000050001060001080001010305000106007B
:107FE000010500010600010800010500010600016D
:107FF0000800020304000105000106000108000258
:108000000304000105000106000108000203050049
:108010000106000108000203060001080001050036
:108020000106000108000105000106000108000228
:1080300003060001D81201203000000000000000FB
:10804000622D01200200000001000000FFFF00007F
:108050008C1501200900000000000000041601201A
:108060000400000000000000A7050120010000003E
:10807000000000006F2E0120010000000100000040
:108080000100000085FB002003000000000000004C
:10809000D83C00200400000000000000382C012023
:1080A0002C000000010000000000000000000000A3
:1080B0000000000001000000356003010100000025
:1080C00000000000000000000000000000000000B0
:1080D00099640301B10801200100000000000000C4
:1080E000EC2801207C0000000100000000000000DE
:1080F000000000000000000000000000FD0400017E
:10810000010000000000000000000000000000006E
:1081100000000000458B000100000000000000008E
:108120000000000000000000E50500010000000064
:10813000000000000000000000000000DD4A000117
:10814000000000000000000000000000000000002F
:108150001D0D0001000000000000000000000000F4
:1081600000000000ED1D0001D80F01206800000094
:1081700000000000E03C0020EC04000000000000D3
:10818000762E012001000000010000001500000013
:10819000B70801200100000000000000CC410020D1
:1081A0002400000000000000F01401201000000076
:1081B000000000003E2E012002000000010000002F
:1081C00001FF00002816012003000000000000004D
:1081D000FC2C012020000000010000007F736A6277
:1081E0005B332B28231B15110D090705736A625B8E
:1081F00037332F2B28261D1915110F0B681401205A
:108200001400000000000000E6150120020000003C
:108210000000000000150120100000000000000018
:10822000502E01200C0000000100000000000000A2
:1082300000000000B106040108160120040000003F
:1082400000000000F0410020580200000000000083
:10825000DC2D0120140000000100000000000000DF
:108260000000000000000000000000004DC00101FF
:10827000E41001204C0000000000000048440020F1
:108280000800000000000000741501200C00000030
:1082900000000000D01501200800000000000000D0
:1082A0000C16012004000000000000008E140120C4
:1082B0000200000000000000E02901206E00000024
:1082C00001000000000000000000000000000000AD
:1082D000000000000916010100000000000000007D
:1082E0000000000000000000D9140101000000009F
:1082F0000000000000000000000000003715010130
:10830000000000000000000000000000000000006D
:10831000A3150101000000000000000000000000A3
:1083200000000000552A01012000FCFFFFFFFDFFB7
:10833000FBFF0000840C0120A800000000000000EA
:10834000504400207004000000000000F0270120CD
:10835000800000000100000000000000000000009C
:10836000000000000000000000000000000000000D
:1083700000000000000000000000000000000000FD
:1083800000000000000000000000000000000000ED
:10839000000000000000000000000000154C020179
:1083A00000000000000000000000000001000000CC
:1083B00000000000000000000000000000000000BD
:1083C000314B02010000000000000000000000002E
:1083D00001000000F54B0201600F01207400000055
:1083E00000000000B42C0120280000000100000063
:1083F000000000000000000000000000000000007D
:10840000BD5B03010000000000000000D007000079
:1084100001000000715C03012C0D01209800000098
:1084200000000000F02D01201400000001000000F9
:10843000F9D80201F9D80201F9D80201F9D80201EC
:10844000F9D802017C140120120000000000000095
:1084500088FB002010040000000000004C0A0120EE
:10846000C40000000000000038EA002008080000F6
:1084700000000000D41301201900000000000000DB
:10848000042E012014000000010000000000000084
:1084900000000000000000000100000005310401A0
:1084A000C048002018010000000000005D0F0120FE
:1084B0000100000000000000D84900202200000058
:1084C000000000004E2E012002000000010000000C
:1084D000FFFF0000D8150120080000000000000088
:1084E000FA4900202000000000000000B81301201D
:1084F0001C00000000000000101601200800000011
:108500000000000070F700201504000000000000CB
:108510001816012004000000000000009410012043
:1085200050000000000000001C1601200C0000009C
:1085300000000000000000000000000066666666A3
:108540006666666666666666666666662DE9F0411C
:10855000424C054621F060FC2368013323606368C8
:10856000002B41D0D4F8D830E96A002B36D004F182
:10857000080601EB81029200A71806EB020CFA68CC
:10858000D7F808E09368EB609068AA602B1D436001
:10859000D4F8E0609360D4F8DC20C5F814C001235F
:1085A0000EF101008B403343B860561CC4F8E03034
:1085B000C4F8DC6021F040FCD4F8D83063B16268C4
:1085C000EB6AD26A9A4207D2254B4FF080521A606A
:1085D000BFF34F8FBFF36F8FBDE8F0816368DB6A35
:1085E0008B4298BF6560C2E765602368012B03D0AA
:1085F000E96A04F10806BCE704F1080630462DF0EC
:108600000BF904F11C002DF007F904F130002DF0F6
:1086100003F904F144002DF0FFF804F16C0804F1B3
:1086200058002DF0F9F804F1800740462DF0F4F8D9
:1086300038462DF0F1F804F194002DF0EDF804F136
:10864000A8002DF0E9F804F1BC002DF0E5F8C4F81D
:10865000D080E96AC4F8D4708BE700BFB40601206B
:1086600004ED00E038B5104CD4F8E430DBB121F073
:10867000D3FBD4F8B430DD68281D2DF007F923684A
:10868000013B2360D4F8E430013BC4F8E43021F02E
:10869000D3FB286B25F04CFB284625F049FBD4F88A
:1086A000E430002BE3D138BDB40601202DE9F843B6
:1086B000284CD4F8E850D4F8D070D4F8D48062684C
:1086C00063684FF0000C064682F851C0181D8946B9
:1086D0002DF0DCF848B96268D4F8E030D16A0122A4
:1086E0008A4023EA0203C4F8E030731C16D06368A2
:1086F0006168AD195D600BD2384604312DF0ACF8DD
:10870000D4F8EC30AB4288BFC4F8EC50BDE8F88335
:1087100040460431BDE8F8432DF09EB8B9F1000F92
:10872000E5D0D4F8C0306068626899688360D16031
:1087300060689D686168D4F8BC2066680430686031
:108740000431013204489960C4F8BC207061BDE86E
:10875000F88300BFB4060120700701200B4BD3F84B
:10876000E020012A02D95B68002070475A68D06A6D
:1087700018B99A68012A02D9704700207047D3F8C7
:10878000EC00D3F8E830C01A704700BFB4060120EF
:10879000034BD3F8D020D2681268C3F8EC2070479E
:1087A000B40601202DE9F8439500074628460E46F9
:1087B000984625F041FA002844D08146542025F0FF
:1087C0003BFA0446002841D0542200212FF056FAEB
:1087D0002A46C4F830904846A5212FF04FFA236B63
:1087E000043D1D4425F0070576B1731E04F13301E5
:1087F0000F3600BF13F8012F01F8012F0AB1B34261
:10880000F8D1002384F84330089E042E28BF0426A4
:10881000E6626664201D2DF00BF8C6F1050604F132
:1088200018002DF005F8A6612461646242463946BD
:10883000284621F0C3FA099B206003B11C60204642
:10884000BDE8F88304462046BDE8F883484625F095
:108850006FFA2046BDE8F88330B583B0DDE90654F1
:10886000CDE90054FFF79EFF20B1FFF76FFE012016
:1088700003B030BD4FF0FF3003B030BD70B50546DA
:10888000304C21F0C9FA002D50D02E1D30462CF06E
:10889000FDFF30B9EA6A02EB820304EB83039B68B5
:1088A00063B3AB6A1BB105F118002CF0EFFFD4F8ED
:1088B000DC3062680133AA42C4F8DC30D4F8D83026
:1088C00026D02368013B2360D4F8D0301B6883B1E5
:1088D000FFF75EFF21F0B0FA286B25F029FA284651
:1088E00025F026FAD4F8D83013B16368AB421FD014
:1088F00070BD4FF0FF33C4F8EC30EBE7D4F8E03054
:10890000012101FA02F223EA0202C4F8E020C8E7DA
:10891000002BD6D031460C482CF08EFFD4F8E43032
:108920000133C4F8E43021F087FADBE76568ACE78F
:10893000064B4FF080521A60BFF34F8FBFF36F8F1B
:1089400070BD00BFB40601205C07012004ED00E00B
:108950002DE9F8431B4C636883421FD0054621F084
:108960005BFAAF6AD4F8D0806E69D4F8D49021F065
:1089700063FA04F194039F4213D0464516D04E4546
:1089800014D004F1BC039E420ED0A834A64217D0E6
:10899000002E14BF01200420BDE8F8830020BDE8AC
:1089A000F8830120BDE8F883AB6A13B10220BDE86B
:1089B000F88395F85030012B0CBF02200320EEE71E
:1089C0000420ECE7B406012010B5044621F024FA97
:1089D00024B1E46A21F030FA204610BD034B5C68F4
:1089E000E46A21F029FA204610BD00BFB406012038
:1089F000EFF311834FF0200282F31188BFF36F8FE2
:108A0000BFF34F8F18B1C06A83F311887047034AD0
:108A10005068C06A83F31188704700BFB406012014
:108A200010B5044621F0F8F924B1646C21F004FA81
:108A3000204610BD034B5C68646C21F0FDF92046B4
:108A400010BD00BFB4060120EFF311834FF02002E8
:108A500082F31188BFF36F8FBFF34F8F18B1406C53
:108A600083F311887047034A5068406C83F3118880
:108A7000704700BFB406012004292DE9F84328BF40
:108A8000042104460D4621F0C7F9002C39D0636C4F
:108A9000AB4226D0DFF8DC8027D3D8F804703F1B28
:108AA000B7FA87F77F09E66AB34201D0AE4200D237
:108AB000E562A3696564002BA4BFC5F10505A56146
:108AC0002A4D626906EB860305EB83039A421BD0AD
:108AD0003FB1274B4FF080521A60BFF34F8FBFF367
:108AE0006F8FBDE8F84321F0A7B9D8F80420A2425F
:108AF00039D0D8F80420D76AAF422CBF002701270D
:108B0000D1E71C4B5C68C2E704F1040948462CF02D
:108B1000BDFE40B9D8F8E030012202FA06F623EA99
:108B20000606C8F8E060E66AD8F8E00006EB8602C0
:108B3000920008EB02011544D1F80CC0C4F808C03B
:108B4000DCF80820E260DCF808308A68C3F804909A
:108B50000123B34001320343CCF80890C8F8E03059
:108B600065618A60B4E700279DE700BFBC0601206D
:108B700004ED00E0B4060120F8B5264D6B68834291
:108B80000CD058B1044621F047F9626905F1BC03E5
:108B90009A4204D0BDE8F84021F04EB9F8BDA36A6E
:108BA00005F194029342F5D0002BF3D194F85030A4
:108BB000012BEFD0261D30462CF068FEE26AD5F876
:108BC000E0C002EB820398002F180123F968A1602E
:108BD000934043EA0C03C5F8E0308B68E360D5F8B6
:108BE00004C08B68DCF82CE0D7F808C05E6005F1A3
:108BF0000803034472450CF101008E606361B860A4
:108C0000C8D9054B4FF080521A60BFF34F8FBFF3A6
:108C10006F8FBFE7B406012004ED00E030B5164CBD
:108C2000164B174887B00025029304F1F003CDE9F5
:108C300000534FF480722B4602A98DF80C50FFF7B9
:108C4000B1FDA0B1FFF782FC4FF0200383F3118840
:108C5000BFF36F8FBFF34F8F4FF0FF320123C4F884
:108C6000EC20C4F8D830C4F8E85021F0DBF9054B0B
:108C70001B6807B030BD00BFB406012049444C4515
:108C800099900101C82E012010B50B4CD4F8F000CA
:108C9000FFF7F4FDFFF7E6FC4FF0200383F31188A4
:108CA000BFF36F8FBFF34F8F0023C4F8D830BDE8F8
:108CB000104021F0AFB800BFB4060120034AD2F83B
:108CC000F4300133C2F8F430704700BFB40601201D
:108CD000014BD3F8E8007047B4060120014BD3F8EC
:108CE000E8007047B4060120014B1868704700BFC8
:108CF000B406012008B134307047024B5868343054
:108D0000704700BFB406012038B50F4CD4F8E820F6
:108D1000D4F8EC3002449342054605D0D4F8E8304C
:108D20002B44C4F8E83038BD21F076F8D4F8F83098
:108D30000133C4F8F83021F07FF8D4F8E830013D71
:108D40002B44C4F8E83038BDB40601202DE9F84FB3
:108D50005C4CD4F8F430002B40F09B80D4F8E83021
:108D600003F10109C4F8E890B9F1000F16D1D4F865
:108D7000D030D4F8D420C4F8D020C4F8D430D4F8FB
:108D8000FC300133C4F8FC30D4F8D0301B68002B21
:108D900040F08B804FF0FF33C4F8EC30D4F8EC3067
:108DA00099454FF000085AD3DFF81CA1C4464FF094
:108DB000010E4BE0D4F8D030DB68DB685A6891458F
:108DC00003F1040603F1180579D35A69D3E90201C6
:108DD00057688160B7424860106808BF5160996A5F
:108DE000C3F814C00138106069B1D3E907024F68B5
:108DF00082601A6AAF42506008BF4A600A68C3F8CE
:108E000028C0013A0A60DD6AD4F8E01005EB85025B
:108E10009200A7180EFA05F00843C4F8E000F968BC
:108E2000D4F804B08868D860DBF82C00D7F808B014
:108E30009960854288BF4FF00108886852440BF161
:108E4000010B46608E605A61C7F808B0D4F8D03084
:108E50001B68002BAED14FF0FF33C4F8EC306368D1
:108E6000D4F8F820DB6A03EB830304EB83039B68ED
:108E7000022B28BF4FF0010842B1D4F80031002B7B
:108E800018BF4FF001084046BDE8F88F2EF0B0F84B
:108E9000F3E7D4F8F8304FF000080133C4F8F830A5
:108EA0002EF0A6F84046BDE8F88FFFF771FCD4F825
:108EB000EC3099454FF00008BFF476AFCFE7C4F827
:108EC000EC20CCE7B4060120BC0601202DE9F047D8
:108ED000494C20F0A1FFD4F8F430013BC4F8F43041
:108EE000D4F8F430002B6FD12268002A6CD0984659
:108EF0004FF0010C04F1080ED4F89420002A49D058
:108F0000D4F8A030DB68D9691D6A9A6A8D60186A46
:108F10005668416003F118018E42116808BF556020
:108F20000139C3F8288011605D69D4F8E070686881
:108F3000D3E9021203F104098A605160D96A4845F5
:108F400008BF6A6001EB81029200A6180CFA01FAD0
:108F50004AEA070A2F68F068C4F8E0A0013FD0F899
:108F600008A02F606768B568FF6AC3F80CA0D0F846
:108F700008A0986072440135B942CAF80490C0F85C
:108F800008905A61B560B7D9D4F89420C4F800C1EC
:108F9000002AB5D13BB1D4F8D0301B684BBB4FF0A1
:108FA000FF33C4F8EC30D4F8F85055B1012600BFB7
:108FB000FFF7CCFE08B1C4F80061013DF8D1C4F858
:108FC000F850D4F800312BB9002420F035FF2046AA
:108FD000BDE8F087094B62684FF080521A60BFF31A
:108FE0004F8FBFF36F8F012420F026FF2046BDE88E
:108FF000F087FFF7CDFBD6E7B406012004ED00E0D3
:10900000144AD2F8F430013310B5C2F8F4300368D2
:10901000D2F8E84059182CBF01220022A342016077
:109020000ED972B90024FFF751FF38B90A4B4FF03F
:1090300080521A60BFF34F8FBFF36F8F204610BD71
:109040000AB98C42EED2081B0021FFF72FFB012446
:10905000E9E700BFB406012004ED00E008B540B91F
:109060000B4B4FF080521A60BFF34F8FBFF36F8FDF
:1090700008BD084AD2F8F4300133C2F8F4300021B8
:10908000FFF714FBFFF722FF0028E9D008BD00BF5F
:1090900004ED00E0B406012070B5114C114E4FF004
:1090A0008055FFF7DFFAA368012B04D93560BFF3C1
:1090B0004F8FBFF36F8F2DF099FFFFF74FFB042801
:1090C000EFD9D4F8F4300133C4F8F430FFF746FB9D
:1090D000042801D92EF076FAFFF7F8FEE1E700BF89
:1090E000B406012004ED00E038B50A4CD4F8F420B1
:1090F00001320546C4F8F42020F08EFED4F8F83092
:109100002B44C4F8F83020F097FEBDE83840FFF754
:10911000DDBE00BFB40601202DE9F0412A4CD4F891
:10912000F4300133C4F8F4300546FFF711FC02288F
:1091300005D00024FFF7CAFE2046BDE8F0812F1DB0
:1091400038462CF0A3FB20F067FEAB6A33B105F183
:1091500018002CF09BFB012385F8513020F06CFEA9
:10916000EA6AD4F8E080DFF864E002EB8200800075
:1091700004EB000C0123DCF80C10A96003FA02F6E2
:1091800046EA0806C4F8E0608E68EE606668D6F8C5
:109190002C80DCF80860864488681E44424547609D
:1091A0008F60C5F814E0CCF8086007D9C4F8003126
:1091B0001C46FFF78BFE2046BDE8F0811C46FFF7FA
:1091C00085FE2046BDE8F081B4060120BC060120E2
:1091D00010B51D4CD4F8F4301BB10123C4F8003194
:1091E00010BDC4F8003163681B6B1A68B2F1A53F6B
:1091F00003D15A68B2F1A53F1CD061686068343170
:109200002DF0E0FED4F8E030B3FA83F3DBB2C3F123
:109210001F0303EB83039B00E1180C48CA685268E4
:10922000CA6003449A4204BF4A69CA60D368636053
:10923000636810BD9A68B2F1A53FDED1DB68B3F177
:10924000A53FDAD1DEE700BFB4060120C406012045
:1092500070B504462E4D20F0DFFD002C44D0261DB5
:1092600030462CF013FB30B9E26A02EB820305EBC7
:1092700083039B681BB3A36A1BB104F118002CF095
:1092800005FB314623482CF0D7FA94F85030012BD7
:1092900004BF002384F8503020F0CEFDD5F8D8303C
:1092A000BBB96B68A34200D070BDD5F8D83013BBF2
:1092B0002968D5F8BC20914226D16B6070BDD5F8E5
:1092C000E030012101FA02F223EA0203C5F8E0309E
:1092D000D1E720F0A1FDD5F8D0301B6833B1FFF7FE
:1092E00057FA20F0A9FDDCE76C68B8E74FF0FF33D0
:1092F000C5F8EC30F5E7084B4FF080521A60BFF329
:109300004F8FBFF36F8F70BDBDE87040FFF760BF38
:10931000B40601207007012004ED00E010B5064BF3
:109320005B680C4603F118012CF096FA20460121E7
:10933000BDE81040FFF7BAB9B40601200E4BF0B4F7
:1093400045685F685E68044641F000415868B9614D
:10935000A968F5610162206859685F685E68431C0E
:109360001046AA68183118375160AF600121B46205
:109370002360F0BCFFF79AB9B4060120C368D9682E
:109380008B6A2DE9F041D1E907425D68A26001F1E5
:10939000180054608542304C08BF5A601A68D4F8EF
:1093A000F450013A00268E621A60CB6A002D42D139
:1093B0004E698A687568C868906001F1040CC868D5
:1093C000D4F8E0804260654503EB83054FEA8505EC
:1093D000326808BF70606719013AF868326001228C
:1093E0008668CE609A40BE68DFF870E042EA080204
:1093F000C4F8E0208268D4F8D080886075440136D3
:10940000C2F804C0C0F808C04D61BE60D8F80020A2
:1094100062B1FFF7BDF9CB6A6268D26A9A423ABF7D
:109420000120C4F800010020BDE8F0814FF0FF32B8
:10943000C4F8EC20F0E7D4F89820CA6195680D6272
:109440009668D4F894507060013504F194069060E9
:10945000C4F894508E62DFE7B4060120BC060120F8
:109460002DE9F8434268036984685D6841F0004172
:109470000160C16894608468854262601A6808BFB0
:109480005C60234C00250561013AD4F8D0001A60D5
:109490000368002B39D14FF0FF33C4F8EC304D692D
:1094A000D4F8E09068682F68DFF86880D1E902237B
:1094B00001F1040C604593605A6008BF6B60CB6A91
:1094C00003EB8300800026184FF0010E013FF26885
:1094D0002F600EFA03F545EA0905C4F8E050676805
:1094E0009568FF6ACD60B5688A608044906875446D
:1094F000BB42C0F804C088BFC4F800E1C2F808C08D
:10950000C1F81480B560BDE8F883FFF741F9C6E7FC
:10951000B4060120BC06012010B5044620F07CFCF6
:10952000054BD3F8FC20D3F8E830C4E90023BDE8AC
:10953000104020F081BC00BFB4060120034BD3F8DB
:10954000FC20D3F8E830C0E900237047B4060120BE
:10955000F8B505460C4620F05FFC1C4AD2F8E8003E
:10956000536893F8513043B15368002283F8512077
:10957000012420F061FC2046F8BD21684E1C1FD05C
:10958000D5E90073D2F8FC60B74208D0834206D810
:1095900000232360012420F04FFC2046F8BDC61AAA
:1095A000B142F5D9091A1944D2F8FC00D2F8E830D2
:1095B0002160C5E90003002420F03EFC2046F8BDF0
:1095C0001C4620F039FC2046F8BD00BFB40601203F
:1095D000024B0122C3F80021704700BFB4060120EE
:1095E0000B4BD3F8940018B9D3F8002112B170478F
:1095F00000207047D3F8F81009B1104670471A6878
:10960000D3F8BC00531E984214BF012002207047BB
:10961000B4060120014B5868704700BFB406012012
:1096200010B9024B5868704700207047B4060120FB
:1096300018B3F8B5284CC36A6268D26A934214D250
:109640008269002A04DB6268D26AC2F10502826183
:10965000224D426903EB830305EB83039A420DD04D
:109660006368DB6AC3620120F8BD6368406CDB6A33
:1096700098422CBF00200120F8BD7047071D064608
:1096800038462CF003F940B9F16AD4F8E0300122F1
:109690008A4023EA0203C4F8E0306368D4F8E0C0EB
:1096A000DB6AF36203EB83029200A1181544CA68D7
:1096B000D1F808E09068F0609068B26047600120DF
:1096C00000FA03F3864443EA0C039760C4F8E030E1
:1096D0007561C1F808E0F8BDB4060120BC060120A0
:1096E00060B12DE9F843C16A836C426C013B914241
:1096F000836400D023B10020BDE8F88300207047C8
:10970000051D044628462CF0C1F8184A40B9E06A05
:10971000D2F8E0300121814023EA0103C2F8E030B1
:10972000636C134FD2F8E080E36203EB830189009E
:1097300056180F44F168A1608868E060B068D1F8FD
:1097400008E000F1010C0120C3F1050900FA03F360
:1097500043EA0803C4F81890C2F8E030CEF8045089
:109760008D606761C6F808C0BDE8F883B4060120C3
:10977000BC06012058B1426CF8B59142C36A38BFAB
:1097800011468B4202D0826C012A01D0F8BD70478D
:1097900082691E4DC162002A03EB8303426905F111
:1097A0000806A8BFC1F1050106EB8303A8BF8161CC
:1097B0009A42EBD1071D044638462CF067F8E36A5D
:1097C000D0B101229A4003EB83039B00E9181E44A9
:1097D000CB68D1F808E09868E0609868D5F8E0C0F8
:1097E000A3604CEA020247600EF101009F60C5F8D9
:1097F000E02066618860F8BDD5F8E01001229A404B
:1098000021EA0201C5F8E010DDE700BFB40601203F
:10981000044A516853685268DB6A8869C3F10503DA
:1098200093617047B4060120034B586810B1836CF4
:1098300001338364704700BFB40601202DE9F8436B
:10984000274CD4F8F430013306460F469046C4F84E
:10985000F43020F0E1FA636806F1120503EB8503AA
:109860005B6843B9636833444FF0010983F8509053
:10987000B8F1000F1CD120F0DFFAFFF727FB20F032
:10988000CBFA6368AD002B44D3F80480B8F1000F25
:1098900004D063681D44F7B100236B6063683344F0
:1098A000002283F8502020F0C7FA4046BDE8F88334
:1098B00020F0C2FA49464046FEF7F8FEFFF706FBE5
:1098C0000028DCD1074B4FF080521A60BFF34F8F56
:1098D000BFF36F8FD3E708F1FF336B60DEE700BFA4
:1098E000B406012004ED00E02DE9F8432E4CD4F835
:1098F000F46001360546894617469846C4F8F46078
:1099000020F08AFA63682B4493F85030022B0DD074
:10991000636803EB85030126DA6C22EA0902DA6444
:1099200063682B4483F85060089B0BBB20F084FADB
:10993000FFF7CCFA20F070FAB8F1000F07D0636897
:1099400005F1120203EB82035B68C8F8003063681C
:109950002B4493F85030022B1DD0002663681D4421
:10996000002385F8503020F067FA3046BDE8F883D0
:1099700020F062FA31460898FEF798FEFFF7A6FA43
:109980000028D7D1094B4FF080521A60BFF34F8F98
:10999000BFF36F8FCEE7636803EB85030126DA6CB4
:1099A00022EA0707DF64D9E7B406012004ED00E0EE
:1099B0002DE9F041DDF8188004460D4617461E4695
:1099C00020F02AFAB8F1000F06D005F1120304EBDB
:1099D00083035B68C8F800306219022192F85000D6
:1099E00082F85010731EC0B2032B08D8DFE803F0D2
:1099F000025A110F04EB8505EB6C1F43EF6401283D
:109A00000DD0012420F018FA2046BDE8F08102288C
:109A100053D0123504EB850501286F60F1D16669DA
:109A2000A368E2689A607168E2683068536004F184
:109A3000040C614508BF7260E26A214902EB8205AD
:109A4000AD004F19431EF868D1F8E0E03360012300
:109A50008668E6609340BE68D0F80880A06043EA5C
:109A60000E03C1F8E03001F108031D44D1F8D0E045
:109A7000C8F804C00136C0F808C06561BE60DEF8F1
:109A80000030ABB1FEF784FEE26A4B68DB6A9342BA
:109A9000B7D20C4B4FF080521A60BFF34F8FBFF319
:109AA0006F8FAEE704EB8505EB6C0133EB64A6E743
:109AB0004FF0FF33C1F8EC30E7E70024A2E700BF26
:109AC000B406012004ED00E02DE9F047089DEFF316
:109AD00011864FF0200484F31188BFF36F8FBFF31A
:109AE0004F8F2DB101F1120400EB840464682C60E7
:109AF0004418022794F8505084F85070013BEDB29E
:109B0000032B08D8DFE803F0023D100E00EB8101C3
:109B1000CB6C1A43CA64012D0CD0012086F3118846
:109B2000BDE8F087022D66D0123100EB8101012DD6
:109B30004A60F2D1314BC26AD3F8F41039B3D3F88A
:109B40009810C1618C6804628D68D3F8944000F16C
:109B500018076F60013403F194058F60C3F89440D7
:109B600085625968C96A9142D7D2099A12B1099996
:109B700001220A600120C3F8000186F31188BDE8C4
:109B8000F08700EB8101CB6C0133CB64C3E7416903
:109B90008468C568A5604F68C568DFF864906C602C
:109BA00000F10408474508BF4D6002EB8205AD0097
:109BB00003EB050C0F68DCF80C40013FD4F808A05B
:109BC0000F60DCF808E0C0F80CA00121D3F8E0A099
:109BD0008460914009EB05070EF1010541EA0A0E88
:109BE000A168C3F8E0E0C1F80480C4F808804761C8
:109BF000CCF80850B5E7002090E700BFB40601207C
:109C0000BC0601202DE9F04FEFF311844FF0200343
:109C100083F31188BFF36F8FBFF34F8F4318022672
:109C200000EB810193F8505083F85060CB6C012D0C
:109C300003F10103CB6403D084F31188BDE8F08FF6
:109C40002F4BC16AD3F8F4500DB3D3F89850C561C7
:109C5000AE680662AF68D3F8946000F1180CC7F8DC
:109C600004C0013603F19407C5F808C0C3F8946036
:109C700087625868C06A8842DED20AB10121116049
:109C80000122C3F8002184F31188BDE8F08F8568B4
:109C9000C668D0F814C0AE60C668DCF804707560A1
:109CA00001EB810500F10408AD0003EB050E47450B
:109CB00008BFCCF80460DCF80060DEF80C70DFF858
:109CC0004490D7F808B0013ECCF80060DEF808A058
:109CD000D3F8E0C0C0F80CB00126A9448E40BD689E
:109CE00087600AF1010A46EA0C06C5F80480C3F849
:109CF000E060C7F80880C0F81490CEF808A0B8E774
:109D0000B4060120BC06012038B50D4680B10446DA
:109D10002C4420F081F894F85030022B05BF00232A
:109D200084F850300024012420F086F8204638BD05
:109D3000014B5C68ECE700BFB406012070B50E462D
:109D4000154668B1044620F067F804EB8601CC6C38
:109D5000CB6C23EA0503CB6420F06EF8204670BD7F
:109D6000014B5C68EFE700BFB40601200C4B0022FA
:109D70005A60C3F8DC20C3F8E4201A60C3F8E82076
:109D8000C3F8E020C3F8D820C3F8F820C3F80021B6
:109D9000C3F8FC20C3F8EC20C3F8F420704700BFE0
:109DA000B406012010B5074C236823B940F2F641F0
:109DB00005482DF009FC2368012098470023236003
:109DC00010BD00BF4C0A01208C7D040110B5074C6A
:109DD000236823B940F2EF4105482DF0F5FB2368D5
:109DE000002098470023236010BD00BF4C0A0120CB
:109DF0008C7D040110B5064C227D22B140F2492130
:109E000004482DF0E1FB01232375034810BD00BF7A
:109E10004C0A01208C7D0401500A012010B5074C2A
:109E2000A36923B940F28A4105482DF0CDFBA3690F
:109E3000A18B042098470023A36110BD4C0A012088
:109E40008C7D040110B5134CA37F042B04D040F289
:109E5000E54111482DF0B8FB0022A36A94F82400D4
:109E6000597A914203D8014484F8241010BD811816
:109E7000206A03EB021300EB011053F80A1F016084
:109E80005968416099688160D968C1600132D2B275
:109E9000E3E700BF4C0A01208C7D04010246024921
:109EA000024827F083B900BFB00A0120BCEF0301CC
:109EB00010B5082829D8DFE800F005091A281C1E6B
:109EC000202326000020FFF7E9FF0EE0104CA369D5
:109ED00023B940F247710F482DF076FBA3694FF686
:109EE000FE71012098470023A361012010BD0C20C2
:109EF000E9E70A20E7E70B20E5E7FFF753FFF4E780
:109F0000FFF764FFF1E70320DDE70020EEE700BF85
:109F10004C0A01208C7D0401044B0A689A664A6849
:109F2000A3F86600DA661220B8E700BF4C0A0120E9
:109F300038B50A4C0D4605230146322204F12800AB
:109F4000A3772DF0DDFD2B68C4F85A306B68C4F898
:109F50005E300F20BDE83840A0E700BF4C0A01206A
:109F600030B40546074B00680C46022269689A77B0
:109F700003F1280203C220686168303303C308205C
:109F800030BC8BE74C0A012038B50A4C0D4605233E
:109F90000146322204F12800A3772DF0B1FD2B6891
:109FA000C4F85A306B68C4F85E300E20BDE8384003
:109FB00074E700BF4C0A012030B404460A4A006826
:109FC0000D4603236168937702F1280303C3A06859
:109FD000E16803C3206918602868696802F13C03DE
:109FE00003C3092030BC59E74C0A0120044B986296
:109FF0000868496804229A772C3303C310204DE780
:10A000004C0A01200A4B10B483F82C109862116896
:10A01000C3F82D105168C3F8311001249C77C3791F
:10A02000202B84BF2023C3715DF8044B042035E747
:10A030004C0A012043782BB9034B027883F8702037
:10A040000D202BE7704700BF4C0A012010B518F017
:10A050008DFD064B5B6F0446014693F821002CF002
:10A060000FF8001B18BF012010BD00BF4C0A0120D3
:10A0700070B510286CD8DFE810F011002A005500E8
:10A080005B0074008300B800BF00CA00D600E00087
:10A09000EE00F1003001510164016A0118F088FD01
:10A0A00018F09EFDAC4D0430C4B218F08DFD95F84B
:10A0B00078100A0704D518B118F092FD0444E4B2F0
:10A0C00095F87900A04214BF002001200FE0A24CB7
:10A0D000A37F012B04D040F2BE51A0482DF074FAAA
:10A0E000A36AE26FD3F80310914201D0002070BD43
:10A0F00094F92C50DB791D4418F014FD00B2854210
:10A10000F4DB94F878305B0705D4A36ABDE87040AF
:10A11000588926F0A9BDA36A5D8B18F00FFD854212
:10A12000E4D1F2E711F094FF80F00100C0B2DEE765
:10A13000894CA37F022B04D040F2DF5187482DF0D9
:10A1400043FA656F8648082229462DF0CBFC08B1FA
:10A150000120CCE7D4F82B00EB68C01A18BF01200F
:10A16000C5E77D4CA27F022A04D040F2F4517B481F
:10A170002DF02AFA94F82F00003018BF0120B6E71E
:10A18000754CA37F032B04D040F2FA5173482DF095
:10A190001BFA656F7348082229462DF0A3FC00289E
:10A1A000D6D1D4F82B20EB689A42D1D108226E493F
:10A1B0006B482DF097FC0028CAD094F8395018F05D
:10A1C000F7FC064618F000FD46EA0001284618F0A4
:10A1D00027FD0028BCD0608F013880B24FF6FD7398
:10A1E000984294BF0020012081E75B4CA27F032AA4
:10A1F000C0D040F21E61BAE718F0B6FE044618F06F
:10A20000C3FC002808BF002404F001006FE718F029
:10A21000ABFE044618F0B8FC10B184F00100C0B2E7
:10A2200000F0010063E74C4A92F88030002B3FF4C5
:10A230005DAF013B82F880308AE7474B5C6F18F0D6
:10A2400083FC19340146082220462DF04BFCB0FA5D
:10A2500080F040094BE7BDE87040F7E63E4CA37F35
:10A26000052B04D04FF4CA613C482DF0ADF9636F63
:10A27000D4F82B20DB689A427FF438AF94F8495029
:10A2800018F096FC064618F09FFC46EA00012846A6
:10A2900018F0C6FC00283FF429AFB4F84A30013B5F
:10A2A0009BB24FF6FD7293423FF620AFB4F84C30AC
:10A2B000013B9BB2073A93423FF618AF2B4C2A4919
:10A2C000082220462DF00EFC00283FF40FAF082294
:10A2D000274920462DF006FC4EE71F4CA37F042B98
:10A2E00004D040F274611D482DF06EF9A26A507AD4
:10A2F00000283FF42DAF636FD17993F8273099424E
:10A300007FF426AF94F82440137AA3427FF420AF61
:10A3100018448842D4BF00200120E8E60E4CA37FF9
:10A32000042B04D040F28B610C482DF04DF9A36A48
:10A33000587A94F824301844636F93F82730984281
:10A34000C1E6054B93F8810093F87030F7E7024BB4
:10A3500093F88200CBE600BF4C0A01208C7D0401FB
:10A360007C0A0120880A0120206604017B0A012062
:10A3700018660401024B082193F8830025F02EB8DB
:10A380004C0A0120024B002193F8830025F026B8E7
:10A390004C0A0120044B20B9042193F8830025F0D6
:10A3A0001DB80521F9E700BF4C0A0120024B02212C
:10A3B00093F8830025F012B84C0A01201FB50F4C0A
:10A3C000E36FCDF8073018F0CFFD002814BF02234B
:10A3D00005238DF80B3001A894F884308DF80C30EB
:10A3E00013F034FD04F18801FA2028F0B0FE94F84F
:10A3F0007930013384F8793004B010BD4C0A012063
:10A400002DE9F041714C224604F1940552F8043FC5
:10A41000C4F8943053686B609368AB6094B0D368B1
:10A42000EB603222002107A82DF028FC18F08CFBED
:10A430000368A36604F168084368C8F8043018F09C
:10A4400095FB84F8A40018F08BFB84F8A50018F0A5
:10A4500075FBA4F8660018F07BFB636FA4F8A600F8
:10A46000B3F8130026F009FC636F84F8A8009F7C02
:10A47000BDF840C0BDF8420017F0020726460DF1B6
:10A480001A0206A941D0ADF81200BDF84600ADF899
:10A490001400BDF84800ADF81600BDF84A00ADF84C
:10A4A0001800BDF84C00ADF81A0093F82800ADF87C
:10A4B00010C00DF11603CDE9011200930DF1120247
:10A4C00005AB04A922F0E0F8BDF81030ADF840303B
:10A4D000BDF81230ADF84230BDF81430ADF846305A
:10A4E000BDF81630ADF84830BDF81830ADF84A3038
:10A4F0000128BDF81A30ADF84C3020D9FFF742FFE3
:10A500000023237514B0BDE8F081ADF818C0ADF894
:10A510001A0093F8280022F08FF8BDF81830ADF833
:10A5200040300128BDF81A30ADF8423003D9FFF7AA
:10A5300029FF2775E6E7CDF84670CDF84A70726FAF
:10A54000BDF8403092F82810B383A1BBCDF842107B
:10A55000D368CDF81F30D8F80030CDF82330D8F8C4
:10A560000430CDF82730286896F8A83069688DF84F
:10A570002B300BAB03C3A868E96803C396F8A4307B
:10A580008DF83C3096F8A5308DF83D30B6F8663041
:10A59000ADF83E3000233375537C03F00303022BE8
:10A5A000114607A80ED113F006FD094941F2883083
:10A5B00028F0CDFDA6E7BDF84230013B0B44ADF8D5
:10A5C0004430C5E713F0D9FCEFE700BF4C0A012087
:10A5D000D40A01202DE9F0418A4E324606F1940555
:10A5E00052F8043FC6F8943053686B609368AB60D0
:10A5F00098B0D368EB603B22002109A84FF0000817
:10A600002DF03CFBADF8168023F08AFA0DF116020E
:10A6100006F1A601074622F00FF80128344606D9B4
:10A62000FFF7B0FE86F8148018B0BDE8F081C6F8D8
:10A630006880C6F86C8086F8A48018F0B9FA0646DF
:10A6400010B918F0C1FA06462BF02EFD80463046B0
:10A6500018F0C6FAB8FBF0F303FB10803146C0B225
:10A6600018F0C7FA84F8A500606F4FF00008A4F84E
:10A670006680867C9DF847209DF84810129B16F056
:10A68000020642EA01224ED0C3F30F23ADF81A307E
:10A69000139BADF81820C3F30F239DF85020ADF89D
:10A6A0001C309DF84F3043EA0223ADF81E30149B56
:10A6B0009DF85420C3F30F23ADF820309DF853309C
:10A6C00043EA0223ADF822300DF1220390F828006E
:10A6D000029308AB01930DF11E0300930DF11A02D2
:10A6E00007AB06A921F0D0FFBDF81830ADF8473010
:10A6F000BDF81A30ADF84930BDF81C30ADF84D301A
:10A70000BDF81E30ADF84F30BDF82030ADF85130F7
:10A710000128BDF82230ADF8533023D9FFF732FEBF
:10A7200084F8148080E7C3F30F23ADF82020ADF840
:10A7300022300DF1220208A990F8280021F07CFFB8
:10A74000BDF82030ADF847300128BDF82230ADF813
:10A75000493003D9FFF716FE267565E7CDF84D6041
:10A76000CDF851609DF848209DF84730616F43EA6D
:10A77000022391F82820A383002A3CD1CDF8492058
:10A78000CB6828686968CDF8273094F8A8308DF830
:10A79000333000260DABCDF82F6003C3E968A868FD
:10A7A000CDF82B6003C38DF844608DF845608DF8BB
:10A7B000466018F0E1F90368CDF855304368CDF8EC
:10A7C0005930616FB4F8A630ADF85D3009A8267530
:10A7D00013F0B6FBD4F8AC303BB11B682BB1BDF81D
:10A7E0001600411E394489B29847074941F2883022
:10A7F00028F0ADFC18E7BDF84930013B1344ADF833
:10A800004B30BDE74C0A0120D40A01201FB50B4C88
:10A810000B4B0293231D019394F8A4300093B4F8DA
:10A820006620B4F8A63094F8A51004F1680011F081
:10A830009FFC0023237504B010BD00BF4C0A01200B
:10A8400095A301011FB50C4A0C4C1068516801AB6F
:10A8500003C39068186001A9A08BADF8040004F050
:10A8600059F904F1880184F881004FF4FA7028F056
:10A870006EFC04B010BD00BF586604014C0A0120F4
:10A8800013B50A4C616FCB68CDF80330684694F875
:10A8900024308DF8073013F00DFB04F1880141F2EC
:10A8A000883028F054FC02B010BD00BF4C0A0120D3
:10A8B000014811F06DBA00BF75A301012DE9F04701
:10A8C0008CB0242841D8DFE810F0250043004B006D
:10A8D000680031026B00770072008000A80003015D
:10A8E00016012501340145015C0181017001E0017F
:10A8F000F6014202060234023702400245027902A2
:10A900008502830288028B028E0291029A02AB02B8
:10A91000AF02F201B64C002584F8795018F048F9DE
:10A920000146284618F065F9054630B918F04CF98B
:10A930000146284618F05DF90546AE49284611F053
:10A94000DDF91DF0E1F984F8B0000CB0BDE8F08746
:10A95000A74BA8495B6F93F8220011F0CFF9F4E7F9
:10A9600018F026F918F03CF9A14B93F87930021D44
:10A9700093420CD2042B86BF043BDCB2002418F0B7
:10A9800017F90146204618F034F99A49E5E7043BE7
:10A990001B1ADCB218F018F9F3E7FFF789FFD4E7C8
:10A9A000934B954993F8B0001DF0BBF9CDE793495F
:10A9B000322028F0CCFBC8E78D4C04F1880028F049
:10A9C000C8FB8D4994F8B000EEE7894C002384F869
:10A9D000843018F083F828B194F8843043F00203EF
:10A9E00084F8843018F0D0F828B194F8843043F01B
:10A9F000010384F8843094F8843063F07F0284F893
:10AA0000842094F8782092079FD563F06F0384F830
:10AA1000843018F0B3F87A49C6E7754CA37F012B50
:10AA200004D04FF4377177482CF0CEFDA16A94F929
:10AA30002C204B7AC979676F94F8B16013F020032A
:10AA40000A4418BF8023134407F108010025B542CA
:10AA500024D194F8B2904D45BFF477AF06EB460091
:10AA600007EB0010B046454524D3674A05EB450582
:10AA700007EB051513682B6053686B602722A16AEA
:10AA800005F109002DF03CF894F82C302B724E455E
:10AA9000BFF45BAF013684F8B16056E70A4691F91E
:10AAA0000000127A0244934201F13001D1DC0135F9
:10AAB000EDB2CCE7C145A0F1300A03D930225146AE
:10AAC0002DF01EF808F1FF385FFA88F85046CAE703
:10AAD000474CD4F8B43023B940F29A2149482CF0BD
:10AAE00073FDD4F8B43094F8B110002098470023D7
:10AAF000C4F8B43029E73E4CD4F8B43023B940F25E
:10AB0000A12140482CF060FDD4F8B43094F8B11085
:10AB10000220EBE7364C616FCB68CDF81B3006A8FE
:10AB2000B4F8B830ADF81F3013F0F4F904F188012F
:10AB300039E12F4CD4F8BC3023B940F212313148FE
:10AB40002CF042FDD4F8BC30002098470023C4F814
:10AB5000BC30FAE6FFF74EF9254C054606A80AF088
:10AB60008BFA636FB3F8130026F087F8636FD3F89E
:10AB70001520D968254BCDE9005306AB25F0F3FF2E
:10AB8000E3E6FFF737F91A4C054606A826F050F819
:10AB9000636FB3F8130026F070F8636F84F8A800B1
:10ABA000D3F81520D9681A4BE5E7114CFFF722F9C5
:10ABB000636FD3F81520D968164BCDE9000304F173
:10ABC000940394F8A80025F0F3FFBEE622F0A8FF56
:10ABD000074C00230DF1160204F1A6010546ADF85D
:10ABE000163021F029FD012816D9FFF7CBFBACE682
:10ABF0004C0A012075A30101B1A80101D40A01206A
:10AC0000BDA301018C7D0401790A012001A4010189
:10AC1000D5A501010DA80101D4F8AC303BB11B68EA
:10AC20002BB1BDF81600411E294489B29847002374
:10AC300084F8A43017F0BCFF054610B917F0C4FF24
:10AC400005462BF031FA0646284617F0C9FFB6FB39
:10AC5000F0F303FB10602946C0B217F0CAFF06AD3F
:10AC600084F8A500284625F0E3FF714B7148CDE933
:10AC7000015394F8A4300093B4F8A630B4F86620D9
:10AC800094F8A51011F074FA5FE66B4CA36923B930
:10AC900040F2724169482CF097FCA369A18B002017
:10ACA00098470023A361664828F053FA4DE66449AB
:10ACB0004FF4FA707DE6604CA36923B940F28341FA
:10ACC0005E482CF081FCA3694FF6FE710120984785
:10ACD0000023A36139E6584CA37F032B04D040F234
:10ACE000914156482CF070FC524DA5F1380303CB2E
:10ACF00094F8393084F8A530638FA066A4F86630E4
:10AD0000696094F83830A08B84F8A4300122A5F152
:10AD10002C01EBF759FE48B194F8A530C370B4F894
:10AD20006630C3802B6803616B684361FFF7C0FD29
:10AD3000B9E7FFF787FD08E611F074FAFFF782FD27
:10AD40003D4B0A2283F88020FFE511F06BFAFFF7F4
:10AD500065F8FAE5384C636FDA68CDF81B2053F8D4
:10AD6000192FCDF81F205A68CDF82320FFF76EF970
:10AD7000D8B1636FB3F82130ADF8273017F0DEFE9D
:10AD8000616FADF82900B1F82530ADF82B3006A879
:10AD900013F02FF9626F2A4992F8253092F8262095
:10ADA00043EA0223A383642003E617F0DFFE8DF855
:10ADB000270017F0D5FE8DF82800DFE71E4B214A4B
:10ADC0005B6F93F8211093F8220011F081F9BCE534
:10ADD000FFF738F8FFF754FDB7E5FFF733F8A5E7BD
:10ADE000FEF7F4FFB1E5FEF7DDFFAEE5124C616F53
:10ADF00006A8CB68CDF81B3013F097F896E60E4CFA
:10AE0000D4F8C03023B940F206510C482CF0DCFBDA
:10AE1000D4F8C030002098470023C4F8C03094E52F
:10AE2000094811F0D3F990E505494FF4FA60C0E5FF
:10AE300095A30101B40A01204C0A01208C7D040174
:10AE4000D40A0120ADA30101199F010138B50E48B4
:10AE50000E4C0F4D24F010FB84F8830005F1180010
:10AE600012F0D4FF05F1540003F0C2FA94F88330D5
:10AE700084F89030002284F8912004F1640128467F
:10AE8000BDE8384026F0D8B8B19E01014C0A012037
:10AE9000BCEF0301F8B507460E4615461C4623B91C
:10AEA00040F299710A482CF08FFB25F0C5FE094B42
:10AEB000002283F8787083F8B25083F8B120D86705
:10AEC0005E67C3F8B4400120BDE8F840FEF7E6BF76
:10AED0008C7D04014C0A01200520FEF7DFBF70B510
:10AEE00006460D46144622B940F2AC7106482CF0D5
:10AEF0006BFB064B06205E67A3F8B850C3F8BC4056
:10AF0000BDE87040FEF7CABF8C7D04014C0A0120E9
:10AF100038B505460C4621B940F2B67107482CF009
:10AF200053FB074B00225D67A3F8B820C3F8BC4071
:10AF30000620BDE83840FEF7B1BF00BF8C7D04019C
:10AF40004C0A0120F8B504460D4617461E4603B1CB
:10AF500020B94FF4F86119482CF036FB94F82730EB
:10AF60001748BB420660446706D9062190F8830063
:10AF7000BDE8F84024F032BA0022012B056280F8C7
:10AF8000242015D123682B6063686B6094F8293006
:10AF90002B72638DA5F80930A38DA5F80B3094F8BA
:10AFA0002E306B7394F82F30AB73EA730721DDE713
:10AFB0000720BDE8F840FEF771BF00BF8C7D04019B
:10AFC0004C0A0120F8B505460F46164602B120B9D5
:10AFD0004FF4FC6119482CF0F7FA194CA66184F87B
:10AFE0008270656717F0D0FD074617F0BDFF264653
:10AFF00060B167B16B7C03F00303022B19D194F8A5
:10B0000083000121BDE8F84024F0E8B98FB917F0BA
:10B010000FFE70B9706F00F1190417F095FD08224A
:10B02000014620462CF05EFD18B1012196F8830000
:10B03000E8E70220BDE8F840FEF730BF8C7D040150
:10B040004C0A012038B505460C4621B940F60301EB
:10B0500009482CF0B9FA094BC3F8C0401C4625B981
:10B0600040F6050104482CF0AFFA65671120BDE8F1
:10B070003840FEF713BF00BF8C7D04014C0A01204D
:10B08000F8B50F4D95F88320064622B940F60E011B
:10B090000C482CF099FA0B4F002400BF05EB8403F9
:10B0A000D3F8AC2012B9C3F8AC60F8BD24B940F6AF
:10B0B0000F0138462CF088FA013CE4B2EEE700BFFD
:10B0C0004C0A01208C7D040108B504482BF070FF68
:10B0D0000020BDE8084029F033BD00BF1411012055
:10B0E00010B530F8161CA0F14004002210F8140C22
:10B0F0000AF06FF908B1002303742046BDE8104040
:10B1000024F0AABD403824F0A7BDF8B51D4C054673
:10B110001DF00AFA237806462746002B2DD120463B
:10B12000194B2A6801212BF027FF2046BDE8F84083
:10B130002BF036BF43685B799B070FD502686AB175
:10B1400085420BD0BB68F11A8A4286BF9B1B9B18B5
:10B1500000239C42036028BF1C4600BF24F0A0FDD2
:10B160000028E7D12A680748074BA24228BF224699
:10B1700001212BF001FF0348D8E74FF0FF340020F6
:10B18000ECE700BFE4100120BDB401012DE9F04F50
:10B190004FF0000A8BB04FF0FF38D146D3465446EB
:10B1A00058460AF0F5F8834678B9BAF1000F00F076
:10B1B0000A818C4B642201218B482BF0DDFE8A48EA
:10B1C0000BB0BDE8F04F2BF0EBBE9BF81A300493A8
:10B1D0001BB100210AF0F4F88146049B013BDBB26D
:10B1E000FF2B0493DCD00023D9F8045005931E46AE
:10B1F00099F80330059A934244D8002E3BD0B9F811
:10B200000030638500222277DBF81430C3F30F236C
:10B21000238594F8343062F3820384F834300A22B0
:10B22000012148460AF0F7F840B14378DB0642BFF7
:10B2300094F8343043F0040384F8343094F8343014
:10B2400099F8021003F05E0343F00103002584F82F
:10B25000343084F839509BF8143084F82C30236B48
:10B26000F61A0123E685204689F81030C1F3400123
:10B270002BF0CEFE2C46049B002BAED048460AF0A5
:10B28000C8F8A9E72B1D1946A87808930AF0FAF820
:10B29000EA78C3B212F01001069304D097065ABFA1
:10B2A0005900C9B20421069BD00703F1040305EB42
:10B2B000030707D47B180793059B079D0133DBB277
:10B2C000059395E72846099107930AF07BFA079BB7
:10B2D00009995B000B44FB18024607930028EBD04A
:10B2E000424B4FF47A715B6AB3FBF1F13B880B443C
:10B2F0009BB23B80E978090753D579888B4204D209
:10B30000CB1A984528BF9846D6E7BB8813B1984515
:10B3100028BF9846D4B90420099224F013FC099A56
:10B32000044600284DD0836C314A4D330363314BC2
:10B33000C3631378591C1170012200210293CDE9D7
:10B3400000210A2307F03EF8266B0644BAF1000FED
:10B3500007D187F800A087F801A0EB7823F0080355
:10B36000EB70069B03F108001A46291D38442CF0A7
:10B37000C7FB291DA8780AF085F82B7833706B7805
:10B3800073703246AB7802F8023FC0B283B24FF618
:10B39000FF71013B9BB28B420CD1033056FA80F611
:10B3A0008AE7B988002987D08B42A9D3884528BF6E
:10B3B0008846AFE7089F17F8015B089702F8015F1E
:10B3C000E7E7924678E7B8F1FF3F05D04FF47A728D
:10B3D000044B02FB08F2EEE603480BB0BDE8F04F69
:10B3E0002BF0E6BD8DB10101FC100120E41001201D
:10B3F00048440020E1B0010100F114028260024AD9
:10B40000C260F1F7A5BC00BFE51B0201027D02701E
:10B41000F1F7BEBC10B5084A137801460024047148
:10B42000581C107081F8303004482AF055F8204636
:10B43000BDE8104029F084BB484400202C110120B5
:10B4400008B501230371014603482AF045F800209E
:10B45000BDE8084029F074BB2C11012001482BF0F5
:10B46000A7BD00BFE410012010B5114C25202146D6
:10B4700025F018FD21460F4C382025F013FD04F16E
:10B4800018002BF095FD0023A3643034FFF7E6FF8E
:10B4900020462BF08DFD2046074B0A2201212BF080
:10B4A0006BFD06F098FBBDE8104028F005BC00BF1E
:10B4B000DC2D0120E4100120C9B00101F8B51B4FBB
:10B4C0004FF0FF350024204624F0EAFB044660B923
:10B4D0006B1C26D0164B15482A4601212BF04CFD3B
:10B4E0001248BDE8F8402BF05BBD666873799A0797
:10B4F000E9D52368FA689B1A236073B904F1080040
:10B5000024F0AAFBB0694FF4CA7333810028DAD063
:10B5100006F108011FF0DEFFD5E79D4228BF1D465A
:10B52000D1E7BDE8F840FFF799BF00BFE410012064
:10B53000BDB4010138B50446002000BF24F0B0FBC3
:10B5400000B938BD00F148039C42F7D142685379F5
:10B5500013F004050BD1083024F07EFB284624F0BC
:10B560009FFB0028EDD1BDE83840FFF777BF03F01F
:10B570000301012943F002035371DFD10846BDE8FE
:10B58000384029F0DDBA73B5037850F8445C0022E6
:10B590000446A0F148062B726A721BB96B7913F04E
:10B5A0000C0F13D1A86918B105F108011FF092FF23
:10B5B00023785BB1A4F1400024F04EFB002024F07E
:10B5C0006FFB08B9FFF74AFF02B070BDEB6C43B1E7
:10B5D00044F8483C3046FFF798FD2046FFF7AAFFA5
:10B5E000F2E701A9352022F001F8EDF767FB019B96
:10B5F000184444F8480CEDE750F8443C027813B581
:10B60000044603F1080122BB93F843200A2A03D021
:10B610000B2A07D0052A0DD1986900221A8108B19A
:10B620001FF058FFA4F1400024F016FB2046FFF75E
:10B6300081FF1FE001A9352021F0D8FFEDF73EFB87
:10B64000019B03EB4003204640F8483DFFF75DFDBA
:10B65000ECE798691A7200225A7208B11FF03AFF9B
:10B66000A4F1400024F0F8FA002024F019FB08B9F6
:10B67000FFF7F4FE02B010BD2DE9F047DFF8EC82D1
:10B68000B44E86B04CF20429D8F848406CB194F816
:10B690002C70012017F1FF3718BF012724F052FA50
:10B6A000054628B9AC482BF07BFC06B0BDE8F08716
:10B6B0002146AA4829F03AFF3A46618D94F84200A3
:10B6C00009F087FEA8B1837894F8442013F0020FA4
:10B6D0000CBF512341239A4221D9A069C8B1214608
:10B6E000892321F8083F1FF0F5FE284624F0B4FA1C
:10B6F000CAE7A06928B12146C32321F8083F1FF0FB
:10B70000E9FE284624F0A8FAA6F800902AF06EFD7B
:10B71000BAE74CF2023333802AF07AFDE5E745F8C8
:10B72000044C94F82C20618D94F8420012F1FF3201
:10B7300018BF012209F04DFE00236371AA6C85F841
:10B7400039304D322A6394F8422085F82C20214666
:10B75000074651F81E2F207FC5F81E204A6828771B
:10B76000C5F8222094F8282085F82620628D6A8565
:10B77000212A85F835301BD194F82C30C3B9E36900
:10B78000774923F47F438B4201D0012810D1638E87
:10B790004FF6FF718B420BD0012185F83510EB86F7
:10B7A00094F8343085F8383094F8353085F83930ED
:10B7B000E38C4CF25E018B4204D1B2F5805F18BF7E
:10B7C0004FF482732B852379002B53D1654BEB63A8
:10B7D00094F843300A2B01D0052B49D194F8453019
:10B7E0000BB90C236371237F022B40F08980E28B1D
:10B7F0004FF6F7739A4205D995F834306FF3820308
:10B8000085F8343095F834306FF3C71385F8343049
:10B8100094F8300094F8433094F82C202179029069
:10B82000E08D019094F845000090284606F0CAFD8E
:10B830002A6BD4F848C094F84430111800229A4278
:10B840006DD194F84430184495F8343080B213F038
:10B850000102E88569D02B2803D943F0040385F859
:10B860003430B9782846C1F340012BF0D1FB0BE707
:10B870000423B7E73C4BEB6394F8432094F82C1077
:10B88000384609F0C8FD8246C0B120462AF01AFEAB
:10B89000A0B19AF8013003F00C03082B22D194F8E0
:10B8A0002C20A36C94F84310608D2AF0ECFD637992
:10B8B000002814BF042200221343637195F834302A
:10B8C0006FF3820385F83430BAF1000F8BD09AF809
:10B8D0000130DB0642BF95F8343043F0040385F8AD
:10B8E000343080E7042B03D1637943F00403E4E7A9
:10B8F00094F84530002BE1D1637943F00C03DCE789
:10B9000023B1237F012B7FF47DAF75E794F84210BC
:10B91000608DF0F7E5FE00287FF46EAFF1E71CF8CC
:10B9200002E001F802E0013289E70DF117014FF45E
:10B9300098708DF8172021F059FE9DF81730EA8D88
:10B94000002B14BF3F2351239A428AD995F83430F3
:10B9500083E700BFEC330020141101202C110120DB
:10B960000200FDFFF9B5010187B50101E4100120D6
:10B9700070B513460D46044610B30AB326220021C3
:10B9800018462CF07BF90646E27B06F8022B04F100
:10B990001002034603CAA28BC3F8020071605A81E9
:10B9A000A27E1A73E28BDA8155B1EA7812F1FF3286
:10B9B00018BF01221A742A7A1A756A790AB95A824A
:10B9C00070BDEA88FBE730B50C46D0E900130D786E
:10B9D00093F82000401B20745A6A2A448BB062619D
:10B9E000012262721846C4F80CD06A46FFF7C0FF05
:10B9F00094F84330022B02D1237C012B09D1002380
:10BA0000A069237218B104F108011FF063FD0BB0A7
:10BA100030BD0F23F4E72DE9F04106468AB00D460C
:10BA20009046CA78C18B807B1F4609F0D2FC044641
:10BA300078B1C3696BB16A4629463046FFF798FF73
:10BA40002B7A8DF814303A4643466946E0691FF078
:10BA500013FD0AB0BDE8F081F0B5D0E90064F778D5
:10BA6000E18B8BB005463A46A07B0AF080F918B905
:10BA7000C3232B720BB0F0BD81232B723A46737A2D
:10BA8000E18BA07B09F0DCFC07460028F2D043687C
:10BA9000002BEFD06A4631462046FFF769FFE28867
:10BAA0004FF6F7739A42237927D8591E4A424A41E2
:10BAB0008DF8242022468DF81A3052F8060F51686E
:10BAC00094F8202007AB03C33378616A7868D21AF0
:10BAD000D2B20B4469461FF025FC7B78287203F034
:10BAE0000C03082B0BD1626A3378717AE08B134414
:10BAF000F2782AF0C8FCA872BCE70122D8E700332C
:10BB000018BF0123AB72B5E72DE9F04100254FF0D6
:10BB1000FF372846F0F7CAFD054670B97B1C43D0B5
:10BB20004FF47A727A432148214B01212BF024FAF9
:10BB30001E48BDE8F0412BF033BA95F82030A42B15
:10BB4000E7D1287A09F030FC002204466989287A76
:10BB500009F03FFC8046002CDBD00028D9D0446897
:10BB6000002600BF98F80330B342D2D9E37803F03F
:10BB70000503012B11D1211DA07809F083FCE37886
:10BB8000C0B20430204443F00403E3700023037088
:10BB9000437083889F4228BF1F46204609F07BFCE4
:10BBA00001360446F6B2DDE7BDE8F081FC10012065
:10BBB0008DB1010170B50446CA788AB00E46C18BBA
:10BBC000807B09F006FC054688B143697BB16A4673
:10BBD00031462046FFF7CCFE337894F82020616A86
:10BBE0006869D21AD2B20B4469461FF0EBFB0AB067
:10BBF00070BD2DE9F04F8BB0837B06930746C38B56
:10BC0000D1F8109091F80180059303208B4623F022
:10BC100099FF0446002845D0836C4D330363654B80
:10BC2000C3639BF808300293002601220923CDE963
:10BC30000026314606F0C6FBA56C049600F14D03C4
:10BC400082461D44B8F1000F25D0B9F801309BF8A9
:10BC50000320DDE9051009F036FC99F800300646AE
:10BC60001BBB28B3C278D20725D5079309F0BCFDCA
:10BC700018BB09AA311DB07809F0C5FD9DF8262032
:10BC8000079B012A1BD19DF824200932D2B20AEB6E
:10BC90000201412915DD049B002B54D1204623F0DD
:10BCA000DBFF01200BB0BDE8F08F00230622EEE79A
:10BCB00086230422EBE78C23FBE78B23F9E7092299
:10BCC000E5E72B7099F800106970B9F801006880F9
:10BCD000CBB999BBB3782B71BDF82430991D0E44B4
:10BCE0003188A5F805107188A5F807109DF8261071
:10BCF000012908D1043605F109014FF6FF70013B17
:10BD00009BB2834215D1049BB8F1020F03F10103EA
:10BD100088BFA8F10308DBB292448CBF5FFA88F8B1
:10BD20004FF0000809F10309154404935FFA8AFAF9
:10BD300088E716F801CB01F801CBE0E74FF0FF33BD
:10BD40002B716B71DFE7FB7B237704F11E0207F198
:10BD5000100307F118018B4224D1BB7E84F82630F2
:10BD6000BB7B84F82C30059B6385BB8B238594F8C3
:10BD70003430A4F82EA003F05A0343F0050384F8EE
:10BD80003430002384F8393097F82910AB290ED0CD
:10BD90004F31C9B201298CBF0021012120462BF06F
:10BDA00037F97EE713F8010B02F8010BD3E7012105
:10BDB000F4E700BF05B101012DE9F04F8FB0837B9F
:10BDC0000B930646C38B0D6991F801900A930320EB
:10BDD0008A4623F0B7FE0446002832D0836C4D33E8
:10BDE0000363934BC3639AF803209AF808300293D5
:10BDF0004FF001080027B2EB08024FF0070318BF0D
:10BE00000122CDE90087394606F0DCFAA26C0890E1
:10BE100003464D33D31804938346CDF82480059709
:10BE2000B9F1000F10D1099B1BB1089B01335FFAD8
:10BE300083FB059B002B40F0C580204623F00CFFC0
:10BE400001200FB0BDE8F08F0BF10403412BEAD8BD
:10BE500095F80080B8F1000F40F09A8005F10803D2
:10BE600019460DAAE878079309F0CDFC9DF8363005
:10BE70009AF80320012B08BF9DF83470B5F8013003
:10BE800008BF0837DDE90A100CBFFFB2082709F028
:10BE90001AFB002800F08780C378DA0740F186801B
:10BEA000B945C0F086808178EA78914240F084807C
:10BEB000B5F806C01FFA8CF131B1AA888A427ED843
:10BEC0004FF6FF7291424AD043F00403C370002939
:10BED00048D1AB884FF6FF72934214BF022304236C
:10BEE0000693BDF8343003F1060E7044B5F804E053
:10BEF000A0F800E0A0F802C01FFA8EF24FF6FF7C17
:10BF000091BB624532D1B5F80130069A51463046B0
:10BF1000FFF781FD049B049A83F800802B7853700F
:10BF2000B945B5F80130538028BFA9EB07093D4456
:10BF3000059F07F10107FBB22CBF5FFA89F94FF0AB
:10BF400000090593B8F1000F05D00BF104035FFA67
:10BF500083FB00230993049B0433049360E723F0DD
:10BF60000403C3700223BBE76145CBE79DF836109D
:10BF70000129C8D103304FF6FF71013B9BB28B42C0
:10BF8000C1D0079A12F801CB079200F801CFF4E76D
:10BF9000B5F80130032251463046FFF73CFD4FF023
:10BFA00000080527B6E74FF08608B3E74FF08C0886
:10BFB000B0E74FF08508ADE74FF08D08AAE74FF0E6
:10BFC0008708A7E7F37B237704F11E0206F110032D
:10BFD00006F118018B4224D1B37E84F82630B37B5E
:10BFE00084F82C300A9B6385B38B238594F8343016
:10BFF000A4F82EB003F05A0343F0050384F834305C
:10C00000002384F8393096F82910AB290ED04F312F
:10C01000C9B201298CBF0021012120462AF0F8FF76
:10C020000EE713F8010B02F8010BD3E70121F4E747
:10C0300085C1010108B52AF017FA28B923F030FEAE
:10C04000003018BF012008BD0020FCE7252810B5EE
:10C050000C4607D1FFF7EEFF237880F0010018406F
:10C06000207010BD3828FCD1002000BF23F018FE3E
:10C0700010B923781843F3E743685A79520706D476
:10C0800093F84520002AF1D11B7F012BEED001202F
:10C09000EFE72DE9F0471CF047FA4FF0FF348146F7
:10C0A0004FF00008404609F073F9804670B9631CF0
:10C0B00060D04FF47A7262432F48304B01212AF04E
:10C0C0005BFF2D48BDE8F0472AF06ABF002109F068
:10C0D00077F90025074600BF98F81A30AB42E1D93E
:10C0E000D7F804A00026FB78B34206D8384609F0FA
:10C0F00090F901350746EDB2EEE79AF80330DA071A
:10C1000028D5504609F05EFB20B30AF104019AF8E5
:10C11000020009F0B7F9C0B2043050444FF6FF7383
:10C1200042889A4216D0164B1B6A4FF47A71A9EBDB
:10C130000303B3FBF1F103880B449BB203809AF82D
:10C14000031011F008010CD09A4211D9D31A9C4265
:10C1500028BF1C46504609F09EF901368246F6B2C9
:10C16000C1E78288002AF5D09342EFD30C46F1E76D
:10C170000024EFE7BDE8F087FC1001208DB101013C
:10C18000E4100120037810B504460BB9FFF781FFD6
:10C19000A4F14000BDE8104023F05EBD704700BF31
:10C1A000017811B9024821F05FB9024821F05CB969
:10C1B00080A90301A8A903012DE9F043017887B004
:10C1C000002941D1027AC3684748059101248DF8BE
:10C1D0000C408DF80D20049321F046F903A806F0D9
:10C1E000C9F8424E059C05460527A278002A76D15B
:10C1F0003F4821F039F9E378422B37D0412BB4F88E
:10C2000000C03AD0F02B4AD0232B23D0E22B21D0F0
:10C21000272B38D0212B56D0282B5AD0292B07BFBB
:10C22000B4F90420334822793348614621F01CF9DF
:10C23000FD2D0CD003A806F09DF87B1E13F0FF0720
:10C2400005460DD0059CD0E72C4821F00DF907B02C
:10C25000BDE8F08362682848614621F005F9E7E708
:10C26000274821F001F907B0BDE8F08322462548B0
:10C2700032F8041B21F0F8F8DAE7221D6146214864
:10C2800021F0F2F8D4E754F8040F616801AB03C35E
:10C2900003466146029A1C4821F0E6F8C8E7614669
:10C2A0001A48DFF8709021F0DFF804F10B0803342E
:10C2B00018F80119484621F0D7F8A045F8D13046C2
:10C2C00021F0D2F8B4E7A2880B48614621F0CCF8FF
:10C2D000AEE722790748614621F0C6F8A8E7218831
:10C2E0000B4821F0C1F8B2E7D4A9030194AA0301D5
:10C2F00054AA0301D0AA030198AA0301E8AA0301E2
:10C30000F4A9030160AA0301B0AA030178AA0301FA
:10C3100030AA03018CAA030110B58CB0C37A8DF842
:10C3200018300CAB13E90F008DE80F0042F2020445
:10C33000ADF8104004AC94E80F0012F0A7F90CB06F
:10C3400010BD00BF10B58CB0C37A8DF818300CAB9F
:10C3500013E90F008DE80F0042F20274ADF81040AF
:10C3600004AC94E80F0012F091F90CB010BD00BFBE
:10C3700030B50369C2688DB0CDE908230CAB044623
:10C3800013E90F0041F60275ADF81050A57BE47A71
:10C390008DF818408DE80F008DF8195004AC94E822
:10C3A0000F0012F073F90DB030BD00BF70B58CB046
:10C3B0000CAB044613E90F00A68AE57AADF81A60C3
:10C3C0008DE80F0041F60264ADF810408DF818506A
:10C3D00004AC94E80F0012F059F90CB070BD00BF26
:10C3E00070B58CB00CAB044613E90F00A67BE57A60
:10C3F0008DF819608DE80F0042F20264ADF810402C
:10C400008DF8185004AC94E80F0012F03FF90CB00E
:10C4100070BD00BF70B58CB00CAB044613E90F00C3
:10C42000A67BE57A8DF819608DE80F0042F2025480
:10C43000ADF810408DF8185004AC94E80F0012F0DD
:10C4400025F90CB070BD00BF10B58CB0C37A8DF863
:10C4500018300CAB13E90F008DE80F0042F6020410
:10C46000ADF8104004AC94E80F0012F00FF90CB0D6
:10C4700010BD00BF10B58CB0C37A8DF818300CAB6E
:10C4800013E90F008DE80F0042F60224ADF81040CA
:10C4900004AC94E80F0012F0F9F80CB010BD00BF26
:10C4A00010B58CB0C37A8DF818300CAB13E90F00BF
:10C4B0008DE80F0042F60214ADF8104004AC94E889
:10C4C0000F0012F0E3F80CB010BD00BF10B58CB037
:10C4D000C37A8DF818300CAB13E90F008DE80F000C
:10C4E00042F60234ADF8104004AC94E80F0012F0AC
:10C4F000CDF80CB010BD00BF10B58CB0C37A8DF86C
:10C5000018300CAB13E90F008DE80F0042F602441F
:10C51000ADF8104004AC94E80F0012F0B7F80CB07E
:10C5200010BD00BF10B5017888B021BB027AC36886
:10C530008DF81520082405A807918DF8144006935E
:10C5400005F018FF079802782AB141880C4820F0BE
:10C550008BFF08B010BD447AB0F80730B0F8052062
:10C56000418802940479019440780090054820F0B5
:10C570007BFF08B010BD044820F076FF08B010BD66
:10C5800098AB030114AB0301CCAB0301704700BFB0
:10C59000704700BF704700BF014B1870704700BF65
:10C5A0002B160120014B1878704700BF2B16012075
:10C5B00010B4064C80F84310247880F8454080F889
:10C5C000442080F842305DF8044B70472B16012060
:10C5D0002DE9F041BDF81850192D0446884616463D
:10C5E0001F4612D0002323740D4A84F8008011786E
:10C5F00066804E1C4FF482700023277321751670DD
:10C60000E58160816382BDE8F08100222946142023
:10C6100008F0DFFE0028E5D001232374E4E700BF23
:10C62000484400202DE9F04F87B080468946924665
:10C630009B46BDF84070BDF84460129D24F0B8FFE1
:10C6400060B30446826CADF8086002AB002603A814
:10C6500004920593ADF80C6005F06DFE124B9DF849
:10C660000D0093F800C084F845C084F8440084F8B5
:10C67000436084F842B053464A46414604F11C00E8
:10C680000097FFF7A5FF094BB54208BF1D46A561FE
:10C69000204624F0CFFF07B0BDE8F08F044820F01B
:10C6A000E3FE07B0BDE8F08F2B160120B9C10101F0
:10C6B00000AC03012DE9F04F89B09A46BDF848302F
:10C6C0000393074688469146BDF84CB09DF850400C
:10C6D000159E24F06DFF00283ED0826C069204A9BE
:10C6E00000220546ADF810B00791ADF81420A4B1B2
:10C6F000013C0BF1010252FA84F4A4B202E000BF43
:10C700000BF10102ADF810B005A81FFA82FB05F08D
:10C7100012FE5C45F4D19DF81540124B85F844405B
:10C720001C7885F845400020039C85F8430085F877
:10C7300042A04B464246394605F11C000094FFF7E3
:10C7400047FF094B002E08BF1E46AE61284624F065
:10C7500071FF09B0BDE8F08F044820F085FE09B0F4
:10C76000BDE8F08F2B160120B9C1010100AC030117
:10C770002DE9F04F89B09A46BDF848300493159BD7
:10C780000390884691469DF84C70BDF850B00593D3
:10C790009DF85860179D24F00BFF80B3826CADF8B4
:10C7A0001CB0BDF81C10118097700446806C059970
:10C7B0008DF81E70324603302BF0A2F9134B84F82B
:10C7C00042A0033693F800C084F844600220049E1F
:10C7D00084F843004B4684F845C004F11C004246EF
:10C7E00003990096FFF7F4FE094B2046002D08BF81
:10C7F0001D46A56109B0BDE8F04F24F01BBF0548F8
:10C8000009B0BDE8F04F20F02FBE00BF2B1601206D
:10C81000A1C1010100AC03012DE9F04F89B09A4696
:10C82000BDF848300493159B0390884691469DF8C7
:10C830004C70BDF850B005939DF85860179D24F0DA
:10C84000B7FE80B3826CADF81CB0BDF81C1011802F
:10C8500097700446806C05998DF81E70324603303F
:10C860002BF04EF9134B84F842A0033693F800C026
:10C8700084F844600520049E84F843004B4684F805
:10C8800045C004F11C00424603990096FFF7A0FE44
:10C89000094B2046002D08BF1D46A56109B0BDE823
:10C8A000F04F24F0C7BE054809B0BDE8F04F20F0B6
:10C8B000DBBD00BF2B1601209DC1010100AC0301AF
:10C8C0002DE9F04F8BB005460293BDF8503003932D
:10C8D0000E461746BDF854B09DF858A0BDF85C90C0
:10C8E000BDF8608024F064FE002837D004460023A1
:10C8F000826C8DF813A004A94FF0060A07A88DF8E2
:10C9000010308DF8183008920991ADF811B0ADF8DB
:10C910001490ADF81680ADF81CA005F00CFD124B7C
:10C920009DF81D0093F800C0029B84F84230294610
:10C93000039D84F845C084F8440084F843A03B4636
:10C94000324604F11C000095FFF742FE074BA3613D
:10C95000204624F06FFE0BB0BDE8F08F044820F0B5
:10C9600083FD0BB0BDE8F08F2B16012095C50101AA
:10C9700000AC03012DE9F04F8FB000250493BDF802
:10C98000603003900F469046ADF81C508DF81E5055
:10C990000593BDF864B09DF86860BDF86CA0BDF863
:10C9A000709024F005FE002856D007AA04461D9971
:10C9B0008DF820503046ADF821B08DF82360ADF8E9
:10C9C00024A0ADF8269008F01EFFBDF81C20002A18
:10C9D00039D1BDF8263073BBBDF824204FF6FF7364
:10C9E0009A422CD0A36C0C93062508AB0BA8ADF88B
:10C9F0002C500D9305F09FFC1A4B9DF82D0093F8D9
:10CA000000C084F84350049B059D84F8423084F8AC
:10CA100045C084F8440043463A460399009504F122
:10CA20001C00FFF7D5FD104BA361204624F002FE49
:10CA30000FB0BDE8F08F4FF6FF729342D2D10023C2
:10CA40008DF82830CEE71D990AA82BF059F8BDF8CB
:10CA50002630002BEFD1BFE7044820F005FD0FB0D2
:10CA6000BDE8F08F2B16012095C5010100AC030134
:10CA70002DE9F04786B00746884691469A46BDF8AC
:10CA80003860BDF83C5024F093FD68B3ADF8095010
:10CA9000002308250446826C8DF8083003A80DEBAE
:10CAA000050304920593ADF80C5005F044FC114BBE
:10CAB0009DF80D0093F800C084F845C084F8440048
:10CAC00084F8435084F842A04B464246394604F16C
:10CAD0001C000096FFF77CFD074BA361204624F065
:10CAE000A9FD06B0BDE8F087044820F0BDFC06B003
:10CAF000BDE8F0872B16012025C5010100AC03011C
:10CB000070B40A4C01702178428001254FF4827282
:10CB1000BDF80C60037342814B190022C681057475
:10CB200023704282017570BC704700BF48440020EA
:10CB300010B524F03DFD044608B1204610BD024862
:10CB400020F092FC204610BD00AC0301F0B4034677
:10CB5000844601F120040F684E688D68C868D8606B
:10CB60001031A1421F605E609D6003F11003F2D19D
:10CB70000C681C60898899808CF81020F0BC704784
:10CB800030B40A4B0A4D83F8B11002460424022146
:10CB9000C3F81051A3F856401846A3F85A20A3F83A
:10CBA000AF2083F8581030BCF6F7AFBDFC3300203F
:10CBB00019C30101094B10B40222094CA3F85A0011
:10CBC000C3F810411846A3F8AF10A3F8562083F815
:10CBD00058205DF8044BF6F798BD00BFFC330020E9
:10CBE00045C3010170B40B4B0B4EA3F8AF100021ED
:10CBF0000125022483F8B12083F8B210A3F85A006B
:10CC0000C3F81061A3F8565083F85840184670BC1A
:10CC1000F6F77BBDFC33002071C3010170B40D49F0
:10CC20009DF80C40C1F8B33000230B4E81F8B7409B
:10CC3000022581F8B830A1F85A00C1F8106181F8D6
:10CC40005850C1F8AF200846A1F8563070BCF6F72E
:10CC50005CBD00BFFC330020ADC3010130B4094B03
:10CC6000094DA3F85A0005240222C3F81051A3F875
:10CC700056401846A3F8AF1083F8582030BCF6F79A
:10CC800044BD00BFFC330020E1C3010170B4224C5D
:10CC9000224A234B2668C2F8103106240123A2F849
:10CCA000564004250224A2F85A00A2F8AF0082F8E8
:10CCB000B15082F8B23082F8584033788B4227D195
:10CCC000717882F8B31069B1B3680139C9B214FB45
:10CCD0000134023B02F1B20133F8020F21F8020FD6
:10CCE000A342F9D1B57882F8D6506DB1F16800232E
:10CCF000023900BF02EB430031F8024FA0F8D740E1
:10CD00000133D8B28542F5D8044870BCF6F7FDBCB3
:10CD1000044870BC20F0A8BBE0350020FC330020A4
:10CD200015C4010120AC030170B582B0CDE9002328
:10CD3000114B9DF8185093F8B720A3F85A006C4691
:10CD400003CC9DF81C60C3F8B31065F3C71266F3FB
:10CD500086120221094DC3F8AF0034241846C3F8E7
:10CD60001051A3F8564083F8581083F8B720F6F70F
:10CD7000CCFC02B070BD00BFFC33002049C40101EF
:10CD800070B4074D074C2E78074DA674C4E9020114
:10CD9000E37420462275A56170BCE7F70DBF00BFA4
:10CDA000A07204016013012091C5010130B4094B48
:10CDB000094A83F8AF1031250224A3F85A00A3F8DA
:10CDC000565083F858401846C3F8102130BCF6F787
:10CDD0009CBC00BFFC33002075C4010130B4094B7A
:10CDE000094D83F8AF1033240222A3F85A00C3F888
:10CDF0001051A3F85640184683F8582030BCF6F777
:10CE000084BC00BFFC330020A1C401012DE9F04F18
:10CE100083B08246894606206946934698469DF827
:10CE200030709DF83450BDF8386020F0DFFB1249B7
:10CE3000124A009C81F858A003234FF0210C81F87E
:10CE4000BA30019BA1F85A90C1F8AFB0C1F8B380D5
:10CE5000084681F8B770A1F8B86081F8C350C1F8EE
:10CE60001021A1F856C0C1F8BB40C1F8BF30F6F799
:10CE70004CFC03B0BDE8F08FFC330020CDC40101B1
:10CE80002DE9F04F83B004468846062069469B464C
:10CE900016469DF838A09DF83C709DF84050BDF8AE
:10CEA000449020F0A3FB2249224BA1F85A80022093
:10CEB0004FF0210C8442C1F81031A1F856C081F81E
:10CEC00058002FD0012C22D081F8BA40DDE90C3473
:10CED000002F18BF3D46234304BFDDE90034CDE9F0
:10CEE0000C34154B0C9AC1F8BB200D9A81F8C35035
:10CEF000C1F8AF60C1F8B3B05A600D4881F8B7A06F
:10CF0000A1F8B890F6F701FC03B0BDE8F08FBDF8CA
:10CF1000303081F8BA40A1F8BB30C1F8AF60C1F839
:10CF2000B3B0EAE7054820F09FFA03B0BDE8F08F00
:10CF3000FC330020CDC40101B734002030AC030124
:10CF40002DE9F04F83B08246894606206946934614
:10CF500098469DF830709DF83450BDF8386020F048
:10CF600045FB1249124A009C81F858A003234FF058
:10CF7000220C81F8BA30019BA1F85A90C1F8AFB0E9
:10CF8000C1F8B380084681F8B770A1F8B86081F89D
:10CF9000C350C1F81021A1F856C0C1F8BB40C1F878
:10CFA000BF30F6F7B2FB03B0BDE8F08FFC330020D2
:10CFB000F9C401012DE9F04F83B0044688460620EC
:10CFC00069469B4616469DF838A09DF83C709DF832
:10CFD0004050BDF8449020F009FB2249224BA1F8B3
:10CFE0005A8002204FF0220C8442C1F81031A1F87F
:10CFF00056C081F858002FD0012C22D081F8BA40B9
:10D00000DDE90C34002F18BF3D46234304BFDDE9A2
:10D010000034CDE90C34154B0C9AC1F8BB200D9AA5
:10D0200081F8C350C1F8AF60C1F8B3B05A600D4881
:10D0300081F8B7A0A1F8B890F6F767FB03B0BDE898
:10D04000F08FBDF8303081F8BA40A1F8BB30C1F89C
:10D05000AF60C1F8B3B0EAE7054820F005FA03B0C5
:10D06000BDE8F08FFC330020CDC40101B7340020AF
:10D0700048AC03012DE9F04F89B0824689469046BD
:10D080001F46BDF848B0139D24F092FA98B30446A9
:10D09000826CADF8097002AB0126062705A806923E
:10D0A0000793ADF80BB08DF80860ADF8147005F07B
:10D0B00042F9144B9DF81510187884F845000022A9
:10D0C00084F8441084F8437084F842A04B4611461B
:10D0D00004F11C00CDF80080FFF77AFA0A4B84F8BF
:10D0E0002C60002D08BF1D46A561204624F0A2FA41
:10D0F00009B0BDE8F08F054820F0B6F909B0BDE8E9
:10D10000F08F00BF2B16012095C5010100AC030173
:10D110002DE9F04F8BB01E46BDF85C30BDF850B025
:10D120009DF854A0BDF858900393074688461546CD
:10D1300024F03EFAA0B30446826C03988DF813A045
:10D1400004AB00214FF0060AADF8160007A88DF8D1
:10D15000101008920993ADF811B0ADF81490ADF825
:10D160001CA005F0E8F8114B9DF81D0093F800C0D5
:10D1700084F845C084F8440084F843A084F8425001
:10D180002B464246394604F11C000096FFF720FA70
:10D19000074BA361204624F04DFA0BB0BDE8F08F99
:10D1A000044820F061F90BB0BDE8F08F2B16012088
:10D1B0008DC5010100AC030110B59CB00446F1F728
:10D1C0006DFD012016A94FF0FF324FF0FF3384426E
:10D1D0008DF840001291CDE916231DD0022C0ED0FF
:10D1E000032C26D0194B0FCB0CAC84E80F001CACE1
:10D1F00004E90F0010A826F07DFD1CB010BD144BF3
:10D200000FCB04AC84E80F001CAC04E90F0010A89D
:10D2100026F070FD1CB010BD0E4B0FCB6C4684E8A1
:10D220000F001CAC04E90F0010A826F063FD1CB031
:10D2300010BD094B0FCB08AC84E80F001CAC04E90F
:10D240000F0010A826F056FD1CB010BDD4720401CA
:10D25000B4720401A4720401C4720401024B0022DE
:10D260009A60DA611A637047B8070120024B002206
:10D2700083F83C20704700BFB807012002460249EE
:10D28000024823F093BF00BFF50701205C4404016E
:10D2900008B5052818D8DFE800F003070B0D0F11BB
:10D2A0000020FFF7EBFF01E0FFF7D8FF012008BDEA
:10D2B0000920F6E70B20F4E70220F2E7034B0022F7
:10D2C00083F83C200E20ECE70020F0E7B8070120AF
:10D2D000054BD0F803205A6418640868496848333D
:10D2E00003C30420CAE700BFB80701202DE9F041BD
:10D2F00088460746A8B10C4D0324AB68BB422E46B6
:10D3000005D10822414628462AF0ECFB30B1013C09
:10D3100014F0FF0405F11405EFD126463046BDE8B0
:10D32000F0810646FAE700BFB807012008B5FFF70D
:10D33000DDFF003018BF012008BD08B5FFF7D6FF9C
:10D34000003018BF012008BD08B5D0F80300FFF772
:10D35000F4FF18B10620BDE808408FE708BD70B59E
:10D36000D0F80350064628460C46FFF7E6FF50B1BA
:10D37000054BC3E9106520686168483303C30C207E
:10D38000BDE870407AE770BDB807012070B5D0F8ED
:10D390000350064628460C46FFF7CFFF50B1064B18
:10D3A000C3E9106520686168483303C30520BDE800
:10D3B000704063E770BD00BFB80701200A4BB3F8A7
:10D3C0005A2010B50C460AB9A3F85A00082207499A
:10D3D00007482AF087FB18B9054B2068616803C32A
:10D3E0000D20BDE8104049E7B80701202066040180
:10D3F00008080120044B0022042193F8840083F8DC
:10D400003C2021F0EBBF00BFB8070120024B0221F6
:10D4100093F8840021F0E2BFB8070120024B0321FA
:10D4200093F8840021F0DABFB807012030B5002559
:10D430008BB0634C27222946684684F83C502AF07A
:10D440001DFC94F889308DF80130D4F89430CDF873
:10D45000033015F089FDA84214BF022305238DF87F
:10D4600008308DF8095015F08FFB28B19DF8093070
:10D4700043F001038DF8093015F030FB28B19DF819
:10D48000093043F002038DF8093015F033FB28B161
:10D490009DF8093043F010038DF8093094F990306D
:10D4A000002BBEBF9DF8093063F07F038DF8093073
:10D4B00023F0D8FBADF80A0023F0C9FB41490390E3
:10D4C0000546DDF80300FFF711FF00B1C56094F8D1
:10D4D000A0302BB19DF8093043F020038DF80930BE
:10D4E00015F014FB8DF8070015F04EFB00284ED008
:10D4F0000025CDE9045515F05BFB0146284615F0E3
:10D5000078FB05468DF8190038B915F05DFB01462A
:10D51000284615F06EFB8DF8190000238DF81830A1
:10D52000A3F58033CDF81A3020F009FB8DF81E00EA
:10D5300020F012FB9DF81E308DF81F00012B20D12A
:10D54000002020F018FB8DF8200020F031FB94F92A
:10D55000902083689DF82000002AB4BFB3F8012012
:10D560004CF25E02ADF82120B3F803205B79ADF8F0
:10D570002320C3F303038DF8253020F0B7FA8DF88C
:10D5800026001049684610F085FC0BB030BD15F040
:10D59000DBFA02460068516804AB03C315F0E0FAF9
:10D5A0008DF8190015F0E2FA8DF8180015F0D0FA90
:10D5B000ADF81C0015F0C2FAADF81A00B4E700BFD0
:10D5C000B8070120500801201FB50C4C0C4B0293EA
:10D5D00004F1A103019394F85E300093B4F85A204B
:10D5E000B4F85C3094F8581004F150000EF0C0FD0F
:10D5F000002384F8B13004B010BD00BFB80701208B
:10D600000DD40101014825F0A4BD00BF6C08012024
:10D61000F8B50446D0F80300FFF78FFE18B315F0F5
:10D6200093FA074615F08AFA064615F09FFA082283
:10D6300005463946E01D2AF055FAA0B9B4F8113074
:10D64000B34210D12946E07B28F01AFDE37B9842D3
:10D6500009D1054B227C83F85E0083F858200A200C
:10D66000BDE8F8400AE6F8BDB80701202DE9F3410E
:10D670000446D0F803000F46FFF75FFE002865D090
:10D6800015F072FC002861D0594BD4F803001D78C6
:10D690003946FFF74BFE00285BD085F00105E37BA0
:10D6A00013F0110F52D094F8216015F081FA8046E2
:10D6B00015F08AFA48EA0001304615F0B1FA638C99
:10D6C0004C49002803F1FF3308BF01259BB24FF6F8
:10D6D000FD72934288BF0125A38C013B9BB2E61DDE
:10D6E000073A934288BF0125304608222AF0FAF90A
:10D6F000082200284049304608BF01252AF0F2F9E7
:10D70000002808BF012515F01FFA082201463046FF
:10D710002AF0E8F9F8B9394B94F8212083F8582019
:10D7200094F8202083F85E206378009039468DF8C5
:10D7300001306846D4F80330CDF803308DF8075037
:10D7400010F04CFC15B90A20FFF798FD02B0BDE8B7
:10D75000F0810125A3E7238EA18DE28D608D1EF05F
:10D76000E3FF00230028009363788DF8013018BF91
:10D770000125D4F80330CDF80330394668468DF8DA
:10D78000075010F02BFC002DE0D11C4D3068716863
:10D7900005F1500303C394F8213085F85830D4F8CC
:10D7A0002230C5F85A3094F8203085F85E30224691
:10D7B000D4F826302B6652F8103FC5F87130536804
:10D7C000C5F875309368C5F8793005F17101D368F3
:10D7D000CB60E37B85F86430D4F8034039462046BB
:10D7E000FFF784FDC3680820C5E91A43ACE700BF12
:10D7F0006E2E01202066040118660401B80701207E
:10D800002DE9F3410446D0F803000F46FFF795FDDC
:10D81000002865D015F0A8FB002861D1594BD4F839
:10D8200003001D783946FFF781FD00285BD085F0A5
:10D830000105E37B13F0110F52D094F8216015F02D
:10D84000B7F9804615F0C0F948EA0001304615F0F6
:10D85000E7F9638C4C49002803F1FF3308BF012529
:10D860009BB24FF6FD72934288BF0125A38C013B0A
:10D870009BB2E61D073A934288BF01253046082235
:10D880002AF030F9082200284049304608BF012517
:10D890002AF028F9002808BF012515F055F90822BB
:10D8A000014630462AF01EF9F8B9394B94F8212088
:10D8B00083F8582094F8202083F85E206378009045
:10D8C00039468DF801306846D4F80330CDF803307E
:10D8D0008DF8075010F064FB15B90A20FFF7CEFC55
:10D8E00002B0BDE8F0810125A3E7238EA18DE28D72
:10D8F000608D1EF019FF00230028009363788DF8D7
:10D90000013018BF0125D4F80330CDF80330394673
:10D9100068468DF8075010F043FB002DE0D11C4DF8
:10D920003068716805F1500303C394F8213085F81D
:10D930005830D4F82230C5F85A3094F8203085F8A1
:10D940005E302246D4F826302B6652F8103FC5F8D8
:10D9500071305368C5F875309368C5F8793005F1B2
:10D960007101D368CB60E37B85F86430D4F8034061
:10D9700039462046FFF7BAFCC3680820C5E91A43B8
:10D98000ACE700BF6E2E012020660401186604017A
:10D99000B80701202DE9F043044687B0D0F8030012
:10D9A0000F46FFF7CAFC002866D015F0DDFA002804
:10D9B00062D1654BD4F803001E783946FFF7B6FCF8
:10D9C00000285CD086F00106E37B13F0110F53D0E2
:10D9D00094F82050DFF87C81002D5DD115F0E8F837
:10D9E00015F0FEF8054600284BD028F05DFB814677
:10D9F00015F0DEF8B9FBF5F305FB13930146D8B239
:10DA000015F0F7F888F85800B4F82130A8F85A3023
:10DA10004FF6FF729A4208BF0126B4F82320A8F8F7
:10DA20005C20531E9BB24FF6F67104F107098B423E
:10DA300088BF012608224549454D48462AF052F83C
:10DA4000D4F80B100028D4F8070008BF012603C53E
:10DA5000A6B30021142201A82AF010F963788DF8EA
:10DA60000530D4F80330CDF807303946012301A83A
:10DA70008DF80B3010F076FA07B0BDE8F083012680
:10DA8000A2E715F0A1F815F0ABF8054628F00CFB5D
:10DA9000814615F099F8ADE715F08AF8814615F042
:10DAA00093F849EA0001284615F0BAF820B194F835
:10DAB000203088F85830A7E70126A5E7B4F82F30C2
:10DAC000B4F82D20B4F82B10B4F829001EF02CFE69
:10DAD0000028BED138687968103D03C5637888F89E
:10DAE0007030D4F82530C8F86030E37B88F86430B3
:10DAF00088F85E60D4F80300C8F868003946FFF77C
:10DB0000F5FB2246C368C8F86C3052F8103FC8F8DD
:10DB100071305368C5F825309368C5F82930D3684B
:10DB2000C5F82D3094F8393094F83A2054F8310F74
:10DB30006168783543EA022303C50720A8F8C0309E
:10DB4000FFF79CFB98E700BF6E2E012018660401CA
:10DB500008080120B8070120F8B50F46054616460B
:10DB600014F0E0FFB8421EDC0F4C04F1B40025F0C5
:10DB7000F1FAC0B994F83C30ABB92868696804F18F
:10DB8000880303C32A7A03F8082BD5F80320C4F8C6
:10DB9000942084F891703068716803C30320BDE855
:10DBA000F840FFF76BBBF8BDB80701202DE9F04343
:10DBB0009BB011282DD8DFE810F0120031003B0097
:10DBC00046007C00E30067000A0122015A0163015C
:10DBD00089019601A701B501D801DD01DB01AF4B39
:10DBE000012283F83C2014F0CFFFA8B114F0E0FF2D
:10DBF0000146002014F0FDFF044630B914F0E4FFA4
:10DC00000146204614F0F5FF0446A54920460EF0D3
:10DC100055F91BB0BDE8F083A149F8E79F4BA14936
:10DC200093F8D000012283F83C201AF07AF8F0E74C
:10DC30009A4CD4F8D430002BEBD000209847002326
:10DC4000C4F8D430E5E7954CB4F88F20A368D4F835
:10DC5000941052BAF3B1E369DBB1236B3BB30023F9
:10DC6000A160E360228290494FF4FA5025F06FFAE8
:10DC70001AF04AF8012384F8D00084F83C3014F0FC
:10DC80007DFF8A491AF04DF88949642025F05FFA32
:10DC9000BFE70123142000FB03431A82854A9960E1
:10DCA0000021D96092E8030083E80300DBE7022348
:10DCB000F0E77A4E346C1FF042FFE3799842054654
:10DCC00025D9C31ADBB2052B28BF05231F465A22CC
:10DCD000002103A829F0D2FF63788DF80D30D4F825
:10DCE0000330CDF80F308DF81350E3798DF81430F0
:10DCF0008DF815700DF10C084FF000095FFA89F5E9
:10DD0000AF4206D86C4903A810F0E6F881E7002777
:10DD1000DDE714F031FF0368C8F80A304368C8F83B
:10DD20000E30E0792844C0B21FF025FF88F81200B9
:10DD30001FF03EFF96F990208368002A09F101093F
:10DD40001AAA02EB0912A2F15C02B4BFB3F80110E7
:10DD50004CF25E01A2F80310B3F80310A2F805100C
:10DD60005A79C2F3030288F8172018781FF0BEFE14
:10DD7000002388F8180088F8193008F11008BDE76A
:10DD8000464C236CB3F80750D4F8F43075B913B18E
:10DD90009B6803B19847D4F8F030002B3FF439AFBB
:10DDA0009B68002B3FF435AF984732E71BB15B68A7
:10DDB0000BB128469847D4F8F030002B3FF429AF38
:10DDC0005B68002B3FF425AF2846984721E7334C8A
:10DDD00094F8B13023B14FF4CC71384829F0F4FBFA
:10DDE000012384F8B130364B0193364B0093D4E9CC
:10DDF0001A12303B94F8640022F0DAFE09E7274C4F
:10DE0000B4F8C000F0B1012204F1C801E8F7DCFD6C
:10DE1000A8B194F88F3003F00302911E427082780B
:10DE200018BF0121C3F3800361F3410263F3C3020E
:10DE30008270827E63F3000202F0F9028276002390
:10DE4000A4F8C0300225012304EB8303D3F8F0309B
:10DE500033B11B6923B1B4F86210B4F8600098477D
:10DE6000012D4FF000033FF4D4AE0125ECE70B4B3E
:10DE7000154A93F85E1093F858000EF029F9C8E699
:10DE8000064CD4F8F42012B1536903B19847D4F882
:10DE9000F030002B3FF4BDAE5B6982E7B80701208C
:10DEA000F5D301016DD20101900801202DD40101AB
:10DEB0009C0801205008012000080120F57D040184
:10DEC000C9D50101590801201DD401013C49002395
:10DED00081F8F830FFF7C2F901233A4881F83C3065
:10DEE0000EF05EF895E6364C002384F8F830FFF724
:10DEF000B5F90123334884F83C300EF051F804F1B1
:10DF0000E40025F026F984E62D4CD4F8F42012B173
:10DF1000D36803B19847D4F8F030002B3FF479AEC2
:10DF2000DB683EE7264C04F1500103C994F87020E9
:10DF30008DF80D20A26ECDF80F20002305AA8DF8D4
:10DF4000133082E803008DF81C3094F858308DF8B7
:10DF50001D3004F14801B4F85A30ADF81E3003A862
:10DF600010F000F804F1E4018FE617480EF02EF9E6
:10DF70001648C6E70DF0ACFE28F096F8104C642366
:10DF8000B0FBF3F202FB130004F1B40180B225F000
:10DF9000DEF8012384F83C30D4F8F43023B11B6858
:10DFA00013B104F188009847D4F8F030002B3FF407
:10DFB00030AE1B68002B3FF42CAE0548984728E68E
:10DFC000B8070120F5D30101BDD301019C08012050
:10DFD0004008012038B5052826D8DFE800F00312F4
:10DFE0000A3B424C294B93F8F800B0FA80F0400904
:10DFF00010E0264B03F14801586CBDE83840FFF7AC
:10E0000095B9224C04F19801D4F89400FFF78EF9E9
:10E0100008B1002038BD94F9915014F083FD854279
:10E02000F7DB14F0A1FF08B90120F3E714F0ACFD11
:10E030000028F9D014F05EFD0028F5D094F88F3058
:10E0400003F00303022BEFD194F89000C04300F0DB
:10E050000100DFE70D4B1B6CD879003018BF0120A1
:10E06000D8E70A4B03F14801586CFFF75FF980F0DD
:10E070000100C0B2CEE70548B0F85A30002BD3D02B
:10E0800008220349503029F02DFDAEE7B8070120E2
:10E0900020660401F8B50F4D95F88420064622B994
:10E0A00040F261610C4829F08FFA0B4F012400BF48
:10E0B00005EB8403D3F8F02012B9C3F8F060F8BD83
:10E0C00024B940F26261384629F07EFA013CE4B29C
:10E0D000EEE700BFB8070120F57D040170B50F4CD5
:10E0E000D4F8D43006460D4623B14FF4CD610C4828
:10E0F00029F06AFA94F83D3013F0FD0F04D02B4656
:10E100000120BDE870401847C4F8D45084F8F86086
:10E110000120BDE87040FFF7B1B800BFB80701208B
:10E12000F57D0401014B83F8A0007047B80701207A
:10E13000014B1870704700BF6E2E012070B511485A
:10E14000114C124D21F098F9012384F8840084F8D1
:10E15000EC00002684F8E00084F8E13084F8BC008C
:10E16000052305F1180084F8ED6084F8BD300FF048
:10E170004DFE324604F13D012846BDE8704022F0D4
:10E180005BBF00BF91D20101B80701205C440401CC
:10E190000B4B93F8780130B193F8F4225AB193F80D
:10E1A000702452B902204FF4BE7202FB00300123EA
:10E1B00080F8783170470120F5E70020704700BFF4
:10E1C00040F2002038B5104C0023054684F87D3419
:10E1D00014F0B4FCEB7BA4F87E0484F87C3414F0D7
:10E1E000D3FC50B1032384F87C3455F8103FC4F8B5
:10E1F00074346B68C4F8783438BD022384F87C34F6
:10E200002B8AA4F87434F7E740F20020272837B5AA
:10E210000A4614D1364C0846FFF7D4FFD4F88424BC
:10E2200012B1136803B19847D4F88034002B5CD046
:10E230001B68002B59D003B0BDE830401847282890
:10E240000FD10846FFF7BEFF2A4D092455F80439BF
:10E2500013B11B6803B19847002C46D0013CE4B2CF
:10E26000F4E729282AD1224B097883F8B014114603
:10E270006C4631F8010FA3F8B104D1F80200D1F8CF
:10E280000610CDE9000103CCC3F8B714D27A83F8A5
:10E29000BB24D3F88424C3F8B3041C4622B15368CA
:10E2A00013B104F596609847D4F88034EBB15B68FD
:10E2B000DBB1114803B0BDE8304018472A2814D11B
:10E2C0000B4DD5F884240C1C18BF01241AB1936897
:10E2D0000BB120469847D5F8803433B19B6823B101
:10E2E000204603B0BDE83040184703B030BD00BF42
:10E2F00040F20020ECF60020F0F6002010B5A0F56A
:10E300008A7494F8783123B940F2AE41044829F078
:10E310005BF90023C4F8103184F8783110BD00BFD8
:10E32000CE7E04012DE9F341089F0446387A0E465B
:10E330001D46904606F0E6FF394684F8580004F181
:10E340005A0006F0E3FF337A032B04D040F27B211E
:10E35000174829F039F904F1AF0730687168C4F83B
:10E36000AF006B46796003C3737A84F8B730A4F8C2
:10E37000B880287A06F0C6FF032884F8BA000BD1CB
:10E38000286869683961F8606B4603C36B7A84F862
:10E39000C33002B0BDE8F081012804D040F28921E9
:10E3A000034829F011F92B88A4F8BB30F1E700BF2E
:10E3B000CE7E040110B50C4C0C4840F27442002192
:10E3C00029F05CFC2146272022F06CFD2146282004
:10E3D00022F068FD2146292022F064FD21462A20F2
:10E3E000BDE8104022F05EBDB42D012040F20020B7
:10E3F000F8B50A4E0A4F0546092400BF06EB840310
:10E40000D3F8882412B9C3F88854F8BD1CB9B921CF
:10E41000384629F0D9F8013CE4B2EFE740F2002099
:10E42000CE7E0401F8B50A4E0A4F0546012400BF0E
:10E4300006EB8403D3F8802412B9C3F88054F8BDE6
:10E440001CB9C121384629F0BFF8013CE4B2EFE71E
:10E4500040F20020CE7E040100487047B4F6002050
:10E46000862805D880280AD2B0FA80F04009704783
:10E470007830C0B205288CBF0020012070470120F1
:10E48000704770B5C37A86B004461846FFF7E8FFB8
:10E4900008B3A4F58A728DF80D30527AA38A8DF8EC
:10E4A0000C20ADF81630E26823690D4ECDE900234B
:10E4B0006B4603CB0925CDF80E00CDF8121000BF36
:10E4C00056F804391BB15B680BB103A8984715B126
:10E4D000013DEDB2F4E72046FFF710FF06B070BD36
:10E4E000ECF6002070B5C37A86B004461846FFF7F4
:10E4F000B7FF00B3A4F58A728DF80D30527AA38A63
:10E500008DF80C20ADF81630E26823690C4ECDE989
:10E5100000236B4603CB0925CDF80E00CDF8121071
:10E5200056F804391BB19B680BB103A8984715B185
:10E53000013DEDB2F4E72046FFF7E0FE06B070BD06
:10E54000ECF6002070B5C37A86B004461846FFF793
:10E5500087FF50B3A4F58A728DF80530527A8DF892
:10E560000420A289ADF806208BB9029BD4F80E20B6
:10E57000A17E8DF8141003F0E00322F0E0021343B3
:10E580000293D4F812300393D4F816300493094E52
:10E59000092500BF56F804391BB1DB680BB101A88F
:10E5A000984715B1013DEDB2F4E72046FFF7A6FE0E
:10E5B00006B070BDECF60020F8B50646C07AFFF74D
:10E5C0004FFF00286BD0384D0E22002105F2BC40D1
:10E5D00029F054FB05F2DC410023A5F8DC348B70F4
:10E5E000A6F58A73327B5B7A707B85F8BC34F37A4C
:10E5F00085F8BD3442EA0022A5F8BE24A1F1200C22
:10E6000063BBD6F80E40728AC5F8C044747D307D75
:10E61000A5F8C42495F8C6240A2C60F3030228BF89
:10E620000A2485F8C62485F8C7446246D8B28442D5
:10E6300002F1020221D896F838200A2A28BF0A22BD
:10E6400085F8DC240023D8B282421CD8063401238A
:10E6500003EB42020CEB440028F066FE134D092444
:10E6600005F1100755F804391BB11B690BB1384689
:10E670009847A4B1013CE4B2F4E706EB4300013350
:10E68000C08A5081D2E703F1140706EB470705EB78
:10E690004300B7F81170A0F8DD740133D3E73046BA
:10E6A000BDE8F8402AE600BF40F20020ECF600206A
:10E6B000F8B5C27A04461046FFF7D2FE78B31A4B7B
:10E6C000607B83F8BD24002183F8C014A4F58A710F
:10E6D000497A83F8BC14217B41EA002103F2C5404A
:10E6E000A3F8BE14C3F8C1044AB9A27B0A2A28BF02
:10E6F0000A2283F8C02404F10F0129F001FA0B4E1D
:10E70000092506F1100700BF56F804391BB15B69F3
:10E710000BB13846984715B1013DEDB2F4E72046FC
:10E72000BDE8F840EAE500BF40F20020ECF600202A
:10E7300070B5204BC27A03F2BC4401460D2A4FF05B
:10E740000000C3F8BC046060207203D01046FFF7DD
:10E7500087FE18B90846BDE87040CFE5A1F58A707C
:10E760004C7B407A83F8BC04087B83F8BD2440EAE4
:10E770000420A3F8BE0403F2C540C3F8C10442B9A3
:10E780008A7B0A2A28BF0A220F3183F8C02429F085
:10E79000B7F9094D092405F1100600BF55F80439F1
:10E7A0001BB19B690BB13046984714B1013CE4B2F0
:10E7B000F4E770BD40F20020ECF6002073B505468A
:10E7C000C07AFFF74DFE80B16B890A4EADF8043078
:10E7D000092400BF56F804391BB1DB690BB101A84D
:10E7E000984714B1013CE4B2F4E72846FFF786FDF0
:10E7F00002B070BDECF6002073B50546C07AFFF795
:10E800002FFE80B16B890A4EADF80430092400BF99
:10E8100056F804391BB11B6A0BB101A8984714B113
:10E82000013CE4B2F4E72846FFF768FD02B070BD92
:10E83000ECF60020F7B50446C07AFFF711FE002879
:10E8400062D0344A002302F2BC41C2F8BC34C1E9B0
:10E850000133E07A6389A2F8BC3478B12E4E0925E1
:10E8600006F1100756F804391BB19B6A0BB1384604
:10E870009847002D48D0013DEDB2F3E7A17BA38975
:10E88000A2F8BE34042902F5996328BF04211A278F
:10E8900082F8C014C2F8C43404F10F0601FB073734
:10E8A00002464FF0030C4FF0010EBB42D6D0B6F833
:10E8B00009109981317A59725A813068716883F8E8
:10E8C00008C0CDE900016D4603CD1A831860596078
:10E8D000F17A03290FD19975F0683169CDE900010A
:10E8E0006D4603CDC3F80E00C3F81210317DD97503
:10E8F00015361A33D9E783F816E0317B707B41EA8D
:10E900000021D9810E36F4E7204603B0BDE8F0407F
:10E91000F4E400BF40F20020ECF60020F8B5044615
:10E92000C07AFFF79DFD80B31A4D1B22002105F22E
:10E93000BC4029F0A3F9A4F58A735B7A85F8BC344E
:10E94000E37A85F8BD3483B9A389A5F8BE34A37BE7
:10E95000003318BF0123162285F8C0345A4304F14E
:10E960000F0105F2C14029F0CBF80B4E092506F145
:10E97000100700BF56F804391BB15B6A0BB138466B
:10E98000984715B1013DEDB2F4E72046BDE8F840E7
:10E99000B4E400BF40F20020ECF6002073B5054659
:10E9A000C07AFFF75DFD80B16B890A4EADF8043087
:10E9B000092400BF56F804391BB1DB6A0BB101A86A
:10E9C000984714B1013CE4B2F4E72846FFF796FCFF
:10E9D00002B070BDECF60020F8B5C37A04461846C4
:10E9E000FFF73EFD68B319480022C0F8BE24C0F806
:10E9F000C224A4F58A72527A80F8BC2480F8BD340F
:10EA000083B9A27BA389A0F8BE34052A28BF0522BA
:10EA100080F8C02404F10F0102EB820200F2C14031
:10EA200029F06EF80A4E092506F1100756F8043948
:10EA30001BB11B6B0BB13846984715B1013DEDB2C8
:10EA4000F4E72046BDE8F84058E400BF40F200205B
:10EA5000ECF6002073B50546C07AFFF701FD80B1E2
:10EA60006B890A4EADF80430092400BF56F804390A
:10EA70001BB15B6B0BB101A8984714B1013CE4B228
:10EA8000F4E72846FFF73AFC02B070BDECF6002030
:10EA900013B504460DF107011A201EF0A7FD9DF8DD
:10EAA0000730022B02D1204617F07EFA9DF807307E
:10EAB000012B02D1204606F029FB02B010BD73B530
:10EAC00005460E46FFF764FB0446F0B1087A06F0EF
:10EAD00019FC314684F8580004F15A0006F016FC7F
:10EAE0000023A4F856301A46094BC4F810312868A0
:10EAF0006968C4F8B3106B4603C3C4F8AF00A4F848
:10EB0000B7202046FFF7C4FF607A02B070BD00BF97
:10EB100083E4010170B506460D46FFF739FB044654
:10EB2000C8B1087A06F0EEFB294684F8580004F1D3
:10EB30005A0006F0EBFB0123A4F85630064BC4F84C
:10EB400010314FF000032046A4F8AF60A4F8B130B4
:10EB5000FFF79EFF607A70BDE5E4010170B50646DF
:10EB60000D46FFF715FB0446A8B1087A06F0CAFB6C
:10EB7000294684F8580004F15A0006F0C7FB022326
:10EB8000A4F85630044BC4F810312046A4F8AF6006
:10EB9000FFF77EFF607A70BD45E50101F8B50746D5
:10EBA0000E461546FFF7F4FA0446B8B1287A06F087
:10EBB000A9FB294684F8580004F15A0006F0A6FB88
:10EBC0000423A4F85630064BC4F810312046A4F8AC
:10EBD000AF7084F8B160FFF75BFF607AF8BD00BFEB
:10EBE000B9E5010170B506460D46FFF7D1FA0446B6
:10EBF000A8B1087A06F086FB294684F8580004F18B
:10EC00005A0006F083FB0523A4F85630044BC4F8E1
:10EC100010312046A4F8AF60FFF73AFF607A70BD6C
:10EC2000B1E601012DE9F04180460F4616461D462A
:10EC3000FFF7AEFA0446F8B1287A06F063FB2946DE
:10EC400084F8580004F15A0006F060FB0623A4F88B
:10EC500056300A4BC4F81031012384F8B330002336
:10EC60002046A4F8AF80A4F8B170A4F8B46084F88A
:10EC7000D630FFF70DFF607ABDE8F08131E7010182
:10EC8000F7B5054616461F46FFF782FA044678B1E7
:10EC90000A46334629460097FFF744FB2123A4F890
:10ECA0005630044BC4F810312046FFF7F1FE607A6D
:10ECB00003B0F0BDBDE70101F7B5054616461F4696
:10ECC000FFF766FA044678B10A46334629460097AC
:10ECD000FFF728FB2223A4F85630044BC4F8103168
:10ECE0002046FFF7D5FE607A03B0F0BDF9E70101D9
:10ECF00070B506460D46FFF74BFA0446A8B1087AF0
:10ED000006F000FB294684F8580004F15A0006F08A
:10ED1000FDFA3323A4F85630044BC4F810312046D2
:10ED200084F8AF60FFF7B4FE607A70BD35E801018A
:10ED300070B506460D46FFF72BFA0446A8B1087ACF
:10ED400006F0E0FA294684F8580004F15A0006F06B
:10ED5000DDFA3123A4F85630044BC4F810312046B4
:10ED600084F8AF60FFF794FE607A70BD1DE9010181
:10ED7000F8B507460E461546FFF70AFA0446B8B13D
:10ED80000C4BC0F810313623A0F85630287A06F024
:10ED9000B9FA294684F8580004F15A0006F0B6FA88
:10EDA000204684F8AF7084F8B060FFF771FE607A97
:10EDB000F8BD00BF9DE901012DE9F843099E814698
:10EDC0000D4617469846FFF7E3F9044618B3307A24
:10EDD00006F098FA314684F8580004F15A0006F01B
:10EDE00095FA382384F8B3500235A4F85630EDB2C2
:10EDF0000A4BC4F81031012DBDF82030C4F8AF9093
:10EE00002046A4F8B53094BF84F8B48084F8B47078
:10EE1000FFF73EFE607ABDE8F88300BFFDE2010126
:10EE200070B506460D46FFF7B3F90446A8B1087A57
:10EE300006F068FA294684F8580004F15A0006F0F2
:10EE400065FA3223A4F85630044BC4F8103120463A
:10EE500084F8AF60FFF71CFE607A70BDD9E901014C
:10EE60002DE9F3410546884617461E46FFF790F9FF
:10EE7000044640B3307A06F045FA314684F858002B
:10EE800004F15A0006F042FA3423A4F856300F4B2E
:10EE9000C4F810312B68C4F8AF306B68C4F8B330D5
:10EEA00094F8B73068F3861367F3C71384F8B73064
:10EEB00001A9072340208DF804301EF0C3FB204633
:10EEC000FFF7E6FD607A02B0BDE8F08155EA010186
:10EED0002DE9F843089F8146884616461D46FFF7F0
:10EEE00057F9044648B3387A06F00CFA394684F8E4
:10EEF000580004F15A0006F009FA48F23803A4F861
:10EF00005630164BC4F8103100216B6884F8AF10EE
:10EF1000C4F8B030A4F8B490A4F8B68084F8B8105F
:10EF20004FF0010C0CFA01F21A4208D101312029EC
:10EF3000F8D12046FFF7ACFD6672BDE8F88394F87F
:10EF4000B820A868875CA0180132D2B2202A80F8C5
:10EF5000B97084F8B820E9D1EBE700BFFDE2010108
:10EF600010B5FFF715F9044608B3022380F85830AE
:10EF70004FF6FD73A0F85A301323A0F856300C4B0F
:10EF8000C0F81031E4F7E6FFA4F8AF0012F0C8FCB7
:10EF9000D0E90023C4F8B120C4F8B530F4F7B2F9D1
:10EFA000837884F8B9302046FFF772FD607A10BD8F
:10EFB000FDE2010108B5044B186818B1804780F0E4
:10EFC0000100C0B208BD00BF70F7002009B91046AB
:10EFD000704780B1037883EA122383EA131343EA6C
:10EFE000022282EA033282EA431292B200B1013075
:10EFF000013989B2EAE7FF23EDE72DE9F04F85B04B
:10F0000081460E9E8A46904606B11E4443449CB2F9
:10F0100047465546A74203D1012005B0BDE8F08F11
:10F0200095B36A461023294648461BF0D7F9BDF828
:10F030000420944208D9BDF8063013449BB29F4285
:10F0400002D29C4203D91F46BDF80A50E8E7974216
:10F05000A4EB020128BFE31B89B234BF0B469BB26D
:10F06000A4EB030432BFBDF80AB04746D346A4B2AE
:10F0700046B110352944F61AC91A324689B24846B3
:10F080001BF0ACF95D46C5E72846C6E72DE9F74F0A
:10F09000D4889688DFF8588082468B4644F307254B
:10F0A0004FF6FF77002D03DA384603B0BDE8F08F46
:10F0B0001AD0A4F580741FFA84F94FF48074CDF847
:10F0C00000802346324659465046FFF796FF38B136
:10F0D0003A4621464046FFF779FF2644B6B2074636
:10F0E000013D6DB24C46DDE7002CDDD0A146E6E7E0
:10F0F00074F7002010B5094C94F804011BF00CFAC9
:10F100004FF40052002194F804011BF02FFA18B1BB
:10F110004FF48073A4F8063110BD00BF70F70020D3
:10F120002DE9F041094C05460E46174613460A469E
:10F13000014694F804011BF087F93B463246294604
:10F1400094F80401BDE8F0411BF05EBA70F70020AE
:10F1500003292CD8DFE801F002091B23184BB3F870
:10F1600006211044A3F806017047154AB2F806318B
:10F17000184480B2C11C4FF6FC730B40984203D96F
:10F180000430A2F806017047A2F8063170470C4A15
:10F19000B2F806310F33184420F00F00F1E7084AA7
:10F1A000B2F806313F33184420F03F00E9E74FF052
:10F1B000200383F31188BFF36F8FBFF34F8FFEE7F8
:10F1C00070F700204FF0200383F31188BFF36F8F97
:10F1D000BFF34F8FFEE770B50C4A92F80841002349
:10F1E000D9B28C4201D800200BE05D1C9B00D118E5
:10F1F000B1F80961864207D1B1F80B2112B1044878
:10F20000184470BDFFF7DEFF2B46E9E770F70020DA
:10F2100079F8002008B5FFF7DEFF00B1408808BD8F
:10F2200010B50446FFF7D7FF40B14FF0200383F33A
:10F230001188BFF36F8FBFF34F8FFEE7094B93F831
:10F240000801020601D5FFF7BDFF421C83F8082123
:10F2500003EB800203F20913A2F8094103EB8000DB
:10F2600010BD00BF70F7002008B5FFF7B4FF08B964
:10F27000FFF7A8FF064A92F80831013BDBB282F89B
:10F28000083102EB8303D3F80931036008BD00BFE6
:10F2900070F700202DE9F041244CB4F80A33B4F89B
:10F2A0000C6303449BB204F20E37FF2B0546A4F80F
:10F2B0000A3307EB060004F104080AD82A4641463F
:10F2C000354428F01DFC0126A4F80C533046BDE857
:10F2D000F081C6F58072414628F012FC4FF480722E
:10F2E0003946B4F80601FFF71BFF06460028EDD0AB
:10F2F00000214FF48070FFF72BFFB4F80A53B4F8E5
:10F300000C13A5F580750023ADB2A4F80C33A4F856
:10F310000A53002DDAD0C1F580712A4618FA81F11E
:10F32000384628F0EDFBA4F80C53CFE770F7002027
:10F330007FB545F24143ADF806300D4BCDE90230C3
:10F340000C4BC043B3F80E3404904FF6FF721021FB
:10F350000DF10600ADF81430FFF738FE1222ADF8BB
:10F36000040001A90020FFF7DBFE07B05DF804FBF5
:10F37000534E763270F700202DE9F04F724C94F81E
:10F38000047100258FB0122309AA29463846A4F833
:10F390001054A4F81254A4F80C53A4F80A531BF008
:10F3A0001DF80B9B039394F804310133DBB2012B5E
:10F3B00094BF84F8043184F8045194F80431BB42BA
:10F3C00008D14FF0200383F31188BFF36F8FBFF391
:10F3D0004F8FFEE7FFF78EFE0028E4D04FF0000AC3
:10F3E000DFF8708180E004EB8A091023B9F80BB1D3
:10F3F00005AA594638461AF0F1FF0026BDF81C5000
:10F40000ADF81A5005AA59463846ADF81860ADF85F
:10F410001E60ADF82060FFF739FE4FF6FF72ADF8C1
:10F4200014000E2105A8FFF7D1FDF022ADF822004F
:10F43000FF21464828F022FC05AB03CB1035C8F865
:10F440000000C8F80410B4F80C2303CBB4F806315C
:10F45000C8F80800ADB21344B5F5807FC8F80C10A9
:10F46000A9F80B3119D8394B00933246BDF81C303E
:10F4700059463846FFF7C1FD50B1B4F80631B4F82B
:10F480000C231344A9F80B312846FFF703FF38BBC0
:10F49000002420460FB0BDE8F08F1023B5F5807F23
:10F4A0002A4628BF4FF48072A2EB03091FFA89F99C
:10F4B00043440292009332464B4659463846FFF782
:10F4C0009CFD0028E4D00298FFF7E4FE0028DFD07E
:10F4D000029BED1A4E44ADB2B6B20023002DDDD131
:10F4E0000AF101035FFA83FA94F8083153453FF6B5
:10F4F0007AAFB4F80A23FAB9B4F80A030021FFF787
:10F5000027FEB4F80631A4F80E34039B581EFFF70B
:10F510000FFF04460028BBD002210020FFF718FE91
:10F520001222FF2109A828F0A9FB122309AA002111
:10F5300038461AF089FFACE70549B4F80601FFF731
:10F54000EFFD0028D8D1A3E770F7002084F7002052
:10F550007EFA002074F7002008B50A4BB3F8063194
:10F56000C3F500539BB283420BD2FFF705FF40B9AE
:10F570004FF0200383F31188BFF36F8FBFF34F8FDA
:10F58000FEE708BD70F700202DE9F84F344E044621
:10F59000351D89464FF48072FF21284628F06EFB06
:10F5A000E1884FF6FF724846FFF710FD4FF6FF72F5
:10F5B00020800E212046FFF709FD2346E08103CB82
:10F5C0007060696003CBA860E960E28802F110070F
:10F5D000BFB2B9F1000F07D0B7F5807F17D8494601
:10F5E00006F1140028F08CFAE2881E49B6F80601EC
:10F5F000F02A28BFF022103292B2FFF791FD804628
:10F60000E0881030022180B2FFF7A2FD25E04FF024
:10F61000000B1020B7F5807F3C4628BF4FF4807464
:10F62000A4EB000A524609EB0B01284428F068FAC3
:10F6300022460C49B6F80601FFF772FD804660B11C
:10F64000204602213F1BFFF783FDBFB20BEB0A03ED
:10F650001FFA83FB0020002FDCD14046BDE8F88F65
:10F6600070F7002074F700202DE9F041674C002569
:10F670008EB084F808514FF0FF38FF27122304AAF8
:10F68000002128461AF0AAFEDDE906637340013323
:10F6900026D19DF81230412B22D19DF81330542BE6
:10F6A0001ED19DF81430532B1AD19DF815304E2BD6
:10F6B00016D19DF81630762B12D19DF81730322BCB
:10F6C0000ED14FF6FF7210210DF11200FFF77EFCF4
:10F6D000BDF81030834203D146453CBFB0462F46AB
:10F6E000E5B1FF2F2CD1002384F804314FF6FF76CB
:10F6F0006FF00105FFF7FEFC90B994F80431013377
:10F70000DBB2012B84F80431F4D94FF0200383F3EA
:10F710001188BFF36F8FBFF34F8FFEE70125ADE771
:10F720002846A4F80E64FFF703FE0028E5D0002366
:10F7300084F80831012384F814340EB0BDE8F08158
:10F740004FF48073A4F806313846122309AA002129
:10F7500084F804711AF042FE4FF6FF77B4F80631D0
:10F76000B3F5005FE6D2BDF83420BA4201D09A4228
:10F7700017D802210020FFF7EBFC022510236A4670
:10F78000B4F8061194F804011AF028FE6A46102312
:10F7900012F8011BFF291ED1013B9BB2002BF7D1B0
:10F7A000C8E70025EAE729461020FFF7D1FCD5E796
:10F7B000BDF802603046FFF70EFD10B93046FFF786
:10F7C0002FFDB4F806314380BDF80830BBB9304690
:10F7D000FFF74AFD13E03A460E216846FFF7F6FBB5
:10F7E000BDF80E608642DED16A46B4F8061194F880
:10F7F0000401FFF74BFCBDF800308342D8D0BDF8C0
:10F8000006001030294680B2CFE700BF70F7002015
:10F81000034B93F814340BB9FFF726BF704700BFB2
:10F8200070F700202DE9FF478A46164698460546A0
:10F8300030B12BB1FFF7BEFB044650B1052045E0C7
:10F840004FF0200383F31188BFF36F8FBFF34F8F07
:10F85000FEE706F1100080B2FFF77EFE2846FFF7B4
:10F86000BAFC0746A8B3B0F802901D4D10236A46B3
:10F87000494695F804011AF0B1FDBDF808300AEBCD
:10F8800006029A4227D8B34218BFBDF80C40ADF823
:10F8900004A01CBF0134A4B241466846ADF80C4038
:10F8A000ADF80660ADF80A90B5F80641FFF76CFEBA
:10F8B00098B1BDF80C307C80642B4FF0000005D966
:10F8C000BDF80230A5F81034A5F8120404B0BDE864
:10F8D000F0870320FAE70420F8E70120F6E700BFED
:10F8E00070F7002073B50C4615461E46C0B1BBB17B
:10F8F000FFF790FC80B16319B3F5803F09D2014650
:10F900000C4800962B46224690F80401FFF775FB41
:10F9100020B9042002B070BD0320FBE70020F9E706
:10F920004FF0200383F31188BFF36F8FBFF34F8F26
:10F93000FEE700BF70F700201FB540B94FF020036D
:10F9400083F31188BFF36F8FBFF34F8FFEE7FFF78D
:10F9500061FC48B101460648102390F804016A464C
:10F960001AF03CFDBDF8080005B05DF804FB00BFCF
:10F9700070F700202DE9F04F431E14469BB24FF65E
:10F98000FD7293428BB080460E461DD8B1F5006FD4
:10F990001AD8FFF73FFC00BBFFF70CFB054648BB3E
:10F9A00006F1100080B2FFF7D7FD8D4B93F90821C7
:10F9B000002A80F2F7804FF0200383F31188BFF311
:10F9C0006F8FBFF34F8FFEE74FF0200383F3118853
:10F9D000BFF36F8FBFF34F8FFEE74046FFF7ACFFDB
:10F9E00086420FD07E4DA5F81084A5F81264FFF76B
:10F9F000E1FA08B105200EE0B5F8120470B9B5F8C7
:10FA000010347BB9002C00F0E680234632460021FA
:10FA10004046FFF767FF0BB0BDE8F08F103080B2B3
:10FA2000FFF79AFDB5F81004FFF7D5FB81460028D3
:10FA3000E8D0B0F802B095F80401102306AA5946A0
:10FA40001AF0CCFCB5F81234EBB9BDF82000103038
:10FA500080B2FFF781FDB5F81004FFF7BCFB8146CB
:10FA600040B94FF0200383F31188BFF36F8FBFF3CA
:10FA70004F8FFEE7B0F802B095F80401102306AAF4
:10FA800059461AF0ABFCB5F81224B5F806310493C8
:10FA9000BDF8203022B19342ADF8202028BF134694
:10FAA0000022BDF82010ADF81C20ADF81E10ADF8F6
:10FAB0002220ADF824200DF1180CBCE80300DFF87B
:10FAC00024A1686003F11007CAF80410BCE8030021
:10FAD000BFB2B7F5807FCAF80800CAF80C1030D85A
:10FAE0000AF11001009195F804015946FFF785FAD3
:10FAF000002872D006AB03CBBDF81E206860CAF8A0
:10FB0000041003CB1032CAF80800CAF80C1092B2E5
:10FB10005146B5F80601FFF703FB00283FF472AF2A
:10FB2000BDF81E001030022180B2FFF711FB2C4BF4
:10FB30000022A3F81024A3F81224049BA9F8023091
:10FB400060E715461023CDF814A0B7F5807FBA46BC
:10FB500028BF4FF4807AAAEB030292B20392059A6F
:10FB60001F48134400932A46039B90F8040159460A
:10FB7000FFF743FA88B31B495246B1F80201FFF779
:10FB8000CFFA00283FF43EAF02215046FFF7E0FADB
:10FB9000039BA7EB0A072B44BFB29DB20023002FA3
:10FBA000D3D1C4E7214606A8B3F80671ADF81A8090
:10FBB000ADF81C50ADF81E60ADF82060ADF82250D5
:10FBC000ADF82450FFF7E0FC38B14046FFF728FBC2
:10FBD000478002201FE720461DE701201BE700BFEA
:10FBE00070F7002074F70020F0B5074685B040B9E3
:10FBF0004FF0200383F31188BFF36F8FBFF34F8F54
:10FC0000FEE7FFF707FB00283FD0FFF7D3F90446D4
:10FC100000283CD11020FFF79FFC4FF6FF720E2109
:10FC20006846ADF80020ADF80270CDE90144ADF8AA
:10FC30000C40FFF7CBF96B46ADF80E0003CB154D2A
:10FC40006860A96003CB2E1DE8602961102231464F
:10FC5000B5F80601FFF764FA68B91022B5F8061185
:10FC600095F804011AF082FC18B902211020FFF760
:10FC70006FFA012007E002211020FFF769FA3846E9
:10FC8000FFF7F2FA204605B0F0BD0320FBE70520A0
:10FC9000F9E700BF70F70020F8B50446FFF78AF9CE
:10FCA000054668BB64B11AF037FC01201AF034FC39
:10FCB0004FF400722946134827F0E0FF002020E0AF
:10FCC000114D95F80871E3B29F420CD8FFF754FB31
:10FCD0000028F3D14FF0200383F31188BFF36F8F17
:10FCE000BFF34F8FFEE705EB8403B3F8096130469D
:10FCF00010F0BCFB10B93046FFF7B6FA0134E2E76A
:10FD00000520F8BD79F8002070F70020014B18603D
:10FD1000704700BF70F7002008B5FFF77BFA00308E
:10FD200018BF012008BD08B5FFF726FB40B94FF00A
:10FD3000200383F31188BFF36F8FBFF34F8FFEE76C
:10FD400008BD00BF4E6574776F726B204573746198
:10FD5000626C69736865640D0A000000446973632E
:10FD60006F6E6E65637465642066726F6D20746873
:10FD700065204E6574776F726B0D0A00436F6D6D71
:10FD8000697373696F6E696E672050726F63656423
:10FD90007572652053746172746564202D2031384A
:10FDA00030205365636F6E6473200D0A00000000FD
:10FDB000436F6D6D697373696F6E696E672053650C
:10FDC0007175656E63653A2000000000466F726DC4
:10FDD0006174696F6E2D3E0046696E642026204274
:10FDE000696E642D3E0000000D0A0000436F6D6DCA
:10FDF000697373696F6E696E672050726F636564B3
:10FE000075726520436F6D706C657465200D0A0016
:10FE10004E776B20466F726D6174696F6E3A200089
:10FE2000537563636573730D0A0000004661696C66
:10FE300065640D0A000000005374656572696E67A1
:10FE40003A2000004E6F206E6574776F726B7320DE
:10FE5000666F756E6420746F206A6F696E0D0A009C
:10FE6000546F7563686C696E6B3A20417474656D8C
:10FE700070743A20000000004E6F207363616E20A2
:10FE8000726573706F6E73650D0A000046696E646B
:10FE9000696E6720262042696E64696E673A2000A9
:10FEA0004E6F206964656E7469667920517565725C
:10FEB0007920526573706F6E73650D0A0000000043
:10FEC00042696E64696E67207461626C6520667554
:10FED0006C6C0D0A00000000436F6D6D69737369EF
:10FEE0006F6E696E673A204F6E65206F662074688A
:10FEF000652042444220636F6D6D697373696F6E54
:10FF0000696E672070726F636564757265206E6FCD
:10FF10007420737570706F727465640D0A00000050
:10FF2000537461727465642043656E7472616C69A8
:10FF30007A6564204E6574776F726B0D0A0000005D
:10FF40005374617274656420446973747269627574
:10FF5000746564204E6574776F726B0D0A00000043
:10FF60004E6574776F726B205365617263683A20D7
:10FF7000436F6D706C6574653A204A6F696E656495
:10FF800020746F2061204E6574776F726B200D0AAC
:10FF9000000000004A6F696E656420746F3A20416A
:10FFA0006464726573732030782530347820204D76
:10FFB000414349442030782530387825303878203E
:10FFC000457874656E64656450414E4944203078CC
:10FFD00025303878253038780D0A00004465766978
:10FFE0006365206A6F696E65643A20416464726576
:10FFF00073732030782530347820204D41434944B4
:020000040102F7
:100000002030782530387825303878204578746568
:100010006E64656450414E4944203078253038780C
:10002000253038780D0A00004368696C64204C65FF
:1000300066740D0A000000002D3E4E776B4164642B
:1000400072526573706F6E73652C20737461747572
:1000500073203D2025642C206164647265737320D5
:100060003D20253034780D0A000000002D3E4E77EB
:100070006B41646472526573706F6E73652C20738C
:100080007461747573203D202564200D0A00000002
:100090002D3E4965656541646472526573706F6E8B
:1000A00073652C20737461747573203D2025642C56
:1000B0002061646472657373203D20307825303888
:1000C0007825303878200D0A000000002D3E496563
:1000D000656541646472526573706F6E73652C2040
:1000E000737461747573203D202564200D0A00002F
:1000F0002D3E53696D706C65446573635265737012
:100100006F6E73652C20737461747573203D2025A8
:1001100064200D0A000000002D3E5365637572696E
:100120007479476574436F6E666967526573706F63
:100130006E73652C20737461747573203D20256483
:10014000200D0A002D3E5365635365744366675264
:100150006573702C20737461747573203D20256461
:10016000200D0A002D3E4D6174636844657363522F
:100170006573706F6E73652C207374617475732072
:100180003D2025642C204D6174636865644570438F
:100190006F756E74203D2025640D0A002D3E4D6163
:1001A00074636844657363526573706F6E73652C16
:1001B00020737461747573203D202564200D0A003E
:1001C0002D3E4163746976654570526573706F6E3C
:1001D00073652C20737461747573203D2025642C25
:1001E000204570436F756E74203D2025640D0A0014
:1001F0002D3E4163746976654570526573706F6E0C
:1002000073652C20737461747573203D2025642000
:100210000D0A00002D3E4E6F6465446573635265A0
:1002200073706F6E73652C20737461747573203DE9
:10023000202564200D0A00002D3E4C656176655234
:1002400073702C20737461747573203D20256420B5
:100250000D0A00004D676D7442696E645273702020
:1002600025640D0A000000002D3E4D676D744C7131
:10027000695273702C20737461747573203D20254E
:1002800064200D0A000000002D3E537572766579DA
:10029000426561636F6E5273702C20737461747564
:1002A00073203D202564200D0A0000002D3E426988
:1002B0006E645273702C20737461747573203D20CA
:1002C0002564200D0A0000002D3E556E42696E64C3
:1002D0005273702C20737461747573203D202564F3
:1002E000200D0A002D3E4964656E746966790D0A19
:1002F000000000002D3E54726967676572456666AE
:1003000065637420307825780D0A000061646447C5
:10031000726F7570496E6428293A20307825303420
:10032000780D0A007669657747726F7570496E645B
:1003300028293A203078253034780D0A0000000052
:1003400067657447726F75704D656D62657273682D
:100350006970496E6428290D0A00000072656D6F8E
:10036000766547726F7570496E6428293A20307837
:10037000253034780D0A000072656D6F7665416C2A
:100380006C47726F757073496E6428290D0A0000FE
:1003900061646447726F757049664964656E74691B
:1003A0006679696E67496E6428293A20307825306D
:1003B00034780D0A0000000061646447726F757044
:1003C000526573706F6E7365496E6428290D0A005B
:1003D0007669657747726F7570526573706F6E736B
:1003E0006528293A20737461747573203D20307834
:1003F000253032780D0A000067726F7570496420ED
:100400003D203078253034780D0A00006765744748
:10041000726F75704D656D62657273686970526553
:1004200073706F6E736528290D0A000067726F750F
:1004300070436F756E74203D2025640D0A00000026
:1004400072656D6F766547726F7570526573706F08
:100450006E7365496E6428290D0A00003C2D416CBD
:1004600061726D7320616C61726D436F6465203DD4
:1004700020256420636C75737465724964203D2087
:10048000307825780D0A00003C2D476574416C6179
:10049000726D526573706F6E7365207374617475DD
:1004A00073203D203078257820636C7573746572F5
:1004B0004964203D203078257820616C61726D435D
:1004C0006F6465203D20307825780D0A000000001B
:1004D0003C2D476574416C61726D526573706F6E2F
:1004E0007365206661696C656420737461747573EB
:1004F000203D20307825780D0A00000041646420FA
:100500007363656E6520726573706F6E73653A20F4
:10051000737461747573203D203078253032780D06
:100520000A0000007363656E654964203D203078E1
:10053000253032780D0A00005669657720736365AF
:100540006E6520726573706F6E73653A20737461A7
:10055000747573203D203078253032780D0A000004
:100560007472616E736974696F6E54696D65203D54
:10057000203078253034780D0A00000052656D6F08
:100580007665207363656E6520726573706F6E7338
:10059000653A20737461747573203D20307825307E
:1005A00032780D0A0000000052656D6F766520619B
:1005B0006C6C207363656E657320726573706F6E0B
:1005C00073653A20737461747573203D203078250B
:1005D0003032780D0A00000053746F726520736327
:1005E000656E6520726573706F6E73653A20737403
:1005F00061747573203D203078253032780D0A0003
:10060000476574207363656E65206D656D62657204
:100610007368697020726573706F6E73653A2073CA
:100620007461747573203D203078253032780D0A5E
:10063000000000007363656E65436F756E74203D46
:10064000203078253032780D0A000000456E686150
:100650006E63656420616464207363656E652072F7
:100660006573706F6E73653A20737461747573206F
:100670003D203078253032780D0A0000456E6861E3
:100680006E6365642076696577207363656E6520A7
:10069000726573706F6E73653A20737461747573ED
:1006A000203D203078253032780D0A00436F707974
:1006B000207363656E6520726573706F6E73653A43
:1006C00020737461747573203D2030782530327842
:1006D0000D0A0000202D3E41434547657450616E70
:1006E000656C537461747573436F6D6D616E6449AD
:1006F0006E642052656365697665640D0A000000CA
:100700006163654765745A6F6E65496E666F726D99
:100710006174696F6E436F6D6D616E64496E6428BC
:10072000290D0A006163654765745A6F6E654964F7
:100730004D6170436F6D6D616E64496E6428290D63
:100740000A000000616365427950617373436F6D05
:100750006D616E64496E6428290D0A006163654706
:10076000657442795061737365645A6F6E654C6944
:100770007374436F6D6D616E64496E6428290D0A50
:1007800000000000202D3E41434520456D65726705
:10079000656E637920436F6D6D616E642052656391
:1007A00065697665640D0A00202D3E41434520466B
:1007B00069726520436F6D6D616E6420526563657B
:1007C000697665640D0A0000202D3E4143452050A6
:1007D000616E696320436F6D6D616E642052656365
:1007E00065697665640D0A00203C2D5A6F6E6520A0
:1007F000537461747573204368616E6765204E6F32
:1008000074696669636174696F6E205265636569B6
:100810007665640D0A0000005374616E6461726451
:1008200020616E64206C6F63616C2074696D65205B
:100830007570646174656420627920636C69656EAB
:10084000740D0A003C2D4F6E2F4F66662041747464
:1008500072205265706F72743A2056616C75652013
:100860003D20307825780D0A000000003C2D4C69B1
:100870006768742053656E736F72204174747220C0
:100880005265706F72743A2056616C7565203D2018
:10089000307825780D0A00003C2D4C6576656C207B
:1008A000436F6E74726F6C20417474722052657065
:1008B0006F72743A2056616C7565203D2030782542
:1008C000780D0A003C2D436F6C6F7220436F6E747D
:1008D000726F6C204174747220283078257829203A
:1008E0005265706F72743A2056616C7565203D20B8
:1008F000307825780D0A00003C2D4F6363757061D8
:100900006E63792053656E736F7220417474722028
:100910005265706F72743A2056616C7565203D2087
:10092000307825780D0A00003C2D546865726D6F93
:10093000737461742041747472202830782578298A
:10094000205265706F72743A2056616C7565203D57
:100950002025642E2564430D0A0000003C2D5468B8
:1009600065726D6F737461742041747472202830E5
:1009700078257829205265706F72743A2056616C20
:100980007565203D20307825780D0A003C2D536593
:1009900074706F696E7473206368616E676564203C
:1009A0006F6E20546865726D6F737461743A0D0ACE
:1009B0000000000023636F6F6C20736574706F69B3
:1009C0006E743A2056616C7565203D2025642E2595
:1009D000640D0A00236865617420736574706F6923
:1009E0006E743A2056616C7565203D2025642E2575
:1009F000640D0A003C2D54656D70657261747572EA
:100A000065204D6561737572656D656E7420417406
:100A10007472205265706F72743A2056616C7565FD
:100A2000203D20307825303268780D0A0000000023
:100A30003C2D52656C61746976652048756D6964FA
:100A4000697479204D6561737572656D656E74208A
:100A500041747472205265706F72743A2056616CE2
:100A60007565203D20307825780D0A00FF2A30B5C5
:100A70000BD01C7800F18245144005F580351C70C0
:100A80002D7825EA02052C431C700144C9B2884226
:100A900000D130BD421C00F1824000F5803013F8D7
:100AA000014B0470D0B2F2E7024B1B6803B1184748
:100AB000704700BF681401202E4B93F80B2193F868
:100AC0000B312DE9F041D2B2012A08BF2A498AB080
:100AD000054608BF0A7003F0FF07002B40F0AB8308
:100AE0000378502B00F06D831DD8032B00F04F834B
:100AF00008D8002B42D0022B00F0138338460AB0EE
:100B0000BDE8F0814E2B00F050834F2BF6D1027AD6
:100B10009DF8243062F303038DF824300F2209ABD3
:100B200001212F203EE36F2B00F060830ED8532B62
:100B300000F05683592BE1D19DF82430027A62F3FC
:100B400007138DF82430F02209AB37E3F02B00F0C7
:100B50006683F22B00F05083842BCFD1027A9DF86C
:100B6000243062F303038DF824300F2209AB0121F6
:100B7000092017E3C0480020E7150120B34B027A93
:100B800093F800809DF80030B14EB24C62F304033C
:100B90008DF800301F226B4601210820FFF766FF09
:100BA0002B7AAD4A0B3B03EB83035B0003F58573A4
:100BB0009BB213800F2333702378DBB28DF80B3098
:100BC0009DF80B3003F0EF0343F010038DF80B306A
:100BD0009DF80B30DBB223702378DBB28DF80C303C
:100BE0009DF80C3003F010038DF80C309DF80C309C
:100BF00008F01F08002B40F00E81984B1B7807234C
:100C000033702378DBB28DF808309DF8083003F09C
:100C1000FB0343F004038DF808309DF80830DBB285
:100C200023702378DBB28DF809309DF8093003F08A
:100C300004038DF809309DF80930002B40F0F8804E
:100C4000874B0DF1050101201F881CF0CFFC9DF89A
:100C5000003027F4786703F01F033F041A2B4FEA94
:100C6000174740F052819DF905000EF027FF9DF8CF
:100C7000043000F00F0060F303038DF80430002807
:100C800040F0FC804FF082439B691B0F40F0F981DC
:100C90002A7A1A2A04D8734BD340DF0700F18881DF
:100CA000714B5A6822F010025A605A6A5506FCD4F9
:100CB000694B42F278021A80272333702378DBB223
:100CC0008DF814309DF8143003F0EF0343F0100357
:100CD0008DF814309DF81430DBB223702378DBB22A
:100CE0008DF815309DF8153003F010038DF8153090
:100CF0009DF81530002B40F0ED81574A13802D23CD
:100D000033702378DBB28DF817309DF8173003F07D
:100D1000EF0343F010038DF817309DF81730DBB266
:100D200023702378DBB28DF818309DF8183003F06B
:100D300010038DF818309DF81830002B40F0D78143
:100D4000454B44F228721A802E2333702378DBB28D
:100D50008DF81A309DF81A3003F0EF0343F01003BA
:100D60008DF81A309DF81A30DBB223702378DBB28D
:100D70008DF81B309DF81B3003F010038DF81B30ED
:100D80009DF81B30002B40F0BF814FF08842C2F825
:100D9000B030364BC2F8B030354BC2F8B030354BBE
:100DA0004FF400721A6001229A601A68D407FCD4CA
:100DB000314AB2F8BA3443F00203A2F8BA34B2F8B6
:100DC000BA3423F002031B041B0CA2F8BA344FF010
:100DD0008842D2F8003123F07F43C2F80031224A22
:100DE000536A9807FCD5234B4FF480721A60012296
:100DF0009A601A68D107FCD44FF088434FF0333221
:100E0000C3F8B020184B5A6842F010025A605A6A70
:100E10005206FCD535E12378DBB28DF80A309DF817
:100E20000A3003F010038DF80A309DF80A30E1E62D
:100E30002378DBB28DF807309DF8073003F0040308
:100E40008DF807309DF80730F7E600BF0800014134
:100E500002300141063001410030014105000141ED
:100E6000283001410020830400400141556699AAC1
:100E7000AA996655000A00440020014101AB0F22E7
:100E800001210520FFF7F2FD9DF805308DF80630B1
:100E90000DF1060104201CF0D5FB9DF8043003F091
:100EA0000F0347EA0327CA4B47F080071F80072339
:100EB00033702378DBB28DF80E309DF80E3003F0DE
:100EC000EF0343F010038DF80E309DF80E30DBB2C7
:100ED00023702378DBB28DF80F309DF80F3003F0CC
:100EE00010038DF80F309DF80F30002B3FF4CAAE81
:100EF0002378DBB28DF80D309DF80D3003F0100330
:100F00008DF80D309DF80D30EFE7B8F11A0F7FF432
:100F1000B9AEB04B18799DF8043060F303038DF837
:100F200004300EF0E5FE0DF106018DF806000420F8
:100F30001CF088FB01AB0F2201210520FFF796FD75
:100F40009DF8043003F00F0347EA0327A04B47F056
:100F500080071F80072333702378DBB28DF81130B0
:100F60009DF8113003F0EF0343F010038DF81130BA
:100F70009DF81130DBB223702378DBB28DF812308C
:100F80009DF8123003F010038DF812309DF81230E6
:100F9000002B3FF477AE2378DBB28DF810309DF84C
:100FA000103003F010038DF810309DF81030EFE78B
:100FB000874B4AF278021A80272333702378DBB2FA
:100FC0008DF81D309DF81D3003F0EF0343F0100342
:100FD0008DF81D309DF81D30DBB223702378DBB215
:100FE0008DF81E309DF81E3003F010038DF81E3072
:100FF0009DF81E30002B46D1754B02221A802D23FE
:1010000033702378DBB28DF820309DF8203003F068
:10101000EF0343F010038DF820309DF82030DBB251
:1010200023702378DBB28DF821309DF8213003F056
:1010300010038DF821309DF821308BBB644B44F2B6
:101040002C721A802E2333702378DBB28DF8233074
:101050009DF8233003F0EF0343F010038DF82330A5
:101060009DF82330DBB223702378DBB28DF8243077
:101070009DF8243003F010038DF824309DF82430BF
:10108000DBB900273AE52378DBB28DF81C309DF8F8
:101090001C3003F010038DF81C309DF81C30A9E7BC
:1010A0002378DBB28DF81F309DF81F3003F010035A
:1010B0008DF81F309DF81F30BFE72378DBB28DF825
:1010C00022309DF8223003F010038DF822309DF875
:1010D0002230D5E72378DBB28DF813309DF813303A
:1010E00003F010038DF813309DF8133002E62378D7
:1010F000DBB28DF816309DF8163003F010038DF832
:1011000016309DF8163018E62378DBB28DF81930CA
:101110009DF8193003F010038DF819309DF819303F
:1011200030E62D4B90F908001E780EF0C7FCF6B2A1
:10113000284B06F01F0600F00F001A2EC4B21871DB
:101140000DD1012009A91CF051FA9DF9240095F94F
:101150000830834203DD0EF0B1FC00F00F040B2CCD
:1011600007D90C2C0FD00D2C0FD00E2C0CBF122435
:1011700017241A4B00225A710D21A3B208220E2007
:1011800026F0B0F8BAE40D24F3E70F24F1E7027A71
:101190009DF8243062F346138DF82430602209ABA9
:1011A00001210820FFF762FCA8E49DF82430027AB0
:1011B00062F343038DF824300E2209AB01212C2069
:1011C000F0E700F10803FF2202212220EAE700BF36
:1011D0000030014168140120080001410000014174
:1011E00000F10803FF2202212020DBE700F10803C1
:1011F000FF2208212420D5E79DF8243067F3C3039C
:101200008DF82430037A2BB19DF8243043F0080385
:101210008DF8243009AB082201212E20C2E7037A81
:1012200013B124F015F969E424F002F9034B1B789B
:1012300024F006F962E4012760E400BF0F000141D9
:10124000704722F0B9BC2DE9F0410746A2B03F201B
:101250000C467F4E7F4D03211FF090FE18F0DCFD01
:10126000012233788DF807209DF807307A49DBB2E8
:101270000B7000238DF807309DF807300A39DBB278
:101280000B7008238DF807309DF80730DBB22B7008
:101290008DF807209DF80730704ADBB21370704B51
:1012A0001F70073B14201B78DBB28DF8073024F049
:1012B000BDF89DF8073003F01F03082B06D0032369
:1012C0008DF807309DF80730DBB22B700F238DF8B7
:1012D00007309DF80730634ADBB2137002AA002C76
:1012E0007FD103238DF807309DF807305E49DBB2CC
:1012F0000B7037238DF807309DF807300239DBB2C9
:101300000B707F238DF808300123D45401337F2BD9
:10131000FBD19DF80800554900F17D07FFB207F0A9
:1013200003044C71002C65D13846514A8A604FF055
:1013300000083F1B94460B69887122AA81F80C8033
:1013400002EB070E5FFA8CF2824257D3B8F1000F1E
:1013500003D00B61C1F808C00A7354238DF807301D
:101360009DF80730434ADBB2137046238DF80730EF
:101370009DF80730DBB2137009238DF807309DF814
:101380000730DBB22B700424502024F04FF8337860
:10139000DBB28DF807309DF80730DB0715D4013C30
:1013A00014F0FF04F0D1344A1378DBB28DF8073023
:1013B0009DF8073083F00F038DF807309DF8073054
:1013C000DBB21370502024F031F802238DF807307F
:1013D0009DF80730DBB22B7022B0BDE8F04118F069
:1013E0002BBD7F238DF808300123D35401337F2B8D
:1013F000FBD18EE77F38001BC0B296E7974215D02D
:1014000022AB1A4412F87E3C12F87F8C1B0443EA8C
:10141000082312F8808C12F87D2C43EA080343EA73
:1014200002634CF8043B4FF001088BE774B1012CC8
:101430001EF8803CF5D01EF87F2C032C43EA0223D3
:10144000EFD11EF87E2C43EA0243EAE72346E8E7A1
:101450000F000141020001410E0001410300014162
:1014600008000141360001410C00014168140120CF
:10147000000101411C0001411A0001412DE9F04326
:10148000924B85B01D7804460DF102015A201CF0E4
:10149000ADF820460EF02CFCEDB205F01F051A2D1C
:1014A0008DF8010010D1012069461CF09FF89DF9CC
:1014B00000009DF90130834206DD0EF0FFFA9DF831
:1014C00000308DF8013004469DF8023003F00F0320
:1014D0000F2B04D10F2C28BF0F24E4B201E00B2BFB
:1014E000F8D00DF1010104201CF0ACF8784B794ED6
:1014F0001C70794D072333702B78DBB28DF80730E1
:101500009DF8073003F0FB0343F004038DF8073028
:101510009DF80730DBB22B702B78DBB28DF80830EA
:101520009DF8083003F004038DF808309DF808306A
:10153000002B40F09680694A6949138823F4786348
:101540001B041B0C43EA04239BB243F080030B8073
:10155000072333702B78DBB28DF804309DF804300C
:1015600003F0EF0343F010038DF804309DF80430CE
:10157000DBB22B702B78DBB28DF805309DF805308F
:1015800003F010038DF805309DF805709046002F8C
:1015900074D15E200DF109019DF901908DF809705B
:1015A0001CF024F89DF80900002857D04D4B19F184
:1015B000030FA9BF1B1913F8049093F81090384635
:1015C0004034FFF771FA6300DBB233702B78DBB283
:1015D0008DF80B309DF80B3003F0FB0343F0040350
:1015E0008DF80B309DF80B30DBB22B702B78DBB213
:1015F0008DF80C309DF80C3003F004038DF80C309E
:101600009DF80C20002A46D1B8F80030344A23F067
:101610007F031B041B0C640043EA0903E4B213803C
:1016200034702B78DBB28DF80E309DF80E3003F05D
:10163000EF0343F010038DF80E309DF80E30DBB24F
:101640002B702B78DBB28DF80F309DF80F3003F044
:1016500010038DF80F309DF80F304BBB05B0BDE87F
:10166000F0832B78DBB28DF806309DF8063003F05E
:1016700004038DF806309DF8063059E72B78DBB26D
:101680008DF803309DF8033003F010038DF803301C
:101690009DF803707BE72B78DBB28DF80A309DF85C
:1016A0000A3003F004038DF80A309DF80A20A9E7F8
:1016B0002B78DBB28DF80D309DF80D3003F0100360
:1016C0008DF80D309DF80D30C7E700BF08000141CF
:1016D000050001410230014106300141283001413D
:1016E00000300141FC2C012008B50EF0E7F9BDE8FF
:1016F0000840FFF7C3BE13B5012304460DF10701EF
:101700005E208DF807301BF09DFF024B1C6002B07D
:1017100010BD00BF6814012037B5044600250DF147
:1017200006015E208DF806501BF060FF9DF8063024
:101730006BB174B104200DF107011BF057FF9DF947
:1017400007300333B4BF01202846FFF7ADF903B0DB
:1017500030BD2046F9E700BFC268002130B51170E6
:1017600084780B4664F3010313704479DBB264F3AD
:1017700082031370C57865F3C3031370057965F3AD
:10178000041361F347131370052303703CB903235B
:10179000023A0370437A1371037AD37030BDC38861
:1017A000A2F80130F6E740381EF056BA2DE9F04FA6
:1017B00089B098461D6993F80190DB78049306463A
:1017C0008B469246002400BFB9F1000F03DC20468F
:1017D00009B0BDE8F08F00238DF81F30E31C5B4596
:1017E000F5D22846374630F8022B27F8042B0BF1A8
:1017F000FF331B1B9BB2CDE902730DF11F03CDE933
:1018000000239AF80E10049BBAF81E2003F078FF0C
:101810008928B07012D0D0B905909DF81F00F070E3
:10182000394603F02FFE043087B22B88059A4146D3
:101830005046FAF7F0F83C44A4B23E44AB785B0063
:101840000333A9EB03091D440FFA89F9BCE7032709
:10185000F1E72DE9F04F994689B0D3F8108099F857
:101860000150DB78049107469246059300247DB130
:10187000049AE31C4FF0000B93428DF81FB007D27F
:10188000012D09D81E4B4CF201721A8024F0AEFCD7
:10189000204609B0BDE8F08F049AB8F80030BAF8D5
:1018A0001E103E46043A26F8043B121B92B2CDE9C4
:1018B00001620DF11F0200929AF80E00059A03F0E2
:1018C00083FE8928B87018D0862816D09DF81F008E
:1018D000F870314603F0D6FD043086B2B8F8003017
:1018E0005A4649465046FAF796F83444023DA4B2A7
:1018F0003744EDB208F10208B9E70326F5E700BF67
:10190000EC33002038B50546002000BF1EF0C8F9B2
:1019100008B904461CE044682B6894F82C10DA7867
:101920009142F3D094F830201B7A9A42EED16B6842
:10193000628DDB8B9A42E9D163799A070AD5083028
:101940001EF08AF900201EF0ABF908B9F9F786FD00
:10195000204638BD43F001036371F9E738B5CB7B0E
:101960000377022B04BF0B8AC383CB7B032B044674
:101970000D4607D10A4652F8103FC0F81E30536892
:10198000C0F82230AB7B84F82C30AB7E84F8263054
:10199000EB8B6385AB8B4FF6FF72934213D1002024
:1019A000EBF7C0F930B9114B4CF203321A8024F036
:1019B0002FFC09E08268AB7B11789942F0D1537813
:1019C000927843EA02232385094BE36394F8343089
:1019D00003F05B0343F0240384F83430002384F8DD
:1019E0003930A36C4D33236338BD00BFEC33002086
:1019F000A7170201F8B50D461746C98D02781144A4
:101A0000E9854372C37813F1FF3318BF0123C37014
:101A1000AB6C4D3203F14D01012613440361C160EB
:101A20000671FFF799FE39462846FFF797FF97F8AA
:101A30002930AB2B0BD003F14F01C9B2B1428CBF9F
:101A4000002101212846BDE8F84025F0E1BA3146E1
:101A5000F8E770B5037A0468AA2B86B005463FD133
:101A60002279002A3CD100232B7203201EF06AF851
:101A7000064600284ED02278816C607A8DF80420CA
:101A800002F14D030B4402321870287A5870F28527
:101A90000B228DF80D204D31E278CDE904136379E6
:101AA0008DF8093012F1FF32E388ADF80A3018BF23
:101AB0000122237A8DF807208DF80C3000220123B3
:101AC00001A88DF806208DF80830FFF745FE6968FB
:101AD0003046FFF743FF697A304625F099FA19E05E
:101AE000A27812B9627A0B2A14D069680A7902F0D6
:101AF000FD02012A0ED0C9884FF6F772914209D82B
:101B00000BB1AA2BB1D1AA7A22B9AA2BABD02379D7
:101B1000002BAAD006B070BD13B5D0E9012304781C
:101B2000002908BF1346162C51D8DFE804F00C1426
:101B30001D504C1D22484C351D504C4C1050500C23
:101B40004A0C4A4C48000224204602B010BD987846
:101B50004000033006E09A78AABB191DD87803F03C
:101B600091FC0430C4B2EFE7D91C987803F08AFCEA
:101B7000EFE71A78012A28D003F10801D87801AAE2
:101B800003F041FE9DF80630012B03D19DF80400BF
:101B90000830E7E70824D7E71A78C2B95A78012A4B
:101BA00017D003F10901187901AA03F02CFE9DF862
:101BB0000630012BC8D19DF804000930D2E7042477
:101BC000C2E70124C0E70324BEE70524BCE74E2496
:101BD000BAE70624B8E7024B0022C3E900227047A7
:101BE000D015012073B505460DF105014FF48D7038
:101BF0001F4C1BF0FBFC0DF1060140F21B101BF00B
:101C0000F5FC22789DF805309A420AD22A8CBDF85C
:101C100006309A4207D9174B4CF202321A8024F050
:101C2000E5FA02B070BD02201DF08CFF01460028CD
:101C3000F7D00023EA5CCA540133342BFAD18B6C01
:101C40006E6A288C03F14D02002398420CD18B6CF4
:101C500009484D334B6223F03FFC012022F070FF16
:101C6000237801332370DCE7F55CD5540133ECE7CE
:101C7000D0150120EC330020D41501202DE9F04FC0
:101C80009E4B1A789DB022B15D682DB9012022F0DB
:101C900057FF1DB0BDE8F08F0DAF6C6A0021142214
:101CA0003846CDE90A75ADF830108DF8321025F0C0
:101CB000E5FF237803F0E302012A00F28C80C3F3EE
:101CC00001038DF836302378C3F380038DF8393063
:101CD000DAB22378C3F3C0038DF837302378C3F327
:101CE00000138DF83830002A66D1A11E0323288CFA
:101CF000984270D391F802C04E788DF8343046EA9D
:101D00000C26ADF83A60CE788DF83C6009791094D5
:101D10001C441194C31A8DF83D10E88BA97B8DF8F3
:101D2000353003F09CFB2B79012B01D0002846D1E4
:101D300095F8293003F0FB02AB2A03D04F33DBB216
:101D4000012B42D800238DF830309DF83730002B1E
:101D50004CD09DF83640002C6CD00AA8FFF7D2FD7D
:101D6000044618B143799A0740F150810AA8F9F75F
:101D700073FE9CB1A3698BB10B980A994FF48073E1
:101D80002381038C2374436A636112AE3246F9F7F0
:101D9000EFFDE660A36904F10800984795F8293043
:101DA000AB2B00F0C6824F33DBB2012B8CBF00237C
:101DB00001238DF831300BE02146052397E70128F8
:101DC00003D195F82930AB2BB7E70123ADF83030BC
:101DD0000AA8FFF73EFE494C201D23F0A1FB284630
:101DE0001DF03AFF2378013B23700FE19DF8394045
:101DF000012CAED112A94FF48770BDF83A601BF0E8
:101E0000F5FBBDF84830B342A3D09DF83630002B27
:101E100014BF832384238DF8303095F82930AB2B01
:101E200005D04F33DBB2012B8CBF002401248DF889
:101E30003140CDE79DF83DA0BAF1160F00F2758252
:101E4000DFE81AF017004B00620062004B006200EE
:101E5000EA004B00DD004B00D8003602EF004B00DB
:101E600017007302730232014B0087014B00E0013F
:101E70004B0012A940F21B101BF0B8FB95F829305B
:101E8000AB2B03D04F33DBB2012B04D8BDF8483065
:101E9000103BADF8483003201DF054FE04460028E6
:101EA00000F0B4809DF83430BDF84810806C144ABE
:101EB000144E03F14D0CC91ABAF1000F18BF1646A3
:101EC0003B462A4689B26044B0470123E0852A4652
:101ED00021463846FFF78EFD7DE70AA8FFF712FD81
:101EE000014600283FF477AF437903F00303022B48
:101EF00040F08C800AA8F9F766FD4FE7D015012065
:101F0000AD1702015318020103201DF01BFE81468C
:101F100000287BD09DF83480836C119E9DF835B0ED
:101F200008F14D089844AB7B0693EB8B0793BAF10D
:101F3000030F9DF8373008930CBF02270127013F9C
:101F4000FFB2BBF1000F08D1119E9DF835B0002FF4
:101F5000F5D1002C08BF01241FE0F21C1146B07817
:101F6000099203F08FFA033000F0FF035B450593FD
:101F7000099A1BD9BA4B4FF447421A8024F036F91C
:101F8000802388F8003001233288A8F80120033428
:101F9000E4B208F1030807B903B3BAF1050FA9F8D1
:101FA0002E4022D148461DF057FE11E707F00101EF
:101FB00033880698CDE90121B2780092DDE9071255
:101FC00003F0B5FE88F8000008B10023DCE72FB964
:101FD000338801220DA92846F9F71DFD059BABEBBF
:101FE000030B1E445FFA8BFBABE704232A464946EA
:101FF0000DA86FE739462846F9F7DCFDE8E63946D3
:102000002846F9F7F6FD00287FF4E5AE954B1B78DE
:10201000002B7FF43BAE3CE639462846F9F7CCFE70
:10202000F1E703201DF08EFD80460028EED09DF8DC
:102030003530032B1DD19DF83490836CDDF844A01E
:102040009DF837B009F14D0999444F46AB7B059394
:102050000026EB8B07F8016B0693012433465A46A2
:10206000DDE9050103F045FA034640B9012389F88B
:102070000030A8F82E400D232A464146B8E7BAF8AA
:10208000002001888A429AF802200AD8B24208D970
:1020900039808278BA7003340136E4B20337F6B27D
:1020A000DDE7B242DBD1E4E703201DF04BFD8246C1
:1020B0000028ABD09DF83730D0F84880E98BA87B5A
:1020C0009DF8346005931A46DDF844B003F081F9B9
:1020D0009DF83520022A08D14D36B044002688F8F4
:1020E0000060012438B988F80040AAF82E40122375
:1020F0002A465146EDE690F80890C068B9F1000F05
:1021000003D1012388F80030EFE701789BF8002025
:102110008A4210D89BF80120B2420CD94278059B24
:1021200002F001029A4206D108EB060201340136A0
:102130005170E4B2F6B203F090F99BF8012009F176
:10214000FF39B2425FFA89F9D8D1B9F1000FCCD189
:10215000D7E703201DF0F6FC824600283FF456AF77
:102160009DF83730D0F84880E98BA87B9DF8346023
:10217000DDF844B005931A4603F02BF99DF835209D
:10218000022A08D14D36B044002688F800600124A8
:1021900028B988F80040AAF82E401423A8E790F840
:1021A0000890C068B9F1000F03D1012388F800300E
:1021B000F1E790F800C09BF80020624514D89BF826
:1021C0000120B24210D9059B4178B3FA83F201F0A5
:1021D00001015209914207D108EB06020134013690
:1021E00082F801C0E4B2F6B203F037F99BF801209F
:1021F00009F1FF39B2425FFA89F9D3D1B9F1000F81
:10220000C9D1D2E703201DF09DFC804600283FF491
:10221000FDAE9DF83530032B1DD19DF83490836CB5
:10222000DDF844A09DF837B009F14D0999444F46B7
:10223000AB7B05930026EB8B07F8016B069301241B
:1022400033465A46DDE9050103F053F9034658B910
:10225000012389F80030A8F82E4016230CE700BFB0
:10226000EC330020D0150120BAF8002001888A4202
:102270009AF8022019D8B24217D939808278BA70F8
:10228000FA7842F00102FA70C07880F00201C1F3DE
:102290004001D2B261F3410260F38202043401369C
:1022A000FA70E4B20437F6B2CBE7B242C9D1D2E752
:1022B0000AA8FFF727FBDDE90A8612AF04463A4673
:1022C0004146304698F80390F9F752FBB4B1637970
:1022D00003F00302022A7FF499AE1B070ED5A3690F
:1022E000002B3FF478AD12022281328C2274726A84
:1022F000E760626104F1080098476CE54A46F18B9B
:10230000B07B03F066F800283FF465AD80690028D3
:102310003FF461AD98F80020736A134400933A4685
:102320000223214619F07AF855E582238DF83030E2
:1023300034E501233DE538B50446B8B10121FFF786
:10234000EBFB637803444E2B12DCD4E9012100231C
:10235000834207D162781A446270626813446360F2
:10236000002038BDCD5CD5540133F1E7FF20F8E7FC
:10237000FD20F6E738B5044600B34368F3B143786F
:10238000E3B10021FFF7C8FB6378834218D3D4E997
:10239000011262B9A160637862681B1ADBB2104453
:1023A000002B6060637014BF0020FD2038BD002347
:1023B0009842F0D0CD5CD5540133F9E7FF20F5E722
:1023C0008720F3E72DE9F04186B00F461646BDF8A9
:1023D000344005461422002101A8984625F04EFC01
:1023E0009DF830308DF80D808DF806708DF80760FF
:1023F0008DF80830ADF80A404CB101238DF8093052
:102400004FF6FF739C4204BF0023ADF80A309DF8DD
:1024100038308DF80C3001A82B6B0493FFF79CF932
:102420009DF8040006B0BDE8F08100BF704700BF12
:10243000704700BF70B58CB00CAB8DF8180013E975
:102440000F008DE80F0041F20254ADF8104004ACCB
:10245000044D94E80F0008262E700CF017F90CB00C
:1024600070BD00BF7C11012030B504468DB010B99D
:102470000A4B02221A700CAB13E90F008DE80F0013
:1024800041F202458DF81840ADF8105004AC94E8C4
:102490000F000CF0FBF80DB030BD00BF7C11012027
:1024A00030B504468DB010B90A4B04221A700CAB3B
:1024B00013E90F008DE80F0041F202358DF8184046
:1024C000ADF8105004AC94E80F000CF0DFF80DB03C
:1024D00030BD00BF7C11012010B500248CB0CDE9C7
:1024E0000844CDE90A440CAB13E90F008DE80F0056
:1024F000CDE9064440F60264ADF8104004AC94E81F
:102500000F000CF0C3F80CB010BD00BF30B504468E
:102510008DB0A0B9134B01221A700CAB13E90F0058
:102520008DE80F0041F202258DF81840ADF81050EB
:1025300004AC94E80F000CF0A9F80DB030BD0A48C7
:10254000037843B1013B074A00F8043B00231371B1
:102550001CF05EFBE1E7034B04301A7D1A711CF09E
:1025600057FBDAE77C110120F0250120024B5B7D4F
:1025700003B1704721F082BA7C11012008B5064BE7
:1025800006480022DA821CF06DFB21F077FABDE8E4
:1025900008401CF0F5B800BF7C110120082601207E
:1025A00030B58FB00DF117011A201BF01FF89DF800
:1025B0001730022B16D006AD0024CDE90A44CDE930
:1025C0000C440EAB13E90F008DE80F00CDE9084471
:1025D00040F60254ADF8184095E80F000CF056F89C
:1025E0000FB030BD0A4C06AD0123294635202376B5
:1025F0001AF0FCFF069B13B912F0C4FCDCE70022C2
:1026000029463520E36106921BF01CF8F4E700BF71
:102610007C11012010B592B006A933201AF0E6FF14
:10262000DDE9062313432AD00DF117011A201AF011
:10263000DDFF9DF81730022B18D0002421F01AFA84
:10264000CDE90E44CDE9104412AB13E90F008DE83B
:102650000F00CDE90C4440F60244ADF828400AAC26
:1026600094E80F000CF012F812B010BD0C4C237E51
:10267000002BE2D0E3695BB900232376DDE708A9EC
:102680000C201AF0B3FF08A933201AF0DBFFCBE7C8
:1026900004F11C0135201AF0D5FF0023E361EBE7BC
:1026A0007C11012008B5F0F7F7FC20B10448BDE823
:1026B00008401CF0ADBA0248BDE808401CF0D2BA90
:1026C0001C26012000B583B00DF107011A201AF075
:1026D0008DFF10F04FFF9DF80730012B02D003B0A3
:1026E0005DF804FB0207FAD5064A0749516200214A
:1026F000116202F1200082F8203011F033F803B0AB
:102700005DF804FB7C1101202D240201DAE700BFF3
:10271000F0B5B54C05780023D1B084F828300D2DE4
:102720001BD8DFE805F0331A4B5C1A4B804B1C1AA0
:102730004B1A1A4B637D00222270002B40F03A8125
:10274000052384F829300EAD002303261A462946B6
:10275000A64823702E7022F077F851B0F0BD0AAB76
:102760000FCB8DE80F0041F20216ADF81860082675
:102770008DF8206006AD95E80F00012684F82860EA
:102780000BF084FFFFF79EFF51B0F0BD2378013BB3
:10279000072B00F2CD8001A252F823F0D9280201C4
:1027A000C7280201312902018328020131290201CF
:1027B0003129020131290201352702010AAB0FCB71
:1027C0008DE80F0041F202138DF82050ADF818305B
:1027D00006AC94E80F000BF059FF51B0F0BD25791D
:1027E000012DBAD1824E96F84070002F40F0A5809E
:1027F0000AAB0FCB8DE80F0041F20216ADF818605E
:1028000003268DF8206006AD95E80F000BF03EFF23
:1028100002233A460EA975488DF8386084F82930AD
:1028200022F012F899E70AAE96E80F0006AD41F2E1
:10283000021C0627A5F800C02F728DE80F0095E84E
:102840000F000BF023FF637D0022227063B9052384
:1028500084F8293003230EA9002264488DF838300B
:1028600021F0F2FF51B0F0BD96E80F008DE80F00A7
:1028700010236B7095E80F0084F829700BF006FFA9
:10288000E8E706A904230D2084F829301AF0AEFEEB
:10289000BDF818300EAD002B4FF000060CBF16220D
:1028A000172202236A702B70CDE91266CDE91466F7
:1028B00012AB0FCB8DE80F00CDE9106695E80F0045
:1028C0000BF0E4FE40E794F82930042B44D10EAD20
:1028D000032384F8293037E703230DF116010E2076
:1028E00084F829301AF082FEBDF816000CF086FE3E
:1028F0000EAD074606A933201AF078FEBDF8163053
:102900006B8141F602032B80002F4DD012AE386848
:102910007968334603C3DDE90623C5E9062396E853
:102920000F008DE80F0095E80F000BF0AFFE0BE7EE
:10293000012384F829300EAD06E7301D1CF068F93C
:1029400096F8403084F82850013BDBB2FD2B3FF66F
:1029500004AF86F8403000E70DF116010E201AF0A2
:1029600045FEBDF816000CF049FE0EAD074606A95F
:1029700033201AF03BFEBDF816306B8141F602039E
:102980002B805FB312AE38687968334603C3DDE944
:102990000623C5E9062396E80F008DE80F0095E8A9
:1029A0000F000BF073FE93E700220023C5E9042318
:1029B00012AEB0E70AAB0FCB8DE80F00062641F24E
:1029C000020306ADADF818308DF8206095E80F00D1
:1029D00084F829600BF05AFE0EADB5E60022002304
:1029E000C5E9042312AED2E77C110120743800201F
:1029F000F0250120084A08B5D38A23B1142B38BF2B
:102A00001423D38208BD14230448D3821CF000F998
:102A1000BDE808401BF09ABE7C1101200826012069
:102A2000084A08B5D38A2BB1013BD382BDE80840E0
:102A30001BF0C0BE04481CF015F9BDE808401BF0AF
:102A40009FBE00BF7C1101200826012038B5054635
:102A5000184C19481CF006F917481CF0D9F8E38AFD
:102A6000CBB94FF6FF739D4222D04FF47A731348CF
:102A700003FB05F3A0FB0323C3F34F131048E382CA
:102A80001CF0C6F81BF062FE0022E08A1146BDE889
:102A9000384020F0F1BF4FF47A70084A00FB05F08F
:102AA000A2FB00204009834238BF83B2E38238BDD5
:102AB0000A23E3E77C110120342601201F85EB5116
:102AC0000826012070B50E28CEB005D035284CD090
:102AD000042816D04EB070BD324B93F82920012A3D
:102AE000F8D193F82B20002A55D1062283F829200B
:102AF00003230DA900222C488DF8343021F0A4FEC8
:102B0000E8E70025CDE90855CDE90A5508AB0446AC
:102B10000FCB8DE80F00CDE9065541F60223ADF845
:102B2000103004AE96E80F000BF0B0FD20461F49B0
:102B30001EF0F2F91B4B93F82A2002B328460DF041
:102B4000A3FC4FF088431A4A1A4C1B48C3F8B050F4
:102B50000121C3F8B040C3F8B0001164136C00BF8A
:102B600000BF00BF00BF4EB070BD0E4B0F49012229
:102B7000042083F82A201EF095F94EB070BD032082
:102B80008DF834000DA90224074883F8294021F06C
:102B90005BFE4EB070BD03210522197183F8292018
:102BA000A6E700BF7C1101207438002048260120D0
:102BB000000A0044556699AAAA996655704700BF55
:102BC000704700BF704700BF704700BF704700BF2D
:102BD000704700BF704700BF00B5084B83B001903D
:102BE0001868F6F799FA0A2201A9054821F02CFE87
:102BF00000B9FEE703B05DF804FB00BF64380020B5
:102C00000438002000B5C3B0032301A90022044802
:102C10008DF8043021F018FE43B05DF804FB00BFCE
:102C2000743800200E4B1A79012A0CD032B90D49A4
:102C300091F86C2042F0010281F86C20022283F8A6
:102C40002920FFF7DFBF074991F86C2042F002020C
:102C500081F86C20022283F82920FFF7D3BF00BF40
:102C60007C110120F025012038B5084C637D012B33
:102C70000AD00D4616F0E8FE637D05495A1C41F85E
:102C800023506275012038BD002038BD7C11012021
:102C9000E0350020114A92F86C30D80705D523F0B2
:102CA000010382F86C3000207047990705D523F0A6
:102CB000020382F86C3001207047580708D41907C6
:102CC00043BF23F00803032082F86C30FF207047D5
:102CD00023F0040382F86C3002207047F0250120B5
:102CE000F8B500273846EAF71DF80746002830D027
:102CF00083689A79002AF5D000263246D3F8071067
:102D0000187831F81210002216F0C2FE0546A0B164
:102D1000C27843688AB10024DA7802F005010529F7
:102D200004BF22F00402DA70184602F0B4FB01344A
:102D3000E978E2B291420346EED8BB680136997950
:102D4000F2B29142DAD83846E9F7ECFF074600289C
:102D5000CED1F8BD30B503788FB00222922B044655
:102D60008DF8182005D0932B3ED08E2B26D00FB097
:102D700030BDB0F801000CF041FC054604A9332039
:102D80001AF034FC286869686578A4780AAB1A469A
:102D900003C2DDE90401CDE90C010FCB45EA0424AF
:102DA000ADF822401B258DE80F008DF8195006ACB8
:102DB00094E80F000BF06AFC0FB030BD0024CDE9A1
:102DC0000A44CDE90C440EAB13E90F008DE80F0067
:102DD000CDE908441D248DF8194006AC94E80F0095
:102DE0000BF054FC0FB030BD6578A4780EAB45EA0B
:102DF000042413E90F001C25ADF82040D3E700BFE1
:102E000010B500248CB0CDE90844CDE90A440CABE0
:102E100013E90F008DE80F00CDE9064441F60214D6
:102E2000ADF8104004AC94E80F000BF02FFC0CB090
:102E300010BD00BF704700BF704700BFFFF7E2BE84
:102E4000014B93F8280070477C110120014B83F857
:102E5000280070477C110120F0B57D4C94F8293092
:102E6000CBB0052B64D8DFE803F00363909B656E5D
:102E700078481AF0F9FA06A906201AF0B7FBDDE93E
:102E8000063213F1FF3642F1FF374FF0FF336FF098
:102E90000702BB4208BFB242C0F09C8000266E4DC4
:102EA0008DF817600DF1170132201AF0CBFB0DF1F0
:102EB00016011A208DF816601AF0C4FB20F0BEFF30
:102EC0000EF060FA05F1700010F0F4FB634810F0AA
:102ED00021FB20F051FDFFF703FF16F0CDFD05F1BA
:102EE0005801352066751DF0DDFF05F158010E20F3
:102EF0001DF0D8FF5A4B236110F024FB0646002832
:102F000058D195F86C302375C3F3C0025B0784F881
:102F10002B2040F08680012384F8293008ADFFF78C
:102F2000C1FB0323294600224E482B7021F08CFC64
:102F30004BB0F0BD01234C48237184F8283010F0C9
:102F4000F5FA4BB0F0BD627D484B494953F8223049
:102F5000013218785D78627584F82C009A78986848
:102F6000DE6884F82D5084F82E201D699A886063ED
:102F70000123A1F12800A663E5632286A16084F8FD
:102F8000283010F0D3FA4BB0F0BD012384F828307C
:102F9000FFF780FE2071344810F0C8FA4BB0F0BD46
:102FA00094F82B60DEB103220523227184F82930C6
:102FB00008ADB6E79DF81630022B27D00320062374
:102FC0008DF8200008A90022264884F8293021F035
:102FD0003BFCADE706A906201AF034FB5EE7CDE91D
:102FE0000C66CDE90E6641F20203ADF820300CAB61
:102FF0000FCB8DE80F00CDE90A6608AD95E80F000C
:103000000BF044FB062384F829308AE70FF0BCFD5F
:103010000028D3D109F086F80028CFD109F002F9B1
:10302000CCE7CDE90C00CDE90E0040F60273ADF817
:1030300020300CAB0FCB8DE80F00CDE90A6608AD50
:1030400095E80F000BF022FB022384F8293066E795
:103050007C110120E0760401F0250120C12B020142
:10306000112702017438002080110120E035002072
:10307000A811012010B50446EFF792F912F0A8FB51
:103080002046BDE810401BF045BE00BF0078003070
:1030900018BF01201EF068BC00B587B001A912223C
:1030A00000680EF095FD01AA044B4FF0FF304FF081
:1030B000FF3121F0FFFF07B05DF804FB0D31020185
:1030C00030B504688568006987B001A912220EF046
:1030D0007FFD2846214601AA024B21F0EBFF07B0F5
:1030E00030BD00BF0D3102010078003018BF012053
:1030F00022F054BB022101481AF0B6B9184401016C
:10310000072101481AF0B0B92C44010101460148D9
:103110001AF0AAB94444010110B5044603F040F87E
:10312000034B227C21891B78BDE810401EF01EBB9A
:103130005E0F012010B5044603F032F8034B227CE9
:1031400021891B78BDE810401EF032BB5E0F0120C4
:1031500010B5044603F024F8034B227C21891B7828
:10316000BDE810401EF0E0BA5E0F012010B5044625
:1031700082B003F015F8218C227E054BCDE90021A9
:10318000227C21891B781EF0A3FA02B010BD00BF7B
:103190005E0F012010B5044682B003F001F894F9E7
:1031A000201094F91820054BCDE90021227C2189BB
:1031B0001B7821F027F902B010BD00BF5E0F01207F
:1031C00010B5044682B002F0EBFF237E044A009360
:1031D0002189127804F1100315F03CF802B010BDFB
:1031E0005E0F012010B5044682B002F0D9FF94F8BA
:1031F0002010227E044BCDE90021227C21891B78FE
:1032000014F0B6FF02B010BD5E0F012010B50446E9
:1032100002F0C6FF034B227C21891B78BDE81040D9
:1032200014F082BF5E0F012030B5044685B002F075
:10323000B7FF226B94F8201094F828500392227E56
:10324000054B0092CDE90115227C21891B7805F000
:1032500057FE05B030BD00BF5E0F012030B50446FB
:1032600085B002F09DFF94F8302094F8201094F877
:1032700028500392227E054B0092CDE90115227C55
:1032800021891B7805F0EAFD05B030BD5E0F0120F5
:10329000037E027C017A0078003318BF01230032DC
:1032A00018BF0122003118BF0121003018BF0120D2
:1032B00011F032B8034A037C017A127800881DF0BD
:1032C00027BC00BF5E0F0120034A037C017A1278FD
:1032D00000881DF0F7BB00BF5E0F0120024B017A92
:1032E0001A7800881DF064BB5E0F012010B50446FB
:1032F00082B002F055FF94F82010228B044BCDE9E8
:103300000021227C21891B780FF090F802B010BDBB
:103310005E0F012070B5037E044686B04FF00005B5
:1033200063F3000502F03CFF228F268E0492218D6C
:10333000074B6FF347058DF80050228C0192CDE9C1
:103340000216227C21891B780FF09CF806B070BD14
:103350005E0F012030B5044687B002F021FF94F8DB
:103360004050B4F93810B4F930200595258D0491FA
:10337000218C0392228B054B0092CDE90115227C12
:1033800021891B780FF00CF807B030BD5E0F0120CB
:1033900070B58AB00446B0F84050B0F84810B0F8A4
:1033A000502090F85830ADF81B50ADF81D1090F833
:1033B000605090F86810ADF81F208DF82130B0F8FB
:1033C0007020B0F878308DF822508DF82310ADF8C9
:1033D0002420ADF8263002F0E3FE94F8303094F863
:1033E0003820218D0492003318BF0123228C0393CF
:1033F000238B064E0291CDE9003206AD227C218955
:10340000337805950EF066FF0AB070BD5E0F01209F
:1034100030B5044689B002F0C3FE94F8482094F811
:103420004050218F0692228E0595258D0491218C86
:103430000392227E054B0092CDE90115227C218961
:103440001B7803F041FE09B030BD00BF5E0F0120C4
:1034500030B5044687B002F0A3FE94F8405094F8CB
:103460003810228E0595258D0491218C0392227EA1
:10347000054B0092CDE90115227C21891B7803F0D0
:10348000D5FD07B030BD00BF5E0F012010B504466A
:1034900082B002F085FE94F82010227E044BCDE924
:1034A0000021227C21891B7803F066FE02B010BD4A
:1034B0005E0F012030B5044689B002F071FE94F829
:1034C000482094F84050218F0692228E059594F85A
:1034D0002850049194F820100392227E054B00920C
:1034E000CDE90115227C21891B7803F049FD09B043
:1034F00030BD00BF5E0F012030B5044687B002F03A
:103500004FFE94F8381094F83020258D049194F8EB
:1035100020100392228B054B0092CDE90115227CED
:1035200021891B7803F0E6FC07B030BD5E0F012057
:1035300030B5044687B002F033FE94F8381094F8A2
:103540003020258D0491218C0392227E054B009220
:10355000CDE90115227C21891B7803F085FC07B099
:1035600030BD00BF5E0F012030B5044685B002F0CB
:1035700017FE94F83020218C94F828500392227E74
:10358000054B0092CDE90115227C21891B7803F0BF
:103590002DFC05B030BD00BF5E0F012030B50446E4
:1035A00087B002F0FDFD94F8381094F83020258D96
:1035B000049194F820100392228B054B0092CDE9E0
:1035C0000115227C21891B7803F0CAFB07B030BDAE
:1035D0005E0F012030B5044685B002F0E1FD94F89D
:1035E0003020218C94F828500392228B054B0092B6
:1035F000CDE90115227C21891B7803F02DFB05B054
:1036000030BD00BF5E0F012030B5044687B002F028
:10361000C7FD94F8381094F83020258D0491B4F942
:1036200020100392B4F91820054B0092CDE9011542
:10363000227C21891B7803F04DFB07B030BD00BF11
:103640005E0F012030B5044685B002F0A9FD94F864
:103650003020B4F9201094F828500392B4F91820BF
:10366000054B0092CDE90115227C21891B7803F0DE
:10367000B5FA05B030BD00BF5E0F012030B504467D
:1036800087B002F08DFD94F8381094F83020258D25
:103690000491218C0392228B054B0092CDE90115F8
:1036A000227C21891B7803F053FA07B030BD00BF9C
:1036B0005E0F012030B5044687B002F071FD94F82A
:1036C000381094F83020258D049194F8201003923E
:1036D000227E054B0092CDE90115227C21891B78C1
:1036E00003F0F0F907B030BD5E0F012030B504469D
:1036F00087B002F055FD94F8381094F83020258DED
:10370000049194F820100392227E054B0092CDE99B
:103710000115227C21891B7803F08EF907B030BD9A
:103720005E0F012030B5044685B002F039FD94F8F3
:10373000302094F8201094F828500392227E054BF4
:103740000092CDE90115227C21891B7803F036F91E
:1037500005B030BD5E0F012030B5044685B002F0E3
:103760001FFD94F83020218C94F828500392227E7B
:10377000054B0092CDE90115227C21891B7803F0CD
:10378000DFF805B030BD00BF5E0F012030B5044644
:1037900087B002F005FD94F8381094F8302094F8C2
:1037A0002850049194F820100392227E054B009239
:1037B000CDE90115227C21891B7803F07BF807B045
:1037C00030BD00BF5E0F012030B5044685B002F069
:1037D000E7FC94F8302094F8201094F828500392D5
:1037E000227E054B0092CDE90115227C21891B78B0
:1037F00003F022F805B030BD5E0F012030B504465D
:1038000087B002F0CDFC94F8381094F83020258D64
:10381000049194F820100392227E054B0092CDE98A
:103820000115227C21891B7802F0C0FF07B030BD52
:103830005E0F012010B5044602F0B2FC034B227C5F
:1038400021891B78BDE810401EF060BF5E0F01208B
:1038500010B5044682B002F0A3FC228B044B009208
:10386000227C21891B781EF0FDFE02B010BD00BF36
:103870005E0F012030B581690B782D2B83B0044693
:1038800013D007220D4824F02DF900280CBF022583
:103890000025204602F084FC094B00951B78227C11
:1038A00021891FF00FFA03B030BD4B786F2BE8D1A0
:1038B0008B786E2BE5D10125EBE700BF5844010161
:1038C0005E0F012010B5044682B002F069FC94F846
:1038D0002010228B044BCDE90021227C21891B780A
:1038E0000EF0DAFB02B010BD5E0F012010B50446E9
:1038F00082B002F055FC94F82010227E044BCDE9F2
:103900000021227C21891B781EF0D4FE02B010BD5C
:103910005E0F012010B5044682B002F041FC94F81D
:103920002010228B044BCDE90021227C21891B78B9
:103930000EF032FC02B010BD5E0F012030B504461F
:1039400085B002F02DFC237E94F8202094F82810F6
:10395000064D0291003318BF0123CDE900322B78C8
:10396000227C21891CF0BAF805B030BD5E0F012021
:1039700070B5044686B002F013FC94F8303094F829
:10398000402094F838600592003318BF0123218D40
:10399000039394F820200496237E054D0093CDE9EF
:1039A00001212B78227C21891CF056F806B070BDCD
:1039B0005E0F012010B5044682B002F0F1FB94F8CE
:1039C0002010228B044BCDE90021227C21891B7819
:1039D0000EF08EFB02B010BD5E0F012010B5044644
:1039E00082B002F0DDFB228B044B0092227C218905
:1039F0001B780EF0A9FB02B010BD00BF5E0F0120C6
:103A000030B5044685B002F0CBFB94F82010258D2C
:103A1000228B054B0092CDE90115227C21891B7870
:103A20000EF0E6FB05B030BD5E0F012030B5044658
:103A300085B002F0B5FB218C258D227E054B0092CE
:103A4000CDE90115227C21891B781FF08BF905B087
:103A500030BD00BF5E0F012010B5044602F0A0FB90
:103A6000034B227C21891B78BDE810401FF0AAB9C6
:103A70005E0F012010B5044682B002F091FB94F86D
:103A80002010227E044BCDE90021227C21891B7865
:103A90001FF03CF902B010BD5E0F012030B50446A6
:103AA00087B002F07DFB94F8283094F8382094F821
:103AB00030100492003318BF0123228C0293237E1E
:103AC000054D0391CDE900322B78227C21891BF032
:103AD0004BFF07B030BD00BF5E0F012030B504467C
:103AE00087B002F05DFB94F8283094F8382094F801
:103AF00030100492003318BF012394F82020029361
:103B0000237E054D0391CDE900322B78227C21895B
:103B10001BF066FF07B030BD5E0F012010B50446F4
:103B200082B002F03DFB228B044B0092227C218963
:103B30001B780EF08DFB02B010BD00BF5E0F0120A0
:103B400030B5044687B002F02BFB94F84050B4F92E
:103B50003810B4F930200595258D049194F8201083
:103B60000392228B054B0092CDE90115227C21891D
:103B70001B780EF04BFA07B030BD00BF5E0F01207E
:103B800030B5044687B002F00BFB94F8303094F85F
:103B90003820218D0492003394F82020074D18BF5F
:103BA00001230393238B0093CDE901212B78227C01
:103BB00021890EF0DFF907B030BD00BF5E0F012094
:103BC00010B5044602F0ECFA034B227C21891B78E5
:103BD000BDE810401FF084BC5E0F0120007800306B
:103BE00018BF01201DF0B4BE10B5044682B002F02B
:103BF000D7FA228B044B0092227C21891B7813F088
:103C00005DFC02B010BD00BF5E0F012010B5044680
:103C100082B002F0C5FA228B044B0092227C2189EB
:103C20001B7813F0B1FC02B010BD00BF5E0F012085
:103C300010B5044602F0B4FA034B227C21891B78AC
:103C4000BDE8104013F0C8BC5E0F012030B587B04E
:103C500003AD044603462A462830198C22F8021B7D
:103C600008338342F9D1204602F09AFA054B227EAE
:103C700001951B780092227C218913F047FC07B044
:103C800030BD00BF5E0F012010B5044682B002F0C7
:103C900087FA228B044B0092227C21891B7813F037
:103CA000BDFC02B010BD00BF5E0F012010B5044680
:103CB00082B002F075FA228B044B0092227C21899B
:103CC0001B7813F0CFFB02B010BD00BF5E0F0120C8
:103CD00038B5094B094D09221A70FA242B7803F0E4
:103CE0001F03092B06D03220013C21F09FFB14F06A
:103CF000FF04F3D138BD00BF0200014101000141C2
:103D0000F8B5374C94F80A3194F80D31DBB2991CB0
:103D1000C9B211F003071CBF0633DBB2054614BF5E
:103D2000DB1B0B460246002601F0020C9E422CD300
:103D300094F80D3194F80E1194F80D612B4401366E
:103D4000587800F04FF82E44307094F80E2194F813
:103D50000D312B445E3A9A7094F8103103F0FF0253
:103D6000CBB394F80D312B440122DA7094F8113161
:103D700053B194F80D0103302844037843F0020353
:103D80000370002384F81131F8BDC81B864206F188
:103D9000824000F5813000680DD04FEA102E10707F
:103DA00082F801E04FEA104E000E82F802E0D07077
:103DB00004360432BAE7002FFAD01070BCF1000FBD
:103DC000F6D0032F4FEA102E08BF000C82F801E056
:103DD00008BF9070ECE794F80D312B44DA70C5E71A
:103DE000C048002020290DD8002908BF01218009E2
:103DF00010FB01F1C1EB012188B26021B0FBF1F0B1
:103E0000C0B270472021F2E790B5ADB000AF0123FA
:103E100087F8AF30002387F8AE30002387F8AD3045
:103E200007F11003C7F8943007F10F03C7F8983073
:103E3000062387F89F3007F10C03C7F8A03003234F
:103E400087F8A73097F8A72097F8A73003F0030367
:103E5000DBB2C7F8A830D7F8A830002B0AD097F803
:103E6000A7300433DBB21946D7F8A830CB1AC7F80D
:103E7000883001E0C7F888200023C7F88430AB4BB6
:103E8000C7F880305EE0D7F8A830D11AD7F8843070
:103E9000994225D0D7F880301B68D7F8A000D7F812
:103EA00084100144D8B208701C0AD7F8841001317C
:103EB000D7F8A0000144E0B208701C0CD7F88410B9
:103EC0000231D7F8A0000144E0B20870180ED7F80C
:103ED00084300333D7F8A0100B44C1B2197027E027
:103EE000D7F880301B68D7F8A810002906D0D7F87B
:103EF000A000D7F884100144D8B20870D7F8A810F1
:103F0000012908D91C0AD7F884100131D7F8A0007C
:103F10000144E0B20870D7F8A810022908D9180C9B
:103F2000D7F884300233D7F8A0100B44C1B219700F
:103F3000D7F884300433C7F88430D7F8803004339E
:103F4000C7F88030D7F88410D7F8883099429AD3D0
:103F50007B7B03F00303032B01D00023B3E17B7BC6
:103F600003F04003002B04D197F89F30023387F809
:103F70009F30BB7B9B08DBB2BB73BB7B03F00303AF
:103F8000022B05D197F89F30023387F89F3011E05C
:103F9000BB7B03F00303032B05D197F89F30083355
:103FA00087F89F3006E0BB7B03F00303012B01D1B0
:103FB000002388E1BB7B1B09DBB2BB73BB7B022BFD
:103FC00005D197F89F30023387F87F300AE0BB7B3A
:103FD000032B05D197F89F30083387F87F3001E035
:103FE000002370E107F10B03BB6797F87F3087F878
:103FF0007730012387F8763097F8762097F8763077
:1040000003F00303DBB23B673B6F002B08D097F84C
:1040100076300433DBB219463B6FCB1AFB6600E007
:10402000FA6697F8773003F1824303F58133BB6674
:1040300000237B6645E03B6FD11A7B6E99421CD012
:10404000BB6E1B68B86F796E0144D8B208701C0A49
:10405000796E0131B86F0144E0B208701C0C796EC2
:104060000231B86F0144E0B20870180E7B6E033362
:10407000B96F0B44C1B219701DE0BB6E1B68396F7C
:10408000002904D0B86F796E0144D8B20870396F36
:10409000012906D91C0A796E0131B86F0144E0B2DA
:1040A0000870396F022906D9180C7B6E0233B96F7C
:1040B0000B44C1B219707B6E04337B66BB6E043354
:1040C000BB66796EFB6E9942B5D3FB7A042B01D0A7
:1040D0000023F8E0BB7B022B75D13B463B6697F88B
:1040E0009F3087F85F30022387F85E3097F85E20B4
:1040F00097F85E3003F00303DBB2BB65BB6D002BAA
:1041000008D097F85E300433DBB21946BB6DCB1A8A
:104110007B6500E07A6597F85F3003F1824303F531
:1041200081333B650023FB6448E000BF000201418E
:10413000BB6DD11AFB6C99421CD03B6D1B68386E6D
:10414000F96C0144D8B208701C0AF96C0131386E60
:104150000144E0B208701C0CF96C0231386E014465
:10416000E0B20870180EFB6C0333396E0B44C1B219
:1041700019701DE03B6D1B68B96D002904D0386EC5
:10418000F96C0144D8B20870B96D012906D91C0A2E
:10419000F96C0131386E0144E0B20870B96D022942
:1041A00006D9180CFB6C0233396E0B44C1B219707E
:1041B000FB6C0433FB643B6D04333B65F96C7B6D36
:1041C0009942B5D374E0BB7B032B71D13B46BB64F2
:1041D00097F89F3087F84730082387F8463097F8DC
:1041E000462097F8463003F00303DBB23B643B6C98
:1041F000002B08D097F846300433DBB219463B6CED
:10420000CB1AFB6300E0FA6397F8473003F182436F
:1042100003F58133BB6300237B6345E03B6CD11A1C
:104220007B6B99421CD0BB6B1B68B86C796B0144EB
:10423000D8B208701C0A796B0131B86C0144E0B245
:1042400008701C0C796B0231B86C0144E0B2087044
:10425000180E7B6B0333B96C0B44C1B219701DE0AF
:10426000BB6B1B68396C002904D0B86C796B0144B6
:10427000D8B20870396C012906D91C0A796B013152
:10428000B86C0144E0B20870396C022906D9180CE8
:104290007B6B0233B96C0B44C1B219707B6B043376
:1042A0007B63BB6B0433BB63796BFB6B9942B5D308
:1042B000D7F89420D7E90034C2E90034BA7BD7F8A4
:1042C00098301A70012387F8AD30B34B00221A7072
:1042D0002E2387F88F3097F88F3003F1824303F550
:1042E00080331B78DBB287F8AC3097F8AD30012B08
:1042F00072D1FA7B07F110033B63134687F82F3026
:1043000097F82F30022B08D13B6B1B881A0A92B208
:10431000D2B2DBB21344DBB21DE03B6B1A783B6BCD
:104320005B781344DAB23B6B9B781344DAB23B6B95
:10433000DB781344DAB23B6B1B791344DAB23B6B84
:104340005B791344DAB23B6B9B791344DAB23B6B73
:10435000DB791344DBB2DA08D2B211468F4A525CE1
:1043600003F00703DBB242FA03F303F00103002B6F
:104370000CBF01230023DBB2002B2DD0884B1B6820
:10438000002B0AD0FB7B022B07D1854B1B683A8A96
:1043900010469847034687F8AF3097F8AF30002BA8
:1043A0000BD0804B01221A707F4A97F8AC3023F073
:1043B0002003DBB282F82E3019E07B4A97F8AC304C
:1043C00043F02003DBB282F82E30764B00221A70C5
:1043D000714B01221A700AE0724B00221A70724A65
:1043E00097F8AC3043F02003DBB282F82E30012383
:1043F00087F8223097F82230002B1DD16B4B1B78A9
:10440000002B19D06A4B1B78002B12D1694B1B88EB
:104410009BB203F001039BB2002B07D1654B1B88B5
:104420009BB243F001039AB2624B1A80604B0122A7
:104430001A705E4B00221A705F4A97F8223082F899
:104440000B31594BDB79DAB25C4B52B21A705C4AD1
:104450005C4B7B627B6A1B7887F8233097F82330AC
:104460001370574B1B78DBB20433DAB297F8AD30D8
:1044700087F82E30134687F82D3097F82E304E49A6
:104480001A4652001A44D2000A44DC3211684A48E3
:104490001A4652001A44D2000244D43212689142A1
:1044A00040D145481A4652001A44D2000244E8322C
:1044B000146841481A4652001A44D2000244E432B9
:1044C0001068241A97F82D2094422BDD3A491A4699
:1044D00052001A44D2000A44D8321060411C364CB3
:1044E0001A4652001A44D2002244E432116097F86E
:1044F0002D20027030491A4652001A44D2000A4454
:10450000E4321268BA6297F82D20B96A11442A4839
:104510001A4652001A44D3001A468318E43319602D
:10452000BB6A52E024481A4652001A44D2000244A0
:10453000E0321268501A97F82D20904244DD1E4850
:104540001A4652001A44D2000244D8321160481C64
:10455000194C1A4652001A44D2002244DC32106030
:1045600097F82D200A7014491A4652001A44D200B6
:104570000A44DC321268BA6297F82D20B96A1144F5
:104580000D481A4652001A44D3001A468318DC33E9
:104590001960BB6A19E000BFD1490020FA49002028
:1045A000F4140120D049002000000141E71501204A
:1045B0008C1501205E130120C0480020CE49002048
:1045C000CD490020800201410023C7F89030D7F880
:1045D0009030002B00F09280D7F89000FFF790FB0E
:1045E00097F8AD3087F8203097F82020854913469A
:1045F0005B001344DB000B44D83300221A60824B6B
:104600001B7B87F8AC30804A97F8AC3003F07F030F
:10461000DBB21373022020F009FF7B4B1B7B87F872
:10462000AC30794A97F8AC3063F07F03DBB2137398
:10463000002387F8213097F82130002B22D1734BCB
:104640001B78002B1ED0724B1B78002B17D1714B9F
:104650001B889BB203F001039BB2002B0CD16D4B66
:104660001B889BB243F001039AB26A4B1A806A4BD3
:104670001B685B6969489847654B01221A70634B58
:1046800000221A705F4A97F8213082F80B3197F8B0
:10469000AD30012B0DD10023FB77FB7F012202FA05
:1046A00003F39AB25E4B1B8813439AB25C4B1A8099
:1046B0000CE00123BB77BB7F012202FA03F39AB21D
:1046C000574B1B8813439AB2554B1A800123BB8367
:1046D000504B1B889AB2BB8B13409BB2002B7DD1F1
:1046E0004C4B1B889AB2BB8B13439AB2494B1A802E
:1046F000494B1B685B69494898476FE00023FB768C
:10470000FB7E002B22D1414B1B78002B1ED0404B4F
:104710001B78002B17D13F4B1B889BB203F0010382
:104720009BB2002B0CD13B4B1B889BB243F0010387
:104730009AB2384B1A80384B1B685B6937489847E8
:10474000334B01221A70314B00221A702D4AFB7E26
:1047500082F80B312C4B03229A700A2020F066FE5F
:10476000304B1B78002B09D02F4B00221A702F4B97
:1047700008221A70244B09229A7008E0224B042266
:104780009A70214B16229A700020FCF7C5FF1E4B31
:104790001B7B87F8AC301C4A97F8AC3003F07F03E2
:1047A000DBB21373022020F041FE174B1B7B87F80E
:1047B000AC30154A97F8AC3063F07F03DBB213736B
:1047C000114B93F82E3087F8AC300F4A97F8AC3085
:1047D00043F02003DBB282F82E3010E0114B1B783F
:1047E000002B06D0104B00221A70074B09229A703A
:1047F00005E0054B16229A700020FCF78DFFB437B8
:10480000BD4690BDC048002000000141E7150120D1
:104810008C1501205E1301205038002054380020F0
:10482000D8150120D2490020CC490020CA490020D7
:10483000037813B523B14FF4B371324822F0C4FEAC
:10484000314C2378013B052B56D8DFE803F00314E5
:10485000212F3B466946172018F0C8FE50232374C9
:10486000BDF800302383022323702848284B23629D
:1048700011F0A6FD0AE06946162018F0B7FE0323E2
:1048800023499DF80000237013F0BCFA02B010BD5C
:104890006946372018F0AAFE522323749DF8003091
:1048A000003318BF012323760423DDE76946062081
:1048B00018F09CFE6F232374DDE90023C4E906236E
:1048C0000523D1E76946042018F090FE02232374E3
:1048D0009DF8003023760623C6E76946372018F096
:1048E00085FE9DF8003023610A4B6361074807236A
:1048F000237011F05FFDC9E74FF4C471014822F045
:1049000063FEC3E7D47E0401600F0120680F01201D
:10491000314802011949020130B5044685B00DF154
:1049200006011A2018F062FE237823B140F2A71185
:10493000224822F049FE0EF027F9044628B120490A
:1049400020481CF05BF905B030BD9DF806300290A0
:104950000125022B8DF80C008DF809508DF80B50B5
:1049600026D18DF807000DF107015D2018F03EFEFD
:1049700003238DF808309DF807301BB18DF80B40EC
:104980008DF808500CF004FD10B901238DF80A30A1
:104990000D4C4FF4984016F041FA0C4B236602A9D7
:1049A0003E2018F04FFE04F14000EEF777F8CAE71A
:1049B0008DF808508DF80B00EAE700BFD47E0401A3
:1049C000FD4A0201900F0120600F01202D4A0201D3
:1049D00037B5144CA36E054623B940F26541124821
:1049E00022F0F2FDA87C28B1092818D0802814BF35
:1049F00001200320A36E984769463E2018F0F6FD7B
:104A0000AB7C43B99DF80020022A04D11A4619460E
:104A1000184617F089FE0023A36603B030BD0220BC
:104A2000E8E700BF600F0120D47E040130B585B0F7
:104A300004460DF107011A2018F0D8FD9DF8073043
:104A4000022B06D0A37C23B140F20121274822F09B
:104A5000BBFD02A93E2018F0C9FDA57C244C9DB9E0
:104A600007F010FB9DF80830022B05D12B462A4693
:104A70002946284617F058FE002507F065FB2570EB
:104A8000A36A9847A5622AE09DF80730022BF3D16C
:104A90009DF809302BB3DFF7CDFCE0F795F918B19D
:104AA000837E43F0040383760EF04EF801460C201B
:104AB00018F0C8FD00238DF80930E3F735FB28B165
:104AC000E3F796FB84F86C00E3F724FC094B2366BC
:104AD0003E2002A918F0B6FD0748EDF7DFFF05B04C
:104AE00030BD94F86C00E3F707FBC5E7D47E040102
:104AF000600F01202D4A0201A00F012037B50B4C99
:104B00004FF0FF324FF0FF3304F130016846CDE93A
:104B100000230025E9F7CEFC4FF4984016F07EF90B
:104B20002570A36A9847A56203B030BD600F0120CD
:104B30001E28F7B554D10B88102B51D12C4C23686B
:104B4000002B4DD000234D6884F8553001238B6035
:104B5000E36C002B40D1236D002B43D12A6B94F8DA
:104B60005530D2F80300D2F80710A768CDE900014C
:104B70004FF0160C917803FB0C73C1F3C3016E4622
:104B8000D97203CEC3F80D00C3F811109178C1F3A8
:104B9000C011D9719178C1F380019971297E197181
:104BA000E97E9972A9895980E97FC1F3C0115971D1
:104BB00011781972298A19805178C1F30301597249
:104BC000927B1A7363685BB194F8550000FB0C701C
:104BD00003B0BDE8F0401847284698470028BAD1EE
:104BE00003B0F0BD284698470028B7D1F8E700BFCA
:104BF000F0270120054B064901221A700B680BB9FA
:104C0000EDF742B8342018F01DBD00BF612D012022
:104C1000402301200B49002310B50C68C1E9003383
:104C2000012381F854301E2058311CF075F924B945
:104C300040F23641044822F0C7FC2346BDE810404C
:104C4000184700BFF0270120D47E040107B5036B8D
:104C5000D3F80320D3F80730CDE900230DF074FF1B
:104C600008220146684622F03DFFB0FA80F0400974
:104C700003B05DF804FB37B500230022CDE9002323
:104C80000F4B056B9C68082204F10D01684622F069
:104C900029FF90B1A87B237BC21A002AB8BF5242D9
:104CA000C72A05DC984294BF0020012003B030BD24
:104CB00098428CBF00200120F8E70120F6E700BFF2
:104CC000F02701202DE9FF47036B334CD3F8032075
:104CD000D3F80730D4F8088094F854A0CDE9022323
:104CE0000025814647462E46B2452CD03B7963B11C
:104CF00008220DEB020107F10D0022F0F3FE38B996
:104D0000BA7A99F81B309A4218D284F8556014E0A8
:104D1000162315FB03F34344BA7A9B7A9A4238BFB1
:104D200035460136F6B21637DEE715FB03F343448A
:104D30009B7A934205D284F85550012004B0BDE817
:104D4000F0870020FAE799F81B202B2A4FF0160372
:104D5000EBD915FB03F3434400229B7A8DF807201F
:104D60002B2BE8D90DF1070001211BF0F7FE9DF870
:104D7000070010F00100E1D001210DF107001BF048
:104D8000EDFE9DF8071094F85420B1FBF2F302FBFE
:104D9000131384F85530D0E7F027012030B50022F6
:104DA00085B00023CDE90223104B9C6808220546FC
:104DB00004F10D010DEB020022F094FE98B1EB7EA0
:104DC0002B2B06D8A07A98422CBF0020012005B0DA
:104DD00030BD0DF1070001211BF0C0FE9DF807005A
:104DE00000F00100F3E70120F1E700BFF027012008
:104DF0007FB52D4C05460DF107011A2018F0F6FB82
:104E0000237B2E6B9A0719D0D6F80730D6F80320EB
:104E1000CDE90223236923B940F26E31234822F001
:104E2000D3FB082221690DEB020022F05BFE237BFD
:104E300003F00303012B26D0022B29D0237B13F090
:104E4000040003D195F91F20002A1FDA9DF80720DE
:104E5000022A03F008001ED118B996F90220002A90
:104E600014DA13F0100004D1B278C2F3C302052A99
:104E70000CD89B0616D4E87EE1F7EAF806288CBF2A
:104E80000020012002E00028D8D1002004B070BD2D
:104E90000028D3D0F9E70028E3D1B07810F004005F
:104EA000DFD1F3E70120F1E7F0270120D47E0401F0
:104EB00013B5046BD4F80320D4F80730CDE90023F0
:104EC0000DF042FE08220146684622F00BFE28B98A
:104ED000A07B02B0BDE81040DFF7A0BB002002B00D
:104EE00010BD37B50023174D8DF806304FF0FF3455
:104EF000ADF804400198E9F7E7FC019004B2E9F746
:104F0000C3FA1022294622F0EDFD38B1002CEFDA69
:104F100040F2A1410C4822F057FB01E0002CF7DBE6
:104F20000A4C0198E9F7B6FD236F23B940F2A4417A
:104F3000054822F049FB236F98470023236703B0FD
:104F400030BD00BF900F0120D47E0401600F01200E
:104F500010B588B00DF018FE002850D00EF004F8FF
:104F6000002814BF022301230DF105011A208DF83A
:104F7000053018F067FB03230DF106013B208DF887
:104F8000063018F05FFB9DF805305A1E534253411E
:104F90000DF1070137208DF8073018F053FB9DF80D
:104FA000073033B1042302A915208DF8083018F01A
:104FB00049FB0DF0FDFD014600200DF01AFE0446F0
:104FC0008DF8140038B90DF0FFFD014620460DF0B4
:104FD00010FE8DF8140005A9162018F033FB9DF87B
:104FE0001400DFF753FA0020DFF76CFA002305A95D
:104FF00032208DF8143018F025FB08B010BD05A93B
:10500000162018F0F3FA02AC0DF11601172018F073
:10501000EDFA21460C2018F0E9FA07A90D200694B4
:1050200018F0E4FA05A80DF099FEDFE737B50E4C4D
:10503000A36A054623B140F24F110C4822F0C4FA8E
:105040000DF106010D20A56218F0D0FA5323237448
:10505000BDF8063023830648064B236211F0B0F9F1
:105060000123237003B030BD600F0120D47E040102
:10507000680F01203148020110B50446E3F7C8F873
:1050800003682360436863608368A360C368E36068
:1050900010BD08B50B46012201461846E1F794FC05
:1050A00068B1B0F8013023F42F6323F00F0343F00D
:1050B0000203A0F80130837E23F00703837608BD46
:1050C00030B585B00D4601900DF10F011A2018F092
:1050D0008DFA9DF80F30022B11D10A4C01A9342012
:1050E00018F0B0FAECF7D0FDECF7BAFD04F16C0063
:1050F00019F0B8FD04F16C00656719F089FD05B081
:1051000030BD00BFF0270120E7F711BBEEF7FDBA75
:1051100007B58DF807000DF10701132018F092FA7A
:1051200003B05DF804FB2DE9F743274C9DF83050A0
:105130001E46236880468946174623B140F2AF21B8
:10514000224822F041FA0DF107011A2018F04EFA18
:10515000022D0CD0032D2CD0012D32D11C4BE36439
:1051600094F85430012B0CBF1A4B1B4B06E09DF8F2
:105170000730022B03D0194BE364194B23650B9BBB
:1051800023610E9B23600D9B164984F84990C4E966
:1051900001371E209DF828302373C4F8408084F81E
:1051A00054601BF07FFE1048DEF718FF03B0BDE827
:1051B000F0839DF80730022BE1D10C4BE364002310
:1051C000DCE70023E364D9E7F0270120D47E040163
:1051D000F14D02019D4D0201C54C0201B14E02018B
:1051E000774C020148280120042801204D4C02017F
:1051F0002DE9F04385B005468DF800108DF80120AB
:105200001F46012200234FF000084FF0000902A9B9
:1052100000881E4EADF802308DF80430CDE90289C9
:105220008DF80320E1F7D0FBB36E044623B140F2C2
:105230004C41174822F0C8F924B940F24D411448B6
:1052400022F0C2F9A388B76603B963702B79E370C3
:10525000EB7A23766B88E3802A46694652F80D3F45
:105260002361536863612B7B63766A79A37E62F363
:105270004103A3763E20074B336618F0E3F9064856
:10528000EDF70CFC05B0BDE8F08300BF600F012016
:10529000D47E0401D1490201A00F012038B5084C89
:1052A000226F054622B140F28241064822F08CF975
:1052B000256705490548BDE838401BF09FBC00BF85
:1052C000600F0120D47E0401E34E0201900F012003
:1052D00038B5084C226F054622B140F28D41064890
:1052E00022F072F9256705490548BDE838401BF0F2
:1052F00087BC00BF600F0120D47E0401E34E020191
:10530000900F01200F2808BF022070470B7A032B53
:1053100003BF0B6803604B680B880CBF43600380BE
:10532000704770474DF6AD60704700BF13B50A4631
:105330000024082A2146CDE9004407D801466846E2
:1053400022F0DEFBDDE9000102B010BD2046FBE7E4
:1053500013B50C460023082C1946CDE9003315D8A7
:1053600001462246684622F0CBFB02AB234413F9E8
:10537000093C002B06DAC4F10802FF210DEB040002
:1053800022F07CFCDDE9000102B010BD1846FBE70D
:1053900010B5044CE7F7C6FC10B1C368A342F9D1BD
:1053A00010BD00BFE51B020110B50446002000BF80
:1053B000FFF7EEFF18B183681B78A342F8D110BD48
:1053C000012901D1806A704709B9406A70470020FD
:1053D000704738B50D461446FFF7E6FF58B1012C6B
:1053E0000AD1C37F63B12146FFF7EAFF013BDBB27D
:1053F000FF2B07D1002038BD002CFBD1837EF1E7C5
:105400001846F3E70288AA42F5D0002BEED02030F0
:10541000ECE72030704710B518B1C36813B1007ABB
:1054200010B90346184610BD1C78944204D15C782C
:1054300004F001048C42F5D001380833C0B2EFE724
:1054400038B502F001041D462246FFF7C2FF2A4686
:105450002146BDE83840FFF7DEBF0830704738B559
:105460000C460546014601222046FFF7B2FF28B947
:10547000024629462046FFF7ACFF10B18078C0F302
:10548000400038BD07B501AA00F0BDF9BDF8040021
:1054900003B05DF804FB10B5011D04468078FFF7EA
:1054A000F1FFE378C0B213F0010F00F1040218BF5E
:1054B00004EB4204D90604D59B064CBF043404EB2C
:1054C0004004A01810BD38B51D46FFF782FF034603
:1054D00008B9002038BD40680028FAD0DC78002CDC
:1054E000F7D00388AB42F5D0013CFFF7D4FFE4B21C
:1054F000F5E7F8B51D46144C7BB923706370A070B6
:10550000A180A360FFF765FF28B1C378637013B172
:105510004368A3602570A068F8BDA37883420FD1CB
:10552000A3888B420CD1A068A84209D12378627865
:105530000133934204DA2370FFF7ADFFA060EAE77E
:105540000023A360E7E700BF741501202DE9F047B1
:1055500088B08246894690461F46DDE91065FFF710
:10556000B2FF044670B36EB365B303AB10220021E3
:10557000184622F083FB01230190ADF80E908DF8C0
:105580001080ADF8127007950293A3783370022251
:1055900069463A208DF80CA0ADF800201BF0EEFC17
:1055A000029B1BB9002008B0BDE8F087261D3146DC
:1055B000A078FFF767FF00238342F3D0F25CEA5440
:1055C0000133F9E78620EEE72DE9F04788B09A46E7
:1055D00003AB04460F469046184610220021DDE931
:1055E0001096BDF8485022F049FB022201238DF8A5
:1055F0000C40ADF80E708DF81080ADF812A0ADF82B
:1056000016500796ADF8002001900293B9F1000FF3
:1056100003D1862008B0BDE8F087002EF9D02046DF
:10562000534642463946FFF74EFF04460028F0D065
:1056300000F1040841468078FFF724FFA37889F839
:105640000030074669463A201BF098FC029B83B95C
:10565000BDF81600A8428CBF89200020DAE79DF82B
:1056600018003A4608EB0001304422F049FA0020C5
:10567000D0E7BD42F3D28920CCE738B5059D0DB9FE
:10568000FF2038BDFFF71FFF044698B180789DF8D2
:105690001030984210D1E378DB07F1D5211DFFF7D8
:1056A000F1FEC2B202F10A002946204422F028FA93
:1056B0000020E6E78620E4E78D20E2E770B50446A7
:1056C0000D4634F8023B8B420ED34FF6FF76013D78
:1056D000ADB2B5420FD0214611F8010BFFF7D2FE53
:1056E000013014FA80F4F2E7044B4CF207221A80DE
:1056F00020F07CFD0024204670BD00BFEC3300206C
:105700002DE9F0410746084611461A463B780F2B13
:1057100002D98E20BDE8F081BDF81830FFF7D3FE26
:1057200000284BD090F80280041D00263B78B3423D
:1057300011D907EB4602B2F8015008F0FB02482AE3
:10574000E7D1D5B9013B9E42E3D1B8F1480F08BF7C
:1057500001344FF0210821464046FFF793FEBDF883
:105760002430984202462BD8079B089883F8008083
:10577000214622F0C5F90020CCE7013DB8F1480FE1
:10578000ADB20ED1B4F80130AB42C2D914F8038BDC
:1057900021464046FFF776FE00FB05440136F6B28F
:1057A000C4E72388AB42B4D929462046FFF786FFD9
:1057B0000028AED0044614F8018BEFE78620A9E755
:1057C0008920A7E710B5011D04468078FFF75AFE2F
:1057D00054FA80F04FF6FF7302899A4216BFE078C0
:1057E0000020C0F3800010BD10B5011D0446807874
:1057F000FFF748FE54FA80F04FF6FF730089C31A92
:105800005842584110BDF8B507460C46164602B33B
:1058100026286AD04CD81A2800F0B1802AD80D2842
:1058200000F0AF8016D80A2800F0A98006D8082812
:1058300000F0B680092807D102207EE00B2800F096
:10584000A2800C2800F0A180002117B938463080D2
:10585000B170F8BD102800F0A38006D80E2800F023
:1058600096800F28F0D1082067E0182800F0988073
:105870001928E0E7202829D00BD81D2800F08180C6
:1058800003D81B287FD01C28DCE71E287FD01F28C8
:10589000E8E7232820D005D821287DD02228D3D19D
:1058A000032077E0242874D02528CDD1062071E08C
:1058B000422820D841283DD22C286AD00ED8292849
:1058C0006AD005D8272869D02828BDD1012061E0F9
:1058D0002A28E5D02B28B7D104205BE02F285DD003
:1058E00005D82D28E2D02E28AED1072052E030284E
:1058F00056D031289FE7512810D850281FD2482869
:105900001DD04C282DD043289ED100294CD008888A
:10591000023080B2002100289BD098E7E92803D804
:10592000E82889D2E228D6E7F0289CD0F1288BD14C
:10593000102002E0B1B308780130002187E70CB9EC
:10594000022182E72146B4F8015011F8030BFFF75A
:1059500099FD15FB00F0033080B20028F0D0022141
:1059600075E700293FF475AF09882046FFF7A6FECA
:1059700000283FF46EAF001B80B20221CBE703206A
:10598000DBE70620D9E70420D7E70520D5E7072085
:10599000D3E7052001215AE70220FBE70820F9E7B9
:1059A0000120CAE7FF2052E74FF6FF70C5E72DE957
:1059B000F04FC378D90789B0044637D5FFF702FF07
:1059C000A0B304F1040A07AA5146A078FFF71BFF11
:1059D000BDF81C703D1D254407F108062E443A46CB
:1059E0003146504622F07EF800B39DF81E30022B5F
:1059F0001CD0002B44D0A378283B072B05F10605CB
:105A00005046F9B215D8FFF7A3FC804689463046C8
:105A10009DF81C10FFF79CFC06460F4628469DF893
:105A20001C10FFF795FC50EA010332D109B0BDE824
:105A3000F08FFFF77BFC82468B4630469DF81C10AA
:105A4000FFF774FC06460F4628469DF81C10FFF72A
:105A50006DFC50EA0103E9D016EB000847EB0109A1
:105A6000CB4508BFC2450BD21AEB000300934BEBAA
:105A700001030193DDE900239F4208BF9642D5D37D
:105A8000E3781A07D2D443F00803E370F6F701FB7A
:105A9000CCE7002871F1000302DA404261EB4101DA
:105AA0003318029347EB01030393DDE9022390458A
:105AB00079EB0303E4DA18EB0003049349EB0103E9
:105AC0000593DDE90423964277EB0303AEDBD7E7CA
:105AD0002DE9F04F93B002F001054FF0080EDDF80C
:105AE00074B08DF83A5087250DF1380C9DF8704050
:105AF0008DF84450ADF820E001254FF0100E80469F
:105B00000E4617469DF878A09DF87C90ADF83810A9
:105B1000ADF83C308DF83E40CDF840B0ADF81450B3
:105B2000CDE906C5CDE909C5ADF82CE0CDE90CC538
:105B3000BBF1000F00F0E480FFF7C5FC054600282C
:105B400000F0E0808378A34240F0DE80BAF1000FDD
:105B500003D0C378980700F1D980B9F1000F40F065
:105B6000D78005F1040A04AA51462046FFF74BFEF0
:105B70009DF81230022B10D1AB784C2B00F0C68070
:105B80009BF800202B799A4240F0C080BBF801209E
:105B9000B5F805309A4240F0B980EB78D90614D4B4
:105BA000002305A93A2007931BF0E8F9079C002C75
:105BB00040F0A3805946BDF81020504621F0A0FFC8
:105BC00004A92846FFF7F3FE46E0BDF81000041DC7
:105BD000DA072C4444BF04EB400408349B063FD54D
:105BE00023883A4631464046FFF76DFC638881467C
:105BF0003A4631464046FFF766FCB9F1000FCFD078
:105C00000028CDD009F10404061DAB78BDF81010B2
:105C1000283B072BC9B2204627D9FFF787FB8046D0
:105C2000894630469DF81010FFF780FBCDE9000152
:105C30009DF810105846FFF779FB06460F463A20AC
:105C40000BA91BF09BF90C9B1C7BC4BBBDF810205F
:105C50005946504621F054FF204613B0BDE8F08F5E
:105C6000002C9DD02618D0D19AE7FFF771FBCDE923
:105C700002019DF810103046FFF76AFB8046894606
:105C800058469DF81010FFF763FB0023CDE9000193
:105C900008A93A200A931BF071F90A9BEBB1DDE9E0
:105CA0000023904579EB0303A8BF2146BDF81020DF
:105CB000B8BF3146504621F023FFC424CCE74F45FE
:105CC00008BF464501D28724C6E7DDE90034BC425F
:105CD00008BFB342BFF464AFF5E7DDE90034DDE9A6
:105CE00002128B4274EB0203EDDBDDE900349845D0
:105CF00079EB0403BFF654AFE5E7069B1C7BABE7EB
:105D0000FF24A9E78624A7E78D24A5E78824A3E735
:105D10000024A1E71FB50024CDE90244079C0194AB
:105D20009DF818400094FFF7D3FE04B010BD1FB5D6
:105D30009DF82040039401240294079C01949DF84F
:105D400018400094FFF7C4FE04B010BD13B504461C
:105D500058B1011D01AA8078FFF755FD204601A921
:105D6000FFF725FE002002B010BD8620FBE702F001
:105D70000102FFF72EBB00BF704700BF017A008809
:105D8000F6F7FEBE70B50278104C018A067AA4F8C8
:105D90005A100123002593400D48C4F8AF30382134
:105DA000022284F8B360C4F81001A4F8561084F8F5
:105DB000582084F8B55084F8B65009F099FB204675
:105DC00084F8B450BDE87040EDF79FBCFC33002070
:105DD0000D5E020130B40B4B027A058883F8AF20C8
:105DE000027C094C83F8B02036210222A3F85A50D5
:105DF000C3F81041184630BCA3F8561083F8582059
:105E0000EDF783BCFC330020195E0201C17A014822
:105E100017F02ABBF8430301C17A014817F024BBED
:105E20000C440301F8E700BF0178014817F01CBBE0
:105E300024440301F8E700BF10B9034817F014BB6E
:105E4000024817F011BB00BF40440301484403015E
:105E50000146014817F008BB54440301017A008849
:105E6000F6F7A4BF10B590F82040017E0269836860
:105E70000088003418BF0124003182B018BF01210E
:105E8000CDE90014F6F750FF02B010BD017A00888A
:105E9000F6F7A4BF10B5064C022384F835300CF099
:105EA00087FEE0622046BDE81040DEF797B800BFED
:105EB000102B0120037E027C0146003318BF012312
:105EC00000328068096818BF0122F6F759BF00BF89
:105ED00000B583B0037E0093026983680088F6F7FB
:105EE0009DFE03B05DF804FB01890088F6F762BEF1
:105EF000017A0088F6F7CABE08B51CF0AFF8024870
:105F0000BDE8084017F0B0BA4044030100B590F96D
:105F10002020037E83B0CDE9003282680368008AC6
:105F20001CF016F8024803B05DF804EB17F09CBAB9
:105F300040440301027C01890088F6F753BE00BF8C
:105F400001890088F6F78ABE10B5094C0948236814
:105F5000196817F089FA236853F8102F236022B1CB
:105F60000548BDE8104018F053BE226010BD00BFC8
:105F7000B006012064440301482B0120044B054A6C
:105F80001A6105210122184699601A7318F040BE63
:105F9000C01101200560020138B5154B154C1B7866
:105FA000082B06D0144BE3601248BDE838400DF0D2
:105FB000BDBA0023C4E90033C4E90233FCF76AFE2A
:105FC0000E4B0F4A2070126803F114004FF6FF7158
:105FD00060601983107851789578187559759068B4
:105FE0009D75D2E90312C3E907015A62DAE700BFDF
:105FF0005C26012000000020355E0201C011012056
:10600000E03500200E4B0F4893F84C300E4910B588
:10601000002B0E4C4FF0000314BF0A220222C4E9E9
:106020000033C4E9023302700A70FCF733FE084BF8
:106030002070E3602046BDE810400DF077BA00BF45
:10604000102B0120180000205C26012000000020F9
:1060500055600201094B1B781BB90178084817F0FD
:1060600003BA084B084A9A630521012203F128006C
:10607000196383F8342018F0CBBD00BF5C260120E3
:1060800024440301C0110120995F020110B50948A1
:10609000094C0BF0EFFD09480BF0F2FD08480BF03E
:1060A000F5FD20460BF0F8FD04F5A070BDE81040AA
:1060B0000BF0F8BD44ED0201E8280401E4E602011A
:1060C00094EB020110B5074C236803B110BD0648DC
:1060D00017F0CAF9054B23600548BDE8104018F0D9
:1060E00097BD00BFB00601206C44030154ED0201CE
:1060F000482B012010B5074C236803B110BD06489A
:1061000017F0B2F9054B23600548BDE8104018F0C0
:106110007FBD00BFB00601206C440301E8280401E4
:10612000482B012010B5074C236803B110BD064869
:1061300017F09AF9054B23600548BDE8104018F0A8
:1061400067BD00BFB00601206C44030194EB02015F
:10615000482B012010B5074C236803B110BD064839
:1061600017F082F9054B23600548BDE8104018F090
:106170004FBD00BFB00601206C440301E4E60201FC
:10618000482B012000B583B08DF807000DF1070002
:1061900017F06AF903B05DF804FB00BF17F064B9AB
:1061A00010B504680B482146022221F099FB78B112
:1061B00002222146084821F093FB40B121460222E9
:1061C000064821F08DFB002814BF0220032010BDDB
:1061D000012010BD7C440301804403018444030179
:1061E00030B5044687B00C4DFFF7DAFF216A23690A
:1061F000A2692D780191A16A0091B4F8401005912F
:1062000094F83810039194F8301002912189049584
:10621000F6F7D0FE07B030BD5E0F012030B5044662
:1062200085B0084DFFF7BCFF218D2369A2692D7849
:10623000029194F82010009121890195F6F780FED3
:1062400005B030BD5E0F012030B5044687B00C4D5F
:10625000FFF7A6FF216A2369A2692D780191A16A3F
:106260000091B4F84010059194F83810039194F817
:106270003010029121890495F6F702FE07B030BD77
:106280005E0F012030B5044685B0084DFFF788FF4A
:10629000218D2369A2692D78029194F82010009134
:1062A00021890195F6F7B2FD05B030BD5E0F0120E2
:1062B0000078003018BF0120F7F73ABF00780030AF
:1062C00018BF01200DF05ABA0078003018BF012025
:1062D0000DF034BA00780DF09DB900BF00780DF0D4
:1062E00085B900BF0078F6F767BF00BF38B50D4C21
:1062F0000D4BC4F81031362202230546A4F856206F
:1063000084F8583009F00CF92A7884F8AF2001237A
:10631000A4F85A0084F8B0302046BDE83840EDF7C4
:10632000F4B900BFFC330020255E020170B5224C99
:1063300022490023C4E90033C4E9023302780A7019
:1063400002F00103950748BF0133510744BF0133F1
:10635000DBB2120744BF0133DBB2012B26D805465E
:10636000FCF798FC2989164B20704A1E92B24FF612
:10637000FD754FF6FF70AA4288BF0146114A63605F
:10638000143B12681983517810785975D2E903517A
:10639000967818759E7590680B4AD861C3E90851C4
:1063A000E2600548BDE870400DF0C0B80748BDE8A0
:1063B000704017F059B800BF000000205C26012093
:1063C000D4110120E0350020295E02018844030138
:1063D00038B50C480C4C0D490D4A0025042380F8B3
:1063E0004C50C4E90055C4E902550B701370FCF71A
:1063F00051FC084B207065602046E360BDE83840E2
:106400000DF094B8102B012000000020180000208F
:106410005C2601207D5F020138B50C4B0C4C0D4809
:106420000D490125042283F84C500023C4E90033B0
:10643000C4E9023302700A70FCF72CFC074B207091
:10644000E3602046BDE838400DF070B8102B012005
:1064500000000020180000205C2601207D5F020162
:1064600030B583B00BF05CFA024600685168084C06
:106470006B4603C3009D204616F0F6FF29462046D2
:1064800016F0F2FF034803B0BDE8304016F0ECBF51
:10649000C4440301CC44030108B509F041F8BDE848
:1064A00008400146014816F0DFBF00BFD044030199
:1064B00000B583B00DF10701032017F097F89DF8A0
:1064C0000710034816F0D0FF03B05DF804FB00BFCF
:1064D000D844030108B51AF0A7FD064A06491388F7
:1064E00023F4436323F009030120138081F83C0067
:1064F00008BD00BFDE290120C01101204FF08843F4
:10650000094A0A4830B40121094C0025C3F8B050AB
:10651000C3F8B040C3F8B0001164136C00BF00BFF3
:1065200000BF00BF30BC7047000A0044AA996655FE
:10653000556699AA034B93F83C0080F001000DF0DA
:106540007DB800BFC011012000B583B00268836828
:10655000009369460620019217F074F8DDE9000106
:10656000024BC3E90A0103B05DF804FB3831002097
:1065700010B5014684B00446022017F063F804F118
:106580000801052017F05EF823788DF8083068467A
:1065900003238DF80030FAF78FFA237A8DF808304C
:1065A000684684238DF80030FAF786FA024816F020
:1065B0005BFF04B010BD00BF4044030108B5084BA9
:1065C00008481978C1F3411116F04EFF064B0748F1
:1065D0001978BDE8084001F00F0116F045BF00BF73
:1065E00008000141E044030109000141F0440301B6
:1065F000016800200CF0D2BF016801200CF0CEBF72
:1066000030B5044685B0FFF7CBFD218C228B064BBD
:10661000019100920025227C21891B780295F6F7D2
:1066200001F805B030BD00BF5E0F012030B5044653
:1066300085B0FFF7B5FD218C228B94F82850064BCE
:106640000295CDE900210025227C21891B78039544
:10665000F6F730F805B030BD5E0F012030B50446C6
:1066600087B0FFF79DFD94F83820258C94F828100A
:10667000049204F130020392228B064B0295CDE97D
:1066800000210025227C21891B780595F6F770F8FA
:1066900007B030BD5E0F012030B5044687B0FFF76C
:1066A0007FFD94F83820258C94F82810049204F18A
:1066B00030020392228B064B0295CDE90021002582
:1066C000227C21891B780595F6F7A6F807B030BD26
:1066D0005E0F012030B5044687B0FFF761FD218FC2
:1066E000228E94F828500491218C0392228B054B22
:1066F0000092CDE90115227C21891B78F6F7E0F89C
:1067000007B030BD5E0F0120F5F7FEB930B5044685
:1067100087B0FFF745FD218F228E049104F14001DF
:1067200094F828500591218C0392228B054B0092FE
:10673000CDE90115227C21891B78F6F71BF907B0FA
:1067400030BD00BF5E0F012010B5044682B0FFF7D8
:1067500027FD218C228B054BCDE90021227C21894C
:106760001B78F6F785F902B010BD00BF5E0F01205F
:10677000007810B1012800D07047F5F70DBF00BFB9
:10678000054B06490022C3E9002202781A70184618
:1067900059600CF0E7BF00BF10000020395E020115
:1067A00001480CF0FFBF00BF515E02012DE9F04F20
:1067B00085B0064602939DF848309DF838B09DF8A4
:1067C0003CA0BDF840909DF8445003930F4690467E
:1067D000F6F7AEF960B30446029BEDB10622002144
:1067E000F5F7E6FEA36C039A83F800B083F801A0E6
:1067F000A3F802901D715A714FF440700090434607
:1068000004F11C003A463146F5F7E2FE204605B099
:10681000BDE8F04F1AF000BF29460422F5F7C8FE84
:10682000A36C83F800B083F801A0A3F80290E3E71B
:1068300005B0BDE8F08F00BF2DE9F04F85B00646EA
:106840000F46904603939DF838A09DF83C909DF824
:1068500040509DF844B0F6F76BF940B30446039BF3
:10686000DDB104220121F5F7A3FEA36C83F800A09B
:1068700083F801909D7083F803B04FF4407000904E
:10688000434604F11C003A463146F5F7A1FE204686
:1068900005B0BDE8F04F1AF0BFBE02220121F5F7A6
:1068A00087FEA36C83F800A083F80190E5E705B0AC
:1068B000BDE8F08F2DE9F04F85B0064602939DF8B4
:1068C00048309DF838B09DF83CA09DF840909DF868
:1068D000445003930F469046F6F72AF960B30446F6
:1068E000029BEDB105220221F5F762FEA36C039A2B
:1068F00083F800B083F801A083F80290DD701A716C
:106900004FF440700090434604F11C003A46314673
:10691000F5F75EFE204605B0BDE8F04F1AF07CBEEC
:1069200003220221F5F744FEA36C83F800B083F83C
:1069300001A083F80290E3E705B0BDE8F08F00BF47
:106940002DE9F04F85B006460F46904603939DF81B
:1069500038A0BDF83C909DF840509DF844B0F6F743
:10696000E7F840B30446039BDDB105220321F5F7A8
:106970001FFEA36C83F800A0A3F80190DD7083F8DC
:1069800004B04FF440700090434604F11C003A46B6
:106990003146F5F71DFE204605B0BDE8F04F1AF070
:1069A0003BBE03221146F5F703FEA36C83F800A05B
:1069B000A3F80190E5E705B0BDE8F08F2DE9F04FB1
:1069C00085B006460F46904603939DF838A09DF883
:1069D0003C909DF840509DF844B0F6F7A9F840B3BC
:1069E0000446039BDDB106220421F5F7E1FDA36C0B
:1069F00083F800A083F801909D7083F803B04FF4F2
:106A000040700090434604F11C003A463146F5F7C9
:106A1000DFFD204605B0BDE8F04F1AF0FDBD0422B1
:106A20001146F5F7C5FDA36C83F800A083F801902B
:106A3000E5E705B0BDE8F08F2DE9F04F85B00646DB
:106A400002939DF848309DF838B09DF83CA0BDF801
:106A500040909DF8445003930F469046F6F768F82F
:106A600060B30446029BEDB106220521F5F7A0FDB7
:106A7000A36C039A83F800B083F801A0A3F80290F6
:106A80001D715A714FF440700090434604F11C0090
:106A90003A463146F5F79CFD204605B0BDE8F04F7B
:106AA0001AF0BABD04220521F5F782FDA36C83F824
:106AB00000B083F801A0A3F80290E3E705B0BDE8B9
:106AC000F08F00BF2DE9F04F85B0064602939DF888
:106AD00048309DF838B09DF83CA0BDF840909DF836
:106AE000445003930F469046F6F722F860B30446ED
:106AF000029BEDB106221146F5F75AFDA36C039AED
:106B000083F800B083F801A0A3F802901D715A71B8
:106B10004FF440700090434604F11C003A46314661
:106B2000F5F756FD204605B0BDE8F04F1AF074BDEC
:106B300004220621F5F73CFDA36C83F800B083F82E
:106B400001A0A3F80290E3E705B0BDE8F08F00BF15
:106B50002DE9F04F85B0064602939DF84830BDF808
:106B600038B0BDF83CA0BDF840909DF84450039368
:106B70000F469046F5F7DCFF60B30446029BEDB18B
:106B800008220721F5F714FDA36C039AA3F800B0BF
:106B9000A3F802A0A3F804909D71DA714FF440703D
:106BA0000090434604F11C003A463146F5F710FDCB
:106BB000204605B0BDE8F04F1AF02EBD0622072191
:106BC000F5F7F6FCA36CA3F800B0A3F802A0A3F8B5
:106BD0000490E3E705B0BDE8F08F00BF2DE9F04F6A
:106BE00085B006460F4690460393BDF938A0BDF91F
:106BF0003C909DF840509DF844B0F5F799FF40B3A4
:106C00000446039BDDB106220821F5F7D1FCA36CF5
:106C1000A3F800A0A3F802901D7183F805B04FF40B
:106C200040700090434604F11C003A463146F5F7A7
:106C3000CFFC204605B0BDE8F04F1AF0EDBC0422B1
:106C40000821F5F7B5FCA36CA3F800A0A3F8029007
:106C5000E5E705B0BDE8F08F2DE9F04F85B00646B9
:106C60000F4690460393BDF838A0BDF83C909DF8C0
:106C700040509DF844B0F5F75BFF40B30446039BDA
:106C8000DDB106220A21F5F793FCA36CA3F800A05E
:106C9000A3F802901D7183F805B04FF44070009086
:106CA000434604F11C003A463146F5F791FC204674
:106CB00005B0BDE8F04F1AF0AFBC04220A21F5F789
:106CC00077FCA36CA3F800A0A3F80290E5E705B059
:106CD000BDE8F08F2DE9F04F85B0064602939DF890
:106CE0004830BDF938B0BDF93CA0BDF840909DF8E2
:106CF000445003930F469046F5F71AFF60B30446DD
:106D0000029BEDB108220921F5F752FCA36C039A0E
:106D1000A3F800B0A3F802A0A3F804909D71DA7163
:106D20004FF440700090434604F11C003A4631464F
:106D3000F5F74EFC204605B0BDE8F04F1AF06CBCEC
:106D400006220921F5F734FCA36CA3F800B0A3F8E0
:106D500002A0A3F80490E3E705B0BDE8F08F00BF00
:106D60002DE9F04F85B0064602939DF84830BDF8F6
:106D700038B09DF83CA0BDF840909DF84450039376
:106D80000F469046F5F7D4FE60B30446029BEDB182
:106D900007224021F5F70CFCA36C039AA3F800B07E
:106DA00083F802A0A3F803905D719A714FF44070CC
:106DB0000090434604F11C003A463146F5F708FCC2
:106DC000204605B0BDE8F04F1AF026BC0522402150
:106DD000F5F7EEFBA36CA3F800B083F802A0A3F8CC
:106DE0000390E3E705B0BDE8F08F00BF2DE9F04F59
:106DF00085B006460F46904603939DF838A0BDF82F
:106E00003C909DF840509DF844B0F5F791FE40B39A
:106E10000446039BDDB105224121F5F7C9FBA36CB4
:106E200083F800A0A3F80190DD7083F804B04FF45C
:106E300040700090434604F11C003A463146F5F795
:106E4000C7FB204605B0BDE8F04F1AF0E5BB0322B2
:106E50004121F5F7ADFBA36C83F800A0A3F80190E6
:106E6000E5E705B0BDE8F08F2DE9F04F85B00646A7
:106E700002939DF848309DF838B0BDF83CA0BDF8AD
:106E800040909DF8445003930F469046F5F750FE0E
:106E900060B30446029BEDB107224221F5F788FB5F
:106EA000A36C039A83F800B0A3F801A0A3F80390A1
:106EB0005D719A714FF440700090434604F11C00DC
:106EC0003A463146F5F784FB204605B0BDE8F04F61
:106ED0001AF0A2BB05224221F5F76AFBA36C83F8E6
:106EE00000B0A3F801A0A3F80390E3E705B0BDE864
:106EF000F08F00BF2DE9F04F85B0064602939DF854
:106F00004830BDF838B09DF83CA0BDF840909DF8E1
:106F1000445003930F469046F5F70AFE60B30446CB
:106F2000029BEDB107224321F5F742FBA36C039AC4
:106F3000A3F800B083F802A0A3F803905D719A71E2
:106F40004FF440700090434604F11C003A4631462D
:106F5000F5F73EFB204605B0BDE8F04F1AF05CBBEC
:106F600005224321F5F724FBA36CA3F800B083F8B6
:106F700002A0A3F80390E3E705B0BDE8F08F00BFDF
:106F80002DE9F04F87B0064602939DF848300393F1
:106F9000BDF84C3004939DF858309DF840A09DF802
:106FA0004490BDF850B09DF8545005930F4690465C
:106FB000F5F7BEFD002836D00446029B15B3092222
:106FC0004421F5F7F5FAA36C039A9A70049AA3F892
:106FD0000320059A83F800A083F80190A3F805B078
:106FE000DD711A724FF440700090434604F11C00AA
:106FF0003A463146F5F7ECFA204607B0BDE8F04FC7
:107000001AF00ABB07224421F5F7D2FAA36C039ABF
:107010009A70049A83F800A083F80190A3F80320E3
:10702000A3F805B0DEE707B0BDE8F08F2DE9F04F1B
:1070300087B006460393BDF84C3004939DF8543056
:107040009DF840B0BDF844A0BDF848909DF8505060
:1070500005930F469046F5F76BFD90B30446039BEE
:1070600005B309224B21F5F7A3FAA36C049AA3F800
:107070000520059A83F800B0A3F801A0A3F80390B7
:10708000DD711A724FF440700090434604F11C0009
:107090003A463146F5F79CFA204607B0BDE8F04F76
:1070A0001AF0BABA07224B21F5F782FAA36C049AB8
:1070B00083F800B0A3F801A0A3F80390A3F805207B
:1070C000E0E707B0BDE8F08F2DE9F04F87B0064646
:1070D0000293BDF848300393BDF84C3004939DF8FB
:1070E00058309DF840A0BDF84490BDF850B09DF8D0
:1070F000545005930F469046F5F71AFD002838D0F6
:107100000446029B1DB30B224C21F5F751FAA36CE8
:10711000039AA3F80320049AA3F80520059A83F89C
:1071200000A0A3F80190A3F807B05D729A724FF423
:1071300040700090434604F11C003A463146F5F792
:1071400047FA204607B0BDE8F04F1AF065BA0922A9
:107150004C21F5F72DFAA36C039AA3F80320049AA7
:1071600083F800A0A3F80190A3F80520A3F807B0C6
:10717000DDE707B0BDE8F08F2DE9F04782B00646A5
:107180000F46904699469DF828509DF82CA0F5F79B
:10719000CFFC00B30446C5B14B4602224721F5F7A8
:1071A00007FAA36C1D7083F801A04FF440700090A3
:1071B000434604F11C003A463146F5F709FA2046E9
:1071C00002B0BDE8F0471AF027BA4B462A464721DD
:1071D000F5F7EEF9E9E702B0BDE8F08770B51646BD
:1071E000026C856B04462AB90668013546B3002057
:1071F000A56370BD86B9406820F082FC6368216C8D
:10720000A2680B44934205F101056360EFD3236844
:1072100063603046A56370BDC06820F071FC226CCD
:10722000E3682168524213448B42E36002D2A368B0
:107230001A44E260022E08D001350020A56370BD1B
:107240008068F2F74DFAA660D2E7002DCFD1012574
:107250000020CDE7026C72B110B40B46D0E90241B8
:107260001144A142C16024BF0168C1605DF8044BB4
:10727000184620F045BC704770B5846CA26BE36B78
:1072800082B09A42019003D30025284602B070BD17
:1072900094F84560002201A92046FFF79FFF76B2CF
:1072A000731C05460AD1636A002BEED004F124005A
:1072B000F2F764F8002818BF0125E6E7F1F714FD9E
:1072C0008642E2D2013676B284F84560DDE700BF3F
:1072D00070B5054612F0A0FD95F8454064B2002C4B
:1072E0001BDD05F1240606E0FFF7C6FF70B9013C7F
:1072F000E3B25CB28BB1AB6C2846002BF4D16B6A65
:10730000304653B1F2F73AF80028F0D0013CF2F7DA
:107310005FF9E3B25CB2002BEDD1FF2385F8453075
:1073200012F08AFD12F078FD95F8444064B2002C0A
:1073300016DD2B69A3B105F1100605E0013CE3B2AF
:107340005CB26BB12B695BB13046F2F717F80028DD
:10735000F4D0013CF2F73CF9E3B25CB2002BF1D17E
:10736000FF2385F84430BDE8704012F065BD00BFD2
:1073700030B3C36B13B370B5056CA5FB03350023A5
:10738000002D36D104460E4612F046FDD4E90F32E8
:107390002168A56303FB02F39A1AFF200A440B44F9
:1073A00084F84400C4E90232616084F84500BEB943
:1073B000236933B912F040FD012070BD18467047B3
:1073C000704704F11000F1F7D9FF0028F2D00A4B02
:1073D0004FF080521A60BFF34F8FBFF36F8FE9E712
:1073E00004F110001EF018FA04F124001EF014FA43
:1073F000E0E7184670BD00BF04ED00E001FB00F3BC
:1074000013F14D0F70B515D8064603F14C000D462B
:1074100016F012FC044668B17DB100F14C03236004
:10742000C4E90F6501212046FFF7A2FF0023A364F2
:10743000204670BD0024204670BD0346EFE700BF24
:10744000024618B1A2FB012303B9D7E70020704719
:1074500058B1884207D310B50C460021FFF7CEFF84
:1074600000B1846310BD0020704770472DE9F043E0
:1074700085B00446894601921F460026DFF82C811C
:1074800007E012F0D9FC2046FFF722FFF1F71EFDBE
:10749000012612F0C1FCA26BE36B9A4243D3022F88
:1074A0005DD0019D002D65D0002E38D012F0C4FCB7
:1074B000F1F704FC12F0B0FC94F84430FF2B04BF49
:1074C000002384F8443094F84530FF2B04BF002398
:1074D00084F8453012F0B0FC01A902A8F2F738F8A0
:1074E00000284DD112F098FCA26BE36B9A42C8D1F0
:1074F00012F0A2FC019904F11000F1F70FFF2046F1
:10750000FFF7E6FEF1F7E2FC0028C1D14FF080530F
:10751000C8F80030BFF34F8FBFF36F8FB8E702A8F2
:10752000F2F70CF8C2E749463A462046A56BFFF74A
:1075300055FEA36C6BB3022F19D02046FFF79CFEBB
:1075400038B11A4B4FF080521A60BFF34F8FBFF320
:107550006F8F12F071FC012005B0BDE8F0833A4650
:1075600049462046A56BFFF739FEA36C8BB1002D71
:10757000E3D0EEE712F060FC284605B0BDE8F083EA
:107580002046FFF7A5FEF1F7A1FC002005B0BDE8FD
:10759000F083636A13B90028DBD0D2E704F124003A
:1075A000F1F7ECFE0028D4D0CBE700BF04ED00E0FB
:1075B00010B500210120FFF721FF044638B1002358
:1075C00083600360C3601A461946FFF74FFF2046E9
:1075D00010BD00BF2DE9F843EFF311864FF02004F2
:1075E00084F31188BFF36F8FBFF34F8F856BC46B2C
:1075F000A54206D3022B04D0002086F31188BDE8F3
:10760000F88390F84550D0F8389017466DB21A4676
:1076100098460446FFF7E2FD6B1C0FD1A36CD3B173
:10762000B8F1020F02D1B9F1000F0FD12046FFF7D8
:1076300023FE58B157B101203860DEE7F1F754FB63
:10764000854203D201356DB284F84550012086F39E
:107650001188BDE8F883636A002BF7D004F1240099
:10766000F1F78CFE0028E5D1F0E700BFF8B5EFF3A5
:1076700011864FF0200383F31188BFF36F8FBFF3A0
:107680004F8F836BC26B9A4210D990F845500133EB
:107690006DB283636B1C0F460CD1836CBBB1FFF7DB
:1076A000EBFD80B17FB10120386000E0002086F35F
:1076B0001188F8BD0446F1F717FB854203D2013566
:1076C0006DB284F84550012086F31188F8BD436AF5
:1076D000002BF8D02430F1F751FE0028E2D1F2E778
:1076E000F0B5044685B00F46019212F095FBA56BEC
:1076F000002D57D1019B002B36D002A8F1F71EFFB9
:107700003A4E12F099FBF1F7D9FA12F085FB94F892
:107710004430FF2B04BF002384F8443094F84530F4
:10772000FF2B04BF002384F8453012F085FB01A92C
:1077300002A8F1F70DFFE0B912F06EFBA36B2BBBB3
:1077400012F07AFB019904F12400F1F7E7FD2046DD
:10775000FFF7BEFDF1F7BAFB88B312F05DFBA56B36
:1077600005BB019B002BCCD112F066FB002005B0BD
:10777000F0BD2046FFF7ACFDF1F7A8FB12F04CFB83
:10778000A36B002BF0D012F057FBE6E712F054FB8E
:107790002046FFF79DFDF1F799FB12F03DFBA56B2D
:1077A000002DDED039462046FFF754FD2369013D08
:1077B000A56363B912F040FB012005B0F0BD4FF0A6
:1077C00080533360BFF34F8FBFF36F8FC5E704F172
:1077D0001000F1F7D3FD0028ECD0044B4FF080529D
:1077E0001A60BFF34F8FBFF36F8FE3E704ED00E044
:1077F0002DE9F043044685B000F12408019112F010
:107800000BFBA36BDFF84C9100273E46002B42D1C7
:10781000019D002D7AD0002E59D012F00DFBF1F70A
:107820004DFA12F0F9FA94F84430FF2B04BF00230C
:1078300084F8443094F84530FF2B04BF002384F8CB
:10784000453012F0F9FA01A902A8F1F781FE0028EB
:1078500030D112F0E1FAA36B002B3CD112F0ECFA1C
:107860002368002B59D001994046F1F757FD204677
:10787000FFF72EFDF1F72AFB38B94FF08053C9F816
:107880000030BFF34F8FBFF36F8F012612F0C4FAA1
:10789000A36B002BBCD02268013BA363002A54D009
:1078A0002369002B42D112F0C7FA0127384605B0F0
:1078B000BDE8F0832046FFF70BFDF1F707FB12F060
:1078C000ABFAA36B83B112F0B7FA0126DEE702A888
:1078D000F1F734FEA1E712F0AFFA2046FFF7F8FC0B
:1078E0000126F1F7F3FAD1E712F0A6FA1FB93846EC
:1078F00005B0BDE8F08312F08FFA616A19B1236B0D
:107900001968C1F10501A068F1F734FF12F094FA8B
:107910000027384605B0BDE8F08312F07DFAA06874
:10792000F1F786FE074612F087FA9CE704F1100093
:10793000F1F724FD0028B6D0064B4FF080521A60B4
:10794000BFF34F8FBFF36F8FADE7F1F76DFFA0600F
:10795000A6E700BF04ED00E070B5044684B00E4613
:10796000019212F059FAA36B002B5BD1019B002B03
:1079700036D002A8F1F7E2FD384D12F05DFAF1F7CA
:107980009DF912F049FA94F84430FF2B04BF00230C
:1079900084F8443094F84530FF2B04BF002384F86A
:1079A000453012F049FA01A902A8F1F7D1FDE0B97A
:1079B00012F032FAA36B2BBB12F03EFA019904F1DC
:1079C0002400F1F7ABFC2046FFF782FCF1F77EFACA
:1079D00000B312F021FAA36B23BB019B002BCCD187
:1079E00012F02AFA002004B070BD2046FFF770FCA8
:1079F000F1F76CFA12F010FAA36B002BF0D012F032
:107A00001BFAE6E712F018FA2046FFF761FCF1F7DF
:107A10005DFADEE74FF080532B60BFF34F8FBFF36B
:107A20006F8FD6E731462046E568FFF713FC636A9F
:107A3000E56023B912F000FA012004B070BD04F132
:107A40002400F1F79BFC0028F4D0044B4FF0805247
:107A50001A60BFF34F8FBFF36F8FEBE704ED00E0C9
:107A60002DE9F041EFF311864FF0200484F31188E3
:107A7000BFF36F8FBFF34F8F846B24B9204686F31B
:107A80001188BDE8F08190F8447005467FB29046B9
:107A9000013CFFF7DFFB7B1CAC6306D12B696BB9A4
:107AA000012086F31188BDE8F081F1F71DF98742C6
:107AB000F6D201377FB285F84470F1E705F1100086
:107AC000F1F75CFC0028EBD0B8F1000FE8D0012002
:107AD000C8F80000D3E700BF70B5EFF311854FF091
:107AE000200383F31188BFF36F8FBFF34F8F836B36
:107AF0001BB9184685F3118870BD0446C668FFF7A8
:107B0000A9FBE660012085F3118870BD10B504461D
:107B100012F082F9A46B12F08FF9204610BD00BF5D
:107B200038B5054612F078F9A86BEC6B241A12F000
:107B300083F9204638BD00BF806B704716F0F8B857
:107B4000006C7047C06B7047806BB0FA80F04009E2
:107B5000704700BF836BC06BC01AB0FA80F0400959
:107B6000704700BF034618B19B0F01D1042145E4C3
:107B70000020704738B504460D4612F04DF9A36C4D
:107B800023B1002412F058F9204638BDA26B22B16F
:107B90001C4612F051F9204638BDA564012412F0AC
:107BA0004BF9204638BD00BF38B5836C8B4201D0FD
:107BB000002038BD856B002DFAD1044612F02CF957
:107BC000A56412F039F9012038BD00BF00B583B0BB
:107BD0000A46002301A90193FFF782FD019803B033
:107BE0005DF804FB00B5002383B01A4601A9019398
:107BF000FFF736FF019803B05DF804FB70B590F80D
:107C0000283004462BB94FF0FF3130301AF0DCF841
:107C1000B0B1656C1EF0C0FB2B780646002B35D149
:107C20006868431C29D1A868411C1DD1E868421C22
:107C300011D12869431C04D130461EF0AFFB01204E
:107C400070BD40B21EF0ACFB84F84B0030461EF015
:107C5000A5FB0120F4E740B21EF0A2FB84F84A0025
:107C60002869431CE8D0ECE740B21EF099FB84F889
:107C70004900E868421CDCD0EDE740B21EF090FB02
:107C800084F84800A868411CD0D0EDE795F90400BD
:107C90001EF086FB84F84E0030461EF07FFB01206C
:107CA000CEE700BF70B5446C05461EF075FB237827
:107CB0000646002B3FD16068431C33D1A068411CAD
:107CC00027D1E068421C1BD12069431C06D13046F5
:107CD0001EF064FB95F8283063B170BD40B295F892
:107CE0004B101EF081FB30461EF058FB95F82830F3
:107CF000002BF2D105F13000BDE870401AF066B8F3
:107D000040B295F84A101EF06FFB2069431CDED08C
:107D1000E4E740B295F849101EF066FBE068421CAB
:107D2000D2D0EDE740B295F848101EF05DFBA06898
:107D3000411CC6D0EDE794F9040095F84E101EF0F2
:107D400053FBC4E7094BD968C2B28A420BD21B6904
:107D500003EB0213DA68904205D1DA78002A08BFF3
:107D60000023184670470023184670474010012032
:107D7000094B9969C2B28A420AD2DB6902EBC2029C
:107D800003EB82031A6A904218BF0023184670471B
:107D900000231846704700BF40100120436A1BB102
:107DA0000A681968914200D070471B7E022BFBD1F4
:107DB000436810B504461B699847636A2BB15A693A
:107DC000626200221A765A611A7110BD421E033295
:107DD0002DE9F8432DD810F47F4F2AD10E46FFF736
:107DE000B1FF054628B303881D4C4FF0540909FB29
:107DF00003F904EB09084046FFF700FF0746C0B14E
:107E0000DEB1012E1ED109F120094C442368002661
:107E10004BB11968EA685869914217D003F114040C
:107E20000346002BF5D14046FFF73CFF3846BDE83E
:107E3000F88300273846BDE8F88305F10C01404679
:107E4000FFF7ACFF09F124094C44DFE71A7E012A51
:107E5000E4D120605E615A761E761E712368D7E7F2
:107E60004010012001292DE9F047066A18BF466A33
:107E7000002E33D00446306888463C495425C0F370
:107E8000072705FB0717C1B23D6905EB01159146B0
:107E9000E968884224D0B8F1010F0CBF04F1200238
:107EA00004F1240273691360002333767361337124
:107EB000B8F1000F0DD1636A83B11A7E012A0DD18A
:107EC0006268D9685268986802241C76BDE8F04759
:107ED0001047236A13B11A7E012A2DD0BDE8F0871E
:107EE0007276717EFF292BD0F3683361B8F1010FF0
:107EF0000CBF236A636A316A0CBF04F1200004F1ED
:107F000024002BB15E690660002018765861187154
:107F10006E68002ECCD094F82830013384F82830D5
:107F20004846AA68B04794F82830013B84F82830C6
:107F3000B8F1000FCDD1BEE76268D9689269C2E797
:107F4000216C086883420DD0486883420CD0896850
:107F50008B420CBF032300236168F361CB68984711
:107F60003061C3E70123F7E70223F5E74010012062
:107F700002781AB190F90230022B00D0704701222A
:107F8000114600236EE700BF436810B55B6A0446E4
:107F900098472278034628B91AB194F90220022A98
:107FA0000DD010BD002AFCD094F90220022AF8D18D
:107FB00020464FF0FF320021BDE8104052E7204636
:107FC00019460122BDE810404CE700BF2DE9F04FF3
:107FD000441E85B003349DF838A018D8C0F3072498
:107FE000ACB9CDE90223CDE90001FFF7ABFE0546B0
:107FF00068B1B0F800B0DFF82C914FF0540808FBDE
:108000000BF709EB07063046FFF7F8FD10B905B08E
:10801000BDE8F08FB5F800C008FB0C91D1E906303F
:1080200063B1017900F1240521B90DE02A7900F14D
:10803000240542B101349C422846F7D1304605B0B0
:10804000BDE8F04F2EE6E4B24FF0540E0EFB0C9359
:108050005FFA8CFC9D8A4FEA0C2C691C4CEA054C9B
:1080600089B24FF6FF754CEA0404A94208BF01210A
:108070004FF0010C002580F804C00462456199822C
:10808000019B8360029BC360009B0360039B0561AF
:10809000E245C56180F818C045761C6016D00EFB1D
:1080A0000B9BDBF8241059B307F124029144D9F853
:1080B0000020002AC2D0516911B905E053691BB1F3
:1080C0005269002AFAD1B9E75061B7E70EFB0B9B62
:1080D000DBF8201019B107F120029144E7E7CBF853
:1080E0002000326A002AA9D0117E0129A6D1DBF82E
:1080F0000400D1688469906802251576A0479DE741
:10810000CBF82400726A002A98D0117E012995D1FB
:10811000DBF80400D1684468906802251576A04712
:108120008CE700BF4010012000283DD1F8B5204C5D
:10813000257835B904F130000E4619F029FE0128E2
:1081400002D04FF0FF30F8BD04F12C0019F020FEF2
:108150000128F6D1D6E90032B168376A2070C4E947
:108160000252F269636021615B69716AA082A26157
:108170007069F268E761376961646263B169B26A24
:108180002265C4E90E702164C4E90855214684F8CB
:10819000285008489847636807481B682146984755
:1081A00002232846A370F8BD4FF0FF30704700BF90
:1081B00040100120717F0201897F020118B9034B31
:1081C00093F9020070470020704700BF4010012063
:1081D00060BBF8B5274D95F90230022B23D12B78DF
:1081E0000BB30E4605F12C004FF0FF3119F0ECFDFA
:1081F000C8B16B78A3B9AF680FB1300710D4E86885
:1082000070B12C69E378ABB104F11002002303E0F4
:10821000E17804F1100261B1013383421446F7D1D1
:10822000154819F0D3FD4FF0FF30F8BD4FF0FF3087
:108230007047DBB231074FF00102E27048BF6A704D
:10824000AA8A0D4843EA02430132E36092B24FF634
:10825000FF739A4208BF01220137AF60AA8246F03D
:10826000040619F0B3FD0023A670C4E9013323808E
:10827000E068F8BD401001206C100120421E03325E
:108280002DE9F04716D8C0F307249CB9FFF75AFD33
:10829000054678B10788DFF8C8804FF0540A0AFB1A
:1082A00007FA0AF12C06464430464FF0FF3119F028
:1082B0008BFD08B9BDE8F08708EB0A094846FFF7CF
:1082C0009DFC0028F6D00AF1200308EB030C58F8B7
:1082D00003304BB11968EA685869914228D003F11C
:1082E000140C0346002BF5D10AF1240A08EB0A0C02
:1082F00058F80A404CB12168EA686069914223D07D
:1083000004F1140C0446002CF5D14846FFF7CAFCD2
:10831000542303FB07874FF0FF32BB687C70134484
:10832000BB603046EC70EA60BDE8F04719F04EBD26
:108330001A7E012AD3D1CCF800005C615A761C76F3
:108340001C71DCF80030C4E7227E012AD8D1CCF8B9
:1083500000006361627623762371DCF80040C9E790
:108360004010012038B5431C13D0C0F3072585B950
:1083700004460948FFF742FC58B12046FFF7F8FCD5
:1083800010B10023C569C3610348FFF78BFC284681
:1083900038BD0025284638BD401001202DE9F041A8
:1083A000421E033284B03FD8C0F30725002D3BD1D5
:1083B0000C46FFF7C7FC002836D0002C34D00388C9
:1083C0001D4F542606FB03F606F13008B84440461C
:1083D0004FF0FF3119F0F8FC30B33E44D6E90D02FE
:1083E0006168A76852F8212050F82770F36BE068A5
:1083F000216853F820300393CDE90127013700911C
:108400000AD0013208D0013306D0736829469B6A2E
:1084100068469847054660B90025404619F0D6FCE5
:10842000284604B0BDE8F0810025284604B0BDE828
:10843000F081A3683365F0E740100120F8B5441ED1
:10844000033411D810F47F4F0ED114460D46FFF7B8
:1084500079FC064640B10788074B542202FB0737D8
:108460003846FFF7CBFB00B9F8BDC6E901543846E2
:10847000BDE8F84016E400BF40100120F0B583B01D
:1084800043B14FF0FF361E6022B119B101240094B0
:10849000FFF79CFD03B0F0BDF0B583B043B14FF0E2
:1084A000FF361E6022B119B100240094FFF78EFD43
:1084B00003B0F0BD38B5431C1ED010F47F4F1BD164
:1084C000144D04462846FFF799FBA8B12046FFF754
:1084D0004FFC70B1037E022B05D004690D48FFF7F5
:1084E000E1FB204638BD2B6A83420ED06B6A834283
:1084F00006D04FF0FF34F1E74FF0FF34204638BD8F
:108500006B68DB6898470446E8E76B681B6A984726
:108510000446E3E74010012038B5431C1DD010F499
:108520007F4F1AD1104D04462846FFF767FBA0B1D4
:10853000AA69E3B29A4206D86FF001040A48FFF72D
:10854000B1FB204638BDEA6903EBC30302EB8303AA
:108550001A6AA24205D00224F0E76FF00104204617
:1085600038BD5C7E64B2E9E74010012001212DE4B2
:1085700000212BE4421E033270B510D810F47F4F57
:108580000DD1FFF7DFFB064648B10588104B54229A
:1085900002FB05352846FFF731FB044610B90024DD
:1085A000204670BD06F10C012846FFF7F7FB6B6A09
:1085B0004BB11A7E012A06D16A68D9685268022036
:1085C0001876986890472846FFF76CFB204670BDE8
:1085D00040100120F0B59BB00546F4F7A9FA002839
:1085E0004BD0274B1E788DF834600446002E3ED0C9
:1085F000002184460122587801310228CFB203F1CC
:10860000090305D81AAC1444013204F8340CD2B270
:10861000BE42F0D8561EF6B21423062160466446C8
:10862000F3F7C6FFEEB92946012204F11C00F4F766
:108630008DFA2046002418F0EFFF089408AB0FCB0A
:108640008DE80F00069544F60155ADF810508DF8F1
:108650001C4004AD95E80F0006F018F820461BB04A
:10866000F0BD32460DA9A06C1FF04AFADBE71423D7
:1086700001220621F3F79CFFD5E789201BB0F0BD4E
:10868000783500202DE9F04FA1B081468846154687
:10869000F4F74EFA002800F099802B7895F801A0A5
:1086A0008DF84DA00122022B8DF84C2000F288801D
:1086B000DFF820B1CDF814A051464FF0000E022291
:1086C000844600BF03EB430003EB800000EB0B0686
:1086D00071B310F80B40FF2C2AD020AF1744B6F826
:1086E00003A00697501C20AF57FA80F0D71C0797BD
:1086F000AE784F1E08970EF1010709971FFA8AF707
:10870000002E4DD0B5F80300074202F101000FD052
:1087100020AE56FA80F0164401390EF1010E0332F4
:1087200006F8344CC9B25FFA8EFED2B220F834ACEF
:108730000133D8B20228C5D9DDF814A06446164624
:10874000F24504D000238DF84DE08DF84C30142311
:1087500020460821F3F72CFF324613A9A06C1FF026
:10876000CFF94946012204F11C00F4F7EFF9204645
:1087700018F052FF0E950EAB0FCB8DE80F0044F6AC
:108780000104ADF82840CDF830908DF834800AAC63
:1087900094E80F0005F07AFF002021B0BDE8F08FCB
:1087A000069F9DF81C2007F8344C013320F834ACA8
:1087B000D8B202289DF820109DF824E082D9BBE7AA
:1087C0000226044632464FF0000EB9E7892021B058
:1087D000BDE8F08FB835002030B58DB00546F4F710
:1087E000A7F980B31423042205210446F3F7E0FE21
:1087F0001649A36C4A780878187012BB5A704FF06B
:1088000001025A802946012204F11C00F4F79EF966
:108810002046002418F000FF08940CAB13E90F0069
:108820008DE80F00069545F20115ADF810508DF852
:108830001C4004AD95E80F0005F028FF20460DB060
:1088400030BD0A7BDAE789200DB030BD0814012065
:10885000F0B58DB005460F461646F4F769F90028C5
:1088600051D01423112202210446F3F7A1FE3278DD
:10887000A36C022A30D9FF221A705A709A70DA70EB
:108880001A715A719A71DA711A725A729A721F4A6F
:1088900010681179D86005221974DA72294601220C
:1088A00004F11C00F4F752F9204618F0B5FE0896C2
:1088B0000CAB13E90F008DE80F0044F60124ADF86E
:1088C000104006958DF81C7004AC94E80F0005F07C
:1088D000DDFE00200DB0F0BD02EB420102EB810293
:1088E0000B49885CFF280A44C5D01870B2F8011003
:1088F000A3F80110D2F80510D2F80920C3F8072018
:10890000C3F80310C3E789200DB0F0BD3C5E04013D
:10891000B8350020F0B58DB00546F4F709F9002808
:108920003FD00446142320220121F3F741FE002307
:10893000A26C194602EB430002F813100133102B0E
:108940004170F7D11849002301270878FF2801F169
:108950000D0104D0108807FA03F63043108001336C
:10896000032BF2D12946012204F11C00F4F7EEF8A2
:108970002046002418F050FE08940CAB13E90F00B9
:108980008DE80F00069544F60135ADF810508DF8CE
:108990001C4004AD95E80F0005F078FE20460DB0B0
:1089A000F0BD89200DB0F0BDB835002030B58DB0D8
:1089B000002508950CAB069013E90F008DE80F0019
:1089C00045F20104ADF810408DF81C5004AC94E859
:1089D0000F0005F05BFE28460DB030BD30B58DB000
:1089E000002508950CAB069013E90F008DE80F00E9
:1089F00044F60174ADF810408DF81C5004AC94E8B6
:108A00000F0005F043FE28460DB030BD30B58DB0E7
:108A1000002508950CAB069013E90F008DE80F00B8
:108A200044F60164ADF810408DF81C5004AC94E895
:108A30000F0005F02BFE28460DB030BD2DE9F04F9C
:108A4000ABB013460691079205900A4610A8194646
:108A50001FF056F89DF840708DF874709DF8412015
:108A6000002F00F0A9800DF175037E1E53FA86F6E3
:108A7000DFF84C91DFF84CB10DF141051DAC3B46E0
:108A800006E0032262700134B44215F8012F11D0C0
:108A9000022AF6D802EB420102EB81011BF8011019
:108AA00091423AD04FF0040262700134B44215F89A
:108AB000012FEDD11F460137FFB2F4F739F8044614
:108AC000002875D014233A460721F3F771FD3A4682
:108AD0001DA9A06C1FF014F8059D0122294604F180
:108AE0001C00F4F733F8204618F096FD079B0C9312
:108AF0000CAB0FCB8DE80F000A9544F60144069DA0
:108B0000ADF820408DF82C5008AC94E80F0005F02B
:108B1000BDFD00202BB0BDE8F08F02EBC20CCC44B1
:108B200003F102089CF80110914225D002214FF078
:108B3000090A1AFB021A049310AB98440AEB0907BE
:108B40008CF801203846414608221EF0CBFF049BDA
:108B500018B94FF00502627095E7D8F800204AF87E
:108B6000092099F80020D8F804107960013200211A
:108B700089F80020617086E710A802EBC2028044E9
:108B80000E48911C494402444FF0000C11F8017B3F
:108B900018F8010B874204BF0CF1010C5FFA8CFC42
:108BA0009142F3D1BCF1080FD3D1002262706AE781
:108BB00089202BB0BDE8F08F01277EE782350020A9
:108BC00078350020B83500202DE9F04304468FB0F9
:108BD000408815460E46DCF721FCD0E900231343FC
:108BE00051D1AB7A022B20D803EB8302624F03EB07
:108BF000420207EB02089E4698F80A10994248D0B4
:108C000003EB430103EB81015C4810F801E09E4552
:108C100000EB010C59D0F3F78BFF4FF00508074626
:108C200050B989200FB0BDE8F0834FF00008F3F78A
:108C30007FFF07460028F4D0142301220021F3F718
:108C4000B7FCBB6C214683F80080012207F11C00B1
:108C5000F3F77CFF384618F0DFFC0A950EAB13E9FA
:108C60000F008DE80F0044F6011508948DF824607C
:108C7000ADF8185006AC94E80F0005F007FD002091
:108C80000FB0BDE8F08301460068496804AB03C338
:108C9000A7E7114601313944AA1C05F10A099C468F
:108CA0004FF0000812F8010B11F8013F834204BF96
:108CB00008F101085FFA88F89145F3D1B8F1080F7F
:108CC000634632D04FF00408B1E7DCF80500DCF869
:108CD0000910CDE9040101439DD02978B95488F8E1
:108CE0000A30A97A687801EB810301EB43033B4426
:108CF0000B22587028464FF0020C12FB01C350F8AB
:108D000002CFFA18416847F803C0516095F8008017
:108D1000B8F1030F1ED1AB7A03EB830203EB4203DE
:108D20004FF0030807F8038081E795F80080B8F159
:108D3000000F14D0B8F1030FEED00EEB8E03B8F194
:108D4000010F0EEB430E13D0B8F1020F10D017F83D
:108D50000E806CE795F80AE0B8F1000FEDD10EEB4C
:108D60008E030EEB430E4FF0000807F80E805EE70F
:108D700007F80E805BE700BF94350020B83500206F
:108D800070B51D4C82B0201D15F06CFF6378013B5F
:108D90006370F3F7CDFE60B3054604221146142339
:108DA000F3F706FCAB6C2178144A197066785E7094
:108DB0004FF0010040F201515880128800911A23AF
:108DC000022105F11C00F3F79BFE284618F024FC55
:108DD00063782BB90A4802B0BDE8704014F044BB78
:108DE000201D15F015FF064802B0BDE8704014F0D4
:108DF0003BBB02B070BD00BF081401205C2E0120F7
:108E0000445E040138B5012240F201511420FCF700
:108E1000E0FA0D4A0D4B0024147003F12105FF21E7
:108E20009972197059709C700B33AB4251709470E9
:108E300002F10902F4D108B1054B83610549064AE4
:108E400001230B70138138BD783500209435002044
:108E500051160401081401205C2E01202DE9F04F69
:108E6000234C85B00D469DF838609DF83C709DF808
:108E700040B09DF844A00393804691462180F3F7CB
:108E800057FE88B304220446039B1146F3F790FB78
:108E9000A36C321F012A1E705F7083F802B083F842
:108EA00003A012D940F201504B462A464146009099
:108EB00004F11C00F3F724FE204618F0ADFB0D482A
:108EC00005B0BDE8F04F14F0CFBA002FEAD00A4B3E
:108ED0000A4A5F704FF47A71D960181D0121197424
:108EE0005A6115F095FEDDE705B0BDE8F08F00BFD3
:108EF0005C2E0120705E040108140120818D0201A6
:108F00002DE9F04F85B006460F46904603939DF835
:108F100038B09DF83CA09DF84090119DF3F708FEF5
:108F200050B30446039B0A220321F3F741FBA36CD1
:108F3000039383F800B0A3F801A083F803902846B8
:108F40001EF03AFE039BC2B218712946581D1EF04E
:108F5000D7FD40F2015043463A463146009004F1B5
:108F60001C00F3F7CDFD204618F056FB044805B071
:108F7000BDE8F04F14F078BA05B0BDE8F08F00BF3F
:108F8000985E040100220138D3B2994203D85B1ADB
:108F90005842584170470132835C002BF4D00020C6
:108FA00070470D4A1068C17F03690B44002182F8A5
:108FB0002C10197821F00701197092F86C3092F892
:108FC0005A20134490F820201344C27F134480F8A1
:108FD000203017F075BB00BFF0410020F8B5474CBA
:108FE0002068027E4369134404F12D011A7884F845
:108FF0003920D3F80120C4F8352005692A68C4F85F
:109000002D206A68C4F831202166027B3C4902F0B9
:1090100003028A5C84F86C20052184F85A101B78BE
:10902000990648BF0D2103F0180348BF84F85A1071
:10903000082B02BF94F85A30013384F85A3045693E
:109040006566067B032E17D8437E9B1A84F86D3025
:109050000023A36684F86E3094F85A10037E0B4404
:109060001344417EDBB2994216D2032380F82430A8
:10907000BDE8F84017F024BB077E94F85AC007EB10
:109080000C01C9B284F86D102944A166437EA3EB9C
:109090000C03DB1B9B1ADDE7877E0FB9CB1A4376E7
:1090A000184B6367032E94F86E001CD994F86D106A
:1090B00077B1154B0144294418461EF021FD0722C3
:1090C000206784F82C201230BDE8F84010F0F0BA88
:1090D00001440D440623256784F82C300B48BDE875
:1090E000F84010F0DBBAA36E03442367052384F82D
:1090F0002C300648BDE8F84010F0C6BAF041002018
:10910000E07E0401119102013A4200204C4200200D
:1091100070B5424D95F82C302C68023B86B00A2B76
:1091200014D8DFE803F006111321155C776A6C6E22
:109130006E0094F82130032B06D90323384885F8B4
:109140002C3010F0ABFA01E0FFF72BFF06B070BD3A
:1091500095F86E20AB6E13442B670523304885F8D5
:109160002C3010F091FAF1E795F86C10286FFFF7AA
:1091700009FF18B9042384F8243025E063690193BA
:1091800001A8237E8DF8083017F02EFB049A9DF875
:10919000093084F826301368C4F827305368C4F8BF
:1091A0002B30039B62691B68C4F82F30237E013B80
:1091B0005BB219060CD595F85A20636913446361B4
:1091C000227E637E13446376204617F079FABDE76A
:1091D000D01895F85A10D65C4654013BE9E7237E37
:1091E0006269286FD15C6FF30201D15495F86C105D
:1091F000FFF7C8FE0028E7D1BCE708239EE70C2351
:10920000ACE795F86C10286FFFF7BCFE10B904238B
:1092100084F83C30002385F82C30D5E7F04100205D
:109220004C42002070B5384C256895F82230AA7F52
:109230005B0143EAC20395F8212002F007021343C1
:1092400084F83930AB69C4F83530E9680B68C4F884
:109250002D304B68C4F8313004F12D02226695F8A8
:1092600021302A4A94F85A1003F00303D25C84F8A0
:109270006C202869606695F82130032BEB7F38D885
:1092800095F8206033440B4484F86D300023A366C6
:1092900084F86E3094F86E1094F86D300B441844D6
:1092A000002120671EF0EAFCEA7F2B69134494F842
:1092B00039201A70AA69C3F8012095F8222032B12A
:1092C000E9680A68C3F805204A68C3F80920AA7F3C
:1092D000012A04D195F822106A7F99B15A730C4B78
:1092E0006367022384F82C300A48BDE8704010F010
:1092F000CBB90B44DBB284F86D300344A36695F818
:109300002030C5E75A71EAE7F0410020E07E040111
:10931000119102014C420020044B93F82C30012B98
:1093200002D0042B01D070477CE757E6F0410020C3
:10933000274B93F82C20023A10B51C68042A46D813
:10934000DFE802F0030B45251D00032283F82C20E3
:109350002048BDE8104010F0A1B9002283F82C206D
:1093600094F82C1094F82D2093F86C300A44134490
:1093700084F82D302046BDE8104017F0A1B9052231
:1093800083F82C201348BDE8104010F07DB994F804
:109390002D2094F82C00196F104493F86C20821A39
:1093A000A06A1044227C012A04BF022283F86C20A8
:1093B00093F86C2008BF07301EF094FB00280CBF08
:1093C0000023042384F83030E3686363D2E710BDE0
:1093D000F04100204C42002070B52E4D2C68002337
:1093E000237794F8213021690BB901232377A369EE
:1093F000013306D1022323772046BDE8704017F0E1
:109400005FB9267F002EF7D1052385F85A3094F8EE
:10941000223013B10D2385F85A30A37F012B02BFF0
:1094200095F85A30013385F85A30E27F94F82030AD
:109430009B1A84F8203095F85A00081A1DF074FF22
:1094400095F85A2023699B1A2361A37F032B1FD809
:10945000DFE803F002020707A368EB65BDE8704090
:10946000E0E6022B18BF02260B4885F88860A36847
:109470006866A0F14E04AB66084A2C6701232C38BD
:1094800085F86C306A6785F82C3012F0D1F8EC65FD
:1094900070BD00BFF0410020784200201993020106
:1094A00010B5484C2068002380F82E30037C13B997
:1094B000012380F82E30C368013306D1022380F8DF
:1094C0002E30BDE8104017F0FBB890F82E30002B7E
:1094D000F7D18368E365052384F83930C368C4F89D
:1094E0003530437C3849002B3ED190F82020002AAB
:1094F00038D0C4F82D304369C4F8313004232166D4
:1095000084F86C30037C012B3FD1836A1A1F82627E
:10951000D0F8212043F8042C836A5A1E8262C26864
:1095200003F8012C90F82D2090F82C3013440533CB
:10953000826A84F86D306266002184F86E10A1663C
:109540001344236794F86C20206F00211EF096FBD3
:109550001E4B6367022384F82C301D48BDE8104081
:1095600010F092B84369C4E7022BC7D1024652F803
:10957000183FC4F82D3053684B6090F82030002B12
:10958000BCD0C52384F83930B8E7022B09D190F854
:109590002C3090F82D201A44836A84F86D2063667D
:1095A000CAE7032BCED190F82C10836A84F86D1093
:1095B000636690F82D2084F86E205818A0660A443F
:1095C000BEE700BFF04100201D42002031930201A0
:1095D0004C42002010B54C4C2068002380F83030FD
:1095E000037C13B9012380F83030C368013306D1FE
:1095F000022380F83030BDE8104017F061B890F8D1
:109600003030002BF7D18368E365052384F83930C7
:10961000437C022B05D190F8203013B1C52384F888
:109620003930C368C4F83530437C3849002B3FD10A
:1096300090F82020002A39D0C4F82D304369C4F8AE
:1096400031300423216684F86C30037C012B39D13E
:10965000836A1A1F8262D0F8212043F8042C836A9F
:109660005A1E8262C26803F8012C90F82D2090F8EF
:109670002C301344DA1C002184F86D20826A626663
:1096800084F86E10A16605331344236794F86C20A8
:10969000206F00211EF0F2FA1D4B6367062384F849
:1096A0002C301C48BDE810400FF0F8BF4369C3E7F9
:1096B000022BC6D1024652F8183FC4F82D30536829
:1096C0004B60BEE7022B0ED190F82C3090F82D2085
:1096D0001A44131F002184F86D30836A636684F88E
:1096E0006E10A166D0E7032BD0D190F82C10836ABE
:1096F00084F86D10636690F82D20101F84F86E00BA
:109700005818A0660A44BFE7F04100201D4200201F
:10971000319302014C42002070B5254C2068027E36
:109720004369067B13441A78C2F3C102D1B280F8B0
:109730002520002280F8242016B9012280F8242058
:10974000D3F80120013206D1022380F82430BDE88D
:10975000704016F0B5BF90F82420002AF7D11D788C
:1097600066F302051D70032921D8DFE801F002022B
:1097700007078368E365BDE870402FE4022918BF3E
:10978000022284F8882082680A4BA266012284F8AB
:109790006C20094A6267A3F14E050422A3F12C0054
:1097A0006366256784F82C2011F042FFE56570BDE3
:1097B000F0410020784200201993020110B5254C99
:1097C0002168002281F83C2001F10802E26501F1E4
:1097D0001802226691F83020886A84F86C2060664E
:1097E00091F8310084F86D00C86AA06691F83200E3
:1097F00084F86E0018486067486B91F83310206752
:10980000042926D8DFE801F0030E191B23000021EC
:109810001EF034FA082384F82C301048BDE81040BC
:109820000FF03CBF00211EF029FA092384F82C30E8
:109830000A48BDE810400FF027BF0A23EBE70B23CF
:1098400084F82C300548BDE810400FF031BF0C23E0
:10985000ECE710BDF0410020119102014C420020C4
:1098600030B5026801790346545C0020D860587412
:10987000C4F3C100C5B21874481C10449860A00617
:1098800041BF481D8018D86001204ABF5874052088
:109890000D20012D04D10A44125C5A710130C0B26E
:1098A00030BD024B002283F82C207047F04100208D
:1098B0000022835C23B90132102AFAD1184670477E
:1098C0000120704738B50A4B0A4D09221A70FA2454
:1098D00005E01BF0ABFD631E13F0FF0406D02B78F0
:1098E00003F01F03092B4FF03200F2D138BD00BF47
:1098F0000200014101000141704700BF70B501380D
:1099000082B00A2855D8DFE800F0065C5C54565453
:10991000545454548100914C237803F01F03092BB5
:1099200047D18F4D95F80C31022B42D095F80C3170
:1099300003F0FF06002B00F0948095F80C31012B0A
:1099400000F0F58095F80C31032B32D18549864A19
:109950000B78864803F0F00343F001030B70137893
:1099600003F0FB031370802206230270002001F82D
:10997000463CF7F7D1FE237803F01F03062BFAD1FC
:109980007B497C4C0A88207885F80A3142F40073C0
:109990000B8070B9784B1A88D20708D477491A8897
:1099A00009687748496942F001021A808847012313
:1099B000237002B070BD6A4B012283F80F2102B000
:1099C00070BD674B012283F80F2193F80C21022A06
:1099D000EFD093F80C41E4B2012C35D093F80C2170
:1099E0001AB193F80C31032BE3D15E495E4A0B7830
:1099F000644803F0F00343F001030B70137809216E
:109A000003F0FB031370017002B070BD544B93F868
:109A10000C31012B10D0534A137803F0F00343F0BC
:109A200001031370504A57491378092003F0FB03D0
:109A30001370087002B070BD534A137803F00F031F
:109A400043F010031370EDE7504A1278022A47D012
:109A50004D49454A0B784B4803F00F0343F0100380
:109A6000CBE71F2019F0E8F94FF67F7101401F2066
:109A700019F0CAF90DF107010DF1060015F023FFE9
:109A8000082019F0D9F99DF8063020F0E80003F01D
:109A9000E803034399B2082019F0B6F9512019F0F0
:109AA000CBF99DF8073020F0030003F003030343D4
:109AB00099B2512019F0A8F92A4A2B49137803F0DA
:109AC000F00343F0010313700B78162203F0FB033D
:109AD0000B703046627085F80A21F7F71DFE68E7C3
:109AE0002B4D2A780821013283F80A112A7017F0C9
:109AF000F7FB254928780B781B4A03F00F0343EA4C
:109B00000013DBB20B70137803F0FB0313704FF4F8
:109B10007A71204617F0D0FB042013F09DF81D4BFE
:109B20001A78002A3FF445AF00221A7041E7164A1E
:109B30000D49137813480F4C03F00F0343F0100343
:109B400013700B78192203F0FB030B70027023785B
:109B500085F80A21002B7FF42CAF1BE7010001419F
:109B6000C048002048000141420001411500014168
:109B7000D81501208C1501205E13012050380020DB
:109B800054380020020001414A00014186FB0020B8
:109B900087FB00200015012080B483B000AF054B87
:109BA0003B603B681B687B6000BF0C37BD465DF8BF
:109BB000047B70471410014190B591B000AF402371
:109BC00087F83D3097F83D3003F1824303F5803349
:109BD0001B78DBB287F83F300F2387F83C3097F8CB
:109BE0003C3003F1824303F580331B78DBB287F806
:109BF0003E3097F83E3003F01003002B07D0734B34
:109C00001B78002B03D0714B00221A70BCE2704B02
:109C10001B78002B31D097F83F3003F00103DBB203
:109C2000002B02D00120FFF769FE97F83F3003F0C8
:109C30001003DBB2002B02D00520FFF75FFE97F880
:109C40003F3003F00403DBB2002B02D00320FFF708
:109C500055FE97F83F3003F00203DBB2002B02D031
:109C60000220FFF74BFE97F83F3003F00803DBB20A
:109C7000002B02D00420FFF741FE97F83E3003F09E
:109C80000303002B09D0534B1B68002B05D0514B0D
:109C90001B6897F83E20104698474D4B1B78002BC9
:109CA00008D097F83E3003F00403002B02D04A4B53
:109CB00001221A7097F83E3003F00803002B00F0E1
:109CC0001082464B93F80A31DBB2162B02D0192BC7
:109CD00032D030E2404B00221A7017F0F1FB012322
:109CE00087F83B3097F83B30002B1DD13C4B1B785D
:109CF000002B19D03B4B1B78002B12D13A4B1B8801
:109D00009BB203F001039BB2002B07D1364B1B889B
:109D10009BB243F001039AB2334B1A80314B0122BC
:109D20001A702F4B00221A702C4A97F83B3082F899
:109D30000B31FAF769F8FEE117F0A6FB2B4B1B6815
:109D4000002B00F0848007F108037B63012387F870
:109D5000333097F8332097F8333003F00303DBB246
:109D6000FB62FB6A002B08D097F833300433DBB278
:109D70001946FB6ACB1ABB6200E0BA6200237B6221
:109D80001B4B3B625AE0FB6AD11A7B6A994231D085
:109D90003B6A1B68786B796A0144D8B208701C0A68
:109DA000796A0131786B0144E0B208701C0C796A61
:109DB0000231786B0144E0B20870180E7B6A0333FD
:109DC000796B0B44C1B2197032E000BFF833002048
:109DD000D2490020FC140120F0140120C0480020CA
:109DE000E71501208C1501205E130120F8140120D5
:109DF000000201413B6A1B68F96A002904D0786BB4
:109E0000796A0144D8B20870F96A012906D91C0A96
:109E1000796A0131786B0144E0B20870F96A02296D
:109E200006D9180C7B6A0233796B0B44C1B21970E6
:109E30007B6A04337B623B6A04333B62796ABB6AA8
:109E40009942A0D3A84B1B683A7A10469847A74B73
:109E50001B78FB77A64B5B7FBB7701237B777B7FF0
:109E600003F1824303F580331B78DBB2FB70A14B17
:109E70001B78002B04D0A04B1B78DBB2192B0CD025
:109E80009C4B1B78002B40F0DF80FB1C1B7803F001
:109E90001F03DBB2192B40F0D7803A1D02233B771A
:109EA0003B7F03F1824303F580331B78DBB21370F1
:109EB0003B79C3F34213DAB2904B1A703B7923F02B
:109EC0001F03DBB2602B05D03B7923F01F03DBB20D
:109ED000A02B2DD1FB7F002B2AD0894B1B88194644
:109EE000BA7FFB7FD31A1A464FF47A7303FB02F34F
:109EF000C3F5EA530C3303FB01F31B0C9AB2B97F91
:109F0000FB7FCB1A02339BB219464901C91A89005B
:109F10000B44DB009BB213447B8317F0E1F97B8B8E
:109F20001946012017F0C8F9032012F095FE2BE026
:109F3000744B00221A7002237B767B7E012202FA88
:109F400003F39AB2704B1B8813439AB26E4B1A807C
:109F50006E4B1B78002B17D16D4B1B889BB203F007
:109F600001039BB2002B0CD1694B1B889BB243F0C1
:109F700001039AB2664B1A80664B1B685B696648A0
:109F80009847624B01221A70644B00221A70644B8E
:109F90001B78DBB23B763B7E032B02D10823FB759B
:109FA00001E03B7EFB75FB7DBB75524B1B78002BA4
:109FB00028D05C4B00221A7002237B7508233B7566
:109FC0007B7D03F1824303F580331A463B7D13709A
:109FD00002201BF02BFA484B08221A70BB7D162B6F
:109FE00030D1514B00221A700223FB740923BB7439
:109FF000FB7C03F1824303F580331A46BB7C13706C
:10A0000000BF97E0464B1B78DBB202227A743B74A8
:10A010007B7C03F1824303F580331A463B7C13704B
:10A02000BA7D0123FB73FB7B03F1824303F580338D
:10A030001B78DBB203F01F039A42F1D12E4ABB7D9D
:10A04000137000E000BF75E0FB1C1B7803F01F03DA
:10A05000DBB2162B6ED12E23BB73BB7B03F1824385
:10A0600003F580331B78DBB2FB70FB7843F02003F1
:10A07000DBB22E227A733B737B7B03F1824303F5C1
:10A0800080331A463B7B13700023FB72FB7A002B54
:10A0900022D1264B1B78002B1ED01C4B1B78002B8B
:10A0A00017D11B4B1B889BB203F001039BB2002B03
:10A0B0000CD1174B1B889BB243F001039AB2144B8F
:10A0C0001A80144B1B685B69134898470F4B012299
:10A0D0001A70164B00221A70154AFB7A82F80B315F
:10A0E00028E000BF27E000BFF8140120D83C002082
:10A0F00038310020D2490020CA490020C54900203B
:10A10000DA3C002086FB0020D81501208C150120A8
:10A110005E13012050380020543800200015012023
:10A12000C849002087FB0020CC490020E71501200A
:10A13000C048002000BF164B1B78002B24D097F896
:10A140003F3003F01003002B1BD0124B1B78DBB207
:10A15000002B16D0104B1B78DBB2162B11D10D4BF8
:10A1600000221A700223BB7216237B72BB7A03F1A2
:10A17000824303F580331A467B7A13700020F7F789
:10A18000CBFA002387F83F304437BD4690BD00BF6F
:10A19000D2490020F0140120CA490020014B187058
:10A1A000704700BF0E000141024B002218781A7060
:10A1B000704700BF0E000141014B9860704700BF1F
:10A1C000F0140120014B5860704700BFF0140120CB
:10A1D000014BD860704700BFF0140120704700BFEA
:10A1E000000000000000000000000000000000006F
:10A1F000000000000000000000000000000000005F
:10A20000000000000000000000000000000000004E
:10A210000000000000000102010002020505080024
:10A220000000FFFF341200000000000000000000EA
:10A23000020400050100000000000101010000000F
:10A240000000000000000000000000000000000509
:10A25000FF000000000000000203000000000000FA
:10A260000000000000000000FFFF00070707077F55
:10A270007A785E5F07070707070778787F7F130301
:10A280000000000000000000001E0000030F030398
:10A29000000001000100341200030300000200006E
:10A2A000204E00000000000000030300581B0000C7
:10A2B0001027000001000100F4010000010000006F
:10A2C000E8030000104D6963726F636869700000F5
:10A2D000000000000000000000000000000000007E
:10A2E0000600000000000000000000001027000031
:10A2F000010100000000000020000020000000001C
:10A30000A001002000000000180100200000000053
:10A310006802002000000000900100200000000002
:10A320009002002000000000E00200200000000079
:10A330000819002000000000881A0020000000001A
:10A3400040120020000000009812002000000000D1
:10A350006412002000000000E8120020000000004D
:10A360002814002000000000E81700200000000072
:10A37000D81C0020000000001C1E0020000000006F
:10A380003013002000000000A81A00200000000088
:10A3900098220020000000000C290020000000008E
:10A3A00000000000000000000000000000000000AD
:10A3B000000000000000000000000000000000009D
:10A3C0005232002000000000501300200000000066
:10A3D0008813002000000000A01E002000000000E4
:10A3E0000000000000000000581F002000000000D6
:10A3F000482000200000000088200020000000000D
:10A40000C42A002000000000082B002000000000EB
:10A4100000300020000000000000000000000000EC
:10A42000A50000200000000088AA02010200000030
:10A430008CAA02010100000090AA020101000000A4
:10A440008EAA02010200000094AA0201010000008D
:10A4500095AA02010100000096AA02010100000075
:10A4600097AA02010100000098AA02010100000061
:10A4700099AA0201010000009AAA0201020000004C
:10A4800092AA0201020000009CAA02010100000041
:10A490009DAA020101000000B8AA0201020000000A
:10A4A000A8AA020101000000A9AA020101000000FF
:10A4B000AAAA020101000000000000000000000044
:10A4C0009EAA020101000000A0AA020104000000EF
:10A4D000A4AA020101000000A5AA020101000000D7
:10A4E000B0AA020101000000B1AA020101000000AF
:10A4F000B2AA020102000000B4AA02010100000099
:10A50000B6AA0201020000000000000000000000E6
:10A51000000000000000000000000000000000003B
:10A52000000000000000000000000000000000002B
:10A53000BAAA020101000000BBAA0201010000004A
:10A540000000000000000000BCAA020102000000A0
:10A55000BEAA020101000000A6AA0201010000003B
:10A56000A7AA020101000000BFAA02010100000029
:10A57000C0AA020101000000C1AA020101000000FE
:10A58000C2AA02010100000000000000000000005B
:10A59000ACAA0201040000008AAA02010200000025
:10A5A000CAAA020101000000CBAA020101000000BA
:10A5B000C3AA020107000000000000000000000024
:10A5C0000000000000000000CCAA02010100000011
:10A5D000CEAA020102000000D0AA02010100000080
:10A5E0008DAA020101000000000000000000000030
:10A5F00097310020010000007931002001000000A7
:10A6000070310020010000009631002001000000A0
:10A610006B310020010000006031002008000000C4
:10A620006A31002001000000903100200400000089
:10A630009C310020010000003D320020010000009C
:10A640003E320020010000004832002008000000D7
:10A650004232002002000000003200200200000010
:10A6600011320020010000003932002001000000FA
:10A670005A320020010000003F320020010000009B
:10A68000A031002001000000A131002001000000E5
:10A69000A231002001000000A331002001000000D1
:10A6A0009E31002002000000A431002001000000C3
:10A6B000A53100200100000036320020010000001A
:10A6C0003B320020010000003A320020010000006F
:10A6D000A8310020040000005332002001000000D7
:10A6E0005432002001000000FC2B0120100000006B
:10A6F00000000000000000005C32002001000000AB
:10A700005B32002001000000FA310020010000004F
:10A71000E8310020010000000000000000000000FF
:10A72000B73000200100000091300020010000003F
:10A73000F8310020010000009830002008000000DF
:10A74000A030002002000000F431002004000000CE
:10A75000EC2B012010000000B630002001000000AA
:10A76000F9310020010000009831002004000000B1
:10A770002F310020010000003031002001000000D6
:10A78000E031002008000000C0310020040000007B
:10A79000B431002004000000B831002004000000A3
:10A7A000BC31002001000000BD310020010000008C
:10A7B000BE31002001000000CC310020110000005B
:10A7C000C431002001000000C83100200400000056
:10A7D0003231002002000000AC31002005000000F2
:10A7E000B131002001000000B23100200100000062
:10A7F000EC31002004000000E931002001000000DD
:10A800000000000000000000DC2B01201000000010
:10A810000000000000000000000000000000000038
:10A820000000000000000000000000000000000028
:10A830000000000000000000000000000000000018
:10A840000000000000000000000000000000000008
:10A8500000000000000000000000000000000000F8
:10A8600000000000000000000000000000000000E8
:10A8700000000000000000000000000000000000D8
:10A8800000000000000000008031002001000000F6
:10A890008131002001000000823100200100000011
:10A8A00084310020040000008831002004000000F2
:10A8B000FB31002001000000953100200100000064
:10A8C0009431002001000000B608012001000000C2
:10A8D000B508012001000000B408012001000000BB
:10A8E0000000000000000000000000000000000068
:10A8F0000000000000000000000000000000000058
:10A900000000000000000000000000000000000047
:10A910000000000000000000000000000000000037
:10A920000000000000000000000000000000000027
:10A930000000000000000000000000000000000017
:10A940000000000000000000000000000000000007
:10A9500000000000000000000000000000000000F7
:10A9600000000000000000000000000000000000E7
:10A9700000000000000000000000000000000000D7
:10A9800000000000000000000000000000000000C7
:10A9900000000000000000000000000000000000B7
:10A9A00000000000000000000000000000000000A7
:10A9B0000000000000000000000000000000000097
:10A9C0000000000000000000000000000000000087
:10A9D0000000000000000000000000000000000077
:10A9E0000000000000000000000000000000000067
:10A9F0000000000000000000000000000000000057
:10AA00000000000000000000000000000000000046
:10AA10000000000000000000000000000000000036
:10AA20000000000000000000000000000000000026
:10AA30000000000000000000000000000000000016
:10AA40000000000000000000000000000000000006
:10AA500000000000000000000000000000000000F6
:10AA600000000000000000000000000000000000E6
:10AA700000000000000000000000000000000000D6
:10AA8000000000000000000085006C0001020400CE
:10AA900005000500050602050C0605000209FF0079
:10AAA000140000000808FF0304030700901A0000C8
:10AAB0000E0400000500F400141002010500033D1F
:10AAC0005000030201020303020206000200EFBE6F
:10AAD0000100000000000000044B5A6842F48002AC
:10AAE0005A605A6822F400625A607047004001417F
:10AAF0004FF0824310B59A69120F31D103F5B0338C
:10AB000032491960324919613249596132499961B2
:10AB1000324959624FF4140199623149D96201F501
:10AB2000172101F24E612F48196358632E4898632C
:10AB30002E48D8632E4818642E482F4B036043F6E6
:10AB400042444460C2602D4A2D48106053602D4B32
:10AB50002D4A1A602D4A59609A602D4ADA6010BD5C
:10AB60009B691B0F012BFAD12A4B184A1A60184A0D
:10AB70001A61294A5A61294A9A61294A1A4B174986
:10AB8000136091604FF41401D16026491161264988
:10AB9000264A27480A6048608B60264B2649196080
:10ABA000264959601449996043F64241D960002111
:10ABB00059612349D96123491962234959629A622B
:10ABC000224ADA62124A1A63C9E700BF21220080D2
:10ABD0000A14260610320D121C28402006421E3E82
:10ABE0000600030E1A270038F7FF4C463832D44EC1
:10ABF0003240003044600141544E4C46586001419F
:10AC0000514B383260600141383256CE1A27544ECB
:10AC10004C4638320060014110320C101A27402097
:10AC20001C6001410600060E3060014154760C0E96
:10AC30001A2600383C6001413832544E3240002020
:10AC40004E483832514B4640322C50C81926544E8B
:10AC5000C82300BF00BF00BF00BF00BF00BF00BFD0
:10AC600000BF00BF00BF00BF00BF00BF00BF00BFEC
:10AC700000BF00BF00BF00BF00BF00BF00BF013B5F
:10AC800013F0FF03E5D1704708B54FF082439B698D
:10AC90001B0F5BD141F24401032018F0B5F843F6D5
:10ACA000FF41522018F0B0F847F20801542018F084
:10ACB000ABF848F24E515E2018F0A6F847F28241F8
:10ACC000602018F0A1F84CF61701612018F09CF8EC
:10ACD0004CF61701632018F097F841F20731652010
:10ACE00018F092F849F20721672018F08DF847F222
:10ACF0008241682018F088F84BF21561692018F03D
:10AD000083F84BF215616B2018F07EF841F20531A3
:10AD10006D2018F079F849F205216F2018F074F8C9
:10AD200048F20701772018F06FF849F61E61E92014
:10AD300018F06AF84FF60171EF2018F065F840F648
:10AD40008321F920BDE8084018F05EB808BD7047BF
:10AD50002DE9F743022211460123332018F082F82F
:10AD60000C2211460123192018F07CF8002211460C
:10AD70000123152018F076F80822104600230A2136
:10AD800018F070F8072211460123092018F06AF81C
:10AD900001231A461946092018F064F800231A46C0
:10ADA0001946092018F05EF80F22114601230020F1
:10ADB0001CF098FA00230D22114618461CF092FA56
:10ADC0000122114600234C201CF08CFA032211466C
:10ADD00000234C201CF086FA0422114601234C204B
:10ADE0001CF080FA4FF4007300220C21262018F08A
:10ADF00039F8142018F072F80424002500220123E9
:10AE000011464C201CF06EFA002211464C201CF01A
:10AE10007CFA02460028F7D10F214E201CF075FA6B
:10AE2000013C14F0FF040544E8D128461CF076FEEE
:10AE30000022534B18F0BEF90022524B04460D4637
:10AE40001CF016FC0022002800F089804E4B2046A2
:10AE500029461DF023F84D4B002218F0ABF942A310
:10AE6000D3E9002318F0A6F90022494B494C13F00E
:10AE700099FFD4E9042306460F463DA1D1E900011C
:10AE800013F090FFD4E902238046894630463946C4
:10AE90001DF004F802460B464046494618F08AF970
:10AEA000D4E900231CF0FAFF33A3D3E9002313F005
:10AEB00079FF1CF0D3F8002301901A460C212620BC
:10AEC00017F0D0FF022211460023332017F0CAFFEB
:10AED0000C2211460023192017F0C4FF00231A4644
:10AEE0001946152017F0BEFF0822104605230A2137
:10AEF00017F0B8FF072211460023092017F0B2FF10
:10AF0000012211460023092017F0ACFF00231A4646
:10AF10001946092017F0A6FF00230F2211461846F4
:10AF20001CF0E0F90D221146012300201CF0DAF993
:10AF30000122114600234C201CF0D4F903221146B3
:10AF400000234C201CF0CEF90422002311464C2093
:10AF50001CF0C8F99DED010A03B0BDE8F0830B4B6E
:10AF60002046294679E700BF666666666666E63F64
:10AF70003D0AD7A3703DDA3FBC5983F755B9603F0E
:10AF80000000D03F0000E0400000F0400000503FD3
:10AF90000000F83F8838002070B5A4B00446742241
:10AFA0000E4607A800211CF069FE5F4B06930A932A
:10AFB0005E4B0C935E4B5F4A5F486049604D0E9359
:10AFC000129303F14643CDE90420CDE9081003F6BE
:10AFD0000D730138CDE910500D90149359485A4B18
:10AFE00020925A4A5A4D1C91CDE9150359495A48A5
:10AFF0001A93CDE92123594ACDE91D13CDE9185003
:10B00000516810686B4603C39068D168272C03C34E
:10B010006BDC0A2C75DA14F10B0F74DC1934B4BF35
:10B02000002001204E4B1A7882427AD01870050118
:10B0300024AB002E69D15C190B2214F8803C0F213F
:10B04000E52017F00FFF14F87F3C0B220F21E720BB
:10B0500017F008FF24AB1D44072215F87E3C082199
:10B06000FC2017F0FFFE15F87D3C04220521E120AD
:10B0700017F0F8FE15F87C3C06220721E12017F0B6
:10B08000F1FE15F87B3C02220321E52017F0EAFED1
:10B0900015F87A3C00220321E72017F0E3FE15F8AB
:10B0A000793C04220721E72017F0DCFE15F8783CF4
:10B0B00001220321E22017F0D5FE15F8773C032288
:10B0C00004210A2017F0CEFE15F8763C0E220F213F
:10B0D000512017F0C7FE15F8753C08220E215220AA
:10B0E00024B0BDE8704017F0BDBE4F2C04DC3B2CF3
:10B0F000CCBF0520042095E7632CCCBF0720062099
:10B1000090E703208EE702208CE703EB40040B223C
:10B1100014F8903C0F21E52017F0A4FE14F88F3CA2
:10B1200093E724B070BD00BF0603033C1212020275
:10B130000502023C141403030301010A1313030361
:10B14000111102020201030B050202460301070E60
:10B15000131203030301060D0301050C2C7D0401EA
:10B16000672E012047F6FF73984207D000F30703CC
:10B170009BB2002207215A2017F074BE7047704717
:10B18000094A41F62863D358084A12689B1A084AAC
:10B1900023F07043934205D8064B1878003018BF4F
:10B1A000012070470020704700200141A83800208E
:10B1B000FEFFFF078038002010B5FFF7C9FDBDEE88
:10B1C000C00A10EE103A1CB22046FFF7CBFF094B25
:10B1D0001978204601F00101FFF7DEFE064A41F62C
:10B1E0002863D358054A03F5403323F070431360B6
:10B1F00010BD00BFA038002000200141A838002069
:10B2000037B5244A1178002363F300011170224AF4
:10B210008DF807301370044628B1FFF735FDFFF7AE
:10B220005BFCFFF765FC22460DF10701072008F0E3
:10B2300079F81CB3194D284614F038FBD5E9000104
:10B24000002200231CF09AFA154BB0FA80F0400956
:10B250001870144B4FF440321A604FF08843124A72
:10B260001A65124B40F27142012C9A600CBFFF220A
:10B270007F229A6113221A604022DA6014F02CFBBC
:10B280004FF082439B691B0F01D014F04DFB03B0BC
:10B2900030BD00BFA038002078380020883800205A
:10B2A00080380020A83800204C0040E00010014108
:10B2B00042F27801272017F0A7BD0021122017F0D5
:10B2C000A3BD00BF0020704738B5074D092400BF5B
:10B2D00055F8043913B15B6803B1984714B1013CC8
:10B2E000E4B2F5E738BD00BF5411012038B5074D71
:10B2F000092400BF55F8043913B19B6803B198477E
:10B3000014B1013CE4B2F5E738BD00BF541101208F
:10B3100038B5074D092400BF55F8043913B1DB686F
:10B3200003B1984714B1013CE4B2F5E738BD00BF62
:10B3300054110120392873B514D1D1F80220D1F865
:10B3400006300E88084DCDE90023092455F804394C
:10B3500023B11B6913B169463046984714B1013CCB
:10B36000E4B2F3E702B070BD541101200E2910B50C
:10B3700009D1054C94F828302BB1E36A0020984796
:10B38000002384F8283010BD30110120342813B573
:10B3900005D1204B012283F8302002B010BD0428D3
:10B3A00014D1FFF791FF1B4B93F830202AB10022F4
:10B3B00083F83020FFF7ACFFEFE76946402012F03A
:10B3C00015F99DF90030002BE7DBF3E71E28E4D1E7
:10B3D0000B88102BE1D1104CA368002BDDD04B68FB
:10B3E0001A6B9B89D2F80300D2F80720CDE900023E
:10B3F00001228A60B4F844209A4206D008226946A5
:10B4000020461CF06FFB0028C7D1012384F846308A
:10B41000C3E700BF30110120981E012037B507F0A7
:10B42000C7FB019007F0D0FB019B0A4D1843019028
:10B4300001A9302012F006F9092400BF55F804399B
:10B4400013B11B6803B1984714B1013CE4B2F5E7AE
:10B4500003B030BD54110120837C10B5074C3BB9BB
:10B46000FFF744FFFFF7DAFF012384F8283010BD0F
:10B47000E36A0120BDE81040184700BF30110120E9
:10B4800070B588B007F094FB079007F0D1FB012856
:10B4900004D007F099FB079B184307900024114D37
:10B4A00007A9302012F0CEF8224604210E48C5F834
:10B4B0003F40C5F843401BF08DF80C481BF092F854
:10B4C000079E07F041FB0A4B0221CDE90343CDE97A
:10B4D00001010091012305F132023046F9F723FE04
:10B4E00008B070BD301101205C6804016968040176
:10B4F00059B50201F3F734BD38B5124C94F8365003
:10B5000007F02EFB854206D094F836000E49BDE8C0
:10B5100038400CF077BCD9F755F894F83E30984293
:10B5200002D01846D8F7CEFF084813F071FB084840
:10B53000002204211BF04EF80648BDE838401BF0FD
:10B5400051B800BF30110120C9B50201E01E012031
:10B550005C6804019168040137B5164C0022002391
:10B56000CDE9002304F13F01082268461CF0BAFA35
:10B57000054688B1A58E07F0E1FA854208D00E4A4B
:10B5800094F83E10A08E03B0BDE83040DEF7BBBD9E
:10B5900003B0BDE83040AFE7084813F039FB2A4656
:10B5A000042107481BF016F8064803B0BDE83040F8
:10B5B0001BF018B830110120F9B40201E01E01207F
:10B5C0005C68040191680401037810B523B140F26E
:10B5D0001F310F481BF0F8FF0E4C94F83E00D8F7CF
:10B5E00071FF04F13601162012F02CF894F83600A1
:10B5F000D8F74CFF084813F00BFB05480022042144
:10B600001AF0E8FF0548BDE810401AF0EBBF00BF94
:10B610005C68040130110120E01E012091680401E2
:10B6200010B5104CA08807F027FB04F11A0007F0B2
:10B6300037FB207A07F07CFBE0880B4C07F04EFBD1
:10B64000002007F0FBFA04F15C013E2011F0FAFF44
:10B650000E200FF05FFC04F16800BDE81040E7F732
:10B660001DBA00BFAC380020981E012013B506F0AB
:10B6700057F9144C0368C4F8EA304368C4F8EE3054
:10B6800006F04EF90368C4F83F314368C4F843310B
:10B69000002384F8473101A9372340208DF8043076
:10B6A00011F0D0FF04F50271042015F0FBFB04F546
:10B6B0000771042015F030FC04F19000E8F725F83C
:10B6C00002B010BD981E0120C37A03B1CEE77047C7
:10B6D000F0B52E4C85B0A4F11A052146064633205C
:10B6E00011F0B0FF21460C2011F0ACFF2B7A01279E
:10B6F00007FA03F301A93020019311F0A3FFA4F18D
:10B700001201162011F09EFF287AD8F7BFFE002103
:10B71000A4F11000DCF75AFC0020DCF7EDFC687A9D
:10B72000D8F7D0FEA4F11601172011F08BFF0DF110
:10B73000030118208DF8037011F084FFA888D8F752
:10B7400085FEA4F114010D2011F07CFF104B54F87C
:10B750001A2CDA62EB885BB902A9062011F046FFC9
:10B7600002A8E4F745F93046F9F7B2FD05B0F0BD9F
:10B770004FF0FF324FF0FF3302A8CDE90223E4F788
:10B7800037F93046F9F78AFDF0E700BFC6380020E8
:10B790003011012010B5084C042004F5027115F099
:10B7A000BBFB04F50771042015F07CFBFFF78CFD53
:10B7B0000248BDE810408BE7981E012021B6020127
:10B7C00007B5002311488DF8073013F055FE104BD4
:10B7D0000DF1070183F848004FF49B7011F006FF4C
:10B7E0009DF807307BB10B49342015F05BFB09490C
:10B7F000042015F057FB0849392015F053FB074981
:10B800000F2015F04FFB03B05DF804FBC5B2020139
:10B8100030110120B4200120C8200120DC200120AB
:10B8200038B507F0B1F9104D4FF6FF74A0B11CF018
:10B83000CFF94FF4FA6200EA04035343B3FBF4F385
:10B8400003F57A73C5F86032084BC5F868320848CA
:10B85000BDE8384013F0DCB91CF0BAF94FF47A7344
:10B8600020404343EAE700BF981E012081B4020153
:10B87000F0200120F8B50F4D95F8483006461BB969
:10B88000F2210D481BF0A0FE1EB9F3210A481BF05F
:10B890009BFE094F092400BF55F8243013B945F821
:10B8A0002460F8BD1CB9F42138461BF08DFE013C24
:10B8B000E4B2F1E7301101205C6804012DE9F3479F
:10B8C000DDE90B5780468A4691461E463FB9224B1A
:10B8D000DB6A23B94FF48C7120481BF075FE204CB5
:10B8E0006DB32B68C4F80A306B68C4F80E30AB68CF
:10B8F000C4F81230EB68C4F81630D8F80030C4F839
:10B900001A30184AD8F8043053609DF8283084F86B
:10B9100008A0A4F80490E6806372276007F034F969
:10B9200090B136B90DF107011A208DF8076011F0BA
:10B9300089FE0D48FFF7CCFE02B0BDE8F08704F1A8
:10B940000A0015F075F9D8E7E7F7A6FB0028F0D153
:10B95000FFF78CFEF0E700BF301101205C680401A6
:10B96000AC380020C638002021B60201F8B50546E3
:10B9700020B94FF4097119481BF026FE184C1848DD
:10B98000082115F0EBF8D4E9002352EA0301F6D0C0
:10B99000013308BFB2F1FF3FF1D0124F4FF6FD76F1
:10B9A0000221384615F0DAF8B4F84430013B9BB276
:10B9B000B342F5D8002384F84630A56007F0F8F8C4
:10B9C000054607F001F92843A06307491E2015F03A
:10B9D00069FA0648BDE8F840D8F700BB5C68040186
:10B9E000981E0120DC1E0120B4200120A41E01208D
:10B9F000037810B533B1EA2B04D040F247210C484C
:10BA00001BF0E2FD0B4C1E2004F5077115F04AFAFD
:10BA100094F8463023B1A068BDE81040FFF7A6BFF8
:10BA2000A368B4F844002146BDE81040184700BFA1
:10BA30005C680401981E01207047704756E4EDE4ED
:10BA400042E47047704708B507F09EF880F00100A7
:10BA5000C0B208BD73B50D46064605F061FF134C34
:10BA60000368C4F8EA304368C4F8EE3005F058FFC4
:10BA70000368C4F83F314368C4F8433194F8473150
:10BA800066F3C71365F386136FF3050384F8473134
:10BA900001A9372340208DF8043011F0D3FD04F1C3
:10BAA0009000E7F732FE02B070BD00BF981E012083
:10BAB00000230B70704773B506460D461A200DF132
:10BAC000070111F093FD9DF80730134C022B0DD1A7
:10BAD00022782AB9114B19681A60012361802370FA
:10BAE00001230F492371252015F0DCF90D4806EBE1
:10BAF000460100EB8101243019F0EEFC084B84F87C
:10BB000030501E7515B9D8F7BBFC054606492846C6
:10BB10000CF078F902B070BDD80E0120442301204A
:10BB20004C2D0120E00E01207DBC020137B5174CE1
:10BB300005460DF107011A2011F058FD04F1080324
:10BB400005EB450103EB810104F12C0019F0C4FC65
:10BB50000C2303FB05450E4A6B7B13759DF80720EC
:10BB6000287B84F83000022A08D1FF2B4FF0010215
:10BB700008BF002384F8312008BF237108B9D8F723
:10BB80007FFC04490CF03EF903B030BDD80E012013
:10BB90004C2D01207DBC0201037810B523B140F289
:10BBA00066210B481BF010FD0A4C94F848202379BD
:10BBB0009A4204D040F2672105481BF005FD237925
:10BBC0002366054B63660548BDE810400AF0F2BBEA
:10BBD000A47C0401D80E0120E1BB0201300F01203A
:10BBE000037873B523B140F279211F481BF0ECFCB8
:10BBF0001E4819F095FC054620B94FF41F711A48EC
:10BC00001BF0E2FC0DF107011A2011F0EFFC9DF88A
:10BC10000730174C022B1FD194F8313033B1237801
:10BC200023B100232370134B62881A60AB794BB1A8
:10BC300026793EB941F288314FF49670F9F740FA0F
:10BC40000D4B5E7594F8313033B10B49252015F05A
:10BC500063F9002384F83130AB6898470023AB6068
:10BC600084F86C3002B070BDA47C0401040F012084
:10BC7000D80E0120442301204C2D012007B51A20A5
:10BC80000DF1070111F0B2FC9DF807300B48022BB3
:10BC90000DD1037980F84830522380F84030084BAA
:10BCA000036538300AF08CFB03B05DF804FB002319
:10BCB00000F8683FFFF794FFF6E700BFD80E0120B9
:10BCC00099BB0201014B93F86D007047D80E01201B
:10BCD00008B506F059FF58B907F046F940B1054BD1
:10BCE0001B7D022B02BF044B93F8302083F82420E5
:10BCF00008BD00BF4C2D0120D80E012073B50D46A4
:10BD000006460DF107011A2011F070FC1DB9F32150
:10BD10001C481BF059FC1C4B1C4C1B7D022B0CD0EF
:10BD2000FF2B1BD03BBB94F8302084F824209DF8D7
:10BD3000072084F82530022A1AD0A36A23B14FF4D1
:10BD4000887110481BF040FC01233146022084F822
:10BD50006C30A562FFF7AFFE02B070BD4FF47F43B9
:10BD6000A3849DF80730022BE7D1E5F78DFF01236F
:10BD700084F82630E1E740F20D1102481BF024FC64
:10BD8000DBE700BFA47C04014C2D0120D80E01206C
:10BD900070B5054620B940F21F110D481BF014FC88
:10BDA0000C4B1B7D022B03D02B46BDE8704018477F
:10BDB000094CA36A23B140F2291105481BF004FC89
:10BDC000012384F86C30A5620220BDE87040ADE626
:10BDD000A47C04014C2D0120D80E012073B50D4622
:10BDE00006460DF107011A2011F000FC25B94FF4A9
:10BDF0009F711D481BF0E8FB1C4B1D4C1B7D012B4C
:10BE00000FD0E3B1FF2B28D14FF47F4323839DF85C
:10BE10000730022B05D1E5F737FFB0FA80F0400973
:10BE2000A076E36923B140F259110F481BF0CCFB17
:10BE300031460120E561FFF73EFE02B070BD06F01D
:10BE4000A3FE10B194F8303023769DF8072000232C
:10BE5000022A6376E5D1A376E3E74FF4AB7102489B
:10BE60001BF0B2FBDDE700BFA47C04014C2D0120D8
:10BE7000D80E012070B5054620B940F267110C4874
:10BE80001BF0A2FB0B4B1B7D012B03D02B46BDE807
:10BE900070401847084CE26922B140F27111044821
:10BEA0001BF092FBE5610120BDE870403EE600BF5B
:10BEB000A47C04014C2D0120D80E0120F7B50646C4
:10BEC0000D4621B94FF4C07132481BF07DFB0DF1D6
:10BED00007011A2011F08AFB9DF80730022B08D1C8
:10BEE00009F0A4F928B12946304600F0B9FC03B0A6
:10BEF000F0BD294F294C3B7D022B2AD8B3B30C222D
:10BF000002FB03435B7B5BB9E368A4F874301B0C52
:10BF100084F8763004F1700104F17C0019F0DCFA49
:10BF20003B7D0C2202FB0341087B2073487B60733E
:10BF30009DF80700022804BF897BA17302FB03441C
:10BF400002284FF000032673637308BFA373A8474A
:10BF5000CDE7FF2B17D19DF80730022B03D1E5F772
:10BF600093FE0123A3734FF47F43A381236923B17D
:10BF70004FF4DC7107481BF027FB25613146002098
:10BF8000FFF799FDB3E740F2B51102481BF01CFB27
:10BF9000ECE700BFA47C04014C2D0120D80E012049
:10BFA000F7B5064620B94FF4E37121481BF00CFBAE
:10BFB000204F3B7DD3B1022B15D81F4C0C2505FB20
:10BFC0000343227B1A73627B5A730DF107011A2017
:10BFD00011F00CFB9DF80730022B04D13B7DA27BB6
:10BFE00005FB0344A273B04703B0F0BD124C637B62
:10BFF0008BB904F17C0019F093FA054620B94FF48F
:10C00000F0710B481BF0E0FA284630F8043F8278C4
:10C01000A3810A4B9A70236923B14FF4F671044847
:10C020001BF0D2FA26610020FFF780FDDCE700BF9D
:10C03000A47C04014C2D0120D80E0120E40E012027
:10C04000024B187DB0FA80F0400970474C2D01205A
:10C05000014B93F86C007047D80E012007B51A20E9
:10C060000DF1070111F0C2FA9DF80730022B04D13F
:10C0700000F0ACFC03B05DF804FB012BFAD1FFF734
:10C08000DDFCF7E707B51A200DF1070111F0AEFA54
:10C090009DF80730022B04D100F099FC03B05DF845
:10C0A00004FBFFF7CCFCF9E707B51A200DF10701F7
:10C0B00011F09CFA9DF80730022B04D100F088FCA7
:10C0C00003B05DF804FB012BFAD1FFF7B9FCF7E7E9
:10C0D000F8B505460F4616461AB9AC210E481BF0B6
:10C0E00073FA0E4CD4F880301BB1AD210A481BF016
:10C0F0006BFA012384F86D30FFF7D6FF3846D8F786
:10C10000E1F984F88450C4F8806028460449BDE809
:10C11000F8400BF077BE00BFA47C0401D80E0120CC
:10C120004DC2020107B51A200DF1070111F05EFAA8
:10C130009DF80730022B04D100F056FB03B05DF8E8
:10C1400004FBFFF780FCF9E707B51A200DF10701A2
:10C1500011F04CFA9DF80730022B04D100F05AFC84
:10C1600003B05DF804FB012BFAD1FFF759FBF7E7A9
:10C170002DE9F04786B004460D461A200DF117014F
:10C180001F4616469DF83880DDE90F9A11F02EFA09
:10C190009DF81730022B0CD1CDE9019ACDF8008023
:10C1A0003B4632462946204600F0CEFA06B0BDE8AE
:10C1B000F087012BFAD1CDE9019ACDF800803B46FA
:10C1C000324629462046FFF779FBEFE713B50446D0
:10C1D0000DF107011A2011F009FA9DF80730022B22
:10C1E00004D1204600F052FB02B010BD012BFBD160
:10C1F0002046FFF7BBFBF7E713B504460DF1070137
:10C200001A2011F0F3F99DF80730022B04D12046D3
:10C2100000F06CFA02B010BD012BFBD12046FFF7F5
:10C2200029FBF7E707B51A200DF1070111F0DEF938
:10C230009DF80730022B04D100F092FB03B05DF8AB
:10C2400004FB012BFAD1FFF7F7FBF7E738B50378CA
:10C250001BB1C8210C481BF0B7F90C4C002594F811
:10C26000840084F86D50D8F711F904F18401162088
:10C2700011F0E8F9D4F880309847C4F88050BDE850
:10C280003840FFF7CFBF00BFA47C0401D80E0120C7
:10C290000020704738B5084D002305F8283B0924D5
:10C2A00055F8043913B15B6803B1984714B1013CE8
:10C2B000E4B2F5E738BD00BF0012012038B5074DE4
:10C2C000092400BF55F8043913B19B6803B198479E
:10C2D00014B1013CE4B2F5E738BD00BF28120120DB
:10C2E00038B5074D092400BF55F8043913B1DB6890
:10C2F00003B1984714B1013CE4B2F5E738BD00BF83
:10C300002812012037B506F053FC019006F05CFCC2
:10C31000019B0B4D1843019001A9302011F092F9B7
:10C32000012305F8283B092455F8043913B11B688B
:10C3300003B1984714B1013CE4B2F5E703B030BD56
:10C34000001201202DE9FF410D46044620B9FFF7F8
:10C35000A1FF04B0BDE8F081052802D1FFF7D2FFAC
:10C36000F7E7352808D12C4B2C490122042083F80B
:10C370002C2014F097FDECE704281CD1264B93F8F1
:10C380002C205AB1002283F82C20FFF783FFFFF7FF
:10C39000A7FF2249204614F0BFFDDAE702A940209A
:10C3A00011F024F99DF90830002BD2DBFFF772FF62
:10C3B000FFF796FFCDE71E28CBD10B88102BC8D1F5
:10C3C000D1F80480154CD8F83030D3F80360D3F896
:10C3D000077002A93320CDE9006711F007F9DDE904
:10C3E00002239F420EBF96420123AB60636A002B7B
:10C3F000AFD00123AB60228CB8F80C309A4207D042
:10C400000822694604F118001BF06CFB0028A0D13B
:10C41000012384F860309CE70012012008210120EC
:10C4200008B5837C0BB9FFF76DFF05491E2014F09A
:10C4300073FD044B00221A6383F8342008BD00BF4B
:10C44000082101200012012038B5134C226B22B9BB
:10C450004FF4BC7111481BF0B7F8114D288A06F053
:10C460000BFC05F1080006F01BFC287D06F060FCC3
:10C47000688A06F033FC002006F0E0FB236B002006
:10C480009847FFF71BFF3E20064911F0DBF80648EE
:10C49000BDE83840E6F702BB00120120E87D040148
:10C4A000AC380020702101207821012013B5144CF4
:10C4B000144BC4F8A83105F033FA0368C4F8F2301D
:10C4C0004368C4F8F63005F02BFA0368C4F8473126
:10C4D0004368C4F84B31002384F84F3101A9372356
:10C4E00040208DF8043011F0ADF804F504710420FB
:10C4F00014F0D8FC04F19800E7F707F902B010BD7A
:10C500000821012009C50201C37A03B1CEE77047B3
:10C51000C37A1BB1A0F58A70E7F7F7B80149042088
:10C5200014F0FABC0821012013B5144C144BC4F8C4
:10C53000A83105F0F5F90368C4F8F2304368C4F88F
:10C54000F63005F0EDF90368C4F847314368C4F8E4
:10C550004B31002384F84F3101A9832340208DF80B
:10C56000043011F06FF804F50971042014F09AFCFE
:10C5700004F19800E7F7C9F802B010BD08210120C6
:10C5800085C50201C37A03B1CEE77047F0B5274CE9
:10C5900085B007462146332011F054F821460C207F
:10C5A00011F050F8237B012606FA03F301A930208D
:10C5B000019311F047F804F10C01162011F042F834
:10C5C000207BD7F763FF002104F10E00DBF7FEFCB0
:10C5D0000020DBF791FD607BD7F774FF04F10801C1
:10C5E000172011F02FF80DF1030118208DF80360CA
:10C5F00011F028F82089D7F729FFA4F1080504F1E4
:10C600000A010D2011F01EF8094B6A681A6302A88E
:10C610004FF0FF324FF0FF33CDE90223E3F7E8F9A3
:10C620003846F8F73BFE05B0F0BD00BFB438002037
:10C630000012012008B50420044914F06DFCFFF736
:10C6400029FE0348BDE80840A0E700BF18230120E9
:10C6500049C4020108B50A49042014F05DFC094BE5
:10C660001B6B23B10320BDE80840E6F721BA3E204A
:10C67000054910F0E7FF0548BDE80840E6F70EBAA7
:10C680002C2301200012012070210120782101209B
:10C6900013B5002411488DF8074012F0EDFE104B41
:10C6A0000DF1070183F835004FF49B7010F09EFFE9
:10C6B0009DF807305BB10B49204614F0F3FB0949A4
:10C6C000052014F0EFFB0749352014F0EBFB064979
:10C6D000342010F08BFF02B010BD00BF91C20201E8
:10C6E0000012012008210120402301202DE9F04102
:10C6F000134D95F8352006461AB9EC2111481AF069
:10C7000063FF1EB9ED210F481AF05EFF0D4F09249B
:10C7100005EB84035A682AB95E60FFF703FD48B948
:10C72000BDE8F0811CB9EE2138461AF04DFF013CFE
:10C73000E4B2EDE73368002BF2D0BDE8F0411847D2
:10C7400000120120E87D04012DE9F84FDDE90BB569
:10C7500006468A46914698469DF828703DB91D4B7D
:10C760001B6B23B94FF48B711B481AF02DFF1B4C28
:10C77000BBF1000F22D0DBF80030C4F81630DBF834
:10C780000430C4F81A30DBF80830C4F81E30DBF887
:10C790000C30C4F8223030687168114B84F814A052
:10C7A00003C36775A4F81090A4F81280656006F0C2
:10C7B000EBF940B10B48BDE8F84FE7E604F116008D
:10C7C00014F036FAE7E7E6F767FC0028F2D1BDE897
:10C7D000F84F6BE600120120E87D0401AC38002020
:10C7E000B438002049C40201014B1878704700BFDB
:10C7F0000012012073B5184C184BC4F8A8310D462F
:10C80000064605F08DF80368C4F8F2304368C4F8B2
:10C81000F63005F085F80368C4F847314368C4F87A
:10C820004B3194F84F3166F3C71365F386136FF3FA
:10C83000050384F84F3101A9372340208DF80430D7
:10C8400010F000FF2146042014F02CFB04F19800A6
:10C85000E6F75BFF02B070BD0821012011C502019F
:10C86000024B83F836009963704700BF0012012025
:10C8700010B5054CA16B19B194F83600FFF71EFBFB
:10C880000023A36310BD00BF00120120F8B50546C8
:10C8900020B940F26E2119481AF096FE184C19483A
:10C8A000082114F05BF9D4E9062352EA0301F6D01B
:10C8B000013308BFB2F1FF3FF1D0134F4FF6FD76C1
:10C8C0000221384614F04AF9238C013B9BB2B34253
:10C8D000F6D8002384F86030656206F069F90546F1
:10C8E00006F072F92843606505491E2014F0DAFA53
:10C8F0000648BDE8F840D7F771BB00BFE87D0401EA
:10C90000082101202021012028210120302101209F
:10C91000037810B533B1EA2B04D040F291210B48D3
:10C920001AF052FE0A4C1E20214614F0F5FA94F833
:10C93000603023B1606ABDE81040FFF7A7BF636AAB
:10C94000208C04F11801BDE810401847E87D04016F
:10C9500008210120014B93F8340070470012012098
:10C9600010B5FFF7DFFB00BB144C94F83430E3B98B
:10C97000012384F83430E6F78FFB10B9BDE810408E
:10C98000D2E5236B23B10320BDE81040E6F790B851
:10C990000B491E2014F086FA3E200A4910F052FE80
:10C9A0000948BDE81040E6F779B8FFF7BBFB18B1BE
:10C9B000BDE81040F2F7D4BA10BD00BF001201204C
:10C9C00008210120702101207821012076E499E4DA
:10C9D00060E438B5094B0A4C1B780546C4E98E0063
:10C9E0005BB1E5F751F945B104F50E71342010F053
:10C9F00029FEBDE83840E5F733B938BD612D012087
:10CA000008210120024BD3F83802FFF7E2BF00BF34
:10CA100008210120704700BF144A10B5516858B969
:10CA200092F8CB300133DBB282F8CB304C69D9B20B
:10CA30001F2903D9002018E00023F5E724FA03F0AA
:10CA400010F0010F03F10103F1D0094B094883F8FD
:10CA50003810002382F83830074B82F8CB1082F868
:10CA6000401093640AF05EF9012010BDC048002018
:10CA700038310020F048002061CC02010848094A02
:10CA80000E230370084B1B7882F8383080F8403052
:10CA90000022064B80F83820836430300AF042B917
:10CAA000C048002038310020B108012061CC0201CB
:10CAB00010B5084C63681B7F4BB10020FFF7ACFF3B
:10CAC00010B10123237010BDBDE81040D6E70D233F
:10CAD000F8E700BFC048002010B51D4C23786068FF
:10CAE000052B02D0062B29D010BD037F032BFBD8CA
:10CAF000DFE803F00210101EF02384F83830002322
:10CB0000A4F840301348144BA3640AF00BF908232F
:10CB10002370E9E7114B0F481B8CA4F840305022DA
:10CB20000D4BA36484F838200AF0FCF81023EFE7DB
:10CB300000232370BDE8104009F0CCBA037F0BB18D
:10CB4000022BD1D10120FFF767FF0123E0E700BFEF
:10CB5000C0480020F048002061CC0201383100209C
:10CB600008B50378032B00D08BB90E48416890F8C4
:10CB7000CB20012303FA02F28B6823EA02038B60C5
:10CB80000C2300F8083BBDE8084012F041B8002033
:10CB9000FFF742FF18B1034B01221A7008BDBDE830
:10CBA00008406BE7C048002038B51A4D00786B6824
:10CBB000DA7B19698C5C844238BF88542A780D2A44
:10CBC00023D195F8CB20012404FA02F19A6822EAD5
:10CBD00001029A60DA7BD97F2244D2B29142DA73A1
:10CBE00005D90020FFF718FF60B12C7038BD0A4A44
:10CBF00092F83820013294405A696442144201D0BC
:10CC0000FA221A73BDE8384038E70448BDE83840D6
:10CC10000AF08BB8C048002038310020F0480020CE
:10CC2000044B054A83F83800DA6303F130000AF058
:10CC300076B800BFC0480020D9CA020108B5064B2B
:10CC400093F8233033B10120FFF7EAFF034B0522AD
:10CC50001A7008BD0220F7E738310020C0480020D4
:10CC600038B5704C23786568013B0F2B1ED8DFE880
:10CC700003F03D9AA5081D1DA0A5ACBABD1D1DBAA7
:10CC800030CB2B7F032B11D8DFE803F01102021EFB
:10CC9000502384F838304FF6FF73A4F840306248D0
:10CCA000624BA3640AF03EF80F23237038BDF023D3
:10CCB00084F83830012384F840305B485B4BA36430
:10CCC0000AF030F80723F0E70120FFF7A5FE012363
:10CCD000EBE7F12384F83830012384F840305248E0
:10CCE000524BA3640AF01EF80223DEE72B7F032BCE
:10CCF000DCD8DFE803F02E021E3E4D4A937E84F816
:10CD00003B30591C4FF6FF73A4F84030A38740F224
:10CD10000A3323870823917684F83A30454BC4F8C8
:10CD20009430012384F890303F48BDE8384009F042
:10CD3000F3BF94F8CB204048012303FA02F2AB681A
:10CD400023EA0203AB600C232370BDE8384011F0E6
:10CD50005FBF0C233848237011F05AFFEB7B2A6920
:10CD600031480021D154354BA363BDE8384009F068
:10CD7000DCBF2F4A937E84F83B30591C917644F2F5
:10CD800009324FF6FF732287C822A4F84030A387E8
:10CD900084F83A20A4F8483004F0C2FDD0E900231A
:10CDA000C4E91423BAE72B7F012B8DD0022B7FF42B
:10CDB0007DAF0120FFF734FF062376E700232370C1
:10CDC0002846BDE8384009F085B9194B16481B8C38
:10CDD000A4F840305022154BA36484F8382009F0A1
:10CDE000A1FF0A2361E7BDE8384027E7104B0E4852
:10CDF000DB8CA4F8403053220C4BA36484F8382019
:10CE000009F090FF092350E7F12384F8383000231C
:10CE100084F840300448054BA36409F083FF0323E2
:10CE200043E700BFC0480020F048002061CC020169
:10CE30003831002061CB0201C8480020A9CB020193
:10CE40002DE9F04190F854C05E4F94B00446BCF117
:10CE5000000F02D1BB79002B43D1D4E90623CDE9E1
:10CE60000223B4F82130ADF81630A17894F82330BD
:10CE700094F8038094F8206097F8425094F8550095
:10CE800094F95620B4F810E08DF81880C1F38111A0
:10CE9000C3F3C0134FF000088DF810608DF81150E7
:10CEA0008DF812308DF813008DF814108DF81520C0
:10CEB000CDF80080ADF804E06E460FCE08AD0FC58A
:10CEC00003CE03C594F844308DF83830A36C0F932B
:10CED000E36C109306A8236D8DF844C0129309F0FB
:10CEE00093FA394B1A780C2A5BD15E68BB79002B18
:10CEF00065D0337F013B012B53D84FF0000CF57BFD
:10CF000086F80CC04FF0180E5FFA8CF39D422FD8B4
:10CF1000F37FAB4245D93169A27805EB450C182364
:10CF200003FB051301EBCC0CD4E90601C2F381121B
:10CF30001A75228AACF80420C3E9020194F8202073
:10CF40001A7497F842205A74B4F82120DA8294F8BF
:10CF50002320C2F3C0129A7494F85520DA7494F81E
:10CF600056205A7501350023CCF80030F57318E0CF
:10CF7000336994F820200EFB0C33197C91421BD1AD
:10CF8000A278197DB1EB921F16D19888218A884228
:10CF900012D102F0C002802A06D11A89238B9A424C
:10CFA0000AD114B0BDE8F081D3E90201D4E9062327
:10CFB000994208BF9042F4D00CF1010CA4E73373FE
:10CFC000EFE700BF38310020C048002083789B097C
:10CFD000022BF7B504462CD0032B31D00023284D6B
:10CFE0002A780C2A37D1274E33B9D6E904230133E6
:10CFF00008BFB2F1FF3F1AD16F68234811F032FE2B
:10D00000638C224800223A733383238C3384E38C6D
:10D01000F38494F8243086F8383085F840301C4B7F
:10D02000AB6485F8382009F07DFE0B232B7003B02C
:10D03000F0BD144A038B128B9A1A53425341CEE728
:10D04000104BD0E90601D3E90423994206BF904270
:10D0500001230023C3E7002BE9D001238DF8003022
:10D06000238CADF8023094F824308DF804306846F3
:10D0700094F828308DF8053009F0D0F9D7E700BFD3
:10D08000C048002038310020C8480020F048002067
:10D0900061CC0201032910B5044603D1BDE810405C
:10D0A00004F06ABB04F0A2F94FF47073A34003F5D7
:10D0B000707358434FF47A73B0FBF3F010BDF0B5C2
:10D0C0002B4E2C4F7468F86B6169237F637331EAD0
:10D0D000000285B00CD159B1627F0E2A05D9032B0D
:10D0E00006D1EA232373002509E01BB1032BF8D9ED
:10D0F000012504E0E57F2373B5FA85F56D09042366
:10D100008DF800306846A37F8DF8083004F006FAE9
:10D1100000B93DB1E8232046237308F0DBFF00206F
:10D1200005B0F0BD144B97F83820217F607F1A704E
:10D13000FFF7B0FF01233375104BB36163693061B2
:10D14000A360237FE57323B9E27F206929461AF0A3
:10D1500095FDA37F86F840300424094B094886F8E2
:10D160003840B36409F0DEFD34700120D8E700BF19
:10D17000C048002038310020B1080120B1CA0201A6
:10D1800061CC0201F0480020014B00221A70704768
:10D19000C04800207047704770477047704770471D
:10D1A000084B70B51C6806462CB9074D30462B68F5
:10D1B00098472C6070BDA36B0BB13046984724682C
:10D1C000F2E700BF70150120A03C002038B5054BE8
:10D1D0001C68054604B938BDA36A0BB128469847B8
:10D1E0002468F7E770150120044B10B51C6804B9DA
:10D1F00010BDE36A03B198472468F8E77015012071
:10D20000024B0721187812F0E9B800BFD8120120AC
:10D21000034B587099701878022112F0DFB800BFE4
:10D22000D8120120024B08215870187812F0D6B895
:10D23000D8120120024B04215870187812F0CEB891
:10D24000D8120120024B0A215870187812F0C6B883
:10D25000D8120120024B03215870187812F0BEB882
:10D26000D812012010B5074B0621187812F0B6F835
:10D27000054B1C6804B910BDE36B03B198472468E3
:10D28000F8E700BFD81201207015012070B5094BD6
:10D2900005460E461878052112F0A0F8064B1C68CA
:10D2A00004B970BD636B13B13146284698472468B2
:10D2B000F6E700BFD81201207015012008B50B2831
:10D2C0002DD8DFE800F0060D0F161B1D1F21230BC4
:10D2D0002A0B00221349144813F068FF01201FE0B5
:10D2E0000722F7E711494B78002BF7D102220331CF
:10D2F000F1E70E494B780B710922F8E70622E9E7BE
:10D300000A22E7E70B22E5E70122E3E707494B782A
:10D310000BB90422EBE70522E9E70822DAE700204F
:10D3200008BD00BFDB12012064380401D8120120BF
:10D3300038B50C4B1C6805467CB90B492B68C1F805
:10D3400005306B68C1F8093003222B7A4B7307480C
:10D350001144BDE8384013F029BF636A03B1984710
:10D360002468E9E770150120D8120120643804010F
:10D3700037B50A2878D8DFE800F006101D20373AC4
:10D38000495C622B1A003B4B987B20B13A4BD86921
:10D39000003018BF012003B030BD364B9B7B002B03
:10D3A00062D0354B186AB0FA80F04009F3E7314B90
:10D3B0001879F8E72F4B9878EAE705F0E5FB0028A5
:10D3C000E9D02C4B587B80F0010000F00100E2E72F
:10D3D000284B18691A790028DDD0B0F80B30B3F566
:10D3E000806F43D30020D6E7224B187DD3E7224B32
:10D3F00098780028CFD01F4B9C6905F0A5FB193405
:10D400000146082220461AF06DFBCCE7E2F77CFAD1
:10D41000D0E9003213F1FF3442F1FF354FF0FF3312
:10D42000AB426FF0020208BFA2422CBF01200020D5
:10D43000B1E705F053FB80F00100C0B2ABE71A2062
:10D440000DF1070110F0D2F80B4B98780028C9D1E4
:10D450009DF80730012B9ED0064B9B69587C00F04D
:10D46000030010F1FF3094E7012094E7B2FA82F054
:10D470009BE700BFD8120120A83C002038B5074C1C
:10D480000546A06918B116F039F90023A36105EB30
:10D490004505280116F024F9A06138BDD8120120F5
:10D4A0002DE9F0431C462F4B1D6885B00646884683
:10D4B0001746D5B92C4DAA6992F82730012B4FF0A9
:10D4C00003038DF80C3025D11068516801AB03C3FC
:10D4D00092F829308DF80D30022313FB064613FB1A
:10D4E0000878B4423BD0B94610E02B6D03B19847A1
:10D4F0002D68DEE739F8023B22889A4206D1E869B6
:10D500002346012201A9007812F030FEC845F1D16E
:10D510000234E6E795F820102B6903EB01131B7A20
:10D520008DF80D301068516801AB03C3022313FB63
:10D53000064613FB0878B44211D0B9460BE039F81F
:10D54000023B22889A4206D1E8692346012201A9BA
:10D55000007812F00BFEC145F1D10234EBE705B0C3
:10D56000BDE8F08370150120D812012030B43B4B88
:10D57000DB69B0F5857F5C789978D3E902525DD09C
:10D5800023D840F2031398424DD0B0F5827F0AD2DF
:10D59000023B984241D0B0F5817F40D2B0F5807F08
:10D5A00035D030BC704740F20513984241D0B0F5F9
:10D5B000827F3BD9B0F5847F3ED004339842F0D1CE
:10D5C000274B2A462146052025E0B0F5016F3FD0C4
:10D5D0000CD8B0F5867F37D034D340F20D13984283
:10D5E00034D0B0F5006FDCD11E4BECE7B0F5036F23
:10D5F00030D004D8B0F5026FD3D11B4B17E0B0F593
:10D60000046F29D0B0F5056FCBD1184B0CE0184B47
:10D610002A462146032030BC42E7164BF8E7164B5A
:10D620002A46214606E0154B0120F4E7144B022060
:10D63000F1E7144B0420EEE7134BF1E7134B2A46B6
:10D640002146F4E7124BE3E7124BE9E7124BB8E748
:10D65000124BEFE7124BDDE7124BEBE7D81201203C
:10D6600092290120B8290120CA290120DC290120A2
:10D67000682901206E290120742901207C290120BC
:10D680007E290120822901208A2901209C2901204C
:10D69000A0290120A6290120AE290120C2290120AC
:10D6A000CE290120D429012070B512282CD8DFE81A
:10D6B00010F013001E00310038004B005C003500F4
:10D6C00065007500790080008700960098009A0038
:10D6D0009C00C200C800CB005D4B5E4901229A73DA
:10D6E00083F821200220BDE87040F0F7F7BC052048
:10D6F000FFF7C4FE5649584B896905220220EDF711
:10D70000C9FB564B1C6804B970BDA36903B19847A7
:10D710002468F8E74E4B082283F821204D49002069
:10D72000E1E70520FFF7AAFE49494B4B896905222D
:10D730000A20EDF7AFFB494B1C68002CE4D0A3692D
:10D7400003B198472468F8E7414CA36993F8270090
:10D75000000115F0C5FF20610146A069404B90F81B
:10D760002720BDE87040EDF7EDBBEDF7B5FB3D4977
:10D7700042F21070BDE8704015F0E9BC344B3A4AF3
:10D7800098694FF6FF71EDF7AAFB344B1C68002C2B
:10D79000BAD0E36903B198472468F8E731494FF4F8
:10D7A000FA60E7E72A4B31499869BDE87040EDF728
:10D7B00049BC0920264B83F82100BDE87040EFE406
:10D7C000234B2B4A98690021EDF7FCFB234B1C6887
:10D7D000002C99D0236A03B198472468F8E7022007
:10D7E000E8E70320E6E70020E4E7224B184C01229B
:10D7F00044F20A009A7002F02FFEE3693BB1A2697D
:10D8000092F82730012B06D1908DFFF7AFFE002054
:10D8100084F82100D1E7A3700025A3789D42F6DAB1
:10D82000236903EB0513B3F80B0084F82050FFF7CE
:10D830009DFE0135F1E7064B0649002083F82100E3
:10D8400051E7034B042267E7014B93F82100B4E74B
:10D85000D812012001D2020111D20201701501205B
:10D8600025D20201FC12012035D2020145D202016B
:10D8700055D20201A83C002010B4084B0C46D978C0
:10D8800041B918750648DC6102605DF8044B1878F0
:10D8900011F0A4BD5DF8044B704700BFD812012001
:10D8A000A03C002010B5044605F02AF92046BDE84A
:10D8B000104005F019B910B50A480B4C11F0DCFD09
:10D8C0000A4B0122187083F82C0004F1180083F829
:10D8D0002D2005F0E1F804F12000BDE81040F0F73C
:10D8E000D9BB00BFBDD2020164380401D8120120A7
:10D8F00041680078F0F7F2BB7047F8B590F8242043
:10D90000092A05461BD9866A737A052B17D8C3EBFB
:10D9100003331B01C3F10A039BB29A420FD1084F94
:10D92000032400BF57F804392BB1DB681BB105F1A4
:10D9300008013046984714B1013CE4B2F2E7F8BD63
:10D9400088140120F8B5876A084D0646032400BFF5
:10D9500055F804392BB11B6A1BB106F10801384692
:10D96000984714B1013CE4B2F2E7F8BD88140120F5
:10D97000F8B5876A084D0646032400BF55F80439F8
:10D980002BB19B6A1BB106F108013846984714B1C8
:10D99000013CE4B2F2E7F8BD88140120438CB3F5F2
:10D9A000805FF7B5044640F0BC80856A2B78590744
:10D9B00000F1B780AB78162B00F2B380DFE813F0EC
:10D9C0001700420046006200B100B10065007A0015
:10D9D000B100B100B100B100B100B100B100B100BF
:10D9E0009500C800CF00EC00F3001001170190F87B
:10D9F0002430092B40F09580D5F80330002B00F03F
:10DA000090802B7ADA0640F18C80EB7903F00302E8
:10DA1000032A00F08680022A02D05B0740F1818051
:10DA20007E4F032657F804393BB11B682BB104F134
:10DA3000080294F92D1028469847002E71D0013E17
:10DA4000F6B2EFE7764B1B6898476AE090F824300F
:10DA5000082B66D1037C022B04D1028B4FF6FF7397
:10DA60009A425ED06D4F032657F804392BB19B685C
:10DA70001BB104F1080128469847002E51D0013E01
:10DA8000F6B2F1E7664B5B68DEE790F82430092BCD
:10DA900047D1624F032600BF57F804392BB11B69E9
:10DAA0001BB104F1080128469847002E39D0013EE9
:10DAB000F6B2F1E790F82430072B32D1037C022B29
:10DAC00004D1028B4FF6FF739A422AD0534F03269C
:10DAD00057F804392BB11B6B1BB104F10801284620
:10DAE0009847F6B1013EF6B2F2E790F824303B2BAE
:10DAF00017D1037C022B04D1028B4FF6FF739A429D
:10DB00000FD0464F042600BF57F804392BB15B698C
:10DB10001BB104F1080128469847013E16F0FF06A4
:10DB2000F2D13E4E032500BF56F804395BB15F6B5E
:10DB30004FB104F108030093A26A94F92D3094F8D0
:10DB40002410608CB847002D66D0013DEDB2EBE7A4
:10DB500090F82430142BE4D1314B9B6874E790F893
:10DB60002430322BDDD1037C022B04D1028B4FF603
:10DB7000FF739A42D5D0294F032600BF57F80439C6
:10DB80002BB1DB691BB104F1080128469847002E30
:10DB9000C7D0013EF6B2F1E790F82430082BC0D18F
:10DBA0001F4BDB6850E790F82430322BB9D1037C4F
:10DBB000022B04D1028B4FF6FF739A42B1D0174F5C
:10DBC000032600BF57F804392BB15B6A1BB104F17F
:10DBD000080128469847002EA3D0013EF6B2F1E78F
:10DBE00090F82430082B9CD10D4B1B692CE790F842
:10DBF0002430152B95D1094F032600BF57F804395F
:10DC00002BB1DB6A1BB104F1080128469847002EAE
:10DC100087D0013EF6B2F1E703B0F0BD88140120D1
:10DC2000F02D0120F8B590F824301F2B064644D97A
:10DC3000846AA57F012D3ED1272B3ED1D4F8033035
:10DC4000002B3AD0237A03F00302032A35D0022AAC
:10DC500001D05A0731D50822184904F1100019F0F3
:10DC600041FF50B3638B4FF6FF72934225D0A18BD7
:10DC700001F108039BB2062B1FD9914202D1637AAE
:10DC8000DB071AD5012D05D194F82030013BDBB21A
:10DC9000EF2B12D80A4F032557F804393BB15B68C4
:10DCA0002BB106F1080296F92D102046984725B1B0
:10DCB000013DEDB2F0E7202BBFE7F8BD7C7D04010C
:10DCC00088140120F8B5856A6B7C0B3B0F2B074647
:10DCD00021D805F1080408220F49204619F002FF57
:10DCE000C8B108220D49204619F0FCFE98B16A8A95
:10DCF0004FF6FF739A420ED0094E032456F80439AA
:10DD00002BB19B691BB107F108012846984714B154
:10DD1000013CE4B2F2E7F8BD7C7D0401847D04019E
:10DD2000881401202DE9F047089D80460F46924651
:10DD3000994619F05CFB044618B9AA21174819F056
:10DD400043FC204619F06EFB064605B3032384F816
:10DD500048302B6823636B6863633A46514630460C
:10DD600019F0CEFE4CF25E03A4F84430002384F890
:10DD70004A3084F849700A4BA4F84290A4F84680CF
:10DD8000A663E3632046BDE8F047DFF769BB0223E3
:10DD900084F848304FF6FF732386DEE74C7E04019B
:10DDA000F1DD020113B514461A461B7861F3C30373
:10DDB00003F0080343F01103137081B153785370DB
:10DDC000907079B1531C0193049B009321464FF648
:10DDD000FF734FF48050FFF7A5FF02B010BD024B58
:10DDE0001B7CECE7014BEEE77C1401208C14012036
:10DDF000403819F013BB034B034801225A74DFF774
:10DE000033BC00BF7C1401209DD90201F8B50D4D33
:10DE10006B7C064623B94FF41F710B4819F0D4FBF5
:10DE2000094F032455F8243013B945F82460F8BD90
:10DE300024B940F27D21384619F0C6FB013CE4B21A
:10DE4000F0E700BF7C1401204C7E040107B5064BAF
:10DE5000064A1A6000210346009109220846FFF78E
:10DE6000A1FF03B05DF804FBF02D012025DC0201C9
:10DE700007B5064B064A1A600091002103460922A5
:10DE80000846FFF78FFF03B05DF804FBF02D01207B
:10DE900025DC020107B5827F0091012A4FF00101C4
:10DEA00003460CBF272220220846FFF77BFF03B062
:10DEB0005DF804FB07B5064B064A5A60009103461D
:10DEC000082200210220FFF76DFF03B05DF804FB7C
:10DED000F02D0120FBD8020137B5437A052B04460B
:10DEE0000D4604D940F2A321094819F06DFB627A6E
:10DEF0000095C2EB02321101C1F10A014FF6FE7228
:10DF00000A40234601210320FFF74CFF03B030BD38
:10DF10004C7E040107B5034600910922002106202A
:10DF2000FFF740FF03B05DF804FB07B5072200913F
:10DF3000034600211046FFF735FF03B05DF804FBF0
:10DF400007B5064B064A9A60009103463B22002122
:10DF50001020FFF727FF03B05DF804FBF02D012030
:10DF6000C5DC020107B503460091142201211120EE
:10DF7000FFF718FF03B05DF804FB07B5064B074A2F
:10DF8000DA6000910346322200211220FFF70AFFD7
:10DF900003B05DF804FB00BFF02D012045D902015C
:10DFA00007B503460091082201211320FFF7FAFE6E
:10DFB00003B05DF804FB07B5064B074A1A610091F0
:10DFC0000346322200211420FFF7ECFE03B05DF877
:10DFD00004FB00BFF02D012071D9020107B50346F3
:10DFE0000091082201211520FFF7DCFE03B05DF847
:10DFF00004FB07B503460091152200211620FFF708
:10E00000D1FE03B05DF804FB13B5044C0194049CED
:10E010000094FFF787FE02B010BD00BF8C140120F2
:10E0200084B08DE80F0004B0704700BF84B0F0B535
:10E0300083B008AC84E80F009DF821009DF82840CB
:10E040009DF82920BDF82A700C38DDE90C65DDE962
:10E050000E1321281ED8DFE800F037351D22B4AF9B
:10E060009690A69DAD6F7F1D1D73711D695D5A57FA
:10E07000541D1D4F45423F3C39158D1121465948CD
:10E080000FF0F2F95848214603B0BDE8F04004B063
:10E090000FF0EAB903B0BDE8F04004B07047534850
:10E0A0000FF0E2F952480FF0DFF952480FF0DCF9B7
:10E0B00051480FF0D9F9514803B0BDE8F04004B021
:10E0C0000FF0D2B94E48F7E74E48F5E721464E48E3
:10E0D000DAE721464D48D7E721464D48D4E72146A7
:10E0E0004C48D1E72146002C75D14B4803B0BDE820
:10E0F000F04004B00FF0B8B92146002C6DD147486C
:10E10000F4E721464648BFE721464648BCE721469A
:10E110004548B9E7002C58D1444833462A462146A1
:10E1200003B0BDE8F04004B00FF09EB9002C4FD111
:10E130003A4621463E48D9E73E48BDE73E48BBE760
:10E140003E48CDE90C312A463346394603B0BDE896
:10E15000F04004B00FF088B93948CDE900130FF052
:10E1600083F90099019B0D910C932A463346394659
:10E170003448EBE72146344886E734480FF074F919
:10E180000CBB334898E733480FF06EF9082CF7D1F1
:10E19000314891E731480FF067F9062C1FD0072C62
:10E1A000EED12F4888E72F480FF05EF9032CE7D116
:10E1B0002D4881E72D487FE70D2C7FF46BAF2C486D
:10E1C0007AE72C4878E72C4876E721462B485BE72E
:10E1D00021462B4858E72B4856E72B4854E72B4855
:10E1E0006AE700BF88020201AC0202017CFD010166
:10E1F000B0FD0101CCFD0101D8FD0101E8FD0101E7
:10E200005CFD010144FD01016802020154020201AA
:10E210003802020114020201C0010201640102017C
:10E220004401020118010201F00002019000020104
:10E230003800020140FF010128000201DCFF01015A
:10E2400060FF010194FF0101C802020110FE0101FB
:10E2500020FE010160FE010178FE01018CFE01013A
:10E26000C0FE010138FE010144FE010120FF010151
:10E27000D8FE0101ECFD01012CFE0101CC000201E0
:10E280006C000201F00102019C010201A0FE0101EB
:10E2900084B0F0B583B008AC84E80F009DF821305D
:10E2A0000C9C2F3B392B56D8DFE813F01A01550090
:10E2B000130155000C010901070126012401210168
:10E2C0001F01440129014C01FD00F600F300F0009C
:10E2D000ED00E500E2003A00D600C600C30055009C
:10E2E0005500A600A400A200A0009E009C009A0079
:10E2F00098009600550055005500550055005500F2
:10E300005500550069005500550055005500550051
:10E310001C015A00620066007600A8000F01160179
:10E320002178A6480FF0A0F86188A5480FF09CF866
:10E330002179A4480FF098F8237963B10025A24E03
:10E340002B462344304659790FF08EF80135227957
:10E35000EBB29A42F5D803B0BDE8F04004B0704784
:10E36000E1789A4803B0BDE8F04004B00FF07CB803
:10E37000B4F803109648F5E7E1789648F2E70B9B6E
:10E3800023F07F43B3F5803FE5D1934803B0BDE868
:10E39000F04004B00FF068B89DF82C508F4F002665
:10E3A000A378ADF80660202B03BFE3788DF8063024
:10E3B000BDF80620B4F80320218838460FF054F841
:10E3C000032D06D9A378202B00F0C380053D05342A
:10E3D000EDB2002DE4D1BEE78148D7E78148D5E70B
:10E3E0008148D3E78148D1E78148CFE78148CDE72D
:10E3F0008148CBE78148C9E78148C7E721880023E6
:10E40000ADF80630002940F0AD80B4F903407D4BF3
:10E410007D4883FB0423E217C2EB6312642303FBF2
:10E4200012431BB212B203B0BDE8F04004B00FF0CB
:10E430001BB82178754895E7217875480FF014F8D6
:10E44000B4F801105E480FF00FF8E1785E480FF065
:10E450000BF8A1886F4885E721786F480FF004F822
:10E46000B4F8011056480EF0FFFFE178564879E7FE
:10E4700021786A48F2E7217869480EF0F5FFB4F890
:10E4800001104F486EE721786648E7E72178664833
:10E49000D4E721786548E1E72178002960D16378E5
:10E4A00062886348BFE7B4F801202178614803B06F
:10E4B000BDE8F04004B00EF0D7BF5F4866E72188A2
:10E4C0005E484FE721885E484CE7B4F903105D4889
:10E4D00048E721785C4845E7B4F803105B4841E71A
:10E4E0005B4853E7E1785B483CE75B484EE72188AF
:10E4F0005A4837E75A4849E721885A4832E75A4884
:10E500000EF0B2FF617859480EF0AEFF6378002B31
:10E510003FF421AF00252A4E2B4600BF04EB4303F6
:10E52000304659880EF0A0FF01356278EBB29A426E
:10E53000F4D810E721784E480EF096FFB4F8011099
:10E540001F480FE74B480EF08FFFB4F801101C482E
:10E5500008E7043DEDB20434002D7FF421AFFAE664
:10E560004548FFE6CB1F012B22D911297FF4F3AEDA
:10E570004248244E0EF078FFB4F90430404886FB40
:10E580000312D917C1EB6211642505FB11331AB2CE
:10E5900009B20EF069FFB4F90A203A4886FB023648
:10E5A000D117C1EB661105FB112212B209B27EE749
:10E5B000E3788DF80630DAB2334878E700060201D6
:10E5C000F803020134060201240502019808020141
:10E5D0006C080201F808020118080201C4080201CF
:10E5E000E8070201D4060201C8070201A8070201D8
:10E5F000840702015C0702014407020124070201AB
:10E60000000702011F85EB5128090201AC06020137
:10E610007C060201600502014C060201D8050201D8
:10E62000A80502017C05020138050201FC04020173
:10E63000880402015C040201400302012403020178
:10E640000C030201F4090201F4020201300A020182
:10E65000E402020144080201B8030201900302012E
:10E66000780302015C0302010C0402012C04020184
:10E67000D003020140040201D00402018C0902010E
:10E68000B4090201D40902015C09020184B000B599
:10E6900085B00DF1180C8CE80F009DF81830012B97
:10E6A00006D0022B11D005B05DF804EB04B0704722
:10E6B0000AAB0FCB8DE80F0006AB0FCBFFF7E8FDE1
:10E6C00005B05DF804EB04B070470AAB0FCB8DE8E2
:10E6D0000F009CE80F00FFF7A9FC05B05DF804EB04
:10E6E00004B07047604401017044010101660201F9
:10E6F00078440101D8440101F04401012D66020172
:10E70000F844010178450101884501015D66020177
:10E7100094450101144601018845010199660201F1
:10E720002C460101BC46010188450101D566020164
:10E73000D046010158470101704701010D670201F0
:10E740007C47010128480101704401014967020129
:10E7500038480101A4480101B0480101AD3C020163
:10E76000B8480101F8480101B0480101893C0201A3
:10E77000104901016C490101704701014D3C020142
:10E7800080490101E0490101F0490101313C0201E8
:10E79000F44901013C4A0101B04801010D3C02016C
:10E7A000484A0101904A0101B0480101E93B0201D8
:10E7B0009C4A0101E04A0101F04A0101A1670201FE
:10E7C000F44A01011C4B01012C4B0101816702013C
:10E7D000304B01015C4B01012C4B0101DD3B02017F
:10E7E0007C4B0101A84B0101F0490101C13B020131
:10E7F000C04B01012C4C01012C4B0101716702013E
:10E80000404C0101B04C010188450101813B0201EE
:10E81000C04C01013C4D010170470101413B020127
:10E820004C4D0101F44D0101B04801011D3B0201B5
:10E83000084E0101604E010188450101DD3A0201E7
:10E84000684E0101CC4E0101884501019D3A02014B
:10E85000D84E0101584F010170440101753A02017F
:10E86000684F0101C84F0101F0490101593A020105
:10E87000E04F01013C500101F04401012D3A020139
:10E880004C500101B4500101F0440101013A020170
:10E89000C050010124510101B0480101DD390201DC
:10E8A000345101018851010170440101B53902015F
:10E8B00094510101E85101017047010171390201D0
:10E8C000F051010168520101F04401013D3902019A
:10E8D00070520101C8520101704401011539020151
:10E8E000D45201012453010170440101ED380201A9
:10E8F000345301019053010170440101C5380201F4
:10E900009C530101EC530101F453010175380201DC
:10E91000FC53010150540101B0480101513802017A
:10E920005C540101A0540101F04901013538020194
:10E93000B0540101F454010188450101FD37020181
:10E94000005501014855010150550101C937020127
:10E950005855010194550101884501018D37020187
:10E960009C550101E855010150550101593702013B
:10E97000FC550101405601015055010125370201A6
:10E98000585501015056010188450101ED3602013B
:10E990009C5501016056010188450101B53602010F
:10E9A00078560101C0560101884501017D360201FA
:10E9B000CC560101145701015055010145360201A1
:10E9C000205701015857010188450101093602010C
:10E9D00064570101A857010150550101D5350201C5
:10E9E000C057010104580101884501019D3502010C
:10E9F000185801016858010150550101693502019B
:10EA0000585501017858010188450101313502014D
:10EA10009C5501018858010188450101F934020122
:10EA2000A8580101F858010108590101B534020143
:10EA30001459010170590101704401018D34020122
:10EA400080590101AC5901017047010151340201A3
:10EA5000C45901011C5A0101085901011134020174
:10EA6000345A01019C5A0101B05A0101913302014B
:10EA7000C45A0101485B010170470101553302018D
:10EA8000605B0101D85B010188450101153302017A
:10EA9000E45B01012C5C010170440101ED320201D3
:10EAA000405C01016C5C0101805C0101DD3202010E
:10EAB000845C0101C85C0101DC5C0101C932020116
:10EAC000E05C0101385D0101DC5C0101B53202014D
:10EAD000485D01019C5D0101AC5D010191320201C3
:10EAE000B45D0101FC5D0101505501015D3202017F
:10EAF000205E0101985E0101505501012932020199
:10EB0000B85E01011C5F0101F04901010D320201F3
:10EB1000445F01018C5F010170440101E531020194
:10EB2000A85F010118600101B0480101C131020173
:10EB300038600101886001017044010195310201D2
:10EB400098600101C8600101704401016D3102014A
:10EB5000D46001011C610101F04901015131020140
:10EB60002C61010170610101F0490101353102019F
:10EB700080610101C4610101F04901011931020103
:10EB8000D061010100000000000000000000000052
:10EB9000000000000C620101805C01012D63020194
:10EBA00020620101A0620101F04A0101013102016C
:10EBB000B4620101E4620101F04A0101F530020191
:10EBC000F462010120630101F04A01016164020164
:10EBD0002C6301014C630101F04A010199640201B7
:10EBE0006063010190630101F04A0101B164020117
:10EBF0009C630101C8630101805C01014965020158
:10EC0000D4630101F86301012C4B0101F16502019C
:10EC100010640101506401012C4B0101F9650201EE
:10EC200068640101AC640101F04A0101D56402018C
:10EC3000B8640101DC640101F04A0101FD640201D4
:10EC4000E4640101F8640101F04A01013565020143
:10EC50000465010134650101805C010171650201F7
:10EC60003C65010174650101F04A0101BD650201C5
:10EC70007C650101A0650101F04A0101D163020137
:10EC8000B0650101D0650101F04A0101196402017A
:10EC9000E06501010466010114660101C130020151
:10ECA00018660101386601012C4B0101E9300201AF
:10ECB000586601017C6601019466010199300201E8
:10ECC00098660101AC6601012C4B0101C962020189
:10ECD000C0660101F06601012C4B0101BD62020119
:10ECE000FC660101246701012C4B0101D562020180
:10ECF0003C670101646701012C4B0101DD620201E7
:10ED00007C670101A86701012C4B01018D300201D4
:10ED1000C0670101FC6701012C4B0101E5620201A2
:10ED20000C680101386801012C4B0101ED62020100
:10ED30004868010100000000000000000000000021
:10ED40000000000074680101F04A0101C560020181
:10ED50007C680101A4680101F04A0101F56002012B
:10ED6000F04A0101AC680101F04A0101256102018C
:10ED7000C0680101F8680101F04A01015561020112
:10ED80000069010100000000000000000000000018
:10ED900000000000084B70B51C6806462CB9074DF2
:10EDA00030462B6898472C6070BD636D0BB13046C0
:10EDB00098472468F2E700BF70150120A03C0020AE
:10EDC00010B40A4B448801221A709A7A911C03EB02
:10EDD000810101328C81007B88729A72032193F841
:10EDE00070005DF8044B10F0F9BA00BF500E01201E
:10EDF0002DE9F041C27A2F4B002A55D190F815E049
:10EE00005E6FD1B28E451FD996F801C0002400EB89
:10EE1000420714E0B568B7F8168005EB4405298869
:10EE200088450BD193F822100E2907D801F101086B
:10EE300083F8228003EB41012D88CD840134E1B2B7
:10EE40008C45E7D80132DCE790F838E00024E2B2E4
:10EE5000964522D904F1140796F802C000257F00D8
:10EE600016E0F168C21901EB4501B2F811800A8879
:10EE700090450CD193F824200E2A08D802F10108FD
:10EE800083F8248003EB42020988A2F8441001357C
:10EE9000EAB29445E5D80134D9E7042193F870002B
:10EEA000BDE8F04110F09ABADA7A0132DA7205213F
:10EEB000F4E700BF500E0120C27A084B42B9C16886
:10EEC0000269C3E91A120A2193F8700010F086BA99
:10EED000DA7A0132DA720B21F6E700BF500E012018
:10EEE000024B0F2193F8700010F078BA500E0120F9
:10EEF0000C4B93F8222093F8231091421A4605D325
:10EF000093F8250093F82410884204D292F87000F8
:10EF1000062110F063BADA7A93F870000132DA72DF
:10EF20000721F6E7500E012008B5122810D8DFE8B7
:10EF300000F00A110F1317191B1D1F212325272964
:10EF40002B2D2F31150001221349144812F02EF9F0
:10EF5000012008BD0022F7E70222F5E70322F3E7CC
:10EF60000422F1E70522EFE70622EDE70722EBE7AF
:10EF70000822E9E70922E7E70A22E5E70B22E3E7AF
:10EF80000C22E1E70D22DFE70E22DDE70F22DBE7AF
:10EF90001022D9E71122D7E7C80E0120CC52040174
:10EFA00008B5062835D8DFE800F004090F1826292F
:10EFB0002D00194B987880F0010004E0174B586F32
:10EFC000B0FA80F0400908BD144B5B6F98884FF68B
:10EFD000FF73C01A18BF0120F5E7104B5A6F9188D4
:10EFE0004FF6FF72914216BF587A002080F0010060
:10EFF00000F00100E7E7094B1878DCE7BDE80840BE
:10F0000002F0C6B902F0C4F90028F1D0034B187A17
:10F01000EEE70020D7E700BFA83C0020500E0120FB
:10F0200008B502F0B5F9054B08B101221A7293F840
:10F0300070000021BDE8084010F0D0B9500E01204A
:10F0400010B509480FF00EFE084B122193F870001E
:10F0500010F0C4F9064B1C6804B910BDE36C03B191
:10F0600098472468F8E700BF602B0120500E01206C
:10F0700070150120044B5B6FFF221B784FF6FF7168
:10F08000022013F043BB00BF500E012038B51248D8
:10F0900013F0D2FA11480FF0E5FD11480FF0E2FD30
:10F0A0000E480FF0B5FD0E480FF0B2FD0D4B1C6879
:10F0B00064B90D4D6B6FFF221B784FF6FF71022074
:10F0C00013F024FB6C726C812C7038BDA36C03B1FF
:10F0D00098472468ECE700BF742B0120602B0120C7
:10F0E000842B012070150120500E012030B58DB009
:10F0F0006946054606200EF079FADDE900232A4C20
:10F10000CDE90223626F94F8221013788DF8103045
:10F1100094F82330994229D9591C04EB430384F80D
:10F120002310DB8CADF8123075B301238DF8143049
:10F130009388ADF81830E37A04EB830302A89B7C34
:10F140008DF82030DDF7E2F99DF8283094F8700052
:10F1500013BB0C2110F042F9636F1B6923B1BDF89A
:10F1600012109DF8200098470DB030BD94F825305E
:10F1700094F824109942D7D9591C04EB430384F81E
:10F180002510B3F84430CDE703238DF81430D4E9CB
:10F190001A23CDE90623CEE7AE2B0CBF0D210E219D
:10F1A00010F01CF9E0E700BF500E012073B51228E3
:10F1B0002CD8DFE810F013001A001F002D003800D3
:10F1C0004000420068006C007C0098009D009F0099
:10F1D000B7006800D500D700EB00F700754B93F837
:10F1E000790002B0BDE87040D4E50B20714B83F884
:10F1F0007900F6E76F4C70490123B42084F8793028
:10F2000013F0C2FAFFF742FF0023237202B070BD71
:10F21000684B69490122B42083F8792002B0BDE827
:10F22000704013F0B1BA634B012283F8792002B029
:10F23000BDE870402AE70620D8E75E4C0023002294
:10F24000C4E91A2304F122004022002118F016FD1F
:10F250005A485B4BC0F810310423A0F85630022303
:10F2600080F85830E37A023304EB8304A389A0F8D2
:10F270005A30A0F8AF30A37A80F8B13002B0BDE8C0
:10F280007040E4F742BA02B0BDE8704030E6494B46
:10F290000022D97A5A729A7A93F87000914234BF58
:10F2A0001021112102B0BDE8704010F097B8414C18
:10F2B000D4E91A23134303D0082194F87000F1E72E
:10F2C000E37A04EB8303988AE4F7B8FF94F870209C
:10F2D000034630B159680068683403C408211046F9
:10F2E000E0E70921FBE7012002B0BDE87040FDE640
:10F2F0000020F9E72F4B3148DA7A03EB82034FF015
:10F300000002A0F8B1202F4AC0F8102101229B8AE8
:10F31000A0F856200222A0F8AF3080F85820A0F8BC
:10F320005A30ABE7234C284801236372E37A023357
:10F3300004EB83039E7A9D8908F09CF9606F8288B4
:10F340000378009229463246022008F08BF804F137
:10F350007C014FF47A7002B0BDE8704013F0F7BE44
:10F36000072043E719480FF07DFC19480FF07AFC9D
:10F37000104B002283F87920164B1C68002C3FF4B8
:10F3800045AFA36D03B198472468F7E70F480FF026
:10F3900069FC0F480FF066FC01F0FAFF10B10D4B4D
:10F3A0001C680CB9002021E7A36D03B198472468BD
:10F3B000F7E700BF500E012021F00201883A00203B
:10F3C000F1ED0201B9EE0201982B0120602B012022
:10F3D000842B01207015012008B5064810F04CF868
:10F3E000054B002283F8700083F8840083F88520A1
:10F3F00008BD00BF29EF0201500E0120054B93F814
:10F40000782012B9044A58671160012193F87000FE
:10F410000FF0E4BF500E0120A03C0020024B002260
:10F4200083F87820704700BF500E012000B5094BCB
:10F43000094A1A6083B00DF107011846002259608D
:10F440008DF80720F3F7C8FB9DF8070003B05DF8BF
:10F4500004FB00BFB0150120A1F5030110B5084B56
:10F46000084C82B001AAADF8040018468DF80610C9
:10F47000C3E90042F3F7B0FB9DF8070002B010BDEE
:10F48000B0150120ADF5030100B5074B074A1A601E
:10F4900083B001AA18465A60F3F79EFB9DF8050059
:10F4A00003B05DF804FB00BFB0150120BDF50301FA
:10F4B00000B5074B074A1A6083B0C3F804D0009028
:10F4C0001846F3F789FB019803B05DF804FB00BF11
:10F4D000B0150120CDF50301034B044A58601846CE
:10F4E0001A60F3F779BB00BFB0150120DDF5030109
:10F4F00000B5094B094A1A6083B00DF1070118469F
:10F50000002259608DF80720F3F766FB9DF807008D
:10F5100003B05DF804FB00BFB0150120E1F5030165
:10F5200000B5094B094A1A6083B00DF1060118466F
:10F5300000225960ADF80620F3F74EFBBDF8060037
:10F5400003B05DF804FB00BFB0150120EDF5030129
:10F5500010B5084B084C82B001AAADF8040018465B
:10F560008DF80610C3E90042F3F736FB9DF807005B
:10F5700002B010BDB0150120F9F5030110B5084B1C
:10F58000084C82B001AAADF8040018468DF80610A8
:10F59000C3E90042F3F720FB9DF8070002B010BD5D
:10F5A000B015012009F6030110B5084B084C82B0D4
:10F5B00001AAADF8040018468DF80610C3E9004210
:10F5C000F3F70AFB9DF8070002B010BDB01501204B
:10F5D00019F6030100B5074B074A1A6083B0C3F858
:10F5E00004D000901846F3F7F7FA019803B05DF8DD
:10F5F00004FB00BFB015012029F6030100B5074B3D
:10F60000074A1A6083B0C3F804D0ADF8000018466A
:10F61000F3F7E2FA019803B05DF804FBB01501209E
:10F6200039F60301034B044A1A60184600225A6057
:10F63000F3F7D2BAB015012049F6030100B5094B22
:10F64000094A1A6083B00DF106011846002259607C
:10F65000ADF80620F3F7C0FABDF8060003B05DF878
:10F6600004FB00BFB01501204DF6030100B5074BA8
:10F67000074A1A6083B00DF1060218465A60F3F784
:10F68000ABFABDF8060003B05DF804FBB01501202D
:10F6900059F6030100B5074B074A1A6083B00DF114
:10F6A000060218465A60F3F797FABDF8060003B051
:10F6B0005DF804FBB015012065F6030100B5074BAA
:10F6C000074A1A6083B00DF10602ADF8060018462D
:10F6D0005A60F3F781FA03B05DF804FBB01501201E
:10F6E00071F6030100B5074B074A1A6083B018464C
:10F6F000C3F804D0F3F770FADDE9000103B05DF858
:10F7000004FB00BFB015012079F60301034B044A46
:10F71000586018461A60F3F75FBA00BFB0150120B1
:10F7200089F6030100B5074B074A1A6083B00DF153
:10F73000070218465A60F3F74FFA9DF8070003B026
:10F740005DF804FBB01501208DF6030100B5074BF1
:10F75000074A1A6083B00DF1070218465A60F3F7A2
:10F760003BFA9DF8070003B05DF804FBB0150120DB
:10F7700099F6030100B5074B074A1A6083B00DF1F3
:10F7800007028DF8070018465A60F3F725FA03B010
:10F790005DF804FBB0150120A5F6030100B5064B8A
:10F7A000064A1A6083B001AA18465A60F3F714FAA1
:10F7B000019803B05DF804FBB0150120ADF603011C
:10F7C00000B5074B074A1A6083B00DF106021846D0
:10F7D0005A60F3F701FABDF8060003B05DF804FBC8
:10F7E000B0150120B9F6030100B5074B074A1A60AE
:10F7F00083B00DF10602ADF8060018465A60F3F723
:10F80000EBF903B05DF804FBB0150120C5F6030168
:10F8100000B5074B074A1A6083B00DF107028DF857
:10F82000070018465A60F3F7D7F903B05DF804FBF8
:10F83000B0150120CDF6030100B5074B074A1A6049
:10F8400083B00DF107028DF8070018465A60F3F7F0
:10F85000C3F903B05DF804FBB0150120D5F6030130
:10F8600000B5094B094A1A6083B00DF1070118462B
:10F87000002259608DF80720F3F7AEF99DF80700D4
:10F8800003B05DF804FB00BFB0150120DDF60301F5
:10F8900000B5094B094A1A6083B00DF106011846FC
:10F8A00000225960ADF80620F3F796F9BDF806007E
:10F8B00003B05DF804FB00BFB0150120E9F60301B9
:10F8C00000B5094B094A1A6083B00DF106011846CC
:10F8D00000225960ADF80620F3F77EF9BDF8060066
:10F8E00003B05DF804FB00BFB0150120F5F603017D
:10F8F00000B5074B074A1A6083B00DF107028DF877
:10F90000070018465A60F3F767F903B05DF804FB87
:10F91000B015012001F7030100B5074B074A1A6033
:10F9200083B00DF107028DF8070018465A60F3F70F
:10F9300053F903B05DF804FBB015012009F703018A
:10F9400000B5094B094A1A6083B00DF1070118464A
:10F95000002259608DF80720F3F73EF99DF8070063
:10F9600003B05DF804FB00BFB015012011F70301DF
:10F9700000B5094B094A1A6083B00DF1070118461A
:10F98000002259608DF80720F3F726F99DF807004B
:10F9900003B05DF804FB00BFB01501201DF70301A3
:10F9A00000B5084B084A1A6083B0C3F804D0009031
:10F9B00018468DF80410F3F70FF99DF8050003B011
:10F9C0005DF804FBB015012029F7030100B5074BD2
:10F9D000074A1A6083B00DF1070218465A60F3F720
:10F9E000FBF89DF8070003B05DF804FBB01501209B
:10F9F00039F7030100B5074B074A1A6083B0C3F813
:10FA000004D08DF800001846F3F7E6F8019803B02B
:10FA10005DF804FBB015012045F7030100B5064B66
:10FA2000064A1A6083B001AA18465A60F3F7D4F860
:10FA3000019803B05DF804FBB015012051F70301F4
:10FA400000B5064B064A1A6083B001AA18465A60F0
:10FA5000F3F7C2F8019803B05DF804FBB01501207C
:10FA60005DF7030110B5084B084C1C6082B0C3F869
:10FA700004D0ADF8000018468DF802100192F3F79B
:10FA8000ABF802B010BD00BFB015012069F703014B
:10FA900000B5084B084A1A6083B001AA8DF804002B
:10FAA00018465A60F3F798F89DF8050003B05DF822
:10FAB00004FB00BFB015012075F7030113B5044620
:10FAC0000DF105015A200DF091FD0DF106015B20AD
:10FAD0000DF08CFD0DF107015E200DF087FD9DF806
:10FAE00006209DF80710A21AD2B253B2002900F0E6
:10FAF0008380132B00F3DE8000F0E280122B00F0F5
:10FB0000DB80112B00F0DE80102B00F0DD800F2B4E
:10FB100000F0DC800E2B00F0DB800D2B00F0DA8093
:10FB2000A2F10B01012940F2D780A2F109010129BC
:10FB300040F2D480D11F012940F2D280511F012907
:10FB400040F2BC80D11E012940F2CC80511E012917
:10FB500040F2CA80002B00F0C980591C00F0C6801A
:10FB6000D11CC9B2012940F2A3801C1D00F0A28063
:10FB7000591D00F0A5809C1D00F09E80D91D00F04D
:10FB8000A18013F1080F00F09F8013F1090F00F01E
:10FB90009D8013F10A0F00F09B800B3300F09A80D8
:10FBA00002F10D03DBB2012B40F2968002F10F034C
:10FBB000DBB2012B40F2928002F11103DBB2012B88
:10FBC00040F28E8002F11303DBB2012B76D902F1F1
:10FBD0001503DBB2012B40F2858002F11703DBB283
:10FBE000012B40F281801932D2B2012A88BF0F2046
:10FBF00098BF0E2002B010BD9DF8050000F00F0068
:10FC00000F282DD10B2B55DC5AD00A2B54D0092BA1
:10FC100058D0082B58D0072B58D0062B58D0111F7E
:10FC2000012957D9032B57D0511E012956D9002B32
:10FC300056D05C1C54D0D11CC9B201293ED9511DEB
:10FC4000C9B201294ED9991D4CD002F10801C9B29F
:10FC5000012949D9093347D00D32D2B2032AC7E767
:10FC60000B28C7D1052B25DC2AD0042B2AD0032B47
:10FC70002AD0022B2AD0012B2AD05BB35C1C2BD0BC
:10FC8000991C2BD0DC1C2BD0191DB3D0911DC9B2EF
:10FC9000012927D902F10A01C9B2032924D90F3257
:10FCA000D2B2042A22D913F10F0FB8BF0F20A1E757
:10FCB0000F209FE700209DE702209BE70B2099E79C
:10FCC000012097E7032095E7042093E7052091E7BB
:10FCD00006208FE707208DE708208BE7092089E7BA
:10FCE0000A2087E70C2085E70D2083E70E2081E7B7
:10FCF00013B500230DF1050104465A208DF8063096
:10FD00000DF074FC0DF106015B200DF06FFC5E2020
:10FD10000DF107010DF06AFC9DF8070018B3002CE7
:10FD20004FD0012C4FD0022C4FD0032C4FD0042C9D
:10FD30004FD0052C4FD0062C4FD0072C4FD0082C7D
:10FD40004FD0092C4FD00A2C4FD00B2C4FD00C2C5D
:10FD50004FD00D2C4FD00E2C4FD00F2C0CBF6FF06E
:10FD600001006FF019009DF8053003F00F030F2B11
:10FD700045D1002C63D0012C63D0022C63D0032C1E
:10FD800063D0042C63D0052C63D0062C65D0072CDF
:10FD900065D0082C67D0092C5DD00A2C67D00B2CBD
:10FDA0006AD00C2C6ED00D2C72D00E2C0CBF6FF0C4
:10FDB00009006FF00D009DF80630184440B202B003
:10FDC00010BD1420CFE71320CDE71220CBE7112080
:10FDD000C9E71020C7E70F20C5E70E20C3E70D20B5
:10FDE000C1E70C20BFE70A20BDE70820BBE70620DB
:10FDF000B9E70420B7E70220B5E70020B3E70B2BF3
:10FE0000D9D154B3012C2AD0032C2AD0042C2AD0C7
:10FE1000631F012B29D9072C29D0082C29D0092CA4
:10FE20002AD00A2C2BD00B2C2CD00C2C2DD00D2C06
:10FE30002ED00E2C2FD0BED96FF00F00BBE70C20B8
:10FE4000B9E70B20B7E70A20B5E70920B3E7082098
:10FE5000B1E70720AFE70220ADE70620ABE70520BA
:10FE6000A9E70420A7E70320A5E70120A3E70020D6
:10FE7000A1E74FF0FF309EE76FF001009BE76FF0C6
:10FE8000020098E76FF0030095E76FF0040092E737
:10FE90006FF006008FE76FF00A008CE737B5054674
:10FEA0000DF106015B200DF0A1FB0DF105015A20BB
:10FEB0000DF09CFB0DF107015E200DF097FB9DF806
:10FEC00006109DF807206B1ADBB2002458B2002AF6
:10FED0007BD0132800F3B88000F0C980122800F00E
:10FEE000C680112800F0C380102800F0C0800F28C1
:10FEF00000F0BD800E2800F0BA800D2800F0B78019
:10FF0000A3F10B02012A40F2A180A3F10902012A08
:10FF100040F29E80DA1F012A40F29C805A1F012A7B
:10FF200040F29A80DA1E012A40F298805A1E012A75
:10FF300040F29680002800F09580421C00F09280EC
:10FF4000DA1CD2B2012A40F28F80051D00F08F80AA
:10FF5000421D00F08C80851D00F08980C21D00F0DC
:10FF6000868010F1080F00F0828010F1090F7ED01A
:10FF700010F10A0F7BD010F10B0F78D003F10D02B6
:10FF8000D2B2012A75D903F10F02D2B2012A73D974
:10FF900003F11102D2B2012A71D903F11302D2B2D4
:10FFA000012A6FD903F11502D2B2012A6DD903F1EA
:10FFB0001702D2B2012A6BD903F11902D2B2012A77
:10FFC0008CBF6FF019046FF017049DF8052002F044
:10FFD0000F020F2A5FD10B2800F3888030D00A2847
:10FFE0002ED009282CD008282AD0072828D0062867
:10FFF00026D01A1F012A7BD9032821D05A1E012A94
:020000040103F6
:1000000078D9E8B1451C77D0DA1CD2B2012A75D96B
:100010005A1DD2B2012A74D9821D72D003F108028E
:10002000D2B2012A7AD910F1090F77D00D33DBB2A1
:10003000032B69D910F10E0FCCBF20466FF00D00D5
:10004000084440B203B030BD1424BEE70C24BCE722
:100050000A24BAE70824B8E70624B6E70424B4E77C
:100060000224B2E70024B0E76FF00104ADE70446D4
:10007000ABE76FF00B04A8E76FF00D04A5E76FF096
:100080000F04A2E76FF011049FE76FF013049CE7E1
:100090006FF0150499E70B2A39D1052839DCCFD048
:1000A0000428CDD00328CBD00228C9D00128C7D03E
:1000B0000028C5D0451CC3D0821CC1D0C51CBFD0F0
:1000C000021DBDD09A1DD2B2012A24D903F10A0221
:1000D000D2B2032A22D90F33DBB2042B21D910F17B
:1000E000100FCCBF20466FF00F00A9E70C20A7E748
:1000F0000520A5E70220A3E70020A1E76FF001009B
:100100009EE76FF003009BE76FF0090098E7204639
:1001100096E7062094E76FF0040091E76FF0060081
:100120008EE76FF00A008BE780B588B000AFB9604A
:1001300011461A460346FB810B46BB811346FB80E2
:10014000FB893B82BB687B61BB893B83FB887B83EC
:100150000E4B1B68FB6110E0FB691B6807F1100286
:1001600010469847034683F00103DBB2002B01D011
:10017000002306E0FB695B68FB61FB69002BEBD1A8
:10018000012318462037BD4680BD00BFB8130120AB
:100190001FB504466946008800F0ACF968B3BDF8A5
:1001A0000230ABB1019B9BB1029BD3B9A2882088DE
:1001B000CAB1A368BBB16188EFF734FBD0B14FF08F
:1001C000200383F31188BFF36F8FBFF34F8FFEE7D8
:1001D0004FF0200383F31188BFF36F8FBFF34F8F6E
:1001E000FEE79847E2E7019BBDF802200021EFF708
:1001F00019FBE3E7208800F0C4F904B010BD7FB517
:100200006946054600F076F910B9002004B070BDCB
:10021000BDF80230A3B1019B93B1029BCBB9284634
:10022000EFF78AFB019ABDF8021006462846EFF761
:10023000A1FB022804460ED1B4FA84F04009E5E798
:100240004FF0200383F31188BFF36F8FBFF34F8FFD
:10025000FEE79847E3E740B14FF0200383F31188AE
:10026000BFF36F8FBFF34F8FFEE73346BDF8022019
:1002700001992846FFF758FF0028DDD1C5E71FB5D3
:1002800004466946008800F035F910B9002004B032
:1002900010BDBDF8023093B1019B83B1029B83B9BD
:1002A0006188A288BDF8023088189842EEDCA36805
:1002B0002088EFF717FBB0FA80F04009E7E700F07D
:1002C00029F89847ECE773B5104ADFF844C00546B3
:1002D0000E4600236C46BCF80210994201D800205B
:1002E0000DE092E8030084E80300D1888D4208D134
:1002F000ADF8065094E8030086E80300012002B040
:1003000070BD013308329BB2E5E700BFCC030001AA
:10031000BC1301204FF0200383F31188BFF36F8FCC
:10032000BFF34F8FFEE72DE97F431B4D80462868C2
:10033000F7F7ECFB002481462646A14509D836BBD9
:1003400032464146144814F07FFA01281FD0FFF7C7
:10035000E1FF002201A9284614F0A0FA01280DD1DE
:10036000019AD8F8003001A99A4208BF0126284610
:100370000022013414F068FAE4B2DEE74FF0200303
:1003800083F31188BFF36F8FBFF34F8FFEE7012018
:1003900004B0BDE8708300BF1016012010B50446FC
:1003A00088B108200DF048FC40B94FF0200383F3DA
:1003B0001188BFF36F8FBFF34F8FFEE7024B0460CE
:1003C0001A694260186110BDBC13012010B50446C3
:1003D00088B108200DF030FC40B94FF0200383F3C2
:1003E0001188BFF36F8FBFF34F8FFEE7024B04609E
:1003F0001A684260186010BDB813012010B5044699
:1004000008200DF019FC28B1034B04805A694260A2
:100410005861012010BD00BFBC13012000F44063EF
:10042000B3F5406F13B514D16946FFF74CFF70B9AF
:10043000002002B010BD009B33F81400EFF7D4FB8E
:100440000134E4B2BDF80430A342F4D8F0E700244C
:10045000F8E7EFF7C9FBEBE7034B00229880181D84
:10046000DA801A81DA605EE7BC130120054B5B6914
:100470000BB9184670471A88824201D05B68F7E7CB
:1004800001207047BC1301207FB5184B184D5E69E1
:1004900004464EB90120EFF7FFFB31462868F6F716
:1004A00067FF002004B070BDEFF7F6FB24B1002118
:1004B0002868F6F75DFFF4E72868F7F727FB06469C
:1004C000A642EED9002201A9284614F0E7F9012836
:1004D00009D1BDF80400FFF7C9FF20B1002201A92E
:1004E000284614F0B1F90134E4B2E9E7BC13012065
:1004F000101601202DE97041DFF848C0DFF8488070
:1005000085B086460E4600256C46BCF80030AB42EE
:1005100001D8002010E008EB05130FCB84E80F0092
:10052000BDF8003073450AD1234603CB30607160BB
:1005300003CBB060F160012005B0BDE870810135EA
:10054000E3E700BFBC130120EC0200011FB5044625
:10055000008800F44063B3F5406F02D1002004B07E
:1005600010BD6946FFF7C6FF0028F7D0A288638850
:100570001344BDF802209342F0DC2046FFF7D3FE7F
:10058000EDE738B5044B1C69054604B938BD23684E
:10059000284698476468F8E7BC13012030B585B059
:1005A000044669460088FFF7A5FF002845D0BDF83E
:1005B0000230D3B1019BC3B1029BFBB92088EFF796
:1005C000ABFB2588E0B9019ABDF802102846EFF789
:1005D000D1F910F0FD0F2DD04FF0200383F31188D7
:1005E000BFF36F8FBFF34F8FFEE74FF0200383F30E
:1005F0001188BFF36F8FBFF34F8FFEE79847DDE79A
:10060000A2887AB1A3686BB161882846EFF70AF92E
:1006100080B14FF0200383F31188BFF36F8FBFF3D6
:100620004F8FFEE7019BBDF8022000212846EFF71F
:10063000F9F8EDE72088FFF7A4FF05B030BD08B555
:10064000024B1868F7F762FAC0B208BD1016012015
:1006500030B5184D89B0002202A9284614F01EF9C1
:10066000012801D009B030BDBDF8080000F4406396
:10067000B3F5406F19D16946FFF725FE0028EAD08F
:100680000024ADF81640ADF818400794BDF80430CA
:10069000A342E0D9009B05A833F81430ADF814301C
:1006A0000134FFF77BFFE4B2F0E702A8FFF776FF23
:1006B000D1E700BF1016012030B50446008800F4D1
:1006C0004063B3F5406F85B003D10025284605B0DF
:1006D00030BD6946FFF70EFF05460028F5D0A28819
:1006E00063881344BDF802209342EEDC2046FFF7F6
:1006F00055FFEBE700F44063B3F5406F37B518D111
:100700006946FFF7E0FD054688B900250CE0009B2F
:1007100033F81400EFF700FB0028F6D00134E4B200
:10072000BDF80430A342F2D8284603B030BD0024FF
:10073000F6E7EFF7F1FA0546F6E700F44063B3F5A4
:10074000406F13B516D16946FFF7BDFD80B9012092
:1007500002B010BD009B33F81400FFF750FD0028D5
:10076000F6D00134E4B2BDF80430A342F2D8EEE78B
:100770000024F8E7FFF743FDEAE7038803F440634A
:10078000B3F5406F00D07AE500207047084B70B594
:100790001C6806462CB9074D30462B6898472C60DC
:1007A00070BD63690BB1304698472468F2E700BF1B
:1007B00070150120A03C0020252806D1034B0A78A3
:1007C0001B7883F0010313400B7070475014012015
:1007D0001E280DD10B88B3F5805F09D14B681B78BB
:1007E00033B1044B5A799B799A423CBF01238B6009
:1007F000704700BFA83C0020024B022158780EF041
:10080000EDBD00BF50140120034BC27A58789A7096
:100810000C210EF0E3BD00BF50140120074A002355
:10082000137003789370507813B906210EF0D6BD7B
:10083000042B0CBF07210821F8E700BF501401204A
:1008400008B50D280DD8DFE800F0071012141618AF
:100850001C1E202224261A0E00221049104810F0D7
:10086000A5FC012008BD0122F7E70222F5E70D22D1
:10087000F3E70322F1E70422EFE70522EDE70C227C
:10088000EBE70622E9E70722E7E70822E5E7092286
:10089000E3E70A22E1E70B22DFE700BF5314012060
:1008A0007C53040107B50B285AD8DFE800F0060B8B
:1008B0001620282F364740434E512A4B987803B0D4
:1008C0005DF804FB1A200DF107010CF08FFE9DF876
:1008D0000700B0FA80F04009F1E7234B18790028AF
:1008E000EDD0204BD869003018BF0120E7E71E4B40
:1008F0001B7913B11B4B186AEBE70120DFE71A4B9A
:1009000018790028DBD0174B186AECE7164B9B7858
:1009100033BBDFF701F80238E6E7134B9B78FBB9EE
:10092000DEF7FAFF022814BF00200120C7E70D4BB5
:10093000D879CEE70B4BD8790128F4E70A4B5879E0
:10094000022894BF00200120B9E7074B9879B6E749
:10095000044B58799B79984234BF00200120AEE7C0
:100960000020ACE7A83C00205014012037B500233C
:1009700005460F4CADF806300DF10601C37AA370A1
:100980003D200CF05FFEEB7A60785BB9EB8AB3F543
:10099000285F34BF00230123A37103210EF01EFD45
:1009A00003B030BD022B0CBF04210521F6E700BFC8
:1009B0005014012038B5104C10490023054625205D
:1009C000237010F0A9FA1E200D4910F0A5FA2B781B
:1009D000A370607833B909210EF000FD094B1C6843
:1009E0002CB938BD022B0CBF0A210B21F4E7636C34
:1009F00003B198472468F3E7501401208C2C0120A0
:100A0000A02C01207015012037B5054600230DF1FB
:100A100005011A20194C8DF806300CF0E7FDAB7C6F
:100A2000A3700DF1070103233B208DF807300CF074
:100A300009FEAD7CE5B9124B012244F20A009A701E
:100A4000FFF70AFD0DF106014FF49B700CF0CEFD8F
:100A50009DF8063053B19DF805303BB12B462A4630
:100A6000294628460BF060FEFBF7F8FAFBF70AFB75
:100A7000012160780EF0B2FC03B030BD50140120AB
:100A8000A83C002009480A4BC0F810313623A0F8D2
:100A90005630022380F858304FF6FC73A0F85A30D5
:100AA0004FF4DA73A0F8AF30E2F72FBE883A002097
:100AB000F907030113B541F288330E4CADF8063047
:100AC0000D4BC4F810310223A4F8563084F8583086
:100AD0000DF1060100233D20A4F85A3084F8AF3010
:100AE00084F8B0300CF0AEFD2046E2F70EFE02B006
:100AF00010BD00BF883A00206D09030138B5104BC6
:100B0000104C01221A70DEF7FFFE024600685168A1
:100B1000234603C304232372DEF7F6FE0246006871
:100B2000516804F1100303C341F2883344F80C3CCC
:100B3000054BE361A4F18000BDE83840DEF718BD45
:100B400050140120803C00201D08030108B50A4B09
:100B50000A4901221E201A7010F0A4F9084841F237
:100B60008833C0F87831074BC0F87C3100F5BC7091
:100B7000BDE80840E1F70CBF50140120A02C012073
:100B8000883A0020B509030137B512281BD8DFE8E1
:100B900010F0130018001C002A0031004E006D00F8
:100BA000730081009A00CC008B009300D200D70024
:100BB000DC007100E10071006749192012F0C7FAEA
:100BC00001E0FFF75FFF03B030BD644B01221A75EF
:100BD000FFF758FF624B1C68002CF4D0236903B167
:100BE00098472468F8E75D4901230B750B714B7139
:100BF0000831E2E75B4930200CF024FD01230DF1C0
:100C000003013B208DF803300CF01CFD5648574B78
:100C1000C0F8983100F5BC70E1F740FF504B1C68FC
:100C2000002CD0D0236903B198472468F8E74B4BD8
:100C30004F49002230201A710CF004FD012301A954
:100C40003B208DF804300CF0FDFC4748474BC0F8C2
:100C5000983100F5BC70E1F721FF414B1C68002C76
:100C6000B1D0236903B198472468F8E703203B4BD0
:100C700018756CE00A20FAE73E4B01225A71FFF723
:100C800019FF374B1C68002C9DD0236C03B198478B
:100C90002468F8E73849252010F004F9354B012283
:100CA0005A71FFF72BFF8EE72C494B7901334B71BB
:100CB00001230B750B719BE72E4A53790133537156
:100CC000FFF7F8FE7FE72C49274C252010F024F988
:100CD000284B002544F20A009D70FFF7BDFB274B0F
:100CE000C4F810313423A4F85630032384F8583064
:100CF00000F016FE0368C4F85A304368C4F85E304A
:100D000000F00EFE0368C4F8AF304368C4F8B33097
:100D100084F8B750272301A940208DF804300CF047
:100D200091FC2046E2F7F1FC4DE7124B01225A718B
:100D3000FFF70CFF47E70F4A537901335371B0E7D0
:100D40000C4A537901335371F2E7044B187DFFF7D6
:100D50001DFD38E700208AE75814012050140120B7
:100D600070150120C43C0020883A0020090A0301C4
:100D7000C83C0020A83C00208C2C0120090803015D
:100D800008B504480EF078FB034B00225870187425
:100D90005A7408BD4108030150140120044BDA784D
:100DA0002AB9044A0D21106058780EF017BB70471D
:100DB00050140120A03C002070477047704730B5A8
:100DC0000B88B3F5807F8BB00C4615D14D682D2074
:100DD00002A90CF00BFCD5E90023013308BFB2F1E6
:100DE000FF3F0BD1D5F83200DDF74EFB102202A9F0
:100DF00016F078FE78B9A0600BB030BD06A944208B
:100E00000CF0F4FBD5F83200DDF73EFB102206A90A
:100E100016F068FE10B90123A360EDE7D5F83200A3
:100E2000DDF732FB102202A916F05CFE0028F2D09A
:100E3000D5F83200DDF728FB1022084916F052FEE3
:100E400050B9074B0222DA700DF107010123592036
:100E50008DF807300CF0F6FB0023DDE7C01401200D
:100E6000A83C0020034B012244F20A009A70FFF7CD
:100E7000F3BA00BFA83C0020034B1B7813B101203C
:100E800015F04CBB704700BF0C2C012007B55D204E
:100E90000DF107010CF0AAFB9DF807301BB10DF016
:100EA0005BFFE1F7A1FA034B1B6803B1984703B05E
:100EB0005DF804FB6815012008B5837C23B9012087
:100EC00010F032FDFBF7DEF8BDE80840DEE707B5BD
:100ED00000230DF107011A208DF806300CF086FB77
:100EE0000BF070FCE9F7B2FF1048EDF7D3F8104BA8
:100EF00001221A710F4B9A789AB99DF80720012A9E
:100F00000FD15B7A1B070CD50DF106014FF49B70D6
:100F10000CF06CFB9DF806301BB107490220EDF781
:100F2000DDF8FFF7B3FF03B05DF804FB3C7104018B
:100F300068150120A83C0020B90D030170B58AB0E6
:100F400000230DF10B0106461A208DF80C308DF8A8
:100F50000D308DF80E300CF049FB03A95C200CF02D
:100F600045FB0DF10E015D200CF040FB9DF80E30AD
:100F7000002B40F0B1809DF80C50002D44D14FF46F
:100F80009840894C09F04AFF44F20A00A570FFF727
:100F9000B1FB002800F0908044F20A00FFF7CDFB7F
:100FA00048B944F2010044F2090114F0D9FE0020CE
:100FB00010F0BAFC11E010F0BFFC0028F1D04FF4A3
:100FC0009840FFF797FB0028EBD04FF49840FFF7CD
:100FD000B4FB0028E5D00123A37010F0ADFC40B9AC
:100FE00044F20600FFF786FB18B144F20600FFF753
:100FF000A4FB9DF80B30022B06D1002306A9372055
:101000008DF818300CF01EFB6849694D0B200EF06E
:101010009DFA16F0ADFB0DF10F0154202E600CF07F
:10102000E5FA06A955200CF0E1FA04A956200CF0C7
:10103000DDFA9DF81030009301231A469DF918102F
:101040009DF80F0001F02AFF0DF10D014FF49B7088
:101050000CF0CCFA9DF80D209DF80B30002A48D0FA
:10106000002B4ED0504B9B78002B3BD0002001F042
:10107000E5FD06F025FE9DF80B30022B34D1FBF781
:1010800007FB04F039FF0FF0BBFAFCF7B4FEEDF7F5
:1010900055F8F3F75DFF4748F3F7C8FF0AF0B0FCD7
:1010A00010F0A9FB7F210820DEF702FD42491E2037
:1010B0000FF0F8FE0AB070BD4FF49840FFF71AFB2E
:1010C00000283FF46EAF4FF49840FFF736FB00283E
:1010D0003FF467AF01206BE7012010F025FC04F01E
:1010E0005FFC91E70120C2E7002BCED0FAF768FB46
:1010F000CBE7022B3ED1FBF7CBFA04F0FDFE0FF05D
:101100007FFA0023012403A95C208DF80C302C7198
:101110000CF06CFA9DF80C30002B41D1224A9278E9
:1011200082B306938DF81C309DF80B308DF8194072
:10113000022B8DF81B4022D103238DF818306B79D8
:101140000BB98DF81A403E2006A90CF07BFA1B481B
:101150001B4BC0F8983100F5BC70E1F79FFC0AF01A
:101160004FFC10F048FB9DF80B30002B9AD10DF08E
:10117000FFFC97E7002BC4D0FAF722FBC1E78DF8FC
:101180001840E0E706A92D200CF030FA4FF0FF32AE
:101190004FF0FF3306A904A8CDE90423DDF78AF94F
:1011A000FFF774FEDBE700BFA83C00205871040184
:1011B00068150120CF0E0301102C0120883A002071
:1011C000B90E03011FB51A2003A90CF00FFA234929
:1011D0000B200EF0BBF916F0CBFA0DF10D015420E7
:1011E0000CF004FA0DF10F0155200CF0FFF90DF190
:1011F0000E0156200CF0FAF99DF80E3000930123F1
:101200001A469DF90F109DF80D0001F047FE9DF85C
:101210000C30022B1CD1FBF73BFA04F06DFE0FF0F3
:10122000EFF90F4B01221A710AF0EAFB10F0E3FA12
:101230009DF80C300BB90DF09BFC7F210820DEF7E8
:1012400037FC08491E200FF02DFE05B05DF804FBA9
:10125000002BE6D0FAF7B4FAE3E700BF58710401B7
:1012600068150120102C0120014B1879704700BF30
:101270006815012008B5002010F056FB012001F090
:10128000DDFC0020FFF700F94FF088430022C3F88F
:10129000B020084AC3F8B020074AC3F8B02003F5CD
:1012A000206301221A641B6C00BF00BF00BF00BF97
:1012B00008BD00BF556699AAAA99665508B50449A4
:1012C00004200FF029FEBDE80840FFF7D3BF00BFA0
:1012D000242C0120014B1870704700BF0C2C0120FA
:1012E00013B5164C164BC4F810313423A4F85630FD
:1012F000032384F8583000F013FB0368C4F85A3015
:101300004368C4F85E3000F00BFB0368C4F8AF30EC
:101310004368C4F8B330002384F8B73001A9272309
:1013200040208DF804300CF08DF9064904200FF0B0
:10133000B9FD2046E2F7E9F902B010BD883A002075
:1013400049130301242C0120C37A0BB1FFF7C8BF56
:10135000704710B501460446084814F005F960B915
:101360002146064814F0B8F838B9054B4DF2010291
:10137000BDE810401A8014F039BF10BD701501206F
:10138000EC330020014B01225A717047681501208F
:10139000014B5879704700BF681501200D4A92F83B
:1013A0004230052B11D005D843B1022B0CBF0220CF
:1013B00000207047142B0AD0162BF7E792F838302C
:1013C0000B2B34BF082002207047022070470820F2
:1013D000704700BF3831002008B5FFF7DFFF00EB92
:1013E0008003C00150FA83F080B208BD124A92F81F
:1013F0004230052B1BD004D853B1022B10D0002053
:101400007047142B15D0162B0CBF282000207047D6
:1014100092F838306BB10A2B8CBF1020192070471E
:1014200092F83830002B14BF10202820704710206D
:1014300070473220704700BF3831002008B50146A0
:10144000FFF7D4FF4FF47073484358432833B0FB81
:10145000F3F008BD08B5FFF7BFFF0146FFF7C6FF71
:10146000044B48434FF47A71B0FBF1F0013083F83C
:10147000320008BD3831002070B5244C0B2304F134
:101480004005294684F838300420214BE3630CF0F2
:10149000ADF894F94000FEF701FD294684F84000BC
:1014A000002504200CF0CEF884F84250FFF794FF9A
:1014B000A4F84400FFF772FF00EB800084F84600B8
:1014C000FFF76CFF362323600123A37184F84700E4
:1014D000A580A560257316F07BFB4FF6FF764FF0D5
:1014E000FF334FF0FF32C4E904236073268316F004
:1014F0006FFB084BC4F81B30074BA076236284F8BF
:101500002450E6842586BDE87040A3E738310020EA
:1015100000F8FF0705040303FFFF200013B504785C
:10152000A4F14003442B00F2B780DFE813F0ED0094
:101530004500EB00EB00EB004C005000EB00EB0033
:1015400057005B0061006500EB00690070007700E8
:10155000EB007B008000EB0084009600A500EB0010
:101560009A00A000ED00ED00ED00B500B500B5005B
:10157000B500B500B500B500B500B500B500B500C3
:10158000B500B500B500B500B500B5009000B500D8
:10159000EB00EB00EB00EB00EB00EB00EB00EB00F3
:1015A000EB00EB00EB00EB00EB00EB00B500B00054
:1015B000ED00B5008D00A900554B027A5A71002448
:1015C000204602B010BD524B82689A60F7E7037A5A
:1015D000742B00F29B804E4A1373F0E74C4B027A57
:1015E0005A73ECE7D0E90201494BC3E90401E6E78D
:1015F000474B02891A83E2E7454B027A9A76DEE787
:10160000037A052B00F28280414A1377D7E7404BDB
:10161000027AD97E914279D39A77D0E73C4B0289FE
:101620001A84CCE73A4B027A83F82320C7E7384B79
:101630000289DA84C3E70089FFF700FF01A901905E
:1016400008200BF0FFFFBAE700F10801F8E7D0E946
:1016500002012F4BC3E90A01B1E72D4B027A1A713F
:10166000ADE7037A072B51D8294A5377A7E7284BD0
:10167000027A83F82220A2E7254B027ADA769EE7E7
:10168000037A0F2B42D8224A82F8333097E7204B57
:10169000027A83F8312092E7072C33D8DFE804F090
:1016A00004340F1D24343434194A017AD36BCB40EF
:1016B000DB072BD582F83810FFF7CCFE80E790F9D6
:1016C000080000F12003DBB23F2B1FD8FEF7E6FB3A
:1016D0000F4901F8400F0420B3E7037A032B15D814
:1016E0000B4A82F841306AE7037A162B0ED80121A3
:1016F000084A99400A404AB1054A82F84230FFF749
:10170000A9FE5CE7F4245BE7FB2459E7E82457E7EC
:101710003831002027005000F8B5164BDD7E9F7F42
:101720001C7FEA1BA242A8BF2246002A08BF012252
:1017300000210E46022302F1FF3CC8190131013895
:10174000C9B203FA00F061450644F6D9013DAB4049
:10175000A21A013B02FB036314215943FFF73CFE2D
:101760000144FFF743FE4FF47A734843B0FBF3F0B4
:10177000F8BD00BF3831002008B5074B93F82210A0
:10178000FFF734FE11FB00F14FF4707048434FF443
:101790007A73B0FBF3F008BD3831002013B504466E
:1017A0000078A0F14003442B00F29180DFE803F0C1
:1017B0007D23B4B4B4292D8FB43033393DB44043C4
:1017C00046B4494D8F507080B47376267A7A8F8FE5
:1017D0008F8F8F8F8F8F8F8F8F8F8F8F8F8F8F6C3C
:1017E0008FB4B4B4B4B4B4B4B4B4B4B4B4B4B48F03
:1017F000878B8F668300494B5B792372002002B090
:1018000010BD464B9B68A360F8E7444B1B7BF4E795
:10181000424B5B7BF1E7414BD3E90423C4E902234C
:10182000ECE73E4B1B8B2381E8E73C4B9B7EE4E7D8
:101830003A4B1B7FE1E7394B9B7FDEE7374B1B8C35
:10184000F1E7364B93F82330D7E7344BDB8CEAE7EC
:1018500001A908200BF0CAFE019961B1FFF7C6FD8E
:101860004FF4707358432833B0FBF3F0B1FBF0F141
:1018700089B22181C2E74FF4FA71FAE704F1080155
:1018800008200BF0B3FEB9E7244BD3E90A23C5E7E0
:10189000224B1B79B1E7214B5B7FAEE71F4B93F8DF
:1018A0002230AAE700202072A9E71C4B1B68AAE798
:1018B0001A4BDB7EA1E7194B93F833309DE7174BAA
:1018C00093F8313099E7FFF757FFA06096E70728B4
:1018D00022D8DFE800F00411090D2114181E0F4B67
:1018E00093F8383023728AE70C4B93F8403084E742
:1018F0000A4B93F8413080E7084BDB6B83E7FFF737
:101900006BFD20817AE7FFF749FD00EB8000207234
:1019100074E7FFF743FDFAE7F42070E73831002061
:101920000048704760310020D0E90001014BC3E955
:101930000A01704738310020054B30B5D3E90A451C
:10194000D0E900239D4206BF94420120002030BD13
:101950003831002010B50146FFF720FD0446FFF79F
:1019600045FD14FB00F041434FF47A70B1FBF0F0F9
:1019700010BD00BF00B5C3B0002301464FF4807214
:101980000DF105008DF8043016F0BAF801A90348EE
:1019900012F066FF43B05DF804FB00BF743800200E
:1019A0002DE9F0410378002B42D0074600E01F46A6
:1019B0007A787B1C002AFAD187423CD313F8012C99
:1019C000A2F13003092B30D84FF0000CE646012677
:1019D000E04605E017F8012DA2F13003092B24D8C9
:1019E000D2B2B2F130044FF0000304FB08F243F12D
:1019F000FF3306FB0323A4FB06451D441CEB040C2C
:101A00004FEA88024FEA860342EA96724EEB050ED1
:101A10009B1942EB0802DE1842EB0208B842D9D10A
:101A2000C1E900CE0120BDE8F0810020BDE8F081D1
:101A3000471E0346C0E74FF0000CE646F0E700BF44
:101A40002DE9F0030378002B43D0044600E0144650
:101A50006378621C002BFAD10026A042374632D8A8
:101A60008C46354617E0D2B25FFA82F8A5F1200322
:101A7000C5F1200108FA05F208FA03F328FA01F18A
:101A8000B61843EA010343EB0707A04205F104053A
:101A900018D8402D16D014F80139A3F16102052A97
:101AA000A3F14101A3F15702DDD9A3F130020529C9
:101AB000D2B2A3F1370301D8DAB2D5E7092AD3D9D4
:101AC000002003E06146C1E900670120BDE8F003A2
:101AD0007047441EC0E700BF037803B160E71846B3
:101AE000704700BF10B503782D2B82B00C460ED086
:101AF00013B9002002B010BD6946FFF751FF00285E
:101B0000F8D0DDE900230120C4E90023F2E743789F
:101B1000002BEED001306946FFF742FF0028E8D0E5
:101B2000DDE90023524263EB4303C4E900230120B3
:101B3000E0E700BFF8B50E460378054656F8100BEF
:101B4000002B3DD0864239D20F4601F1180407E040
:101B500015F8013F2246ABB1864204F108042DD2AC
:101B6000642B14D0692B12D0632BF1D154F8083CAC
:101B70005A781ABB1B7804F8083C15F8013F224636
:101B8000002BE9D1101AB0FA80F04009F8BD2146C7
:101B900051F8080D0378302B04D1437803F0DF03AC
:101BA000582B04D0FFF79EFF40B13868D0E7837808
:101BB00023B10230FFF744FF0028F6D10020F8BD22
:101BC0003246DFE7037803B13AE71846704700BFB3
:101BD0000378002B4BD02DE9F0418C46034600E002
:101BE000234659785C1C0029FAD1984237D84FEA2D
:101BF000C20EA2B31A460D460F460E460FE0E4B2DF
:101C000005EB04187B1C002511B390420CF80780EB
:101C10002946DFB206F1040621D876451FD212F814
:101C20000139A3F16104052CA3F14108A3F1570484
:101C3000E5D9A3F13004B8F1050FE4B2A3F13703FD
:101C400010D8DCB205EB04187B1C00250029DCD180
:101C500090424FF00101254606F10406DDD901202E
:101C6000BDE8F081092CCBD90020BDE8F08100202F
:101C7000704700BF014B1860704700BFA8050120E6
:101C8000014B5860704700BFA8050120014B9860C8
:101C9000704700BFA8050120014BD860704700BF06
:101CA000A8050120014B1861704700BFA80501205D
:101CB000F0B57B4C04F12006A661037883B0FBB13C
:101CC000314604F1A80C0027202B21D0614517D202
:101CD00001F10805222B00F10102A56139D008604D
:101CE0004178D1B1222902F1010009D0202953788D
:101CF00008D002468BB11946222902F10100F5D124
:101D000003B0F0BD1770002B3CD0202BA169DDD1B2
:101D100010F8013F002BD7D10D46B542F0D0256811
:101D20002968002930D0266A03E000BF55F8101F4B
:101D300051B3304615F063FF0028F7D15949686860
:101D4000FFF7F8FE002834D0AB685748984703B037
:101D5000F0BD0A604378002BD2D0222B104612F837
:101D6000011F07D00B460029CAD0222B104612F8BB
:101D7000011FF7D1077029B12029C1D110F8023F06
:101D8000002BC2D1A569C8E765682968B1B1266A88
:101D900003E000BF55F8101F81B1304615F02FFF4A
:101DA0000028F7D1CAE738463E49FFF7C3FE0028AE
:101DB000CAD1E868F4F7F2F903B0F0BDE568296824
:101DC00059B1266A03E000BF55F8101F29B130460B
:101DD00015F015FF0028F7D1B0E7A568296851B1C3
:101DE000266A02E055F8101F29B1304615F007FFAA
:101DF0000028F7D1A2E725692968002943D0266A7F
:101E000004E000BF55F8101F00293CD0304615F003
:101E1000F6FE0028F6D16F682449384615F0EFFE2B
:101E200006460028BFD1A06A6946FFF75BFE01287D
:101E3000BFD1DDE90023012A73F10001FFF660AF95
:101E4000102A73F1000326DA174F3C4609E0FFF72A
:101E500049FE01369DF80020F3B29A4204F10804CD
:101E600015D323681A78302A21461846EFD15A78BC
:101E700002F0DF02582AEAD19A78981C002AE8D0AA
:101E8000FFF7DEFDE5E70A48F4F788F938E7AB68C5
:101E90003846984734E70748F4F780F930E700BF41
:101EA000A8050120C0050120D0050120E86D04012E
:101EB000246E0401F06D04010A2838B512D00D28F3
:101EC00010D0A0F120035E2B21D81A4B93F80521E6
:101ED00093F80431134304D1174B1A68511C107046
:101EE000196038BD134C94F8B0301BB9124DB034A2
:101EF0002C6038BD94F8B130002BF7D00E4D2B6814
:101F0000B03400221A702046FFF734FDF0E70828AD
:101F100004D01B28E5D1084D084CE9E7064A0749DB
:101F200013688B42DDD90021581E03F8011C106094
:101F300038BD00BFA8050120941E012058060120CD
:101F400070B516461C46054605F04EFC40B13146BC
:101F5000284611F0D5FD2378181A2070002070BD96
:101F6000852070BD0370A0F80110C270704700BFDB
:101F7000704700BF2DE9F04F85B090469A469DF816
:101F80004420BDF84030BDF838909DF83C50029395
:101F900006460F4603929DF848B0EAF7C9FD80B3A4
:101FA000044653460E220021EAF702FBA06CDFF83C
:101FB00058A08570029DA0F80350039DA0F80090E2
:101FC00045724FF0010E4FF0050C4FF000094FF035
:101FD000080580F80DB0C0F805A0857280F80B9058
:101FE00080F80CE0434604F11C003A463146CDF837
:101FF00000C0EAF7EDFA204605B0BDE8F04F0FF05B
:102000000BBB05B0BDE8F08F000600012DE9F04FD5
:1020100087B0924605939DF85420BDF95030BDF825
:1020200040B09DF84470BDF84860BDF94C50039332
:10203000804689460492EAF77BFD38B30446059B47
:102040000E220021EAF7B4FAA06CDFF848E0A0F80D
:102050000950039DA0F80B504FF0050C049DA0F80B
:1020600000B08770A0F803604573C0F805E05346E0
:1020700004F11C004A464146CDF800C0EAF7A8FA30
:10208000204607B0BDE8F04F0FF0C6BA07B0BDE874
:10209000F08F00BF000102052DE9F04782B007462E
:1020A000884691469A46BDF828609DF82C50EAF77C
:1020B0003FFDC8B10446534603220121EAF778FAEE
:1020C000A06C4FF0050C068085704B4604F11C0097
:1020D00042463946CDF800C0EAF77AFA204602B007
:1020E000BDE8F0470FF098BA02B0BDE8F08700BF36
:1020F0002DE9F04782B00746884691469A46BDF8DA
:1021000028609DF82C50EAF713FDC8B104465346E9
:1021100003220221EAF74CFAA06C4FF0050C06806E
:1021200085704B4604F11C0042463946CDF800C08C
:10213000EAF74EFA204602B0BDE8F0470FF06CBA5D
:1021400002B0BDE8F08700BF2DE9F04383B006463A
:102150000F4690469946BDF82850EAF7E9FCC0B111
:1021600004464B4602220321EAF722FAA06C4FF004
:10217000050C0580434604F11C003A463146CDF873
:1021800000C0EAF725FA204603B0BDE8F0430FF09F
:1021900043BA03B0BDE8F0832DE9F04782B00746AB
:1021A000884691469A46BDF828609DF82C50EAF77B
:1021B000BFFCC8B10446534603220421EAF7F8F9EC
:1021C000A06C4FF0050C068085704B4604F11C0096
:1021D00042463946CDF800C0EAF7FAF9204602B087
:1021E000BDE8F0470FF018BA02B0BDE8F08700BFB5
:1021F0002DE9F04F83B08046894692469B46BDF854
:1022000030709DF83460BDF83850EAF791FCD8B1D1
:10221000044605225B461146EAF7CAF9A06C4FF066
:10222000050C07808670A0F80350534604F11C008B
:102230004A464146CDF800C0EAF7CAF9204603B045
:10224000BDE8F04F0FF0E8B903B0BDE8F08F00BF74
:102250002DE9F04383B006460F4690469946BDF8F7
:102260002850EAF765FCC0B104464B46022206211D
:10227000EAF79EF9A06C4FF0050C0580434604F187
:102280001C003A463146CDF800C0EAF7A1F92046D5
:1022900003B0BDE8F0430FF0BFB903B0BDE8F08371
:1022A000F8B50C46064601F18005002702E0083427
:1022B000A5420CD06388B342F9D1204611F0FAFB55
:1022C0000028F4D008340137A542FFB2F2D13846D5
:1022D000F8BD00BF2DE9F04F87B0904605939DF8FB
:1022E0004C309DF8502003900F46BDF840B0BDF82B
:1022F00044A0BDF8489004921E46159CEAF718FCCD
:10230000002847D00546059B1E224021EAF750F9D8
:10231000AB6CDFF888E0A3F800B05E724FF0080CF9
:102320000022049E83F802A0012003214FF00D0B30
:10233000A3F803905E73C3F805E083F80AC018732E
:10234000D97383F810B0DA729A73B4F80320A3F843
:102350001120B4F80520A3F81320B4F80720A3F83F
:102360001520627ADA75A27A1A76E27A5A76A2890A
:102370005A83E2899A8305200090434605F11C00A8
:102380003A460399EAF724F9284607B0BDE8F04F2A
:102390000FF042B907B0BDE8F08F00BF00060001A2
:1023A0002DE9F04F87B0924605939DF85420BDF972
:1023B0005030BDF840B0BDF84470BDF84860BDF97C
:1023C0004C500393804689460492EAF7B1FB38B338
:1023D0000446059B0E224021EAF7EAF8A06CDFF8DC
:1023E00048E0A0F80950039DA0F80B504FF0050CF1
:1023F000049DA0F800B08770A0F803604573C0F892
:1024000005E0534604F11C004A464146CDF800C0A1
:10241000EAF7DEF8204607B0BDE8F04F0FF0FCB851
:1024200007B0BDE8F08F00BF000102052DE9F047BD
:1024300082B00746884691469A46BDF828609DF8C6
:102440002C50EAF775FBC8B10446534603224121DC
:10245000EAF7AEF8A06C4FF0050C068085704B468D
:1024600004F11C0042463946CDF800C0EAF7B0F846
:10247000204602B0BDE8F0470FF0CEB802B0BDE88C
:10248000F08700BF2DE9F04F85B081460393BDF87A
:1024900048309DF83880BDF83C70BDF84060BDF80C
:1024A000445002938A469346EAF742FBF8B1044649
:1024B000039B07224221EAF77BF8A06C4FF0050C42
:1024C0008580029D80F80080A0F80170C67085713B
:1024D0005B4604F11C0052464946CDF800C0EAF7BD
:1024E00077F8204605B0BDE8F04F0FF095B805B07D
:1024F000BDE8F08F38B5094B094D09221A70FA244E
:102500002B7803F01F03092B06D03220013C12F078
:102510008DFF14F0FF04F3D138BD00BF020001416C
:102520000100014180B590B000AF7860A04B93F8F6
:102530001231002B00F04C81002387F83530002346
:1025400087F83D307B6800221A82012387F83130FA
:1025500097F8313003F1824303F580331B78DBB207
:1025600003F01F0387F83430924B1B78012B00F0E7
:102570008380152387F82D3097F82D3003F182439F
:1025800003F580331B78DBB287F8333097F83330AC
:1025900003F07F03DBB2152287F82F2087F82E3057
:1025A00097F82F3003F1824303F580331A4697F8EA
:1025B0002E301370002387F83E3046E0002387F862
:1025C0003F3022E0012012F031FF07F11002062314
:1025D00087F82C3097F82C3003F1824303F58033D1
:1025E0001B78DBB2137097F83D309B005AB23B7CEE
:1025F000C3F34113DBB25BB213435BB287F83D30E8
:1026000097F83F30013387F83F3097F83F30032B7E
:10261000D8D97B68DB68002B07D07B68DA6897F82D
:102620003E30134497F83D201A707B681B8A1B02CA
:102630009AB297F83D309BB213439AB27B681A82E4
:1026400097F83E30013387F83E307B685B7A97F825
:102650003E209A42B2D3152387F82B3097F83330B7
:1026600087F82A3097F82B3003F1824303F5803343
:102670001A4697F82A3013704F4B1B78DBB2062BA3
:1026800032D14C4B1B789AB24C4B1B8813439AB2F5
:102690007B681A827B681A8A484B1A80484B1B78E1
:1026A000184609F071FB034687F832300F2387F88C
:1026B000273097F8273003F1824303F580331B78E6
:1026C000404B1B78152287F8292087F8283097F887
:1026D000293003F1824303F580331A4697F82830F6
:1026E000137097F83230B2E17B681A8A334B1B883B
:1026F0009A420ED07B681A8A304B1A807B681B8AFC
:10270000002B04D12B4B1B789AB27B681A820023D2
:102710009DE1284B1B780133DAB2264B1A70254B0A
:102720001B78012B02D1234B02221A70204B93F805
:102730000B31DBB2012B02D1234B01221A701C4B4F
:1027400093F80B31DBB2002B03D197F83430192BFF
:1027500001D101237BE1152387F8263097F8263035
:1027600003F1824303F580331B78DAB2154B1A70FC
:10277000134A97F834301370144B03221A7097F8E9
:102780003430092B12D0022387F82530092387F82B
:10279000243097F8253003F1824303F580331A463D
:1027A00097F824301370044B09221A7001234EE16C
:1027B000C04800203E2E0120CA49002028160120D2
:1027C0003F2E01202A160120E7150120CC490020C8
:1027D000002387F83C30002387F83B30002387F83C
:1027E0003A3012F035FE034687F830309A4B93F8B2
:1027F0000B31DBB2012B02D1984B01221A70964BA0
:1028000093F80B31DBB2002B40F0FF80002387F8F8
:102810003730012387F8233097F8233003F18243C0
:1028200003F580331B78DBB203F01F03DBB2FB73CD
:1028300007F10F031B7803F01F03DBB2082B13D043
:10284000022387F82230042387F8213097F82230BA
:1028500003F1824303F580331A4697F82130137051
:102860000921012015F013F915233B773B7F03F174
:10287000824303F580331B78DBB287F83B301523A6
:10288000BB7700237B77BB7F03F1824303F5803363
:102890001A467B7F1370022387F820300623FB77CC
:1028A00097F8203003F1824303F580331A46FB7F0B
:1028B00013700621012015F0EAF8002387F838305C
:1028C00060E0002387F83630002387F8393020E0B5
:1028D000322012F0ABFD07F10C020623FB76FB7EE3
:1028E00003F1824303F580331B78DBB2137097F852
:1028F00037309B005AB23B7BC3F34113DBB25BB270
:1029000013435BB287F8373097F83930013387F8D3
:10291000393097F83930032BDAD997F8363001334C
:1029200087F8363097F83630052B03D1012387F826
:102930003A3003E097F83730002BC5D097F83A309B
:10294000002B03D0012387F83C3021E07B68DB6853
:10295000002B07D07B68DA6897F83830134497F873
:1029600037201A707B681B8A1B029AB297F837309F
:102970009BB213439AB27B681A8297F838300133BE
:1029800087F838307B685B7A97F838209A4298D37A
:1029900007F10F031B7803F01F03DBB2082B23D0D2
:1029A00002233B760923FB753B7E03F1824303F54B
:1029B00080331A46FB7D13700921012015F067F85A
:1029C0000223BB7616237B76BB7E03F1824303F59D
:1029D00080331A467B7E13700020EEF79DFE162191
:1029E000012015F054F813E00223BB7503237B7517
:1029F000BB7D03F1824303F580331A467B7D137060
:102A00000821012015F043F802E0012387F83C304B
:102A100097F83030002B18D00F23BB74BB7C03F128
:102A2000824303F580331B7812F002FD15233B75BA
:102A300097F83B30FB743B7D03F1824303F5803311
:102A40001A46FB7C137012F0FBFC97F83C301846DA
:102A50004037BD4680BD00BFC0480020E7150120BB
:102A600070B5A0B90B4C23886BB104F12806092579
:102A700056F804391BB11B680BB12088984715B173
:102A8000013DEDB2F4E700232380012070BD00205A
:102A9000FCE700BF08130120F8B50C4D95F82C2079
:102AA00006461AB976210A4814F08EFD084F09240B
:102AB00005EB84035A680AB95E60F8BD1CB977213A
:102AC000384614F081FD013CE4B2F1E7081301201F
:102AD000547A040100487047617A0401014B187D63
:102AE000704700BFA02B0120014B1875704700BF35
:102AF000A02B0120014B587D704700BFA02B012067
:102B0000014B5875704700BFA02B0120014B987DE9
:102B1000704700BFA02B0120014B9875704700BF84
:102B2000A02B0120014B93F917007047A02B012027
:102B3000014BD875704700BFA02B0120014B188AAC
:102B4000704700BFA02B012000487047B82B012020
:102B5000014B588A704700BFA02B0120D1F76ABCF7
:102B6000014B93F822007047A02B0120014B93F8F2
:102B700023007047A02B0120FEF7D2BE014B93F833
:102B800020007047A02B0120014B93F821007047D3
:102B9000A02B0120054B93F8212022B9588AB0FAC6
:102BA00080F0400970470020704700BFA02B012033
:102BB000014B9868704700BFA02B0120014B986023
:102BC000704700BFA02B0120014BD868704700BFA1
:102BD000A02B0120014BD860704700BFA02B012023
:102BE000002308B9184670470133421EDBB210407B
:102BF000F7E710B5094C002221400A2361B111F416
:102C0000006F1CBF0132D2B201338242DBB204EA50
:102C10005101F3D9184610BD0B46FBE700F8FF073A
:102C2000012303FA00F0084214BF18460020704741
:102C3000014B93F824007047A02B01200C4B93F814
:102C40002120824210B511D00A4C83F8210023883C
:102C500044F2013043F020032380FDF7FDFB94F89C
:102C60002C000021BDE810400CF0B8BB10BD00BF27
:102C7000A02B012008130120074B1A8A82420AD098
:102C80001882064B1A8893F82C0042F001020021AA
:102C90001A800CF0A3BB7047A02B01200813012061
:102CA00010B50146044608220A4814F01BFF78B10B
:102CB00020686168074B03C3074B1A8893F82C0000
:102CC00042F002020021BDE810401A800CF086BBE1
:102CD00010BD00BFB82B012008130120074B5A8AF2
:102CE00082420AD05882064B1A8893F82C0042F090
:102CF000080200211A800CF071BB7047A02B012044
:102D000008130120084B93F8232082420BD083F84C
:102D10002300064B1A8893F82C0042F01002002181
:102D20001A800CF05BBB7047A02B01200813012018
:102D3000084B93F8222082420BD083F82200064BE6
:102D40001A8893F82C0042F0040200211A800CF03B
:102D500045BB7047A02B01200813012010B5044685
:102D60004088FFF789FF6068FFF79AFF2078FFF738
:102D7000DFFF2089BDE81040FFF7B0BF0C4B93F890
:102D80002420824210B511D00A4C83F824002388F5
:102D900044F2023043F040032380FDF75DFB94F8DA
:102DA0002C000021BDE810400CF018BB10BD00BF86
:102DB000A02B0120081301200E281FB5044603D0C4
:102DC0002ED8031F022B46D80DF106010D200AF064
:102DD0000DFC01A917200AF009FC02A90C200AF039
:102DE00005FCBDF80400FFF747FF02A8FFF758FFF6
:102DF000D1F746FBFFF79CFFBDF80600FFF76EFF1B
:102E0000D1F7E0FBFFF77EFF0020FFF717FF042C50
:102E100014494FF024000ED10EF07EF804B010BD1E
:102E200023280BD0242811D0222814D1D1F7CAFB93
:102E3000FFF768FFF2E70EF035F8EFE7DCF76CFD1F
:102E4000831E58425841FFF799FFE7E7D1F718FB77
:102E5000FFF76EFFE2E74FF42A71034814F0B4FB6A
:102E6000DCE700BFC82B0120547A040138B50546C1
:102E700000242046D9F756FF044630B9064840F2F0
:102E80002F2114F0A1FB204605E0A3681A78AA427E
:102E9000EFD1B3F8010038BD547A04012DE9F843AD
:102EA000074644F201300E46914698469DF8205060
:102EB000FDF743FC18B944F20130FDF7CDFA44F2B6
:102EC0000230FDF73AFC18B944F20230FDF7C4FABB
:102ED0002048214C0CF0D0FA204A2149214B82F89D
:102EE0002C00C4E90213138884F814906FEA43435A
:102EF0006FEA53430021138084F81580A775E675A7
:102F000084F820500CF06AFA04F128010E200DF02C
:102F1000C9FF04F1280105200DF0C4FF04F12801C8
:102F200004200DF0BFFF04F1280106200DF0BAFFC8
:102F300004F1280122200DF0B5FF04F1280123201F
:102F40000DF0B0FF04F128012420BDE8F8430DF096
:102F5000A9BF00BF612A0301A02B01200813012093
:102F6000008810020070EF0507B51A200DF1070167
:102F70000AF03CFB9DF80700831E5842584103B0FD
:102F80005DF804FB10B5FFF7EFFF10B9094C2046C0
:102F900010BDD1F74FFA4FF6FF739842F6D0D2F733
:102FA0003DFA04460028F2D14FF48A71024814F029
:102FB0000BFBECE7A02B0120547A0401704770B59D
:102FC000E9B101444FF6FF7348F2084589B210F8A1
:102FD000014B082284EA030616F0010F4FEA53035F
:102FE00002F1FF3214BF6B409BB212F0FF024FEAB6
:102FF0005404EFD182B28A42E9D1DB4399B2084648
:1030000070BD10B51378ED2B144611D15378032BF6
:103010000ED1937853B1012B0AD1FFF7D0FF22795B
:10302000E37803EB02231B1A18BF0123184610BDD7
:103030000123FBE7F0B5034640780622B0FBF2F12E
:1030400002FB110212F0FF001FD1114E114FDFF8E9
:1030500048C0CDB20146A94200D1F0BDDC789A78D3
:1030600093F804E002EB042202F1824404F5903468
:10307000013184F800E05C7994559C79D455DC7971
:1030800002F80C40C9B20633E5E70120E5E700BFCE
:103090000120014102200141032001412DE9F043BB
:1030A00043780622B3FBF2F602FB163212F0FF025F
:1030B00037D102391C4FDFF874C0DFF874E0F6B284
:1030C00003461546C9B2B54202D11046BDE8F083A9
:1030D000DC789878012900EB042080B212D800F146
:1030E000824404F5803893F8049088F8009004F145
:1030F000011493F8058084F800809C79C455DC792C
:1031000000F80C40A42808D1187900F01F00C4066C
:1031100048BF60F01F008EF800000135EDB20633A5
:10312000D1E70122D1E700BF0200014103000141C4
:10313000783800204078023818BF01207047437863
:10314000042B05D1034BD0F802201A6001221A711A
:1031500000207047E8150120F8B50F460446002608
:10316000A1F10805A54202D84FF0FF3406E023780C
:10317000FF2B13D1230703D144F07F442046F8BD31
:1031800024F003031C1DA742EED95A68013205D171
:103190005B69013302D114F00C0FEDD02378012BC1
:1031A0000AD16378012B07D1A178621D0A44E01C83
:1031B000FFF727FF0028E1D00EB1D3E70434A54282
:1031C000D0D923680133CDD0234613F8012BEF2A41
:1031D0000BD16378002BF1D1A378ED2BEED1E378FE
:1031E000032BEBD107340126BCE71C46E7E72DE9AA
:1031F000F04785789DF8206004460F469046994632
:1032000003354FF0010A2378434508BF89F800A031
:103210002378092B47D010D8072B2ED033D8022B78
:1032200024D00020A74226D96378023DED1A2DB2A2
:103230000233002D1C44E6DC1DE00D2B27D006D800
:103240000A2BEED131462046FFF728FF11E01A2B5A
:1032500023D0552BE5D1A4F50003A3F5C043B3F566
:10326000776FDED22046FFF76AFF02E02046FFF7C5
:1032700061FF0128D6D1BDE8F087002ED1D02046CD
:103280000CF0D7FAF5E720460CF07CFAF1E7002EB7
:10329000C7D020460CF0B4FAEBE7002EC1D0204690
:1032A0000CF0FAFAE5E7002EBBD02046FFF7C2FE8D
:1032B000DFE72DE9F7430F469046994630B3164BAA
:1032C0001A7932B3186800F5776600250BE043469B
:1032D000CDF800903A463146FFF789FF0546A078C1
:1032E00004F10A031844B0420CD23146FFF734FF10
:1032F00010F07F4F0446EAD0084B20F07F449C42F8
:1033000008BF0125284603B0BDE8F083044E0348FA
:10331000DBE78525F6E700BFE815012000608000A7
:10332000706F800013B5134614460A46014600200C
:10333000FFF7BFFF054B1B7933B123460DF10702A1
:1033400000210120FFF7B5FF02B010BDE8150120F4
:103350002DE9F0478678089D9DF824A0894604460B
:10336000174698460336002123786278FF2FDBB298
:1033700008D1013BDBB2FD2B2ED828880232214632
:1033800040440AE0BB4227D1BAF1000FF5D0062F26
:103390000CD1072A1CD1A11C404614F0B1FB2B888C
:1033A0009A1C637813442B80012115E00B2F01D167
:1033B000042AEFE70C2F01D1012AEBE7102F01D1EE
:1033C000182AE7E7152F01D1082AE3E7182FEFD0D5
:1033D0002B8802331A442A806378023EF61A36B2EA
:1033E0000233002E1C4401DD4C45BDD3012914BF1E
:1033F00080200020BDE8F0872DE9FF470746002424
:103400001448154D154EADF80E4088464FF0010991
:103410002946FFF7A1FE10F07F4F824613D10DF130
:103420000E030093CDF8049043463A462946FFF731
:103430008FFF00289AF802000AF10A03184408BF17
:103440000124B042E4D9012C14BF8020002004B034
:10345000BDE8F08700608000706F80006F6F8000B3
:10346000014608B50620FFF7C7FFB0FA80F0400913
:1034700008BD014608B51520FFF7BEFFB0FA80F081
:10348000400908BD024B93F90030037001207047DA
:103490007838002013B5044601A90B20FFF7ACFFD4
:1034A00028B9BDF804302380012002B010BD0020EF
:1034B000FBE713B5044601A90B20FFF79DFF28B9D0
:1034C000BDF806302380012002B010BD0020FBE7CC
:1034D00013B504460DF107010C20FFF78DFF28B945
:1034E0009DF807302370012002B010BD0020FBE7DB
:1034F000014B1879704700BFE8150120014B187186
:10350000704700BFE8150120014B1868704700BFE5
:10351000E8150120034B044A586018461A60EFF77B
:103520005BBB00BF441501203D680301034B044A07
:10353000586018461A60EFF74FBB00BF44150120D2
:103540004168030100B5094B094A1A6083B00DF1C7
:1035500007011846002259608DF80720EFF73CFB61
:103560009DF8070003B05DF804FB00BF441501207F
:103570004568030100B5074B074A1A6083B001AAEA
:1035800018465A60EFF728FB9DF8040003B05DF879
:1035900004FB00BF441501205168030100B5074B2F
:1035A000074A1A6083B0C3F804D08DF800001846AB
:1035B0000191EFF711FB03B05DF804FB4415012006
:1035C0005D68030100B5074B074A1A6083B0C3F872
:1035D00004D08DF800001846EFF7FEFA019803B00A
:1035E0005DF804FB441501206568030100B5074B35
:1035F000074A1A6083B00DF107028DF807001846DC
:103600005A60EFF7E9FA03B05DF804FB44150120B6
:103610007568030100B5074B074A1A6083B00DF1C6
:1036200007028DF8070018465A60EFF7D5FA03B085
:103630005DF804FB441501207D68030100B5074BCC
:10364000074A1A6083B00DF107028DF8070018468B
:103650005A60EFF7C1FA03B05DF804FB441501208E
:103660008568030130B5074C074D256085B0CDE96D
:103670000001204602920393C4F804D0EFF7ACFA9D
:1036800005B030BD441501208D68030100B5074B1E
:10369000074A1A6083B00DF107028DF8070018463B
:1036A0005A60EFF799FA03B05DF804FB4415012066
:1036B0009D68030110B501460446094811F054FF06
:1036C00040B1084B084A5C601846BDE810401A60DB
:1036D000EFF782BA2146024811F0FEFEF1E700BF83
:1036E0004C15012044150120A568030100B5074BC6
:1036F000074A1A6083B00DF107028DF807001846DB
:103700005A60EFF769FA03B05DF804FB4415012035
:10371000B168030100B5074B074A1A6083B00DF189
:1037200007028DF8070018465A60EFF755FA03B004
:103730005DF804FB44150120B968030100B5074B8F
:10374000074A1A6083B00DF107028DF8070018468A
:103750005A60EFF741FA03B05DF804FB441501200D
:10376000C1680301034B044A586018461A60EFF71A
:1037700033BA00BF44150120C968030100B5074BE7
:10378000074A1A6083B00DF107028DF8070018464A
:103790005A60EFF721FA03B05DF804FB44150120ED
:1037A000CD680301034B044A586018461A60EFF7CE
:1037B00013BA00BF44150120D5680301436870B5F2
:1037C000162B21D8DFE813F0240118010701FB00B4
:1037D000EF00E300D200C300B400A50097008C0006
:1037E000810076006B00600055004A003F00340005
:1037F0001700290021007F4B9C682CB1236903B17D
:1038000098472468002CF9D170BD82681368002B9A
:10381000FAD05068BDE870401847764B9C68002C81
:10382000F2D0A36D03B198472468002CF9D170BD84
:10383000704B9C68002CE7D0636A03B198472468FA
:10384000002CF9D170BD6B4B9C68002CDCD0236A36
:1038500003B198472468002CF9D170BD654B9C6872
:10386000002CD1D0E36903B198472468002CF9D12A
:1038700070BD604B9C68002CC6D0A36903B198470B
:103880002468002CF9D170BD5A4B9C68002CBBD029
:10389000A36C03B198472468002CF9D170BD554B37
:1038A0009C68002CB0D0236D03B198472468002C8D
:1038B000F9D170BD4F4B9C68002CA5D0636C03B14F
:1038C00098472468002CF9D170BD4A4B9C68002CA5
:1038D0009AD0236C03B198472468002CF9D170BDAD
:1038E000444B9C68002C8FD0236B03B1984724680D
:1038F000002CF9D170BD3F4A836894681D78002C74
:1039000082D0636D284603B198472468002CF8D113
:1039100070BD384A836894681D78002C3FF474AFFA
:103920006369284603B198472468002CF8D170BD1C
:10393000304A836894681D78002C3FF465AFE368D3
:10394000284603B198472468002CF8D170BD294A55
:10395000836894681D78002C3FF456AFA36B28460B
:1039600003B198472468002CF8D170BD214A8368C0
:1039700094681E885D88002C3FF446AF636B29462F
:10398000304603B198472468002CF7D170BD194B1D
:103990009C68002C3FF438AFE36C03B1984724686F
:1039A000002CF9D170BD134B9C68002C3FF42CAF58
:1039B000E36B03B198472468002CF9D170BD0D4B1F
:1039C0009C68002C3FF420AFE36A03B19847246859
:1039D000002CF9D170BD074A836894681D88002CBB
:1039E0003FF412AFA36A284603B198472468002C1D
:1039F000F8D170BD441501200B4B9C68002C3FF49E
:103A000003AFA36803B198472468002CF9D170BDB7
:103A1000054B9C68002C3FF4F7AE636803B19847F0
:103A20002468002CF9D170BD44150120064B80217B
:103A3000072219765A831A7E510703D59A6A1A7E8D
:103A40005207FBD4704700BF000C0040124B1349D3
:103A5000986A10B48C6A1A6A496801F00701012952
:103A6000996914BF8C5421F8124001321A62D96945
:103A70008A4202D05DF8044B704708490022842432
:103A800083F82C20DA610C755A6A002AF2D05B6A3E
:103A90005DF8044B184700BFA8120120000C00403D
:103AA000114B124A1A604FF440314FF6A0029A812E
:103AB0001A465960D369002BFCD113680A4943F0B8
:103AC00002031360CB69002BFCD1094A9361D361D7
:103AD000136282F82C305362136053609360137545
:103AE000D360D385704700BF000C004084011040B4
:103AF000A8120120004870470090D003434AF8B54F
:103B0000137D92F82C20002A48D10446D8B218B16F
:103B100002F0FF031846F8BD002CFCD02568002DEC
:103B2000F9D000293CD0B1EB051F03460A463DD32E
:103B30002805290B13F03CFEC0F5803085B2002724
:103B4000334B1A6822F002021A60DA69002AFCD1AB
:103B500060689D810228D4E9025634D0196821F0AA
:103B6000706121F46041394341F0807119605A68F5
:103B700022F40152284322F00702024332435A60E2
:103B8000234AD369002BFCD11368214943F0020377
:103B90001360CB69002BFCD10120F8BD0020F8BDDB
:103BA0001C4A0B461146B1EB051FC1D2B1EBC50F44
:103BB00018D3E804690B13F0FBFDC0F5803085B223
:103BC0004FF48047BCE71C6824F0706424F4604420
:103BD0003C431C60596845EA060021F04701084350
:103BE0005860CDE705EB450088420BD84FF44030D4
:103BF000A5FB000113F0DCFDC0F5803085B24FF469
:103C000000479DE700273D469AE700BFA812012024
:103C1000000C00400090D003024B0022D88DDA85C2
:103C2000704700BFA8120120054A13689B0706D4FD
:103C3000136843F002031360D369002BFCD1704773
:103C4000000C0040054A13689B0706D5136823F053
:103C500002031360D369002BFCD17047000C0040B5
:103C6000044A536843F480335360D369002BFCD17A
:103C7000704700BF000C0040044A536823F48033AF
:103C80005360D369002BFCD1704700BF000C00408B
:103C900060B330B4174D2A7D02F0FF031ABB012434
:103CA000154A286069602C756C68117E11F001015D
:103CB0001DD094B1114601E09C420ED04A6802F03A
:103CC0000702012A14BFC25C30F813208A620A7E00
:103CD000D20703F10103EFD41C46074BAC6001206F
:103CE000987530BC7047002030BC704770470C4658
:103CF000F3E700BFA8120120000C0040014B187D23
:103D0000704700BFA8120120014B9868704700BFA0
:103D1000A8120120014BD86019617047A812012038
:103D2000024B187EC0F34000704700BF000C0040FB
:103D3000044A536843F400335360D369002BFCD129
:103D4000704700BF000C0040044A536823F400335E
:103D50005360D369002BFCD1704700BF000C0040BA
:103D6000C8B138B50C4C94F82C3093B90B4B5B8B25
:103D70005B070D4601D0FFF759FE084AA0610023FA
:103D800001208421E561236284F82C00E38591758C
:103D900038BD002038BD7047A8120120000C00403B
:103DA000014B93F82C007047A8120120014B186AB0
:103DB000704700BFA8120120064B93F82C203AB19F
:103DC000054900228420087583F82C20DA611A62E4
:103DD00001207047A8120120000C0040014B5862DE
:103DE00099627047A81201200D4A538B13F0070304
:103DF00000D1704710B50B4CE385538B5B0701D0A6
:103E0000FFF714FE064A00238421117584F82C3034
:103E1000636A23B1A06A636ABDE81040184710BD09
:103E2000000C0040A8120120044B93F82C2022B172
:103E3000DA691B6A934200D208E67047A812012093
:103E400010B41A4C237D002B2CD01949A36860684C
:103E50000A7ED20720D4A36062689A4222D8144A0C
:103E600000230121237563601175E368D3B12069D4
:103E7000E3685DF8044B18474A6802F00702012A1C
:103E8000226814BFD25C32F813208A6260680A7E0E
:103E9000D20703F10103DED59842EDD8A360626832
:103EA0009A42DCD95DF8044B704700BFA81201208C
:103EB000000C004008B5164B9A7DFAB11A7E9B7D26
:103EC0001906D2B21BD4124A137E927DD007DBB200
:103ED00001D5D90718D40E4A137E927D5207DBB262
:103EE0000CD55B070AD50B4B93F82C2032B1DA695D
:103EF0001B6A9A4202D9BDE80840A7E508BD13062F
:103F0000E1D5FFF771FFDEE7FFF79AFFE3E700BFB8
:103F1000000C0040A81201203A2800D070470B88FE
:103F2000012BFBD14868026822F07F420A2AF5D1B2
:103F3000828810B400248C60AAB1012A10D10E4BE3
:103F40001B7DDA0716D4806890F9002032F0020455
:103F500010D1C3F38001C3F3C0030B431A430270B3
:103F60005DF8044B7047044A127D12F0090FF7D038
:103F70008B60F5E70123FBE7BC2601200E4B5A6856
:103F8000D3F82B00D3F81B10824210D3D3F83B0098
:103F900082420CD810B4D3F84B00084C01440A44B8
:103FA00001212170C3F86B205DF8044B70470A446F
:103FB000C3F86B20704700BFBC260120F01301201E
:103FC0000E4B0F48D3F85B105A680078013101326C
:103FD000C3F85B105A6078B1D3F86B10D3F83B008C
:103FE00001318242C3F86B1005D3D3F81B100A4489
:103FF000C3F86B2070477047C0E700BFBC260120A4
:10400000F013012010B58CB045F60133ADF81C104B
:104010008DF81E200690ADF8103009B9012A0BD09A
:104020000CAB13E90F008DE80F0004AC94E80F000F
:10403000FAF72CFB0CB010BD064B074C5868D3F8B0
:104040001B20C3F87B000244C3F85B202170FFF7FC
:1040500095FFE5E7BC260120F01301204188B1F56A
:10406000FA6F7DD3454AA1F5FA63F0B502FB03F27E
:1040700022D06FF4FA640C19A5B2632D72D9404EA8
:10408000A6FB0536740904EB4404E300B5F5C87FCC
:1040900003F1010302D303EBD6139BB2384C394E24
:1040A000A4FB05746409642707FB145403EB940311
:1040B00003F0FF0306FB03224478012C2CD9304B7C
:1040C000A3FB0153DE094FF4C8775B09642507FBA6
:1040D000161605FB131501231FFA86FE9C46AEB289
:1040E00041F2AA5701F003050C2B11D80CFA03F189
:1040F000394223D111F4256F29D1490708D5BEF1E2
:10410000000F31D006B17DB302F5131202F528522B
:10411000013399B28C42E7D804790378194E457976
:104120004FF4616101FB04F1013B847906FB031349
:104130003C2010FB053020441044F0BD013399B2FF
:1041400002F523128C4202F5F452CDD8E4E7013394
:1041500099B202F51E128C4202F55062C4D8DBE718
:1041600000207047012399E7013399B202F5181234
:104170008C4202F56E52B7D8CEE700BF8033E10122
:104180001F85EB5180510100F0B5434B434C93E840
:10419000030083B00B0C00220090ADF80410142033
:1041A0000A218DF80630F1F714F9012206460A219A
:1041B0001420F1F70EF902220023054684F89B2013
:1041C00084F89C300EB1364BF3616846FFF746FF2A
:1041D00000F59A435833E17894F82A60C4F85B30CC
:1041E000C4F86B3094F84A30A77E94F83A206060A7
:1041F00041F0020146F0020643F0020347F00207D5
:1042000042F00202E17084F82A60264984F84A30BC
:1042100005265823A77684F83A2001270022267520
:10422000E3764D264FF0FF330F706277A27784F864
:104230004B2084F84C2084F84D2084F84E202677BB
:1042400084F82B3084F82C3084F82D3084F82E300C
:1042500084F83B3084F83C3084F83D3084F83E30BC
:104260004FF47A77C4F87B000F4E0A74081DCF60B4
:104270004E6184F88B3084F88C3084F88D3084F86B
:104280008E300AF0C5FC09493A200CF00BFE0DB146
:10429000074BAB6103B0F0BD7C7E0401BC2601205E
:1042A00005400301F0130120C13F03015C270120F9
:1042B00051160401024BD3F81B005B681844704789
:1042C000BC260120024B1B7803B957E6704700BF9C
:1042D000F0130120014B5868704700BFBC26012035
:1042E00010B582B06B4683E803001846FFF7B6FEB0
:1042F000074B0849D3F81B20586002440024C3F838
:104300007B00C3F85B200C70FFF738FE02B010BDD5
:10431000BC260120F0130120F0B4264C267DE57860
:1043200060F30006267500283CD0F1B245F0020586
:104330006FF34101E5702175277DA67E94F82A5020
:1043400094F83A0094F84A1062F382072775A2B1F4
:10435000227D46F0020645F0020540F0020041F0E1
:10436000020163F3C302A67684F82A5084F83A0067
:1043700084F84A102275F0BC7047227D26F00206B0
:1043800025F0020520F0020021F0020163F3C302D0
:10439000A67684F82A5084F83A0084F84A102275E8
:1043A000F0BC7047207D25F0020561F34100E57007
:1043B0002075C1E7BC26012010B40D4CC4F82B10A9
:1043C0000131C4F81B00C4F83B20C4F84B3009D0BD
:1043D000013207D0B3FA83F3064A5B0913705DF824
:1043E000044B7047034A012313705DF8044B704778
:1043F000BC260120F01301205570646174652044CF
:104400006F6E652025640D0A00000000736574500E
:1044100065726D69744A6F696E5273702025640D00
:104420000A000000436F6D6D697373696F6E696E8A
:1044300067537461747573203D2025640D0A000074
:10444000446F6E650D0A00004E6F74446F6E650D0B
:104450000A000000537461747573203D2025640DBB
:104460000A00000025730D0A00000000436F6D6D07
:10447000616E64733A200D0A000000002D67000091
:104480002D6200002D650000557365722063616E1A
:104490006E6F7420696E766F6B65206D6F7265202C
:1044A0007468616E206F6E6520636F6D6D697373E4
:1044B000696F6E696E6720617420612074696D6533
:1044C0000000000025303878000000000D0A0000D0
:1044D000253034780D0A0000253033640D0A0000C1
:1044E000434341204D6F6465203D2025640D0A0043
:1044F0004544207468726573686F6C64203D2025A4
:10450000640D0A00616374697665457052657100D7
:10451000646400005B447374416464725D205B6E8C
:10452000776B416464725D0D0A00000062696E641D
:104530005265710073646464646400005B61646468
:10454000724D6F64655D5B447374416464725D5B5E
:1045500065787444737441646472486967685D5B2C
:10456000657874447374416464724C6F775D5B6505
:10457000705D5B436C757374657249645D0D0A0010
:1045800062696E6452657132000000007364646495
:1045900064646464640000005B616464724D6F6411
:1045A000655D5B447374416464725D5B65787453EC
:1045B000726341646472486967685D5B65787453CF
:1045C0007263416464724C6F775D5B6578744473A9
:1045D0007441646472486967685D5B6578744473AC
:1045E00074416464724C6F772F47726F75704944E1
:1045F0005D5B65705F5372635D5B65705F44737490
:104600005D5B436C757374657249645D0D0A0000EF
:104610006965656541646472526571006464640033
:104620005B647374416464725D205B6E776B41649C
:10463000644F66496E745D205B7265715479706574
:104640005D0D0A006D616342616E4E6F646500002E
:104650006464646464000000203C657874416464B0
:10466000723E203C73686F7274416464723E203CF9
:10467000636F73743E203C727373693E0D0A0000D1
:104680006D6163526573657442616E5461626C65FD
:1046900000000000000000006D61746368446573F1
:1046A00063526571000000005B6E776B4164647259
:1046B0005D205B73726345705D0D0A004E6F64652B
:1046C00044657363526571005B6473746E776B410C
:1046D0006464725D205B6E776B416464724F6649FF
:1046E0006E745D0D0A0000006E776B416464725257
:1046F0006571000064646464000000005B647374AE
:10470000416464725D205B696565654164644F6600
:10471000496E745D205B726571547970655D0D0A38
:10472000000000006E776B4C656176655265710024
:104730005B657874416464725D5B72656A6F696E13
:104740005D5B72656D6F76654368696C645D200DB5
:104750000A00000073656E64426561636F6E5265A6
:104760007100000073656E644D676D7442696E641C
:10477000526571005B616464726573735D5B737431
:10478000617274496E6465785D0D0A0073656E64CC
:104790004D676D744C65617665526571000000006F
:1047A0005B64737453686F7274416464725D5B64BC
:1047B0006576457874416464725D5B72656A6F69A1
:1047C0006E5D5B72656D6F76654368696C6472657A
:1047D0006E5D0D0A0000000073656E644D676D74B8
:1047E0004C7169526571000073656E644D676D743C
:1047F0005065726D69744A6F696E00005B64737412
:10480000416464725D5B6475725D5B746353696778
:104810005D0D0A0073656E644E776B4D676D745560
:104820007064617465526571000000003C636861EA
:104830006E6E656C3E203C7363616E44757261748C
:10484000696F6E3E203C6E776B416464723E0D0A68
:104850000000000073696D706C6544657363526598
:10486000710000005B6E776B416464725D205B6475
:10487000737445705D0D0A00756E62696E645265F1
:10488000710000005B616464724D6F64655D5B4440
:104890007374416464725D5B657874416464725DD5
:1048A0005B65705D5B436C757374657249645D0D27
:1048B0000A000000756E62696E6452657132000014
:1048C0002DE9F04F2DED028BD2E9008997B0CDE9AB
:1048D0000C138B6808930B690F90D1E900B6149301
:1048E000CD68002200234046494612F0DDFE40B963
:1048F0001BF0040F32D11BF00803059330D02023A6
:1049000003E089F0004399462D232B70089B03F1A7
:10491000FF3A012305934C4929F0004300208B42C4
:1049200008BF80451FD10D9B413B192B059B94BFB0
:10493000464947492B44184613F082FA284613F09B
:104940003BF9CDF800B00246089B0F98294611F0BC
:10495000F9FA17B0BDEC028BBDE8F08F2B23D4E73A
:10496000DDF820A0D7E7994208BF404509D20D9B4A
:10497000413B192B059B94BF364937492B441846B8
:10498000DAE7002200234046494612F0F7FE9FED89
:104990002C7B8DED027B48B300240D9813F016FAA2
:1049A000002EC3B20993C0F2D781672B5AD1002ED3
:1049B00008BF0126231D02DBB442C0F2C681652771
:1049C00061E09DED067B8DED027B01340022234BDF
:1049D000DDE902010EF0EEFB42464B46CDE9060151
:1049E00012F046FE0028ECD000271FE00446EDE759
:1049F00014F5967F11DA87B90022194B40464946D3
:104A00000EF0D8FB002280468946154BDDE90201F5
:104A10000EF0D0FBCDE902010127DDE90201002201
:104A20000E4B0AF0BFF9CDE90201013CDDE902239A
:104A30004046494612F038FE0028D9D1ADE700BF04
:104A4000000000000000F03F0000F07FBC7D04018A
:104A5000C07D0401C47D0401C87D04010000244020
:104A600000005043099F662F06F101060BD1002C70
:104A700004DA9FEDBD7B8DED027B0024099B672B43
:104A800018BF361966279DED027BCDE906898DEDAD
:104A90000A7B00230E93DDE90A23DDE906010AF013
:104AA00081F941EC100B10F01BF951EC100BB0EE3A
:104AB000408AF0EE608A12F0F7FAB0EE480AF0EEA3
:104AC000680A069B1093079B159083F0004311938F
:104AD0009DED0A1B9DED102B12F09AFE53EC102B4E
:104AE00083F000430793DDE90A01A34B8DED060A2D
:104AF00000220AF057F90E9B01339E42CDE90A01CC
:104B00000E93C8D100229D4B0EF054FBCDE90A0153
:104B100002460B46DDE9060112F0C6FD002840F012
:104B20008180DDE90A23DDE9060112F027FE10B1DC
:104B3000159BDA0776D5DDE90A234046494609F098
:104B40009FF90022CDE906018B4BDDE902010EF051
:104B500031FBDDE90623CDE90A0112F0DFFC002874
:104B600065D0662F04F1010465D10136A146A9EB99
:104B700006034FF00008059E1093CDF80880109BA7
:104B8000994540F08180029B002B00F0C880A81955
:104B90000022652F027029D1149B1499013B944285
:104BA000EA54C1F1030EBCBF644201220A21002C69
:104BB00040F0BC800EEB030CBCF1000F00F3B6809C
:104BC000002A03F1FF3114BF2D222B226A540D9AC3
:104BD000023B413A192A05EB030198BF45279E4243
:104BE0000F70AAF1020A01DA13F02AF90BF003039D
:104BF000022B7FF4A3AEBAF1000F7FF79FAE2846D9
:104C000012F0DAFF05EB0A03059A824240F399801D
:104C1000059B2B4418465246302113F02FF80023F1
:104C200008938BE69FED527B8DED0A7B83E79DED2C
:104C3000027B8DED0A7B652F14BFA1464FF0000962
:104C400095E7029A52B9B9F1000F07DA0E992E22B0
:104C50006A54012201360AF1FF3A029205EB08017B
:104C6000AA193144302001E002F8010B9142FBD136
:104C700008EB06023033AAEB080808F1FF3A561C8D
:104C8000AB544FF0000828E00C9B0E961B69053BC7
:104C9000B3427FF678AFDDE90A23DDE906010AF0C9
:104CA00081F841EC100B10F01BF851EC100BB0EE3A
:104CB000408AF0EE608A12F0F7F90BF01002092832
:104CC0000346A8BF09230243BBD1099A672AB8D17A
:104CD000B9F1000FC2DA08F10108069B1293079B95
:104CE000B0EE480AF0EE680A83F0004313939DED9E
:104CF0000A1B9DED122B12F08BFD53EC102B83F051
:104D000000430793DDE90A0100221B4B8DED060AE3
:104D10000AF048F809F1FF39CDE90A012FE71BF045
:104D2000100F1EBF2E23AB55013630E7B4FBF1FC4C
:104D3000013B01FB1C443034EC540AF1FF3A644659
:104D400035E72A5C1A5401385EE7002CBFF69AAEAC
:104D5000662788E606262DE6099B672BFAD01F46B4
:104D6000062680E6AFF30080000000000000F03F60
:104D7000000000000000000000002440000014407B
:104D800037B50546FCF7CCFD154C0368C4F85A301E
:104D90004368C4F85E30FCF7C3FD0368C4F8AF3065
:104DA0004368C4F8B330002384F8B7309DF804306A
:104DB00065F3000365F3410303F0030363F07F032E
:104DC00001A940208DF8043008F03CFC04F5BC71CA
:104DD00004200CF067F82046DEF797FC03B030BDE6
:104DE00048230120C37A33B103F0FD03052B02D021
:104DF000014B987FC4E770473C12012037B5002370
:104E00000022CDE900230546FDF7A8FECFF7DCFF21
:104E1000044625B94FF4B571154812F0D5FB2CB1F5
:104E200000231A4601212046D3F714FB01226946CC
:104E30002888D1F7C9FD044620B94FF4B8710C4851
:104E400012F0C2FB2B79E370EB7A23766B88E38058
:104E50002A4652F80D3F2361536863612B7B6376CA
:104E60006A79A37E62F34103A37603B030BD00BF2D
:104E7000DC79040113B5002300938DF80430023867
:104E800001238DF801308DF80330032821D8DFE8A5
:104E900000F002091A1C03238DF800301048FFF7B8
:104EA000ADFF02E003238DF800300E4C0E4BC4F82A
:104EB000B03169463E2008F0C5FB04F5C870DDF747
:104EC000EDFD02B010BD0423EDE70323ADF8003083
:104ED000E4E740F25B11054812F076FBE5E700BF1E
:104EE0004412012048230120114F0301DC79040101
:104EF00008B5054B1878FFF7BDFF04490420BDE84D
:104F000008400CF009B800BF3C120120C024012069
:104F100037B5857C04461DB1092D0CBF032501253D
:104F200069463E2008F062FBA37C43B99DF800204F
:104F3000022A04D11A461946184607F0F5FB084C18
:104F400001222270626822B940F29D11054812F0D8
:104F50003BFB6368284698470023636003B030BD7D
:104F60003C120120DC79040110B5044618B98521F2
:104F7000024812F029FB024B1C6210BDDC790401CF
:104F80003C12012013B5104CE37FDBB9F6F79AFE13
:104F9000C0B9F7F7DFFCA8B901232370DCF774FE72
:104FA000236A1BB99121094812F00EFB01230DF170
:104FB00007013B20E3778DF8073008F043FB236AB5
:104FC0001B68984702B010BD3C120120DC79040137
:104FD000F0B51C46104B1B78012B87B005460E46DA
:104FE000174603D0A4210D4812F0EEFA1CB9A521F2
:104FF0000A4812F0E9FAFDF7A7FD0323CDE9010302
:1050000002230093CDE903740123054A3146284663
:10501000F0F789F807B0F0BD3C120120DC790401FB
:105020006012012073B51A4C2378012B05460E46F9
:1050300003D0B921174812F0C7FA1EB9BA21154892
:1050400012F0C2FA02232370666028686968124B66
:1050500003C3A868E96803C328691860AA8A9A800C
:1050600040F20113E3830DF1070101233B208DF88A
:10507000073008F0E7FADEF70FF820B9A07FFFF756
:105080007FFE02B070BD2078FFF7F4FEF9E700BFA5
:105090003C120120DC7904014412012037B5164C82
:1050A0002378012B054603D0CE21144812F08CFA48
:1050B0001DB9CF21114812F087FA032316220021CF
:1050C0000F482370656012F0D9FD4FF48073E383BD
:1050D0000DF1070101233B208DF8073008F0B2FAEB
:1050E000DDF7DAFF20B9A07FFFF74AFE03B030BD3D
:1050F0002078FFF7BFFEF9E73C120120DC790401BC
:105100004412012037B5164C2378012B054603D0F5
:10511000E421144812F058FA1DB9E521114812F0A3
:1051200053FA0423162200210F482370656012F001
:10513000A5FD4FF48073E3830DF1070101233B20AC
:105140008DF8073008F07EFADDF7A6FF20B9A07FC2
:10515000FFF716FE03B030BD2078FFF78BFEF9E7AE
:105160003C120120DC7904014412012073B51A4C71
:105170002378012B05460E4603D0FB21174812F079
:1051800023FA1EB9FC21154812F01EFA05232370DC
:10519000666028686968124B03C3A868E96803C39E
:1051A00028691860AA8A9A8040F20113E3830DF1FE
:1051B000070101233B208DF8073008F043FADDF7A3
:1051C0006BFF20B9A07FFFF7DBFD02B070BD207838
:1051D000FFF750FEF9E700BF3C120120DC79040123
:1051E0004412012073B50F4C2378064623B940F2D0
:1051F00011110D4812F0E8F9002323701D461EB965
:10520000DCF72EFDF6F73EFFE577F7F731FB0323DA
:105210000DF107013B208DF8073008F013FA02B0BA
:1052200070BD00BF3C120120DC790401014BD87F26
:10523000704700BF3C1201202DE9F04F95B0CDE939
:1052400012030B68089392ED007B4B680A938B68FE
:1052500009930B690D93CC680022002351EC170BC6
:105260008DED047B12F020FA40B9089B580734D426
:10527000089B13F0080732D0202306E0DDE9042163
:1052800081F00043CDE904232D232370099B0127DE
:105290005A1EDDE90403DFF8F8B223F000414FF0B5
:1052A000000A594508BF50451BD1139B413B192BA0
:1052B00004EB070094BFB049B04912F0C1FDAF48FC
:1052C00012F07AFC089B00930246099B1298214633
:1052D00010F038FE15B0BDE8F08F2B23D5E7099A02
:1052E000D7E7139B8B45A3F1410308BF82450B937E
:1052F00009D2192B04EB070094BFA149A14912F070
:105300009FFDA048DCE73021E1550B997B1C1A2951
:1053100034BF58217821E154931E079300220023C3
:10532000DDE90401023712F029FA002800F07B8140
:105330009FED8F7B8DED027B00250A9BDDE90289C5
:10534000002BDDE904ABB8BF18230E9300264246BC
:105350004B465046594609F025FD41EC100B0FF025
:10536000BFFC42464B4651EC100B8DED100B0DF07F
:1053700021FF02460B465046594612F08FFD824BE4
:1053800082468B464046494600220DF013FF731CAF
:105390000C930A9B002B8046894606DA00220023E4
:1053A0005046594612F0EAF928B90E9BB34200F371
:1053B000408101330C930022744B404649460DF066
:1053C000F9FE8046894602460B465046594612F081
:1053D0006BF9002840F02F8142464B465046594613
:1053E00012F0CCF930B1DDE9100111F05DFEC1071A
:1053F00040F1218142464B46DDE9040108F040FDC1
:10540000CDE90401DDE9042121F0004360490020D9
:105410008B4208BF82423FF448AF4FF000083E463F
:10542000C246C1460D9B053BB342B34633D9DDE9C5
:105430000223DDE9040109F0B5FC41EC100B0FF08B
:105440004FFC51EC100B8DED0E0B11F02DFE0028D2
:1054500040F0F680B9F1000F00F0F28008F1010889
:10546000DDE90223DDE90E010DF0A4FE02460B4644
:10547000DDE9040112F012FD434BCDE904010022E5
:10548000DDE902010DF096FE0C9B09F101094B4587
:10549000CDE90201C6D1BAF1000F1ED1B8F1000F5B
:1054A00000F015810A9B002B40F31181089BDA075D
:1054B00000F10D81A3192E221A7008EB0602224476
:1054C000302100BF03F8011F9A42FBD1079B4644DD
:1054D0006FEA08084344013607930D9B0D9900229B
:1054E000A019013B95420270B8BF6D42E254C1F170
:1054F000020EB8BF01224FF00A08002D40F0D780FD
:105500000EEB030CBCF1010F00F0D180002A03F177
:10551000FF3114BF2D222B2262540B9A023B1A2A10
:1055200004EB030134BF502270229E420A7001DA5C
:1055300012F086FC089B03F00303022B14D1079B97
:10554000A3F10208B8F1000F0EDD204612F034FB83
:1055500004EB0803B84280F2B68042463021E019DD
:1055600012F08CFB002309932046A9E6AFF30080DC
:10557000000000000000F03FAC7D0401B07D04019C
:10558000B47D0401B87D04010000B03F000020405C
:105590000000F07FCDE902890135DDE902231046E4
:1055A000194608F06DFC8046894602460B46DDE947
:1055B000040112F079F80028ECD0DFF82CB1DFF804
:1055C0002C914FF0000A4FF00008DDE90223DDE9DD
:1055D000040112F069F800283FF4AFAE52465B4672
:1055E000DDE902010DF0E6FD0022002312F0C6F80D
:1055F00078B142464B46DDE902010DF0DBFD424643
:10560000CDE902014B46DDE904010DF0D3FDCDE902
:105610000401DDE9020152465B460DF0CBFD013D80
:10562000CDE90201D1E79FED2E7B05468DED027B92
:10563000B3E70C9E8BE64FF000084FF00009D9E667
:10564000BAF1000F0BD1B9F1000F08D02E2304F8E6
:105650000B30079B013B013607934FF0010A04EB27
:105660000803A2193344302102E000BF02F8011BF5
:105670009A42FBD1079B06EB080BA3EB08080B9B98
:105680000928D4BF30305730192B06D840F02003FA
:10569000613B192B01D812F0A0FB08F1FF330BF18D
:1056A000010604F80B0007934FF00008D8E60799AD
:1056B000B5FBF8FC013B08FB1C5530350139E554BE
:1056C0000791654619E7225C1A54013842E7089BA6
:1056D000DB067FF502AF2E23A3550136FDE600BFA2
:1056E000000000000000F03F0000E03F00005043D9
:1056F0002DE9F0412B4C064682B04822204600217D
:1057000012F0BCFA337813F0010546D056F8010FB9
:1057100071686B4603C3DDE90023C4E90A2340F244
:10572000033340F20575204E6586A4F840306022B0
:105730001E491F481F4F204DDFF8908012F0E0F9FE
:105740000FCE3446386054F8080B7960BA60FB60BD
:1057500038610FCC0FC50FCC0FC594E80F0085E85A
:105760000F0006F138014046702212F0C9F943F2E9
:1057700070020021114812F081FA114B1149124AAE
:10578000596000244AF20A60072188F86B401880AB
:1057900099709A6002B0BDE8F08111F007FEC4E98B
:1057A0000A05BCE73831002040A20201E0A1020155
:1057B0000032002020310020903000202000002006
:1057C00080310020008810020070EF059031002029
:1057D0002DE9F041634D644C644E05F13C0CBCE88E
:1057E0000F00D6E90A67C4F821006148C4F82D30DB
:1057F000AB79C4F829202372AA6890F83F30A261DF
:10580000C4E9006790F836202377D5E91467AB8D9B
:105810006277E38395F82E20EB899CF800E0C4F8CA
:10582000251084F8202053492A7D6386B0F8423041
:1058300084F83420C4E9046784F831E0E38690F802
:10584000393084F83830D1E90223C4E91023D0E993
:105850001223494E90F85AC095F8597084F839C00F
:10586000C4E914230B8A027E91F826C084F83A70AA
:1058700084F83B20A4F84830028895F86970E97CE8
:10588000437C84F859C0A4F84C2084F84A7084F80A
:10589000581084F84E30B446043C06F1600200BF54
:1058A00054F8043F4CF8043B9445F9D1ACF1900C0A
:1058B000324A634652F8041B43F8041BB342F9D141
:1058C000D0F852202E4B816DCCF88821DFF8C8E04B
:1058D0002C4ACCF8B81003F1280000BF52F8041B82
:1058E00043F8041B8342F9D1274903F10802D0335E
:1058F00051F8040F42F8040B9A42F9D12349131DC1
:105900003C3200BF51F8040B43F8040B9342F9D129
:105910001F491A1D03F1F40751F8043F42F8043BF4
:10592000BA42F9D1DFF87480002600BF08EB060503
:105930000FCDBC190FC40FCD0FC495E80300283656
:10594000B6F50C7F84E80300F0D1124BD3E90013C5
:105950000222CCF8E814CCF8EC34AEF80020BDE814
:10596000F08100BF90310020C0300020383100208D
:10597000003200209030002060160120A83C00205A
:10598000C0160120A02B01209C01002050130020F4
:10599000541F002048440020B2080120A81A00200B
:1059A0002DE9F041684C694B264604F1600100BFC7
:1059B00053F8042F46F8042B8E42F9D13746644D34
:1059C00057F83F0DDFF8BCC17968BA68FB6897F8F3
:1059D00010E0B4F81E80A5F82C8005F13C070FC735
:1059E00087F800E094F808E0A76985F806E0D4E9B4
:1059F000040156E9182394F820E0564EAF60678EF4
:105A000085F82EE0EF8194F834E0277F85F814E0E4
:105A100086F83F70B4F836E094F83870A6F842E0A3
:105A2000C5E91401CCE90A2386F8397094F83A30B4
:105A300085F85930D4E91423C6E91223D4E9102398
:105A40004548464F94F83BE094F84AC0444994F8DE
:105A50004E8086F818E0C0E90223B4F84C2097F88D
:105A60004D3094F858E085F869C03280B4F848C0E9
:105A700094F8592086F83630A0F810C080F8262017
:105A800086F8118085F813E03B4601F1300000BF35
:105A900053F8042B41F8042B8142F9D1D7F8B820F0
:105AA000304BD7F88811B265DFF8DCC02E4AC6F853
:105AB000521003F1280000BF52F8041F43F8041BE2
:105AC0008342F9D1294B2A4A03F1C80052F8041F36
:105AD00043F8041B8342F9D1264B274A03F13800CF
:105AE00052F8041B43F8041B8342F9D1234903F500
:105AF0003D6203F54C6300BF51F8040F42F8040BFC
:105B00009A42F9D1DFF88480DFF884E0002600BFF4
:105B10000EEB06050FCD08EB06040FC40FCD0FC426
:105B200095E803002836B6F50C7F84E80300EFD132
:105B3000134BD7F8E824D7F8EC141A600222596006
:105B4000ACF80020BDE8F081C03000205C160120D8
:105B500090310020003200209030002030160120CB
:105B6000A83C0020A02B0120BC160120A001002091
:105B7000EC16012050130020BC170120F41701205F
:105B80004844002038310020B2080120A81A002023
:105B9000E818012010B5074C074B2146022231209E
:105BA0001A700BF0B9F921461E20BDE810400BF029
:105BB000B3B900BFB42C01202C0D01201E280DD13B
:105BC0000B88802B19D14B681B78022B15D9012328
:105BD0008B600A4B05221A70F6F766BA31280CD191
:105BE000064B1A7802F0FB02012A06D15A6822B14C
:105BF00003221A701A7A01321A7270472C0D012092
:105C000038B50379012B044614D1C068072300F886
:105C1000403FA36898470023A360E068D7F77CF86B
:105C2000214610480FF082FC21460F48BDE838405D
:105C30000FF052BC73B9C068DEF7C0F8054680B9F2
:105C4000E068072380F81F31A36800F58A70984741
:105C5000A560E5E740F253210448BDE8384011F063
:105C6000B3BC38BD300D0120380D0120E87B0401A4
:105C7000084B1A7802F0FD02012A10B503D0002269
:105C800058681A7400B910BD0468FFF7B9FF2046C0
:105C9000F8E700BF2C0D01200379012B04D1C06867
:105CA000074BC363D6F743BD2BB9C068054BC0F89B
:105CB0001031DDF72ABD40F28911034811F084BC90
:105CC000715E0301395D0301E87B04010379012B57
:105CD00010B504460FD1C068A36840309847002330
:105CE0002146A36011480FF021FC21461048BDE871
:105CF00010400FF0F1BB93B9C068A36800F58A703B
:105D00009847E368B3F85620062AE8D193F81F01B4
:105D10000D28E4D0E8F7A4FB0028E0D010BD40F245
:105D2000F3110448BDE8104011F04EBC300D0120C5
:105D3000380D0120E87B0401204A1178012938B58B
:105D400003D0C37A0BB1052B0FD15468A0F58A7527
:105D5000234614B903291CD025E0DC68A54216D0DF
:105D60001B681C46002BF8D1F2E7042925D0032933
:105D700004BF0023137212480423137008F072FF4B
:105D80000F4808F045FFBDE83840F6F78DB9032904
:105D90000FD1C17A31B9117A0139C9B2117209B979
:105DA000012111702BB940F2A111064811F00CFC31
:105DB00000231846BDE8384088E738BD2C0D012087
:105DC000C82C0120E87B040110B507480FF0A8FBA0
:105DD000044618B9C121054811F0F6FB21460448D4
:105DE0000FF07AFB204610BD380D0120E87B04013E
:105DF000300D0120022810B50C460CD0032811D11B
:105E0000FBF78EFD08220146204611F06BFEB0FA2A
:105E100080F0400910BD0C88CEF79CF8231A584238
:105E20005841F7E70020F5E710B50E4C0023237426
:105E30002378012B09D10C4931200BF033F80A49A2
:105E40001E20BDE810400BF02DB801230748237039
:105E500008F008FF6468002CEDD02046FFF71CFF17
:105E60002468F8E72C0D0120B42C0120C82C012057
:105E70001E4B1A78012A10B501D0017879B95C68F7
:105E8000A0F14001204614B9032A1CD023E0C468C5
:105E9000A14216D0006804460028F8D1F2E7042A8F
:105EA00022D0032A04BF00221A72114804221A7059
:105EB00008F0D8FE0E4808F0ABFEBDE81040F6F73B
:105EC000F3B8032A0DD11A7A013AD2B21A720AB97A
:105ED00001221A7028B907484FF4E37111F074FBDE
:105EE0000020BDE81040F1E610BD00BF2C0D0120E0
:105EF000C82C0120E87B040170B50B4C00236360C3
:105F0000E36004F1140608250C3431462046013DB7
:105F10000FF0E2FA15F0FF0506F11006F5D103487F
:105F2000BDE87040F6F7E2BB2C0D0120A07B040118
:105F300070B51B4C237803F0FD03012B05460DD0F3
:105F400000F11E01007FFFF755FF38B9237C1BB11C
:105F5000D4F89400FFF754FE01232374FFF734FFB5
:105F6000EB6BC0E90235012303712378012B064650
:105F700003D13046BDE870408EE605F11E01287F52
:105F8000FFF738FF0028F4D1C4F89460FEF7FAFF59
:105F9000044808F067FE0348BDE8704008F038BECA
:105FA0002C0D0120C82C012070B51D4C237803F066
:105FB000FD03012B05460ED000F15A0190F8580060
:105FC000FFF718FF38B9237C1BB1D4F89400FFF712
:105FD00017FE01232374FFF7F7FED5F81031C0E94F
:105FE0000235002303712378012B064603D1304686
:105FF000BDE8704050E605F15A0195F85800FFF7EA
:10600000F9FE0028F3D1C4F89460FEF7BBFF054801
:1060100008F028FE0348BDE8704008F0F9BD00BF55
:106020002C0D0120C82C0120014B1878704700BFAF
:106030002C0D0120704710B50E4B93F8CC20104367
:1060400083F8CC0093F8C83093B90B4C23885B07D6
:106050000ED403F0E1FE238843F00403238003F011
:10606000EBFE064B06481B68BDE810401B6918474D
:1060700010BD00BFC04800205E1301205038002032
:1060800054380020014610B50D480FF025FA0D4B8D
:1060900093F8C83093B90C4C23885B070ED403F0F7
:1060A000BBFE238843F00403238003F0C5FE074BA7
:1060B00007481B68BDE810401B69184710BD00BFAA
:1060C000DC480020C04800205E130120503800202A
:1060D0005438002010B50379013B0F2B0CD8DFE8B2
:1060E00003F03946464608332B2E0B4636393C46DC
:1060F0004951836908309847254C2648002384F885
:10610000C83008F0AFFDE3691BB994F8CC30002B20
:106110002CD0214C23885B0728D403F07DFE2388F4
:1061200043F00403238003F087FE1C4B1C481B68CC
:10613000BDE810401B691847C3692030DBE7C3691D
:10614000BDE810402030184703691430D3E7436995
:106150001830D0E783691C30CDE790F82A400369F6
:1061600004F004041A309847002CC5D010BDC36851
:106170001030C0E7064A92F8CC3023F0010382F8D1
:10618000CC30B9E7024A92F8CC3023F00203F6E7AC
:10619000C0480020382C01205E1301205038002018
:1061A000543800202DE9F041504C94F8C83013B118
:1061B000032B40F0988094F8CC6096B1F00709D595
:1061C0000F2384F8C83008F0D9F8F121BDE8F04178
:1061D00008F0FCBF102384F8C830BDE8F0410EF091
:1061E0002BBA434F3B7D002B7DD0E569002D7AD043
:1061F00040480FF095F92B7984F8C830384608F0FC
:1062000031FD2B79052B2BD1297F687FD5F81480A0
:10621000F6F740FF42F234130122B8F1000F11D11A
:106220003348BB6008F0F4FC65602B79013B0D2B13
:106230001DD8DFE803F018373A3A3D4943461C4081
:106240004C4F525528FA06F1C90748BF02FA06F129
:1062500006F1010644BF1B1828EA0108F6B2DCE784
:1062600042F23413DCE70EF0B9FB00283BD10023E7
:1062700084F8C8301E4808F0F5FCE3699BB31E4C57
:1062800023885B072FD403F0C7FD238843F0040362
:10629000238003F0D1FD194B19481B68BDE8F0417C
:1062A0001B6918470EF080FBDFE70FF017FBDCE7F8
:1062B000F6F705FFD9E711F0FDF8D6E702F080FC0C
:1062C000D3E702F0AFFCD0E707F0E8FFCDE70CF032
:1062D0007DFECAE703F002FBC7E70CF067F9C4E7ED
:1062E00011F0EAFAC1E7BDE8F08100BFC048002024
:1062F000382C0120DC4800205E130120503800209B
:106300005438002010B5044C00232375FFF74AFFD2
:106310000123237510BD00BF382C01200723037112
:10632000B0E608230371ADE60B230371AAE602234E
:106330000371A7E6037A70B5054653B3184C1949A3
:106340000323037184F8C8300023E36184F8CC3060
:1063500025200AF0A7FD294604F11C000FF0BCF827
:1063600000F0F9FC04F108000F4C08F07BFC2388D6
:106370005B0713D403F050FD238843F0040323800C
:1063800003F05AFD094B0A481B68BDE870401B69C1
:10639000184704230371BDE8704073E670BD00BF69
:1063A000C0480020502C01205E13012050380020EE
:1063B000543800200A23037164E60523037161E663
:1063C000012303715EE6062303715BE60C23037170
:1063D00058E60D23037155E60E23037152E6044B74
:1063E00093F8C830032B01D0D0F7E4BE704700BF4C
:1063F000C0480020034B93F8C830032B01D0D3F7DB
:10640000C3BB7047C0480020034B93F8C830032B30
:1064100001D0D0F7FDB87047C0480020034B93F877
:10642000C830032B01D0D2F70BBC7047C048002006
:10643000034B93F8C830032B01D0D1F73BBA704718
:10644000C0480020034B93F8C830032B01D0D2F78B
:10645000B7BB7047C04800200120ECE50220EAE508
:10646000044B93F8C82022B9112283F8C82003F006
:10647000A1BA7047C048002008B5064B93F8CC304D
:106480002BB908F043F880F00100C0B208BD01202C
:10649000FCE700BFC048002010B50C46FFF7ECFF3A
:1064A000237880F001001840207010BD054B1B6858
:1064B00033B10548012100220180C0E901221847BB
:1064C000704700BF0038002038150120054B1B68BD
:1064D00033B1054801220021C0E90121028018479B
:1064E000704700BF003800203815012010B5094B57
:1064F00082B01B68ADF806004BB1074802240DF1CD
:10650000060140F20122C0E901410280984702B031
:1065100010BD00BF0038002038150120074B1B6854
:1065200053B10748012210B4002103240280C0E9BE
:1065300001415DF8044B1847704700BF0038002048
:1065400038150120074B1B6853B10748012210B4CE
:10655000002104240280C0E901415DF8044B184782
:10656000704700BF0038002038150120074B1B681A
:1065700053B10748012210B4002105240280C0E96C
:1065800001415DF8044B1847704700BF00380020F8
:106590003815012010B5094B82B01B68ADF8040016
:1065A000ADF8061043B10648062401A940F20142A5
:1065B000C0E901410280984702B010BD00380020B8
:1065C0003815012010B5094B82B01B688DF8070003
:1065D0004BB1074807240DEB040140F20112C0E95A
:1065E00001410280984702B010BD00BF0038002072
:1065F0003815012010B5094B82B01B688DF80700D3
:106600004BB1074808240DF1070140F20112C0E91F
:1066100001410280984702B010BD00BF0038002041
:106620003815012010B5094B82B01B688DF80700A2
:106630004BB1074809240DF1070140F20112C0E9EE
:1066400001410280984702B010BD00BF0038002011
:106650003815012010B5094B82B01B688DF8070072
:106660004BB107480A240DF1070140F20112C0E9BD
:1066700001410280984702B010BD00BF00380020E1
:1066800038150120074B1B6853B10748012210B48D
:1066900000210B240280C0E901415DF8044B18473A
:1066A000704700BF0038002038150120074B1B68D9
:1066B00053B10748012210B400210F240280C0E921
:1066C00001415DF8044B1847704700BF00380020B7
:1066D00038150120074B1B6853B10748012210B43D
:1066E000002110240280C0E901415DF8044B1847E5
:1066F000704700BF0038002038150120074B1B6889
:1067000053B10748012210B4002111240280C0E9CE
:1067100001415DF8044B1847704700BF0038002066
:1067200038150120074B1B6853B10748012210B4EC
:10673000002112240280C0E901415DF8044B184792
:10674000704700BF0038002038150120074B1B6838
:1067500053B10748012210B4002113240280C0E97C
:1067600001415DF8044B1847704700BF0038002016
:1067700038150120074B1B6853B10748012210B49C
:10678000002114240280C0E901415DF8044B184740
:10679000704700BF0038002038150120074B1B68E8
:1067A00053B10748012210B400210C240280C0E933
:1067B00001415DF8044B1847704700BF00380020C6
:1067C00038150120074B1B6853B10748012210B44C
:1067D00000210D240280C0E901415DF8044B1847F7
:1067E000704700BF0038002038150120074B1B6898
:1067F00053B10748012210B400210E240280C0E9E1
:1068000001415DF8044B1847704700BF0038002075
:1068100038150120074B1B6853B10748012210B4FB
:10682000002115240280C0E901415DF8044B18479E
:10683000704700BF0038002038150120FAF77EBBF2
:1068400005F018B910B504460BF076F8207010BDAD
:1068500010B504460BF062F8207010BD4168007856
:106860000BF00CB810B5044600780BF041F86060EE
:1068700010BD00BF00780BF04BB800BF00780BF0E4
:1068800041B800BF00780FF049BE00BF0246D2E910
:106890000223D0E900010EF00DBC00BF00780BF020
:1068A00057B800BF0148FAF754BD00BFB42A012011
:1068B00000780BF053B800BF00780BF055B800BF5C
:1068C0000078FAF707BD00BFF7F712B80078F6F7BF
:1068D000E9BF00BF0FF00EBE094B1A687AB110B5C0
:1068E00082B0034607480093162440F60103019145
:1068F0004460C0F808D00380904702B010BD7047D4
:10690000003800203815012038B503F0FB04022CB4
:1069100005460846114602D0032C0FD108245B0718
:106920005FBF0B882B800234E4B254BF02230023E4
:106930002246194411F0E4F8204638BD0024FBE754
:1069400010B5C3F3800403F0FB03022B04D0032B28
:106950000DD00023184610BD128820F8022D002CFF
:10696000F8D10A8820F8022C0233DBB2F2E7136870
:1069700040F8083D536843600823F0E7F8B5B1F8E4
:106980000130A0F80130CB78C3704378C3F3020321
:10699000DAB2012A04460D463CD05BB21BB1032A91
:1069A0003AD00020F8BD01230370A37803F0C002A1
:1069B000402AF6D003F00C02042AF2D0C3F381037C
:1069C0002A1D04F10801201DFFF79EFF6278A378BD
:1069D0000430C6B250064FEA931342BFA288228207
:1069E00043F00403AA1904F1180104F11000FFF7A1
:1069F0008BFF23783044C0B2002B62D12A5C431C49
:106A0000013ADBB2072ACCD8DFE802F008202C34A8
:106A100037393B3D0223C7E70023C5E70422227034
:106A2000EA5C84F820202A789A42BAD92A440120C4
:106A3000537884F855302B782B449B7884F8563063
:106A40002B781D44EB7884F85730ABE70522227091
:106A5000EB5A2384031D0330C0B2DBB22A5C84F8F6
:106A60002220E0E706222270EB5C84F8203002301E
:106A7000C3B2D8E707222270D5E70822FBE7092234
:106A8000F9E70A22F7E70B222270EB5A2384C31C92
:106A9000DBB2A278EB5A6384431DDBB202F0300212
:106AA000EB5C84F82430831DDBB2102AEB5AE384BC
:106AB00000F10803DBB2B6D1EB5C84F82830093072
:106AC000D6E7012B3ED12B5AA4F82130831CDBB230
:106AD000EA5C84F82320C31C5107DBB212D00430D7
:106AE000D2B2EB5C84F82430C0B2C2F30202D7B257
:106AF00004F12806014600239F422CD802EB4202F3
:106B00000244D3B2EA5C84F84420581CC0B212F0AC
:106B100007031FBF2B18A364D3B2C3F302031ABF2A
:106B200000EB4300C0B2A36412F070021DBF2B182B
:106B3000E36494F84430E2641EBFC3F3021300EB35
:106B4000C300C0B22B78013B1B1A84F854302B18B9
:106B50002365034667E705EB010C0133033146F873
:106B600004CBC9B2DBB2C7E70378013B70B504467A
:106B70000A2B0FD8DFE803F006060E0909090909F8
:106B80000909090090F8542022B9564A22650022CA
:106B900084F85420256D0A2B00F2A280DFE803F070
:106BA00006A0A057606C73787B7E810094F8233038
:106BB0005B0747D12B4694F8232003F8012CB4F847
:106BC000212023F8032CDE1E637813F0400FA378F6
:106BD0004FEA931318BF43F0040304F1100104F1CA
:106BE00018023046FFF7ACFEA378361A04F108020B
:106BF000C3F38103211D3046FFF7A2FE301AE3786C
:106C000000F8013C0346B4F8012023F8032DED1AE7
:106C100094F85430023353FA85F500F8045D70BDE2
:106C200016F8231002F8031D013394F82310D8B28C
:106C300001F007018142F3D894F8241002F8011CF6
:106C4000531EB8E72A46002304F12806EDE794F81E
:106C5000203005F8013CAE1E012305F8023CB3E7E5
:106C600094F8223005F8013C238C25F8033C0223DC
:106C70002E1F05F8043CA7E794F8203005F8013CE6
:106C8000AE1E0323E9E76E1E042305F8013C9BE7D3
:106C90006E1E0523F9E76E1E0623F6E76E1E072318
:106CA000F3E7A37803F03003102B03BF94F82820F8
:106CB00005F8012C05F1FF332B46E28C23F8022C5A
:106CC00094F8242003F8032C628C23F8052C228CE2
:106CD00023F8072C0822A3F1080603F8082C73E711
:106CE0002E4671E7FA49002038B5094B094D0922B3
:106CF0001A70FA242B7803F01F03092B06D03220D8
:106D0000013C0EF093FB14F0FF04F3D138BD00BF3B
:106D100002000141010001410022027134E101231E
:106D2000037131E1022303712EE1032303712BE18F
:106D3000042202710022C2600222427224E1042372
:106D4000037121E1052303711EE1062303711BE199
:106D50000723037118E137B50A4D00246C600FF06A
:106D6000AFF803F059F80DF1070010F049FCA0420C
:106D70000CBF022323462B72034B1C8003F05CF8EC
:106D800003B030BD8C150120D815012073B55C4CC3
:106D900003F042F800250DF10600257010F030FCDC
:106DA00028B3237A022B574B08BF25721B781BB9D7
:106DB00003F042F802B070BD2378002BF8D1524D99
:106DC0002B88D8070CD403F027F82B8843F0010355
:106DD0002B8003F031F84D4B4D481B681B699847D9
:106DE00003F01AF80123237003F026F8E0E79DF87A
:106DF0000630484D012606FA03F22B8823EA0203E7
:106E00002B8003F019F89DF8060026720B2835D167
:106E1000414B66681A8816BB0DF1070010F0F0FBB5
:106E2000002843D12378002BC4D1374D2B88DB07B2
:106E30000CD402F0F1FF2B8843F001032B8002F009
:106E4000FBFF324B32481B681B69984702F0E4FF96
:106E50000123237002F0F0FFACE73668DBE73379FB
:106E600022FA03F3D907F8D531462C480EF05EFB21
:106E70000DF10601304600F095F801E000F0C2F88F
:106E80000028C9D0012805D0254B93F81231CBB189
:106E9000032820D102F0C0FF9DF806200123934073
:106EA0002A8813432B8002F0C7FF83E71D4B1B7812
:106EB000002B7FF47FAF636813B100F035F879E7FA
:106EC000237277E702287FF475AF9DF80630022B16
:106ED0007FF470AFA6E70228F7D004287FF46AAFEA
:106EE00002F09AFF9DF80620012393402A8813435D
:106EF0002B8002F0A1FF2378002B7FF45BAF94E797
:106F00008C150120001501205E130120503800204F
:106F100054380020D8150120622D01209015012041
:106F2000C048002086FB002038B502F075FF114AEA
:106F3000114D138843F4006313802A78B2B90F4CC3
:106F40002388DB070CD402F067FF238843F001039A
:106F5000238002F071FF0A4B0A481B681B6998479F
:106F600002F05AFF01232B7002F066FFBDE83840A3
:106F700002F062BFD81501208C1501205E1301209C
:106F8000503800205438002010B5054C0146201D13
:106F90000EF0A2FA237A13B9BDE81040C4E710BD81
:106FA0008C15012010B503790C46072B28D8DFE893
:106FB00003F004090E13181D222200F033FC0223F3
:106FC000237010BD0DF06EFF05232370F9E704F068
:106FD00081FD06232370F4E70EF0AEFD0723237036
:106FE000EFE70FF099FC09232370EAE70FF024FE86
:106FF0000A232370E5E70FF065F80C232370E0E720
:107000000020DEE70C281BD8DFE800F007090C0B96
:107010001A0E10121A14161A18000AF0F7BE0AF007
:10702000FEBE0FE000F02EBC0DF05EBF04F0ACBD64
:107030000EF098BD0FF088BC0FF016BE0FF062B8CE
:107040000020704708B5054B1B7823B9044B5B68DB
:107050000BB1FFF769FF002008BD00BF86FB0020D1
:107060008C150120154810B550F8044F0EF058FA51
:107070002379072B09D8DFE803F0040B0E1611164D
:107080001B1B636E04F168009847BDE81040D9E708
:10709000E3689847F9E7A3699847F6E7636904F15D
:1070A0000C009847F1E7A36804F10C009847ECE75F
:1070B000E36804F110009847E7E700BF8C15012052
:1070C0000CF0E8BE2DE9F04F06894589AE42044632
:1070D00087B0008800F0928002AD2946F9F70AFADD
:1070E00020B19DF81430DB0740F19E802388A3F582
:1070F0008043013B072B7DD8DFE813F00800FB003D
:107100001B017C00A800D500DF009B006468631EA3
:1071100004F15F0102E08B4200F0278113F8012F98
:10712000FF2AF8D0D4E900239149D4F818B0914D42
:10713000914EDFF84CC2C1E90A23D4E90423217A35
:10714000A971C5E914232746237F86F83F3057F8F5
:10715000210F94F81D907968BA68FB6897F810E0E1
:1071600094F81EA094F81F8086F8369005F13C072D
:1071700094F82090C5F808B00FC7628E94F83430A8
:10718000EA8187F800E085F82CA085F82D8085F845
:107190002E902B75E38E94F8390094F83A1094F8F9
:1071A000382086F85A0085F85910A6F8423094F82D
:1071B0004A3094F83BE0B4F8487086F83920D4E9B6
:1071C000100185F86930D4E91423CCE90201B4F840
:1071D0004C0094F84E1086F818E0C6E9122394F893
:1071E000592094F85830ACF81070308071748CF8D5
:1071F0002620EB74012007B0BDE8F08FA0F5804099
:1072000001380628F6D801A353F820F00D710301C8
:10721000F772030137730301F57103014B72030128
:10722000A7720301BF720301E721544810F0CCF9A3
:107230005CE7228963899A42DCD000F2868044F2BE
:107240000800F9F709F90120D5E702AD0DF10601B3
:1072500040F22110646806F0C9F90DF107014FF4FE
:10726000817006F0C3F940F21B20294606F0A4F90C
:107270009DF806000028BDD001389DF80710029A3D
:10728000C0B201302346C0EBC0000C0103EB80000C
:1072900011191D780DB1C3E905211C338342224425
:1072A0002144F6D1A6E7636819884FF6FF72914230
:1072B000A0D100221A8001209DE726896589AE426F
:1072C00098D097D96368721B2B4492B2184600215C
:1072D00010F0D4FCA8222D1A80F820202830431961
:1072E0009BB29E42F8D844F20700F9F7B5F80120A6
:1072F00081E726896589AE423FF47CAF7FF67AAF9D
:107300006368721B2B4492B21846002110F0B6FC41
:1073100028302D1A062200BF00F8282C28302B1800
:107320009BB29E42F8D844F20200F9F795F801208A
:1073300061E726896589AE423FF45CAF0DD844F21F
:107340000300F9F789F8012055E76068D21A18445C
:1073500092B2002110F092FC71E76068721B284421
:1073600092B2002110F08AFCE9E7002043E700BF59
:10737000383100209031002000320020407C040190
:10738000903000202DE9F041314D324C324E05F164
:107390003C0CBCE80F00D6E90A67C4F821002F486E
:1073A000C4F82D30AB79C4F829202372AA6890F86C
:1073B0003F30A261C4E9006790F836202377D5E911
:1073C0001467AB8D6277E38395F82E20EB899CF8E8
:1073D00000E0C4F8251084F8202021492A7D638626
:1073E000B0F8423084F831E0C4E9046784F834200E
:1073F000E38690F8393084F83830D1E90223C4E9C3
:107400001023D0E9122390F85A60B1F810C091F817
:10741000267095F8598090F818E084F83960C4E92E
:10742000142395F86960E97C0288437C84F83A80EB
:1074300084F83BE0A4F848C084F8597084F84A60A6
:1074400084F85810A4F84C2084F84E30BDE8F08140
:107450009031002088330020383100200032002095
:10746000903000202DE9F04383B006460F46904649
:107470009946BDF82850E5F75BFBE0B104464B4662
:1074800003220021E5F794F8A06C4FF0000E4FF0B6
:10749000040C058080F802E0434604F11C003A46E3
:1074A0003146CDF800C0E5F793F8204603B0BDE8BB
:1074B000F0430AF0B1B803B0BDE8F0832DE9F04322
:1074C00083B006460F4690469946BDF82850E5F72A
:1074D0002FFBC0B104464B4602220121E5F768F8B4
:1074E000A06C4FF0040C0580434604F11C003A46A2
:1074F0003146CDF800C0E5F76BF8204603B0BDE893
:10750000F0430AF089B803B0BDE8F0832DE9F047F5
:1075100082B006460F46904699469DF82840DDF811
:107520002CA0E5F705FB60B3D0F848C005468CF801
:10753000004024B3AAF10203002200BF0CEB420179
:1075400033F8020FA1F801000132D1B28C42F5D814
:1075500062000132D2B24B4628460221E5F728F8F4
:1075600004200090434605F11C003A463146E5F7F9
:107570002FF8284602B0BDE8F0470AF04DB80122C6
:10758000E9E702B0BDE8F0872DE9F04383B0064695
:107590000F4690469946BDF82850E5F7C9FAC0B1A4
:1075A00004464B4602220321E5F702F8A06C4FF097
:1075B000040C0580434604F11C003A463146CDF8E0
:1075C00000C0E5F705F8204603B0BDE8F0430AF037
:1075D00023B803B0BDE8F0832DE9F04182B0054641
:1075E0000E4617469846E5F7A3FAA0B14346002297
:1075F00004210446E4F7DCFF042000903B4604F13C
:107600001C0032462946E4F7E3FF204602B0BDE8FD
:10761000F0410AF001B802B0BDE8F0812DE9F04375
:1076200083B006460F4690469946BDF82850E5F7C8
:107630007FFAE0B104464B4603220521E4F7B8FF88
:10764000A06C4FF0000E4FF0040C058080F802E0B3
:10765000434604F11C003A463146CDF800C0E4F739
:10766000B7FF204603B0BDE8F04309F0D5BF03B033
:10767000BDE8F08310B50146044605480DF074FFDF
:1076800000B110BD21460248BDE810400DF024BFF6
:10769000F01501200270A0F8011070472DE9F041AB
:1076A000044688461746CCF769FE002520706570B1
:1076B00098F8000000B32B4608EB43063946B6F8AD
:1076C0000100CCF737FE0135EBB238B16278511CBE
:1076D000617004EB4202B6F80110518098F8002066
:1076E0009A42E9D86378C3EBC3104000C0F10200AE
:1076F000C0B2BDE8F08100BFCCF750FE0028F1D049
:107700000378F22BF8D063785A1C627004EB4303C1
:1077100042885A80CCF742FE0028F1D1E2E700BF50
:107720000270A0F8011070474B1E70B59BB24FF667
:10773000F676B3420C46054604D987230370A5F8B4
:10774000014070BD11462046CCF7F4FD20B1002366
:107750002B70A5F8014070BD8B232B70A5F801405C
:1077600070BD00BF38B5431E9BB24FF6F675AB42F5
:107770000ED80D460446CCF7DDFD08B1002038BD1B
:1077800029462046CCF760FD0028F7D1892038BD76
:10779000872038BD38B5431E9BB24FF6F675AB4215
:1077A0000CD804461546CCF773FD08B98B2038BDBC
:1077B000294620460CF0A4F9002038BD872038BDAA
:1077C00070B506460D46002402E060880CF098F97A
:1077D0002046CCF7E3FD294604460028F5D1304683
:1077E000BDE87040CCF77EBD08B901207047CCF7EA
:1077F000A1BD00BF38B5094B094D09221A70FA2402
:107800002B7803F01F03092B06D03220013C0DF02A
:107810000DFE14F0FF04F3D138BD00BF020001419A
:107820000100014138B5044690F860000F4D0DF09D
:10783000FBFB0F4B85F808011C600E4B5A7F0E4B6B
:107840001A7010F0C5F90D4B188095F80A310C4DDF
:10785000192B04D1204600F03BF9287038BD0123D4
:1078600020466B7000F080F8F7E700BFC0480020AA
:10787000DC15012038310020D83C0020DA3C002003
:1078800085FB002073B5324B324E1C687378012B98
:1078900035460DD1304B93F80A31192B204604D1CF
:1078A00000F016F930B1287042E000F05DF8F9E719
:1078B000022B37D000238DF80530ADF8063009F0E3
:1078C000EFFD09F0C5FD244B93F80531013BDBB218
:1078D000062B2FD90323204600F8683F636E984794
:1078E0001E4B1F4A5B7F12780DF106019B1A3D204B
:1078F000ADF8063009F042FB94F86830032B0FD046
:1079000073B1218A4FF6F772914216D8012202FA1A
:1079100003F30DF1050151208DF8053009F02EFB20
:107920000020C0E704F16800636E984700203070C3
:1079300002B070BD0B4AD35CCDE7012BF0D10DF145
:10794000050155208DF8053009F018FBE8E700BF68
:10795000DC15012085FB0020C048002038310020C4
:10796000D83C0020B37E040110B50446192004F071
:107970000BFA18B92046BDE81040A9E010BD70B55B
:10798000244B254C1D680DF0A5FDA3780A2B33D898
:10799000192004F0F9F980B9022305F10800637099
:1079A000FFF7E2F8044695F860000DF03DFB014654
:1079B0002046BDE870400AF0F7BC012818BF03223A
:1079C000164B1EBF2270012262701A8808BF2070F9
:1079D00042F0040208BF60701A80114B1A88D20767
:1079E00017D41A880F4842F001021A800E4B1B6808
:1079F000BDE870405B6918470023A3706B6E43B10C
:107A0000064A012385F86830138843F00403138085
:107A1000E3E770BDDC15012085FB0020D8150120AF
:107A20005E130120543800205038002070B510F04B
:107A3000CFF81F4A1F4B18801378013B13700DF0CD
:107A400049FD192004F0A0F91B4B90B91B4A14689A
:107A5000022204F108005A70FFF786F8054694F8F0
:107A600060000DF0E1FA01462846BDE870400AF0DA
:107A70009BBC012818BF0321114A19BF19700121AD
:107A80001870587018BF5970138843F0040313809E
:107A90000C4B1A88D2070AD41A880B4842F001020C
:107AA0001A800A4B1B68BDE870405B69184770BDBF
:107AB000D83C0020DA3C002085FB0020DC150120AA
:107AC000D81501205E1301205438002050380020C2
:107AD00037B5044690F869000023C01A18BF01208A
:107AE0008DF806308DF8073000F032F8134B022283
:107AF00004F108005A70FFF737F8054694F8600063
:107B00000DF092FA014628460AF04EFC228A4FF602
:107B1000F7739A4205464FF0010395BF502053205A
:107B20000DF106010DF1070194BF8DF806308DF8B7
:107B3000073009F023FA284603B030BD85FB00204A
:107B4000024B00221A705A70704700BF85FB00205C
:107B50001FB50B4A137883420ED0002883F001032F
:107B600014BF00210721137068464E238DF80030A2
:107B70008DF80810E8F7A0FF05B05DF804FB00BF22
:107B80006F2E01200A4B93F8260030B193F85E2047
:107B900052B193F896204AB90220382202FB0030F5
:107BA000012380F8263070470120F6E70020704757
:107BB000100B012070B5074D0646042455F8043912
:107BC0001BB11B680BB13046984714B1013CE4B2BD
:107BD000F4E770BDC80B0120837A10B504461BB9C9
:107BE000BA2103480FF0F0FC0023A37210BD00BFC0
:107BF0008C7E0401C36810B5044613B19847002376
:107C0000E3602046BDE81040E6E7036910B504468E
:107C100013B19847002323612046BDE81040DBE7FD
:107C2000436A10B5044613B1984700236362A37DED
:107C30001BB9C72102480FF0C7FC0023A37510BD74
:107C40008C7E040110B5044600F10901032005F003
:107C5000F9FC63691BB12046984700236361204605
:107C6000BDE81040B8E738B5057804463DB943682B
:107C70000BB1984765602046BDE83840ACE71C383A
:107C8000BDE83840FEF79CBB38B50546FFF77AFFE4
:107C9000044620B94FF4027107480FF095FCAB6918
:107CA00063630023A360054BE3602046FEF782FB7D
:107CB0002846BDE838408FE78C7E0401217C030113
:107CC00008B5E9F7BDFA0248BDE80840F2F774BA12
:107CD000B57B0301F8B50A4E0A4F0546042400BFE0
:107CE00006EB8403D3F8A82012B9C3F8A850F8BD56
:107CF0001CB9F92138460FF067FC013CE4B2EFE70C
:107D0000100B01208C7E040107B504200DF1070142
:107D100005F06CFC9DF90700F7F7D0FE03B05DF8A5
:107D200004FB70B586B00D460646F7F7E1FF1E4C22
:107D30008DF807000DF10701042005F083FC94F88D
:107D4000BF30ABB9FFF71EFF044620B94FF48C716A
:107D500016480FF039FC022323729DF80730237474
:107D6000134B2562A3612046FEF72AFB06B070BDC7
:107D7000E9F767FA94F8BC308DF8103002A80023B8
:107D80008DF80830E8F798FE3046E9F777FB05B143
:107D9000A84794F8BE1094F8BC00003118BF012128
:107DA000E9F751FAE2E700BF100B01208C7E0401D5
:107DB000677C030130B5114B85B0012204460D46A6
:107DC00083F8BE1083F8BF2083F8BC00E9F739FAC6
:107DD000002368468DF800308DF80840E8F76CFE07
:107DE000074A1388291C23F0390318BF01212046B4
:107DF0001380E9F728FA05B030BD00BF100B012051
:107E0000DE29012073B505460E4603200DF103015E
:107E100005F0ECFB9DF80330AB420CD100238DF84C
:107E2000043026B940F283110D480FF0CDFB01A8B4
:107E3000B04702B070BDFFF7A5FE044620B94FF46D
:107E4000C57107480FF0C0FB00232372054B266362
:107E500084F825502574A3612046FEF7B1FAE8E7BF
:107E60008C7E0401457C030170B505460E46FFF784
:107E700089FE044620B94FF4CF7107480FF0A4FBE8
:107E800003232372054BA6622574A3612046BDE837
:107E90007040FEF795BA00BF8C7E0401F57B0301AC
:107EA00070B505460E46FFF76DFE044620B940F258
:107EB000C11107480FF088FB84232372054BE6624B
:107EC0002574A3612046BDE87040FEF779BA00BF73
:107ED0008C7E04010B7C030138B50546FFF752FE8A
:107EE000044620B940F2F51107480FF06DFB52230C
:107EF000237200232374054B6563A3612046BDE80C
:107F00003840FEF75DBA00BF8C7E0401897C030116
:107F1000D378022B35D8F0B514460E4603EB430256
:107F2000194903EB82020A4405462088B2F803701F
:107F300081B28F428DB014D108940CAB13E90F00BD
:107F40008DE80F0045F20124ADF8104006958DF83C
:107F50001C6004AC94E80F00F6F798FB00200DB00D
:107F6000F0BDA2F80300C9B20848019100930121B5
:107F70002A7BCDE90210142369882878F0F7C0FF26
:107F8000DAE70220704700BFB8350020406D0401D9
:107F90002DE9F0470646032482B0184634704FF0AE
:107FA000FF3A90460F46CDE900AACDF737FAD0E95F
:107FB000002313433FD154465546DFF8A0900023D9
:107FC000CC464FF0FF0E00BF9CF800A003EB43022D
:107FD00003EB8202BAF1FF0F4A44D9B226D0D2F89D
:107FE0000910D2F80500A94208BFA04231D00133E0
:107FF000032B0CF10D0CE7D1BEF1FF0F23D00EEBDC
:108000004E030EEB830309EB030209F803E00023A0
:10801000B8F80010A2F80110C2F80540C2F80950E3
:1080200087F800E0337002B0BDE8F087BEF1FF0FC3
:1080300008BF8E46DBE70146006849686B4603C30C
:10804000DDE90045B9E787F800E0337002B0BDE82C
:10805000F0870023337087F800A0E4E7B8350020EC
:10806000F0B58DB004460F461646E4F761FD48B3FF
:108070000546142302220021E4F79AFAA86C6388CB
:10808000411C3246FFF784FF2146002205F11C0007
:10809000E4F75CFD284609F0BFFA08960CAB13E93B
:1080A0000F008DE80F0045F2013506948DF81C7025
:1080B000ADF8105004AC94E80F00F6F7E7FA002092
:1080C0000DB0F0BD89200DB0F0BD00BFF8B5134E66
:1080D00001224FF4A0611420EDF77BF9002435460E
:1080E000FF234FF6FF7700BF04EB440104EB81014F
:1080F00031440134032C05F80D3BC1F801704B717C
:108100008B71CB710B724B728B72CB720B73EBD189
:10811000034A044B826102229A80F8BDB8350020E0
:1081200051160401A02E01202DE9F04182B0054630
:108130000E4617469846E4F7FBFCA8B143460022DA
:1081400001210446E4F734FA4FF4A06000903B4666
:1081500004F11C0032462946E4F73AFA204602B000
:10816000BDE8F04109F058BA02B0BDE8F08100BFA7
:108170002DE9F04784B006460F4690469A469DF892
:1081800030409DF83490E4F7D3FC08B30546002C4A
:108190004FF0020208BF0524534611468DF80C40EB
:1081A0008DF80D90E4F704FAAB6CBDF80C201A8042
:1081B0004FF4A0600090434605F11C003A4631465A
:1081C000E4F706FA284604B0BDE8F04709F024BAFF
:1081D00004B0BDE8F08700BF30B583B0114B019308
:1081E0000546E4F7A5FCD0B10446EB68836402229F
:1081F00014230021E4F7DCF9A06C6B68411C5B8858
:1082000001AAFFF7C5FE6968002204F11C00E4F72B
:108210009DFC204609F000FA002003B030BD892003
:1082200003B030BD0D00141010B50446074805F02A
:108230001BF9217821B92046BDE81040FFF7CCBFDB
:108240000348BDE8104005F00FB900BF486D0401B8
:10825000746D040170B586B09DF828409CB1012C66
:108260000FD10C4C039305940826102513462724A0
:108270004FF4A06200920496CDE901451A22E4F77A
:1082800077FA06B070BD05940393082610252724BD
:108290001346EDE729820301244A38B5537943F0A8
:1082A000800304465371136913F00403FBD1E00605
:1082B000918A917A16D5517AC90613D510201B4997
:1082C000907293820B69DA06FCD41949194A0B683B
:1082D000194D01330B60138843F0010313802B8881
:1082E0009B0719D5A40613D5104B5A7A900610D5C2
:1082F0000E4B5A7A92060BD5202200219A721A460A
:10830000D98313691906FCD4BDE8384008F0FEBFD4
:1083100038BD20229A72EBE7084A2B881268084879
:10832000526943F002032B809047DBE700140040C2
:1083300080150120761201205E13012050380020A4
:108340005438002010B50C4606F020FC2368012BA1
:1083500005D9834202D9012801D9206010BD00232C
:10836000236010BD084A537943F0800353711369A9
:108370005B07FCD4928A054BFA2000FB02F0A3FBBA
:1083800000308009704700BF00140040D34D6210D8
:10839000104A536810B51844506001F03DFD0E4A74
:1083A0000E4C138843F00103138001F045FD238830
:1083B0009B0700D510BD01F02FFD238843F0020379
:1083C000238001F039FD064B06481B68BDE81040CC
:1083D0001B69184780150120761201205E130120C9
:1083E000503800205438002070B50A4D01F014FDBB
:1083F0002C6800262E6004EB840401F01DFD6A68E1
:108400006300D31828BF01266B6016B12B7A0133A5
:108410002B7270BD80150120264A002310B5136011
:1084200013691B07FCD40123224813600369DC078E
:10843000FCD44FF48A631F4903600B691807FCD40E
:1084400005231C4A0B71136913F00403FBD119496E
:1084500093820B69DA06FCD449F64043154A8B83B4
:1084600013695B06FCD4144B4FF40031C3F8801041
:10847000BFF34F8FBFF36F8FE0241020C3F880113C
:1084800083F811435072196011680A4B41F00201E0
:1084900011601C6914F00204FBD1202207499A7272
:1084A0002E2008F0FFFC21460548BDE810400BF0E7
:1084B000BFB900BF0014004000E100E0642D0120BE
:1084C00099820301144A537943F0800330B4537105
:1084D00013695907FCD4958A1048114C4168FA2356
:1084E00003FB05F3A4FB03430E4C01EB93434FF452
:1084F00000314360C4F88010BFF34F8FBFF36F8F1C
:10850000102313721368044923F0020313600B69EC
:108510009B07FCD430BC704700140040801501203C
:1085200083DE1B4300E100E008B5FFF75DFF014B70
:10853000586808BD80150120004870470090D0039E
:10854000224A5379800043F0800330B480B25371E3
:1085500013695B07FCD4918A938B89B29BB25C1A36
:10856000A04219D25379194C43F080035371236907
:108570005D07FCD4154A938A5B1A98420AD953794D
:1085800043F08003537113695C07FCD4938A5B1A30
:108590009842F4D830BC704755790C4CCB1A18442B
:1085A00045F0800380B2537123695A07FCD4074A0F
:1085B000938A994202D3938A9842EBD9537943F034
:1085C0008003537113695B07FCD4F1E7001400408A
:1085D00008B5FFF709FF024A024B52681A6008BD4E
:1085E0008015012004210120024A034B12685A60C1
:1085F000704700BF042101208015012010B58CB008
:108600000CAB089206908DF81C1013E90F008DE852
:108610000F0043F60144ADF8104004AC94E80F009D
:10862000F6F734F800200CB010BD00BF10B58CB0C8
:108630000CAB089206908DF81C1013E90F008DE822
:108640000F0043F60134ADF8104004AC94E80F007D
:10865000F6F71CF800200CB010BD00BF10B58CB0B0
:108660000CAB089206908DF81C1013E90F008DE8F2
:108670000F0043F60124ADF8104004AC94E80F005D
:10868000F6F704F800200CB010BD00BF70B5114B18
:108690008CB01C688DF81C1043F6011306900892EC
:1086A000ADF810304CB10646154663682946304691
:1086B00003B198472468002CF7D10CAB13E90F00E5
:1086C0008DE80F0004AC94E80F00F5F7DFFF002001
:1086D0000CB070BDF015012030B58DB043F601032C
:1086E0000892148806908DF81C10ADF8103000F038
:1086F00041FB68B905460CAB13E90F008DE80F008C
:1087000004AC94E80F00F5F7C1FF28460DB030BD6A
:1087100020461421FFF726F80546ECE710B58CB08B
:1087200043F20173069014208DF81C100892ADF8E6
:108730001030CBF7D7FD0CAB13E90F008DE80F001D
:1087400004AC94E80F00F5F7A1FF00200CB010BDB9
:10875000F0B58DB00CAB089205468DF81C1016468E
:1087600013E90F008DE80F0043F20164ADF81040EB
:10877000069504AC94E80F00F5F788FF30881421C3
:10878000CBF786FD95F82430002814BF00248B24F5
:108790001BB1002420460DB0F0BDE4F7C9F907462F
:1087A000A8B1032214231146E3F702FF22463188C1
:1087B000B86CFEF7B5FF2946012207F11C00E4F76B
:1087C000C5F9384608F028FF20460DB0F0BD8924D1
:1087D000E0E700BF2DE9F0418CB00CAB08920546F4
:1087E0008DF81C10164613E90F008DE80F0043F2B8
:1087F0000134ADF81040069504AC94E80F00F5F78D
:1088000045FF30881421FEF7ADFF95F824401CB1D8
:1088100000200CB0BDE8F0818046E4F789F90746F6
:10882000B0B1142321460322E3F7C2FE4246318849
:10883000B86CFEF72FFF2946012207F11C00E4F770
:1088400085F9384608F0E8FE20460CB0BDE8F08116
:108850008920DEE7F0B58DB00CAB089205468DF8A7
:108860001C10174613E90F008DE80F0043F2015466
:10887000ADF81040069504AC94E80F00F5F706FF3C
:1088800095F8244014B100200DB0F0BDE4F750F984
:108890000646B0B139461422806CFEF7FFFE142361
:1088A000024602213046E3F783FE2946012206F103
:1088B0001C00E4F74BF9304608F0AEFE20460DB040
:1088C000F0BD8920E0E700BFF0B58DB00CAB089299
:1088D00005468DF81C10164613E90F008DE80F00B1
:1088E00043F20144ADF81040069504AC94E80F0043
:1088F000F5F7CCFE95F8244014B100200DB0F0BD82
:10890000E4F716F90746A8B1142304220121E3F77E
:108910004FFE3188B86C1422FEF706FF294601226B
:1089200007F11C00E4F712F9384608F075FE2046FE
:108930000DB0F0BD8920E1E708B501220421142023
:10894000ECF747FD044B054A8261002203211A73AC
:10895000998059749A7408BD182E0120511604018B
:10896000024B00221A705868FDF7B4BBC0480020C3
:10897000054B83F83820054A9A64C3E9100103F1D6
:108980003000FEF7CFB900BFC0480020AD89030119
:10899000044805490A230370002380F8CD303030A5
:1089A0000EF0BEBEC0480020618903017FB52F4C88
:1089B00023786568013B032B14D8DFE803F0021B22
:1089C000251804266B7A8DF8006068468DF808300B
:1089D000F8F7A4FD40B93246687A0021FFF7C8FFD6
:1089E0000223237004B070BDE82385F83230FFF70E
:1089F000CFFFF7E71E4BAA891A84D5E9030150225D
:108A0000FFF7B6FF0323ECE7194A4FF6FF73A4F80C
:108A10004830937E84F83B30591C9176AB89A3870C
:108A2000D5E90423C4E91023AA7A94F83A3062F312
:108A3000830303F00C0342F2043263F03F03228706
:108A400084F83A30F8F76CFFD0E90023C4E9142326
:108A50002B7E84F85830074BC4F894300648012325
:108A600084F89030FEF758F90623BAE7C048002092
:108A7000383100207D8A0301F048002038B51D4CB4
:108A800023786568062B02D0082B17D038BD0078F4
:108A90000328FBD8DFE800F002191902EB2385F860
:108AA000323001232375144BA361F8F765FE206172
:108AB000124806F0ADF807232370E7E70078032893
:108AC000E4D8DFE800F00D02020909F005FD85F8A1
:108AD0003200BDE838405BE7EB2385F83230F8E739
:108AE000F8F74AFE0923206123700448BDE83840A6
:108AF00006F08EB8C0480020018B0301C848002052
:108B000038B51D4C2378072B02D0092B30D038BD47
:108B10001A486268817E938984F83B104D1C8576E3
:108B2000D2E90401A4F84830927AA38794F83A3045
:108B300062F3830303F00C0346F2073263F03F0352
:108B4000C4E91001228784F83A30F8F7E9FED0E949
:108B50000023C4E914230A4BC4F8943004F1300014
:108B6000012384F89030FEF7D7F808232370CEE76E
:108B7000BDE838400CE700BFC04800203831002075
:108B80007D8A0301014B00221A707047C048002003
:108B90001FB50A4B5B7973B1D0E90623CDE90023F9
:108BA00090F820308DF80830B0F85530ADF8093025
:108BB0006846FDF714FC05B05DF804FB3831002071
:108BC0007FB5174E7468A2894FF6FF739A422384CB
:108BD0001ED0228A9A42A37A01D1022B18D0023BDE
:108BE000012B15D800238DF800306846237A8DF8C4
:108BF0000830F8F793FC024658B9012586F8CD50A5
:108C0000207A0021FFF7B4FE3570284604B070BD0D
:108C1000E822204684F83220FDF75CFA0020F5E7D0
:108C2000C048002008B5054B5868837E13B14FF645
:108C3000FF73038305F07EFB002008BDC0480020C1
:108C400070B51E4E3378092B054630D106F1080069
:108C5000746806F007F8D5E90623288C2084C4E957
:108C60000A2395F8553084F8303095F8563084F85A
:108C7000313095F8223084F832301149C3B9AB78DD
:108C800003F0C003C02B04BFD5E90623C1E90423C8
:108C9000A37A022B08BF238AC88418BF4FF6FE733D
:108CA0000B8353220021FFF763FE0423337070BD52
:108CB0004FF6FF73BDE870400B8369E6C0480020A3
:108CC0003831002070B5114B8CB01C688DF81C1029
:108CD00043F2012306900892ADF810304CB10646DD
:108CE0001546E3682946304603B198472468002CAE
:108CF000F7D10CAB13E90F008DE80F0004AC94E83A
:108D00000F00F5F7C3FC00200CB070BDF415012076
:108D100070B58CB00CAB08928DF81C100546164649
:108D200013E90F008DE80F0043F20104ADF8104085
:108D3000069504AC94E80F00F5F7A8FC0B4B9A8855
:108D40006AB90B4B1C683CB1A3683146284603B195
:108D500098472468002CF7D1AA200CB070BD284693
:108D600014210CB0BDE8704009F0F2BC2C2E01209B
:108D7000F4150120024B9888003018BF012070477D
:108D80002C2E012010B50A4C2378204623F00D0329
:108D900000F8043B05F066FF064AA36900219180B4
:108DA00003B198470020BDE8104005F035BD00BF75
:108DB0009C1301202C2E012038B500220321142001
:108DC000ECF707FB0122032104461420ECF701FB1A
:108DD0000546FFF7D7FF084B0021022299805A81F0
:108DE0000CB1064AE261FF21022208461A8205F010
:108DF00027FD034BAB6138BD2C2E0120BD8F030135
:108E00005116040138B51E4C2078C343450703F0C2
:108E1000010328D5C10712D463F300002070237822
:108E2000184D1A0715D443F008032370FE2005F0EF
:108E3000F3FCAB889BB123789B0710D438BD114D50
:108E4000AA8863F300002070531EAB8023781A07B2
:108E5000E9D5022005F0E0FCAB88002BEBD1BDE8A2
:108E60003840FFF78FBF63F30000064D207010F00D
:108E700001001FBFAB8803F1FF33AB80FE20D6E7B4
:108E80009C1301202C2E0120024A137843F0020388
:108E9000137070479C13012070B50D4C251D0646BC
:108EA000284605F0DFFE23780A4A6FF341030020CD
:108EB0009680237005F0B0FC00214FF4FA72064B47
:108EC00021742846E2606361BDE8704005F0A0BEF1
:108ED0009C1301202C2E0120058E030110B5137860
:108EE0008CB043F20114022B089206908DF81C10EE
:108EF000ADF8104021D019D9FE2B22D027D80B2B4A
:108F000007D1164A1378082043F004031370FFF7C3
:108F1000C3FF0CAB13E90F008DE80F0004AC94E81D
:108F20000F00F5F7B3FB00200CB010BD93B1012B7F
:108F3000EFD10F20FFF7B0FFEBE71846FFF7ACFFCC
:108F4000E7E7064A137843F002031370E1E7FFF7FF
:108F500019FFDEE70120FFF79FFFDAE79C130120EE
:108F600070B506468CB01088089242F6017315461B
:108F700006968DF81C10ADF81030C8B1FFF78CFFC5
:108F80000D4B1C683CB163682946304603B19847D5
:108F90002468002CF7D10CAB13E90F008DE80F000B
:108FA00004AC94E80F00F5F771FB00200CB070BD25
:108FB000FFF7E8FEE4E700BFF415012010B58CB020
:108FC00045F20153012AADF81C108DF81E200690C1
:108FD000ADF8103001D00CB010BD0029FBD10A4B08
:108FE000988868B1FFF758FF0CAB13E90F008DE8C4
:108FF0000F0004AC94E80F00F5F748FB0CB010BD6F
:10900000FFF7C0FEF0E700BF2C2E0120024A034B01
:1090100090809961FFF740BF2C2E01209C13012006
:1090200030B50446A0F1A40589B02846D6F721FA48
:1090300023790090032B39D0042B10D0022B3AD186
:10904000032354E90901237154E9292344E929013F
:1090500044E909232846D6F701FC09B030BDBDF923
:109060000030002B1DDA4FF0FF324FF0FF33CDE917
:109070000223144A1068516804AB03C39068D16896
:1090800003C302A8D4F702FB0304019011D4D5F75F
:10909000FBF901462846D5F70DFA04210198D6F7C9
:1090A0001BFAA4F11C012846D5F780FB002323718D
:1090B000D3E704A9EEE7044B47F20E021A800DF045
:1090C00095F8CAE75C7D0401EC33002038B5002434
:1090D0000A4D204695F8D430A34200D838BDD5F8C3
:1090E000D030B02204FB023393F8A81011B918460F
:1090F0000EF0C4FD0134E4B2ECE700BFD042002022
:109100000378012B10B510F8013C044600D10BB1D7
:10911000012B03D1A4F10A00D5F75AFB002384F8F0
:10912000263010BD10B5AAB00446A0F16001A822F7
:1091300068460EF0E5FC002384F84830FFF7C6FFD0
:10914000044638B9144B47F20D021A800DF04EF860
:109150002AB010BD0623102280F8A83008A90DEB14
:1091600002000EF0BFFC90B984F881000CA8D6F77D
:1091700037F9042384F88030084BC4F884300CABF2
:1091800003CBA067E1672046D6F7D8FCE0E70123D0
:1091900084F88130EDE700BFEC330020019103013A
:1091A0007FB50546FFF792FF0023CDF80630CDF8D6
:1091B0000A30ADF80E3003F58063ADF80430029547
:1091C000044660B32B7A022B1FD0042B27D12E7AB2
:1091D000022E26D1032384F8A530D5E904230126E5
:1091E000C4E9202304F1890084F8886007F0FEFABE
:1091F000194BC4F8A030D5E900233046C4E9002358
:1092000084F8A8600BF034FC09E005F11000D5F7F4
:10921000C5FC20B12846D5F7C1FC0028D7D104B041
:1092200070BD042EFBD104F1880007F0DFFAD5E908
:1092300000230949C4F8A01084F8A560C4E92023DC
:10924000C4E9002384F8A86001A9422007F096FE33
:109250002046D6F703FBE2E72190030138B50C4D19
:10926000002400BF95F8D430A34200D838BDD5F80B
:10927000D030B02004FB003090F8A830012B04D18E
:10928000022380F8A830D6F7E9FA0134E4B2E9E71E
:10929000D042002010B50B4C4FF40870214604F06A
:1092A0008BF9211D40F2251004F0A0F9002322794A
:1092B000216818469A4200D110BD013381F8A800F8
:1092C000DBB2F7E7A0430020F0B500F1080685B057
:1092D00005463046D4F7DAF90023CDF80630CDF84C
:1092E0000A30ADF80E3003F50063ADF80430030426
:1092F0000090029511D4D6F7B7F8074668B901A9CE
:10930000422007F03BFEFFF7E1FE044638B9194B57
:1093100047F20D021A800CF069FF05B0F0BD05237D
:10932000394680F8A830A8220EF0A8FC33682363E1
:10933000736863632846032250F8103F2362436832
:1093400063628368A362C368E3622346009803F8FC
:10935000742FA364012384F85030D5F72BFA04F15D
:1093600010036365044BE064E36504F1380007F023
:1093700029FAD2E7EC3300202591030130B502B978
:1093800030BD013AD2B284188B5C25786B402370D3
:10939000F5E70648D0F8B0301B6803610022044BA3
:1093A000027383610C3008F0A3BB00BFF0410020C2
:1093B0003D940301F8B5074615460E4669B1147889
:1093C0000968102C28BF10242246FFF7D7FF336806
:1093D000234433602B781C1B2C7006480123037335
:1093E0000375054B076183610C3008F081FB287819
:1093F000F8BD00BFF04100203D94030130B40346A6
:10940000012503F8015B0C68C0F801404C685C6002
:109410008C689C60097B197300238373054BC273AE
:109420001D75054A18611D739A6103F10C0030BC6B
:1094300008F05EBBF04100203D9403012DE9F041AE
:109440008B4C00BF94F8B530D4F8B050013B0B2BD7
:109450005BD8DFE813F00C006E0032006400E90016
:109460006E00BF00FC008200BF00F0000901412334
:1094700084F8D0302B7C2BB1023B9B0043F041039E
:1094800084F8D0306A687B4813680360536843608F
:1094900093688360137B0373AB7C83730021102379
:1094A000417384F8C830032384F8B5302B68A0F1E9
:1094B00009020138BDE8F0417CE76F4EC4F8CC608A
:1094C0006A7C84F8B720931C84F8C83000230E2AE5
:1094D00084F8B63028BF0E22A968B01C0EF010FB2D
:1094E0002B6806F1120206F1160106F11A00FFF7C9
:1094F00061FF60B9012384F8C63094F8B430012BC1
:109500000CBF0723062384F8B530BDE8F0816B7CDF
:109510001B1AA8681844C4F8CC000423F3E7574A80
:109520002B68111D02F10800FFF744FF0028ECD161
:10953000E0E7AB7C5BB10122092384F8C62084F804
:10954000B5302B6869684E48BDE8F04156E784F8AD
:10955000C630082384F8B53074E794F8C620AE7C92
:1095600002F10F031B01DBB203F11001B14211D371
:109570000022F61A84F8C6200822F6B284F8B52034
:1095800094F8B420E8686AB932463D491844FFF7B8
:10959000F5FE57E7013284F8C620052284F8B5208D
:1095A0001026EDE7344FC118324638460EF0A8FABF
:1095B0003246A7F19A013846FFF7E0FE84F8C8600A
:1095C000C4F8CC702B6807F1120207F1160107F1FD
:1095D0001A006FE794F8C620A97C02F10F031B0163
:1095E000DBB203F11000884216D30022C91A84F8B6
:1095F000C62084F8C8100B2284F8B520AA7C002A63
:109600003FF420AFEA6813441C4AC4F8CC30111D63
:109610002B6802F108004DE70132102184F8C620C2
:1096200084F8C8100A22E7E7092384F8B5302B68CC
:1096300094F8C62086E72A7C12496869FFF79EFEE7
:10964000002384F8B530AB69BDE8F04118470C231E
:1096500084F8B53094F8B430022BE8D12A7C09495B
:109660006869FFF78BFEE2E72A7C0549E5E700BF62
:10967000F0410020C1420020A6420020B842002054
:109680000C420020C0420020034B40F20112C3F8FC
:10969000B000A3F8B4207CE6F0410020034B4FF467
:1096A0000072C3F8B000A3F8B42072E6F0410020C5
:1096B000034B4FF48172C3F8B000A3F8B42068E6FE
:1096C000F0410020034B0022C3F8B02083F8B520FE
:1096D00008F046BAF041002005480649032380F807
:1096E000C930002380F8CD3030300EF019B800BFFB
:1096F000C0480020FB960301EEE710B5034C6068FC
:10970000FCF7E8FC002384F8C93010BDC0480020F5
:1097100007B5112368468DF80430FCF7DBFC03B075
:109720005DF804FB38B50078114C656803281DD836
:10973000DFE800F00B02020808F0CEFE2877BDE853
:109740003840C9E7EB232B77F9E7EB232B7701238D
:109750002375084BA361F7F7DFFF0223206184F82C
:10976000C9300548BDE8384005F052BA38BD00BFE1
:10977000C0480020F9960301C8480020024B00228F
:1097800083F8C920704700BFC04800207FB58378A8
:10979000C3F381138DF80030038AADF80230D0E9AD
:1097A0000623CDE9022390F855308DF81030C378A8
:1097B0008DF8113090F856308DF8123090F85730FF
:1097C000684603F002038DF81330FCF73BFE07B048
:1097D0005DF804FBF0B583783D4C90F854108DB0E3
:1097E000C3F38112C3F381035FFA82FE8DF8002078
:1097F0005FFA83FC028A8DF810308388ADF802206E
:10980000ADF81230D0E90223CDE90623036D0993A8
:1098100090F855308DF82830C3788DF82930D0E98C
:10982000066790F856308DF82A3094F8C9308DF8D4
:109830002010CDE90267002B45D0AEF10203012BC9
:109840002AD865682B7A9E4528D1BEF1020F1DD11A
:10985000BDF808202B8A9A421ED1BCF1020F05D117
:109860001C4BBDF81820DB8C9A4215D121B16846FB
:10987000FCF7C0FD00232B7794F8C930022B0BD1E5
:10988000154805F0EFF9FFF727FF05E0D5E90423B8
:109890009F4208BF9642E0D00DB0F0BD022B0ED023
:1098A000032B04D0002BF7D1BEF1020F04D1094BDA
:1098B000BDF808201B8BCEE7BEF1030FECD1054BA2
:1098C000D3E90423E4E76846FCF794FDE4E700BF2E
:1098D000C048002038310020C848002070B5314C05
:1098E00065682B7A4BB19A1E012A06D9E8232846CF
:1098F0002B77FCF7EFFB002070BD072284F838209F
:1099000094F83A20284E63F3830284F83A20D5E98C
:109910000423F18CC4E91023338CA4F848308B1C49
:109920009BB2012B94F83A3033D843F0C00384F84B
:109930003A30F7F7F5FFD0E90023C4E91423B37EEA
:1099400084F83B305A1CB2766B89A3872B7A94F843
:1099500039201648003318BF012363F3861284F8B8
:109960003920B4F8393023F44E5323F03F0343F049
:1099700023030125A4F839300D4BC4F8943084F842
:10998000905084F8C950FDF7C7F984F8CD502846A7
:10999000B2E7022262F3871384F83A30A4F8501039
:1099A000CDE700BFC048002038310020F04800203B
:1099B0002597030100B583788DB0C3F38102C3F30B
:1099C00081138DF81D30038A8DF81C20ADF81830F6
:1099D000D0E906236946CDE9082310480023059302
:1099E000ADF828308DF82A3008F08EFD0C4B93F836
:1099F00023200C4B82B993F8CD20002A14BF0122FA
:109A0000022283F89020084AC3F894200748FDF703
:109A100083F90DB05DF804FB0122F2E7F84800205D
:109A200038310020C048002011970301F048002081
:109A3000034B044A1A60184600225A60E9F7CCB872
:109A4000B815012029B20301034B044A5860184697
:109A50001A60E9F7C1B800BFB81501202DB20301A3
:109A6000034B044A586018461A60E9F7B5B800BFBE
:109A7000B815012031B20301034B044A1A6018469D
:109A800000225A60E9F7A8B8B815012035B20301E1
:109A900010B5094B094C84B08DF80400ADF80610E0
:109AA000184601A98DF80820C3E90041E9F794F8A8
:109AB000039804B010BD00BFB815012039B20301EE
:109AC000034B044A1A60184600225A60E9F784B82A
:109AD000B81501204DB2030170B586B00B4C0A9D3C
:109AE000ADF80A300A4E0B9B8DF80400ADF8061055
:109AF000204601A98DF80820C4E90061CDE903538F
:109B0000E9F76AF89DF8140006B070BDB815012099
:109B100051B2030170B50D4C0D4E86B08DF80400A6
:109B20009DF82850ADF80610204601A9ADF80A307E
:109B30000B9B8DF80820C4E900618DF80C5004934C
:109B4000E9F74AF89DF8140006B070BDB815012079
:109B500071B2030100B5074B074A1A6083B0C3F81E
:109B600004D000901846E9F737F8019803B05DF883
:109B700004FB00BFB815012091B2030100B5074BEB
:109B8000074A1A6083B0C3F804D000901846E9F77A
:109B900023F89DF8040003B05DF804FBB81501201C
:109BA000A1B2030100B5074B074A1A6083B0C3F89E
:109BB00004D000901846E9F70FF89DF8040003B0B0
:109BC0005DF804FBB8150120B1B2030100B5084BE4
:109BD000084A1A6083B0C3F804D08DF80000184614
:109BE0000191E8F7F9FFBDF8020003B05DF804FB4E
:109BF000B8150120C1B2030100B5094B094A1A602A
:109C000083B00DF107011846002259608DF8072036
:109C1000E8F7E2FF9DF8070003B05DF804FB00BF22
:109C2000B8150120D1B20301034B044A586018460D
:109C30001A60E8F7D1BF00BFB8150120DDB20301FB
:109C4000034B044A586018461A60E8F7C5BF00BFC6
:109C5000B8150120E1B2030100B5074B074A1A60AD
:109C600083B0C3F804D000901846E8F7B5FF9DF81C
:109C7000040003B05DF804FBB8150120E5B2030150
:109C800000B5074B074A1A6083B00DF1070218466A
:109C90005A60E8F7A1FF9DF8070003B05DF804FBE8
:109CA000B8150120F5B2030170B50D4C0D4E86B00C
:109CB0008DF804009DF82850ADF80610204601A943
:109CC000ADF80A300B9B8DF80820C4E900618DF8CF
:109CD0000C500493E8F780FF9DF8140006B070BDA7
:109CE000B815012005B30301436810B5042B0FD844
:109CF000DFE803F00315202B0F0083681C68204663
:109D0000E26A50F8043B94F82A10984784F830002F
:109D100010BD8368BDE81040D3E900201047836878
:109D20001846DA6A50F8044B93F82A102346BDE827
:109D30001040184781680C680B6B91F82E2048681A
:109D4000A4460831BDE8104060478368184693F880
:109D50002C2050F8044B598D2346BDE8104018477D
:109D600082B0002301934FF0200383F31188BFF3E7
:109D70006F8FBFF34F8F019B002BFCD002B0704759
:109D800008480068006880F308884FF0000080F3FE
:109D9000148862B661B6BFF34F8FBFF36F8F00DFD9
:109DA00000BF000008ED00E0DFF80C00016841F49E
:109DB000700101607047000088ED00E030B421F0D0
:109DC00001014FF08075074C40F80C4C6FF0020316
:109DD00040F8202C40E9021540F8243C30BC4438BF
:109DE000704700BF619D0301094B19680868B0E81E
:109DF000F04F80F30988BFF36F8F4FF0000080F3BE
:109E000011887047AFF30080AFF30080AFF300809C
:109E1000B8060120704700BF4FF0200383F311887C
:109E2000BFF36F8FBFF34F8F024A13680133136084
:109E3000704700BF2C160120034A1368013B1360D2
:109E40000BB983F3118870472C160120EFF30980BA
:109E5000BFF36F8F164B1A681EF0100F08BF20ED6E
:109E6000108A20E9F04F10602DE909004FF0200022
:109E700080F31188BFF34F8FBFF36F8FDFF7A8F91F
:109E80004FF0000080F3118809BC19680868B0E839
:109E9000F04F1EF0100F08BFB0EC108A80F3098855
:109EA000BFF36F8F704700BFAFF30080AFF3008048
:109EB000B806012008B54FF0200383F31188BFF3E3
:109EC0006F8FBFF34F8FDEF741FF18B1034B4FF099
:109ED00080521A60002383F3118808BD04ED00E06E
:109EE000F8B53B4C0546266872B6BFF34F8FBFF3FB
:109EF0006F8FDFF775FB002862D0364A364B06219C
:109F000011601A68002A5DD0676834493346AE4252
:109F10000E6828BF2B46581E750107FB002704D585
:109F200066684FF00072BF1B0A60A2682C4E294978
:109F3000BA4238BFBF1A284A3760002616600A683E
:109F400042F001020A6023B1BFF34F8F30BFBFF36D
:109F50006F8F62B6BFF34F8FBFF36F8F72B6BFF3D1
:109F60004F8FBFF36F8F1B4906220A600A68D20326
:109F70000CD5194B61681B68A2680B44013BDB1BC5
:109F80009A4222D34B1E164A13600DE012496268B2
:109F90000968134D03FB02F3581ACB1AB0FBF2F019
:109FA00000FB022213442B6063680B4C09490C4AE6
:109FB00000252560013B07240C601360DEF7A4FE3A
:109FC00062B6F8BD626817469FE79942DBD2D9E7CF
:109FD0005015012010E000E018E000E004ED00E082
:109FE00014E000E030B40B4B0B4A0C4D0C484FF41E
:109FF00083741C604FF47A415E2459609C60002198
:10A000004FF6FF140723116029600460136030BC11
:10A01000704700BF5015012010E000E018E000E09C
:10A0200014E000E0154B16491A6810B542F47F029F
:10A030001A601A68002442F07F4282B01A600C60F5
:10A04000FFF7D0FF0F4B1C60FFF7AEFE0E4A136800
:10A0500043F040431360FFF793FEDFF7B9F8019434
:10A060004FF0200383F31188BFF36F8FBFF34F8F3F
:10A07000019B002BFCD0002002B010BD20ED00E0C1
:10A080001CED00E02C16012034EF00E02DE9F0413A
:10A09000AEB0064615460591002705990B78002BB2
:10A0A00000F0FA8000244FF0FF33CDE909430EABF6
:10A0B0000C9380230B940D930B5D0BB1252B26D1B4
:10A0C00034B1224630460DF01FFC059B2344059316
:10A0D000059B1A78252A40F0D78003F10108CDF8B6
:10A0E0001480059803782B2B1AD025D8202B1BD051
:10A0F000232B1DD02A2B27D00DF068F80B90059B41
:10A100001A78303A092A2ED801330593F7E701343B
:10A11000D2E7099B43F00103013009930590E0E782
:10A12000099B43F00403F7E7099B43F00803F3E7B7
:10A13000099B43F01003EFE72D2BEAD0302BD9D148
:10A14000099B43F00203E7E72B681A1D1B682A608E
:10A150000130002B05900B9305DA099A5B4282F0DF
:10A16000010209920B93099BDA0744BF23F0020313
:10A170000993059B1A782E2A0DD10022581C0A92A9
:10A1800005905A782A2A25D1023305932B681A1D87
:10A190001B682A600A9305A80DF0A2F9059B03909D
:10A1A00018780DF013FE6928039979D032DC632802
:10A1B00000F0CB8019DC252800F0D980612853D02D
:10A1C00000234FF0FF32CDF8148009930B930A92CD
:10A1D0000093D4E00CF0FAFF0A90059B1A78303A0D
:10A1E000092AD8D801330593F7E7642858D067289F
:10A1F000E6DC2A4606A80DF021FB002800F0A1802D
:10A20000059B5A1C05921B7806AA09A93046FAF745
:10A2100057FB38E0702873D015DC6E2800F08C8076
:10A220006F28CDD12B46002206A80BF0ABF90028F1
:10A2300000F08780059B06AA013309A930460593E3
:10A240000CF06EF81FE075283AD0782848D07328B3
:10A25000B6D1802975D1059B2A6801330593131D5A
:10A260002B60126800237DE02A4606A80DF0E6FA6E
:10A27000002866D0059B5A1C05921B7806AA09A9DE
:10A280003046FAF7D9FF04443C44A7427ADD3E4BFE
:10A290004F221A604FF0FF3738462EB0BDE8F081EC
:10A2A0002B46012206A80BF06DF9002849D0059B2A
:10A2B00006AA013309A9304605930BF0B9F9E2E784
:10A2C0002B46002206A80BF05DF9002839D0059B2B
:10A2D00006AA013309A9304605930CF005FDD2E723
:10A2E0002B46002206A80BF04DF950B3059B5A1CD3
:10A2F00005921B7806AA09A9304608F0F3FFC2E7C9
:10A300002B460022F02106A80BF03CF9C8B1059BB2
:10A3100001330593DDE9062313430BD11B480DF0F0
:10A320004BFC099B009319490B9B024630460BF0EE
:10A3300009FEA8E77823DDE72B463A1906A80BF0BB
:10A34000FFFE059B013305939EE78029F9D1059B0C
:10A35000013305932B681A1D1B682A608DF818308D
:10A3600006AA012309A930460CF092FC8BE780294C
:10A37000E7D1059B01330593099B00930B9B04498F
:10A380000122D3E7274688E624160120A47E040193
:10A39000AA7E04010C4B13F0FF0F08D04FF02003EE
:10A3A00083F31188BFF36F8FBFF34F8FFEE7074A28
:10A3B000934208D04FF0200383F31188BFF36F8FCF
:10A3C000BFF34F8FFEE7704700C0070100C00701D1
:10A3D000014B1860704700BF1416012030B4184CB0
:10A3E0001546184A0C4404EB4030541E844208D2EF
:10A3F0004FF0200383F31188BFF36F8FBFF34F8FAC
:10A40000FEE71C18A24208D24FF0200383F3118804
:10A41000BFF36F8FBFF34F8FFEE71944B1F5005FB5
:10A4200008DD4FF0200383F31188BFF36F8FBFF374
:10A430004F8FFEE701461A46284630BC0DF060BB40
:10A4400000C0070100000801F8B5304D0D4405EBD0
:10A45000403517462A071C4608D04FF0200383F3E7
:10A460001188BFF36F8FBFF34F8FFEE743B94FF0F3
:10A47000200383F31188BFF36F8FBFF34F8FFEE785
:10A48000234B5A1EAA4208D24FF0200383F31188AF
:10A49000BFF36F8FBFF34F8FFEE76219934208D26D
:10A4A0004FF0200383F31188BFF36F8FBFF34F8FFB
:10A4B000FEE72144B1F5005F08DD4FF0200383F390
:10A4C0001188BFF36F8FBFF34F8FFEE7114B1B68EF
:10A4D00003B1984723071EBF24F00F0310339CB22B
:10A4E0004FF6F0732340FE18ED1BBE4204D102F07C
:10A4F0007DFA0028FBD1F8BD02F078FA0028FBD1E4
:10A500007919384602F0FAF91037EEE700C0070172
:10A51000000008011416012010B5124C124B04EB78
:10A520004034A34214D302F061FA0028FBD1204644
:10A5300002F032FA04F5805402F058FA0028FBD1F8
:10A54000204602F029FA02F051FA0028FBD110BD92
:10A550004FF0200383F31188BFF36F8FBFF34F8F4A
:10A56000FEE700BF00C00701FFFF070137B542B992
:10A570004FF0200383F31188BFF36F8FBFF34F8F2A
:10A58000FEE71F4C0C4404EB40341E48431EA3421C
:10A5900008D24FF0200383F31188BFF36F8FBFF30E
:10A5A0004F8FFEE71319984208D24FF0200383F330
:10A5B0001188BFF36F8FBFF34F8FFEE71144B1F5E2
:10A5C000005F08DD4FF0200383F31188BFF36F8F26
:10A5D000BFF34F8FFEE74FF0FF3201929DB204228E
:10A5E0000DEB020120460DF07DFA30B90434A3B220
:10A5F0009D42F4D1012003B030BD0020FBE700BF35
:10A6000000C007010000080138B5154643B94FF0F6
:10A61000200383F31188BFF36F8FBFF34F8FFEE7E3
:10A62000184C194A0C4404EB4030541E844208D2A2
:10A630004FF0200383F31188BFF36F8FBFF34F8F69
:10A64000FEE71C18A24208D24FF0200383F31188C2
:10A65000BFF36F8FBFF34F8FFEE7CA18B2F5005FED
:10A6600008DD4FF0200383F31188BFF36F8FBFF332
:10A670004F8FFEE71A4629460DF034FAB0FA80F003
:10A68000400938BD00C007010000080102000000B9
:10A69000E52D0001891E00010100000007000000F7
:10A6A000555B0001C1340001010000000100000001
:10A6B000555B0001C13400010100000001000000F1
:10A6C000712D0001A94700010100000001000000F8
:10A6D000BD2C00016D7800010100000001000000A8
:10A6E000BD2C0001356D00010100000007000000D5
:10A6F000FD2F0001E5200001010000000100000025
:10A70000312C0001016D000101000000010000007A
:10A7100079550001511E00010100000007000000F2
:10A7200041310001ED3A000101000000010000008C
:10A730000000000000000000010000000300000015
:10A7400000000000CF09000101000000040000002B
:10A7500000000000CF09000101000000050000001A
:10A7600000000000000000000100000006000000E2
:10A770000000000000000000010000000D000000CB
:10A78000D5540001490F0001010000000100000044
:10A79000555B00013595000100000000010000003C
:10A7A000C92B0001350F000101000000010000006D
:10A7B00055540001291E00010100000001000000A5
:10A7C0008D3000013D10000101000000000000007C
:10A7D0000000000000000000010000000000000078
:10A7E0000000000000000000010000000100000067
:10A7F0000000000000000000010000000E0000004A
:10A800000000000000000000010000000700000040
:10A810000000000000000000010000000A0000002D
:10A820000000000000000000010000000000000027
:10A83000DD580001D51600010100000001000000F4
:10A840000D350001000000000100000001000000C3
:10A85000B50B00013595000100000000000000006C
:10A860000000000041170001000000000900000086
:10A870000000000041170001000000000C00000073
:10A88000000000004117000100000000000000006F
:10A89000550B000141170001000000007164000128
:10A8A000875E0001D9500001D984000157130001CF
:10A8B0004D720001114900015D7C00012D1A00015B
:10A8C000453B0001A96A00014D1D00010300000085
:10A8D000E9040001050C000105060001AB050001BB
:10A8E000F1050001C1080001110500013905000151
:10A8F000D1050001250500018F0B0001490400016D
:10A90000D5080001710900010D0A00019908000134
:10A91000190600013D060001290C0001390C000157
:10A920006D260001593A00017D510001DD970001BB
:10A9300049250001D9960001A17700017124000189
:10A94000C1760001F974000129400001BD2A00010F
:10A95000A56D00019523000109230001C52900010F
:10A96000A19500017573000161220001E139000128
:10A97000BF130001AD2100012F210001D9170001F3
:10A98000203C2D5772697465206174747269627518
:10A99000746520726573706F6E73653A20737563AA
:10A9A000636573730D0A0000202B5772697465206C
:10A9B000617474726962757465206661696C65643E
:10A9C0003A20737461747573203D20307825780DBA
:10A9D0000A000000202D3E5265616420617474728B
:10A9E000696275746520726573706F6E73653A2065
:10A9F000000000002A496E63726561736520415052
:10AA0000505F54585F4255464645525F4C454E474D
:10AA1000544820746F207072696E7420616C6C20D1
:10AA2000617474726962757465732A0D0A0000009E
:10AA30000D0A206661696C65643A2049643A307891
:10AA400025782C20737461747573203D203078252F
:10AA5000780D0A000D0A2073756363657373200017
:10AA600049643A307825782C2076616C7565203DF4
:10AA70002025730D0A00000049643A307825782CAF
:10AA80002076616C7565203D203078002530327865
:10AA9000000000000D0A000049643A307825782C47
:10AAA0002076616C7565203D2025750D0A0000003B
:10AAB00049643A307825782C2076616C7565203DA4
:10AAC00020307825303878253038780D0A0000009D
:10AAD00049643A307825782C2076616C7565203D84
:10AAE0002025640D0A000000202B5265616420615E
:10AAF0007474726962757465206661696C65643A24
:10AB000020737461747573203D20307825780D0AA8
:10AB100000000000203C2D52656164205265706F7A
:10AB20007274696E6720417474726962757465200D
:10AB300028307825782920726573706F6E73653AB6
:10AB400020737563636573730D0A20206D696E2031
:10AB50003D202575206D6178203D20257520646994
:10AB600072656374696F6E203D2025642061747482
:10AB700072696275746554797065203D2025752071
:10AB80007265706F727461626C654368616E67654F
:10AB9000203D2025640D0A00203C2D526561642073
:10ABA0005265706F7274696E672041747472696265
:10ABB0007574652028307825782920726573706F48
:10ABC0006E73653A20307825780D0A00202B526587
:10ABD0006164205265706F7274696E67204174748D
:10ABE000726962757465206661696C65643A207388
:10ABF0007461747573203D2030782532780D0A0019
:10AC00000D0A4E6F7420656E6F75676820636F6DF7
:10AC10006D616E6420627566666572730D0A000070
:10AC2000456E7465722076616C6964204550000041
:10AC3000557365202D67206F72202D6520696E7316
:10AC4000746561642000000042696E642052657181
:10AC50007565737420417267756D656E74732065D8
:10AC600072726F72000000BFF8B5194C054604F10E
:10AC7000940601E0B44215D054F8040FC3B29D42CB
:10AC8000F8D1144900230E2202E000BF11F8012F71
:10AC9000954208D00133102BF8D1000CF5F7DCFBFE
:10ACA000B442E9D1F8BD0C4901229A400F88D2B2D2
:10ACB0003A42F2D0B1F802C001EB4303002742EA66
:10ACC0000C02000C9F804A80F5F7C6FBE8E700BF46
:10ACD0000C4C0401A44C0401381301202DE9F0436D
:10ACE000294C89B006460F4604F1080554F8040BB8
:10ACF000C3B29E4204D0A542F8D109B0BDE8F083AA
:10AD0000000C44F203039842F5D104A9F5F7F2FBD5
:10AD1000A0B3BDF81280B8F1000F22D0059B03B399
:10AD200044F20300B7F90090F5F7E4FC08B3174BC1
:10AD3000059AA3FB0813C3F3870399B25FFA89F05E
:10AD400000FB032319FB01F944F2030201A8ADF84B
:10AD50000690ADF808100393ADF80420F5F7F6FB64
:10AD6000C9E740F2B1110A480CF02EFCBDF8128080
:10AD7000D6E744F20300F5F76FFBBCE74FF4E4714C
:10AD800003480CF021FCB6E7B44C0401CDCCCCCC8C
:10AD90006C7E04012DE9F84300F53F43FF339BB27D
:10ADA000082B23D880F480460127B740184D1FFA9E
:10ADB00087F800242B88E340DA0714D56B88154AFE
:10ADC000E340DB070FD532F814303B420BD0092E9D
:10ADD000DFF8449007D839F8141048EA01018B4293
:10ADE00029F8141004D00134102CE3D1BDE8F88305
:10ADF000183A0F20115D06F0C1F86B880122A240BD
:10AE0000002123EA020329F814106B80EBE700BF4E
:10AE100038130120BC4C04013C13012070B5184CC0
:10AE2000054604F1940601E0A6420DD054F8043F13
:10AE30001449B5F5984FD8B202D0B5EB134FF3D102
:10AE400006F030F8A642F1D10F4BB5F5984FD3E993
:10AE500029040AD0B5EB104F03D1C0B20B4906F05C
:10AE600021F8B5EB144F04D070BDC0B2074906F00D
:10AE700019F8E0B20549BDE8704006F013B800BF0C
:10AE80000C4C0401642C0120104C0401782C01208E
:10AE900010B51D4882B0F5F781FA1C48F5F796FA0F
:10AEA0004FF48040F5F726FC20B14FF48040F5F7D1
:10AEB00044FCF8B901AC164B01934120214602F045
:10AEC000C1FB4FF48040F5F7C7FA44F20300F5F7F1
:10AED00011FC28B144F20600F5F790FA02B010BD5B
:10AEE00044F20300FFF79AFF44F20600F5F786FAF2
:10AEF00002B010BD01AC2146412002F077FB044BAB
:10AF0000019A9A42D7D1E0E795AD0301C5700301DC
:10AF1000000503620A4900230E2201E011F8012F07
:10AF2000904208D00133102BF8D10023054A118834
:10AF30000B4313807047012202FA03F3DBB2F5E7FB
:10AF4000A44C040138130120037813B100230371CA
:10AF500002E00279012AFAD07047002380F82830F5
:10AF600070472DE9F0439F4E99B005460F4634686F
:10AF7000CDF7DAF8002840D03379002B3DD094F893
:10AF8000B060002E40F0298110AA28686968134635
:10AF900003C3A868E96803C32869696903C33B88D8
:10AFA000ADF85830082305EB03084046ADF81830DB
:10AFB000CDE90726D4F75DFA8B4A019051681068F5
:10AFC0000CAB03C39068D16803C306A91E2005F02B
:10AFD000D5FF089BA3B1854BC4F88C30D5E902237B
:10AFE000C4E92023D5E9002304F10800C4E91E23A5
:10AFF000D4F798FA042684F8B06019B0BDE8F0835D
:10B000002B7C13F0FB0FF6D0012B5BD10AF0BEFBBB
:10B0100000284ED00198D4F727FA38B10AF0ECFB9B
:10B02000002842D10CA94046D3F744FA0AF0E4FBC9
:10B0300018B1BDF904300433DDD0D7F730FC012856
:10B0400007466AD041B2002948D00328D3D1D5E9B8
:10B050000223D5E90089664DC4F8A850C4E902234B
:10B06000002104F1910540F20112012684F89010AC
:10B07000A4F8A12084F8AD601022C4E922892846F2
:10B080000CF0FCFDCDF7B4F884F89000CDF7C0F8D3
:10B090000368C4F8913043686B608368AB60C36831
:10B0A000EB6004F10807384634E04046D3F790FBE4
:10B0B000BCE70198D4F7D8F900289CD04046D3F7D4
:10B0C00087FBBAE7032BB8D10AF084FB0028B4D180
:10B0D0000198D4F7C9F90028AFD18CE7D5E902234C
:10B0E000D5E900890126C4E90223414DC4F8A850DE
:10B0F00040F2011384F8AD6084F89010C4E922890D
:10B10000A4F8A13004F10805102204F191000CF01C
:10B11000B5FD2846D4F7A2FB6DE74046D2F7B6FA54
:10B120004FF40073ADF824300021030402900A9517
:10B130000B9118D5D5E90201CAF75EFE6B8AADF80E
:10B140000C30AB68CDF80E30EB68CDF8123038B16A
:10B1500083788DF8163003A9072005F00FFF4AE722
:10B160008DF81600F7E7D5E90223D5E90089204DCF
:10B17000C4F8A850C4E9022304F1910540F2011378
:10B1800084F89010A4F8A130102284F8AD70C4E9BE
:10B19000228928460CF072FDCDF72AF884F8900039
:10B1A000CDF736F80368C4F8913043686B60836864
:10B1B000AB60C368EB6009A984F8A270422005F077
:10B1C000DDFE0B9B04F1080623B93046D4F746FB9D
:10B1D0003E4610E794F8B0600DE7013BDBB2B834AF
:10B1E000CBE600BFD04200209C7D04015BAF030191
:10B1F00049AF030110B50B4C4FF40770214602F024
:10B20000DBF9211D4FF4917002F0F0F922682379E7
:10B21000B032002103B910BD013B02F8B81BDBB20C
:10B22000F8E700BFD042002006F0B0B9E0F7E4B87C
:10B23000E0F7ECB8E0F768BC10B541880279044645
:10B240000078EAF7C6F8A06010BD00BFE0F70CB9BF
:10B2500010B5D0E9023282B0CDE900320446C3888D
:10B26000027941880078EAF771F9207402B010BDC4
:10B2700010B5C268037A82B0CDE900320446C388B3
:10B28000027941880078EAF745FD207402B010BDCC
:10B2900010B504460068EAF7BCF8606010BD00BF56
:10B2A00010B504460068E7F765F8207110BD00BFCF
:10B2B00010B504460068E7F73EF8207110BD00BFE6
:10B2C00010B5416804460078EAF7DCF8608010BDEC
:10B2D00010B50446E0F7AEFE207010BDE0F7B0B840
:10B2E000E0F798B810B504460068EAF72FFD207122
:10B2F00010BD00BF024A1378591C117003707047CB
:10B300004844002010B5C268037A82B0CDE900320B
:10B310000446C388027941880078EAF7AEF92074C0
:10B3200002B010BDF0B58FB00C46002196469C4689
:10B33000019004F12007009102AE20686168A268C4
:10B34000E36835460FC51034BC422E46F5D120685F
:10B350002860A388194FAB8040F2024300243420B8
:10B360003B80CDF830C07C608DF82EE006F030FDDB
:10B3700001AE8DF83440009004460DF1340C354692
:10B380000FCD654520606160A260E3602E4604F148
:10B390001004F4D128680A4B20601B68C7F808D055
:10B3A0000BB1064898470220DDF758FE009890F848
:10B3B000304006F00FFD20460FB0F0BD1015012003
:10B3C00000380020F0B58DB00C4694461F46009022
:10B3D00001F1200E01AE20686168A268E36835467D
:10B3E0000FC5103474452E46F5D12068094B2860EE
:10B3F000A28809481B68AA80012143F202028DF845
:10B400002AC00B974160C0F808D0028003B198476A
:10B410000DB0F0BD0038002010150120F0B58FB040
:10B420001446149F01909C46029102F1200E03AE37
:10B4300020686168A268E36835460FC5103474451A
:10B440002E46F5D120680A4B2860A28809481B685F
:10B45000AA80022401A943F202428DF832C00D975E
:10B46000C0E90141028003B198470FB0F0BD00BFB1
:10B470000038002010150120F0B58DB00C46944620
:10B480001F46009001F1200E01AE20686168A2689D
:10B49000E36835460FC5103474452E46F5D1206853
:10B4A0000A4B2860A2880A481B68AA80032143F23D
:10B4B0000202ADF82AC08DF82C704160C0F808D0A7
:10B4C000028003B198470DB0F0BD00BF00380020E6
:10B4D0001015012010B5094A094B126882B00424E6
:10B4E000009040F6020001915C60C3F808D018801B
:10B4F0000AB11846904702B010BD00BF00380020C6
:10B500001015012005480123037300F11C02037587
:10B51000034B026183610C3006F0EABAF04100206F
:10B5200025B50301194B70B4D3F8B040002203F1E4
:10B530001C06216893F8C85060681144495DB55CE9
:10B54000694081540132102AF3D193F8C820103297
:10B55000D2B283F8C820217A914213D925681544C4
:10B560000B4A2868696803C2A868E96803C2616871
:10B5700019610020074918739961A2F1200070BC7D
:10B5800006F0B6BAE36870BC184700BFF04100206F
:10B590000C42002005B50301F8B5224D017AC5F82B
:10B5A000B000037A02680446C9008020D05401F03C
:10B5B0007803C3F17003DB08013B0020DBB20746D0
:10B5C000C2B29342267A226826D81A443244080A24
:10B5D00050702268207A1A44024400269170227A20
:10B5E000606813442372102200210CF047FB85F899
:10B5F000C86022680C4B1068516803C39068D1681A
:10B6000003C362682A61094A2E73AA61A3F120006C
:10B61000BDE8F84006F06CBA02443244013057707D
:10B62000CEE700BFF04100200C42002005B5030129
:10B63000124B10B40022C3F8B400C4688168A45C43
:10B640001144013284F03604102A01F8104CF4D170
:10B650004269C3F8BC208268103AC3F8B820027C63
:10B660000748103283F8C020064AC3F8C4200122DC
:10B6700083F8C9205DF8044BFFF78EBFF04100202E
:10B68000A842002089B6030130B4174D95F8C910BF
:10B69000D5F8B430012903D0022921D030BC70473D
:10B6A000D5F8B0000022DC689968A45C114401322E
:10B6B00084F05C04102A01F8104CF4D159699A689E
:10B6C0000B6813604B6853608B689360CB68D360E2
:10B6D00020230372022385F8C93030BCFFF75CBF1A
:10B6E0009B6930BC184700BFF04100202DE9F04FA6
:10B6F0008946BDB017468046002867D0002A67D02B
:10B700004FEAC10A0AF07F0409AE10220021C4F1F9
:10B710007004CDE90D06E4080CF0B0FAC4F10E0493
:10B72000E4B23D4607EB090BABEB05039BB20F2BD5
:10B730002AD928686968334603C3A868E96803C33F
:10B740004FF0000B0DA802F030FF002305AA9A1855
:10B75000E95C127C4A4008F803200133102BF5D134
:10B760001035BBF1000FDDD0002301A805AA1A4453
:10B77000195C127C4A4008F803200133102BF5D1E4
:10B7800000203DB0BDE8F08F1022002130460CF0C3
:10B7900075FAA9EB04033B4432465B4511D13CAB3F
:10B7A0002344802203F8CC2C9AFA9AF3ADF8323075
:10B7B00096E80F000DF1040C8CE80F004FF0010B20
:10B7C000C0E713F8011B02F8011BE6E70520D8E7E4
:10B7D0000420D6E7044B10B51C6804B910BDA3685B
:10B7E00003B198472468F8E770150120034B1A68E5
:10B7F00001211072187903F0F1BD00BF3814012047
:10B8000013B509280AD8DFE800F0050B292D3138D7
:10B81000424C51472849192007F099FC02B010BD4D
:10B8200000240DF106014FF49B708DF8064001F0E5
:10B83000DDFE9DF80630002BF0D00DF107011A2037
:10B8400001F0D4FE9DF80730002BE7D01B4B1C4ABB
:10B850001B6820465968F2F70FF8DFE71848F5F73C
:10B860009DFADBE7164801F0CFFBD7E7134B1449ED
:10B870001B685868F3F7C2FDD0E7104B1B68002225
:10B88000194601F8082FD868FBF726F8C6E70B4BD6
:10B890001B680D221946F4E7084B1B68092219465C
:10B8A000EFE7064B1B6803221946EAE7034B1B68C8
:10B8B00003F10801E7E700BF40140120381401201C
:10B8C000EDB70301064B10B51C681CB9BDE810406C
:10B8D000F5F7D0BC236B03B198472468F5E700BFA8
:10B8E00070150120084B10B5012244F20A009A702D
:10B8F000F4F7B2FD054B1C6804B910BD636803B1D1
:10B9000098472468F8E700BFA83C00207015012084
:10B9100008B518B1012807D0012008BD012203494C
:10B92000034805F043FCF7E70322F8E74C14012035
:10B93000E859040107B50A285CD8DFE800F0060DD5
:10B94000171C213E4353485357002B4B1B68187854
:10B95000B0FA80F0400906E0274B1B6818780128F0
:10B9600014BF0020012003B05DF804FB224B1B68CC
:10B9700018780228F4E7204B1B6818780328EFE7B3
:10B9800000230DF106014FF49B708DF8063001F095
:10B990002DFE1A200DF1070101F028FE174B587AF1
:10B9A00010F00800DFD09DF806000028DBD09DF8DD
:10B9B0000700003018BF0120D5E7104B587AC0F3BC
:10B9C0004000D0E70D4B587AC0F38000CBE70A4B1C
:10B9D0001B6818781A7AC31E58425841002A18BFAB
:10B9E0000020C0E7044B1B68187AB1E7024B1B68C4
:10B9F000187ADEE70020B6E738140120A83C0020C2
:10BA000013B500240DF107011A208DF8064001F04E
:10BA1000EDFD144803F030FD134922460871087407
:10BA20004C741248143105F007FB0DF106014FF478
:10BA30009B7001F0DBFD9DF8063023B19DF80730C7
:10BA40003BB1F1F738FF9DF8073013B10848F0F724
:10BA5000D3FBF5F795F901F0C9FAF3F7BDFC02B095
:10BA600010BD00BF11B9030138140120E8590401C9
:10BA7000005A040108B506490A7D32B941F8140B91
:10BA8000044805F093FB012008BD0020FCE700BF3F
:10BA900038140120E859040138B5094B094D092231
:10BAA0001A70FA242B7803F01F03092B06D03220DA
:10BAB000013C09F0BBFC14F0FF04F3D138BD00BF1A
:10BAC0000200014101000141014BD878704700BFDD
:10BAD0000416012038B5037A284C532B054621D093
:10BAE00019D8042B04D8022B06D2DBB100230AE0BC
:10BAF000A3F14E02022AF9D8F12B30D12B7CE27847
:10BB00009A4220D10123A278A2BB5BB3AB699847CC
:10BB10000020607038BD842B04D00ED8592BF1D092
:10BB20006F2BE3D1164B93F80A31DBB2162B23703F
:10BB3000DCD10223A3700023E5E703F11002D2B2A7
:10BB4000022AD3D8D8E7E3700D4B93F80A31DBB261
:10BB5000162B2370D6D10123A3700023D3E7592BD2
:10BB6000E0D1CFE7284600F0BBF80028CED0054B47
:10BB70001D60CEE7284600F01FF8F6E70416012006
:10BB8000C0480020DC15012010B5094B88B02022E8
:10BB9000196868460BF0B4FF684600F00DF80446DB
:10BBA00008B9069B9847034B20465C7008B010BD4F
:10BBB000DC1501200416012080B584B000AF786048
:10BBC0007B68BB600023BB7300237B7300F0BEF86F
:10BBD00000F0BCF80346012B18D10023FB733E4B49
:10BBE00093F80A31DBB2162B04D0162000F0CCF803
:10BBF0000346FB73FB7B002B05D1002000F0A0F86F
:10BC00000123BB733EE001237B733BE000F09EF811
:10BC10000346022B12D10023FB732F4B93F80A31FA
:10BC2000DBB2192B04D0192000F0AEF80346FB73E9
:10BC3000FB7B002B26D001237B7323E0274B1B7853
:10BC4000002B1FD000F082F80346032B1AD1224BA1
:10BC500093F80A31DBB2162B06D1002000F070F801
:10BC60000023FB73FB7B32E0162000F08DF80346C7
:10BC7000FB73FB7B002B03D1002000F061F801E097
:10BC800001237B73BB7B83F00103DBB2002B1DD050
:10BC90007B7B83F00103DBB2002B17D0B86800F088
:10BCA0001FF80346FB7300F051F80346022B0DD139
:10BCB00000F030F80346FB73FB7B002B03D1002020
:10BCC00000F03EF802E0032000F03AF8FB7B184653
:10BCD0001037BD4680BD00BFC0480020D2490020BB
:10BCE00090B589B000AF78607B68FB61FB691B7A17
:10BCF0003B72FB69D3E90434C7E9043407F1080354
:10BD00001846E4F7D9FE0346FB76FB7E1846243737
:10BD1000BD4690BD08B5054B187809F0ACF909F09F
:10BD200083F9BDE8084000F02FB800BF04160120D9
:10BD3000024B00225A709A70DA7070470416012084
:10BD4000014B9870704700BF04160120014B987892
:10BD5000704700BF0416012038B5094B094D092270
:10BD60001A70FA242B7803F01F03092B06D0322017
:10BD7000013C09F05BFB14F0FF04F3D138BD00BFB8
:10BD800002000141010001412DE9F74F9C4C05469D
:10BD900009F05EFB94F80B31DBB2012B04BF994A2A
:10BDA000137094F80B31074603F0FF06002B40F0A8
:10BDB000BF8005F0A1FA002800F0BA80924B1B78F2
:10BDC000DBB2032D8DF8053003F01F0314BFA84626
:10BDD0004FF00808112B12D105F082FA64210120DE
:10BDE00005F06AFA022000F037FF002F00F09E8075
:10BDF00009F026FB0126304603B0BDE8F08F94F829
:10BE000012210AB3192D00F09580092D00F09280BF
:10BE1000162D02D1092B40F08F8009F057FB45E029
:10BE200003238AF800300A2009F000FB92E0022088
:10BE300009F0FCFA99F800300133DBB2F92B89F8EC
:10BE4000003040F291809FE005F0EF02092A32466F
:10BE500001D0162DE1D1092B8DF807201ED0082B1B
:10BE6000DFF8A8914DD10923DFF89CA189F80030B3
:10BE70004FF019099AF80030DBB28DF8053003F065
:10BE80001F03092B44D101238DF807309DF807309B
:10BE900003F0FF0213B99DF80730164605F0EF03D3
:10BEA000092BBAD109F014FB092D12D0574BDFF83A
:10BEB00058A11D709946142009F0B8FA9AF800307C
:10BEC00003F01F03082B8DF8053000F086804345F2
:10BED000F1D194F8123153B10120B8F1160F84F862
:10BEE0000C0104BF002084F80C01E5F715FC484B59
:10BEF00084F80A811B7809F09BFA002F3FF47BAF8E
:10BF000068E0032389F80030282009F08FFAAAE7B7
:10BF1000322009F1FF3909F089FA19F0FF09A9D196
:10BF2000B4E7012384F80C3103265FE0012662E7C1
:10BF30000126E2E7092BB5D000228DF80620082B58
:10BF400084F80F214FF0020284F80C21DFF8BCA026
:10BF50007FF466AF09238AF800302E4BDFF8A8B0D3
:10BF600000221A70994600BF94F80F3163B99BF80C
:10BF70000030DBB28DF8053003F01F03092B7FF48E
:10BF800056AF01238DF806309DF806301BB194F8AA
:10BF90000F31002B82D0162D4FF0000384F80F31A3
:10BFA00016BF012384F80C3184F80C314FF00803DC
:10BFB00084F80A319DF8053003F01F030CBF0426F6
:10BFC0000326092B3FF46AAF09238AF80030002FBB
:10BFD0003FF411AF09F034FA0DE7192DA1D0162D59
:10BFE0007FF477AF002384F80C310426082384F80B
:10BFF0000A31092389F80030002F3FF4FCAEE9E74D
:10C00000C0480020E7150120010001410200014164
:10C010000F000141E615012010B50BF0C7F983B2FE
:10C0200053B118460BF000FF0B4802F01BFE0A4804
:10C03000BDE8104002F0ECBD02F030FE84B2F5F72E
:10C040006FFC418803888288C0884B405C40544024
:10C0500060400BF0E9FEE7E7782D01204B0801393D
:10C06000014483B110B45C1EE4B2E4430C440138D3
:10C0700010F8013F0A78027001F80139A142F7D1A6
:10C080005DF8044B7047704708B5034802F0EAFDBD
:10C09000BDE80840C0E700BF782D01202DE9F04140
:10C0A0004E080F46804609D0054600240BF090FD4F
:10C0B0000134A4B2B44225F8020BF7D3FB0702D433
:10C0C0000020BDE8F0810BF083FD474407F8010C28
:10C0D0000020BDE8F08100BF10B504460BF078FDEC
:10C0E000044B80B204FB00F0A3FB0030C0F3CF3060
:10C0F00010BD00BF01800080014802F0B3BD00BF49
:10C10000782D01202DE9F04182B06F4B0193044658
:10C110000D464120694601F069FA009E002E00F0AC
:10C12000AD80002C00F0C980002D00F0AB809DF8A0
:10C130000310664B23600B09092B40F2B680644A5A
:10C14000A2FB0302D20890000244A3EB4203312772
:10C1500030330820062227716371844690460727F2
:10C1600001F00F012E230929A35404EB0C0E40F219
:10C170009980574BA3FB0123DA0893001344A1EBEA
:10C1800043013031312308F10300E35504F80C106A
:10C1900004EB000E9DF80210821C0B09D2B24FF086
:10C1A0002E08471C092B04EB020C8EF80080FFB20E
:10C1B00070D9474AA2FB032E4FEADE024FEA820EF5
:10C1C0009644A3EB4E03C21CD2B230333120E0556B
:10C1D0008CF8003004EB020C931C01F00F01DBB271
:10C1E0005F27501C092904EB03088CF80070C0B2CB
:10C1F0004DD9374FA7FB0137FB089F001F44A1EB28
:10C200004701D31CDBB230313122225488F80010B0
:10C2100004EB03089DF801709A1C4FEA970ED2B206
:10C220002E2103F1010CBEF1090F04EB020088F886
:10C2300000105FFA8CFC30D92549A1FB0E21C908FA
:10C2400001EB8108DA1CAEEB480ED2B20EF1300ED3
:10C25000303104F80C1080F800E0A01807F0030358
:10C2600002A90B44013213F8043C0370D2B200233C
:10C270000120A3542E6002B0BDE8F0810DB100236F
:10C280002B60E4B10020207002B0BDE8F0813031B5
:10C290002154BFE73033E3559EE70EF1300104F837
:10C2A0000C10DBE73031E15574E73033072005220D
:10C2B000237184469046062752E7002DDFD10020E7
:10C2C00002B0BDE8F08100BF30504D4542435F569B
:10C2D000CDCCCCCC2DE9F04F099F154604468E46B7
:10C2E0001E46002B40F0CC808A42B2FA82FC4CD928
:10C2F000BCF1000F0BD0CCF1200801FA0CFE20FAA3
:10C3000008F802FA0CF548EA0E0E00FA0CF44FEAAF
:10C3100015491FFA85F8BEFBF9FA210C09FB1AE34F
:10C320000AFB08FB41EA03439B452AD9EB180AF1B3
:10C33000FF3004D29B4502D9AAF102002B44A3EBA3
:10C340000B03A4B2B3FBF9F209FB123302FB08F8AA
:10C3500044EA0344A04516D92C1902F1FF3303D255
:10C36000A04501D9931E2C44A4EB080443EA0040E5
:10C3700027B124FA0CF400233C607B603146BDE811
:10C38000F08F5046DBE71346EEE702B9FFDEBCF163
:10C39000000F2ED18B1A01264FEA154EAAB2B3FB1D
:10C3A000FEF8210C0EFB183308FB02F941EA0343A7
:10C3B000994561D9EB1808F1FF3004D2994502D9AB
:10C3C000A8F102002B44A3EB0903A4B2B3FBFEF1D6
:10C3D0000EFB11334A4344EA0344A2424ED92C19BE
:10C3E00001F1FF3303D2A24201D98B1E2C44A41ABF
:10C3F000BCE7CCF1200E02FA0CF521FA0EF901FA95
:10C400000CF320FA0EFE4EEA03034FEA154800FA39
:10C410000CF4B9FBF8F11FFA85FE08FB1192180C19
:10C4200001FB0EF640EA0242964221D9AA1801F118
:10C43000FF3003D2964201D9881E2A44921B9BB238
:10C44000B2FBF8F908FB192209FB0EFE43EA02438E
:10C450009E450FD9EB1809F1FF3604D29E4502D94B
:10C46000A9F102062B44A3EB0E0346EA004693E72C
:10C470000846E3E74E46F6E74046A4E70B46B6E734
:10C480008B4206D9002F7ED00026C7E90001304636
:10C4900074E7B3FA83FCBCF1000F0FD18B4201D3D8
:10C4A000824209D8841A61EB030E0120002F6DD05F
:10C4B000C7E9004E002661E76046F7E7CCF1200EA1
:10C4C00003FA0CF322FA0EF521FA0EF41D4301FAD9
:10C4D0000CF320FA0EF10B434FEA154A00FA0CF662
:10C4E000B4FBFAF91FFA85F80AFB19401C0C09FB8A
:10C4F00008F144EA0044A14202FA0CF23FD92C1997
:10C5000009F1FF3004D2A14202D9A9F102002C4462
:10C51000641A9BB2B4FBFAF90AFB194409FB08F848
:10C5200043EA044188452CD9691809F1FF3304D244
:10C53000884502D9A9F10203294443EA0040A1EB4E
:10C540000801A0FB02894945C2464C4602D306D1E8
:10C55000464504D2B8EB020A69EB05040138AFB1D5
:10C56000B6EB0A0361EB040606FA0EFE23FA0CF39F
:10C570004EEA030326FA0CF6C7E900369AE7484666
:10C58000C6E74B46D9E73E463846F7E63E46F5E66F
:10C590004FF48640F3F760BF38B505464FF6F774A1
:10C5A00009F082FD0F282880FAD9A0F5FF437C3BD3
:10C5B000132BF5D9A042F3D838BD1E281CD10B8807
:10C5C000202B19D1486801238B6003884FF6FF7236
:10C5D00093420AD1094B5A886AB11A880280013203
:10C5E0001A805A88013A5A80D2E7013B9BB24FF633
:10C5F000F672934200D9CFE7704700BFDC2C0120D0
:10C60000F8B50D460446B0B147F670764FF6EF67C1
:10C6100009F04AFD2880A0F5FF4080B2002382196E
:10C6200092B2BA42F4D80F28F2D90133DBB201300A
:10C630009C4280B2F3D1F8BD124B70B516465A88B1
:10C640000446B2B1DA8885B2AA4212D31C880C80A3
:10C6500058889A880138013458801C8032809A8822
:10C660002A449A80DA88521BDA80FFF791FF002073
:10C6700070BD0846FFF790FF20463146FFF7C0FF28
:10C680000120F5E7DC2C01202DE9F047254C0A9F1D
:10C6900006466088642891469846DDE908A530D9A9
:10C6A000E38806F1640293422BD39B1BC3F34F0232
:10C6B00023880B8061880B44013BAAF800300138C5
:10C6C000C0F34F0C2088A4F802C0013080B2208053
:10C6D0006044A8F80000A388A9F80030E1880B4462
:10C6E000013B3B80A388E28033449BB2A380134488
:10C6F0009BB25A1E2B806281FFF74AFF0020BDE8E3
:10C70000F0870846FFF748FF30464946FFF778FFB5
:10C710000023A8F800300120AAF800302B803B80CD
:10C72000EDE700BFDC2C012010B560B979B952EA01
:10C7300003040CD1114B124A1C605C609A60FFF735
:10C7400027FF002010BD884201D89A4201D902205B
:10C75000F8E74FF6F774A142F9D8002AF7D0B3F5FD
:10C760007F4FF4D2054C0131091A6180591C891A96
:10C770002080A280E18022816381E0E7DC2C01201F
:10C780000100FFFE024BD888003018BF012070471F
:10C79000DC2C012008B50A4BDA88014652B19A8890
:10C7A000028001329A80DA88013ADA80FFF7F0FEDF
:10C7B000002008BD0120FFF723FF0120F9E700BF9B
:10C7C000DC2C012038B54FF48640F3F7B6FF18B9DA
:10C7D00000F58640F3F740FE114B19885D889A8872
:10C7E000DC8841EA05001043204313D059B12944A5
:10C7F00001394FF6F770814205D822B12244013A3F
:10C80000B2F57F4F06D300221A605A60054A9A603B
:10C81000FFF7BEFE04491E20BDE8384004F042BBCD
:10C82000DC2C01200100FFFEE82C012010B1044B9C
:10C830001B89038011B1024B5B890B80704700BFDD
:10C84000DC2C0120014B18605960704798150120BD
:10C85000034B1A6812B158681B681847704700BF2D
:10C86000981501200D4B30B41D6BEFF3108072B69C
:10C870004FF4804100220F241D635960084D5C6015
:10C880009A60084C99604FF400411A621D621C6264
:10C89000996080F3108830BC704700BF00060044E8
:10C8A000556699AAAA99665508B513460A461946C7
:10C8B0000BF026F9012008BD0D4B70B41864EFF39E
:10C8C000108472B64FF480420F25012019630026B0
:10C8D0005A6008495D609860074D9A604FF40042C5
:10C8E0001E621D6219629A6084F3108870BC7047E2
:10C8F00000060044AA996655556699AA114B02682C
:10C9000070B41A6442681A6582681A66C2681A6747
:10C91000EFF3108072B64FF480420F2402261963A1
:10C9200000255A6008495C609E60084C9A604FF48C
:10C9300000421D621C6219629A6080F31088012017
:10C9400070BC704700060044AA996655556699AABE
:10C950000E4B70B4C3F8C000EFF3108072B64FF402
:10C9600080420F240326196300255A6008495C6041
:10C970009E60084C9A604FF400421D621C6219626E
:10C980009A6080F31088012070BC70470006004454
:10C99000AA996655556699AA30B4EFF3108172B61C
:10C9A0000B4B0C4D18634FF480420F205A605860B7
:10C9B00004209860084C9A6000204FF400421862EE
:10C9C0001D621C629A6081F31088012030BC7047A0
:10C9D00000060044556699AAAA996655024B186844
:10C9E00000F44050704700BF00060044024B186836
:10C9F000C0F3C030704700BF0006004430B4EFF30E
:10CA0000108472B60E4B0F4A002520F07F4021F0B3
:10CA10007F411D6240F000401A6241F000414FF03A
:10CA20000042094D1D62C3F8D020C3F8E820C3F8C6
:10CA3000D000C3F8E01084F3108830BC704700BF0A
:10CA400000060044556699AAAA99665530B4EFF3DA
:10CA5000108172B6084B094C09484FF0004200257E
:10CA60001D621C621862C3F8D420C3F8E42081F36D
:10CA7000108830BC704700BF00060044556699AA74
:10CA8000AA99665530B4EFF3108272B6074B084C82
:10CA9000084920F07F4000251D621C621962C3F81E
:10CAA000F40082F3108830BC704700BF00060044D9
:10CAB000556699AAAA99665530B4EFF3108272B6FA
:10CAC000074B084C084920F07F4000251D621C627E
:10CAD0001962C3F8F80082F3108830BC704700BFB9
:10CAE00000060044556699AAAA99665538B50A4BBE
:10CAF0000A4D09221A70FA2405E008F097FC631E1B
:10CB000013F0FF0406D02B7803F01F03092B4FF01E
:10CB10003200F2D138BD00BF0200014101000141E5
:10CB200080B584B000AF434B1B78002B1ED002238E
:10CB30007B7308233B737B7B03F1824303F58033D4
:10CB40001A463B7B1370022008F070FC3A4B00221F
:10CB50001A700223BB730923FB73BB7B03F182436F
:10CB600003F580331A46FB7B137026E002237B72A9
:10CB700016233B727B7A03F1824303F580331A4616
:10CB80003B7A137001237B812C4B1B889AB27B89E3
:10CB900013409BB2002B10D1FDF73EF9274B1B88A9
:10CBA0009AB27B8913439AB2244B1A80FDF744F959
:10CBB000234B1B681B69234898470023BB71BB7933
:10CBC000002B22D1204B1B78002B1ED01F4B1B7833
:10CBD000002B17D1194B1B889BB203F001039BB2AA
:10CBE000002B0CD1154B1B889BB243F001039AB26A
:10CBF000124B1A80124B1B685B6912489847134B03
:10CC000001221A70104B00221A70114ABB7982F867
:10CC10000B310323FB71FB79012202FA03F39AB271
:10CC20000C4B1B8813439AB20A4B1A8000BF103773
:10CC3000BD4680BDD2490020CC4900205E130120B2
:10CC40005038002054380020E71501208C150120B1
:10CC5000C0480020D8150120014B83F80901704716
:10CC6000C048002038B53E4C94F80931DBB2042BA3
:10CC70001AD8DFE803F01E4203521A0094F812316A
:10CC8000002B4ED094F80B31DBB2012B04BF354A98
:10CC9000137094F80B31002B5BD06421012004F059
:10CCA0000BFB022384F8093138BDBDE83840FAF7A0
:10CCB00066BE2D4A2D4912782D4C2E4D2078D2B2C9
:10CCC000132A88BFA2F114030A8888BFDBB242F09E
:10CCD00080020A802B700028E6D1274B1A88D207E1
:10CCE00008D426491A8809682548496942F0010292
:10CCF0001A8088470123237038BD224B1B7803F02C
:10CD00001F03092BD0D1204A137843F0200313705E
:10CD100004F0E6FABDE8384002E7BDE83840FAF72B
:10CD200085BE04F0DDFA94F80B31DBB2012B04BFB1
:10CD30000C4A137094F80B31002BAED1114B1B78B9
:10CD400003F01F03162BA8D1094C2378002BC4D065
:10CD500038BD074C04F0C4FA2378002BBDD038BD91
:10CD6000C0480020E715012007000141D815012027
:10CD70008C150120D84900205E1301205038002076
:10CD800054380020010001412E000141084B70B5CC
:10CD90001C6806462CB9074D30462B6898472C6016
:10CDA00070BDE3680BB1304698472468F2E700BFD6
:10CDB00070150120A03C0020012808B50AD018B148
:10CDC000022809D0012008BD01220449044804F0CA
:10CDD000EDF9F7E70222F8E70022F6E7D014012088
:10CDE0008471040107B504282CD8DFE800F003089B
:10CDF000131D2800144B987803B05DF804FB1A202B
:10CE00000DF1070100F0F2FB9DF80700831E584268
:10CE10005841F1E70D4B58780028EDD00A4BD869FE
:10CE2000003018BF0120E7E7084B5B782BB1064BB9
:10CE3000186AB0FA80F04009DEE70120DCE7034B16
:10CE40009878F6E70020D7E7A83C0020D01401200E
:10CE50001FB540F235100DF1060100F0C7FB01A926
:10CE60001A2000F0C3FB9DF80440012C24D10020BF
:10CE700008F01AFF0DF1050124208DF8054000F09F
:10CE8000E1FB0DF106010D2000F0DCFB4FF0FF325D
:10CE90004FF0FF3302A92A20CDE9022300F0D2FB94
:10CEA00008F032FF0648074BC0F8983100F5BC7017
:10CEB000D5F7F4FD04B010BD012008F0F5FEEFE752
:10CEC000883A0020C9CE030170B5847C2A4E8AB00E
:10CED00000238DF80630B4703CBB012004F024FD23
:10CEE00002A90C2000F082FB02A9332000F0AAFB6B
:10CEF0000DF107011A2000F079FB9DF80750FDB9EC
:10CF000004A9062000F072FB04A8D2F771FD06A95F
:10CF1000202000F06BFB294606A8CBF757F82846DF
:10CF2000CBF7EAF8154B1C682CB90121F07802F018
:10CF300055FA0AB070BD636803B198472468F3E7F7
:10CF40000DF106014FF49B7000F050FB9DF8063088
:10CF500043B12346224621462046FFF7E5FBEFF783
:10CF600091F8E2E7054B1C68002CDED0636803B142
:10CF700098472468F8E700BFD014012070150120FD
:10CF800008B5072829D8DFE800F004140A1923128D
:10CF9000100E12491920BDE8084006F0D8B80C2040
:10CFA000BDE80840F2E60920FAE70020F8E705208E
:10CFB000F6E70B4901234B700431EBE7084B0949B5
:10CFC00001225A70302000F03DFBBDE808403FE7E9
:10CFD000034B054900225A70F4E708BDD414012020
:10CFE000D0140120C43C0020C83C002008B50448EF
:10CFF00002F042FA034B0022D87018735A7308BD2E
:10D00000B9CD0301D0140120044B1A782AB9044A7F
:10D0100002211060D87802F0E1B97047D0140120E5
:10D02000A03C0020704710B5154C237E012B17D172
:10D0300004F1280001F016FE124BC4F8A4304FF0A2
:10D04000FF324FF0FF33C4E92623CBF7D1F801308C
:10D0500084F8A00004F12800BDE81040D2F793BB8B
:10D06000022B0BD1E36904F120009847A36800204C
:10D0700020761BB1BDE8104007F0FABC10BD00BF20
:10D08000D042002079D1030110B50C4CCBF734F815
:10D090004FF6FF73A3810023A37302232376084B6B
:10D0A000A363C7F7FDF90123206384F8343004F14A
:10D0B0002800BDE8104001F0ABBD00BFD042002009
:10D0C00027D0030113B50E4CE3680193A389ADF893
:10D0D00004300198D1F7F8FB019000B2002801DA82
:10D0E00000200AE0ADF804000198D1F71DFFD0E957
:10D0F00000231343EDD0019BE36002B010BD00BFDD
:10D10000D042002038B5FFF7DDFF194C90B1D0E9CF
:10D110000023591C08BFB2F1FF3FC4E90A230CBF2A
:10D120000123052384F8CD3004F12800BDE8384000
:10D13000D2F794BB4FF6FF75A581A073FFF7C2FF2E
:10D1400068B10C4BA36340F6B8332363012384F822
:10D15000343004F12800BDE8384001F059BDA58104
:10D16000A073CBF745F80130C0B2BDE838408BE77B
:10D17000D042002027D0030110B50446FFF7A2FFDC
:10D180000D4B80B10D4AC3F8A420D0E90001C3E9DA
:10D19000260114F8012C83F8A02003F12800BDE833
:10D1A0001040D2F7F0BA4FF6FF729A81987314F8D4
:10D1B000010CBDE8104067E7D042002079D103019F
:10D1C000034B4FF6FF729A8100229A739A60704760
:10D1D000D042002008B50146074808F07DF9074B0A
:10D1E00001221A76B3F90C30002B04DA0020BDE8D6
:10D1F000084007F03DBC08BDD8420020D0420020C6
:10D2000010B51C4CA368236104F1080008F088F9EC
:10D2100004F1B10003F0EAFACAF7EAFF411CC9B20F
:10D2200004F1B100CAF7D2FE134BC4F8C830CAF7F4
:10D23000DFFF0023013084F8B00084F8C130FFF72D
:10D2400041FF90B1D0E90023591C08BFB2F1FF3F64
:10D25000C4E90A230CBF0123052384F8CD3004F16F
:10D260002800BDE81040D2F7F9BA4FF6FF73A3814A
:10D27000A07310BDD042002005D103010448037EF5
:10D2800023B9044BC3611430FFF7A4BF704700BF3C
:10D29000D042002025D0030138B5144C00254FF0B2
:10D2A000FF3328460321657323602573C4E90133E6
:10D2B000A4F80F50A573EAF78BFF431C206003D03E
:10D2C0002A460B49EBF7BAF8237B0BB9A37B03B1D2
:10D2D00038BD084B206803F201210122EBF7DCF88E
:10D2E000636801331CBF0123237338BD8002012012
:10D2F000A1D3030184020120044B1A7B1AB9587B85
:10D3000080F0010070470020704700BF80020120BC
:10D3100070B5204CA37B4BBB637B03F0FF0203BBC8
:10D32000E67B217C8E421CD04B1CDBB2FA2B04EB3B
:10D33000010504EB020014BF194600216B7C80F844
:10D340000B3101328E42D2B2EED1134B20682674DB
:10D3500003F20311EBF792F8A36801331CBF01231A
:10D360006373237B0BB9A37B3BB170BD002394F89F
:10D370000502A373F4F7A0FDCEE7084B206803F283
:10D3800001210122EBF788F8636801331CBF0123F8
:10D39000237370BD800201208802012084020120D5
:10D3A000012800D07047074B9A688A4204BF0022C8
:10D3B0005A735A68914203D10021012219739A735A
:10D3C000FFF7A6BF8002012070B40D4DEA7B2E7CD2
:10D3D00099B1013950FA81F4013805E010F8012FB4
:10D3E0004A74A0421A4608D0531CDBB2FA2B08BF7D
:10D3F0000023B34205EB0201F0D1EA7370BC704721
:10D4000080020120F8B5174CD2B2E37B277C2AB307
:10D41000013A50FA82F6013805E010F8013F6B74CA
:10D42000B04217D00B465A1CD2B2FA2A14BF11468A
:10D4300000218F4204EB0305EFD1FA2A08BF002236
:10D44000BA421BBF1B190A211A465974E273FFF72F
:10D450005FFFF8BD4A1CD2B20B46EEE75A1CD2B2AF
:10D46000EBE700BF800201200FB470B5C0B044AA42
:10D4700001A852F8041B00920AF0DCFC114DC0B266
:10D48000E97B2E7CA8B101380DF1050301AA53FAFE
:10D4900080F405E012F8011B4174A242194608D03D
:10D4A0004B1CDBB2FA2B08BF00239E4205EB0100A8
:10D4B000F0D1E973FFF72CFF40B0BDE8704004B035
:10D4C000704700BF8002012070B40E4DEA7B2E7CB5
:10D4D00099B1013950FA81F4013805E010F8012FB3
:10D4E0004A74A0421A4608D0531CDBB2FA2B08BF7C
:10D4F00000239E4205EB0201F0D1EA7370BCFFF7F6
:10D5000007BF00BF8002012001F47F43B3F5807F95
:10D5100010B5C9B204460FD0B3F5007F24D0BBB11B
:10D52000174B46F20A021A8008F072FE00231846D2
:10D530002060A380204610BD124B03EBC10393E88B
:10D5400003009B8884E803002060A380204610BD70
:10D550000D4B03EBC10393E803009B8884E80300B1
:10D560002060A380204610BD084B03EBC10393E865
:10D5700003009B8884E803002060A380204610BD40
:10D58000EC33002028A40201E8A50201F8A2020160
:10D5900000B583B001466846FFF7B6FFBDF804004A
:10D5A00003B05DF804FB00BF08B5F8F7A1F8BDE8CB
:10D5B0000840FDF76DBC00BF30B5044683B00D4692
:10D5C0006846214604F47F44FFF79EFFB4F5007FD0
:10D5D00005D0054B46F206021A8008F019FE009BA2
:10D5E0002B6003B030BD00BFEC330020F0B5044623
:10D5F00083B00D4668462146FFF786FF009EBDF8C2
:10D600000470B5B114F47F440BD0B4F5807F08D01A
:10D610000B4B46F201021A8003B0BDE8F04008F05F
:10D62000F7BD3A463146284603B0BDE8F0400AF05F
:10D6300067BA034B4FF4C0421A8008F0E9FDE1E7F6
:10D64000EC33002030B5054683B00C4668462946C9
:10D65000FFF75AFF94B115F47F4F08D1BDF80420AD
:10D660000098214603B0BDE830400AF049BA074BA4
:10D6700046F205021A8008F0CBFDEFE7034B46F2B5
:10D6800004021A8008F0C4FDE5E700BFEC33002077
:10D690003048314A90F82610DFF8D4C021F0330129
:10D6A000F8B541F013012D4B2D4E80F826100024C3
:10D6B00000252C49C2F805104FF6FF77C0E9024556
:10D6C000C2E914454FF00121C6E90A45C3E91245F4
:10D6D0000524C2F80910078241F23421082083F89A
:10D6E0003D4040F20334D181C2F811401E49D88731
:10D6F00040F2051440F20110A2F86800A3F853406C
:10D70000012000249085C1E900448C608C8182F85E
:10D710002E0083F8360083F85A0082F85940A3F8A7
:10D7200042701F8083F839405C74CCF800408CF85C
:10D730000440CAF721FE0D4A0320072114605460FB
:10D74000C2F8284C82F82C4C86F8410086F8331039
:10D75000F8BD00BF90300020903100200032002042
:10D76000383100200F030300A81A002030130020D6
:10D77000A0010020084B1868037D002B14BF012373
:10D7800003230370054BC36000F1300343600123A2
:10D79000037204F0ADB900BFD00B0120E9D703013B
:10D7A000094B0A4A1868C369C2601BBAC0E908334A
:10D7B00083691BBAC0E90A3300F120020123037018
:10D7C0004260037204F094B9D00B0120D1D7030159
:10D7D000034B186800230370024BC36004F088B940
:10D7E000D00B012075D703010B4B10B51C68616885
:10D7F000226D0B6813604B6853608B689360CB6835
:10D80000D3602369984704F14001044806F09AFF69
:10D81000002384F8543010BDD00B012008160120DD
:10D8200070B591F84C20134E0C4601F12005AAB9B1
:10D83000114B0B62CB690A701BBA4B620F4B8B62A8
:10D840008B694D601BBACB620D4BCB6001230B7211
:10D8500031600846BDE8704004F04AB944202946CA
:10D86000FFF7C4FE00232370064B6560E36034605D
:10D870002046EFE7D00B012050684C69434C534ED3
:10D8800075D70301A1D7030108B50C4B93F85800D5
:10D890001A4648B193F8B0302BB109488B2109F0F2
:10D8A00093FE002008BD0120582343431A44054835
:10D8B000012182F858101844F4E700BFD00B012072
:10D8C000FA790401D40B0120074B084ADA64C3F843
:10D8D000A420191D03F15C029964C3F8A020044B35
:10D8E00003600020704700BFD00B012021D8030146
:10D8F0000A7A040148F20100704710B50C4601464F
:10D900002D20FFF773FE2346BDE8104018472DE990
:10D91000F0411D460F4606469046FFF7B5FF044608
:10D920002868206368686063A868A0630123E868CA
:10D930002375079B2361069BE063C4E9068784F88F
:10D940004C60236504F14001054806F0DDFE18B186
:10D9500021460348FFF764FF0020BDE8F08100BFC7
:10D96000081601202DE9F0411D460F460646904657
:10D97000FFF78AFF04462868206368686063A86828
:10D98000A0630023E8682375079B2361069BE0637F
:10D99000C4E9068784F84C60236504F1400105481A
:10D9A00006F0B2FE18B121460248FFF739FF002009
:10D9B000BDE8F081081601200B4601461846FEF727
:10D9C0006DBB10B40023C45C84F02A04CC54013332
:10D9D000102BF8D15DF8044B104700BF1E2870B51E
:10D9E0001CD10B88402B19D101234A680E488B604B
:10D9F0004FF6FF750A2300BF50F8044B74B1266838
:10DA000014683678A4682478A64208D19488B4F5BE
:10DA1000827F01D0AC4202D100238B6070BD013BFC
:10DA200013F0FF03E8D1F9E7C40D012038B500F188
:10DA30001C03036003610446134B4361017108300A
:10DA4000CFF786F92368B3F80130B3F5827F03D0AE
:10DA50004CF25E02934216D10C4D95F82830092BFA
:10DA600004D940F275110A4809F0AEFD95F8283046
:10DA7000084945F823405A1C85F828201E20BDE897
:10DA8000384003F00FBA38BDE51B0201C40D012078
:10DA9000547C0401A02D012010B50020CFF742F9DD
:10DAA000002408B9204610BD0134E4B2CFF73AF99A
:10DAB000F7E770B506460020CFF734F90025044695
:10DAC0005CB1B54202D1A36818780BE02046CFF7CD
:10DAD00029F90135EDB20446F2E70348A02109F027
:10DAE00073FD204670BD00BF547C040138B5054667
:10DAF000002000BFCFF716F9044628B90748BB211C
:10DB000009F062FD204638BDA3681B78AB4201D006
:10DB10002046EFE714F8040CF5E700BF547C04013D
:10DB200010B50020CFF7FEF8002408B9204610BD3C
:10DB300010F8043C1C44E4B2CFF7F4F8F5E710B554
:10DB40000020CFF7EFF8002408B9204610BD0134BB
:10DB5000E4B2CFF7E7F8F7E710B50020CFF7E2F827
:10DB6000002408B9204610BD10F8043C1C44E4B25F
:10DB7000CFF7D8F8F5E770B506460020CFF7D2F812
:10DB8000002504465CB1B54202D1A36818780CE0C8
:10DB90002046CFF7C7F80135EDB20446F2E7034857
:10DBA0004FF4847109F010FD204670BD547C0401CF
:10DBB00010B50446002000BFCFF7B4F818B1836851
:10DBC0001B78A342F8D110BD2DE9F04107460E465F
:10DBD00029B10B681BB191F90430013304D040F234
:10DBE0003511124809F0F0FC114DDFF84080002497
:10DBF0006B683BB90F4B03EBC40484F82C702663AD
:10DC0000BDE8F0812B78BB4204D140F2431140467D
:10DC100009F0DAFC01340C2C05F10805E8D14FF4C9
:10DC2000A4710248BDE8F04109F0CEBC547C040167
:10DC3000F00D0120C40D0120F8B5431E0A334BD866
:10DC400000F1080414F0070305D0C3F10803DA4318
:10DC5000A24241D31C44334DDBF730F8AB68224677
:10DC6000002B46D0002A3CDB002C3AD02869A04289
:10DC700037D32B682B4E03E01A6822B11E46134699
:10DC80005968A142F8D3AA689A422AD037681A681C
:10DC90003260A1EB040CBCF1100F07F1080708D9A2
:10DCA00003EB040E2146CEF804C05C601A51C6F89E
:10DCB00000E0EA68401A90426A6938BFE86028616B
:10DCC00041F0004100200132596018606A61DBF7C1
:10DCD000FDF847B13846F8BD124DDAF7EFFFAA68F4
:10DCE00032B1DBF7F3F8002709F076F93846F8BDD2
:10DCF00014460D4B59070D491CBF073323F007038A
:10DD000021F007012B6018460026CB1A002AC5E92E
:10DD10000161C5E90333C1E90066C0E90013E0DB36
:10DD2000A2E700BF1C4A0020384A002030EA002049
:10DD300030B150F8043C002B02DA50F8082C02B144
:10DD4000704723F0004370B540F8043C0446DAF70E
:10DD5000B5FF174B54F8045C1A692A441A61194636
:10DD6000A4F108001A4600E01A4613689842FBD84E
:10DD700054681619B04217D04419A3420BD003605F
:10DD80008B69824203F1010318BF1060BDE8704047
:10DD90008B61DBF79BB88C68A342F0D0D3E90034E9
:10DDA000254403604560EBE7254455601046E3E7F2
:10DDB0001C4A0020014B1869704700BF1C4A002014
:10DDC000014BD868704700BF1C4A0020704700BF55
:10DDD00038B518B1A0FB0123002553B901FB00F4AD
:10DDE0002046FFF729FF054618B12246002109F019
:10DDF00045FF284638BD00BF2DE9F041DFF86880B7
:10DE00000746DAF75BFFD8F8003043B3D8F80810BC
:10DE100000248B4225464FF0FF360BD0D3E9003269
:10DE2000944238BF1446964228BF16468B4205F1ED
:10DE30000105F3D1DBF74AF8C7E90146FD60FBF7BE
:10DE4000EBFFD8E90401D8F81820D8F80C30386076
:10DE5000C7E905123B61BDE8F041FBF7EDBF1C4689
:10DE60001D464FF0FF36E5E71C4A0020034B002219
:10DE70009A60C3E90322C3E9052270471C4A0020C7
:10DE800030B591EA030F00F18280841A71EB030C24
:10DE900005D2121953EB0C03001B71EB0C0140F27D
:10DEA000000CCFF6E07C1CEA430F52D0BCEB410FD4
:10DEB0005FD90C0DA4EB135E5FF0010C6CF31F51E6
:10DEC0006CF31F53DEF1200C2AD303FA0CF5401932
:10DED00041F1000122FA0EF5401923FA0EF56941CD
:10DEE00012FA0CF2CD0208D349085FEA30005FEA6B
:10DEF000320228BF42F001020134013C5FEA500CBB
:10DF000072F1004250F1000051EB04514FF4001344
:10DF100013EB410F38BF30BD6FF31301002030BD4C
:10DF2000BEF1200EBEF1200F1ED223FA0EF54019CD
:10DF300041F10001CEF1200C124218BF012203FA78
:10DF40000CF52A43CEE711EA5C0F04BF0020002144
:10DF500030BD1CEA410F04BF01F00041002030BD7C
:10DF600001F00041002030BD21F4801101EB04518B
:10DF700030BD004218BF41F00101BCEB410F08BFAA
:10DF800030BD4FF0FE4141F47801002030BD83F0F8
:10DF90000043841A71EB030E07D28EF0004E001B73
:10DFA00071EB0E01121953EB0E0340F2000CCFF689
:10DFB000E07C1CEA430FC6D0BCEB410F72D90C0DBC
:10DFC000A4EB135EC90241EA5051C00241F0004186
:10DFD000DB0243EA5253D20243F00043DEF1200C4D
:10DFE00041D312FA0CF522FA0EF203FA0CF542EACA
:10DFF000050218BF42F0010223FA0EF3801A99417C
:10E00000E30AC4F30A0411F0404F03D418D0013CD2
:10E0100040004941013C23D44205C00A40EA415036
:10E02000C90A51EAC3715FEA500C72F1004250F123
:10E03000000051EB045130BD01002FD00020203CE6
:10E040000029F9D0B1FA81FCDCF1200E11FA0CF1B3
:10E0500030FA0EF510FA0CF02943A4EB0C04D9E7C2
:10E060000020D90730BDAEF1200EBEF1200F0DD239
:10E07000CEF1200C03FA0CF533FA0EF32A4318BF45
:10E0800043F00103C01A61F10001B9E721F000413A
:10E09000C00A40EA4150C90A01EB045130BD0020DA
:10E0A000002130BD004218BF41F00101BCEB410F1F
:10E0B0007FF467AFBCEB430F3FF463AF30BDFEE7C7
:10E0C000054B83F83820054A9A64C3E9100103F12F
:10E0D0003000F8F727BE00BFC0480020A9E10301C7
:10E0E0002DE9F04F1F4E0389B6F820B096F838A0FE
:10E0F00096F8429096F8308085B0054650276846DD
:10E10000ADF808308DF80070F3F708FA2B7B86F82D
:10E11000303004238DF800306846EB7A8DF80830F3
:10E120000024F3F7FBF9AB7A8DF8004068468DF8D0
:10E130000830F3F7F3F990B985F80AA085F80B9049
:10E14000308CA5F808B085F80C803A462146FFF7D8
:10E15000B7FF054B0120187005B0BDE8F08F2046D1
:10E16000FAE700BF38310020C04800200C4A53684D
:10E17000197DE12910B40BD00A490C8C1C8191F84F
:10E1800038409C7291F84240DC7291F8301019735B
:10E1900000211875117018465DF8044BF7F79ABF07
:10E1A000C04800203831002010B52B4C2378013BAB
:10E1B000032B0CD8DFE803F0020C151E274BF222CC
:10E1C00093F830000021FFF77BFF0223237010BD7E
:10E1D000224B042293F842000021FFF771FF032332
:10E1E000F4E71E4B002293F838001146FFF768FF52
:10E1F0000423EBE794F8CA3033B3194804F0B6FEB1
:10E200001649184891F8423084F86030B4F8393033
:10E2100023F4426343F40063A4F83930124BC4F88A
:10E22000943091F82330002B4FF6FF7214BF012376
:10E230000223A287A4F84020A4F85E2084F890303E
:10E24000BDE81040F8F768BD646805F093FE207DD6
:10E25000BDE810408AE700BFC048002038310020E8
:10E26000F8480020F04800206DE2030138B50A4D5F
:10E2700000786C6804F030F9E128207506D100239D
:10E2800085F8CA302046BDE8384029E705F072FE1F
:10E29000207DBDE8384069E7C04800200F4BDA8C8C
:10E2A0004FF6FF739A4270B504D1EC20FFF75EFF82
:10E2B000002070BD0A4E75682846FFF711FF04461E
:10E2C00030B16B7B86F8CA3000232B750120F0E754
:10E2D000E820FFF74BFF2046EBE700BF3831002076
:10E2E000C0480020024B002283F8CA201A707047F1
:10E2F000C04800200E4B13B5D3F8A0400CB902B0B3
:10E3000010BDA368142B03D9143BA3602468F5E760
:10E31000237B002BFAD18023F02120468DF8073093
:10E3200000F054FF0DF10701512002F027FEEDE748
:10E33000C048002010B5044600F108010820FFF78E
:10E3400055F9A36823B94FF4FA70F3F777F8A06092
:10E35000084800232373D0F8A03013B9A43000F08C
:10E3600057FC2146044807F0B7F82046BDE81040A6
:10E3700003F04CBBC048002060490020044BD3F898
:10E38000A00000B97047037B002BFBD10068F8E7C1
:10E39000C0480020F7B5314FD7F8A05004460026FA
:10E3A0004FF0010C05B176B10DF107010920FFF71F
:10E3B0001DF99DF807301BB116B92046F8F750F843
:10E3C000304603B0F0BD2B79092B38D00D2B1AD075
:10E3D000082B2CD1A37803F0C003C02B27D1D5E99B
:10E3E0000401D4E90623994208BF90421FD12E7B35
:10E3F000002ED7D185F80CC097F8CF30013387F8BD
:10E40000CF300126CEE7A3786A7F9B0993420ED1D5
:10E41000022B0ED0032B0AD1D5E90801D4E906233B
:10E42000994206BF904201230023002BDFD12D68C3
:10E43000B8E72B8C228B9A1A53425341F5E7A37805
:10E440002A7C9B099342F2D1022B04D0032BEED1FC
:10E45000D5E90601E2E72B8BECE700BFC0480020BE
:10E4600010F8013C03F080036FF3C71300F8013D7F
:10E47000704738B5084C01460546204607F056F867
:10E48000284603F0D3FA236823B9201DBDE838409D
:10E4900000F0E8BB38BD00BF60490020094A08B55C
:10E4A0000346D2F8A00048B102790D2A07D190F8AE
:10E4B00029209A4203D1FFF7DCFF012008BD006844
:10E4C000F1E700BFC048002038B50D4C0D4800F002
:10E4D000C9FBD4F8A0506DB91423C4F8AC300A4B72
:10E4E000C4F8A05084F8B050C4F8B430BDE8384047
:10E4F00003F0F6BA2846F02100F068FE2D68EAE73E
:10E50000C048002064490020F5E20301034BD3F822
:10E51000A000B0FA80F04009704700BFC04800205A
:10E5200010B50023C25CCC5C6240C2540133102B96
:10E53000F8D110BDF0B5002304460022DEB20DE094
:10E54000C75C25460321013995F804C005F804CBC2
:10E5500011F0FF01F7D101322773D2B2B242EFD1ED
:10E560000133042B04F10104E7D1F0BD084B1B5C1F
:10E5700004221846D90941EA4303013ADBB212F0FA
:10E58000FF0280EA0300F5D180F06300C0B270475B
:10E59000943F040138B505460024285DFFF7E6FFE7
:10E5A00028550134102CF8D138BD2DE9F74F054618
:10E5B000044655F8082B1368836053686B609368B2
:10E5C000AB60D368EB6000F114094FF0010810262E
:10E5D00001AF002319F80320DA550133042BF9D1D8
:10E5E00016F00F0A37D19DF805209DF804308DF8FC
:10E5F00004209DF806208DF805209DF807208DF851
:10E6000006208DF80730BB469BF80000FFF7AEFFF1
:10E610000AF1010A5FFA8AFABAF1040F0BF8010B4A
:10E62000F2D1B8F1000F12D04246012308E05900A0
:10E63000C9B21B0648BF81F01B01013AD2B20B469A
:10E64000012AF4D19DF8042053408DF8043008F1DC
:10E6500001085FFA88F80023F218D2B2A918F85C12
:10E6600011F8101C01334140042BA954F4D1043695
:10E67000F6B2B02E09F10409ABD104F1980829468D
:10E680006068FFF74DFF6068FFF784FF6068FFF781
:10E6900051FF636803F1100A384600215E5C0DF8F3
:10E6A00001607200D2B2360601F1010148BF82F06A
:10E6B0001B020429027000F10100EFD19DF8031044
:10E6C0009DF804E09DF802909DF805209DF801C09A
:10E6D0009DF800608EEA010089EA000050408CEA53
:10E6E000000081EA090B187082EA0B029DF806000F
:10E6F0007240424081EA0C018EEA090E5A70714064
:10E700009DF807208CEA0E0C484086EA0C06504023
:10E7100056409870DE7004339A45BDD11035A84537
:10E72000ADD104F198016068FFF7FAFE6068FFF769
:10E7300031FF6068FFF7FEFE606804F1A80103B0D6
:10E74000BDE8F04FECE600BF0020704710B5002494
:10E750008CB0CDE90844CDE90A440CAB13E90F00B5
:10E760008DE80F00CDE906444FF48074ADF81040F9
:10E7700004AC94E80F00EFF789FF0CB010BD00BFA8
:10E7800010B500248CB0CDE90844CDE90A440CABA7
:10E7900013E90F008DE80F00CDE906444FF4007433
:10E7A000ADF8104004AC94E80F00EFF76FFF0CB029
:10E7B00010BD00BF10B500248CB0CDE90844CDE9F0
:10E7C0000A440CAB13E90F008DE80F00CDE90644B5
:10E7D0004FF44074ADF8104004AC94E80F00EFF72C
:10E7E00055FF0CB010BD00BF10B500248CB0CDE9B2
:10E7F0000844CDE90A440CAB13E90F008DE80F0083
:10E80000CDE90644ADF8104004AC94E80F00EFF7F2
:10E810003DFF0CB010BD00BF10B58CB00CAB8DF837
:10E82000180013E90F008DE80F004FF48064ADF875
:10E83000104004AC94E80F00EFF728FF0CB010BDB7
:10E8400010B58CB00CABADF818008DF81A1013E9A8
:10E850000F008DE80F004FF4A064ADF8104004AC39
:10E8600094E80F00EFF712FF0CB010BD10B58CB09C
:10E870000CABADF81800ADF81A1013E90F008DE8D5
:10E880000F004FF4C064ADF8104004AC94E80F00E2
:10E89000EFF7FCFE0CB010BD10B500248CB0CDE934
:10E8A0000844CDE90A440CAB13E90F008DE80F00D2
:10E8B000CDE906444FF40064ADF8104004AC94E890
:10E8C0000F00EFF7E3FE0CB010BD00BF10B5002441
:10E8D0008CB0CDE90844CDE90A440CAB13E90F0034
:10E8E0008DE80F00CDE906444FF4E064ADF8104028
:10E8F00004AC94E80F00EFF7C9FE0CB010BD00BFE8
:10E9000010B500248CB0CDE90844CDE90A440CAB25
:10E9100013E90F008DE80F00CDE906444FF41064B1
:10E92000ADF8104004AC94E80F00EFF7AFFE0CB068
:10E9300010BD00BF70B500248CB0CDE90844CDE90E
:10E940000A440CAB064613E90F008DE80F00CDE931
:10E9500006444FF42065ADF8105004AD95E80F0063
:10E96000EFF794FE34800CB070BD00BF0F4A537DAA
:10E97000F0B53BB1D2E90067D0E90045AF4208BF2E
:10E98000A6420FD092F82D3073B1D2E90645D0E9F6
:10E9900000018D4208BF844206D10120182303FBE9
:10E9A0000020F0BD0020F9E70020FAE7B8080120B8
:10E9B000704710B50446B8B10369591A016199B995
:10E9C0000A4B5B7873B1D4E902230948C0E92823D4
:10E9D000D4E90023C0E92A23064BC0F8B430303014
:10E9E000D0F7A0FD0023637510BD00BFA83C002038
:10E9F000B8080120B1E9030113B50F4C01A904F1D6
:10EA0000BC0000F055F9A0B904F1B80008F0D0FA44
:10EA1000019BD4F8C410C91A637D019113B120463B
:10EA2000FFF7C7FF94F82D301BB101990348FFF79A
:10EA3000C0FF02B010BD00BFB8080120D0080120FF
:10EA400008B50D4B5A7D9AB11A6993F82D1019B17A
:10EA50009B6A9A4228BF1A46531C0CD0074B0848A1
:10EA6000012108F089FA0648BDE8084008F098BA84
:10EA70004FF0FF32E9E708BDB808012085EA03013D
:10EA80007009012010B5094C637D23B1D4F8C4107E
:10EA90002046FFF78EFF94F82D3023B1D4F8C41030
:10EAA0000348FFF786FFBDE81040C9E7B80801201A
:10EAB000D00801200B88B3F5806F2DE9F0410D4699
:10EAC00033D0B3F5006F3BD0B3F5007F36D14E683D
:10EAD00096F81080B8F1010F30D1234F7B786BB3DB
:10EAE00006F10800FFF742FF044648B91F4B5C7D62
:10EAF0001CB193F82D20A2BB4446182000FB04341F
:10EB0000FFF77AFF3A7A4FF47A7353432361D6E9D9
:10EB10000223C4E90023D6E900230125C4E9022326
:10EB20006575FFF78DFF257508E04868FFF71EFF44
:10EB300020B1037D012B01D102230375BDE8F081D3
:10EB400048680830FFF712FF0028F7D0037D022B3A
:10EB5000F4D1002303618382FFF74EFFBDE8F0414B
:10EB60006EE7C5F80880E9E7A83C0020B808012056
:10EB7000044B054900221A619A829A629A854220C2
:10EB800002F090B9B8080120C82D012008B5F9F7A6
:10EB9000CBFC074B1A6842B1D2E9013213448342DD
:10EBA00001D9181A08BD002008BD4FF0FF3008BD7C
:10EBB000D40F01202DE9F041144FB84601E023693C
:10EBC000EBB93B68FBB100BFF9F7AEFC3C68D4E998
:10EBD00001360546EB1AB34222464FF0000140468B
:10EBE00011D305F0A5FB237B002BE8D165602A46F5
:10EBF0002146404605F04AFB2369002BE1D09847A7
:10EC00003B68002BE0D1BDE8F08100BFD40F0120AC
:10EC100000B338B5114B1B6804463BB1984202D192
:10EC200010E09C420ED01B68002BFAD1F9F77CFC57
:10EC300000250246C4E900502146084805F026FB9D
:10EC4000284638BD064B4FF400521A8007F0CEFA22
:10EC5000002038BD4FF0FF30704700BFD40F0120B7
:10EC6000EC330020A8B110B504460B480368A3425A
:10EC70000AD0214605F06EFB014638B1224606480F
:10EC800005F056FB002010BD0021F7E74FF0FF30E4
:10EC900010BD4FF0FF307047D40F012008B5F9F7D1
:10ECA00043FC014B197808BD88150120F9F75ABBC0
:10ECB0002DE970430E460446F9F736FC4FF0FF325B
:10ECC0003260F4B1124B1B6813B91EE01B68C3B16C
:10ECD0009C42FBD1D4E901324FF00009D41849F12C
:10ECE00000054FF00009A94508BFA04203D300204A
:10ECF0003060BDE8708313441B1A33600020BDE808
:10ED000070834FF0FF30BDE870831046F1E700BF1D
:10ED1000D40F0120F8B50E4B0E4C1A682260054640
:10ED200092B10021CBB203EB830304EB83031069A0
:10ED3000177B96685861D2E900201F740131C3E93E
:10ED400002065A60002AEDD1F9F742FCE567F8BDEA
:10ED5000D40F012070270120F8B5104FF9F744FCBB
:10ED60000F4B3A681A609AB10021CBB203EB8303D0
:10ED700007EB8303013158681E7CDD685C699B6882
:10ED80001060167395601461536002460028ECD140
:10ED9000F86FBDE8F8400138F9F7FABA702701209A
:10EDA000D40F0120F0B581EA030E0EF0004E40F2C0
:10EDB0000007CFF6E07717EA41051EBF95EA070F77
:10EDC00017EA430494EA070F00F0C5806D0DA5EB28
:10EDD000545707F580674FF0004646EAC12444EADD
:10EDE0005054C00246EAC32343EA5253D202801A67
:10EDF0009C4104D20018644180185C41013F5B08CB
:10EE00004FEA32020025002140F001004FF00706D2
:10EE100004E0801A9C4136D340416441801A9C41F1
:10EE200036D340416441801A9C4136D3404164410D
:10EE3000801A9C4136D340416441801A9C4136D3AC
:10EE400040416441013E17D0801A9C4136D3404175
:10EE50006441801A9C4136D340416441801A9C41F0
:10EE600036D340416441090201EB156190EA052562
:10EE700020F0FF004540CCE7801A9C4156D335E096
:10EE800080185C41C8D20018644180185C41C8D227
:10EE90000018644180185C41C8D200186441801891
:10EEA0005C41C8D20018644180185C41C8D2001887
:10EEB0006441013E17D080185C41C8D200186441FB
:10EEC00080185C41C8D20018644180185C41C8D2E7
:10EED00000186441090201EB156190EA052520F054
:10EEE000FF004540CCE780185C411FD3420918BFA2
:10EEF00044F00104490101EBD56100F01F0000EB73
:10EF0000451021F4801141EA0E01013041F1000168
:10EF1000244208BF20F00100B7F5006F3EDA013F40
:10EF200049DD01EB0751BDE8F0407047490101EBB5
:10EF3000D56100F01F0000EB451021F4801141EA7B
:10EF40000E01B7F5006F29DA013F34DD01EB0751FF
:10EF5000BDE8F0407047004218BF41F00101124285
:10EF600018BF43F00103B7EB410F2CBFB7EB430FC2
:10EF70001CE0B7EB410F04BFB7EB430F16E017EAF5
:10EF8000410F04BF17EA430F10E017EA410F12D0F8
:10EF900017EA430F02D0B7EB430F0CD04EF0FE41FF
:10EFA00041F470010020BDE8F04070474FF0FE4191
:10EFB00041F47801F6E77146F4E770474CF003013D
:10EFC0005C0000000000000000000000BDA801017E
:10EFD00071A001010000000005A001010000000077
:10EFE000ED9F01010000000000000000B99F010139
:10EFF000899F0101619F0101319F0101619F010111
:10F00000000000000000000000000000FF00000001
:10F01000000000000000000035A001010000000019
:10F0200000000000000000000000000000000000E0
:10F0300000000000000000000000000000000000D0
:10F040000000000000000000FF0000008000000041
:10F0500001FF000106FF010507FF01080208220E5B
:10F0600002FF010C11FF011B8100000003FF087F5C
:10F070000000050200FF027F0401097F050206046B
:10F0800005FF07038200000003FF0A008400000060
:10F0900003FF0B008500000003FF0C068600000044
:10F0A00000FF03078700000003FF0D009B00000026
:10F0B00003FF201C9C00000000FF031D9D000000BA
:10F0C00003FF21008800000003FF1B0989000000E6
:10F0D000100D040A100E1D0B10FF1C7F00FF030A09
:10F0E0008B00000003FF1E008A00000003FF1F00CA
:10F0F0008C00000003070F11030A191803FF0E10FC
:10F100008E00000012FF100F8F0000000AFF010C9C
:10F110000BFF130000FF13009800000000FF03190D
:10F12000900000000803FF7F0804041708FF04167E
:10F1300000FF0317910000000905FF7F090604176F
:10F1400009FF150D00FF031799000000030B1A1AA1
:10F1500003FF23149A0000000C1018000CFF171571
:10F160008D00000003FF23129200000000FF111326
:10F17000930000000A1018000AFF17150BFF130078
:10F18000940000000010180000FF17159500000003
:10F190000D0F12000DFF247F0009167F00FF1400E1
:10F1A0009600000003FF23149700000003FF1300E4
:10F1B000830000000002060400FF0703024B002248
:10F1C000A3F8CE20704700BFC0480020F02938B512
:10F1D00005460C4620D1FFF74CF92B79082B03D0BC
:10F1E0000D2B17D0002038BD40F203336B86364B11
:10F1F0001B8C2B86F2F794FBD0E90023C5E908238A
:10F20000D5E90423C5E90A2385F834402846F6F7F2
:10F2100061FFE7E7EC76F9E703792C4C082B0ED079
:10F220000D2B33D094F83930C4F8B8505B0636D47F
:10F23000012384F89830E82000F04EF8D2E7224904
:10F24000012384F8CE304B7B84F83B305A1C4A7340
:10F25000D0E90423C4E9102346F205332387CC23E5
:10F2600084F83A300B8CA4F84830A387F2F758FBA7
:10F27000D0E90023C4E914232B8BA4F85830AB7ECB
:10F2800084F85A30002384F88C30CBE702230146FF
:10F2900084F8CE3004F1380003F036F9C2E70A4BA7
:10F2A00093F8233073B994F8CD30002B14BF0123A9
:10F2B000022384F89030064BC4F894300548F7F7E1
:10F2C0002BFD8FE70123F4E738310020C0480020F0
:10F2D00065F30301F048002073B5204D95F8CF3059
:10F2E0000646013BD5F8B80085F8CF30FFF7C1F8E6
:10F2F00095F8CE30012B0ED0022B24D0002385F8B8
:10F30000CE3095F8CF3013B3FFF738F8F121FFF77F
:10F310005DFF02B070BDD5F8B84040F2033363869C
:10F320000F4B1B8C2386F2F7FBFAD0E90023C4E9CC
:10F330000823D4E90423C4E90A2384F8346020466E
:10F34000F6F7C8FEDAE7D5F8B800C676F8E70F2377
:10F3500068468DF80430F6F7BDFEDAE7C0480020B5
:10F360003831002007B5007803F0B6F820B9FFF770
:10F37000B3FF03B05DF804FB0D4AD2F8B8300021AA
:10F38000197392F8CF3082F8CE10013BDBB282F8CD
:10F39000CF302BB1FEF7F2FFF121FFF717FFE8E7BF
:10F3A0000F2368468DF80430F6F794FEE1E700BFBE
:10F3B000C048002010B5084B5A681978043A002359
:10F3C000D8B2814201D1FF2004E0013352F823403A
:10F3D000002CF5D010BD00BF5C15012070B50D46A6
:10F3E0000446104E20B13378834201D31F2903D93C
:10F3F000B1210D4808F0E8F8EFF3108272B6736897
:10F4000004F18044013C03EB8404012303FA05F179
:10F4100023680B43236082F31088BDE8704007F037
:10F420008DB900BF5C1501206678040170B50D46EA
:10F4300004460F4E20B13378834201D31F2903D9EC
:10F44000BF210C4808F0C0F8EFF3108272B6736861
:10F4500004F18044013C03EB8404012303FA05F129
:10F46000236823EA0103236082F3108870BD00BF84
:10F470005C1501206678040110B50A4B1C789B6866
:10F480003CB91B6883420AD0D621074808F09CF893
:10F4900005E0013CE4B253F824208242F0D1601C24
:10F4A000C0B210BD5C15012066780401F8B5F1F713
:10F4B000DBFE002843D0FFF77DFFFF2807463ED044
:10F4C000EFF3108072B61E4E3DB27368AD002B4450
:10F4D00000241A6801210A4221D022EA01021A609E
:10F4E00080F31088B3685859FFF7C6FFFB431844F0
:10F4F000C0B2B36844EA40105B59C0B298470246B4
:10F50000A8B904210F4807F065F821467A1C0E4877
:10F5100007F068F896210B4808F056F807E0013428
:10F52000E4B2202C4FEA4101D5D180F31088FFF7D7
:10F5300041FFFF2803D0BDE8F84007F0FFB8F8BD51
:10F540005C150120667804016D78040110B5064C45
:10F5500020708000A16004F0C3F860600348BDE83B
:10F56000104007F015B900BF5C150120ADF4030190
:10F5700030B50A4B70B100221C789D681346D1B299
:10F580008C4208D955F82210814204BF0133DBB206
:10F590000132F4E71B78184630BD00BF5C1501202E
:10F5A00010B50446C4F7EAFE207010BD10B504463D
:10F5B00081780088C4F76CFEE07010BD10B5044679
:10F5C0000078C4F78FFE607010BD00BF10B5044610
:10F5D0000068C4F7E3FE606010BD00BFC5F7ECBA79
:10F5E00010B50446C4F7EEFF207010BD10B50446F8
:10F5F000C4F7B0FC208010BD10B5044681780088A7
:10F60000C4F798FEE07010BD10B5044681780088FC
:10F61000C4F71AFEE07010BD10B58178044600886A
:10F62000C4F79EFCE07010BD10B504460068C6F734
:10F63000BDFC606010BD00BF10B504460088C5F772
:10F64000EDFE606010BD00BFC4F7BCBE10B504463F
:10F65000C4F7DEFE208010BD10B50446C4F7EAFEF4
:10F66000208010BD10B50446C4F7EAFE208010BD0E
:10F67000B0F84400C4F7EABE10B50446C4F7ECFE87
:10F68000C4E9000110BD00BFC4F7ECBE10B50446CC
:10F69000C4F7F0FE207010BD10B50446C4F7F0FEAC
:10F6A000207010BD90F84000C4F7F0BE10B50446BD
:10F6B000C4F7F6FE206010BD10B50446C4F7F6FE90
:10F6C000208010BDC088C4F7F7BE00BF007EC4F71D
:10F6D000F9BE00BF90F83800C4F77ABF10B50446F1
:10F6E000C4F77CFF207010BD10B50446C4F77CFF42
:10F6F000208010BD10B50446C4F77CFF208010BDEB
:10F700000078C8F748B900BF0078C8F74FB900BF04
:10F7100010B50446C8F74EFC207010BD10B5044665
:10F72000C8F74EFC207010BD10B504460179006882
:10F73000C8F74CFC607110BD10B50446C8F758FD01
:10F74000207010BD10B50446C8F762FD606010BDA2
:10F7500010B50446C8F79EFD206010BD10B50446E4
:10F76000C8F7D0FD206010BD426881780088CAF7D4
:10F77000CABC00BF10B504460078C9F753F96070E1
:10F7800010BD00BFF8B54FF082431B4A9B691B0FA9
:10F7900017BF9368194B23F47F4343F4A43393605A
:10F7A00044780323B4FBF3F303EB4302A41A14F0ED
:10F7B000FF041ED1DEB205462746B7420ED14FF0F8
:10F7C00082439B691B0F07D0192007F0E3FA20F052
:10F7D0005001192007F0FAFA2046F8BD2979EB7894
:10F7E000A87803EB0121013707F0F0FAFFB20335E7
:10F7F000E3E70124F0E700BF003E01448848090028
:10F8000030B54278034612F0030010D1920802335B
:10F810000146914200D130BD5D8833F8044B04F1BC
:10F82000824404F5B03401312580C9B2F1E70120EA
:10F83000F1E72DE9F04142780323B2FBF3F303EB48
:10F840004301521A12F0FF0621D1DFF84880DFB2DF
:10F8500004463546BD4202D13046BDE8F0812379E9
:10F86000E178A07801EB032189B203F0CDFAA17809
:10F87000082906D1E37888F800300135EDB2033469
:10F88000E8E7512904BFE37888F80130F5E701265D
:10F89000E2E700BF4E2A012050F8022F024B1A6007
:10F8A00002791A71704700BFA038002008B51822ED
:10F8B000002108F0E3F901461020F3F79DFDB0FAAE
:10F8C00080F0400908BD034B1A785B7802700B701A
:10F8D000012070474E2A0120114B1A68114BD9683C
:10F8E00021F0F851D960D968C2F3035212061143CE
:10F8F000D960196921F0F851196119691143196129
:10F90000596921F0F851596159691143596199694F
:10F9100021F0F851996199690A439A61704700BFD3
:10F9200000030044003E01444FF088410C480A683F
:10F9300012F480621CBF4FF480634B60094B19685E
:10F94000C369C1F3035123F0F85343EA0163C36170
:10F9500022B14FF088434FF480629A60704700BF35
:10F96000003E0144000300442DE9F04F85B080467D
:10F970009DF840409DF844500295002C14BF4FF074
:10F98000040B4FF0000B9DF83870BDF83C609DF8FB
:10F990004850039389469246DDF7CAF8E8B1044619
:10F9A000039B59460522DCF703FEA06C4FF0080CC0
:10F9B000A0F80160029E0770C6700571534604F1FD
:10F9C0001C004A464146CDF800C0DCF701FE204647
:10F9D00005B0BDE8F04F01F01FBE05B0BDE8F08FE7
:10F9E0002DE9F04F85B080469DF840409DF8445089
:10F9F0000295002C14BF4FF0050B4FF0010B9DF842
:10FA000038709DF83C609DF84850039389469246B3
:10FA1000DDF78EF8E0B10446039B59460422DCF77B
:10FA2000C7FDA06C4FF0080C4670029E07708670F0
:10FA3000C570534604F11C004A464146CDF800C04B
:10FA4000DCF7C6FD204605B0BDE8F04F01F0E4BD8F
:10FA500005B0BDE8F08F00BF2DE9F04F87B08046BC
:10FA60009DF84CC09DF850400394BCF1000F9DF8E8
:10FA700054409DF840709DF84460BDF8485004948F
:10FA800014BF4FF0060B4FF0020B894692460593C8
:10FA9000DDF74EF8F0B10446059B59460622DCF727
:10FAA00087FDA06C4580039D05714FF0080C049DF7
:10FAB000077046704571534604F11C004A464146A2
:10FAC000CDF800C0DCF784FD204607B0BDE8F04F5C
:10FAD00001F0A2BD07B0BDE8F08F00BF2DE9F04FE7
:10FAE00083B007469DF830409DF834609DF838504B
:10FAF000002C14BF4FF0070A4FF0030A88469146C6
:10FB00009B46DDF715F8C8B104465B465146022214
:10FB1000DCF74EFDA06C4FF0080C067045704B46AC
:10FB200004F11C0042463946CDF800C0DCF750FD18
:10FB3000204603B0BDE8F04F01F06EBD03B0BDE854
:10FB4000F08F00BF2DE9FF4106460DF105014FF48E
:10FB50008D7000240394FDF749FD0DF1060140F27C
:10FB60001B10FDF743FD02A94FF40570FDF724FDBE
:10FB700003A940F21320FDF71FFDDDF80880B8F15E
:10FB8000000F3DD0039FBDF806509DF805E05635A7
:10FB90004046BC462246234621469E453BD158203E
:10FBA00003FB008005FB03770AB1CDE9020774B3BC
:10FBB000052B274A3FD802EB8303334413F8013C5B
:10FBC0008B4294BF0021012100293FD084F854606A
:10FBD00004F1080648220021304608F04FF82A4672
:10FBE000206D002108F04AF8236D55221A70BDF8E7
:10FBF0000620236D1344AA2283F85520344606E0DC
:10FC0000144B4CF201321A8006F0F0FA44462046BA
:10FC100004B0BDE8F08190F85420B24204BF013135
:10FC2000C9B212B9C0F850C004460133DBB2583033
:10FC3000AC440122B1E7324412F8012C12FB03F369
:10FC4000B1EBA30FB4BF01210021BDE70C46DEE7F5
:10FC5000887B0401EC33002013B504460DF1060146
:10FC600040F21B10FDF7C2FCA36C1A78552A06D18E
:10FC7000BDF80620134493F85530AA2B05D0074B46
:10FC80004FF446421A8006F0C3FA002344F8043CBD
:10FC900084F84C3044F8083C02B010BDEC3300202E
:10FCA00013B504460DF103014FF48D70FDF79EFC72
:10FCB00001A94FF40570FDF77FFC019BA34208D812
:10FCC0009DF80310582201FB023294420BD364B119
:10FCD00000E0CCB1114B4CF209721A8006F086FAA2
:10FCE000002002B010BDBCB158349DF8031058225A
:10FCF00001FB0233204604E090F85420012AF0D0A2
:10FD000058308342F8D8EBE733B19DF803405820D0
:10FD100004FB00300028E4D01C46E6E7EC3300206A
:10FD2000676574456E64706F696E744C6973745264
:10FD30006573706F6E7365496E6428290D0A000043
:10FD4000746F74616C3D25642C2073746172744906
:10FD50006E6465783D25642C20636F756E743D2557
:10FD6000640D0A00656E64706F696E74206E657450
:10FD7000776F726B416464726573733D30782530C0
:10FD800034782C20656E64706F696E7449643D3000
:10FD900078253032782C2070726F66696C65496402
:10FDA0003D3078253034782C206465766963654968
:10FDB000643D3078253034782C2076657273696F15
:10FDC0006E3D3078253032780D0A00006765744743
:10FDD000726F75704964656E746966696572735295
:10FDE0006573706F6E7365496E6428290D0A000093
:10FDF00067726F75702069643D3078253034782CD7
:10FE000020747970653D3078253032780D0A000015
:10FE1000656E64706F696E74496E666F726D617441
:10FE2000696F6E496E6428290D0A00006965656571
:10FE3000416464726573733D0000000025303278C0
:10FE4000000000002C206E6574776F726B41646453
:10FE5000726573733D3078253034782C20656E647C
:10FE6000706F696E7449643D3078253032782C208B
:10FE700070726F66696C6549643D307825303478FE
:10FE80002C2064657669636549643D30782530349B
:10FE9000782C2076657273696F6E3D30782530322C
:10FEA000780D0A00676574456E64706F696E744CF6
:10FEB000697374496E6428292C20737461727449C3
:10FEC0006E6465783D253032640D0A0067657447BD
:10FED000726F75704964656E74696669657273499D
:10FEE0006E6428292C207374617274496E6465787D
:10FEF0003D253032640D0A0010B58CB00CAB089271
:10FF000006908DF81C1013E90F008DE80F0044F2E5
:10FF10000174ADF8104004AC94E80F00EEF7B6FBA6
:10FF200000200CB010BD00BF10B58CB00CAB089217
:10FF300006908DF81C1013E90F008DE80F0044F2B5
:10FF40000164ADF8104004AC94E80F00EEF79EFB9E
:10FF500000200CB010BD00BF10B58CB00CAB0892E7
:10FF600006908DF81C1013E90F008DE80F0044F285
:10FF70000154ADF8104004AC94E80F00EEF786FB96
:10FF800000200CB010BD00BF10B58CB00CAB0892B7
:10FF900006908DF81C1013E90F008DE80F0044F255
:10FFA0000144ADF8104004AC94E80F00EEF76EFB8E
:10FFB00000200CB010BD00BF10B58CB00CAB089287
:10FFC00006908DF81C1013E90F008DE80F0044F225
:10FFD0000134ADF8104004AC94E80F00EEF756FB86
:10FFE00000200CB010BD00BF10B58CB00CAB089257
:10FFF00006908DF81C1013E90F008DE80F0044F2F5
:020000040104F5
:100000000124ADF8104004AC94E80F00EEF73EFB7D
:1000100000200CB010BD00BF10B58CB00CAB089226
:1000200006908DF81C1013E90F008DE80F0044F2C4
:100030000114ADF8104004AC94E80F00EEF726FB75
:1000400000200CB010BD00BF10B58CB00CAB0892F6
:1000500006908DF81C1013E90F008DE80F0044F294
:100060000104ADF8104004AC94E80F00EEF70EFB6D
:1000700000200CB010BD00BF10B58CB00CAB0892C6
:1000800006908DF81C1013E90F008DE80F0043F661
:100090000174ADF8104004AC94E80F00EEF7F6FAE6
:1000A00000200CB010BD00BF08B5012205211420AE
:1000B000E5F78FF9024A034B826103229A8008BD5B
:1000C00051160401B82E012070B50E46154604469F
:1000D00018B9F821124807F077FA1DB9F92110482C
:1000E00007F072FAF1F71CFCD0E900232672C4E98C
:1000F00000232B7A032B07D123732B6823616B68B2
:1001000063616B7A237670BD012B04D040F2071136
:10011000034807F059FA012323732B882382F2E75F
:10012000577E040130B58BB015461C460A46014681
:100130006846FFF7C9FF1CB958210B4807F044FA7D
:1001400004EB4505AC4202D101200BB030BD34F8C0
:10015000023BADF80A306846CCF7D8F99DF820305C
:10016000002BEFD00020F0E7577E0401FFF7DABF45
:1001700010B58AB014460A4601466846FFF7A4FF48
:100180006846ADF80A40CCF743FA9DF82000B0FA73
:1001900080F040090AB010BD38B50546002420465D
:1001A000CCF784FA044600B938BD237AAB4201D0BB
:1001B000FF2DF4D12046CCF703FAF0E7F8B5002480
:1001C00006460F4615462046CCF770FA08B9FF24BC
:1001D0000CE0631CDBB21DB1013DEDB21C46F3E740
:1001E000027AB242FAD14289BA42F7D12046F8BD2A
:1001F00010B50024204600BFCCF758FA08B92046B5
:1002000010BD0134E4B2F7E770B506460C4619B9E3
:10021000C821164807F0D8F900252846CCF746FA39
:100220000546A8B1731EDBB2F6B92B7A23706B8931
:10023000E3812B7BA681032B0BD12A46A37252F8B4
:10024000103FC4F802305368C4F806302B7EE372C6
:1002500070BD012B03D0D921044807F0B5F9012363
:10026000A3722B8A6380F3E71E46D6E7577E04010C
:1002700010B5002204461046CCF718FA024600B921
:1002800010BD631EDBB21CB9BDE81040CCF798B9B5
:100290001C46F0E7704700BF10B5554C0020E9F749
:1002A0008BFF214640F23710FDF7A0F9514B217822
:1002B000514A83F8121192F84200504B002900F085
:1002C000888000F0FE0082F84200DA6822F4807232
:1002D000DA60DA68012922F0030208BF42F0010265
:1002E000DA60464AFF239361A2F5805282F84130DA
:1002F00092F8423003F0800343F07A0382F84230F0
:100300003D4BFF2283F84520102283F8482021220C
:1003100083F84920012283F84A20022283F84C20E6
:100320001A7942F040021A71DA7D42F08802DA75D9
:10033000334A108A40F420401082508A80B25082A2
:100340001A7A42F060021A7208229A705A7802F001
:100350001F02082AFAD10722DA7093F82E2042F001
:10036000200283F82E2000229A730C229A735A7A64
:1003700042F007025A721A7B42F080021A7393F815
:100380002F2042F0030283F82F2036225A7669B1DB
:100390001C4B0222C3F88420BFF34F8FBFF36F8F33
:1003A000202183F82113C3F884215A60154B4FF0A4
:1003B0008042C3F88020BFF34F8FBFF36F8FA0211F
:1003C00083F81E13C3F880211A6000F0FFFE01209D
:1003D00010BD40F0010082F84200DA6842F48072F9
:1003E000DA60094A536843F44013536088E700BF5A
:1003F000EF410020C04800200000014100100141F1
:100400000050014100E100E00040014110B54FF013
:10041000000405F04FF8042804D8DFE800F00603D4
:10042000090B0D00012363F30204044B1C7010BD83
:100430000223F8E70323F6E70423F4E7030001416E
:10044000034B93F80B01B0FA80F04009704700BFEE
:10045000C0480020024B002283F80B21704700BFE8
:10046000C048002002460249024800F09FBE00BF7B
:10047000D41301209C67040108B503280ED8DFE8D7
:1004800000F00207090B0220FFF7ECFF012008BD76
:100490000120F9E70320F7E70420F5E70020F6E75D
:1004A0000020DFE708B518B1012807D0012008BDFA
:1004B000054B5878003018BF0120F8E7F2F7B8FB79
:1004C000B0FA80F04009F2E7D413012070B5F2F7DA
:1004D00047FB094C054616220021A01C07F0CEFB65
:1004E000F2F744FBA0730120A840044B044A022108
:1004F000BDE87040F4F76CBDD4130120050504017C
:1005000031050401044B9A79187E12B10021FEF7DF
:1005100065BF0121FBE700BFD4130120034B18B9CD
:100520000221187EFEF75ABF0321FAE7D4130120F7
:1005300038B5C3790446ABB10B4D017BA87B05F000
:100540009FFDA873237B83420CD12046023504F122
:10055000140300BF50F8042B45F8042B9842F9D13E
:1005600003882B8038BD00BFD413012070B5062846
:100570003AD8DFE800F00F040A262C3237001B4B74
:1005800003225A70BDE87040A0E7184A5378013B37
:100590005370F7E7F2F70CFB0446F2F715FB134D27
:1005A000044316220021A81C07F068FBF2F7DEFACC
:1005B0000F4BA8730F4A20460421BDE87040F4F7A2
:1005C00007BD0D490D48BDE87040F4F72BBD0A4941
:1005D0000A48BDE87040F4F7C9BD0020BDE870408E
:1005E000F4F700BE0120F9E770BD00BFD41301206D
:1005F00005050401310504011D050401D613012080
:1006000038B50848084D094CFEF736FF287604F146
:100610001800F4F7A9FC294620460022BDE838401E
:1006200000F00ABD79040401D41301209C67040181
:100630000B490B6893B18A6888881A6001220023ED
:10064000104205D042408A80064A52F823301847AB
:100650000133DBB25200072B92B2F1D1704700BFD9
:10066000F0410020AC7A04010D4A012310B503FAD1
:1006700000F00C4C93881843238890801B060ED4FE
:10068000F9F7CAFB238843F080032380F9F7D4FBF2
:10069000054B06481B68BDE810401B69184710BD94
:1006A000F04100205E130120503800205438002013
:1006B000024B1B681879FFF7D7BF00BFF04100203D
:1006C00010B504461D491E4804F03CF82379062B5A
:1006D0000BD8DFE803F0041D21250A292D00204650
:1006E0000022636A00F8282F9847164CA3682360FD
:1006F00013B304F1080004F013FF1049104804F08C
:1007000003F8C8B12368BDE810401879FFF7ACBF03
:10071000636904F11C00E7E7E36904F12400E3E7FF
:10072000A36B04F13C00DFE7236B04F12E00DBE751
:10073000A36B04F13000D7E710BD00BF502E01209D
:1007400008160120F041002010B504460A4803684D
:1007500053B9046009490A4803F0D6FF50B1207923
:10076000BDE81040FFF780BF21460830BDE81040CB
:1007700004F0B2BE10BD00BFF0410020502E012099
:1007800008160120024B00229A601A609A80704776
:10079000F041002008B5084B0849094800229A603A
:1007A0009A801A6004F006F828B104490448BDE8AC
:1007B000084003F0C7BF08BDF0410020502E0120C3
:1007C0000816012000220271BEE701230371BBE776
:1007D00002230371B8E705230371B5E7062303710C
:1007E000B2E703230371AFE7E9F73AB81021FBF74B
:1007F00055BC00BF70B5154682B01348FCF734FEF7
:10080000AB786A7829781148FCF72EFEAB78BBB13B
:1008100000240F4E214600BF05EBC1010331CB7907
:100820000193B1F805300093B1F803308A78098854
:100830003046FCF719FE0134AB78E1B28B42EBD8BD
:10084000002002B070BD00BF20FD030140FD030188
:1008500064FD030170B515460E48FCF705FEAB7844
:100860006A7829780C48FCF7FFFDAB7883B1002447
:100870000A4E2346013303EB43032B4430469A7858
:100880001988FCF7F1FD0134AA78E3B29A42F1D855
:10089000002070BDCCFD030140FD0301F0FD03010C
:1008A000F0B5174612687B681048114E85B0CDE947
:1008B0000223FCF7D9FD0F48FCF7D6FD02AD04ACCE
:1008C00014F8011D3046FCF7CFFDAC42F8D1FA7B9D
:1008D000B7F80D300848CDE90032B7F80B30BA7AD6
:1008E0003989FCF7C1FDAA2005B0F0BD10FE030157
:1008F0003CFE03012CFE030144FE030170B50646D5
:1009000011780F481546FCF7AFFDDCF711F9A8B1D7
:1009100004462978806C00F0B5F814230246422181
:100920002046DBF745FE3146012204F11C00DCF7CE
:100930000DF9204600F070FE002070BD892070BDCA
:10094000A4FE030170B5064611780F481546FCF762
:100950008BFDDCF7EDF8A8B104462978806C00F037
:100960005FF81423024641212046DBF721FE314681
:10097000012204F11C00DCF7E9F8204600F04CFEEF
:10098000002070BD892070BDCCFE030108B5012296
:100990004FF480511420E4F71CFD034B034A82619D
:1009A00002229A809A8108BD402E0120511604012E
:1009B000F0B585B006460F461446DCF7B9F850B3DB
:1009C0000546234610224021DBF7F2FDAC6CF0F720
:1009D000A7FF024600685168206002AB03C3039B77
:1009E0006360C3F7B7FADFF834C020814FF4807139
:1009F0004FF48050E181C4F80AC03B460090324673
:100A000005F11C000221DCF77BF8284605B0BDE8A3
:100A1000F04000F001BE05B0F0BD00BF14040107B6
:100A20002DE9F041804600200E46C3F7B7FC20B305
:100A3000002503462C460327A64218460DD8042D50
:100A400005EB450209D842445B88A2F80330013522
:100A500003370023EDB2FFB25371C3F79FFC01349B
:100A6000E4B203460028E7D188F8004088F8016026
:100A700088F802503846BDE8F08105460446032751
:100A8000F2E700BF38B504460D4631B1002383704C
:100A9000012365702370032038BDC3F75BFA01237F
:100AA0000749A3704FF480720123C4F80510A4F81D
:100AB000092065702370A4F803000B2038BD00BF27
:100AC000140401072DE9F04182B006460F46904616
:100AD0001D46DCF72DF8B8B10446434601224121FA
:100AE000DBF766FDA16C4FF480500D703B46009023
:100AF000324604F11C000221DBF76AFD204602B0F9
:100B0000BDE8F04100F088BD02B0BDE8F08100BF53
:100B10002DE9F04182B006460F4690461D46DCF7AF
:100B200007F8B8B10446434601224221DBF740FDF5
:100B3000A16C4FF480500D703B460090324604F19A
:100B40001C000221DBF744FD204602B0BDE8F04165
:100B500000F062BD02B0BDE8F08100BF0B46014667
:100B60001846FCF729BF2DE9F743044616461F46F1
:100B7000DDE90A890D4611B10AB10F2803D95A21BE
:100B80000A4806F021FDCDE900893B463246294658
:100B90002046FCF7BCFE30B104485D2103B0BDE83F
:100BA000F04306F011BD03B0BDE8F083717A040193
:100BB0002DE9F743044616461F46DDE90A890D462E
:100BC00011B10AB10F2803D96C210B4806F0FCFCC7
:100BD000CDE900893B46324629462046FCF7C2FE55
:100BE00030B105486F2103B0BDE8F04306F0ECBC1E
:100BF00003B0BDE8F08300BF717A0401FCF77DBE4D
:100C00003FB40A4C02460D46206861686B4603C338
:100C1000A068E16803C36B4603CB1060516003CB4F
:100C20002B469060D16004B030BC18473C7D040175
:100C300001461020FCF7C0BE07B5042001A9FCF74F
:100C4000BBFE01980028F8D003B05DF804FB07B59F
:100C5000042001A9FCF7B0FE01980028F8D003B0E9
:100C60005DF804FBFCF746BE10B50446FCF742FEF7
:100C7000204214BF0120002010BD38B50546FCF706
:100C800039FE054003D1BC210A4806F09DFC0F2423
:100C90004FF400431D4201D0204638BD013CE4B270
:100CA000FF2C4FEA5303F5D1C521024806F08CFC16
:100CB000F2E700BF717A0401FCF783BE13B501A807
:100CC000FCF702FE0022044604210C4805F082FCD9
:100CD000019805F087FC1CB1DB21084806F074FC84
:100CE00000220421054805F075FCFCF703FE0146CF
:100CF000034805F077FC02B010BD00BF717A040113
:100D00007C7A04011548164900231A5C02F18242DC
:100D100002F580321278CA540133222BF5D1114BDF
:100D200001221A70104B03229A705A78D2B2082A04
:100D3000FBD19A7B0D4942F010029A739A7842F0E7
:100D400010029A700A4B1A6842F001021A601A6A7D
:100D50008A4200D170471A6AFAE700BF7879040125
:100D6000CC410020F83300200000014106000200C1
:100D70000040014110B51048104C00231A5CE15CA2
:100D800002F1824202F580320133222B1170F5D13B
:100D90000B4B0C491A6842F010021A601A6822F0D4
:100DA00001021A601A6A8A4203D1074B5A789B786B
:100DB00010BD1A6AF7E700BF78790401CC41002022
:100DC000004001410400020000000141104B0122DB
:100DD0001A70104B197882B0B9B91A700E4B0322F1
:100DE0009A705A78D2B28DF807209DF80720082A09
:100DF000F7D10A4B1A6842F001021A601A6AD20748
:100E0000FCD51A6822F010021A6002B0704700BFC9
:100E1000F8330020B70801200000014100400141E3
:100E2000094B1A6842F010021A601A6A1A6822F016
:100E300001021A601A6A12F00102FBD1034B5978C1
:100E40009B78034B1A70704700400141000001413C
:100E5000B7080120044B1A6811B11043186070479D
:100E600022EA0000FAE700BF043001410B4A0C4BB4
:100E7000D2F8301450B121F08001C2F830141A6A4F
:100E800002F44032B2F5003FF9D1704741F08001E1
:100E9000C2F830141A6AD203FCD570470020014111
:100EA000004001412DE9F04100F01F0301245C28BE
:100EB000884604FA03F44FEA501516D8AD0008EB43
:100EC00005077B681C4201D0BDE8F081104E414609
:100ED000304604F049FB78B135447B686A682343A7
:100EE00014436C607B60BDE8F0810A4B48F203025A
:100EF0001A8005F08DF9E1E7C8F80400C8F8080089
:100F0000C8F80C004146304604F0E6FAE4E700BFBA
:100F1000A0140120EC33002070B500F01F03012461
:100F20005C280E4604FA03F44FEA50151BD8A800BB
:100F300031184B681C4215D00E4DE64333404B60D0
:100F40002B685BB11A185268144203D00AE0526849
:100F5000144207D11B681A18002BF8D128444368A3
:100F60001E40466070BD044B48F203021A8005F033
:100F70004FF9DCE7A0140120EC3300202DE9F0410B
:100F800000F01F0301255C280746884605FA03F593
:100F90004FEA50161DD8124BB6009A1952681542E6
:100FA0000DD01C685CB1A3195B681D4204D0236995
:100FB0003BB14146384698472468002CF3D1BDE840
:100FC000F081084B48F205021A8005F021F92369E7
:100FD000EFE7044B48F204021A8005F019F9DAE74A
:100FE000A0140120EC330020074B420903EB8203DD
:100FF00000F01F005A68012303FA00F0104214BFEA
:1010000018460020704700BFA0140120430901EBDF
:10101000830100F01F0001234A6803FA00F0104228
:1010200014BF184600207047024B0022C3E901227A
:10103000DA607047A014012070B5054616460A70A4
:1010400000242B7BA34200D870BDA96804EB4403A5
:1010500001EB83031A78B24202D15B6803B198476F
:101060000134E4B2EDE72DE9F047984691F90030FC
:10107000002B05460C4692460EDA00220421494810
:1010800005F0A8FA297948482278534605F0AAFACB
:101090006F21444806F098FA4FF000094F4609E0E6
:1010A0002E6806EB8706013733781A06FFB207D59C
:1010B00083F080092B79BB42F2D80020BDE8F0878D
:1010C000B9F17F0F02D022784A45F3D17F2B01D0AE
:1010D0005345EFD17378FF2B0ED02378089A63F035
:1010E0007F0323706B69707841469847237803F03B
:1010F0007F0323700028DDD0F3787F2B01D00027F9
:1011000025E0B378FF2B0CD02378089A63F07F0397
:1011100023702B69B07841469847237803F07F030A
:1011200023700120CAE707EB4703A96820789B00DA
:1011300019440A78824208D1896831B162F07F028D
:101140002270AA6813449B6898470137FFB22B7B33
:10115000BB42E8D8F37863F07F032370B078FF28B0
:1011600003D02B69089A41469847237803F07F0300
:10117000237000262B7BB3422378CFD906EB46029F
:10118000A868920010440178994208D1436833B1AD
:1011900061F07F012170AB681A44536898470136AB
:1011A000F6B2E7E7587204015E72040107B5002346
:1011B0000093FFF758FF03B05DF804FB13B500245C
:1011C0000094FFF750FF02B010BD00BF014B022298
:1011D0001A707047A81501201A4A517941F0800110
:1011E000517113695907FCD4938A9BB2834224D866
:1011F00003449BB249F6404083420ED91149D08343
:101200000A691206FCD4104A03F5C7434033D38061
:101210000C4B20225A729A7270470C48094910B43C
:1012200001240470D3830B691B06FCD4054B5DF8C5
:10123000044B20225A729A727047044B01221A7092
:10124000FBF710BD00140040A81501202B2E012033
:1012500070B48900154C164A89B2618020705379A8
:1012600043F080035371136913F00403FBD1918A97
:10127000608889B2084449F64045A8420EDD0D4E0B
:101280000B483370D58303691A06FCD4638819446C
:1012900001F5C7414031E18070BC704780B204491C
:1012A000D0830B691B06FCD470BC7047A8150120C5
:1012B000001400402B2E012008B5074B1B78022B91
:1012C00001D0002008BDFFF7C3FF044B20225A7253
:1012D00001209A7208BD00BFA8150120001400402B
:1012E0000349044B2020022208721A70704700BF85
:1012F00000140040A8150120034B1878A0F102004B
:10130000B0FA80F040097047A815012010B50F4CC5
:101310000F4A2378012B04BF022323700D4B1B7847
:101320002021117273B1FBF79DFC237803F0FF00BD
:1013300003B110BD6188FFF78BFF054B20225A7265
:101340009A7210BDE088FFF747FFEEE7A81501206D
:10135000001400402B2E0120024A137843F00C03A6
:10136000137070470D00014108B5094A1378DBB2CC
:10137000590644BF83F040031370FFF7EDFF054AA1
:10138000137803F0F80343F00303137008BD00BFA4
:10139000040001410A000141134914480A78037806
:1013A00012F0800F03F0FC0310D002F01802082A9C
:1013B00007D143F002030A786FF3C7120A70037073
:1013C0007047102A08BF43F00103F4E7D10706D5A0
:1013D0001A064CBF43F0020343F00103EFE7C2F3E8
:1013E00041021343EBE700BF762E01200D000141BF
:1013F00038B5054604F02CF80F4B93F80B2193F801
:101400000B31D2B2012A08BF0C4903F0FF0408BF18
:101410000A7073B90A4A1378042DDBB20CBF43F08B
:10142000040303F0FB03137008B104F009F820462D
:1014300038BD0124F8E700BFC0480020E7150120AF
:101440000D0001410420FFF7D3BF0020FFF7D0BFFC
:10145000431E012B10D80A4A137803F0FC03034300
:1014600043F004031370074A137860F342036FF3E9
:1014700000031370002070474FF0FF30704700BF2B
:101480000D000141762E0120034B1978034B1A7889
:1014900061F3C4021A7070470D000141762E0120DD
:1014A000024B1878C0F3C100704700BF762E0120B0
:1014B000024A137843F0800313707047762E0120A0
:1014C000064A074B1978137861F346131370DBB2A1
:1014D000D9075CBF43F0010313707047762E0120DB
:1014E0000D00014170B5437884B004465BB90178C2
:1014F00000293FD1236F0BB120469847002384F881
:101500006C3004B070BD012B2DD110F8045C05BB0C
:1015100090F83B20023A012A1BD8027A012A18D0FF
:101520000420E1688DF8052003958DF804000291F0
:10153000002ADFD0114E01A8E0F71CFF039B3046C4
:101540001978FBF791FF9DF805300395002BF2D138
:10155000D0E794F86D3021780BB90029CAD008483B
:10156000FBF782FFC6E7022BC4D101780548FBF7E1
:101570007BFFBFE70448FBF777FFBBE7D84D0401CB
:10158000104E04014C4E0401AC4D0401074B0022E7
:1015900083F8742083F8F02083F86C2183F8E82125
:1015A00083F8642283F8E022704700BF98FF002090
:1015B000F0B5184E83B00023324600BF92F8745045
:1015C0007C3275B10133062BF8D101230DF10701EF
:1015D00046208DF80730FFF7D1FC0027384603B0CE
:1015E000F0BDC3EB43139C00331901215034A3F821
:1015F000741018462946344450221F4606F03EFB1C
:1016000029462046242206F039FB3846BC6403B044
:10161000F0BD00BF98FF002010B48169044A8167C3
:10162000002480F8754082615DF8044BD9F708BF4B
:10163000E514040110B48169044A8167012480F82B
:10164000754082615DF8044BD9F7E4BEE5140401EE
:1016500010B5044659780448FBF706FF14B100237F
:1016600084F8743010BD00BF4C4E0401704700BFB9
:1016700002B9704770B582B00D460446DBF758FAE0
:10168000064600B3826CA3782188937003231180EF
:101690001A4680F8443000212B46DAF789FF0022F1
:1016A00009212B46009106F11C001146DAF790FF44
:1016B000064BB3610122304686F82C2002B0BDE80B
:1016C0007040FFF7A9BF02B070BD00BF6D160401E6
:1016D0002DE9F04782B00746884691469A469DF824
:1016E0002860BDF82C50DBF723FAD0B104465346EE
:1016F00003220021DAF75CFFA06C4FF0090C0670A2
:10170000A0F801504B4604F11C0042463946CDF882
:1017100000C0DAF75DFF204602B0BDE8F047FFF7F2
:101720007BBF02B0BDE8F0872DE9F04182B00546ED
:101730000E4617469846DBF7FBF9A0B14346002258
:1017400001210446DAF734FF092000903B4604F1FA
:101750001C0032462946DAF73BFF204602B0BDE8BE
:10176000F041FFF759BF02B0BDE8F0812DE9F0412B
:1017700082B005460E4617469846DBF7D9F9A0B168
:101780004346002202210446DAF712FF09200090A6
:101790003B4604F11C0032462946DAF719FF204681
:1017A00002B0BDE8F041FFF737BF02B0BDE8F081FD
:1017B0002DE9F04182B005460E4617469846DBF704
:1017C000B7F9A0B14346002203210446DAF7F0FE40
:1017D000092000903B4604F11C0032462946DAF706
:1017E000F7FE204602B0BDE8F041FFF715BF02B09A
:1017F000BDE8F081704737B500250DF106014FF4C3
:101800009B708DF80650FBF7F1FE0DF105011A20D3
:10181000FBF7ECFE154C16495720FBF7E7FE154980
:101820005720FBF7E3FEE069F1F7C8F9206AF1F70A
:10183000D1F9114BC4F80530012363700DF1070194
:1018400003233120E5708DF80730FBF7FBFE9DF890
:1018500005200AB19DF80620637A62F3C30303F002
:10186000F80343F00703637203B030BDA83C0020C7
:10187000C43C0020C83C00200003000F1FB500231B
:1018800001918DF80E30184C20BB0DF10F011A207C
:10189000FBF7ACFE01A95720FBF7D4FE0198E061ED
:1018A000F1F78CF9A3789BB99DF80F30012B0FD17C
:1018B000637A1B070CD50DF10E014FF49B70FBF7FB
:1018C00095FE9DF80E301BB108490220DCF706FC9E
:1018D00004B010BD2162582001A9FBF7B3FE0198A6
:1018E000F1F778F9F4E700BFA83C0020F5170401F0
:1018F000034BD3E9072300280CBF10461846704756
:10190000A83C0020014BD871704700BFA83C0020C4
:10191000014B9871704700BFA83C0020014B587ADA
:10192000704700BFA83C0020024B987044F20A00A8
:10193000EEF792BDA83C0020014B9878704700BF9D
:10194000A83C0020014BD878704700BFA83C00207D
:10195000014B187003F046BFA83C0020014B1872E1
:10196000704700BFA83C0020014B5870704700BF73
:10197000A83C00200379092B34D00D2B03D0082B71
:1019800021D000207047437F022B04D1008C00EB54
:101990001020C0B2704790F8212090F820301344F6
:1019A00090F82220134490F82320134490F8242028
:1019B000134490F82520134490F8262090F827002F
:1019C00013441844E5E7427C037C1344827C1344AF
:1019D000C27C1344027D1344427D1344827DC07D4A
:1019E0001344EEE7037C022B01D1008BCFE7427E4C
:1019F000037E1344827E1344C27E1344027F134449
:101A0000427F1344827FC07F1344DAE708B5FFF7B3
:101A1000B1FF0549C0F3C70200F007030120984059
:101A20008B5C1843885408BDFA49002010B5FFF7B5
:101A3000A1FF0C4BD3F8A04001465CB9C1F3C7022B
:101A4000094801F0070101238B40815C21EA030171
:101A5000815410BD2046FFF78DFF8842F9D02468DD
:101A6000EBE700BFC0480020FA490020F0B51B4B4F
:101A7000D3F8A0300BB91846F0BD1A79092A1FD047
:101A80000D2A08D0082A19D1032917D1D0E90067F7
:101A9000D3E904450EE05A7F8A420FD1022905D1CD
:101AA00004881A8C944209D10120E5E7D0E9006747
:101AB000D3E90845AF4208BFA642F5D01B68D9E775
:101AC0001A7C8A42FAD1022902D104881A8BE9E7EA
:101AD000D0E90067D3E90645ECE700BFC048002025
:101AE00020220021014806F0C9B800BFFA490020B1
:101AF00070B50346114C59689A680068DB68104D50
:101B00000FC4F8F789F90F4A138843F002031380D2
:101B1000F8F792F92B889B0700D570BDF8F77CF990
:101B20002B8843F002032B80F8F786F9064B074811
:101B30001B68BDE870401B69184700BF6833002070
:101B40005E13012076120120503800205438002006
:101B50004FF086430121022219601A60704700BFCE
:101B600008B5F8F759F9084A138823F002031B0453
:101B70001B0C1380F8F760F94FF086430121022215
:101B800019601A6008BD00BF76120120F0B5314C13
:101B90002378012B85B02AD0002B45D0032B2FD1E1
:101BA0004FF244032C491B682C48984763682B4824
:101BB0004FF26002194615681022A84710F0FF0F77
:101BC0001ED14FF2640325481B68984710F0FF0FA1
:101BD00016D14FF2700321481B68984710F0FF0F91
:101BE0000ED1E368ABB105B0BDE8F04018474FF245
:101BF000400319491B681948984710F0FF0FD5D0CA
:101C0000174B42F225021A8004F002FBE368002B16
:101C1000E9D1134B42F225021A8004F0F9FAE36885
:101C200005B0BDE8F040184763680E4D1868596864
:101C30009A68DB68084F0FC54FF2D0036E46A5F1D6
:101C40001002304610211B68984796E8070087E885
:101C50000700C6E768330020783300208C3200206C
:101C6000EC3300209014012008B528B1012801D1DF
:101C7000F8F7D2F8002008BDD7F720F8002008BDFB
:101C800020B1012801D1F8F7D7B87047D7F71EB9AE
:101C900030B5054683B039B101290AD0002303606D
:101CA0004FF0FF3003B030BD012B0DD9084603B013
:101CB00030BD10461946E5F7CBFB02462860101CE4
:101CC00018BF012003B030BD032201200C46019350
:101CD000E5F7B6FB024628600028F0D0019B012BF7
:101CE000EDD1234622462146E5F7C0FBA0F10100D5
:101CF000B0FA80F04009D5E710B504460068E5F772
:101D00001DFF00232360012010BD00BF08B500683F
:101D1000E5F76EFDA0F10100B0FA80F0400908BDC2
:101D200008B500231A4619460068E5F79FFBA0F1A5
:101D30000100B0FA80F0400908BD00BF00B583B0D3
:101D400000230068019301A9E5F790FC10B903B0E6
:101D50005DF804FB019B5BB1074B4FF080521A60AA
:101D6000BFF34F8FBFF36F8F012003B05DF804FB0B
:101D7000012003B05DF804FB04ED00E008B5006845
:101D8000E5F7C4FEFF2828BFFF20C0B208BD00BF92
:101D9000036813B100231846704710B504460120AC
:101DA000E5F706FC01232060184610BD036843B127
:101DB00010B504461846E5F7C1FE00232360012054
:101DC00010BD1846704700BFFFF7A0BFFFF7A8BFC0
:101DD000FBF732BFFBF7ACBF0120704738B5094BAA
:101DE000094D09221A70FA242B7803F01F03092BDE
:101DF00006D03220013C03F019FB14F0FF04F3D1AC
:101E000038BD00BF020001410100014110B50120B1
:101E100000F06AF8044600F00BF8204610BD10B53B
:101E2000002000F061F8044600F002F8204610BDE2
:101E300038B5012002F0E2FB10B3F7F7EDFF254AB9
:101E4000254D138843F001031380F7F7F5FF2A7837
:101E5000B2B9224C2388DA070CD4F7F7DDFF2388C8
:101E600043F001032380F7F7E7FF1D4B1D481B6874
:101E70001B699847F7F7D0FF01232B70F7F7DCFFBA
:101E8000002002F0BBFB20B3F7F7C6FF114A124D4A
:101E9000138843F002031380F7F7CEFF2A78C2B904
:101EA0000E4C2388DB070CD4F7F7B6FF238843F0EA
:101EB00001032380F7F7C0FF094B0A481B681B6921
:101EC0009847F7F7A9FF01232B70BDE83840F7F7D3
:101ED000B3BF38BDD81501208C1501205E13012039
:101EE000503800205438002030B597B0054602F035
:101EF00085FB28B3284602F053FB01466846F4F7F9
:101F00003DFDD0B19DF802209DF801300E4C03F04C
:101F1000670302F00C02134302BF0C4B93F83830F6
:101F20008DF820302388684623F00103238001F0D8
:101F3000B1FF238843F001032380284602F03AFBD7
:101F4000002017B030BD00BFDE290120383100204D
:101F5000F0B59DF814501F466B1E062B164601D98E
:101F6000FF2D16D10B4C94F8C530D4F8C01094F85E
:101F7000C42001EB03110133DBB29A42088198BF00
:101F800000239DF918008D72C1E90067C87284F8BA
:101F9000C530F0BDC0480020F0B5144D95F8C470B0
:101FA000D5F8C0400023DEB2B74202D895F8C6008B
:101FB00019E026464FEA031CB6F808E0864503F10F
:101FC000010304F11004EED1B47AFF2C0CD00848C0
:101FD000204410F8013C0B70D5F8C0306344002059
:101FE00093F90B301370F0BD0120FCE7C0480020CE
:101FF000BA7E04012DE9F043164D95F8C4E0D5F8FA
:10200000C040894680460021C8B2864502D895F86E
:10201000C6001BE02046D0E900674F4508BF464593
:102020004FEA011C04F1100401F10101ECD1807AA6
:10203000FF280DD008490144002011F8011C11703F
:10204000D5F8C020624492F90B201A70BDE8F083E5
:102050000120FBE7C0480020BA7E040170B5124C95
:1020600040F201102146FBF7C1FA211F4FF4017025
:10207000FBF7A2FAA4F1C4022178D2F8C0304FF6DF
:10208000FE7003EB011100240025FF268B4204D1D2
:102090004FF00003A2F8C53070BD1881C3E90045B8
:1020A0009E721033F2E700BF84490020014B83F891
:1020B000C6007047C048002070B47E2A41609DF879
:1020C0000C609DF8105012D80478067462F347042F
:1020D00001EB820265F3000491420381047004D293
:1020E0000023CB7004319142FBD370BC7047034B8B
:1020F00048F2010270BC1A8004F078B8EC3300207A
:1021000010B404784368640803EB8404A34203D347
:102110000FE00433A3420CD2D8780028F9D01888F5
:102120008842F6D198789042F3D101205DF8044BB3
:10213000704700205DF8044B704700BF2DE9F04167
:10214000074690460E46FCF7A9FDF9683D787B6886
:102150003C89411A6D08B1FBF4F2FE2A03EB8505B8
:1021600031D9FF22AB4238BF194608D2CC7894420D
:1021700094BF241BA41ACC700431A942F6D3F86092
:10218000AB4229D20021D87810B11A88B24212D0BD
:10219000B9B1CA78824288BF19460433AB42F2D340
:1021A0003B78DB0713D50E8081F802803B7CCB7037
:1021B0000120BDE8F0819A784245E9D10020BDE8D0
:1021C000F0811946E9E7A142DAD3D2B2CAE7CB7867
:1021D000002BE8D00220ECE73B7813F0010F14BF8E
:1021E00001200220E5E700BF30B4047843686408AA
:1021F00003EB8404A3420CD20025D87830B11888B0
:10220000884203D19878904208BFDD700433A3421E
:10221000F3D330BC704700BFD1F777BA10B504468E
:102220000068D1F7BFFF606010BD00BF10B5044665
:102230000088D2F703F8606010BD00BF10B50446F7
:10224000D0F72DFB003018BF0120207010BD00BF5B
:10225000D0F79EBBD0F722BCCFF7F6BC10B5044632
:10226000CFF7FEFC207010BD10B50446CFF70CFD73
:10227000207010BDD0F700B910B50446D0F70CFFA0
:10228000207010BDCFF76CBBCFF77BBBCFF793BBF4
:10229000CFF7CBBBCFF7F0BBCFF717BC10B50446D9
:1022A000CFF72AFD207010BD90F82400D0F700BCB5
:1022B00010B50446D1F726F8206010BD064A074B3A
:1022C000126898604FF482710020586019800AB13A
:1022D00018461047704700BF0038002058380020CB
:1022E000064A074B1268986041F204510320586077
:1022F00019800AB118461047704700BF0038002007
:1023000058380020064A074B1268986041F2045181
:102310000420586019800AB118461047704700BF62
:102320000038002058380020064A074B1268986091
:1023300042F604210120586019800AB1184610475E
:10234000704700BF0038002058380020084B09486B
:102350001B6810B4002102240422C0E9014102805C
:1023600013B15DF8044B18475DF8044B704700BF8C
:10237000003800205838002038B5094B094D092293
:102380001A70FA242B7803F01F03092B06D0322091
:10239000013C03F04BF814F0FF04F3D138BD00BF4B
:1023A00002000141010001412DE9F347434A444B3A
:1023B00092F812411B789446DBB27CB103F01F0304
:1023C000192B1EBF3F4B19221A7019238CF80A31A2
:1023D00003783D4A5B002433DBB2137002783B4C38
:1023E000551EEDB205F003066670002E3AD003329A
:1023F000921BD2B2364FE368A2704FF00009AD1BBA
:10240000676084F8089000EB050800BF5FFA87FE5C
:10241000724529D8B9F1000F03D0E360676084F8F2
:1024200008E02C4D8CF808110120DFF775F92B68B6
:102430000193019AD34303F0010353400193019B9D
:102440002B60012002F0F2FF2B680093009B23F029
:1024500001030093009B2B6002200123237002B034
:10246000BDE8F0872A46C5E7754515D000EB0E0993
:1024700010F80EE099F8023099F801A01B0443EA25
:102480000A2343EA0E0399F803E043EA0E6347F890
:10249000043B4FF00109B9E76EB1012E435DF6D060
:1024A00098F801E0032E43EA0E23F0D198F802E0F9
:1024B00043EA0E43EBE73346E9E700BFC04800209C
:1024C00001000141020001414700014100150120C6
:1024D0000001014100400141012804D002280CBF45
:1024E000E92000207047E120704708B5054B0078CF
:1024F0005B68FFF7F1FFD8761846BDE80840F3F7B0
:10250000E9BD00BFC048002038B50D46022326496A
:1025100003708B7E5A1C8A76C37095F82A20437804
:1025200062F345134370B0F8013023F44F5323F0A6
:102530001F03044643F00103A0F80130A378287F6D
:1025400060F38713A3706A7F62F38303A3702B8BFE
:10255000A380D5E908230228C4E902230B8C238237
:102560001BD1CB8C23836B69236595F8283084F8C5
:102570005430A378C3F38102012A0DD97F2B0BD9E4
:10258000228AA3889A4207D195F82A301B075EBF9A
:10259000637843F04003637038BDEFF7C1F9D0E9C9
:1025A0000023C4E90623DEE73831002038B51E4D8C
:1025B0006C6894F82920A38BA27694F82820B3F5B0
:1025C000407F14BF742370239A4206D9E523E37633
:1025D0002046F3F77FFD002038BD94F82A305B07D2
:1025E00003D52046FBF7A6FEF5E7214605F13800A6
:1025F000FFF78AFF94F82B3085F89930237F13B1C9
:10260000012385F89930094B094893F82330002BB2
:1026100014BF0123022385F89030064BC5F894308F
:10262000F4F77AFB0120D7E7C048002038310020BA
:10263000F0480020EB24040110B50146044605488B
:1026400002F092FF00B110BD21460248BDE81040E3
:1026500002F042BFF4150120014B00221A607047BE
:10266000F41501202DE9F04383B006460F4690464D
:102670009946BDF82850DAF75BFAC0B104464B46DC
:1026800002220021D9F794FFA06C4FF0030C0580C3
:10269000434604F11C003A463146CDF800C0D9F754
:1026A00097FF204603B0BDE8F043FEF7B5BF03B087
:1026B000BDE8F0832DE9F04782B007468846914691
:1026C0009A469DF828609DF82C50DAF731FAC8B187
:1026D0000446534602224021D9F76AFFA06C4FF00E
:1026E000030C067045704B4604F11C004246394607
:1026F000CDF800C0D9F76CFF204602B0BDE8F04726
:10270000FEF78ABF02B0BDE8F08700BF2DE9F041B7
:1027100082B005460E4617469846DAF709FAA0B188
:102720004346002201210446D9F742FF03200090CE
:102730003B4604F11C0032462946D9F749FF2046A2
:1027400002B0BDE8F041FEF767BF02B0BDE8F0811E
:10275000F8B506460F461546DAF7EAF990B1044691
:102760003B4602220021D9F723FFA36C31461D808E
:10277000012204F11C00DAF7E9F92046FEF74CFFCC
:102780000020F8BD8920F8BD014B1B685B69184724
:10279000E0350020F0B585B0E8F78AFD00F0F0F9EB
:1027A0003B4B3C4C18683C4D3C4F20F49F704FF223
:1027B000D02320F001001B6840F01200984703F07E
:1027C0005DFFE7F70BFDF1F76BF902F07BF800F026
:1027D000C1FFFAF747F800F02FF905F0DFF8022003
:1027E000E8F70EFD2E4A22602E4B2F492F48304A23
:1027F0006360A160E060256162612E4B2E492F4825
:102800002F4D304AA361E16120626562A2622E4BC6
:102810002E4A2F492F48304DE36221632F4B6063CE
:1028200005211820C4E90E52236403F081FA2C49D3
:102830000020E5F779FC2B4B042218601021384664
:1028400001F0D2FF00250DF10500CDE90155ADF8ED
:102850000C50F0F70EFE9DF8043060F300030DF10C
:102860000D008DF80430F0F733FE9DF8046001ABE5
:102870002A46394660F3410620468DF8046002F08E
:1028800031FF01F085FC00F04DFE05B0F0BD00BF4A
:102890000024014408380020211D040104380020D0
:1028A000691C0401811C0401911C04010D1D04011B
:1028B0003D1D04017D1D0401E9470401494804014F
:1028C000614804019D480401B1480401D11D04017F
:1028D000054804011948040131480401D51D0401CB
:1028E0001C5204016C38002004450301104503010B
:1028F000415F0201144503012C45030134450301E6
:10290000856202013C450301804503018C450301BA
:102910004962020198450301104603011C46030168
:10292000355F02012046030144460301504603017E
:102930000D5F0201584603018046030194460301DE
:10294000F95E020194460301984603011045030114
:10295000F15E0201A8460301BC46030110450301D4
:10296000E95E0201C8460301E8460301F44603019B
:10297000D15E0201FC46030124470301F446030132
:10298000B55E020130470301544703019446030139
:10299000955E02019446030164470301104503015B
:1029A0008D5E0201744703018C4703015046030109
:1029B000655E0201A0470301D847030110450301EA
:1029C0005D5E020174470301E84703011C460301F1
:1029D000D55D0201FC470301144803011C460301B5
:1029E000855D02012C480301544803011045030191
:1029F0007D5D020164480301784803013445030109
:102A00001D62020184480301B44803018C4503019F
:102A1000E161020198450301000000000000000090
:102A200000000000000000000000000000000000A6
:102A300000000000000000000E4A012330B41360C3
:102A4000936813F00103FBD14FF48051116053617F
:102A50005469094807492043022540F65F14506134
:102A6000D5635364936414648B68002BFCD130BC31
:102A7000704700BF003C004000014040044A13681A
:102A800043F00203136093689B07FCD4704700BFB8
:102A9000003C0040044A136823F00203136093686B
:102AA0009B07FCD4704700BF003C0040034B1A6BEF
:102AB00012065ABFD866012000207047003C004033
:102AC000034A93681B06FCD4106C80B2704700BFA9
:102AD000003C0040054A53699BB25361536943EA85
:102AE000014141EA00615161704700BF003C004074
:102AF000054B1A6B92065DBF40EA0120A3F8640003
:102B000001200020704700BF003C0040074A537975
:102B100043F08003537193685B07FCD4034A5379F5
:102B200013F0E00FFBD1506B80B27047003C0040C7
:102B3000024A50639368DB06FCD47047003C0040B7
:102B4000044A537943F06003537193685B07FCD4E4
:102B5000704700BF003C0040014B01229A62704761
:102B6000003C0040014B01225A627047003C00408B
:102B7000024BD86AD862DB6A704700BF003C004055
:102B800030B44FF0884200BFD2F800319905FBD530
:102B9000434A536823F4704343F480535360536AA9
:102BA000DB07FCD54FF088423E4B3F493F4D0020AC
:102BB000C2F8B0004FF400740120C2F8B050C2F85F
:102BC000B0101C60194698600B6813F00103FBD12C
:102BD0003748334AB0F8BA44344D44F00204A0F800
:102BE000BA44B0F8BA4404F0FD04A0F8BA444FF077
:102BF0008840D0F8004124F07F44C0F80041046DC3
:102C000044F0405444F00C040465D46824F07E047D
:102C100044F00404D460C0F8B030234C254BC0F815
:102C2000B050C0F8B0400B62536A03F00303032BAB
:102C3000FAD11C4A204B136001239360136813F0F0
:102C40000103FBD14FF0884148F20900C2F850015E
:102C500040F201254FF40044184815679467092590
:102C600008660F4A164C0B6743F6EE70C1F88030C9
:102C7000C1F89050C1F8C040C1F8D030C1F8E000B0
:102C8000536843F010035360136843F0887343F0B4
:102C900010034FF03330136030BCC1F8B000704700
:102CA00000400141000A0044AA996655556699AA58
:102CB00000200141280001C005012000099090007A
:102CC000CF0381202DE9F04383B005460E46174619
:102CD00099469DF82880D9F72BFFA0B14B46414675
:102CE00000220446D9F764FC062000903B4604F11C
:102CF0001C0032462946D9F76BFC204603B0BDE8DC
:102D0000F043FEF789BC03B0BDE8F0832DE9F0473E
:102D100082B00746884691469A469DF828609DF8FD
:102D20002C50D9F705FFC8B1044653460222402172
:102D3000D9F73EFCA06C4FF0060C067045704B4670
:102D400004F11C0042463946CDF800C0D9F740FCDA
:102D5000204602B0BDE8F047FEF75EBC02B0BDE819
:102D6000F08700BF2DE9F04F83B080468946924638
:102D70009B469DF83070BDF83460BDF83850D9F7E7
:102D8000D7FEE0B104465B4605224221D9F710FC8C
:102D9000A06C4FF0060C0770A0F80160A0F803507B
:102DA000534604F11C004A464146CDF800C0D9F70D
:102DB0000FFC204603B0BDE8F04FFEF72DBC03B07A
:102DC000BDE8F08F2DE9F04182B005460E4617466A
:102DD0009846D9F7ADFEA0B14346002241210446F2
:102DE000D9F7E6FB062000903B4604F11C00324672
:102DF0002946D9F7EDFB204602B0BDE8F041FEF7C9
:102E00000BBC02B0BDE8F081084B41F202029852BF
:102E1000074A118041F204015A5842F480125A5074
:102E2000044A1368DB02FCD4704700BF0020014154
:102E30000030014104300141094B41F2020241F2EC
:102E4000040198525A5842F480225A5019440A6890
:102E50005203FCD441F22802985880B2704700BF58
:102E6000002001412DE9F04117460D46ED1B0135CB
:102E7000012406469846AC40FFF7DEFF013C04FA09
:102E800007F504EA080420EA0500BC400443A1B2A7
:102E90003046BDE8F041FFF7B7BF38B515460C46E0
:102EA000641BFFF7C9FF01340123A340013BAB4082
:102EB0001840284180B238BD074B41F614615A587A
:102EC00042F004025A5019440A685207FCD441F6F1
:102ED0000C62985880B270470020014170B58000A4
:102EE00086B2FFF7E9FF054600BF00BF00BF082418
:102EF000B44200D370BDFFF7DFFF854288BF04F204
:102F0000E244641B10FA84F4A4B20546F0E7F8B575
:102F10004FF47A744CF2503360430025B0FBF3F465
:102F20001E46A7B203FB1404BD4207D164B14FF69D
:102F3000F8702040BDE8F840FFF7D0BF30460135BB
:102F4000FFF7CCFFADB2EFE7F8BD00BF10B5064B01
:102F500000785C68FFF7C0FA84F82C002046BDE8D2
:102F60001040F3F7B7B800BFC048002038B5038859
:102F7000154D23F4FF6323F0070343F4427343F03A
:102F800003030380AB7E5A1CAA76B0F80120C370FD
:102F900040F6274313406FEA83436FEA9343A0F858
:102FA00001302B8C03820446EEF7BAFCD0E90023F3
:102FB000C4E906232B8C2384EB8C638495F838308A
:102FC00084F8243038BD00BF38310020F8B5224DD8
:102FD000224F6C683B8C2385032684F82A60EEF729
:102FE0009FFCD0E90023C4E90623D4E9022384F836
:102FF0002B60A67CC4E9082336B9204684F82C60EF
:10300000F3F768F83046F8BD05F13800FFF7AEFF7A
:103010004FF6FF73AB87D4E90223C5E91023238A57
:10302000A5F85E30B5F8393023F4426343F44263C7
:10303000A5F839300A4BC5F8943097F82330002BA7
:1030400014BF0123022305F1300085F89030F3F717
:1030500063FE0120D7E700BFC048002038310020C0
:103060004D2F040107B5837813F0C00F18BFD0E9C6
:103070000623684618BFCDE90023F3F7D9F903B05A
:103080005DF804FB10B50E4C22681AB182420BD1D8
:1030900003682360417A007AFCF7C8F9236873B9A2
:1030A000BDE8104004F065BB1368002BF2D08342EA
:1030B00002D103681360EDE71A461B68F5E710BDFF
:1030C000FC150120F8B5054608460C461746FFF7E3
:1030D000D9FF0B49EB1963600B6800203BB92360F3
:1030E00060B90C602846BDE8F84004F02DBB5E686E
:1030F000F61BB542F3DB18461B68EFE70460F8BD2A
:10310000FC15012038B504F02FFB0A4C0546236856
:103110007BB15868401B002803DDBDE8384004F04F
:1031200013BB597A187AFCF759F923681B68236096
:10313000EDE738BDFC15012038B504460D4604F016
:1031400013FB294602462046BDE83840BAE7FFF7A0
:10315000F3BF97E7044B1B680BB9184670478342CF
:10316000F9D10120704700BFFC15012010B544685B
:1031700004F0FAFA201A10BD08B5FE21024804F046
:1031800023FA002008BD00BF947E040138B50C4628
:10319000054604F0E9FA02466068824283BF101ACD
:1031A0002146281A214698BF2846BDE8384089E7BD
:1031B000FFF7ECBFF0B540F2FF7681EA030C16EAA8
:1031C000115E1EBFB64516EA1355B54252D021EA2C
:1031D000465141F48011A1FB024723EA465343F4D0
:1031E0008013AE44A0FB03650CF0004C36197D4102
:1031F000A1FB034747F10003A0FB0217F619654145
:1032000053F10003094218BF46F0010640F2FE7474
:10321000B3F5007F13D2AEF5806EA64523D24CEAFB
:103220000331280341EA155140EA1650320345089C
:1032300072F1004250F1000051EB0E51F0BDAEF2C0
:10324000FF3EA6450FD24CEAC321E80241EA5551A0
:1032500040EA5650F202450872F1004250F1000077
:1032600051EB0E51F0BD1EEA0E0F2DD50CF00041B2
:103270000020F0BD16EA115F04BF01F000410020FC
:10328000004218BF41F0010116EA135F04BF03F0CA
:1032900000430022124218BF43F0010306EA135410
:1032A000B44218BFB64503D00CF000410020F0BD79
:1032B00021F0004123F00043B1EB065F0CD8B3EBE3
:1032C000065F09D841B13BB10CF0004141F0FE412D
:1032D00041F470010020F0BD40F20001C7F6F87122
:1032E0000020F0BD2DE9F04F0E4649683568D6F84C
:1032F0000890F7688BB0CDE903230029ACBF25F017
:103300000205012115F010030593039B8346D3E9C1
:1033100000232FD052EA03002CD0A9F1020834690F
:1033200015F0080004F1FF3408904FF00000385504
:1033300018BF08F1FF388A46012C1DDC059B002BC5
:1033400054D1089B13B1013C20233B5532690095B1
:10335000013A4B46121B3919584602F0F3FDDBF8CF
:103360000430DB0503D573689842B8BF18460BB02C
:10337000BDE8F08FC846D2E752EA030009D1BAF19E
:10338000000F06DCA8EB010050440028D6DDA8079A
:10339000D4D502F00F000928D4BF00F1300E00F19F
:1033A000570E0498A0F1410CBCF1190F04F1FF3441
:1033B00010D84EF0200CACF1610CBCF1190F09D8FB
:1033C00070460991CDE9062304F007FDDDE90623E7
:1033D00009998646100940EA03704FEA131C07F862
:1033E00004E00AF1FF3A02466346A5E7039BD3E9EE
:1033F000000150EA0103A4D03A19049B02F8013CF1
:10340000023C30233B559CE730B5104C8DB042F662
:10341000016306908DF81C10089204F11805ADF8B0
:10342000103000BF54F8043B03B19847AC42F9D1C7
:103430000CAB13E90F008DE80F0004AC94E80F000B
:10344000EBF724F900200DB030BD00BFBC1D0120FA
:10345000F8B5012200211420E1F7BBFF1A4B1B4CE9
:103460001B4EDFF878C0074693E8070004F1180305
:1034700083E807000FCE04F13C050FC59CE8070068
:10348000366825F8026B04F16003360C2E7003C316
:1034900010491A80032501230420FF2208266372A5
:1034A000E374267184F8740084F87920A4F8E45059
:1034B000A57307C904F1D00303C307491A80A4F810
:1034C000EC50B961F8BD00BF2C7404010025012047
:1034D0003C7404015C74040151160401507404012D
:1034E0002DE9F04182B005460E4617469846D9F7B9
:1034F0001FFBA0B10022434611460446D9F758F8F5
:10350000002000903B4604F11C0032462946D9F7C2
:103510005FF8204602B0BDE8F041FEF77DB802B08A
:10352000BDE8F081194BDA684FF6FF010A4042F01E
:10353000BF6242F40032DA60BFF35F8F62B6144AB2
:10354000E02183F8231082F801130220106082F832
:1035500003130820106082F80C134FF480501060A1
:1035600082F811134FF4003111605A6A42F480223C
:103570005A625A6942F010025A615A6A0A435A6200
:103580005A6A42F480325A62704700BF00ED00E090
:1035900000E100E0BFF35F8F62B67047EFF3108089
:1035A00072B6BFF35F8FB0FA80F04009704700BF7A
:1035B00018B1BFF35F8F62B6704772B6BFF35F8F0B
:1035C000704700BF10B4EFF3108472B6BFF35F8F83
:1035D000002820DB43099B0003F1604303F56143AE
:1035E00000F01F001A6801218140C24002F0010072
:1035F000C3F88010BFF34F8FBFF36F8F2CB172B63B
:10360000BFF35F8F5DF8044B7047BFF35F8F62B607
:103610005DF8044B70470020002CF0D1F5E700BFA7
:1036200049B1002807DB044A00F01F0101234009CB
:103630008B4042F82030704700E100E0F8B5274C9D
:103640002568024675B9E11C21F003010B1D04F643
:103650000400C01AC1E90155C4F80408C86001207B
:1036600023600874002A36D002F10F0121F0030113
:10367000D4F80408043181422DD8256800234FF086
:10368000FF37EDB9D3B19E68761A142E0AD95D18AA
:10369000AE601E6806B17560C5E9006301262E7331
:1036A0001D6099609D6800211973401B1033C4F898
:1036B000040803D0184604F0E1FA03461846F8BDA2
:1036C0002E7B36B1AE68B14203D8BE423CBF2B461A
:1036D00037462D68D5E70023F0E700BF38EA002021
:1036E00010B5FFF7ABFF044618B97721024803F085
:1036F0006BFF204610BD00BF617E0401144A1368B1
:10370000103823B3984220D1012119739868D2F858
:1037100004180144C2F804185A684AB1117B39B13F
:10372000916801449160196801B14A605B68196051
:103730001A6862B1117B51B19068996812681A6079
:10374000014499601AB1536070471B68D9E770470C
:1037500038EA00200D4A012330B41360136913F0D6
:103760000103FBD11020106003254FF6FF10084C19
:10377000157306499083332501209572236050729A
:103780000B69002BFCD130BC704700BF0014004017
:10379000A0150120044A136843F002031360136963
:1037A0009B07FCD4704700BF00140040044A136814
:1037B00023F00203136013699B07FCD4704700BF1A
:1037C00000140040004870470090D0034001034AB5
:1037D000C0B250711369002BFCD170470014004037
:1037E000074A537943F08003537113695B07FCD494
:1037F000034A537913F0E00FFBD1908A704700BF62
:1038000000140040024A90821369DB06FCD4704722
:1038100000140040024A908313695B06FCD4704791
:1038200000140040014B988B704700BF001400400B
:10383000014B186059607047A0150120074B5A7A58
:1038400052B13321064A987A99721368C0B21BB1FB
:1038500010B1516813681847704700BF001400404A
:10386000A0150120A0380401260000003839040109
:1038700005000000A9D6020171D302019FD1020107
:10388000FF00000031D30201CDD10201E9D10201D4
:10389000000000008DD2020165D20201FF0000008D
:1038A0008000000000FF0001810000000100010213
:1038B0000101020B01FF0302820000000202040367
:1038C00002FF020B030305098300000004FF060446
:1038D00005FF11008400000001FF070585000000BE
:1038E00006FF0806860000000704090707050B0805
:1038F00007060A0007070C0007080D0007FF0B0862
:103900008700000008FF0E008800000009090F0072
:10391000090A0F0009FF110B890000000AFF100BB4
:103920000BFF100B07FF100B8A00000001FF060BB6
:103930008B00000001FF12000000000095D1020181
:10394000000000000200000097D10201000000000A
:103950000600000099D102010000000008000000EC
:103960009BD1020100000000090000009DD102016E
:1039700000000000704700BF08B5E2F787FB14495C
:1039800001F11800DFF770F9FDF700FEFFF760FDA9
:10399000F5F712FA03F0E2F803F038F9F4F7CCFF88
:1039A000FCF782FB03F056F803F004F903F05AFA2F
:1039B00003F07CF8FCF7EAFF03F0A4F800F008FD40
:1039C000F0F7E2FBE5F71EFABDE80840F4F77EBB2E
:1039D0007028012010B58CB00DF106012920F9F7EF
:1039E00005FE9DF8063063B906AC00F065F90122CA
:1039F0001F4B8DF818202046089300F07BF90CB07F
:103A000010BD02A92A20F9F7F1FD04A90620F9F753
:103A1000EDFDDDE90401DDE90223994208BF904292
:103A20001AD00DF107012F20F9F7E0FD0DF1050186
:103A30001A20F9F7DBFD9DF80730002BD4D106AC36
:103A400021462020F9F7D2FD20460021C4F7BEFA16
:103A50000020C4F751FBC8E70DF107012F20F9F74B
:103A6000C5FD0DF105011A20F9F7C0FDE7E700BF1C
:103A7000B4280120704700BFF5F70EBAF5F782B9F8
:103A800010B4034600F180041A78184608332AB9A6
:103A9000A342F9D110465DF8044B70470023436000
:103AA00003608371037083800B785DF8044B0133EE
:103AB0000B70704743880BB943783BB103780BB167
:103AC000002070470123037018467047184670475E
:103AD00030B4044602F1800502E00832AA420BD05D
:103AE0005388A3421046F8D153788B42F5D113780E
:103AF000002BF2D130BC7047002030BC704700BFB3
:103B000030B4024601F180040020012502E00831B2
:103B1000A1420FD04B889342F9D112B94B78002BB8
:103B2000F5D00B78002BF2D10D7008310130A14295
:103B3000C0B2EFD130BC704730B4C0B1904213D3A3
:103B400002F1780398420FD802F10803044680324C
:103B500007E0A34204D91D7815B95D888D4204D0D1
:103B6000083393421846F4D1002030BC704702F16C
:103B700080041378104613B953888B42F5D008326D
:103B80009442F6D1F0E700BF38B5094B094D092240
:103B90001A70FA242B7803F01F03092B06D0322069
:103BA000013C01F043FC14F0FF04F3D138BD00BF29
:103BB000020001410100014130B585B001F060FC17
:103BC000022001F033FC01F059FC022001F02EFC30
:103BD000FCF71CFC274B00251D70274B082483F89D
:103BE0000B5183F80A4101F06BFC244A137843F02F
:103BF00020031370224B1C70224C8DF8005094F857
:103C000038308DF808306846DCF756FF94F84030BD
:103C10008DF80830684602238DF80030DCF74CFF41
:103C200094F841308DF80830684603238DF8003051
:103C3000DCF742FF94F833308DF80830684684236F
:103C40008DF80030DCF738FF94F842308DF80830FA
:103C5000684604238DF80030DCF72EFF0A4A1378FB
:103C600043F080031370EDF75BFE084B02781A7087
:103C700005B030BDE7150120C04800202E000141ED
:103C80000E000141383100200C0001412D0001419E
:103C9000074A106858B1C3680021083011602BB979
:103CA000044B4CF202721A8002F0B2BA1847704705
:103CB0000C160120EC330020014B00221A607047E3
:103CC0000C16012028B9094B4FF441421A8002F02A
:103CD0008DBAC3681BB9054B4CF20112F6E7044BD1
:103CE000186000230372022000F02ABFEC3300208A
:103CF0000C160120037837B5022B4FF0000504465F
:103D000005740CD0042B0CD0012B14D1806800F169
:103D10000801CAF7CFFB030401D50423237403B0C1
:103D200030BD29468068C4F751F9284603B0BDE884
:103D30003040C4F7E1B986230374F0E730B5037867
:103D40000024012B85B005460474447004D0022B76
:103D50000FD0862303740CE08368D3E9002302A804
:103D6000CDE90223C9F792FC0304019003D5022395
:103D70002B7405B030BDCAF787FB0028F7D0AA68BE
:103D800023460832C15CD1540133102BFAD11823D9
:103D90006B70EEE7F8B5144E96F90030002B0EDB91
:103DA000124F0D46044600BF57F823202946013B19
:103DB00020463370904796F90030002BF4DA4FF02C
:103DC00088430B4A0B4C0C4800250121C3F8B05026
:103DD000C3F8B040C3F8B0001164136C00BF00BF5B
:103DE00000BF00BFFEE700BF662E012020140120A7
:103DF000000A0044556699AAAA99665510B103882D
:103E0000032B00D070474FF08843094A094830B46B
:103E10000121094C0025C3F8B050C3F8B040C3F8E5
:103E2000B0001164136C00BF00BF00BF00BFFEE70D
:103E3000000A0044AA996655556699AA08B503F088
:103E4000D9FB044803F0C8FB0348BDE8084002F072
:103E5000B5B900BF953D0401FD3D040138B5094CDD
:103E6000237D032B054606D8074944F823505A1CE6
:103E70000B70227538BD5B21044803F0A5FB237D40
:103E8000F2E700BF20140120662E0120847E040189
:103E9000704700BF13B5028900238DF806308DF8F6
:103EA00007304FF6F7739A4204464FF0010399BF6B
:103EB0000DF106014F200DF10701522094BF8DF83E
:103EC00006308DF80730FDF759F8A37803F0C003EA
:103ED000802B13D104F1560204F15501208BFEF71B
:103EE0005BF8C8B92378013B0A2B15D8DFE803F04B
:103EF0001116141A1E14221430343C00C02BF1D1B8
:103F000004F1560304F15502D4E90601FEF772F8F4
:103F1000E7E72046E8F794FF02B010BD2046F5F72A
:103F200059FCF9E72046F4F733FEF5E72046F4F7AD
:103F300087FEF1E794F857309B0705D12046FAF742
:103F400029FA08B1F2F788FA2046F5F71FFCE3E7F3
:103F50002046FFF787F8DFE7054B93F83130002B59
:103F6000DAD0F2F77BFAD7E72046E9F72FF8D3E764
:103F700038310020024B012283F83120704700BF06
:103F800038310020024B002283F83120704700BFF7
:103F90003831002000018DF6CB527BD1E84F29C08B
:103FA000B0E1E5C774B4AA4B992B605F583FFDCCD4
:103FB000FF40EEB23A6E5AF1554DA8C9C10A9815A4
:103FC0003044A2C22C45926CF3396642F235206F20
:103FD00077BB59191DFE37672D31F569A764AB13FF
:103FE0005425E909ED5C05CA4C2487BF183E22F030
:103FF00051EC6117165EAFD349A63643F44791DF03
:104000003393213B79B7978510B5BA3CB670D0068B
:10401000A1FA8182837E7F809673BE569B9E95D93E
:10402000F702B9A4DE6A326DD88A84722A149F8896
:10403000F9DC899AFB7C2EC38FB8654826C8124AE2
:10404000CEE7D2620CE01FEF11757871A58E763D38
:10405000BDBC86570B282FA3DAD4E40FA92753043D
:104060001BFCACE67A07AE63C5DBE2EA948BC4D5F1
:104070009DF8906BB10DD6EBC60ECFAD084ED7E3D1
:104080005D501EB35B2338346846038CDD9C7DA0F5
:10409000CD1A411C10B50A4C2388DB0600D510BD93
:1040A000F5F7BAFE238843F010032380F5F7C4FE2A
:1040B000044B05481B68BDE810401B69184700BF4A
:1040C0005E1301205038002054380020134B70B587
:1040D0001A88134D00242B8813402341DB0703D497
:1040E00001340E2CF7D170BDF5F796FE2B88012216
:1040F000A24023EA02032B80F5F79EFE094B53F8FA
:1041000024401CB12346BDE870401847064B48F2D6
:1041100006021A8002F07CF8F4E700BFDE290120D5
:104120005E13012058750401EC33002010B5084CD3
:1041300000212B20FCF722FF23889BB22BB1208883
:1041400080B2003018BF012010BD02F05DF9F6E723
:104150005E13012010B5CDF77BFF044608B1204661
:1041600010BDCDF7C9FD0028F9D0FFF7DFFF2046CD
:1041700010BD00BF08B5FCF763F928B1034B1888E0
:1041800080B2B0FA80F0400908BD00BF5E13012084
:1041900010B50023074C1A4640F20111402023704D
:1041A000E3F74EF96060F9F777F8BDE8104002F0E8
:1041B00035BC00BF7038002010B52F4C2378C4B038
:1041C0009BB1012B0FD1201D03A94FF0FF3200F04E
:1041D00065FB40B19DF80C30042B1FD0032B33D06E
:1041E000BBB1052B10D044B010BD2448F9F73CF901
:1041F0002348F9F739F92348F9F736F902F0D2F9EB
:104200000123237044B010BD0DF10D0002F0C4F97C
:10421000E9E70DF10D00EDF74BFDE4E7DDF80D40AA
:1042200020686168A2686B4607C39DF80030022BC6
:104230001CD0042B11D0012B09D02046FDF7CAFD5C
:104240000298FDF7C7FDCEE7DEF706FECBE768462E
:10425000EFF7B4FADDF80D40EFE7DDE901200A4B96
:1042600053F822309847DDF80D40E6E76846F5F749
:104270003BFDDDF80D40E0E7703800206874040174
:1042800098740401A07404018C2D01202DE9F04FD5
:10429000036885B003900293002B45D000250F469C
:1042A0001446029B01922E4618E010EB0C0041F1DF
:1042B0000001B0EB040861EB050900214FF0FF306D
:1042C000494508BF404505D3B8680021894508BF66
:1042D000804520D219681E46C1B10B460022D3E9A1
:1042E00001C01146019A94456FEA040EDDD91EEB18
:1042F000000A6FEA0C0C6FEA050040EB010BBAEB09
:104300000C086BF10009D8E7194633461F60396085
:1043100005B0BDE8F08F029A9A42F5D1039B3A604E
:104320001F6005B0BDE8F08F016005B0BDE8F08FFB
:104330000368934207D021B113680B600023136018
:104340000B68184670471B6800211160036018460F
:10435000704700BF036853B11868814207D028B185
:1043600003688B4204D018460028F9D170471846DC
:10437000704700BF10B58CB00CAB0690ADF81C10A8
:104380008DF81E2013E90F008DE80F0045F601643B
:10439000ADF8104004AC94E80F00EAF777F90CB0E0
:1043A00010BD00BF10B58CB00CAB089206908DF814
:1043B0001C1013E90F008DE80F0046F20164ADF800
:1043C000104004AC94E80F00EAF760F90CB010BD9F
:1043D00008B5012240F201211420E0F7FAFF054B55
:1043E00003229A8018B1044A044B4261C361044B12
:1043F000836108BD982E0120A54304017543040183
:10440000511604012DE9F04782B0074688469146CF
:104410009A469DF928609DF92C50D8F789FBC8B1C0
:104420000446534602220021D8F7C2F8A06C40F29D
:10443000012C067045704B4604F11C00424639467B
:10444000CDF800C0D8F7C4F8204602B0BDE8F04768
:10445000FDF7E2B802B0BDE8F08700BFBC4404013C
:1044600021000000B044040101000000ADDB0101A7
:10447000D5DF010159DB010100000000D1D20101AB
:10448000000000008DD3010195D90101000000005A
:1044900001D801015FD301016DD601015FD3010194
:1044A00011D6010149D3010100000000FF00000006
:1044B000020000000000000005D60101800000009D
:1044C0000100027F01FF00018100000002FF0202E3
:1044D0008200000001000C0301FF00010301107FB6
:1044E0000EFF037F00FF007F02FF017F0402047FB5
:1044F0000502057F07050F0907FF0E0A08FF060AD8
:104500000AFF0C0606FF0D7F890000000DFF0E0A52
:104510008A00000000FF0B048400000002FF070572
:104520008500000009FF08008600000002FF09075F
:10453000870000000BFF0A008300000002FF02005A
:1045400037B5164C4FF400702146F9F735F80DF1E8
:1045500006014FF48070F9F749F8BDF8062023688A
:104560002361C4E902330025134404F1180140F229
:10457000252063616560F9F71FF80DF106014FF41E
:104580009770F9F733F8A369BDF80620A362C4E970
:1045900008331344E362E56103B030BD9449002061
:1045A000034A182303FB0020D0F8E00001307047D5
:1045B000C048002010B50446F5F72EFC0E4818231D
:1045C00003FB0400D0F8E020137801331344C0F853
:1045D000E03000231370D0E938239A4202BFD0F8AC
:1045E000DC30C0F8E430D0F8D430BDE8104008BF6B
:1045F000C0E93733F5F720BCC0480020084A18232B
:1046000003FB0020D0F8E030D0F8D820934204D04B
:104610001878003018BF012070470020704700BF95
:10462000C048002007B5102368468DF80430F1F724
:1046300051FD03B05DF804FB38B52F4D2F4C6B7B5B
:1046400084F83B305A1C6A730123EA8C23874FF6A7
:10465000FE7194F83A30A4F850208A4203F0C00367
:1046600041D143F0C00384F83A30EDF759F9D0E96D
:104670000023C4E914232B8C95F83020A4F848308B
:1046800094F85A30A86862F386136A7962F3C71304
:1046900084F85A30FF2384F85930B4F85A3003F0C4
:1046A000C00343F00F03A4F85A30F9F7D9FEAB6802
:1046B0002A7BC4F888001B1A52FA83F384F88C30E2
:1046C0000F4BC4F8943095F8233093B994F8CD305B
:1046D000002B14BF0123022384F890300948BDE861
:1046E0003840F2F719BB022262F3871384F83A309C
:1046F000C1E70123F0E700BF38310020C0480020A7
:1047000025460401F048002010B50468B4FA84F48A
:1047100082B0640921B100F0DFFE204602B010BD76
:10472000074B48F20702CDE900011A8001F070FD45
:10473000DDE9000100F0D0FE204602B010BD00BF50
:10474000EC33002070B50E460546C0B1B9B12C68F7
:10475000F4B1A64207D0164B48F20A021A8001F0C3
:1047600057FD002070BD284600F0DAFE2C686CB1C1
:10477000A368ABB1284661689847012070BD0C4B17
:1047800048F208021A8001F043FDE0E7012070BD05
:10479000074B48F209021A8001F03AFD204670BD2D
:1047A000034B48F20B021A8001F032FDA368E1E7E7
:1047B000EC33002038B50D46044630B129B1294606
:1047C0002046BDE8384000F0CFBE064B48F20C0250
:1047D0001A8001F01DFD29462046BDE8384000F052
:1047E000C3BE00BFEC3300200B4610B51146044693
:1047F00000221846E2F724FE2060003018BF012096
:1048000010BD00BF10B504460846E3F7ABF92060C1
:10481000003018BF012010BD08B509680068E3F733
:10482000A9F9A0F10100B0FA80F0400908BD00BF6D
:104830000B6810B5114604461846E3F7C7F9206027
:10484000003018BF012010BD08B500680023E2F752
:104850000DFEA0F10100B0FA80F0400908BD00BFD4
:1048600010B5002482B000680194234601AAE2F743
:10487000B1FE012802D0204602B010BD019B002BE2
:10488000FAD0054B4FF080521A60BFF34F8FBFF341
:104890006F8F02B010BD00BF04ED00E008B50068E6
:1048A000E2F71EFFA0F10100B0FA80F0400908BD58
:1048B00008B50068E3F74EF9A0F10100B0FA80F006
:1048C000400908BD30B4104A137843F00103137057
:1048D000536813F00103FBD10C480B490225B024A7
:1048E000D46115631024956053630123156104811D
:1048F00083820484848513782B4313704B689B0751
:10490000FCD430BC704700BF000800407812012082
:104910000123024A03FA00F01061704700080040CA
:104920000123024A03FA00F0D060704700080040FB
:1049300070B400EB4003054D9B00EC182689B04293
:1049400004BFE950626070BC704700BF781201205C
:1049500070B5104D002400BF04EB440105EB81004D
:10496000E3B20289D2B29A4203D00134042CF3D1CB
:1049700070BD094B01265B69A6403342F5D055F85E
:1049800021301BB1406855F821309847024B5E61D9
:10499000EBE700BF7812012000080040014B586887
:1049A000F1F798BBC04800201FB50B4B5C68684608
:1049B000237A8DF80030ECF7F1FE9DF80030637437
:1049C000DDE902232074C4E906232046F1F782FBC7
:1049D000002004B010BD00BFC048002030B5214DFC
:1049E0006C68217AD4E9042385B06F298DF8001012
:1049F000CDE9022315D1134313D1E8232377227F76
:104A00009DF80030637732B9042B0FD801229A4009
:104A100012F01D0F11D12046F1F75CFB002005B00C
:104A200030BD6846ECF77AFD2077E8E7532B04D0D9
:104A300010D8A3F14E02022AEDD885F83830DDE90E
:104A400002230948C5E91023084BAB64F2F76AF961
:104A50000120E4E76F2BF0D0842BEED0592BDAD174
:104A6000EBE700BFC0480020F04800209D4904014A
:104A700010B50E4A0E4C012303FA00F092F8703183
:104A8000034382F870312388DB050ED4F5F7C4F9AF
:104A9000238843F480732380F5F7CEF9054B06484D
:104AA0001B68BDE810401B69184710BDD0420020AC
:104AB0005E130120503800205438002010B5174CE8
:104AC00094F8703113F0010122D1990722D45A07CA
:104AD00008D5042102224B4084F87031104B53F862
:104AE0002230984794F87031BBB10E4C2388DB0517
:104AF00013D4F5F791F9238843F480732380F5F7F5
:104B00009BF9094B09481B68BDE810401B69184711
:104B10000022E0E702210122DDE710BDD0420020A3
:104B2000107E04015E13012050380020543800200C
:104B3000024B002283F87021704700BFD042002052
:104B400010B50D4A0D4C012303FA00F013781843F9
:104B5000238810705B050ED4F5F75EF9238843F4C3
:104B600080632380F5F768F9054B06481B68BDE8AC
:104B700010401B69184710BD8E1401205E130120E0
:104B8000503800205438002070B51B4C61782278D2
:104B90000B460133DBB2032B28BF002322FA03F0BC
:104BA000C00724D5012199404A402270134A6370FE
:104BB00052F823502DB9124B4FF440421A8001F0A5
:104BC00027FBA8472378ABB10E4C23885B0511D493
:104BD000F5F722F9238843F480632380F5F72CF955
:104BE000094B0A481B68BDE870401B691847994289
:104BF000CFD1E7E770BD00BF8E1401201C7E0401F9
:104C0000EC3300205E13012050380020543800207F
:104C10000E0001400E0002400E0004400E00054050
:104C20000E0006400E0007400E0008400E0009402E
:104C30000500014005000240050004400500054054
:104C40000500064005000740050008400500094032
:104C50000400014004000240040004400400064037
:104C60000400054004000740040008400400094017
:104C7000060001400200024003000240140004400C
:104C800014000540140006402300014010000740B6
:104C900011000840120008401F000640260009408D
:104CA000240001400E05040602030915201410110A
:104CB000121F26241500034020000340F603F603CC
:104CC000F603020004000400080008000800700059
:104CD000800000010001400000020200000000000E
:104CE00053EC102BC3F30A512DE9F04140F2FD7053
:104CF0004E1E86421D4645D8A1F2FF30002835DB06
:104D0000332831DC284BC0F120084FF0FF3C03FA78
:104D100008F2A1F21F412CFA00FC10EE104A4CEAF6
:104D2000020C23FA01F24CEA020C23FA00FE04EA18
:104D30000C0605EA0E0724EA0C0256EA070425EAE7
:104D40000E030FD0002A73F100040BDA4FF4801524
:104D500005FA08F425FA01F10C43121925FA00F0BE
:104D600040EB030343EC102BBDE8F081002A73F104
:104D7000000303DB9FED080BBDE8F0819FED080BFE
:104D8000BDE8F0810029EFD10A4603F0004343EC6F
:104D9000102BE9E7AFF300800000000000000000E6
:104DA000000000000000F0BFFFFF0F005A636C20FE
:104DB000436F6D6D616E6420545820436F6E666959
:104DC000726D3A20737461747573203D20307825BC
:104DD0003032780D0A000000577269746520417402
:104DE0007472696275746520526573706F6E736555
:104DF0002072656365697665643A207374617475C1
:104E000073203D203078253032780D0A00000000F4
:104E1000417474726962757465206F706572617433
:104E2000696F6E20726573706F6E73652072656353
:104E300065697665643A20737461747573203D20EA
:104E40003078253032780D0A000000005A636C4437
:104E5000656661756C74526573706F6E73653A2028
:104E6000737461747573203D203078253032780D6D
:104E70000A0000BF38B5094B094D09221A70FA24FF
:104E80002B7803F01F03092B06D03220013C00F0E1
:104E9000CDFA14F0FF04F3D138BD00BF0200014188
:104EA0000100014138B50D4B0446007A93F80A51D0
:104EB00000F0D9F8EDB2A84205D1E3689847002088
:104EC000074B187038BD207A00F0AEF8F6F75CFF9B
:104ED0000028F2D0034B1C60F2E700BFC04800205E
:104EE000A7050120DC1501200D4B70B51C680D4B8A
:104EF000207A93F80A5100F097F80646207A00F0DD
:104F0000B2F8EDB2A84205D1E36898470020064BFD
:104F1000187070BD3046F6F737FF0028F4D0F6E77A
:104F2000DC150120C0480020A7050120014B00220C
:104F30001A707047A705012010B50A4C0278D4F802
:104F40006831184600F81C2F9B699847D4F8D83070
:104F5000C4F8683123B10220BDE81040FFF788BDD6
:104F600010BD00BFD042002010B500F1080420465B
:104F700002F04AFC21460D20BDE81040FBF7FEBFC1
:104F800038B50B4C204650F8D85F00F0C9FA094BF1
:104F9000C4F86431D5E90223C4E95623D5E90423D2
:104FA00004F1E000C4E95423BDE83840CAF7BABAB6
:104FB000D0420020394F040110B50146044607488D
:104FC00000F08AFA064BD3F8682132B9C3F8684179
:104FD0000220BDE81040FFF74BBD10BDA8430020E4
:104FE000D0420020034B0022C3F8D820C3F8682128
:104FF000704700BFD042002038B5094B094D092247
:105000001A70FA242B7803F01F03092B06D03220E4
:10501000013C00F00BFA14F0FF04F3D138BD00BFDF
:10502000020001410100014180B485B000AF034698
:10503000FB710323FB73FB79012B06D0022B07D0F6
:10504000002B08D11923FB7306E01623FB7303E042
:105050000323FB7300E000BFFB7B18461437BD46FB
:105060005DF8047B704720B101280CBF1620082092
:1050700070471920704780B485B000AF0346FB71BC
:105080000823FB73FB79162B07D0192B02D0082BB2
:1050900006D008E00023FB7305E00123FB7302E068
:1050A0000223FB7300BFFB7B18461437BD465DF837
:1050B000047B70472DE9F0418EB008AECDE90001C8
:1050C00017460021182230461D4602F0D7FD3A4609
:1050D000394632F810CF4FF6FF7348F2084E00BF42
:1050E00011F8010B082400BF80EA030818F0010F33
:1050F0004FEA530304F1FF3414BF83EA0E039BB25B
:1051000014F0FF044FEA5000EED19142E8D1DB43A6
:105110009BB29C4523D13A4612210AA8F6F7E6FA3B
:10512000D8B901238DF808306B4693E8030086E870
:10513000030002A80496FEF7DDFD9DF8183063B960
:105140000AAB03CB074A1060516003CB9060D1607B
:105150002046A8470EB0BDE8F0810220F9E7012003
:10516000F7E700BFC0140120F7B500F071F9254B37
:1051700093F80B2193F80B31D2B2012A08BF2249D0
:10518000044608BF0A7003F0FF05002B37D11F4B00
:105190001B7803F01F03082B8DF8073006D01C4B3B
:1051A00003221A700821012002F071FC194B1A78B1
:1051B00042F080021A701A781206FCD49DF807306B
:1051C000134E03F01F03082B17D009213170012063
:1051D000162702F05CFC00203770DCF79DFA394698
:1051E000012002F054FC0C4B1B7800F021F90CB1AB
:1051F00000F026F9284603B0F0BD3370F3E701252F
:10520000F5E700BFC0480020E7150120010001417B
:1052100002000141180001410F000141A0520401A8
:10522000010000003C0A01208C5204017452040168
:10523000685204015C520401050000008809012045
:105240004852040103000000010000000C000000AF
:10525000000000000000000000000000040000004A
:10526000000000000200000000000000FFFFFFFF40
:1052700040000000020000000000000000000800E4
:10528000FFFFFFFFFFFFFFFFFFFFFFFF0500000025
:105290000600000007000000000000000100000000
:1052A000DD3D0301613D0301A13D0301AD3D03016E
:1052B000B93D0301153D0301913C0301FD3C030190
:1052C000093D0301193C0301FD3A0301E4520401C5
:1052D000260000000000000000000000ADF1020107
:1052E000A1EF0201800000000000010000050201A2
:1052F0000001030800FF0401810000000304050011
:105300000306120002FF06028200000004FF0703EA
:1053100005FF08078300000006FF090407FF0807D0
:105320008400000008020A0508FF0B0509FF0C04B1
:105330000A020A050AFF0B050BFF0807850000009B
:105340000C030D060CFF0E030DFF0F000EFF0E03E6
:105350008600000001FF0E030FFF0E038700000010
:1053600010FF0602110611001105100811FF1100AF
:10537000880000000105000001FF120094530401A1
:10538000260000000000000000000000890B03015F
:10539000A5080301800000000100020801010F00C0
:1053A00001FF030181000000000204020003060067
:1053B00000FF05028200000002050003020601084A
:1053C000020405020207060002FF0B018300000031
:1053D000000807040009120000FF1200840000000A
:1053E000030A080503FF0108040B090704FF0C0466
:1053F00005FF09078500000006FF0A06070B0907DD
:1054000007FF0D0508FF09078600000009FF0108D6
:105410000A0B09070AFF0E060BFF090787000000A9
:105420000CFF1000880000000DFF1100F3F788B892
:10543000024B4FF08042C3F88021704700E100E04A
:10544000024B4FF080421A60704700BF00E100E05D
:10545000054B4FF08042C3F88020BFF34F8FBFF35E
:105460006F8F0120704700BF00E100E0704700BF70
:10547000704700BF704700BF704700BF704700BF54
:10548000704700BF704700BF704700BF704700BF44
:10549000074B4FF08042C3F88020BFF34F8FBFF31C
:1054A0006F8FA02183F81E13C3F880211A60704704
:1054B00000E100E004207047FEE700BF00207047D5
:1054C000704700BF704700BF704700BF704700BF04
:1054D000704700BF704700BF026808B58AB19142AB
:1054E00014D0134601E0994210D01B68002BFAD16A
:1054F0000B6000E01A461368002BFBD111600120FD
:1055000008BD03460A600120196008BD034B4FF433
:1055100000421A8000F06AFE002008BDEC33002033
:1055200003680BB11A68026018467047A1B103689E
:105530008B4213D0B3B11868814208BF184607D018
:1055400028B103688B4203D018460028F9D1704770
:105550000B68036001207047084670471B680360B2
:105560000120704718467047006848B1884202D150
:1055700005E0814203D000680028FAD1704701207D
:10558000704700BF882910B536D012DC812943D07E
:1055900003DC802940D0002010BD82290ED0842950
:1055A000F9D1196802B30A1D1A60B1F90020D317A6
:1055B0001EE0A0292BD00BDC9029ECD11968073113
:1055C00021F0070101F108021A60D1E900230FE080
:1055D000C02901D0F029DED11A68111D19601368A5
:1055E00003600023436005E00A1D1A600A88002357
:1055F000C0E900230120CFE7196822B10A1D1A6013
:1056000091F90020D3E70A1D1A600A78EFE71A68BB
:10561000111D19601268CAE719681AB10A1D1A60CB
:105620000A68C4E70C1D1C600B68C0E90032E1E7A2
:105630002DE9F041D2E900230C4686B007465FEA27
:10564000D37820684968A5680590E66841D0524241
:1056500063EB4303002908DB20F002000590B8F15A
:10566000000F02D1059948072AD5691E05A80290A6
:105670000A20CDE90010204600F0DCFDB8F1000F53
:1056800002D1059B59071FD5B8F1000F00F1FF307B
:1056900014BF2D232B2333542269059B0093013A19
:1056A0002B46121A3118384600F04CFC7B68DB059B
:1056B00003D563689842B8BF184606B0BDE8F081CC
:1056C0000807D2D42946D1E71A07E5D501382023A7
:1056D000E1E70029C0DAC5E7014B1860704700BF59
:1056E0000038002030B5204D096829604FF088450A
:1056F0001E4CD5F84011206085B001F47041B1F521
:10570000704F01921C461CD0D5F8403103F4704311
:10571000B3F5304F1ED0019961B10B1F01F5FE703A
:10572000C1F10401CA5843F8042F8342FAD1104B47
:1057300001AA9A60FAF7B0FD2046F7F735FF05B0E9
:1057400030BD0F230DEB03015A208DF80F30F7F712
:1057500079FFE0E70B230DF10F015A208DF80F3090
:10576000F7F770FFD7E700BF4C3800205038002013
:1057700000ED00E0DBF7BFBF034B93F8262060F39A
:10578000000283F82620704790300020024B93F8E7
:10579000260000F00100704790300020034B93F882
:1057A000262060F3041283F82620704790300020F2
:1057B000024B93F82600C0F3001070479030002091
:1057C000034B93F8262060F3410283F826207047AC
:1057D00090300020024B93F82600C0F34000704741
:1057E00090300020034B93F8262060F3451283F895
:1057F0002620704790300020024B93F82600C0F31B
:105800004010704790300020024B027883F8262029
:10581000704700BF9030002000F108034FF0FF31C7
:1058200000228160C0E90023C0E90333704700BF54
:1058300000230361704700BFD0E9002310B49C68C7
:105840008C609C684B600132616099605DF8044B2C
:1058500008610260704700BF30B40D686B1C11D046
:1058600000F1080200E01A4653681C68AC42FAD9FD
:1058700004684B60013499608A605160086104607B
:1058800030BC704702695368F2E700BF026910B488
:10589000D0E9011354688B608442596008BF53609B
:1058A00013685DF8044B013B002101611846136049
:1058B000704700BF0448022380F83830034BC363AD
:1058C0003030F1F72CBA00BFC0480020D158040195
:1058D000014B5868F0F7FEBBC048002070B51A4C69
:1058E000666800253574FEF74DFB367AD6B1EBF7C6
:1058F000C3FDF1F730FA04F10800F9F7B3F984F8C1
:10590000CD50F8F7EFFCF9F759FCF8F7DDFDF3F7A8
:1059100039F9E7F739FCF3F731FF6068F0F7DAFBA4
:10592000284670BDF9F74AFCF8F7CEFDF22384F85B
:10593000383004F13000054B84F84060A364F1F77F
:10594000F1F90120EDE700BFC0480020B55804017F
:10595000204C21482368214D9E6880B514220023E5
:105960000121B04723681E4F1B6B1B4E1C2128468C
:105970009847236829465B6B384698472368294631
:105980005B6B30469847FEF785FBF2F745FD2268D2
:105990001249936B081D4FF0FF3298476B683268CD
:1059A00093420ED0396822688B42F1D1936A0D4937
:1059B0000B4800229847AB68D3E900209047226843
:1059C000E6E723680448DB6800219847FEF77EFB82
:1059D0002268DDE750380020543800202C150120C3
:1059E0004C38002034150120185A0401180000001A
:1059F000000000000000000001B8030135B90301F8
:105A0000E5B80301D5B7030100000000C5B80301E4
:105A100000000000FF000000800000000000000403
:105A200000010001000200020003000300FF050066
:105A3000840000000104010401FF060003070800C0
:105A400003FF08008100000001FF020103090800B4
:105A500003FF0700820000000105030201FF0600AA
:105A6000030A080003FF0800830000000106040386
:105A700001FF060003FF080038B50546FFF7E8FC04
:105A80000D4B93F80B2193F80B31D2B2012A08BFCA
:105A90000A4903F0FF0408BF0A705BB92B7AAA7A9F
:105AA00003F1824303F580331A7008B1FFF7C8FC95
:105AB000204638BD0124F8E7C0480020E715012042
:105AC00038B50546FFF7C4FC0D4B93F80B2193F84E
:105AD0000B31D2B2012A08BF0A4903F0FF0408BF04
:105AE0000A705BB92B7A03F1824303F580331B788C
:105AF0006B7408B1FFF7A4FC204638BD0124F8E719
:105B0000C0480020E715012038B5094B094D09228E
:105B10001A70FA242B7803F01F03092B06D03220C9
:105B2000013CFFF783FC14F0FF04F3D138BD00BF44
:105B30000200014101000141074B93F80A31162B85
:105B400010B5044606D101F0EFF9044B1C60044B7C
:105B5000187010BD0020FAE7C0480020DC150120B5
:105B60005D0F012008B5064B064A1B6812781846DF
:105B700000F80C2F9B689847034B0020187008BD55
:105B8000DC150120D84900205D0F0120014B0022C7
:105B90001A7070475D0F012008B5CCF759FA00B9AB
:105BA00008BDBDE80840F7F7A7BB00BF08B5FFF781
:105BB000F3FF00B908BDBDE80840FBF707B900BF17
:105BC00010B50446FFF7E8FF30B92068D3F746FA6E
:105BD000F7F792FB48B910BDFBF7F8F82068D3F748
:105BE0003DFAF7F789FB0028F5D0BDE81040FBF738
:105BF00017B900BF08B5F7F77FFB00B908BDBDE8CE
:105C00000840FBF70DB900BFF2F75CBC08B5F2F72E
:105C1000BFFBBDE80840F2F7FFBB00BFFBF726B9AA
:105C200008B5194B9847194B9847EFF3108172B696
:105C3000174AD2F8883043F47003C2F88830BFF3B3
:105C40004F8FBFF36F8F01B962B6124A936823F08A
:105C5000010393601346DA6812F0010FFBD10D4B7C
:105C600024225A6001229A6001F0E6FC0A4B23F0DC
:105C70007F03074A9360094B9847094B9847094BA4
:105C8000984702F04BF8FEE7BBEF0301BBEF0301BF
:105C900000ED00E0002000410002000175690401F0
:105CA000BBEF0301BBEF030130B58BB00546C8F76E
:105CB000F5FF44F20300EAF7B1FBFDF7FDFF012316
:105CC0008DF810300E4CA5B10E4A106851686B4625
:105CD00003C39068D16803C36B4603CBA060E16047
:105CE00003CB2061616104A80694FEF703F80BB0B2
:105CF00030BD04F108012D20F7F778FCF3E700BF71
:105D0000342D01204C7D040110B5084C86B0FDF700
:105D1000D3FF0423214620208DF80030F7F766FCDE
:105D200068460294FDF7E6FF06B010BDE0140120BE
:105D300038B505460C46F4F72DFBD9F769FD054B40
:105D400005481D80054B0C221C801421BDE83840FD
:105D5000FEF74ABDBC13012010160120BE1301201E
:105D600030B5044685B00D46AC4201D905B030BD12
:105D700069462046EAF7BEFBD8B1BDF8021041B92A
:105D80004FF0200383F31188BFF36F8FBFF34F8F62
:105D9000FEE700222046D9F7EDFD10F0FD0F08D0F8
:105DA0004FF0200383F31188BFF36F8FBFF34F8F42
:105DB000FEE70134A4B2D7E72DE9F0411C4E1D4F98
:105DC00082B00023ADF80630F4F726F833889BB292
:105DD000ADF80630F4F730F83A88BDF806301A42CC
:105DE00022D0BDF80630144D012423401A4205F19B
:105DF00010080AD1043564004545A4B214D0BDF89A
:105E000006303A8823401A42F4D0F4F705F8338874
:105E1000634033800435F4F70FF855F8043C984795
:105E200064004545A4B2EAD102B0BDE8F08100BFEC
:105E300076120120EE250120DC7C04015A4F4E45EC
:105E400000000000202D3E41434547657450616EBF
:105E5000656C537461747573436F6D6D616E6449E5
:105E60006E642052656365697665640D0A00000002
:105E7000202D3E41434550616E656C5374617475CD
:105E8000734368616E676564436F6D6D616E642016
:105E900053656E740D0A0000202D3E4143455A6F34
:105EA0006E655374617475734368616E67656443AE
:105EB0006F6D6D616E642053656E740D0A0000BFD6
:105EC0001FB5FDF779FE0024FEF73AFBF5F730FF2A
:105ED000F1F736FEFFF75AFEFFF728F800F048FD0D
:105EE00000F0D4FE4E2368468DF800308DF808404F
:105EF000DAF7E2FD4F238DF80030114B68469B7FA7
:105F00008DF80830DAF7D8FD592368468DF800304F
:105F10008DF80840DAF7D0FD4FF6FF74502368463D
:105F20008DF80030ADF80840DAF7C6FD5323684617
:105F30008DF80030ADF80840DAF7BEFD04B010BDB2
:105F4000383100202DE9FF471D460C9B13F0010955
:105F500006468A46144601D195420BD82246514640
:105F6000304601F0D1FCA54204D82546284604B0AD
:105F7000BDE8F0872F1B102F3A464FF0200128BFB5
:105F800010226846B84601F079FE00BFB8F10F0F45
:105F900011D83B096FF00F0202FB037269463046CD
:105FA00001F0B2FCB9F1000FE0D122465146304673
:105FB00001F0AAFCDAE710226946304601F0A4FCA1
:105FC000A8F11008E2E700BF10B58CB00CAB089246
:105FD00006908DF81C1013E90F008DE80F0043F6B2
:105FE0000164ADF8104004AC94E80F00E8F74EFBF4
:105FF00000200CB010BD00BF10B58CB00CAB0892E7
:1060000006908DF81C1013E90F008DE80F0043F681
:106010000154ADF8104004AC94E80F00E8F736FBEB
:1060200000200CB010BD00BF08B5012209211420CA
:10603000DFF7CFF9024A034B826101229A8008BD43
:1060400051160401902E01204FF08843094A0A4856
:1060500030B40121094C0025C3F8B050C3F8B0405A
:10606000C3F8B0001164136C00BF00BF00BF00BFD5
:1060700030BC7047000A0044AA996655556699AA33
:10608000884205D9431ADBB2C82B88BF084670473F
:106090000B1ADBB2C82B98BF08467047D4E700BF85
:1060A00000B9D1E7704700BF08B501F091FD80B29B
:1060B00008BD00BF4FF6FF70704700BF4FF6FF707E
:1060C000704700BF38B5002303740379062B0546DB
:1060D00009D0072B10D02846002400F8104FEB6899
:1060E0009847204638BDFFF7C7FC0028F3D00128A9
:1060F00004BF034B1D60F5E7FFF7E2FCF5E700BFC7
:10610000DC15012010B50C4B1C682379062B09D037
:10611000072B0DD00123237404F11000E368984786
:10612000002004E02046FFF7A7FC0028F4D010BDB3
:106130002046FFF7C5FCF8E7DC150120704700BFDB
:10614000842910B523D00CDC812903D0822913D0F7
:1061500080290BD119680C1D1C600B6803601A6044
:1061600013E0902921D003DC882917D0002010BD2E
:10617000A029EFD0C029ECE719680C1D1C600B6842
:106180000360D1171046C3E900010120EFE7196849
:106190000C1D1C600B6803601A80F6E719680C1D63
:1061A0001C600B6803601A70EFE719680C1D1C6017
:1061B00009680160D317C1E90023E6E708B1014B84
:1061C00018607047E8330020054B064A06481288DD
:1061D0001B6842800122028003B11847704700BF4C
:1061E000E8330020EC330020F0330020054B064A52
:1061F000064812881B6842800222028003B11847B9
:10620000704700BFE8330020EC330020F03300205B
:10621000054B064A064812881B684280032202800A
:1062200003B11847704700BFE8330020EC3300206B
:10623000F03300202DE9F84F04460C9F6668D4F82F
:106240000CB0246910463A68013C002502F0020AAD
:106250000B9A0BF80450002E1946B8BF01260123F3
:1062600090464FEAE279002C03DCD3B12046BDE82A
:10627000F88F50EA010209D1721B002A06DC0A9A43
:10628000521B002AF1DDBAF1000FEED042464B4618
:1062900001F08EFA013C134630320BF80420013530
:1062A000E1E73B6823F010033B60DFE700000000FC
:1062B00000000000000000000000000000000000DE
:1062C00055E20001A9B100015DB1000109B1000171
:1062D000C1B000010000000000000000000000004C
:1062E0000000000059FA0001EDAE0001F9AC000118
:1062F0005A6967426565416C6C69616E63653039E6
:1063000091CA0001F9DA000131F10001B9BD0001C3
:10631000000000000000000000000000B9B700010C
:10632000F0B50C4649682368A768E56887B000297E
:106330000593A4BF23F00203059305AB0293082342
:10634000CDE900730646D2E900232046FFF772FF2D
:10635000059BD90642BF00F1FF3030232B54059B2B
:106360001A0742BF00F1FF3020232B542269059BFE
:106370000093013A3B46121A29183046FFF7E2FD16
:106380007368DB0503D563689842B8BF184607B049
:10639000F0BD7047FDF7FEB8FDF700B9FDF708B98D
:1063A00038B50446FDF7FAF8002C17DB63099B00AB
:1063B00003F1604303F5614301221D6804F01F04EB
:1063C000E54002FA04F41540C3F88040BFF34F8F54
:1063D000BFF36F8FFDF7ECF8284638BD0025FDF7B9
:1063E000E7F8284638BD00BF49B1002807DB044A5A
:1063F00000F01F01012340098B4042F82030704714
:1064000000E100E0704700BF10B50F4C237882B068
:106410000BB902B010BD0DF107011A20F7F7E6F82D
:106420000DF106013720F7F7E1F89DF80730022B50
:10643000EFD19DF80630002BEBD1044BA360201D5B
:10644000CBF7F6FBE5E700BF20150120056404014A
:10645000014B01221A70704720150120014B0022C8
:106460001A70704720150120014B1878704700BF43
:10647000201501200079C009704790F835000030E0
:1064800018BF0120704710B440F20374A0420AD133
:1064900089B9012A0FD10A4A5DF8044B02EBC10108
:1064A00018464A681047B0F5E06F04D119B9012ABF
:1064B00001D11146EFE700205DF8044B704700BFA3
:1064C0006C7D0401037F022B07D1C08B4FF6F7735D
:1064D00098428CBF00200120704713F1FF3018BF95
:1064E00001207047024B1B6800B918470120FCE7E8
:1064F0000016012030B1064B064A18600021012029
:10650000E7F7BAB9044B4FF450421A80FFF780BE48
:1065100000160120E5640401EC33002013B50446A5
:106520000DF107011A20F7F761F89DF8073053B114
:106530004CB1064B9B7833B1CCF7AEFD18B9EAF7F6
:10654000CFFE02B010BDEAF795FEFAE7A83C0020A6
:1065500010B50F4CC2B0D2F7BBFB237853B16268C1
:1065600042F21073801A984209D8002323706360A6
:1065700042B010BD01236060237042B010BD40F2F4
:10658000051301A90348ADF80430FEF769F9ECE7FB
:10659000C0150120743800200078012800D0704711
:1065A000FFF7BCBF002202490120FEF7C1B900BFBE
:1065B0005165040138B5054C226805461AB15121D0
:1065C000034801F001F8256038BD00BFB014012078
:1065D000C87E0401024B58601981DA60704700BF21
:1065E000B01401200FB430B50A4C85B008AA606819
:1065F00052F8043B039228B125681DB1009221890D
:10660000E268A8470023636005B0BDE8304004B0ED
:10661000704700BFB0140120FFFFFFFFFFFFFFFF27
:10662000000000000000000000000000000000006A
:1066300001000000FCFF0000000000000FFF000050
:10664000FDFF0000000000000FFF0000FFFF000042
:10665000000000000FFF000000000000000000002C
:106660000200000000000000000000000300000025
:1066700000000000000000000000000030B44FF0F7
:1066800088420948094B0A49082510245560846549
:106690008025A9224FF4007401201D635A615A60BD
:1066A0009C65486030BC7047002A0044002B0044C1
:1066B00000100044006A7047036B5A400A405A4079
:1066C00002637047006B7047816370474163704796
:1066D000C1637047816170474161704708B5FDF73C
:1066E0006BFDFCE700B583B00E4B019302230093D2
:1066F0004FF4006200230C490C48D2F7ADF8012892
:1067000000D0FEE70A4B0B49CDE900034FF480624D
:1067100000230948D2F7A0F803B05DF804EBD2F7E4
:106720007DBA00BF643800200C7D0401515904017A
:1067300068380020107D0401DD66040110B50A4CA4
:1067400023881B050ED4F3F767FB238843F400630B
:106750002380F3F771FB054B05481B68BDE810402B
:106760001B69184710BD00BF5E1301205038002080
:106770005438002010B5054C237833B90123237019
:10678000636803B198470023237010BDC81501202A
:10679000014B5860704700BFC8150120BC67040159
:1067A0001000000000000000000000006D05040162
:1067B000A5040401A1040401FF0000008000000002
:1067C00000FF01018100000002FF03030100027FBE
:1067D00001FF00028200000002FF030301FF060028
:1067E0008300000003FF05000401040404FF060009
:1067F0008400000003FF050004FF0600F0B59BB015
:1068000004460D46164600214C2207A81F4601F0FB
:1068100035FA4FF0FF33029303F20313039304B9E5
:1068200001ACCDE9044555B16A1E002D069208DA87
:10683000094B4F221A604FF0FF301BB0F0BD2A46C3
:10684000F3E71CBF002323703A46314602A8CDE986
:10685000074401F071F9F0E7241601204E5F436F01
:106860006E6E656374696F6E005374617274696EE5
:106870006720646973636F7665727920666F722032
:1068800075706461746564206E6574776F726B7384
:1068900000446973636F7665727920666F72207544
:1068A000706461746564206E6574776F726B7320B9
:1068B000636F6D706C6574656400704710B58CB063
:1068C0000CAB0690ADF81C108DF81E2013E90F00DC
:1068D0008DE80F0045F60174ADF8104004AC94E863
:1068E0000F00E7F7D3FE0CB010BD00BF08B50122C2
:1068F00040F202211420DEF76CFD044B01229A8045
:1069000008B1034BC361034B836108BDA82E01206E
:10691000BD6804015116040138B50546EBF702FEC7
:106920000446042808D8DFE800F003090703030041
:106930006B6905F10C009847204638BD014B1D607E
:10694000FAE700BFDC15012038B5084B1D68284662
:10695000EBF7E8FD044618B1C31EDBB2012B03D8E8
:106960006B6905F10C009847204638BDDC15012005
:10697000704700BF0E4A38B5002313600D4A0E4C15
:1069800013600E4A0E4D13600E4A13600E4A1360D8
:106990000E4A5362136101239360FFF78EFFFFF7E6
:1069A0008CFFAC4200D338BD54F8043B9847F8E75D
:1069B00020160120A0100120E00300019C100120FE
:1069C000E40300019410012098100120A41001207C
:1069D00030B50446C3B00C20FBF7FAF9A26823686F
:1069E00061688260042241608DF8042003600546DE
:1069F000607840B901A900220748CDF80550FDF79D
:106A000023FF43B030BDFBF7E3F96278A16801F0E2
:106A100077F8A860EEE700BF743800200148FEF761
:106A20005BBE00BFD169040110B58CB00CAB0892FD
:106A300006908DF81C1013E90F008DE80F0046F248
:106A40000144ADF8104004AC94E80F00E7F71EFED7
:106A50000CB010BD08B5012240F206411420DEF74B
:106A6000B8FC044B02229A8008B1034B4361034BEC
:106A7000836108BD702E0120296A040151160401AA
:106A800010B58CB00CAB089206908DF81C1013E971
:106A90000F008DE80F0046F60104ADF8104004AC7D
:106AA00094E80F00E7F7F2FD0CB010BD08B5012225
:106AB00040F205411420DEF78CFC044B02229A8040
:106AC00008B1034B4361034B836108BD782E01205D
:106AD000816A04015116040110B58CB00CAB089208
:106AE00006908DF81C1013E90F008DE80F0046F298
:106AF0000154ADF8104004AC94E80F00E7F7C6FD70
:106B00000CB010BD08B501224FF440711420DEF71F
:106B100060FC08B1034B4361034A044B82610322CA
:106B20009A8008BDD96A040151160401E0150120BC
:106B300010B58CB00CAB089206908DF81C1013E9C0
:106B40000F008DE80F0046F20114ADF8104004ACC0
:106B500094E80F00E7F79AFD0CB010BD08B50122CC
:106B600006211420DEF735FC044B02229A8008B17E
:106B7000034B4361034B836108BD00BF882E012096
:106B8000316B04015116040110B58CB00CAB0892A6
:106B900006908DF81C1013E90F008DE80F0046F2E7
:106BA0000134ADF8104004AC94E80F00E7F76EFD37
:106BB0000CB010BD08B501224FF480611420DEF73F
:106BC00008FC044B02229A8008B1034B4361034B3B
:106BD000836108BDB02E0120896B040151160401A8
:106BE00010B58CB00CAB089206908DF81C1013E910
:106BF0000F008DE80F0046F20124ADF8104004AC00
:106C000094E80F00E7F742FD0CB010BD08B5012273
:106C100008211420DEF7DDFB044B03229A8008B123
:106C2000034B4361034B836108BD00BFC02E0120AD
:106C3000E16B04015116040138B5012303730546C5
:106C4000FEF792FA044618B1012807D0204638BD55
:106C50002846AB6800F80C4F9847F7E7014B1D60DA
:106C6000F4E700BFDC15012038B5074B1D68284646
:106C7000FEF77AFA044620B92846AB6800F80C4FB4
:106C80009847204638BD00BFDC150120704700BF83
:106C90002DE9FF41134DD1F80080AF88ADF80C709D
:106CA00006462868029002ACA8798DF80E00002AEA
:106CB00018BF1446D1E901571A461BB9204600F007
:106CC0007BFF0246002D02DBAA4228BF2A46CDF8F0
:106CD00000803B4621463046FFF734F904B0BDE85A
:106CE000F08100BFC17E0401F0B50C4649682368FD
:106CF000A668E76887B000290593A4BF23F00203C4
:106D0000059305AB02930A23CDE900630546D2E95A
:106D100000232046FFF78EFA2269059B0093013A73
:106D20003346121A39182846FFF70CF96B68DB0551
:0E6D300003D563689842B8BF184607B0F0BD9F
:106D40005A4F4E450000000063616C6C6261636BDA
:106D500020746F20696E697469617465205A6F6E62
:106D60006520456E726F6C6C20526573706F6E7328
:106D7000650D0A005A636C436F6E6669726D3A2046
:106D8000737461747573203D203078253032780D2E
:106D90000A0000BF03040C4A43F08073136040F202
:106DA000011101390DD1536813F0800307D05368E6
:106DB000C3F3072383420ABF53680B461B0C1846D4
:106DC000704700BFEDE700BF003E0144054B41EABC
:106DD000004119605A681106FCD45A681206FCD5A5
:106DE000704700BF003E0144766172417267000047
:106DF0004D61785061794C6F61644C656E67746861
:106E00004578636565646564202D204D41585F5069
:106E100041594C4F41445F4C454E4754483A3830F5
:106E20000D0A0000756E6B6E6F776E20636F6D6D6F
:106E3000616E640D0A0000BF10B58CB00CAB0892F7
:106E400006908DF81C1013E90F008DE80F0046F234
:106E50000174ADF8104004AC94E80F00E7F716FC9D
:106E60000CB010BD08B5012240F202411420DEF73B
:106E7000B0FA08B1024B4361024B836108BD00BF09
:106E8000396E04015116040100140000C98B02017F
:106E9000011400003D8A0201021000000D8A020167
:106EA00003100000DD89020104100000AD89020119
:106EB0000514000015890201061400005188020122
:106EC00007140000D9870201091400008586020119
:106ED00008140000D585020100140000D5870301C5
:106EE00001140000C9880301021400005588030141
:106EF0000314000051870301041000001D870301E3
:106F000005100000D9860301001100008D860301E1
:106F1000011100005D860301021100002D860301AE
:106F200003110000FD85030138B5104B93F80B21C8
:106F300093F80B31D2B2012A08BF0D4903F0FF04C8
:106F400008BF0A7083B90B4B1C70F2F765FF8C21E8
:106F50000120FAF7B1F90546F2F76EFF15B12046A8
:106F6000F5F77AFE022000E0012038BDC04800207D
:106F7000E715012007000141F8B50F460178012906
:106F8000044616461D4605D000202774E66065615C
:106F90002070F8BD002300F8043BF7F763FEF3E729
:106FA000037803B17047012300F8043BF7F730BEC4
:106FB0000378012B00D07047002300F8043BF7F75B
:106FC00051BE00BF4FF0200383F31188BFF36F8FD2
:106FD000BFF34F8FFEE700BF4FF0200383F311880C
:106FE000BFF36F8FBFF34F8FFEE700BF00F0D0BA43
:106FF000704700BF00B583B000230193F2F70CFF88
:10700000019B002BFCD003B05DF804EBF2F714BF3A
:10701000C28D90F8343013B52B2A94BF0022012280
:1070200003F0FD0362F3C30361F3000380F834301F
:1070300004460DF107011A20F6F7D8FA9DF807303B
:10704000022B02D12046EEF773FF9DF80730012B8B
:1070500002D82046DEF758F802B010BD01F0004219
:107060008B1AA3F16051B1F5801F0ADBB1F17F6F7C
:1070700009D242EAC102C10071F1004142EB5070F5
:1070800070471046704701285B4113F5001F02D876
:1070900042F0FF407047C90041EA5070104340F48D
:1070A000800040F080407047C1F30A5340F21E4216
:1070B000D21A0EDD202A0AD8CB0243EA505040F003
:1070C0000040D04090EAE170B0EBE17070470020E2
:1070D00070474B00004218BF43F0010313F5001F37
:1070E00088BF21F0004111F0004058BF6FF0004010
:0270F0007047E7
:1070F400001100007900040101110000490004019D
:10710400021100001900040103110000E9FF03014A
:1071140004110000B9FF03010611000089FF0301F7
:107124004011000059FF03014111000029FF030130
:1071340042110000F9FE030100000000BB0D030131
:10714400BD0D0301790E0301650E0301000000006B
:10715400FF00000011B90301BDD20201B19E01017B
:1071640091D20101612A030191C20201790404014F
:10717400C5B2020141080301B9CD030129EF02019F
:107184009C7104010C0000000000000000000000DD
:1071940081CF0301E5CD030180000000000002005F
:1071A4000001070000FF0101810000000102030249
:1071B4000103050001FF040282000000020406002E
:1071C4000203050002FF040210B50278202A0346D8
:1071D40000F10100F9D0A2F109010429F5D92B2A03
:1071E40007D02D2A11D101210133013B00200A24AB
:1071F40003E00021F8E76043801A13F8012F303AC6
:10720400092AF8D901B9404210BD0021EDE7F0B5D3
:10721400002503462F4695422E4607D313F003025A
:1072240018BF0122181A02EB9000F0BD1C7834B18B
:1072340001F8014B01330135EDE70F55013493F8A3
:1072440001E0A64506EB040501EB040CF5DC023372
:107254006146E0E74E5F46736D0052656375727375
:107264006976652046534D206661696C7572652E9A
:10727400207461626C6553697A653D2568752C20BC
:1072840066726F6D53746174653D2568752C206555
:0972940076656E743D25687500F5
:1072A00003000000D0D1D2D3D4D5D6D7D8D9DADBD9
:1072B000DCDDDEDFC0C1C2C3C4C5C6C7C8C9CACB16
:1072C000CCCDCECF66B6900981E1EE3CA4206B6BAD
:1072D000861C02BB5A6967426565416C6C69616EC8
:1072E00063653039891A00F1824030B500F5B0305D
:1072F0004D1C0121A94004880139914024EA010470
:1073000093401C43A4B2048030BD00F1824000F5DC
:10731000B030891A0388013101208840013890403B
:107320001840104180B27047884210B40FD98B18B2
:1073300083420CD984183AB1224600BF13F8014D9C
:1073400002F8014D9942F9D15DF8044B7047002ACB
:10735000FAD00A44431E00BF11F8014B03F8014F55
:107360008A42F9D15DF8044B704700BF10B5054C57
:10737000227832B9044B13B10448AFF300800123E3
:10738000237010BD801301200000000000000000E9
:1073900008B5034B1BB103490348AFF3008008BD98
:1073A00000000000841301200000000030B583B00D
:1073B00000214FF208134FF08642ADF8041002206E
:1073C0001B6810600848984748B9074D4FF20C14E5
:1073D0002368022201A9284698470028F8D1BDF861
:1073E000040003B030BD00BF6032002070470A4B7C
:1073F00000201A4693F8CF1031B9D02303FB0020A8
:10740000012380F8CF3070470130052803F1D00305
:10741000F0D10020704700BF88FB0020002380F8D7
:10742000CF30704700B17230704700BF1F204D69E8
:1074300063726F6368697020000000001F20436F53
:107440006D62696E6564496E74657266616365003C
:107450000F20323031353039303100000F20616279
:1074600063646566676800005A6967626565204302
:107470006F6D62696E656420496E746572666163E2
:1074800065204170706C69636174696F6E20566528
:107490007273696F6E3A2000302E312E302E30001C
:1074A0000A0D0000024B586800230374EEF712BE69
:1074B000C0480020084808B543689B68002B0CBFF3
:1074C0000223012380F83830044BC3633030EFF7D8
:1074D00026FC012008BD00BFC0480020A57404019F
:1074E00030B50D4A002300BF12F8134024B902EB57
:1074F00043035B78184630BD01680D78A54209BF8B
:1075000002EB430301335B78013114BFDBB201604E
:107510000A2BE9D9EEE700BF147C04014FF4001CEC
:107520001CEB410F98BF1CEB430F11D851EA030C21
:1075300050EA4C0C5CEA020C0CD004D282428B4123
:10754000804101307047904299418041013070473D
:1075500000207047012070478D6D0301B95D040163
:10756000A5610301438C00016D310101D1F70001D8
:107570000000000031060401BD4A040100000000C3
:10758000894B040175670401000000000000000041
:1075900010B5E9F754F80446E3F7F2FD24B910B149
:1075A000FCF7E8FD40B910BDFCF7E4FD0028FAD077
:1075B000BDE81040E9F74CB80220BDE81040E3F701
:1075C000FBBD00BF704700BF08B5024B1B6803B18D
:1075D0009847FEE7F815012008B5044B1A681AB160
:1075E0004D210348FFF7F0FF186008BDF815012092
:1075F000AC7E0401014B00221A607047F81501208F
:107600000B4B1B8830B583B10A4A128801211A40FE
:10761000002300BF01FA03F51542DCB202D004706A
:10762000002030BD01330D2BF4D10120F9E700BF5C
:10763000D81501204E2E012070B50B480B4D4FF68A
:10764000FF76016821B9436813B9FEF7A2FE70BD49
:1076500083684268334000F10C0455F8233020461B
:10766000984704EB8000ECE72C690101687C040179
:107670004FF4001C1CEB410F98BF1CEB430F11D8BB
:1076800051EA030C50EA4C0C5CEA020C0AD004D21A
:1076900082428B41804140427047904299418041F3
:1076A00040427047002070474FF4001C1CEB410F14
:1076B00098BF1CEB430F11D851EA030C50EA4C0C55
:1076C0005CEA020C0AD004D29042994180414042C7
:1076D000704782428B418041404270470020704792
:1076E0005A69676265652044657669636520496EFD
:1076F000697469616C697A65643A205479706520AF
:1077000048656C7020666F7220436F6D6D616E64AA
:10771000730D0A00014BD3F8BC301847C048002055
:10772000064AC2F8BC10064A92F823202AB902225F
:107730000272044AC260EFF7F2BA0847C04800205C
:10774000383100201577040138B5064C054625EA86
:10775000E5752046F7F786FAA5602046BDE8384073
:10776000F7F756BA042E012008B5F7F797FA08BDC7
:1077700070470148F7F776BA042E01204FF4001C39
:107780001CEB410F98BF1CEB430F0CD850EA410C87
:1077900008BF52EA430C08D0904208BF99420CBF80
:0E77A000012000207047002070470120704734
:1077B00053B94AB9002908BF00281CBF4FF0FF3158
:1077C0004FF0FF3000F090BBADF1080C6DE904CE36
:1077D000F4F780FDDDF804E0DDE9022304B0704732
:1077E000037A012B07B5D0E900010AD1C6F762FE82
:1077F0000190BDF80400C043C0F3C03003B05DF891
:0E78000004FBC6F7D3FFF3E70121C7F727B853
:1078100000B553EC112B83B051EC100B8DED002B08
:10782000FBF7C8FC9DED002B53EC122BF6F728FB61
:1078300041EC100B03B05DF804FB00BF802910DBA6
:10784000812901DD83290CD11368073323F0070355
:1078500003F108011160D3E90023C0E900230120EE
:107860007047002070474E5F5461736B004576652A
:107870006E7420256875206F66207461736B2025F7
:0F7880006875206E6F742068616E646C656400BB
:10789000411400004509040142140000FD080401E0
:1078A00040110000A1080401411100005508040125
:1078B00042110000F507040110B5084B5C68207AFE
:1078C0002074F6F7EBFD002814BF0023E7232046C1
:1078D0006374EEF7FFFB002010BD00BFC04800201E
:1078E00030B57AB101380A4410F8013F0D4633B182
:1078F00011F8014B1CB1914201D0A342F4D02A7877
:10790000981A30BD1046FCE738B50569954228BF86
:10791000154604465DB12A46406900F0F1F86369F6
:1079200022692B44551B0022636125611A7038BD02
:1079300008B501224FF401711420DDF74AFD034A16
:10794000034B826101229A8008BD00BF51160401D9
:10795000802E0120014B1868F8F7B2BEF0410020DC
:10796000034B1868034B03620830F3F761BE00BF96
:10797000F041002055790401040508090A0B0C0D9B
:107980000E10111213141516171920212223242565
:0A799000262728292A2B2C2D2E2F44
:10799C00064B10B408200124202180225C6358631C
:1079AC005DF8044B59639A63704700BF002B004489
:1079BC0000000000618F030101140000118D030110
:1079CC0040000000DD8E030100110000C58C030196
:1079DC004E5F436F6E6E656374696F6E5F52656365
:1079EC006F6E6E65637448616E646C6572004E5F99
:1079FC0053656375726974795F43616C63004C699C
:107A0C00622E41746D656C2E44657600027C072AEB
:107A1C000AD80123934013F0BB0F03D15B0703D5A6
:107A2C00FDF79CBAF3F797BA704710B50023934251
:107A3C0006D113F0030018BF012000EB930010BD1A
:107A4C00C45CCC540133F2E74E5F446576696365E0
:107A5C00496E666F005A425F56362E302E305F33B9
:107A6C002E315F50004E5F536563757269747900F7
:107A7C004B65794269744D61736B2C3078253034C9
:107A8C00580000F1824082B000F58030037803F09A
:0E7A9C001F038B428DF80730F8D102B07047FF
:107AAC0061790401D993020119970201BD97020172
:107ABC00A1940201D595020100000000030300000F
:107ACC005B25010149370101AD1C0101C52A0101EA
:107ADC00114301017B07010130B501390024A24299
:107AEC0006D0035D01340D5DAB42F8D0581B00E0AD
:107AFC00002030BD5AB110B40A44431E11F8014B9A
:107B0C0003F8014F9142F9D15DF8044B704770476F
:107B1C0050B140F21D42B0FA80F1521A8840C30AAB
:107B2C00400503EB025170470100704713B5044642
:107B3C00019201AAF2F7A4FA636813F0100F18BFB0
:107B4C004FF0FF3002B010BD08B5FCF7EBFFF5F7B6
:107B5C0031FBFDF741FAF3F747FBBDE80840F1F7BD
:027B6C0093BBC9
:107B7000FEE700BFFEE700BFFEE700BFFEE700BF75
:107B8000FEE700BFFEE700BF0203020201010101A0
:107B900001020201020202010203020102030202C7
:107BA000295E0301955B0301000000000000000056
:107BB00000000000FF00000003783BB1034600BF57
:107BC00013F8012F002AFBD1181A70471846704786
:107BD000034B04481A68504301301860400C70474A
:107BE0001C1601202D7F954C4E5F456E64446576D2
:107BF000696365526F627573746E6573730010B557
:107C00000023C25CCC5CA24202D10133002AF8D12D
:107C1000101B10BD68076C094C836A9074A07AC071
:0A7C20000080688800846C820081F7
:107C2C000140024003400440054006400740084024
:107C3C00094000BF776C5064735479706573436F5F
:107C4C006E766572746572004E5F5061636B65741D
:107C5C004469737472696275746F7200CB7C040131
:107C6C00377A0401E57E0401E57E040113720401F8
:107C7C0032B1C9B20244034603F8011B9342FBD153
:107C8C00704700BF034600BF11F8012B184603F8DC
:107C9C00012B002AF8D170474E5F436F6E6E6563FF
:0B7CAC0074696F6E436F6D6D6F6E00AA
:107CB80008B5E1F7F2FDF1F701FDBDE80840F8F776
:107CC80065BD0A440023914201D10020704701F8A4
:107CD800013BF8E7B5EB03018D1B04010000000030
:107CE8000000000000110000F95F0401011100000C
:107CF800C95F040101150000618003010011000043
:107D0800117F03015A4742004150505F5461736B21
:107D1800730000BF08B50020FAF738FDFEF7DEFC57
:107D2800FCE700BF1F1F1C1C18181414141414148B
:107D3800141414145A6967426565416C6C69616E64
:107D4800636530395A6967426565416C6C69616E73
:107D5800636530395A6967426565416C6C69616E63
:107D680063653039030700007564040100070000EB
:107D78007B640401FFFFFFFFFFFFFFFF000000001F
:107D8800000000004E5F4C696E6B496E6974696152
:107D9800746F72005A6967426565416C6C69616EFF
:107DA80063653039494E4600696E66004E414E00A3
:107DB8006E616E00494E4600696E66004E414E0087
:107DC8006E616E00A0F14103192B98BF40F02000AE
:107DD8007047A0F16103192B98BF00F05F0070474E
:107DE8004E5F436F6E6E656374696F6E004E5F4CD5
:0A7DF800696E6B54617267657400D8
:107E0400F4F740B9D3F72EBB704700BF01D203018A
:107E14005D920301814F040179B601017D1C0201C9
:107E2400913C0401014B0138186070471C16012075
:107E340013460A466FF00041FEF7DEBC10B5044657
:107E4400FFF724FF204610BD4E5F496E74657250E3
:107E5400616E004E5F42696E64696E67004E5F4DED
:067E6400656D6F727900EC
:107E6C0062635064730000BF001000000934040109
:107E7C000C0CDC070000000045727248000000BFCB
:107E8C004E5F526164696F004E5F54696D6572009C
:107E9C0083F00043F5F7EEBF286E696C29002500CE
:107EAC004E5F457272480000020103020302FFD7C5
:107EBC0087380C0400286E756C6C29004E5F4C6F73
:0E7ECC0067004E5F5A6470004E5F436D6900A0
:107EDC00000000000004081000207047704700BF2D
:00000001FF
